task,design_label,disorder_strength,seed,score_mode,worst_weight,train_points_per_axis,train_net_points,base_train_points,hard_points_requested,hard_points_used,eval_points_per_axis,eval_net_points,final_fidelity,pulse_energy,shifted_selected_fraction,design_seconds
Z,coarse,0.0,10,max_net,0.25,7,335,335,256,0,13,2145,0.9991984733239592,4.4275,0.1111111111111111,22.094228454167023
Z,coarse,0.0,11,max_net,0.25,7,335,335,256,0,13,2145,0.9991984733239592,4.4275,0.1111111111111111,22.094228454167023
Z,coarse,0.0,12,max_net,0.25,7,335,335,256,0,13,2145,0.9991984733239592,4.4275,0.1111111111111111,22.094228454167023
Z,coarse,0.0,13,max_net,0.25,7,335,335,256,0,13,2145,0.9991984733239592,4.4275,0.1111111111111111,22.094228454167023
Z,coarse,0.0,14,max_net,0.25,7,335,335,256,0,13,2145,0.9991984733239592,4.4275,0.1111111111111111,22.094228454167023
Z,coarse,0.0,15,max_net,0.25,7,335,335,256,0,13,2145,0.9991984733239592,4.4275,0.1111111111111111,22.094228454167023
Z,coarse,0.0,16,max_net,0.25,7,335,335,256,0,13,2145,0.9991984733239592,4.4275,0.1111111111111111,22.094228454167023
Z,coarse,0.0,17,max_net,0.25,7,335,335,256,0,13,2145,0.9991984733239592,4.4275,0.1111111111111111,22.094228454167023
Z,coarse,0.0,18,max_net,0.25,7,335,335,256,0,13,2145,0.9991984733239592,4.4275,0.1111111111111111,22.094228454167023
Z,coarse,0.0,19,max_net,0.25,7,335,335,256,0,13,2145,0.9991984733239592,4.4275,0.1111111111111111,22.094228454167023
Z,coarse,0.0,20,max_net,0.25,7,335,335,256,0,13,2145,0.9991984733239592,4.4275,0.1111111111111111,22.094228454167023
Z,coarse,0.0,21,max_net,0.25,7,335,335,256,0,13,2145,0.9991984733239592,4.4275,0.1111111111111111,22.094228454167023
Z,coarse,0.0,22,max_net,0.25,7,335,335,256,0,13,2145,0.9991984733239592,4.4275,0.1111111111111111,22.094228454167023
Z,coarse,0.0,23,max_net,0.25,7,335,335,256,0,13,2145,0.9991984733239592,4.4275,0.1111111111111111,22.094228454167023
Z,coarse,0.0,24,max_net,0.25,7,335,335,256,0,13,2145,0.9991984733239592,4.4275,0.1111111111111111,22.094228454167023
Z,coarse,0.0,25,max_net,0.25,7,335,335,256,0,13,2145,0.9991984733239592,4.4275,0.1111111111111111,22.094228454167023
Z,coarse,0.0,26,max_net,0.25,7,335,335,256,0,13,2145,0.9991984733239592,4.4275,0.1111111111111111,22.094228454167023
Z,coarse,0.0,27,max_net,0.25,7,335,335,256,0,13,2145,0.9991984733239592,4.4275,0.1111111111111111,22.094228454167023
Z,coarse,0.0,28,max_net,0.25,7,335,335,256,0,13,2145,0.9991984733239592,4.4275,0.1111111111111111,22.094228454167023
Z,coarse,0.0,29,max_net,0.25,7,335,335,256,0,13,2145,0.9991984733239592,4.4275,0.1111111111111111,22.094228454167023
Z,coarse,0.0,30,max_net,0.25,7,335,335,256,0,13,2145,0.9991984733239592,4.4275,0.1111111111111111,22.094228454167023
Z,coarse,0.0,31,max_net,0.25,7,335,335,256,0,13,2145,0.9991984733239592,4.4275,0.1111111111111111,22.094228454167023
Z,coarse,0.0,32,max_net,0.25,7,335,335,256,0,13,2145,0.9991984733239592,4.4275,0.1111111111111111,22.094228454167023
Z,coarse,0.0,33,max_net,0.25,7,335,335,256,0,13,2145,0.9991984733239592,4.4275,0.1111111111111111,22.094228454167023
Z,coarse,0.0,34,max_net,0.25,7,335,335,256,0,13,2145,0.9991984733239592,4.4275,0.1111111111111111,22.094228454167023
Z,coarse,0.0,35,max_net,0.25,7,335,335,256,0,13,2145,0.9991984733239592,4.4275,0.1111111111111111,22.094228454167023
Z,coarse,0.0,36,max_net,0.25,7,335,335,256,0,13,2145,0.9991984733239592,4.4275,0.1111111111111111,22.094228454167023
Z,coarse,0.0,37,max_net,0.25,7,335,335,256,0,13,2145,0.9991984733239592,4.4275,0.1111111111111111,22.094228454167023
Z,coarse,0.0,38,max_net,0.25,7,335,335,256,0,13,2145,0.9991984733239592,4.4275,0.1111111111111111,22.094228454167023
Z,coarse,0.0,39,max_net,0.25,7,335,335,256,0,13,2145,0.9991984733239592,4.4275,0.1111111111111111,22.094228454167023
Z,coarse,0.0,40,max_net,0.25,7,335,335,256,0,13,2145,0.9991984733239592,4.4275,0.1111111111111111,22.094228454167023
Z,coarse,0.0,41,max_net,0.25,7,335,335,256,0,13,2145,0.9991984733239592,4.4275,0.1111111111111111,22.094228454167023
Z,coarse,0.0,42,max_net,0.25,7,335,335,256,0,13,2145,0.9991984733239592,4.4275,0.1111111111111111,22.094228454167023
Z,coarse,0.0,43,max_net,0.25,7,335,335,256,0,13,2145,0.9991984733239592,4.4275,0.1111111111111111,22.094228454167023
Z,coarse,0.0,44,max_net,0.25,7,335,335,256,0,13,2145,0.9991984733239592,4.4275,0.1111111111111111,22.094228454167023
Z,coarse,0.0,45,max_net,0.25,7,335,335,256,0,13,2145,0.9991984733239592,4.4275,0.1111111111111111,22.094228454167023
Z,coarse,0.0,46,max_net,0.25,7,335,335,256,0,13,2145,0.9991984733239592,4.4275,0.1111111111111111,22.094228454167023
Z,coarse,0.0,47,max_net,0.25,7,335,335,256,0,13,2145,0.9991984733239592,4.4275,0.1111111111111111,22.094228454167023
Z,coarse,0.0,48,max_net,0.25,7,335,335,256,0,13,2145,0.9991984733239592,4.4275,0.1111111111111111,22.094228454167023
Z,coarse,0.0,49,max_net,0.25,7,335,335,256,0,13,2145,0.9991984733239592,4.4275,0.1111111111111111,22.094228454167023
Z,coarse,0.0,50,max_net,0.25,7,335,335,256,0,13,2145,0.9991984733239592,4.4275,0.1111111111111111,22.094228454167023
Z,coarse,0.0,51,max_net,0.25,7,335,335,256,0,13,2145,0.9991984733239592,4.4275,0.1111111111111111,22.094228454167023
Z,coarse,0.0,52,max_net,0.25,7,335,335,256,0,13,2145,0.9991984733239592,4.4275,0.1111111111111111,22.094228454167023
Z,coarse,0.0,53,max_net,0.25,7,335,335,256,0,13,2145,0.9991984733239592,4.4275,0.1111111111111111,22.094228454167023
Z,coarse,0.0,54,max_net,0.25,7,335,335,256,0,13,2145,0.9991984733239592,4.4275,0.1111111111111111,22.094228454167023
Z,coarse,0.0,55,max_net,0.25,7,335,335,256,0,13,2145,0.9991984733239592,4.4275,0.1111111111111111,22.094228454167023
Z,coarse,0.0,56,max_net,0.25,7,335,335,256,0,13,2145,0.9991984733239592,4.4275,0.1111111111111111,22.094228454167023
Z,coarse,0.0,57,max_net,0.25,7,335,335,256,0,13,2145,0.9991984733239592,4.4275,0.1111111111111111,22.094228454167023
Z,coarse,0.0,58,max_net,0.25,7,335,335,256,0,13,2145,0.9991984733239592,4.4275,0.1111111111111111,22.094228454167023
Z,coarse,0.0,59,max_net,0.25,7,335,335,256,0,13,2145,0.9991984733239592,4.4275,0.1111111111111111,22.094228454167023
Z,coarse,0.02,10,max_net,0.25,7,335,335,256,0,13,2145,0.9989585229899898,4.4275,0.1111111111111111,22.094228454167023
Z,coarse,0.02,11,max_net,0.25,7,335,335,256,0,13,2145,0.99917256856491,4.4275,0.1111111111111111,22.094228454167023
Z,coarse,0.02,12,max_net,0.25,7,335,335,256,0,13,2145,0.9992007021969098,4.4275,0.1111111111111111,22.094228454167023
Z,coarse,0.02,13,max_net,0.25,7,335,335,256,0,13,2145,0.9988839078386655,4.4275,0.1111111111111111,22.094228454167023
Z,coarse,0.02,14,max_net,0.25,7,335,335,256,0,13,2145,0.9991948787872611,4.4275,0.1111111111111111,22.094228454167023
Z,coarse,0.02,15,max_net,0.25,7,335,335,256,0,13,2145,0.9988725073570957,4.4275,0.1111111111111111,22.094228454167023
Z,coarse,0.02,16,max_net,0.25,7,335,335,256,0,13,2145,0.9991363209515468,4.4275,0.1111111111111111,22.094228454167023
Z,coarse,0.02,17,max_net,0.25,7,335,335,256,0,13,2145,0.9991784789080962,4.4275,0.1111111111111111,22.094228454167023
Z,coarse,0.02,18,max_net,0.25,7,335,335,256,0,13,2145,0.9987622035300439,4.4275,0.1111111111111111,22.094228454167023
Z,coarse,0.02,19,max_net,0.25,7,335,335,256,0,13,2145,0.999250524244008,4.4275,0.1111111111111111,22.094228454167023
Z,coarse,0.02,20,max_net,0.25,7,335,335,256,0,13,2145,0.999166064301825,4.4275,0.1111111111111111,22.094228454167023
Z,coarse,0.02,21,max_net,0.25,7,335,335,256,0,13,2145,0.9991416631401876,4.4275,0.1111111111111111,22.094228454167023
Z,coarse,0.02,22,max_net,0.25,7,335,335,256,0,13,2145,0.9989743947243444,4.4275,0.1111111111111111,22.094228454167023
Z,coarse,0.02,23,max_net,0.25,7,335,335,256,0,13,2145,0.9991275983451413,4.4275,0.1111111111111111,22.094228454167023
Z,coarse,0.02,24,max_net,0.25,7,335,335,256,0,13,2145,0.9992018844763653,4.4275,0.1111111111111111,22.094228454167023
Z,coarse,0.02,25,max_net,0.25,7,335,335,256,0,13,2145,0.9992121943897689,4.4275,0.1111111111111111,22.094228454167023
Z,coarse,0.02,26,max_net,0.25,7,335,335,256,0,13,2145,0.9988035954737166,4.4275,0.1111111111111111,22.094228454167023
Z,coarse,0.02,27,max_net,0.25,7,335,335,256,0,13,2145,0.9990271363020408,4.4275,0.1111111111111111,22.094228454167023
Z,coarse,0.02,28,max_net,0.25,7,335,335,256,0,13,2145,0.9990273596045771,4.4275,0.1111111111111111,22.094228454167023
Z,coarse,0.02,29,max_net,0.25,7,335,335,256,0,13,2145,0.9990172658997241,4.4275,0.1111111111111111,22.094228454167023
Z,coarse,0.02,30,max_net,0.25,7,335,335,256,0,13,2145,0.9991813035409035,4.4275,0.1111111111111111,22.094228454167023
Z,coarse,0.02,31,max_net,0.25,7,335,335,256,0,13,2145,0.9990981520939863,4.4275,0.1111111111111111,22.094228454167023
Z,coarse,0.02,32,max_net,0.25,7,335,335,256,0,13,2145,0.9991380560049159,4.4275,0.1111111111111111,22.094228454167023
Z,coarse,0.02,33,max_net,0.25,7,335,335,256,0,13,2145,0.9987728074550883,4.4275,0.1111111111111111,22.094228454167023
Z,coarse,0.02,34,max_net,0.25,7,335,335,256,0,13,2145,0.9987535746688945,4.4275,0.1111111111111111,22.094228454167023
Z,coarse,0.02,35,max_net,0.25,7,335,335,256,0,13,2145,0.9991483610378307,4.4275,0.1111111111111111,22.094228454167023
Z,coarse,0.02,36,max_net,0.25,7,335,335,256,0,13,2145,0.9989564317078443,4.4275,0.1111111111111111,22.094228454167023
Z,coarse,0.02,37,max_net,0.25,7,335,335,256,0,13,2145,0.9992203362526038,4.4275,0.1111111111111111,22.094228454167023
Z,coarse,0.02,38,max_net,0.25,7,335,335,256,0,13,2145,0.9990453751825269,4.4275,0.1111111111111111,22.094228454167023
Z,coarse,0.02,39,max_net,0.25,7,335,335,256,0,13,2145,0.9991999959608061,4.4275,0.1111111111111111,22.094228454167023
Z,coarse,0.02,40,max_net,0.25,7,335,335,256,0,13,2145,0.9989471346488952,4.4275,0.1111111111111111,22.094228454167023
Z,coarse,0.02,41,max_net,0.25,7,335,335,256,0,13,2145,0.9990671465653977,4.4275,0.1111111111111111,22.094228454167023
Z,coarse,0.02,42,max_net,0.25,7,335,335,256,0,13,2145,0.9987589303870285,4.4275,0.1111111111111111,22.094228454167023
Z,coarse,0.02,43,max_net,0.25,7,335,335,256,0,13,2145,0.999157792562867,4.4275,0.1111111111111111,22.094228454167023
Z,coarse,0.02,44,max_net,0.25,7,335,335,256,0,13,2145,0.9990327699649386,4.4275,0.1111111111111111,22.094228454167023
Z,coarse,0.02,45,max_net,0.25,7,335,335,256,0,13,2145,0.9988307886222674,4.4275,0.1111111111111111,22.094228454167023
Z,coarse,0.02,46,max_net,0.25,7,335,335,256,0,13,2145,0.9992018634706441,4.4275,0.1111111111111111,22.094228454167023
Z,coarse,0.02,47,max_net,0.25,7,335,335,256,0,13,2145,0.9990614343574638,4.4275,0.1111111111111111,22.094228454167023
Z,coarse,0.02,48,max_net,0.25,7,335,335,256,0,13,2145,0.9992468809232637,4.4275,0.1111111111111111,22.094228454167023
Z,coarse,0.02,49,max_net,0.25,7,335,335,256,0,13,2145,0.9991870252986171,4.4275,0.1111111111111111,22.094228454167023
Z,coarse,0.02,50,max_net,0.25,7,335,335,256,0,13,2145,0.9987826998010758,4.4275,0.1111111111111111,22.094228454167023
Z,coarse,0.02,51,max_net,0.25,7,335,335,256,0,13,2145,0.9988524247001761,4.4275,0.1111111111111111,22.094228454167023
Z,coarse,0.02,52,max_net,0.25,7,335,335,256,0,13,2145,0.9990786764453319,4.4275,0.1111111111111111,22.094228454167023
Z,coarse,0.02,53,max_net,0.25,7,335,335,256,0,13,2145,0.9987290271654322,4.4275,0.1111111111111111,22.094228454167023
Z,coarse,0.02,54,max_net,0.25,7,335,335,256,0,13,2145,0.9989318092297017,4.4275,0.1111111111111111,22.094228454167023
Z,coarse,0.02,55,max_net,0.25,7,335,335,256,0,13,2145,0.9989755691747062,4.4275,0.1111111111111111,22.094228454167023
Z,coarse,0.02,56,max_net,0.25,7,335,335,256,0,13,2145,0.9990090787995981,4.4275,0.1111111111111111,22.094228454167023
Z,coarse,0.02,57,max_net,0.25,7,335,335,256,0,13,2145,0.9989654201872626,4.4275,0.1111111111111111,22.094228454167023
Z,coarse,0.02,58,max_net,0.25,7,335,335,256,0,13,2145,0.9990739104958877,4.4275,0.1111111111111111,22.094228454167023
Z,coarse,0.02,59,max_net,0.25,7,335,335,256,0,13,2145,0.9991756825179954,4.4275,0.1111111111111111,22.094228454167023
Z,coarse,0.05,10,max_net,0.25,7,335,335,256,0,13,2145,0.9978545900584022,4.4275,0.1111111111111111,22.094228454167023
Z,coarse,0.05,11,max_net,0.25,7,335,335,256,0,13,2145,0.9989032414243141,4.4275,0.1111111111111111,22.094228454167023
Z,coarse,0.05,12,max_net,0.25,7,335,335,256,0,13,2145,0.998996203270422,4.4275,0.1111111111111111,22.094228454167023
Z,coarse,0.05,13,max_net,0.25,7,335,335,256,0,13,2145,0.9977721141473634,4.4275,0.1111111111111111,22.094228454167023
Z,coarse,0.05,14,max_net,0.25,7,335,335,256,0,13,2145,0.9990768352054371,4.4275,0.1111111111111111,22.094228454167023
Z,coarse,0.05,15,max_net,0.25,7,335,335,256,0,13,2145,0.9977278286666832,4.4275,0.1111111111111111,22.094228454167023
Z,coarse,0.05,16,max_net,0.25,7,335,335,256,0,13,2145,0.9989427939252861,4.4275,0.1111111111111111,22.094228454167023
Z,coarse,0.05,17,max_net,0.25,7,335,335,256,0,13,2145,0.9986019688213023,4.4275,0.1111111111111111,22.094228454167023
Z,coarse,0.05,18,max_net,0.25,7,335,335,256,0,13,2145,0.9972211632141931,4.4275,0.1111111111111111,22.094228454167023
Z,coarse,0.05,19,max_net,0.25,7,335,335,256,0,13,2145,0.9992130884984747,4.4275,0.1111111111111111,22.094228454167023
Z,coarse,0.05,20,max_net,0.25,7,335,335,256,0,13,2145,0.9989821449888615,4.4275,0.1111111111111111,22.094228454167023
Z,coarse,0.05,21,max_net,0.25,7,335,335,256,0,13,2145,0.9981043575061004,4.4275,0.1111111111111111,22.094228454167023
Z,coarse,0.05,22,max_net,0.25,7,335,335,256,0,13,2145,0.99795164944189,4.4275,0.1111111111111111,22.094228454167023
Z,coarse,0.05,23,max_net,0.25,7,335,335,256,0,13,2145,0.9983765014526149,4.4275,0.1111111111111111,22.094228454167023
Z,coarse,0.05,24,max_net,0.25,7,335,335,256,0,13,2145,0.9987143701111414,4.4275,0.1111111111111111,22.094228454167023
Z,coarse,0.05,25,max_net,0.25,7,335,335,256,0,13,2145,0.9988448772676113,4.4275,0.1111111111111111,22.094228454167023
Z,coarse,0.05,26,max_net,0.25,7,335,335,256,0,13,2145,0.9974374048104043,4.4275,0.1111111111111111,22.094228454167023
Z,coarse,0.05,27,max_net,0.25,7,335,335,256,0,13,2145,0.9980574220435201,4.4275,0.1111111111111111,22.094228454167023
Z,coarse,0.05,28,max_net,0.25,7,335,335,256,0,13,2145,0.9980705083687385,4.4275,0.1111111111111111,22.094228454167023
Z,coarse,0.05,29,max_net,0.25,7,335,335,256,0,13,2145,0.9978867680472976,4.4275,0.1111111111111111,22.094228454167023
Z,coarse,0.05,30,max_net,0.25,7,335,335,256,0,13,2145,0.9985353929069969,4.4275,0.1111111111111111,22.094228454167023
Z,coarse,0.05,31,max_net,0.25,7,335,335,256,0,13,2145,0.9987980318571703,4.4275,0.1111111111111111,22.094228454167023
Z,coarse,0.05,32,max_net,0.25,7,335,335,256,0,13,2145,0.9983275253357552,4.4275,0.1111111111111111,22.094228454167023
Z,coarse,0.05,33,max_net,0.25,7,335,335,256,0,13,2145,0.9971577361597399,4.4275,0.1111111111111111,22.094228454167023
Z,coarse,0.05,34,max_net,0.25,7,335,335,256,0,13,2145,0.9970896917510812,4.4275,0.1111111111111111,22.094228454167023
Z,coarse,0.05,35,max_net,0.25,7,335,335,256,0,13,2145,0.9990071080202899,4.4275,0.1111111111111111,22.094228454167023
Z,coarse,0.05,36,max_net,0.25,7,335,335,256,0,13,2145,0.9978517092695904,4.4275,0.1111111111111111,22.094228454167023
Z,coarse,0.05,37,max_net,0.25,7,335,335,256,0,13,2145,0.9990768320006409,4.4275,0.1111111111111111,22.094228454167023
Z,coarse,0.05,38,max_net,0.25,7,335,335,256,0,13,2145,0.9981776707240622,4.4275,0.1111111111111111,22.094228454167023
Z,coarse,0.05,39,max_net,0.25,7,335,335,256,0,13,2145,0.9989394331573187,4.4275,0.1111111111111111,22.094228454167023
Z,coarse,0.05,40,max_net,0.25,7,335,335,256,0,13,2145,0.997909546595916,4.4275,0.1111111111111111,22.094228454167023
Z,coarse,0.05,41,max_net,0.25,7,335,335,256,0,13,2145,0.9983473905851201,4.4275,0.1111111111111111,22.094228454167023
Z,coarse,0.05,42,max_net,0.25,7,335,335,256,0,13,2145,0.9971396358806075,4.4275,0.1111111111111111,22.094228454167023
Z,coarse,0.05,43,max_net,0.25,7,335,335,256,0,13,2145,0.9981920871294769,4.4275,0.1111111111111111,22.094228454167023
Z,coarse,0.05,44,max_net,0.25,7,335,335,256,0,13,2145,0.9981350825379344,4.4275,0.1111111111111111,22.094228454167023
Z,coarse,0.05,45,max_net,0.25,7,335,335,256,0,13,2145,0.9975598441184992,4.4275,0.1111111111111111,22.094228454167023
Z,coarse,0.05,46,max_net,0.25,7,335,335,256,0,13,2145,0.9986246569502095,4.4275,0.1111111111111111,22.094228454167023
Z,coarse,0.05,47,max_net,0.25,7,335,335,256,0,13,2145,0.9979096594789598,4.4275,0.1111111111111111,22.094228454167023
Z,coarse,0.05,48,max_net,0.25,7,335,335,256,0,13,2145,0.9990191144215625,4.4275,0.1111111111111111,22.094228454167023
Z,coarse,0.05,49,max_net,0.25,7,335,335,256,0,13,2145,0.9986070900677793,4.4275,0.1111111111111111,22.094228454167023
Z,coarse,0.05,50,max_net,0.25,7,335,335,256,0,13,2145,0.9971758782613018,4.4275,0.1111111111111111,22.094228454167023
Z,coarse,0.05,51,max_net,0.25,7,335,335,256,0,13,2145,0.9976414396521779,4.4275,0.1111111111111111,22.094228454167023
Z,coarse,0.05,52,max_net,0.25,7,335,335,256,0,13,2145,0.9983336014747386,4.4275,0.1111111111111111,22.094228454167023
Z,coarse,0.05,53,max_net,0.25,7,335,335,256,0,13,2145,0.9969801924887365,4.4275,0.1111111111111111,22.094228454167023
Z,coarse,0.05,54,max_net,0.25,7,335,335,256,0,13,2145,0.9980557629452884,4.4275,0.1111111111111111,22.094228454167023
Z,coarse,0.05,55,max_net,0.25,7,335,335,256,0,13,2145,0.9982799308103417,4.4275,0.1111111111111111,22.094228454167023
Z,coarse,0.05,56,max_net,0.25,7,335,335,256,0,13,2145,0.9983858920934678,4.4275,0.1111111111111111,22.094228454167023
Z,coarse,0.05,57,max_net,0.25,7,335,335,256,0,13,2145,0.9979997056675753,4.4275,0.1111111111111111,22.094228454167023
Z,coarse,0.05,58,max_net,0.25,7,335,335,256,0,13,2145,0.9979792873472628,4.4275,0.1111111111111111,22.094228454167023
Z,coarse,0.05,59,max_net,0.25,7,335,335,256,0,13,2145,0.9990778674138128,4.4275,0.1111111111111111,22.094228454167023
Z,coarse,0.08,10,max_net,0.25,7,335,335,256,0,13,2145,0.9959232502788137,4.4275,0.1111111111111111,22.094228454167023
Z,coarse,0.08,11,max_net,0.25,7,335,335,256,0,13,2145,0.9984075514685495,4.4275,0.1111111111111111,22.094228454167023
Z,coarse,0.08,12,max_net,0.25,7,335,335,256,0,13,2145,0.9985876846007715,4.4275,0.1111111111111111,22.094228454167023
Z,coarse,0.08,13,max_net,0.25,7,335,335,256,0,13,2145,0.9958246531094359,4.4275,0.1111111111111111,22.094228454167023
Z,coarse,0.08,14,max_net,0.25,7,335,335,256,0,13,2145,0.9988658277153354,4.4275,0.1111111111111111,22.094228454167023
Z,coarse,0.08,15,max_net,0.25,7,335,335,256,0,13,2145,0.995885582129602,4.4275,0.1111111111111111,22.094228454167023
Z,coarse,0.08,16,max_net,0.25,7,335,335,256,0,13,2145,0.9986496458380623,4.4275,0.1111111111111111,22.094228454167023
Z,coarse,0.08,17,max_net,0.25,7,335,335,256,0,13,2145,0.9973979323344523,4.4275,0.1111111111111111,22.094228454167023
Z,coarse,0.08,18,max_net,0.25,7,335,335,256,0,13,2145,0.9946000903529093,4.4275,0.1111111111111111,22.094228454167023
Z,coarse,0.08,19,max_net,0.25,7,335,335,256,0,13,2145,0.999044449016507,4.4275,0.1111111111111111,22.094228454167023
Z,coarse,0.08,20,max_net,0.25,7,335,335,256,0,13,2145,0.9986698782948074,4.4275,0.1111111111111111,22.094228454167023
Z,coarse,0.08,21,max_net,0.25,7,335,335,256,0,13,2145,0.9959486545595524,4.4275,0.1111111111111111,22.094228454167023
Z,coarse,0.08,22,max_net,0.25,7,335,335,256,0,13,2145,0.996182461168162,4.4275,0.1111111111111111,22.094228454167023
Z,coarse,0.08,23,max_net,0.25,7,335,335,256,0,13,2145,0.9969071464535042,4.4275,0.1111111111111111,22.094228454167023
Z,coarse,0.08,24,max_net,0.25,7,335,335,256,0,13,2145,0.9976628889830923,4.4275,0.1111111111111111,22.094228454167023
Z,coarse,0.08,25,max_net,0.25,7,335,335,256,0,13,2145,0.998053634334523,4.4275,0.1111111111111111,22.094228454167023
Z,coarse,0.08,26,max_net,0.25,7,335,335,256,0,13,2145,0.9951792637523555,4.4275,0.1111111111111111,22.094228454167023
Z,coarse,0.08,27,max_net,0.25,7,335,335,256,0,13,2145,0.9963486415839362,4.4275,0.1111111111111111,22.094228454167023
Z,coarse,0.08,28,max_net,0.25,7,335,335,256,0,13,2145,0.9962031394619271,4.4275,0.1111111111111111,22.094228454167023
Z,coarse,0.08,29,max_net,0.25,7,335,335,256,0,13,2145,0.9956250259148913,4.4275,0.1111111111111111,22.094228454167023
Z,coarse,0.08,30,max_net,0.25,7,335,335,256,0,13,2145,0.9971716710663674,4.4275,0.1111111111111111,22.094228454167023
Z,coarse,0.08,31,max_net,0.25,7,335,335,256,0,13,2145,0.9983398733695943,4.4275,0.1111111111111111,22.094228454167023
Z,coarse,0.08,32,max_net,0.25,7,335,335,256,0,13,2145,0.9967064781081793,4.4275,0.1111111111111111,22.094228454167023
Z,coarse,0.08,33,max_net,0.25,7,335,335,256,0,13,2145,0.9943497473635252,4.4275,0.1111111111111111,22.094228454167023
Z,coarse,0.08,34,max_net,0.25,7,335,335,256,0,13,2145,0.994214206903402,4.4275,0.1111111111111111,22.094228454167023
Z,coarse,0.08,35,max_net,0.25,7,335,335,256,0,13,2145,0.9987976556673295,4.4275,0.1111111111111111,22.094228454167023
Z,coarse,0.08,36,max_net,0.25,7,335,335,256,0,13,2145,0.9958801619865504,4.4275,0.1111111111111111,22.094228454167023
Z,coarse,0.08,37,max_net,0.25,7,335,335,256,0,13,2145,0.998757547078245,4.4275,0.1111111111111111,22.094228454167023
Z,coarse,0.08,38,max_net,0.25,7,335,335,256,0,13,2145,0.9966361641741648,4.4275,0.1111111111111111,22.094228454167023
Z,coarse,0.08,39,max_net,0.25,7,335,335,256,0,13,2145,0.998413773723128,4.4275,0.1111111111111111,22.094228454167023
Z,coarse,0.08,40,max_net,0.25,7,335,335,256,0,13,2145,0.9961720751779082,4.4275,0.1111111111111111,22.094228454167023
Z,coarse,0.08,41,max_net,0.25,7,335,335,256,0,13,2145,0.9969397292470894,4.4275,0.1111111111111111,22.094228454167023
Z,coarse,0.08,42,max_net,0.25,7,335,335,256,0,13,2145,0.9943072676597258,4.4275,0.1111111111111111,22.094228454167023
Z,coarse,0.08,43,max_net,0.25,7,335,335,256,0,13,2145,0.996170575128513,4.4275,0.1111111111111111,22.094228454167023
Z,coarse,0.08,44,max_net,0.25,7,335,335,256,0,13,2145,0.9965538388525238,4.4275,0.1111111111111111,22.094228454167023
Z,coarse,0.08,45,max_net,0.25,7,335,335,256,0,13,2145,0.9954887766993716,4.4275,0.1111111111111111,22.094228454167023
Z,coarse,0.08,46,max_net,0.25,7,335,335,256,0,13,2145,0.9973076571350923,4.4275,0.1111111111111111,22.094228454167023
Z,coarse,0.08,47,max_net,0.25,7,335,335,256,0,13,2145,0.9956120304809337,4.4275,0.1111111111111111,22.094228454167023
Z,coarse,0.08,48,max_net,0.25,7,335,335,256,0,13,2145,0.9984396309539001,4.4275,0.1111111111111111,22.094228454167023
Z,coarse,0.08,49,max_net,0.25,7,335,335,256,0,13,2145,0.9974046244780297,4.4275,0.1111111111111111,22.094228454167023
Z,coarse,0.08,50,max_net,0.25,7,335,335,256,0,13,2145,0.9943993550386621,4.4275,0.1111111111111111,22.094228454167023
Z,coarse,0.08,51,max_net,0.25,7,335,335,256,0,13,2145,0.9956857374196287,4.4275,0.1111111111111111,22.094228454167023
Z,coarse,0.08,52,max_net,0.25,7,335,335,256,0,13,2145,0.9968231825240373,4.4275,0.1111111111111111,22.094228454167023
Z,coarse,0.08,53,max_net,0.25,7,335,335,256,0,13,2145,0.9939340280285478,4.4275,0.1111111111111111,22.094228454167023
Z,coarse,0.08,54,max_net,0.25,7,335,335,256,0,13,2145,0.9966410152894156,4.4275,0.1111111111111111,22.094228454167023
Z,coarse,0.08,55,max_net,0.25,7,335,335,256,0,13,2145,0.9970853060549487,4.4275,0.1111111111111111,22.094228454167023
Z,coarse,0.08,56,max_net,0.25,7,335,335,256,0,13,2145,0.997379356545722,4.4275,0.1111111111111111,22.094228454167023
Z,coarse,0.08,57,max_net,0.25,7,335,335,256,0,13,2145,0.9963630928391707,4.4275,0.1111111111111111,22.094228454167023
Z,coarse,0.08,58,max_net,0.25,7,335,335,256,0,13,2145,0.9957988987223529,4.4275,0.1111111111111111,22.094228454167023
Z,coarse,0.08,59,max_net,0.25,7,335,335,256,0,13,2145,0.998924511146303,4.4275,0.1111111111111111,22.094228454167023
Z,hard_augmented,0.0,10,max_net,0.25,7,545,335,256,210,13,2145,0.9991984733239592,4.4275,0.1111111111111111,32.75292041013017
Z,hard_augmented,0.0,11,max_net,0.25,7,545,335,256,210,13,2145,0.9991984733239592,4.4275,0.1111111111111111,32.75292041013017
Z,hard_augmented,0.0,12,max_net,0.25,7,545,335,256,210,13,2145,0.9991984733239592,4.4275,0.1111111111111111,32.75292041013017
Z,hard_augmented,0.0,13,max_net,0.25,7,545,335,256,210,13,2145,0.9991984733239592,4.4275,0.1111111111111111,32.75292041013017
Z,hard_augmented,0.0,14,max_net,0.25,7,545,335,256,210,13,2145,0.9991984733239592,4.4275,0.1111111111111111,32.75292041013017
Z,hard_augmented,0.0,15,max_net,0.25,7,545,335,256,210,13,2145,0.9991984733239592,4.4275,0.1111111111111111,32.75292041013017
Z,hard_augmented,0.0,16,max_net,0.25,7,545,335,256,210,13,2145,0.9991984733239592,4.4275,0.1111111111111111,32.75292041013017
Z,hard_augmented,0.0,17,max_net,0.25,7,545,335,256,210,13,2145,0.9991984733239592,4.4275,0.1111111111111111,32.75292041013017
Z,hard_augmented,0.0,18,max_net,0.25,7,545,335,256,210,13,2145,0.9991984733239592,4.4275,0.1111111111111111,32.75292041013017
Z,hard_augmented,0.0,19,max_net,0.25,7,545,335,256,210,13,2145,0.9991984733239592,4.4275,0.1111111111111111,32.75292041013017
Z,hard_augmented,0.0,20,max_net,0.25,7,545,335,256,210,13,2145,0.9991984733239592,4.4275,0.1111111111111111,32.75292041013017
Z,hard_augmented,0.0,21,max_net,0.25,7,545,335,256,210,13,2145,0.9991984733239592,4.4275,0.1111111111111111,32.75292041013017
Z,hard_augmented,0.0,22,max_net,0.25,7,545,335,256,210,13,2145,0.9991984733239592,4.4275,0.1111111111111111,32.75292041013017
Z,hard_augmented,0.0,23,max_net,0.25,7,545,335,256,210,13,2145,0.9991984733239592,4.4275,0.1111111111111111,32.75292041013017
Z,hard_augmented,0.0,24,max_net,0.25,7,545,335,256,210,13,2145,0.9991984733239592,4.4275,0.1111111111111111,32.75292041013017
Z,hard_augmented,0.0,25,max_net,0.25,7,545,335,256,210,13,2145,0.9991984733239592,4.4275,0.1111111111111111,32.75292041013017
Z,hard_augmented,0.0,26,max_net,0.25,7,545,335,256,210,13,2145,0.9991984733239592,4.4275,0.1111111111111111,32.75292041013017
Z,hard_augmented,0.0,27,max_net,0.25,7,545,335,256,210,13,2145,0.9991984733239592,4.4275,0.1111111111111111,32.75292041013017
Z,hard_augmented,0.0,28,max_net,0.25,7,545,335,256,210,13,2145,0.9991984733239592,4.4275,0.1111111111111111,32.75292041013017
Z,hard_augmented,0.0,29,max_net,0.25,7,545,335,256,210,13,2145,0.9991984733239592,4.4275,0.1111111111111111,32.75292041013017
Z,hard_augmented,0.0,30,max_net,0.25,7,545,335,256,210,13,2145,0.9991984733239592,4.4275,0.1111111111111111,32.75292041013017
Z,hard_augmented,0.0,31,max_net,0.25,7,545,335,256,210,13,2145,0.9991984733239592,4.4275,0.1111111111111111,32.75292041013017
Z,hard_augmented,0.0,32,max_net,0.25,7,545,335,256,210,13,2145,0.9991984733239592,4.4275,0.1111111111111111,32.75292041013017
Z,hard_augmented,0.0,33,max_net,0.25,7,545,335,256,210,13,2145,0.9991984733239592,4.4275,0.1111111111111111,32.75292041013017
Z,hard_augmented,0.0,34,max_net,0.25,7,545,335,256,210,13,2145,0.9991984733239592,4.4275,0.1111111111111111,32.75292041013017
Z,hard_augmented,0.0,35,max_net,0.25,7,545,335,256,210,13,2145,0.9991984733239592,4.4275,0.1111111111111111,32.75292041013017
Z,hard_augmented,0.0,36,max_net,0.25,7,545,335,256,210,13,2145,0.9991984733239592,4.4275,0.1111111111111111,32.75292041013017
Z,hard_augmented,0.0,37,max_net,0.25,7,545,335,256,210,13,2145,0.9991984733239592,4.4275,0.1111111111111111,32.75292041013017
Z,hard_augmented,0.0,38,max_net,0.25,7,545,335,256,210,13,2145,0.9991984733239592,4.4275,0.1111111111111111,32.75292041013017
Z,hard_augmented,0.0,39,max_net,0.25,7,545,335,256,210,13,2145,0.9991984733239592,4.4275,0.1111111111111111,32.75292041013017
Z,hard_augmented,0.0,40,max_net,0.25,7,545,335,256,210,13,2145,0.9991984733239592,4.4275,0.1111111111111111,32.75292041013017
Z,hard_augmented,0.0,41,max_net,0.25,7,545,335,256,210,13,2145,0.9991984733239592,4.4275,0.1111111111111111,32.75292041013017
Z,hard_augmented,0.0,42,max_net,0.25,7,545,335,256,210,13,2145,0.9991984733239592,4.4275,0.1111111111111111,32.75292041013017
Z,hard_augmented,0.0,43,max_net,0.25,7,545,335,256,210,13,2145,0.9991984733239592,4.4275,0.1111111111111111,32.75292041013017
Z,hard_augmented,0.0,44,max_net,0.25,7,545,335,256,210,13,2145,0.9991984733239592,4.4275,0.1111111111111111,32.75292041013017
Z,hard_augmented,0.0,45,max_net,0.25,7,545,335,256,210,13,2145,0.9991984733239592,4.4275,0.1111111111111111,32.75292041013017
Z,hard_augmented,0.0,46,max_net,0.25,7,545,335,256,210,13,2145,0.9991984733239592,4.4275,0.1111111111111111,32.75292041013017
Z,hard_augmented,0.0,47,max_net,0.25,7,545,335,256,210,13,2145,0.9991984733239592,4.4275,0.1111111111111111,32.75292041013017
Z,hard_augmented,0.0,48,max_net,0.25,7,545,335,256,210,13,2145,0.9991984733239592,4.4275,0.1111111111111111,32.75292041013017
Z,hard_augmented,0.0,49,max_net,0.25,7,545,335,256,210,13,2145,0.9991984733239592,4.4275,0.1111111111111111,32.75292041013017
Z,hard_augmented,0.0,50,max_net,0.25,7,545,335,256,210,13,2145,0.9991984733239592,4.4275,0.1111111111111111,32.75292041013017
Z,hard_augmented,0.0,51,max_net,0.25,7,545,335,256,210,13,2145,0.9991984733239592,4.4275,0.1111111111111111,32.75292041013017
Z,hard_augmented,0.0,52,max_net,0.25,7,545,335,256,210,13,2145,0.9991984733239592,4.4275,0.1111111111111111,32.75292041013017
Z,hard_augmented,0.0,53,max_net,0.25,7,545,335,256,210,13,2145,0.9991984733239592,4.4275,0.1111111111111111,32.75292041013017
Z,hard_augmented,0.0,54,max_net,0.25,7,545,335,256,210,13,2145,0.9991984733239592,4.4275,0.1111111111111111,32.75292041013017
Z,hard_augmented,0.0,55,max_net,0.25,7,545,335,256,210,13,2145,0.9991984733239592,4.4275,0.1111111111111111,32.75292041013017
Z,hard_augmented,0.0,56,max_net,0.25,7,545,335,256,210,13,2145,0.9991984733239592,4.4275,0.1111111111111111,32.75292041013017
Z,hard_augmented,0.0,57,max_net,0.25,7,545,335,256,210,13,2145,0.9991984733239592,4.4275,0.1111111111111111,32.75292041013017
Z,hard_augmented,0.0,58,max_net,0.25,7,545,335,256,210,13,2145,0.9991984733239592,4.4275,0.1111111111111111,32.75292041013017
Z,hard_augmented,0.0,59,max_net,0.25,7,545,335,256,210,13,2145,0.9991984733239592,4.4275,0.1111111111111111,32.75292041013017
Z,hard_augmented,0.02,10,max_net,0.25,7,545,335,256,210,13,2145,0.9989585229899898,4.4275,0.1111111111111111,32.75292041013017
Z,hard_augmented,0.02,11,max_net,0.25,7,545,335,256,210,13,2145,0.99917256856491,4.4275,0.1111111111111111,32.75292041013017
Z,hard_augmented,0.02,12,max_net,0.25,7,545,335,256,210,13,2145,0.9992007021969098,4.4275,0.1111111111111111,32.75292041013017
Z,hard_augmented,0.02,13,max_net,0.25,7,545,335,256,210,13,2145,0.9988839078386655,4.4275,0.1111111111111111,32.75292041013017
Z,hard_augmented,0.02,14,max_net,0.25,7,545,335,256,210,13,2145,0.9991948787872611,4.4275,0.1111111111111111,32.75292041013017
Z,hard_augmented,0.02,15,max_net,0.25,7,545,335,256,210,13,2145,0.9988725073570957,4.4275,0.1111111111111111,32.75292041013017
Z,hard_augmented,0.02,16,max_net,0.25,7,545,335,256,210,13,2145,0.9991363209515468,4.4275,0.1111111111111111,32.75292041013017
Z,hard_augmented,0.02,17,max_net,0.25,7,545,335,256,210,13,2145,0.9991784789080962,4.4275,0.1111111111111111,32.75292041013017
Z,hard_augmented,0.02,18,max_net,0.25,7,545,335,256,210,13,2145,0.9987622035300439,4.4275,0.1111111111111111,32.75292041013017
Z,hard_augmented,0.02,19,max_net,0.25,7,545,335,256,210,13,2145,0.999250524244008,4.4275,0.1111111111111111,32.75292041013017
Z,hard_augmented,0.02,20,max_net,0.25,7,545,335,256,210,13,2145,0.999166064301825,4.4275,0.1111111111111111,32.75292041013017
Z,hard_augmented,0.02,21,max_net,0.25,7,545,335,256,210,13,2145,0.9991416631401876,4.4275,0.1111111111111111,32.75292041013017
Z,hard_augmented,0.02,22,max_net,0.25,7,545,335,256,210,13,2145,0.9989743947243444,4.4275,0.1111111111111111,32.75292041013017
Z,hard_augmented,0.02,23,max_net,0.25,7,545,335,256,210,13,2145,0.9991275983451413,4.4275,0.1111111111111111,32.75292041013017
Z,hard_augmented,0.02,24,max_net,0.25,7,545,335,256,210,13,2145,0.9992018844763653,4.4275,0.1111111111111111,32.75292041013017
Z,hard_augmented,0.02,25,max_net,0.25,7,545,335,256,210,13,2145,0.9992121943897689,4.4275,0.1111111111111111,32.75292041013017
Z,hard_augmented,0.02,26,max_net,0.25,7,545,335,256,210,13,2145,0.9988035954737166,4.4275,0.1111111111111111,32.75292041013017
Z,hard_augmented,0.02,27,max_net,0.25,7,545,335,256,210,13,2145,0.9990271363020408,4.4275,0.1111111111111111,32.75292041013017
Z,hard_augmented,0.02,28,max_net,0.25,7,545,335,256,210,13,2145,0.9990273596045771,4.4275,0.1111111111111111,32.75292041013017
Z,hard_augmented,0.02,29,max_net,0.25,7,545,335,256,210,13,2145,0.9990172658997241,4.4275,0.1111111111111111,32.75292041013017
Z,hard_augmented,0.02,30,max_net,0.25,7,545,335,256,210,13,2145,0.9991813035409035,4.4275,0.1111111111111111,32.75292041013017
Z,hard_augmented,0.02,31,max_net,0.25,7,545,335,256,210,13,2145,0.9990981520939863,4.4275,0.1111111111111111,32.75292041013017
Z,hard_augmented,0.02,32,max_net,0.25,7,545,335,256,210,13,2145,0.9991380560049159,4.4275,0.1111111111111111,32.75292041013017
Z,hard_augmented,0.02,33,max_net,0.25,7,545,335,256,210,13,2145,0.9987728074550883,4.4275,0.1111111111111111,32.75292041013017
Z,hard_augmented,0.02,34,max_net,0.25,7,545,335,256,210,13,2145,0.9987535746688945,4.4275,0.1111111111111111,32.75292041013017
Z,hard_augmented,0.02,35,max_net,0.25,7,545,335,256,210,13,2145,0.9991483610378307,4.4275,0.1111111111111111,32.75292041013017
Z,hard_augmented,0.02,36,max_net,0.25,7,545,335,256,210,13,2145,0.9989564317078443,4.4275,0.1111111111111111,32.75292041013017
Z,hard_augmented,0.02,37,max_net,0.25,7,545,335,256,210,13,2145,0.9992203362526038,4.4275,0.1111111111111111,32.75292041013017
Z,hard_augmented,0.02,38,max_net,0.25,7,545,335,256,210,13,2145,0.9990453751825269,4.4275,0.1111111111111111,32.75292041013017
Z,hard_augmented,0.02,39,max_net,0.25,7,545,335,256,210,13,2145,0.9991999959608061,4.4275,0.1111111111111111,32.75292041013017
Z,hard_augmented,0.02,40,max_net,0.25,7,545,335,256,210,13,2145,0.9989471346488952,4.4275,0.1111111111111111,32.75292041013017
Z,hard_augmented,0.02,41,max_net,0.25,7,545,335,256,210,13,2145,0.9990671465653977,4.4275,0.1111111111111111,32.75292041013017
Z,hard_augmented,0.02,42,max_net,0.25,7,545,335,256,210,13,2145,0.9987589303870285,4.4275,0.1111111111111111,32.75292041013017
Z,hard_augmented,0.02,43,max_net,0.25,7,545,335,256,210,13,2145,0.999157792562867,4.4275,0.1111111111111111,32.75292041013017
Z,hard_augmented,0.02,44,max_net,0.25,7,545,335,256,210,13,2145,0.9990327699649386,4.4275,0.1111111111111111,32.75292041013017
Z,hard_augmented,0.02,45,max_net,0.25,7,545,335,256,210,13,2145,0.9988307886222674,4.4275,0.1111111111111111,32.75292041013017
Z,hard_augmented,0.02,46,max_net,0.25,7,545,335,256,210,13,2145,0.9992018634706441,4.4275,0.1111111111111111,32.75292041013017
Z,hard_augmented,0.02,47,max_net,0.25,7,545,335,256,210,13,2145,0.9990614343574638,4.4275,0.1111111111111111,32.75292041013017
Z,hard_augmented,0.02,48,max_net,0.25,7,545,335,256,210,13,2145,0.9992468809232637,4.4275,0.1111111111111111,32.75292041013017
Z,hard_augmented,0.02,49,max_net,0.25,7,545,335,256,210,13,2145,0.9991870252986171,4.4275,0.1111111111111111,32.75292041013017
Z,hard_augmented,0.02,50,max_net,0.25,7,545,335,256,210,13,2145,0.9987826998010758,4.4275,0.1111111111111111,32.75292041013017
Z,hard_augmented,0.02,51,max_net,0.25,7,545,335,256,210,13,2145,0.9988524247001761,4.4275,0.1111111111111111,32.75292041013017
Z,hard_augmented,0.02,52,max_net,0.25,7,545,335,256,210,13,2145,0.9990786764453319,4.4275,0.1111111111111111,32.75292041013017
Z,hard_augmented,0.02,53,max_net,0.25,7,545,335,256,210,13,2145,0.9987290271654322,4.4275,0.1111111111111111,32.75292041013017
Z,hard_augmented,0.02,54,max_net,0.25,7,545,335,256,210,13,2145,0.9989318092297017,4.4275,0.1111111111111111,32.75292041013017
Z,hard_augmented,0.02,55,max_net,0.25,7,545,335,256,210,13,2145,0.9989755691747062,4.4275,0.1111111111111111,32.75292041013017
Z,hard_augmented,0.02,56,max_net,0.25,7,545,335,256,210,13,2145,0.9990090787995981,4.4275,0.1111111111111111,32.75292041013017
Z,hard_augmented,0.02,57,max_net,0.25,7,545,335,256,210,13,2145,0.9989654201872626,4.4275,0.1111111111111111,32.75292041013017
Z,hard_augmented,0.02,58,max_net,0.25,7,545,335,256,210,13,2145,0.9990739104958877,4.4275,0.1111111111111111,32.75292041013017
Z,hard_augmented,0.02,59,max_net,0.25,7,545,335,256,210,13,2145,0.9991756825179954,4.4275,0.1111111111111111,32.75292041013017
Z,hard_augmented,0.05,10,max_net,0.25,7,545,335,256,210,13,2145,0.9978545900584022,4.4275,0.1111111111111111,32.75292041013017
Z,hard_augmented,0.05,11,max_net,0.25,7,545,335,256,210,13,2145,0.9989032414243141,4.4275,0.1111111111111111,32.75292041013017
Z,hard_augmented,0.05,12,max_net,0.25,7,545,335,256,210,13,2145,0.998996203270422,4.4275,0.1111111111111111,32.75292041013017
Z,hard_augmented,0.05,13,max_net,0.25,7,545,335,256,210,13,2145,0.9977721141473634,4.4275,0.1111111111111111,32.75292041013017
Z,hard_augmented,0.05,14,max_net,0.25,7,545,335,256,210,13,2145,0.9990768352054371,4.4275,0.1111111111111111,32.75292041013017
Z,hard_augmented,0.05,15,max_net,0.25,7,545,335,256,210,13,2145,0.9977278286666832,4.4275,0.1111111111111111,32.75292041013017
Z,hard_augmented,0.05,16,max_net,0.25,7,545,335,256,210,13,2145,0.9989427939252861,4.4275,0.1111111111111111,32.75292041013017
Z,hard_augmented,0.05,17,max_net,0.25,7,545,335,256,210,13,2145,0.9986019688213023,4.4275,0.1111111111111111,32.75292041013017
Z,hard_augmented,0.05,18,max_net,0.25,7,545,335,256,210,13,2145,0.9972211632141931,4.4275,0.1111111111111111,32.75292041013017
Z,hard_augmented,0.05,19,max_net,0.25,7,545,335,256,210,13,2145,0.9992130884984747,4.4275,0.1111111111111111,32.75292041013017
Z,hard_augmented,0.05,20,max_net,0.25,7,545,335,256,210,13,2145,0.9989821449888615,4.4275,0.1111111111111111,32.75292041013017
Z,hard_augmented,0.05,21,max_net,0.25,7,545,335,256,210,13,2145,0.9981043575061004,4.4275,0.1111111111111111,32.75292041013017
Z,hard_augmented,0.05,22,max_net,0.25,7,545,335,256,210,13,2145,0.99795164944189,4.4275,0.1111111111111111,32.75292041013017
Z,hard_augmented,0.05,23,max_net,0.25,7,545,335,256,210,13,2145,0.9983765014526149,4.4275,0.1111111111111111,32.75292041013017
Z,hard_augmented,0.05,24,max_net,0.25,7,545,335,256,210,13,2145,0.9987143701111414,4.4275,0.1111111111111111,32.75292041013017
Z,hard_augmented,0.05,25,max_net,0.25,7,545,335,256,210,13,2145,0.9988448772676113,4.4275,0.1111111111111111,32.75292041013017
Z,hard_augmented,0.05,26,max_net,0.25,7,545,335,256,210,13,2145,0.9974374048104043,4.4275,0.1111111111111111,32.75292041013017
Z,hard_augmented,0.05,27,max_net,0.25,7,545,335,256,210,13,2145,0.9980574220435201,4.4275,0.1111111111111111,32.75292041013017
Z,hard_augmented,0.05,28,max_net,0.25,7,545,335,256,210,13,2145,0.9980705083687385,4.4275,0.1111111111111111,32.75292041013017
Z,hard_augmented,0.05,29,max_net,0.25,7,545,335,256,210,13,2145,0.9978867680472976,4.4275,0.1111111111111111,32.75292041013017
Z,hard_augmented,0.05,30,max_net,0.25,7,545,335,256,210,13,2145,0.9985353929069969,4.4275,0.1111111111111111,32.75292041013017
Z,hard_augmented,0.05,31,max_net,0.25,7,545,335,256,210,13,2145,0.9987980318571703,4.4275,0.1111111111111111,32.75292041013017
Z,hard_augmented,0.05,32,max_net,0.25,7,545,335,256,210,13,2145,0.9983275253357552,4.4275,0.1111111111111111,32.75292041013017
Z,hard_augmented,0.05,33,max_net,0.25,7,545,335,256,210,13,2145,0.9971577361597399,4.4275,0.1111111111111111,32.75292041013017
Z,hard_augmented,0.05,34,max_net,0.25,7,545,335,256,210,13,2145,0.9970896917510812,4.4275,0.1111111111111111,32.75292041013017
Z,hard_augmented,0.05,35,max_net,0.25,7,545,335,256,210,13,2145,0.9990071080202899,4.4275,0.1111111111111111,32.75292041013017
Z,hard_augmented,0.05,36,max_net,0.25,7,545,335,256,210,13,2145,0.9978517092695904,4.4275,0.1111111111111111,32.75292041013017
Z,hard_augmented,0.05,37,max_net,0.25,7,545,335,256,210,13,2145,0.9990768320006409,4.4275,0.1111111111111111,32.75292041013017
Z,hard_augmented,0.05,38,max_net,0.25,7,545,335,256,210,13,2145,0.9981776707240622,4.4275,0.1111111111111111,32.75292041013017
Z,hard_augmented,0.05,39,max_net,0.25,7,545,335,256,210,13,2145,0.9989394331573187,4.4275,0.1111111111111111,32.75292041013017
Z,hard_augmented,0.05,40,max_net,0.25,7,545,335,256,210,13,2145,0.997909546595916,4.4275,0.1111111111111111,32.75292041013017
Z,hard_augmented,0.05,41,max_net,0.25,7,545,335,256,210,13,2145,0.9983473905851201,4.4275,0.1111111111111111,32.75292041013017
Z,hard_augmented,0.05,42,max_net,0.25,7,545,335,256,210,13,2145,0.9971396358806075,4.4275,0.1111111111111111,32.75292041013017
Z,hard_augmented,0.05,43,max_net,0.25,7,545,335,256,210,13,2145,0.9981920871294769,4.4275,0.1111111111111111,32.75292041013017
Z,hard_augmented,0.05,44,max_net,0.25,7,545,335,256,210,13,2145,0.9981350825379344,4.4275,0.1111111111111111,32.75292041013017
Z,hard_augmented,0.05,45,max_net,0.25,7,545,335,256,210,13,2145,0.9975598441184992,4.4275,0.1111111111111111,32.75292041013017
Z,hard_augmented,0.05,46,max_net,0.25,7,545,335,256,210,13,2145,0.9986246569502095,4.4275,0.1111111111111111,32.75292041013017
Z,hard_augmented,0.05,47,max_net,0.25,7,545,335,256,210,13,2145,0.9979096594789598,4.4275,0.1111111111111111,32.75292041013017
Z,hard_augmented,0.05,48,max_net,0.25,7,545,335,256,210,13,2145,0.9990191144215625,4.4275,0.1111111111111111,32.75292041013017
Z,hard_augmented,0.05,49,max_net,0.25,7,545,335,256,210,13,2145,0.9986070900677793,4.4275,0.1111111111111111,32.75292041013017
Z,hard_augmented,0.05,50,max_net,0.25,7,545,335,256,210,13,2145,0.9971758782613018,4.4275,0.1111111111111111,32.75292041013017
Z,hard_augmented,0.05,51,max_net,0.25,7,545,335,256,210,13,2145,0.9976414396521779,4.4275,0.1111111111111111,32.75292041013017
Z,hard_augmented,0.05,52,max_net,0.25,7,545,335,256,210,13,2145,0.9983336014747386,4.4275,0.1111111111111111,32.75292041013017
Z,hard_augmented,0.05,53,max_net,0.25,7,545,335,256,210,13,2145,0.9969801924887365,4.4275,0.1111111111111111,32.75292041013017
Z,hard_augmented,0.05,54,max_net,0.25,7,545,335,256,210,13,2145,0.9980557629452884,4.4275,0.1111111111111111,32.75292041013017
Z,hard_augmented,0.05,55,max_net,0.25,7,545,335,256,210,13,2145,0.9982799308103417,4.4275,0.1111111111111111,32.75292041013017
Z,hard_augmented,0.05,56,max_net,0.25,7,545,335,256,210,13,2145,0.9983858920934678,4.4275,0.1111111111111111,32.75292041013017
Z,hard_augmented,0.05,57,max_net,0.25,7,545,335,256,210,13,2145,0.9979997056675753,4.4275,0.1111111111111111,32.75292041013017
Z,hard_augmented,0.05,58,max_net,0.25,7,545,335,256,210,13,2145,0.9979792873472628,4.4275,0.1111111111111111,32.75292041013017
Z,hard_augmented,0.05,59,max_net,0.25,7,545,335,256,210,13,2145,0.9990778674138128,4.4275,0.1111111111111111,32.75292041013017
Z,hard_augmented,0.08,10,max_net,0.25,7,545,335,256,210,13,2145,0.9959232502788137,4.4275,0.1111111111111111,32.75292041013017
Z,hard_augmented,0.08,11,max_net,0.25,7,545,335,256,210,13,2145,0.9984075514685495,4.4275,0.1111111111111111,32.75292041013017
Z,hard_augmented,0.08,12,max_net,0.25,7,545,335,256,210,13,2145,0.9985876846007715,4.4275,0.1111111111111111,32.75292041013017
Z,hard_augmented,0.08,13,max_net,0.25,7,545,335,256,210,13,2145,0.9958246531094359,4.4275,0.1111111111111111,32.75292041013017
Z,hard_augmented,0.08,14,max_net,0.25,7,545,335,256,210,13,2145,0.9988658277153354,4.4275,0.1111111111111111,32.75292041013017
Z,hard_augmented,0.08,15,max_net,0.25,7,545,335,256,210,13,2145,0.995885582129602,4.4275,0.1111111111111111,32.75292041013017
Z,hard_augmented,0.08,16,max_net,0.25,7,545,335,256,210,13,2145,0.9986496458380623,4.4275,0.1111111111111111,32.75292041013017
Z,hard_augmented,0.08,17,max_net,0.25,7,545,335,256,210,13,2145,0.9973979323344523,4.4275,0.1111111111111111,32.75292041013017
Z,hard_augmented,0.08,18,max_net,0.25,7,545,335,256,210,13,2145,0.9946000903529093,4.4275,0.1111111111111111,32.75292041013017
Z,hard_augmented,0.08,19,max_net,0.25,7,545,335,256,210,13,2145,0.999044449016507,4.4275,0.1111111111111111,32.75292041013017
Z,hard_augmented,0.08,20,max_net,0.25,7,545,335,256,210,13,2145,0.9986698782948074,4.4275,0.1111111111111111,32.75292041013017
Z,hard_augmented,0.08,21,max_net,0.25,7,545,335,256,210,13,2145,0.9959486545595524,4.4275,0.1111111111111111,32.75292041013017
Z,hard_augmented,0.08,22,max_net,0.25,7,545,335,256,210,13,2145,0.996182461168162,4.4275,0.1111111111111111,32.75292041013017
Z,hard_augmented,0.08,23,max_net,0.25,7,545,335,256,210,13,2145,0.9969071464535042,4.4275,0.1111111111111111,32.75292041013017
Z,hard_augmented,0.08,24,max_net,0.25,7,545,335,256,210,13,2145,0.9976628889830923,4.4275,0.1111111111111111,32.75292041013017
Z,hard_augmented,0.08,25,max_net,0.25,7,545,335,256,210,13,2145,0.998053634334523,4.4275,0.1111111111111111,32.75292041013017
Z,hard_augmented,0.08,26,max_net,0.25,7,545,335,256,210,13,2145,0.9951792637523555,4.4275,0.1111111111111111,32.75292041013017
Z,hard_augmented,0.08,27,max_net,0.25,7,545,335,256,210,13,2145,0.9963486415839362,4.4275,0.1111111111111111,32.75292041013017
Z,hard_augmented,0.08,28,max_net,0.25,7,545,335,256,210,13,2145,0.9962031394619271,4.4275,0.1111111111111111,32.75292041013017
Z,hard_augmented,0.08,29,max_net,0.25,7,545,335,256,210,13,2145,0.9956250259148913,4.4275,0.1111111111111111,32.75292041013017
Z,hard_augmented,0.08,30,max_net,0.25,7,545,335,256,210,13,2145,0.9971716710663674,4.4275,0.1111111111111111,32.75292041013017
Z,hard_augmented,0.08,31,max_net,0.25,7,545,335,256,210,13,2145,0.9983398733695943,4.4275,0.1111111111111111,32.75292041013017
Z,hard_augmented,0.08,32,max_net,0.25,7,545,335,256,210,13,2145,0.9967064781081793,4.4275,0.1111111111111111,32.75292041013017
Z,hard_augmented,0.08,33,max_net,0.25,7,545,335,256,210,13,2145,0.9943497473635252,4.4275,0.1111111111111111,32.75292041013017
Z,hard_augmented,0.08,34,max_net,0.25,7,545,335,256,210,13,2145,0.994214206903402,4.4275,0.1111111111111111,32.75292041013017
Z,hard_augmented,0.08,35,max_net,0.25,7,545,335,256,210,13,2145,0.9987976556673295,4.4275,0.1111111111111111,32.75292041013017
Z,hard_augmented,0.08,36,max_net,0.25,7,545,335,256,210,13,2145,0.9958801619865504,4.4275,0.1111111111111111,32.75292041013017
Z,hard_augmented,0.08,37,max_net,0.25,7,545,335,256,210,13,2145,0.998757547078245,4.4275,0.1111111111111111,32.75292041013017
Z,hard_augmented,0.08,38,max_net,0.25,7,545,335,256,210,13,2145,0.9966361641741648,4.4275,0.1111111111111111,32.75292041013017
Z,hard_augmented,0.08,39,max_net,0.25,7,545,335,256,210,13,2145,0.998413773723128,4.4275,0.1111111111111111,32.75292041013017
Z,hard_augmented,0.08,40,max_net,0.25,7,545,335,256,210,13,2145,0.9961720751779082,4.4275,0.1111111111111111,32.75292041013017
Z,hard_augmented,0.08,41,max_net,0.25,7,545,335,256,210,13,2145,0.9969397292470894,4.4275,0.1111111111111111,32.75292041013017
Z,hard_augmented,0.08,42,max_net,0.25,7,545,335,256,210,13,2145,0.9943072676597258,4.4275,0.1111111111111111,32.75292041013017
Z,hard_augmented,0.08,43,max_net,0.25,7,545,335,256,210,13,2145,0.996170575128513,4.4275,0.1111111111111111,32.75292041013017
Z,hard_augmented,0.08,44,max_net,0.25,7,545,335,256,210,13,2145,0.9965538388525238,4.4275,0.1111111111111111,32.75292041013017
Z,hard_augmented,0.08,45,max_net,0.25,7,545,335,256,210,13,2145,0.9954887766993716,4.4275,0.1111111111111111,32.75292041013017
Z,hard_augmented,0.08,46,max_net,0.25,7,545,335,256,210,13,2145,0.9973076571350923,4.4275,0.1111111111111111,32.75292041013017
Z,hard_augmented,0.08,47,max_net,0.25,7,545,335,256,210,13,2145,0.9956120304809337,4.4275,0.1111111111111111,32.75292041013017
Z,hard_augmented,0.08,48,max_net,0.25,7,545,335,256,210,13,2145,0.9984396309539001,4.4275,0.1111111111111111,32.75292041013017
Z,hard_augmented,0.08,49,max_net,0.25,7,545,335,256,210,13,2145,0.9974046244780297,4.4275,0.1111111111111111,32.75292041013017
Z,hard_augmented,0.08,50,max_net,0.25,7,545,335,256,210,13,2145,0.9943993550386621,4.4275,0.1111111111111111,32.75292041013017
Z,hard_augmented,0.08,51,max_net,0.25,7,545,335,256,210,13,2145,0.9956857374196287,4.4275,0.1111111111111111,32.75292041013017
Z,hard_augmented,0.08,52,max_net,0.25,7,545,335,256,210,13,2145,0.9968231825240373,4.4275,0.1111111111111111,32.75292041013017
Z,hard_augmented,0.08,53,max_net,0.25,7,545,335,256,210,13,2145,0.9939340280285478,4.4275,0.1111111111111111,32.75292041013017
Z,hard_augmented,0.08,54,max_net,0.25,7,545,335,256,210,13,2145,0.9966410152894156,4.4275,0.1111111111111111,32.75292041013017
Z,hard_augmented,0.08,55,max_net,0.25,7,545,335,256,210,13,2145,0.9970853060549487,4.4275,0.1111111111111111,32.75292041013017
Z,hard_augmented,0.08,56,max_net,0.25,7,545,335,256,210,13,2145,0.997379356545722,4.4275,0.1111111111111111,32.75292041013017
Z,hard_augmented,0.08,57,max_net,0.25,7,545,335,256,210,13,2145,0.9963630928391707,4.4275,0.1111111111111111,32.75292041013017
Z,hard_augmented,0.08,58,max_net,0.25,7,545,335,256,210,13,2145,0.9957988987223529,4.4275,0.1111111111111111,32.75292041013017
Z,hard_augmented,0.08,59,max_net,0.25,7,545,335,256,210,13,2145,0.998924511146303,4.4275,0.1111111111111111,32.75292041013017
H,coarse,0.0,10,max_net,0.25,7,335,335,256,0,13,2145,0.999328373221088,4.585,0.13131313131313133,24.48634206294082
H,coarse,0.0,11,max_net,0.25,7,335,335,256,0,13,2145,0.999328373221088,4.585,0.13131313131313133,24.48634206294082
H,coarse,0.0,12,max_net,0.25,7,335,335,256,0,13,2145,0.999328373221088,4.585,0.13131313131313133,24.48634206294082
H,coarse,0.0,13,max_net,0.25,7,335,335,256,0,13,2145,0.999328373221088,4.585,0.13131313131313133,24.48634206294082
H,coarse,0.0,14,max_net,0.25,7,335,335,256,0,13,2145,0.999328373221088,4.585,0.13131313131313133,24.48634206294082
H,coarse,0.0,15,max_net,0.25,7,335,335,256,0,13,2145,0.999328373221088,4.585,0.13131313131313133,24.48634206294082
H,coarse,0.0,16,max_net,0.25,7,335,335,256,0,13,2145,0.999328373221088,4.585,0.13131313131313133,24.48634206294082
H,coarse,0.0,17,max_net,0.25,7,335,335,256,0,13,2145,0.999328373221088,4.585,0.13131313131313133,24.48634206294082
H,coarse,0.0,18,max_net,0.25,7,335,335,256,0,13,2145,0.999328373221088,4.585,0.13131313131313133,24.48634206294082
H,coarse,0.0,19,max_net,0.25,7,335,335,256,0,13,2145,0.999328373221088,4.585,0.13131313131313133,24.48634206294082
H,coarse,0.0,20,max_net,0.25,7,335,335,256,0,13,2145,0.999328373221088,4.585,0.13131313131313133,24.48634206294082
H,coarse,0.0,21,max_net,0.25,7,335,335,256,0,13,2145,0.999328373221088,4.585,0.13131313131313133,24.48634206294082
H,coarse,0.0,22,max_net,0.25,7,335,335,256,0,13,2145,0.999328373221088,4.585,0.13131313131313133,24.48634206294082
H,coarse,0.0,23,max_net,0.25,7,335,335,256,0,13,2145,0.999328373221088,4.585,0.13131313131313133,24.48634206294082
H,coarse,0.0,24,max_net,0.25,7,335,335,256,0,13,2145,0.999328373221088,4.585,0.13131313131313133,24.48634206294082
H,coarse,0.0,25,max_net,0.25,7,335,335,256,0,13,2145,0.999328373221088,4.585,0.13131313131313133,24.48634206294082
H,coarse,0.0,26,max_net,0.25,7,335,335,256,0,13,2145,0.999328373221088,4.585,0.13131313131313133,24.48634206294082
H,coarse,0.0,27,max_net,0.25,7,335,335,256,0,13,2145,0.999328373221088,4.585,0.13131313131313133,24.48634206294082
H,coarse,0.0,28,max_net,0.25,7,335,335,256,0,13,2145,0.999328373221088,4.585,0.13131313131313133,24.48634206294082
H,coarse,0.0,29,max_net,0.25,7,335,335,256,0,13,2145,0.999328373221088,4.585,0.13131313131313133,24.48634206294082
H,coarse,0.0,30,max_net,0.25,7,335,335,256,0,13,2145,0.999328373221088,4.585,0.13131313131313133,24.48634206294082
H,coarse,0.0,31,max_net,0.25,7,335,335,256,0,13,2145,0.999328373221088,4.585,0.13131313131313133,24.48634206294082
H,coarse,0.0,32,max_net,0.25,7,335,335,256,0,13,2145,0.999328373221088,4.585,0.13131313131313133,24.48634206294082
H,coarse,0.0,33,max_net,0.25,7,335,335,256,0,13,2145,0.999328373221088,4.585,0.13131313131313133,24.48634206294082
H,coarse,0.0,34,max_net,0.25,7,335,335,256,0,13,2145,0.999328373221088,4.585,0.13131313131313133,24.48634206294082
H,coarse,0.0,35,max_net,0.25,7,335,335,256,0,13,2145,0.999328373221088,4.585,0.13131313131313133,24.48634206294082
H,coarse,0.0,36,max_net,0.25,7,335,335,256,0,13,2145,0.999328373221088,4.585,0.13131313131313133,24.48634206294082
H,coarse,0.0,37,max_net,0.25,7,335,335,256,0,13,2145,0.999328373221088,4.585,0.13131313131313133,24.48634206294082
H,coarse,0.0,38,max_net,0.25,7,335,335,256,0,13,2145,0.999328373221088,4.585,0.13131313131313133,24.48634206294082
H,coarse,0.0,39,max_net,0.25,7,335,335,256,0,13,2145,0.999328373221088,4.585,0.13131313131313133,24.48634206294082
H,coarse,0.0,40,max_net,0.25,7,335,335,256,0,13,2145,0.999328373221088,4.585,0.13131313131313133,24.48634206294082
H,coarse,0.0,41,max_net,0.25,7,335,335,256,0,13,2145,0.999328373221088,4.585,0.13131313131313133,24.48634206294082
H,coarse,0.0,42,max_net,0.25,7,335,335,256,0,13,2145,0.999328373221088,4.585,0.13131313131313133,24.48634206294082
H,coarse,0.0,43,max_net,0.25,7,335,335,256,0,13,2145,0.999328373221088,4.585,0.13131313131313133,24.48634206294082
H,coarse,0.0,44,max_net,0.25,7,335,335,256,0,13,2145,0.999328373221088,4.585,0.13131313131313133,24.48634206294082
H,coarse,0.0,45,max_net,0.25,7,335,335,256,0,13,2145,0.999328373221088,4.585,0.13131313131313133,24.48634206294082
H,coarse,0.0,46,max_net,0.25,7,335,335,256,0,13,2145,0.999328373221088,4.585,0.13131313131313133,24.48634206294082
H,coarse,0.0,47,max_net,0.25,7,335,335,256,0,13,2145,0.999328373221088,4.585,0.13131313131313133,24.48634206294082
H,coarse,0.0,48,max_net,0.25,7,335,335,256,0,13,2145,0.999328373221088,4.585,0.13131313131313133,24.48634206294082
H,coarse,0.0,49,max_net,0.25,7,335,335,256,0,13,2145,0.999328373221088,4.585,0.13131313131313133,24.48634206294082
H,coarse,0.0,50,max_net,0.25,7,335,335,256,0,13,2145,0.999328373221088,4.585,0.13131313131313133,24.48634206294082
H,coarse,0.0,51,max_net,0.25,7,335,335,256,0,13,2145,0.999328373221088,4.585,0.13131313131313133,24.48634206294082
H,coarse,0.0,52,max_net,0.25,7,335,335,256,0,13,2145,0.999328373221088,4.585,0.13131313131313133,24.48634206294082
H,coarse,0.0,53,max_net,0.25,7,335,335,256,0,13,2145,0.999328373221088,4.585,0.13131313131313133,24.48634206294082
H,coarse,0.0,54,max_net,0.25,7,335,335,256,0,13,2145,0.999328373221088,4.585,0.13131313131313133,24.48634206294082
H,coarse,0.0,55,max_net,0.25,7,335,335,256,0,13,2145,0.999328373221088,4.585,0.13131313131313133,24.48634206294082
H,coarse,0.0,56,max_net,0.25,7,335,335,256,0,13,2145,0.999328373221088,4.585,0.13131313131313133,24.48634206294082
H,coarse,0.0,57,max_net,0.25,7,335,335,256,0,13,2145,0.999328373221088,4.585,0.13131313131313133,24.48634206294082
H,coarse,0.0,58,max_net,0.25,7,335,335,256,0,13,2145,0.999328373221088,4.585,0.13131313131313133,24.48634206294082
H,coarse,0.0,59,max_net,0.25,7,335,335,256,0,13,2145,0.999328373221088,4.585,0.13131313131313133,24.48634206294082
H,coarse,0.02,10,max_net,0.25,7,335,335,256,0,13,2145,0.9994853233502212,4.585,0.13131313131313133,24.48634206294082
H,coarse,0.02,11,max_net,0.25,7,335,335,256,0,13,2145,0.9986903362427064,4.585,0.13131313131313133,24.48634206294082
H,coarse,0.02,12,max_net,0.25,7,335,335,256,0,13,2145,0.9988113811516399,4.585,0.13131313131313133,24.48634206294082
H,coarse,0.02,13,max_net,0.25,7,335,335,256,0,13,2145,0.9990994053866239,4.585,0.13131313131313133,24.48634206294082
H,coarse,0.02,14,max_net,0.25,7,335,335,256,0,13,2145,0.9995450225972821,4.585,0.13131313131313133,24.48634206294082
H,coarse,0.02,15,max_net,0.25,7,335,335,256,0,13,2145,0.9987680451807271,4.585,0.13131313131313133,24.48634206294082
H,coarse,0.02,16,max_net,0.25,7,335,335,256,0,13,2145,0.998292579633139,4.585,0.13131313131313133,24.48634206294082
H,coarse,0.02,17,max_net,0.25,7,335,335,256,0,13,2145,0.9995644639694664,4.585,0.13131313131313133,24.48634206294082
H,coarse,0.02,18,max_net,0.25,7,335,335,256,0,13,2145,0.9985647545488013,4.585,0.13131313131313133,24.48634206294082
H,coarse,0.02,19,max_net,0.25,7,335,335,256,0,13,2145,0.9989637611522963,4.585,0.13131313131313133,24.48634206294082
H,coarse,0.02,20,max_net,0.25,7,335,335,256,0,13,2145,0.9984763311721951,4.585,0.13131313131313133,24.48634206294082
H,coarse,0.02,21,max_net,0.25,7,335,335,256,0,13,2145,0.9996245485986146,4.585,0.13131313131313133,24.48634206294082
H,coarse,0.02,22,max_net,0.25,7,335,335,256,0,13,2145,0.9995245216450446,4.585,0.13131313131313133,24.48634206294082
H,coarse,0.02,23,max_net,0.25,7,335,335,256,0,13,2145,0.9995169890033591,4.585,0.13131313131313133,24.48634206294082
H,coarse,0.02,24,max_net,0.25,7,335,335,256,0,13,2145,0.9995543638919486,4.585,0.13131313131313133,24.48634206294082
H,coarse,0.02,25,max_net,0.25,7,335,335,256,0,13,2145,0.999529451486975,4.585,0.13131313131313133,24.48634206294082
H,coarse,0.02,26,max_net,0.25,7,335,335,256,0,13,2145,0.9987330729449548,4.585,0.13131313131313133,24.48634206294082
H,coarse,0.02,27,max_net,0.25,7,335,335,256,0,13,2145,0.9990450540216301,4.585,0.13131313131313133,24.48634206294082
H,coarse,0.02,28,max_net,0.25,7,335,335,256,0,13,2145,0.9992569597481991,4.585,0.13131313131313133,24.48634206294082
H,coarse,0.02,29,max_net,0.25,7,335,335,256,0,13,2145,0.999429739660318,4.585,0.13131313131313133,24.48634206294082
H,coarse,0.02,30,max_net,0.25,7,335,335,256,0,13,2145,0.9995766251416067,4.585,0.13131313131313133,24.48634206294082
H,coarse,0.02,31,max_net,0.25,7,335,335,256,0,13,2145,0.9982031899204695,4.585,0.13131313131313133,24.48634206294082
H,coarse,0.02,32,max_net,0.25,7,335,335,256,0,13,2145,0.999502488896741,4.585,0.13131313131313133,24.48634206294082
H,coarse,0.02,33,max_net,0.25,7,335,335,256,0,13,2145,0.9986767737735683,4.585,0.13131313131313133,24.48634206294082
H,coarse,0.02,34,max_net,0.25,7,335,335,256,0,13,2145,0.9981315194469202,4.585,0.13131313131313133,24.48634206294082
H,coarse,0.02,35,max_net,0.25,7,335,335,256,0,13,2145,0.9983945601996238,4.585,0.13131313131313133,24.48634206294082
H,coarse,0.02,36,max_net,0.25,7,335,335,256,0,13,2145,0.999260509540248,4.585,0.13131313131313133,24.48634206294082
H,coarse,0.02,37,max_net,0.25,7,335,335,256,0,13,2145,0.9995287441653475,4.585,0.13131313131313133,24.48634206294082
H,coarse,0.02,38,max_net,0.25,7,335,335,256,0,13,2145,0.9993638611459577,4.585,0.13131313131313133,24.48634206294082
H,coarse,0.02,39,max_net,0.25,7,335,335,256,0,13,2145,0.998909978004146,4.585,0.13131313131313133,24.48634206294082
H,coarse,0.02,40,max_net,0.25,7,335,335,256,0,13,2145,0.9994377952892277,4.585,0.13131313131313133,24.48634206294082
H,coarse,0.02,41,max_net,0.25,7,335,335,256,0,13,2145,0.9990886101266562,4.585,0.13131313131313133,24.48634206294082
H,coarse,0.02,42,max_net,0.25,7,335,335,256,0,13,2145,0.9986746216932452,4.585,0.13131313131313133,24.48634206294082
H,coarse,0.02,43,max_net,0.25,7,335,335,256,0,13,2145,0.9996285934053769,4.585,0.13131313131313133,24.48634206294082
H,coarse,0.02,44,max_net,0.25,7,335,335,256,0,13,2145,0.9993365924950568,4.585,0.13131313131313133,24.48634206294082
H,coarse,0.02,45,max_net,0.25,7,335,335,256,0,13,2145,0.9988781770683319,4.585,0.13131313131313133,24.48634206294082
H,coarse,0.02,46,max_net,0.25,7,335,335,256,0,13,2145,0.9994674204964182,4.585,0.13131313131313133,24.48634206294082
H,coarse,0.02,47,max_net,0.25,7,335,335,256,0,13,2145,0.999625448855686,4.585,0.13131313131313133,24.48634206294082
H,coarse,0.02,48,max_net,0.25,7,335,335,256,0,13,2145,0.9992438920972375,4.585,0.13131313131313133,24.48634206294082
H,coarse,0.02,49,max_net,0.25,7,335,335,256,0,13,2145,0.9993634655156272,4.585,0.13131313131313133,24.48634206294082
H,coarse,0.02,50,max_net,0.25,7,335,335,256,0,13,2145,0.9986557281319315,4.585,0.13131313131313133,24.48634206294082
H,coarse,0.02,51,max_net,0.25,7,335,335,256,0,13,2145,0.9989487676724251,4.585,0.13131313131313133,24.48634206294082
H,coarse,0.02,52,max_net,0.25,7,335,335,256,0,13,2145,0.9991734069256091,4.585,0.13131313131313133,24.48634206294082
H,coarse,0.02,53,max_net,0.25,7,335,335,256,0,13,2145,0.998393901850782,4.585,0.13131313131313133,24.48634206294082
H,coarse,0.02,54,max_net,0.25,7,335,335,256,0,13,2145,0.9980787067645991,4.585,0.13131313131313133,24.48634206294082
H,coarse,0.02,55,max_net,0.25,7,335,335,256,0,13,2145,0.9993224294332367,4.585,0.13131313131313133,24.48634206294082
H,coarse,0.02,56,max_net,0.25,7,335,335,256,0,13,2145,0.9980387509872839,4.585,0.13131313131313133,24.48634206294082
H,coarse,0.02,57,max_net,0.25,7,335,335,256,0,13,2145,0.9982981802793574,4.585,0.13131313131313133,24.48634206294082
H,coarse,0.02,58,max_net,0.25,7,335,335,256,0,13,2145,0.9996165529896813,4.585,0.13131313131313133,24.48634206294082
H,coarse,0.02,59,max_net,0.25,7,335,335,256,0,13,2145,0.9984324631943506,4.585,0.13131313131313133,24.48634206294082
H,coarse,0.05,10,max_net,0.25,7,335,335,256,0,13,2145,0.9996055513793962,4.585,0.13131313131313133,24.48634206294082
H,coarse,0.05,11,max_net,0.25,7,335,335,256,0,13,2145,0.996900350640973,4.585,0.13131313131313133,24.48634206294082
H,coarse,0.05,12,max_net,0.25,7,335,335,256,0,13,2145,0.9973816966593649,4.585,0.13131313131313133,24.48634206294082
H,coarse,0.05,13,max_net,0.25,7,335,335,256,0,13,2145,0.9986080920914283,4.585,0.13131313131313133,24.48634206294082
H,coarse,0.05,14,max_net,0.25,7,335,335,256,0,13,2145,0.9983432393055391,4.585,0.13131313131313133,24.48634206294082
H,coarse,0.05,15,max_net,0.25,7,335,335,256,0,13,2145,0.9972554213226121,4.585,0.13131313131313133,24.48634206294082
H,coarse,0.05,16,max_net,0.25,7,335,335,256,0,13,2145,0.9952262718219063,4.585,0.13131313131313133,24.48634206294082
H,coarse,0.05,17,max_net,0.25,7,335,335,256,0,13,2145,0.9988396119480478,4.585,0.13131313131313133,24.48634206294082
H,coarse,0.05,18,max_net,0.25,7,335,335,256,0,13,2145,0.9964517857796037,4.585,0.13131313131313133,24.48634206294082
H,coarse,0.05,19,max_net,0.25,7,335,335,256,0,13,2145,0.9979540927918432,4.585,0.13131313131313133,24.48634206294082
H,coarse,0.05,20,max_net,0.25,7,335,335,256,0,13,2145,0.99600367291985,4.585,0.13131313131313133,24.48634206294082
H,coarse,0.05,21,max_net,0.25,7,335,335,256,0,13,2145,0.9986917936015222,4.585,0.13131313131313133,24.48634206294082
H,coarse,0.05,22,max_net,0.25,7,335,335,256,0,13,2145,0.9996205965130556,4.585,0.13131313131313133,24.48634206294082
H,coarse,0.05,23,max_net,0.25,7,335,335,256,0,13,2145,0.9994099193791761,4.585,0.13131313131313133,24.48634206294082
H,coarse,0.05,24,max_net,0.25,7,335,335,256,0,13,2145,0.9982567842245049,4.585,0.13131313131313133,24.48634206294082
H,coarse,0.05,25,max_net,0.25,7,335,335,256,0,13,2145,0.9977491828383942,4.585,0.13131313131313133,24.48634206294082
H,coarse,0.05,26,max_net,0.25,7,335,335,256,0,13,2145,0.9971291429888551,4.585,0.13131313131313133,24.48634206294082
H,coarse,0.05,27,max_net,0.25,7,335,335,256,0,13,2145,0.99838512254308,4.585,0.13131313131313133,24.48634206294082
H,coarse,0.05,28,max_net,0.25,7,335,335,256,0,13,2145,0.9990400045140195,4.585,0.13131313131313133,24.48634206294082
H,coarse,0.05,29,max_net,0.25,7,335,335,256,0,13,2145,0.9995046920641674,4.585,0.13131313131313133,24.48634206294082
H,coarse,0.05,30,max_net,0.25,7,335,335,256,0,13,2145,0.9987642169173475,4.585,0.13131313131313133,24.48634206294082
H,coarse,0.05,31,max_net,0.25,7,335,335,256,0,13,2145,0.9948461640147388,4.585,0.13131313131313133,24.48634206294082
H,coarse,0.05,32,max_net,0.25,7,335,335,256,0,13,2145,0.9995563080811907,4.585,0.13131313131313133,24.48634206294082
H,coarse,0.05,33,max_net,0.25,7,335,335,256,0,13,2145,0.997027274674898,4.585,0.13131313131313133,24.48634206294082
H,coarse,0.05,34,max_net,0.25,7,335,335,256,0,13,2145,0.9946112646448114,4.585,0.13131313131313133,24.48634206294082
H,coarse,0.05,35,max_net,0.25,7,335,335,256,0,13,2145,0.9956718640013444,4.585,0.13131313131313133,24.48634206294082
H,coarse,0.05,36,max_net,0.25,7,335,335,256,0,13,2145,0.9990655195183749,4.585,0.13131313131313133,24.48634206294082
H,coarse,0.05,37,max_net,0.25,7,335,335,256,0,13,2145,0.9979764760706079,4.585,0.13131313131313133,24.48634206294082
H,coarse,0.05,38,max_net,0.25,7,335,335,256,0,13,2145,0.9992990389705273,4.585,0.13131313131313133,24.48634206294082
H,coarse,0.05,39,max_net,0.25,7,335,335,256,0,13,2145,0.9977739377606305,4.585,0.13131313131313133,24.48634206294082
H,coarse,0.05,40,max_net,0.25,7,335,335,256,0,13,2145,0.9995251429188543,4.585,0.13131313131313133,24.48634206294082
H,coarse,0.05,41,max_net,0.25,7,335,335,256,0,13,2145,0.9984695430176218,4.585,0.13131313131313133,24.48634206294082
H,coarse,0.05,42,max_net,0.25,7,335,335,256,0,13,2145,0.9969934650122745,4.585,0.13131313131313133,24.48634206294082
H,coarse,0.05,43,max_net,0.25,7,335,335,256,0,13,2145,0.9989662466359789,4.585,0.13131313131313133,24.48634206294082
H,coarse,0.05,44,max_net,0.25,7,335,335,256,0,13,2145,0.9992489362042517,4.585,0.13131313131313133,24.48634206294082
H,coarse,0.05,45,max_net,0.25,7,335,335,256,0,13,2145,0.9977066169454103,4.585,0.13131313131313133,24.48634206294082
H,coarse,0.05,46,max_net,0.25,7,335,335,256,0,13,2145,0.999532697019424,4.585,0.13131313131313133,24.48634206294082
H,coarse,0.05,47,max_net,0.25,7,335,335,256,0,13,2145,0.9987429799805612,4.585,0.13131313131313133,24.48634206294082
H,coarse,0.05,48,max_net,0.25,7,335,335,256,0,13,2145,0.9989433955211962,4.585,0.13131313131313133,24.48634206294082
H,coarse,0.05,49,max_net,0.25,7,335,335,256,0,13,2145,0.9993465670464158,4.585,0.13131313131313133,24.48634206294082
H,coarse,0.05,50,max_net,0.25,7,335,335,256,0,13,2145,0.9969447472111244,4.585,0.13131313131313133,24.48634206294082
H,coarse,0.05,51,max_net,0.25,7,335,335,256,0,13,2145,0.997975692737203,4.585,0.13131313131313133,24.48634206294082
H,coarse,0.05,52,max_net,0.25,7,335,335,256,0,13,2145,0.9987581954278797,4.585,0.13131313131313133,24.48634206294082
H,coarse,0.05,53,max_net,0.25,7,335,335,256,0,13,2145,0.9957848705895225,4.585,0.13131313131313133,24.48634206294082
H,coarse,0.05,54,max_net,0.25,7,335,335,256,0,13,2145,0.9943133680401017,4.585,0.13131313131313133,24.48634206294082
H,coarse,0.05,55,max_net,0.25,7,335,335,256,0,13,2145,0.9992189512293528,4.585,0.13131313131313133,24.48634206294082
H,coarse,0.05,56,max_net,0.25,7,335,335,256,0,13,2145,0.9941316556066271,4.585,0.13131313131313133,24.48634206294082
H,coarse,0.05,57,max_net,0.25,7,335,335,256,0,13,2145,0.995310026128079,4.585,0.13131313131313133,24.48634206294082
H,coarse,0.05,58,max_net,0.25,7,335,335,256,0,13,2145,0.9985735899556417,4.585,0.13131313131313133,24.48634206294082
H,coarse,0.05,59,max_net,0.25,7,335,335,256,0,13,2145,0.9958172875055367,4.585,0.13131313131313133,24.48634206294082
H,coarse,0.08,10,max_net,0.25,7,335,335,256,0,13,2145,0.9996345870488399,4.585,0.13131313131313133,24.48634206294082
H,coarse,0.08,11,max_net,0.25,7,335,335,256,0,13,2145,0.9940454936413505,4.585,0.13131313131313133,24.48634206294082
H,coarse,0.08,12,max_net,0.25,7,335,335,256,0,13,2145,0.9950914066448588,4.585,0.13131313131313133,24.48634206294082
H,coarse,0.08,13,max_net,0.25,7,335,335,256,0,13,2145,0.9979449725788918,4.585,0.13131313131313133,24.48634206294082
H,coarse,0.08,14,max_net,0.25,7,335,335,256,0,13,2145,0.9953432654426112,4.585,0.13131313131313133,24.48634206294082
H,coarse,0.08,15,max_net,0.25,7,335,335,256,0,13,2145,0.9948603293752801,4.585,0.13131313131313133,24.48634206294082
H,coarse,0.08,16,max_net,0.25,7,335,335,256,0,13,2145,0.9904172163320829,4.585,0.13131313131313133,24.48634206294082
H,coarse,0.08,17,max_net,0.25,7,335,335,256,0,13,2145,0.9968443254774079,4.585,0.13131313131313133,24.48634206294082
H,coarse,0.08,18,max_net,0.25,7,335,335,256,0,13,2145,0.9930572840805858,4.585,0.13131313131313133,24.48634206294082
H,coarse,0.08,19,max_net,0.25,7,335,335,256,0,13,2145,0.996336450699812,4.585,0.13131313131313133,24.48634206294082
H,coarse,0.08,20,max_net,0.25,7,335,335,256,0,13,2145,0.9920892913484562,4.585,0.13131313131313133,24.48634206294082
H,coarse,0.08,21,max_net,0.25,7,335,335,256,0,13,2145,0.9962222251726123,4.585,0.13131313131313133,24.48634206294082
H,coarse,0.08,22,max_net,0.25,7,335,335,256,0,13,2145,0.9995543862345466,4.585,0.13131313131313133,24.48634206294082
H,coarse,0.08,23,max_net,0.25,7,335,335,256,0,13,2145,0.9988767696159577,4.585,0.13131313131313133,24.48634206294082
H,coarse,0.08,24,max_net,0.25,7,335,335,256,0,13,2145,0.9949857077379591,4.585,0.13131313131313133,24.48634206294082
H,coarse,0.08,25,max_net,0.25,7,335,335,256,0,13,2145,0.9934213172393034,4.585,0.13131313131313133,24.48634206294082
H,coarse,0.08,26,max_net,0.25,7,335,335,256,0,13,2145,0.9945411741022432,4.585,0.13131313131313133,24.48634206294082
H,coarse,0.08,27,max_net,0.25,7,335,335,256,0,13,2145,0.9973911619859964,4.585,0.13131313131313133,24.48634206294082
H,coarse,0.08,28,max_net,0.25,7,335,335,256,0,13,2145,0.998698181643442,4.585,0.13131313131313133,24.48634206294082
H,coarse,0.08,29,max_net,0.25,7,335,335,256,0,13,2145,0.9995058888774295,4.585,0.13131313131313133,24.48634206294082
H,coarse,0.08,30,max_net,0.25,7,335,335,256,0,13,2145,0.9965839778103887,4.585,0.13131313131313133,24.48634206294082
H,coarse,0.08,31,max_net,0.25,7,335,335,256,0,13,2145,0.9895907047541682,4.585,0.13131313131313133,24.48634206294082
H,coarse,0.08,32,max_net,0.25,7,335,335,256,0,13,2145,0.9994272182167656,4.585,0.13131313131313133,24.48634206294082
H,coarse,0.08,33,max_net,0.25,7,335,335,256,0,13,2145,0.9945564087037531,4.585,0.13131313131313133,24.48634206294082
H,coarse,0.08,34,max_net,0.25,7,335,335,256,0,13,2145,0.9890411190541218,4.585,0.13131313131313133,24.48634206294082
H,coarse,0.08,35,max_net,0.25,7,335,335,256,0,13,2145,0.9914456148469191,4.585,0.13131313131313133,24.48634206294082
H,coarse,0.08,36,max_net,0.25,7,335,335,256,0,13,2145,0.9987470499311271,4.585,0.13131313131313133,24.48634206294082
H,coarse,0.08,37,max_net,0.25,7,335,335,256,0,13,2145,0.9941543904036944,4.585,0.13131313131313133,24.48634206294082
H,coarse,0.08,38,max_net,0.25,7,335,335,256,0,13,2145,0.9990868178386036,4.585,0.13131313131313133,24.48634206294082
H,coarse,0.08,39,max_net,0.25,7,335,335,256,0,13,2145,0.9959437016992954,4.585,0.13131313131313133,24.48634206294082
H,coarse,0.08,40,max_net,0.25,7,335,335,256,0,13,2145,0.9995511679608879,4.585,0.13131313131313133,24.48634206294082
H,coarse,0.08,41,max_net,0.25,7,335,335,256,0,13,2145,0.9975542591343962,4.585,0.13131313131313133,24.48634206294082
H,coarse,0.08,42,max_net,0.25,7,335,335,256,0,13,2145,0.9944212807528028,4.585,0.13131313131313133,24.48634206294082
H,coarse,0.08,43,max_net,0.25,7,335,335,256,0,13,2145,0.9971037179479838,4.585,0.13131313131313133,24.48634206294082
H,coarse,0.08,44,max_net,0.25,7,335,335,256,0,13,2145,0.99903299861159,4.585,0.13131313131313133,24.48634206294082
H,coarse,0.08,45,max_net,0.25,7,335,335,256,0,13,2145,0.9958164987516782,4.585,0.13131313131313133,24.48634206294082
H,coarse,0.08,46,max_net,0.25,7,335,335,256,0,13,2145,0.9994277148775614,4.585,0.13131313131313133,24.48634206294082
H,coarse,0.08,47,max_net,0.25,7,335,335,256,0,13,2145,0.9963598612636108,4.585,0.13131313131313133,24.48634206294082
H,coarse,0.08,48,max_net,0.25,7,335,335,256,0,13,2145,0.9983859279263909,4.585,0.13131313131313133,24.48634206294082
H,coarse,0.08,49,max_net,0.25,7,335,335,256,0,13,2145,0.9992367442825777,4.585,0.13131313131313133,24.48634206294082
H,coarse,0.08,50,max_net,0.25,7,335,335,256,0,13,2145,0.9943862688906695,4.585,0.13131313131313133,24.48634206294082
H,coarse,0.08,51,max_net,0.25,7,335,335,256,0,13,2145,0.9964104696480525,4.585,0.13131313131313133,24.48634206294082
H,coarse,0.08,52,max_net,0.25,7,335,335,256,0,13,2145,0.9981353562983468,4.585,0.13131313131313133,24.48634206294082
H,coarse,0.08,53,max_net,0.25,7,335,335,256,0,13,2145,0.9916855425558472,4.585,0.13131313131313133,24.48634206294082
H,coarse,0.08,54,max_net,0.25,7,335,335,256,0,13,2145,0.9883808915181871,4.585,0.13131313131313133,24.48634206294082
H,coarse,0.08,55,max_net,0.25,7,335,335,256,0,13,2145,0.9990471268276884,4.585,0.13131313131313133,24.48634206294082
H,coarse,0.08,56,max_net,0.25,7,335,335,256,0,13,2145,0.9879819031923855,4.585,0.13131313131313133,24.48634206294082
H,coarse,0.08,57,max_net,0.25,7,335,335,256,0,13,2145,0.9905992564701669,4.585,0.13131313131313133,24.48634206294082
H,coarse,0.08,58,max_net,0.25,7,335,335,256,0,13,2145,0.995848392531828,4.585,0.13131313131313133,24.48634206294082
H,coarse,0.08,59,max_net,0.25,7,335,335,256,0,13,2145,0.9917055112902812,4.585,0.13131313131313133,24.48634206294082
H,hard_augmented,0.0,10,max_net,0.25,7,549,335,256,214,13,2145,0.9991766993707871,4.865,0.08080808080808081,39.12879464495927
H,hard_augmented,0.0,11,max_net,0.25,7,549,335,256,214,13,2145,0.9991766993707871,4.865,0.08080808080808081,39.12879464495927
H,hard_augmented,0.0,12,max_net,0.25,7,549,335,256,214,13,2145,0.9991766993707871,4.865,0.08080808080808081,39.12879464495927
H,hard_augmented,0.0,13,max_net,0.25,7,549,335,256,214,13,2145,0.9991766993707871,4.865,0.08080808080808081,39.12879464495927
H,hard_augmented,0.0,14,max_net,0.25,7,549,335,256,214,13,2145,0.9991766993707871,4.865,0.08080808080808081,39.12879464495927
H,hard_augmented,0.0,15,max_net,0.25,7,549,335,256,214,13,2145,0.9991766993707871,4.865,0.08080808080808081,39.12879464495927
H,hard_augmented,0.0,16,max_net,0.25,7,549,335,256,214,13,2145,0.9991766993707871,4.865,0.08080808080808081,39.12879464495927
H,hard_augmented,0.0,17,max_net,0.25,7,549,335,256,214,13,2145,0.9991766993707871,4.865,0.08080808080808081,39.12879464495927
H,hard_augmented,0.0,18,max_net,0.25,7,549,335,256,214,13,2145,0.9991766993707871,4.865,0.08080808080808081,39.12879464495927
H,hard_augmented,0.0,19,max_net,0.25,7,549,335,256,214,13,2145,0.9991766993707871,4.865,0.08080808080808081,39.12879464495927
H,hard_augmented,0.0,20,max_net,0.25,7,549,335,256,214,13,2145,0.9991766993707871,4.865,0.08080808080808081,39.12879464495927
H,hard_augmented,0.0,21,max_net,0.25,7,549,335,256,214,13,2145,0.9991766993707871,4.865,0.08080808080808081,39.12879464495927
H,hard_augmented,0.0,22,max_net,0.25,7,549,335,256,214,13,2145,0.9991766993707871,4.865,0.08080808080808081,39.12879464495927
H,hard_augmented,0.0,23,max_net,0.25,7,549,335,256,214,13,2145,0.9991766993707871,4.865,0.08080808080808081,39.12879464495927
H,hard_augmented,0.0,24,max_net,0.25,7,549,335,256,214,13,2145,0.9991766993707871,4.865,0.08080808080808081,39.12879464495927
H,hard_augmented,0.0,25,max_net,0.25,7,549,335,256,214,13,2145,0.9991766993707871,4.865,0.08080808080808081,39.12879464495927
H,hard_augmented,0.0,26,max_net,0.25,7,549,335,256,214,13,2145,0.9991766993707871,4.865,0.08080808080808081,39.12879464495927
H,hard_augmented,0.0,27,max_net,0.25,7,549,335,256,214,13,2145,0.9991766993707871,4.865,0.08080808080808081,39.12879464495927
H,hard_augmented,0.0,28,max_net,0.25,7,549,335,256,214,13,2145,0.9991766993707871,4.865,0.08080808080808081,39.12879464495927
H,hard_augmented,0.0,29,max_net,0.25,7,549,335,256,214,13,2145,0.9991766993707871,4.865,0.08080808080808081,39.12879464495927
H,hard_augmented,0.0,30,max_net,0.25,7,549,335,256,214,13,2145,0.9991766993707871,4.865,0.08080808080808081,39.12879464495927
H,hard_augmented,0.0,31,max_net,0.25,7,549,335,256,214,13,2145,0.9991766993707871,4.865,0.08080808080808081,39.12879464495927
H,hard_augmented,0.0,32,max_net,0.25,7,549,335,256,214,13,2145,0.9991766993707871,4.865,0.08080808080808081,39.12879464495927
H,hard_augmented,0.0,33,max_net,0.25,7,549,335,256,214,13,2145,0.9991766993707871,4.865,0.08080808080808081,39.12879464495927
H,hard_augmented,0.0,34,max_net,0.25,7,549,335,256,214,13,2145,0.9991766993707871,4.865,0.08080808080808081,39.12879464495927
H,hard_augmented,0.0,35,max_net,0.25,7,549,335,256,214,13,2145,0.9991766993707871,4.865,0.08080808080808081,39.12879464495927
H,hard_augmented,0.0,36,max_net,0.25,7,549,335,256,214,13,2145,0.9991766993707871,4.865,0.08080808080808081,39.12879464495927
H,hard_augmented,0.0,37,max_net,0.25,7,549,335,256,214,13,2145,0.9991766993707871,4.865,0.08080808080808081,39.12879464495927
H,hard_augmented,0.0,38,max_net,0.25,7,549,335,256,214,13,2145,0.9991766993707871,4.865,0.08080808080808081,39.12879464495927
H,hard_augmented,0.0,39,max_net,0.25,7,549,335,256,214,13,2145,0.9991766993707871,4.865,0.08080808080808081,39.12879464495927
H,hard_augmented,0.0,40,max_net,0.25,7,549,335,256,214,13,2145,0.9991766993707871,4.865,0.08080808080808081,39.12879464495927
H,hard_augmented,0.0,41,max_net,0.25,7,549,335,256,214,13,2145,0.9991766993707871,4.865,0.08080808080808081,39.12879464495927
H,hard_augmented,0.0,42,max_net,0.25,7,549,335,256,214,13,2145,0.9991766993707871,4.865,0.08080808080808081,39.12879464495927
H,hard_augmented,0.0,43,max_net,0.25,7,549,335,256,214,13,2145,0.9991766993707871,4.865,0.08080808080808081,39.12879464495927
H,hard_augmented,0.0,44,max_net,0.25,7,549,335,256,214,13,2145,0.9991766993707871,4.865,0.08080808080808081,39.12879464495927
H,hard_augmented,0.0,45,max_net,0.25,7,549,335,256,214,13,2145,0.9991766993707871,4.865,0.08080808080808081,39.12879464495927
H,hard_augmented,0.0,46,max_net,0.25,7,549,335,256,214,13,2145,0.9991766993707871,4.865,0.08080808080808081,39.12879464495927
H,hard_augmented,0.0,47,max_net,0.25,7,549,335,256,214,13,2145,0.9991766993707871,4.865,0.08080808080808081,39.12879464495927
H,hard_augmented,0.0,48,max_net,0.25,7,549,335,256,214,13,2145,0.9991766993707871,4.865,0.08080808080808081,39.12879464495927
H,hard_augmented,0.0,49,max_net,0.25,7,549,335,256,214,13,2145,0.9991766993707871,4.865,0.08080808080808081,39.12879464495927
H,hard_augmented,0.0,50,max_net,0.25,7,549,335,256,214,13,2145,0.9991766993707871,4.865,0.08080808080808081,39.12879464495927
H,hard_augmented,0.0,51,max_net,0.25,7,549,335,256,214,13,2145,0.9991766993707871,4.865,0.08080808080808081,39.12879464495927
H,hard_augmented,0.0,52,max_net,0.25,7,549,335,256,214,13,2145,0.9991766993707871,4.865,0.08080808080808081,39.12879464495927
H,hard_augmented,0.0,53,max_net,0.25,7,549,335,256,214,13,2145,0.9991766993707871,4.865,0.08080808080808081,39.12879464495927
H,hard_augmented,0.0,54,max_net,0.25,7,549,335,256,214,13,2145,0.9991766993707871,4.865,0.08080808080808081,39.12879464495927
H,hard_augmented,0.0,55,max_net,0.25,7,549,335,256,214,13,2145,0.9991766993707871,4.865,0.08080808080808081,39.12879464495927
H,hard_augmented,0.0,56,max_net,0.25,7,549,335,256,214,13,2145,0.9991766993707871,4.865,0.08080808080808081,39.12879464495927
H,hard_augmented,0.0,57,max_net,0.25,7,549,335,256,214,13,2145,0.9991766993707871,4.865,0.08080808080808081,39.12879464495927
H,hard_augmented,0.0,58,max_net,0.25,7,549,335,256,214,13,2145,0.9991766993707871,4.865,0.08080808080808081,39.12879464495927
H,hard_augmented,0.0,59,max_net,0.25,7,549,335,256,214,13,2145,0.9991766993707871,4.865,0.08080808080808081,39.12879464495927
H,hard_augmented,0.02,10,max_net,0.25,7,549,335,256,214,13,2145,0.9980876857642998,4.865,0.08080808080808081,39.12879464495927
H,hard_augmented,0.02,11,max_net,0.25,7,549,335,256,214,13,2145,0.9995540359967547,4.865,0.08080808080808081,39.12879464495927
H,hard_augmented,0.02,12,max_net,0.25,7,549,335,256,214,13,2145,0.9995631550395165,4.865,0.08080808080808081,39.12879464495927
H,hard_augmented,0.02,13,max_net,0.25,7,549,335,256,214,13,2145,0.9983811509177731,4.865,0.08080808080808081,39.12879464495927
H,hard_augmented,0.02,14,max_net,0.25,7,549,335,256,214,13,2145,0.9977053477417388,4.865,0.08080808080808081,39.12879464495927
H,hard_augmented,0.02,15,max_net,0.25,7,549,335,256,214,13,2145,0.9987866290256284,4.865,0.08080808080808081,39.12879464495927
H,hard_augmented,0.02,16,max_net,0.25,7,549,335,256,214,13,2145,0.9996062518960056,4.865,0.08080808080808081,39.12879464495927
H,hard_augmented,0.02,17,max_net,0.25,7,549,335,256,214,13,2145,0.9991350005706036,4.865,0.08080808080808081,39.12879464495927
H,hard_augmented,0.02,18,max_net,0.25,7,549,335,256,214,13,2145,0.998656814945601,4.865,0.08080808080808081,39.12879464495927
H,hard_augmented,0.02,19,max_net,0.25,7,549,335,256,214,13,2145,0.9996193935014441,4.865,0.08080808080808081,39.12879464495927
H,hard_augmented,0.02,20,max_net,0.25,7,549,335,256,214,13,2145,0.9995757057977085,4.865,0.08080808080808081,39.12879464495927
H,hard_augmented,0.02,21,max_net,0.25,7,549,335,256,214,13,2145,0.9992890484372505,4.865,0.08080808080808081,39.12879464495927
H,hard_augmented,0.02,22,max_net,0.25,7,549,335,256,214,13,2145,0.997899910549453,4.865,0.08080808080808081,39.12879464495927
H,hard_augmented,0.02,23,max_net,0.25,7,549,335,256,214,13,2145,0.9993591372706747,4.865,0.08080808080808081,39.12879464495927
H,hard_augmented,0.02,24,max_net,0.25,7,549,335,256,214,13,2145,0.9989125392900213,4.865,0.08080808080808081,39.12879464495927
H,hard_augmented,0.02,25,max_net,0.25,7,549,335,256,214,13,2145,0.9984841556246158,4.865,0.08080808080808081,39.12879464495927
H,hard_augmented,0.02,26,max_net,0.25,7,549,335,256,214,13,2145,0.9985084085180167,4.865,0.08080808080808081,39.12879464495927
H,hard_augmented,0.02,27,max_net,0.25,7,549,335,256,214,13,2145,0.9995064881415137,4.865,0.08080808080808081,39.12879464495927
H,hard_augmented,0.02,28,max_net,0.25,7,549,335,256,214,13,2145,0.9991564243235473,4.865,0.08080808080808081,39.12879464495927
H,hard_augmented,0.02,29,max_net,0.25,7,549,335,256,214,13,2145,0.9990199356895972,4.865,0.08080808080808081,39.12879464495927
H,hard_augmented,0.02,30,max_net,0.25,7,549,335,256,214,13,2145,0.999199779117862,4.865,0.08080808080808081,39.12879464495927
H,hard_augmented,0.02,31,max_net,0.25,7,549,335,256,214,13,2145,0.9996049553393109,4.865,0.08080808080808081,39.12879464495927
H,hard_augmented,0.02,32,max_net,0.25,7,549,335,256,214,13,2145,0.999517402905449,4.865,0.08080808080808081,39.12879464495927
H,hard_augmented,0.02,33,max_net,0.25,7,549,335,256,214,13,2145,0.9989588994387799,4.865,0.08080808080808081,39.12879464495927
H,hard_augmented,0.02,34,max_net,0.25,7,549,335,256,214,13,2145,0.9992801558248312,4.865,0.08080808080808081,39.12879464495927
H,hard_augmented,0.02,35,max_net,0.25,7,549,335,256,214,13,2145,0.9996209203080361,4.865,0.08080808080808081,39.12879464495927
H,hard_augmented,0.02,36,max_net,0.25,7,549,335,256,214,13,2145,0.9987336935563993,4.865,0.08080808080808081,39.12879464495927
H,hard_augmented,0.02,37,max_net,0.25,7,549,335,256,214,13,2145,0.9981014728648616,4.865,0.08080808080808081,39.12879464495927
H,hard_augmented,0.02,38,max_net,0.25,7,549,335,256,214,13,2145,0.9992781004440459,4.865,0.08080808080808081,39.12879464495927
H,hard_augmented,0.02,39,max_net,0.25,7,549,335,256,214,13,2145,0.9995615826303681,4.865,0.08080808080808081,39.12879464495927
H,hard_augmented,0.02,40,max_net,0.25,7,549,335,256,214,13,2145,0.9979397954379504,4.865,0.08080808080808081,39.12879464495927
H,hard_augmented,0.02,41,max_net,0.25,7,549,335,256,214,13,2145,0.9993573871457778,4.865,0.08080808080808081,39.12879464495927
H,hard_augmented,0.02,42,max_net,0.25,7,549,335,256,214,13,2145,0.9987321194887446,4.865,0.08080808080808081,39.12879464495927
H,hard_augmented,0.02,43,max_net,0.25,7,549,335,256,214,13,2145,0.9994180770841447,4.865,0.08080808080808081,39.12879464495927
H,hard_augmented,0.02,44,max_net,0.25,7,549,335,256,214,13,2145,0.9992759379575744,4.865,0.08080808080808081,39.12879464495927
H,hard_augmented,0.02,45,max_net,0.25,7,549,335,256,214,13,2145,0.998380931845832,4.865,0.08080808080808081,39.12879464495927
H,hard_augmented,0.02,46,max_net,0.25,7,549,335,256,214,13,2145,0.9996250009524644,4.865,0.08080808080808081,39.12879464495927
H,hard_augmented,0.02,47,max_net,0.25,7,549,335,256,214,13,2145,0.9984272429352052,4.865,0.08080808080808081,39.12879464495927
H,hard_augmented,0.02,48,max_net,0.25,7,549,335,256,214,13,2145,0.9996315019865528,4.865,0.08080808080808081,39.12879464495927
H,hard_augmented,0.02,49,max_net,0.25,7,549,335,256,214,13,2145,0.9995905493965779,4.865,0.08080808080808081,39.12879464495927
H,hard_augmented,0.02,50,max_net,0.25,7,549,335,256,214,13,2145,0.9990947342936407,4.865,0.08080808080808081,39.12879464495927
H,hard_augmented,0.02,51,max_net,0.25,7,549,335,256,214,13,2145,0.9983891128629855,4.865,0.08080808080808081,39.12879464495927
H,hard_augmented,0.02,52,max_net,0.25,7,549,335,256,214,13,2145,0.9993718953439137,4.865,0.08080808080808081,39.12879464495927
H,hard_augmented,0.02,53,max_net,0.25,7,549,335,256,214,13,2145,0.9989970090039585,4.865,0.08080808080808081,39.12879464495927
H,hard_augmented,0.02,54,max_net,0.25,7,549,335,256,214,13,2145,0.9994695257545957,4.865,0.08080808080808081,39.12879464495927
H,hard_augmented,0.02,55,max_net,0.25,7,549,335,256,214,13,2145,0.9977757994389655,4.865,0.08080808080808081,39.12879464495927
H,hard_augmented,0.02,56,max_net,0.25,7,549,335,256,214,13,2145,0.9995747375633961,4.865,0.08080808080808081,39.12879464495927
H,hard_augmented,0.02,57,max_net,0.25,7,549,335,256,214,13,2145,0.9995264072286862,4.865,0.08080808080808081,39.12879464495927
H,hard_augmented,0.02,58,max_net,0.25,7,549,335,256,214,13,2145,0.9983970446224617,4.865,0.08080808080808081,39.12879464495927
H,hard_augmented,0.02,59,max_net,0.25,7,549,335,256,214,13,2145,0.9996017985984171,4.865,0.08080808080808081,39.12879464495927
H,hard_augmented,0.05,10,max_net,0.25,7,549,335,256,214,13,2145,0.9950811471274026,4.865,0.08080808080808081,39.12879464495927
H,hard_augmented,0.05,11,max_net,0.25,7,549,335,256,214,13,2145,0.9975538354728795,4.865,0.08080808080808081,39.12879464495927
H,hard_augmented,0.05,12,max_net,0.25,7,549,335,256,214,13,2145,0.9975512861087291,4.865,0.08080808080808081,39.12879464495927
H,hard_augmented,0.05,13,max_net,0.25,7,549,335,256,214,13,2145,0.9965739158793019,4.865,0.08080808080808081,39.12879464495927
H,hard_augmented,0.05,14,max_net,0.25,7,549,335,256,214,13,2145,0.993451649715215,4.865,0.08080808080808081,39.12879464495927
H,hard_augmented,0.05,15,max_net,0.25,7,549,335,256,214,13,2145,0.9979991595783874,4.865,0.08080808080808081,39.12879464495927
H,hard_augmented,0.05,16,max_net,0.25,7,549,335,256,214,13,2145,0.9985379880355374,4.865,0.08080808080808081,39.12879464495927
H,hard_augmented,0.05,17,max_net,0.25,7,549,335,256,214,13,2145,0.999063842571799,4.865,0.08080808080808081,39.12879464495927
H,hard_augmented,0.05,18,max_net,0.25,7,549,335,256,214,13,2145,0.9976459237788906,4.865,0.08080808080808081,39.12879464495927
H,hard_augmented,0.05,19,max_net,0.25,7,549,335,256,214,13,2145,0.9981236175143392,4.865,0.08080808080808081,39.12879464495927
H,hard_augmented,0.05,20,max_net,0.25,7,549,335,256,214,13,2145,0.9978554414792449,4.865,0.08080808080808081,39.12879464495927
H,hard_augmented,0.05,21,max_net,0.25,7,549,335,256,214,13,2145,0.9994145495154666,4.865,0.08080808080808081,39.12879464495927
H,hard_augmented,0.05,22,max_net,0.25,7,549,335,256,214,13,2145,0.9942708281111818,4.865,0.08080808080808081,39.12879464495927
H,hard_augmented,0.05,23,max_net,0.25,7,549,335,256,214,13,2145,0.9993764793936624,4.865,0.08080808080808081,39.12879464495927
H,hard_augmented,0.05,24,max_net,0.25,7,549,335,256,214,13,2145,0.9984225568107861,4.865,0.08080808080808081,39.12879464495927
H,hard_augmented,0.05,25,max_net,0.25,7,549,335,256,214,13,2145,0.9968203708514328,4.865,0.08080808080808081,39.12879464495927
H,hard_augmented,0.05,26,max_net,0.25,7,549,335,256,214,13,2145,0.9970681341019616,4.865,0.08080808080808081,39.12879464495927
H,hard_augmented,0.05,27,max_net,0.25,7,549,335,256,214,13,2145,0.9985764074653323,4.865,0.08080808080808081,39.12879464495927
H,hard_augmented,0.05,28,max_net,0.25,7,549,335,256,214,13,2145,0.999001792079982,4.865,0.08080808080808081,39.12879464495927
H,hard_augmented,0.05,29,max_net,0.25,7,549,335,256,214,13,2145,0.9985753119043792,4.865,0.08080808080808081,39.12879464495927
H,hard_augmented,0.05,30,max_net,0.25,7,549,335,256,214,13,2145,0.9992326326261666,4.865,0.08080808080808081,39.12879464495927
H,hard_augmented,0.05,31,max_net,0.25,7,549,335,256,214,13,2145,0.9988819335614705,4.865,0.08080808080808081,39.12879464495927
H,hard_augmented,0.05,32,max_net,0.25,7,549,335,256,214,13,2145,0.999220210928504,4.865,0.08080808080808081,39.12879464495927
H,hard_augmented,0.05,33,max_net,0.25,7,549,335,256,214,13,2145,0.9985339568347862,4.865,0.08080808080808081,39.12879464495927
H,hard_augmented,0.05,34,max_net,0.25,7,549,335,256,214,13,2145,0.9992688227249922,4.865,0.08080808080808081,39.12879464495927
H,hard_augmented,0.05,35,max_net,0.25,7,549,335,256,214,13,2145,0.9989934581593436,4.865,0.08080808080808081,39.12879464495927
H,hard_augmented,0.05,36,max_net,0.25,7,549,335,256,214,13,2145,0.9976649256228967,4.865,0.08080808080808081,39.12879464495927
H,hard_augmented,0.05,37,max_net,0.25,7,549,335,256,214,13,2145,0.9952252455365131,4.865,0.08080808080808081,39.12879464495927
H,hard_augmented,0.05,38,max_net,0.25,7,549,335,256,214,13,2145,0.9991815041175867,4.865,0.08080808080808081,39.12879464495927
H,hard_augmented,0.05,39,max_net,0.25,7,549,335,256,214,13,2145,0.9975468585435081,4.865,0.08080808080808081,39.12879464495927
H,hard_augmented,0.05,40,max_net,0.25,7,549,335,256,214,13,2145,0.9944967446972588,4.865,0.08080808080808081,39.12879464495927
H,hard_augmented,0.05,41,max_net,0.25,7,549,335,256,214,13,2145,0.9994793461309166,4.865,0.08080808080808081,39.12879464495927
H,hard_augmented,0.05,42,max_net,0.25,7,549,335,256,214,13,2145,0.9978807118814577,4.865,0.08080808080808081,39.12879464495927
H,hard_augmented,0.05,43,max_net,0.25,7,549,335,256,214,13,2145,0.9996137643763474,4.865,0.08080808080808081,39.12879464495927
H,hard_augmented,0.05,44,max_net,0.25,7,549,335,256,214,13,2145,0.9991664572733429,4.865,0.08080808080808081,39.12879464495927
H,hard_augmented,0.05,45,max_net,0.25,7,549,335,256,214,13,2145,0.9965423089074902,4.865,0.08080808080808081,39.12879464495927
H,hard_augmented,0.05,46,max_net,0.25,7,549,335,256,214,13,2145,0.9992472010952846,4.865,0.08080808080808081,39.12879464495927
H,hard_augmented,0.05,47,max_net,0.25,7,549,335,256,214,13,2145,0.9964319550869307,4.865,0.08080808080808081,39.12879464495927
H,hard_augmented,0.05,48,max_net,0.25,7,549,335,256,214,13,2145,0.9983573587779107,4.865,0.08080808080808081,39.12879464495927
H,hard_augmented,0.05,49,max_net,0.25,7,549,335,256,214,13,2145,0.9982821460854869,4.865,0.08080808080808081,39.12879464495927
H,hard_augmented,0.05,50,max_net,0.25,7,549,335,256,214,13,2145,0.9988466971766118,4.865,0.08080808080808081,39.12879464495927
H,hard_augmented,0.05,51,max_net,0.25,7,549,335,256,214,13,2145,0.9965364891581359,4.865,0.08080808080808081,39.12879464495927
H,hard_augmented,0.05,52,max_net,0.25,7,549,335,256,214,13,2145,0.9994908232118875,4.865,0.08080808080808081,39.12879464495927
H,hard_augmented,0.05,53,max_net,0.25,7,549,335,256,214,13,2145,0.9986897406644181,4.865,0.08080808080808081,39.12879464495927
H,hard_augmented,0.05,54,max_net,0.25,7,549,335,256,214,13,2145,0.9995737872243917,4.865,0.08080808080808081,39.12879464495927
H,hard_augmented,0.05,55,max_net,0.25,7,549,335,256,214,13,2145,0.9940101332070087,4.865,0.08080808080808081,39.12879464495927
H,hard_augmented,0.05,56,max_net,0.25,7,549,335,256,214,13,2145,0.9990686365038737,4.865,0.08080808080808081,39.12879464495927
H,hard_augmented,0.05,57,max_net,0.25,7,549,335,256,214,13,2145,0.9983509805460016,4.865,0.08080808080808081,39.12879464495927
H,hard_augmented,0.05,58,max_net,0.25,7,549,335,256,214,13,2145,0.9963196538604371,4.865,0.08080808080808081,39.12879464495927
H,hard_augmented,0.05,59,max_net,0.25,7,549,335,256,214,13,2145,0.998217044069804,4.865,0.08080808080808081,39.12879464495927
H,hard_augmented,0.08,10,max_net,0.25,7,549,335,256,214,13,2145,0.9905127060659087,4.865,0.08080808080808081,39.12879464495927
H,hard_augmented,0.08,11,max_net,0.25,7,549,335,256,214,13,2145,0.9926194923079366,4.865,0.08080808080808081,39.12879464495927
H,hard_augmented,0.08,12,max_net,0.25,7,549,335,256,214,13,2145,0.992552568890015,4.865,0.08080808080808081,39.12879464495927
H,hard_augmented,0.08,13,max_net,0.25,7,549,335,256,214,13,2145,0.9941802736431915,4.865,0.08080808080808081,39.12879464495927
H,hard_augmented,0.08,14,max_net,0.25,7,549,335,256,214,13,2145,0.9866548364591239,4.865,0.08080808080808081,39.12879464495927
H,hard_augmented,0.08,15,max_net,0.25,7,549,335,256,214,13,2145,0.9970560544131362,4.865,0.08080808080808081,39.12879464495927
H,hard_augmented,0.08,16,max_net,0.25,7,549,335,256,214,13,2145,0.9955118118143718,4.865,0.08080808080808081,39.12879464495927
H,hard_augmented,0.08,17,max_net,0.25,7,549,335,256,214,13,2145,0.9989662265155684,4.865,0.08080808080808081,39.12879464495927
H,hard_augmented,0.08,18,max_net,0.25,7,549,335,256,214,13,2145,0.9965070269572409,4.865,0.08080808080808081,39.12879464495927
H,hard_augmented,0.08,19,max_net,0.25,7,549,335,256,214,13,2145,0.9940893053080937,4.865,0.08080808080808081,39.12879464495927
H,hard_augmented,0.08,20,max_net,0.25,7,549,335,256,214,13,2145,0.9935028811494393,4.865,0.08080808080808081,39.12879464495927
H,hard_augmented,0.08,21,max_net,0.25,7,549,335,256,214,13,2145,0.9994631867289451,4.865,0.08080808080808081,39.12879464495927
H,hard_augmented,0.08,22,max_net,0.25,7,549,335,256,214,13,2145,0.9886645942240728,4.865,0.08080808080808081,39.12879464495927
H,hard_augmented,0.08,23,max_net,0.25,7,549,335,256,214,13,2145,0.9990409937305462,4.865,0.08080808080808081,39.12879464495927
H,hard_augmented,0.08,24,max_net,0.25,7,549,335,256,214,13,2145,0.9978225026147968,4.865,0.08080808080808081,39.12879464495927
H,hard_augmented,0.08,25,max_net,0.25,7,549,335,256,214,13,2145,0.9943966050923612,4.865,0.08080808080808081,39.12879464495927
H,hard_augmented,0.08,26,max_net,0.25,7,549,335,256,214,13,2145,0.9952802394076081,4.865,0.08080808080808081,39.12879464495927
H,hard_augmented,0.08,27,max_net,0.25,7,549,335,256,214,13,2145,0.9959510320631515,4.865,0.08080808080808081,39.12879464495927
H,hard_augmented,0.08,28,max_net,0.25,7,549,335,256,214,13,2145,0.9987058052695943,4.865,0.08080808080808081,39.12879464495927
H,hard_augmented,0.08,29,max_net,0.25,7,549,335,256,214,13,2145,0.9978995873353567,4.865,0.08080808080808081,39.12879464495927
H,hard_augmented,0.08,30,max_net,0.25,7,549,335,256,214,13,2145,0.9992410495410173,4.865,0.08080808080808081,39.12879464495927
H,hard_augmented,0.08,31,max_net,0.25,7,549,335,256,214,13,2145,0.996580682695408,4.865,0.08080808080808081,39.12879464495927
H,hard_augmented,0.08,32,max_net,0.25,7,549,335,256,214,13,2145,0.9978685495174325,4.865,0.08080808080808081,39.12879464495927
H,hard_augmented,0.08,33,max_net,0.25,7,549,335,256,214,13,2145,0.9980377725081842,4.865,0.08080808080808081,39.12879464495927
H,hard_augmented,0.08,34,max_net,0.25,7,549,335,256,214,13,2145,0.9990226552001149,4.865,0.08080808080808081,39.12879464495927
H,hard_augmented,0.08,35,max_net,0.25,7,549,335,256,214,13,2145,0.9968653741160849,4.865,0.08080808080808081,39.12879464495927
H,hard_augmented,0.08,36,max_net,0.25,7,549,335,256,214,13,2145,0.9961671010240829,4.865,0.08080808080808081,39.12879464495927
H,hard_augmented,0.08,37,max_net,0.25,7,549,335,256,214,13,2145,0.9907739000825815,4.865,0.08080808080808081,39.12879464495927
H,hard_augmented,0.08,38,max_net,0.25,7,549,335,256,214,13,2145,0.9987677954505569,4.865,0.08080808080808081,39.12879464495927
H,hard_augmented,0.08,39,max_net,0.25,7,549,335,256,214,13,2145,0.992522133218918,4.865,0.08080808080808081,39.12879464495927
H,hard_augmented,0.08,40,max_net,0.25,7,549,335,256,214,13,2145,0.9892679009397121,4.865,0.08080808080808081,39.12879464495927
H,hard_augmented,0.08,41,max_net,0.25,7,549,335,256,214,13,2145,0.9994112024849473,4.865,0.08080808080808081,39.12879464495927
H,hard_augmented,0.08,42,max_net,0.25,7,549,335,256,214,13,2145,0.9969224688542011,4.865,0.08080808080808081,39.12879464495927
H,hard_augmented,0.08,43,max_net,0.25,7,549,335,256,214,13,2145,0.9995393431915089,4.865,0.08080808080808081,39.12879464495927
H,hard_augmented,0.08,44,max_net,0.25,7,549,335,256,214,13,2145,0.9987302541255619,4.865,0.08080808080808081,39.12879464495927
H,hard_augmented,0.08,45,max_net,0.25,7,549,335,256,214,13,2145,0.9941219401709847,4.865,0.08080808080808081,39.12879464495927
H,hard_augmented,0.08,46,max_net,0.25,7,549,335,256,214,13,2145,0.9975165992606423,4.865,0.08080808080808081,39.12879464495927
H,hard_augmented,0.08,47,max_net,0.25,7,549,335,256,214,13,2145,0.9934186250696759,4.865,0.08080808080808081,39.12879464495927
H,hard_augmented,0.08,48,max_net,0.25,7,549,335,256,214,13,2145,0.9947025703372667,4.865,0.08080808080808081,39.12879464495927
H,hard_augmented,0.08,49,max_net,0.25,7,549,335,256,214,13,2145,0.9945909101035592,4.865,0.08080808080808081,39.12879464495927
H,hard_augmented,0.08,50,max_net,0.25,7,549,335,256,214,13,2145,0.9984627612199016,4.865,0.08080808080808081,39.12879464495927
H,hard_augmented,0.08,51,max_net,0.25,7,549,335,256,214,13,2145,0.9940521622108953,4.865,0.08080808080808081,39.12879464495927
H,hard_augmented,0.08,52,max_net,0.25,7,549,335,256,214,13,2145,0.9993884864261711,4.865,0.08080808080808081,39.12879464495927
H,hard_augmented,0.08,53,max_net,0.25,7,549,335,256,214,13,2145,0.9983775432249657,4.865,0.08080808080808081,39.12879464495927
H,hard_augmented,0.08,54,max_net,0.25,7,549,335,256,214,13,2145,0.9992387403502494,4.865,0.08080808080808081,39.12879464495927
H,hard_augmented,0.08,55,max_net,0.25,7,549,335,256,214,13,2145,0.9884333347177666,4.865,0.08080808080808081,39.12879464495927
H,hard_augmented,0.08,56,max_net,0.25,7,549,335,256,214,13,2145,0.9972630865691348,4.865,0.08080808080808081,39.12879464495927
H,hard_augmented,0.08,57,max_net,0.25,7,549,335,256,214,13,2145,0.9952164786820386,4.865,0.08080808080808081,39.12879464495927
H,hard_augmented,0.08,58,max_net,0.25,7,549,335,256,214,13,2145,0.9931761048799859,4.865,0.08080808080808081,39.12879464495927
H,hard_augmented,0.08,59,max_net,0.25,7,549,335,256,214,13,2145,0.994528514077863,4.865,0.08080808080808081,39.12879464495927
Z,coarse,0.0,10,mean_worst,0.25,7,335,335,256,0,13,2145,0.998844078756361,3.63,0.24242424242424243,20.776997446082532
Z,coarse,0.0,11,mean_worst,0.25,7,335,335,256,0,13,2145,0.998844078756361,3.63,0.24242424242424243,20.776997446082532
Z,coarse,0.0,12,mean_worst,0.25,7,335,335,256,0,13,2145,0.998844078756361,3.63,0.24242424242424243,20.776997446082532
Z,coarse,0.0,13,mean_worst,0.25,7,335,335,256,0,13,2145,0.998844078756361,3.63,0.24242424242424243,20.776997446082532
Z,coarse,0.0,14,mean_worst,0.25,7,335,335,256,0,13,2145,0.998844078756361,3.63,0.24242424242424243,20.776997446082532
Z,coarse,0.0,15,mean_worst,0.25,7,335,335,256,0,13,2145,0.998844078756361,3.63,0.24242424242424243,20.776997446082532
Z,coarse,0.0,16,mean_worst,0.25,7,335,335,256,0,13,2145,0.998844078756361,3.63,0.24242424242424243,20.776997446082532
Z,coarse,0.0,17,mean_worst,0.25,7,335,335,256,0,13,2145,0.998844078756361,3.63,0.24242424242424243,20.776997446082532
Z,coarse,0.0,18,mean_worst,0.25,7,335,335,256,0,13,2145,0.998844078756361,3.63,0.24242424242424243,20.776997446082532
Z,coarse,0.0,19,mean_worst,0.25,7,335,335,256,0,13,2145,0.998844078756361,3.63,0.24242424242424243,20.776997446082532
Z,coarse,0.0,20,mean_worst,0.25,7,335,335,256,0,13,2145,0.998844078756361,3.63,0.24242424242424243,20.776997446082532
Z,coarse,0.0,21,mean_worst,0.25,7,335,335,256,0,13,2145,0.998844078756361,3.63,0.24242424242424243,20.776997446082532
Z,coarse,0.0,22,mean_worst,0.25,7,335,335,256,0,13,2145,0.998844078756361,3.63,0.24242424242424243,20.776997446082532
Z,coarse,0.0,23,mean_worst,0.25,7,335,335,256,0,13,2145,0.998844078756361,3.63,0.24242424242424243,20.776997446082532
Z,coarse,0.0,24,mean_worst,0.25,7,335,335,256,0,13,2145,0.998844078756361,3.63,0.24242424242424243,20.776997446082532
Z,coarse,0.0,25,mean_worst,0.25,7,335,335,256,0,13,2145,0.998844078756361,3.63,0.24242424242424243,20.776997446082532
Z,coarse,0.0,26,mean_worst,0.25,7,335,335,256,0,13,2145,0.998844078756361,3.63,0.24242424242424243,20.776997446082532
Z,coarse,0.0,27,mean_worst,0.25,7,335,335,256,0,13,2145,0.998844078756361,3.63,0.24242424242424243,20.776997446082532
Z,coarse,0.0,28,mean_worst,0.25,7,335,335,256,0,13,2145,0.998844078756361,3.63,0.24242424242424243,20.776997446082532
Z,coarse,0.0,29,mean_worst,0.25,7,335,335,256,0,13,2145,0.998844078756361,3.63,0.24242424242424243,20.776997446082532
Z,coarse,0.0,30,mean_worst,0.25,7,335,335,256,0,13,2145,0.998844078756361,3.63,0.24242424242424243,20.776997446082532
Z,coarse,0.0,31,mean_worst,0.25,7,335,335,256,0,13,2145,0.998844078756361,3.63,0.24242424242424243,20.776997446082532
Z,coarse,0.0,32,mean_worst,0.25,7,335,335,256,0,13,2145,0.998844078756361,3.63,0.24242424242424243,20.776997446082532
Z,coarse,0.0,33,mean_worst,0.25,7,335,335,256,0,13,2145,0.998844078756361,3.63,0.24242424242424243,20.776997446082532
Z,coarse,0.0,34,mean_worst,0.25,7,335,335,256,0,13,2145,0.998844078756361,3.63,0.24242424242424243,20.776997446082532
Z,coarse,0.0,35,mean_worst,0.25,7,335,335,256,0,13,2145,0.998844078756361,3.63,0.24242424242424243,20.776997446082532
Z,coarse,0.0,36,mean_worst,0.25,7,335,335,256,0,13,2145,0.998844078756361,3.63,0.24242424242424243,20.776997446082532
Z,coarse,0.0,37,mean_worst,0.25,7,335,335,256,0,13,2145,0.998844078756361,3.63,0.24242424242424243,20.776997446082532
Z,coarse,0.0,38,mean_worst,0.25,7,335,335,256,0,13,2145,0.998844078756361,3.63,0.24242424242424243,20.776997446082532
Z,coarse,0.0,39,mean_worst,0.25,7,335,335,256,0,13,2145,0.998844078756361,3.63,0.24242424242424243,20.776997446082532
Z,coarse,0.0,40,mean_worst,0.25,7,335,335,256,0,13,2145,0.998844078756361,3.63,0.24242424242424243,20.776997446082532
Z,coarse,0.0,41,mean_worst,0.25,7,335,335,256,0,13,2145,0.998844078756361,3.63,0.24242424242424243,20.776997446082532
Z,coarse,0.0,42,mean_worst,0.25,7,335,335,256,0,13,2145,0.998844078756361,3.63,0.24242424242424243,20.776997446082532
Z,coarse,0.0,43,mean_worst,0.25,7,335,335,256,0,13,2145,0.998844078756361,3.63,0.24242424242424243,20.776997446082532
Z,coarse,0.0,44,mean_worst,0.25,7,335,335,256,0,13,2145,0.998844078756361,3.63,0.24242424242424243,20.776997446082532
Z,coarse,0.0,45,mean_worst,0.25,7,335,335,256,0,13,2145,0.998844078756361,3.63,0.24242424242424243,20.776997446082532
Z,coarse,0.0,46,mean_worst,0.25,7,335,335,256,0,13,2145,0.998844078756361,3.63,0.24242424242424243,20.776997446082532
Z,coarse,0.0,47,mean_worst,0.25,7,335,335,256,0,13,2145,0.998844078756361,3.63,0.24242424242424243,20.776997446082532
Z,coarse,0.0,48,mean_worst,0.25,7,335,335,256,0,13,2145,0.998844078756361,3.63,0.24242424242424243,20.776997446082532
Z,coarse,0.0,49,mean_worst,0.25,7,335,335,256,0,13,2145,0.998844078756361,3.63,0.24242424242424243,20.776997446082532
Z,coarse,0.0,50,mean_worst,0.25,7,335,335,256,0,13,2145,0.998844078756361,3.63,0.24242424242424243,20.776997446082532
Z,coarse,0.0,51,mean_worst,0.25,7,335,335,256,0,13,2145,0.998844078756361,3.63,0.24242424242424243,20.776997446082532
Z,coarse,0.0,52,mean_worst,0.25,7,335,335,256,0,13,2145,0.998844078756361,3.63,0.24242424242424243,20.776997446082532
Z,coarse,0.0,53,mean_worst,0.25,7,335,335,256,0,13,2145,0.998844078756361,3.63,0.24242424242424243,20.776997446082532
Z,coarse,0.0,54,mean_worst,0.25,7,335,335,256,0,13,2145,0.998844078756361,3.63,0.24242424242424243,20.776997446082532
Z,coarse,0.0,55,mean_worst,0.25,7,335,335,256,0,13,2145,0.998844078756361,3.63,0.24242424242424243,20.776997446082532
Z,coarse,0.0,56,mean_worst,0.25,7,335,335,256,0,13,2145,0.998844078756361,3.63,0.24242424242424243,20.776997446082532
Z,coarse,0.0,57,mean_worst,0.25,7,335,335,256,0,13,2145,0.998844078756361,3.63,0.24242424242424243,20.776997446082532
Z,coarse,0.0,58,mean_worst,0.25,7,335,335,256,0,13,2145,0.998844078756361,3.63,0.24242424242424243,20.776997446082532
Z,coarse,0.0,59,mean_worst,0.25,7,335,335,256,0,13,2145,0.998844078756361,3.63,0.24242424242424243,20.776997446082532
Z,coarse,0.02,10,mean_worst,0.25,7,335,335,256,0,13,2145,0.9991667438534619,3.63,0.24242424242424243,20.776997446082532
Z,coarse,0.02,11,mean_worst,0.25,7,335,335,256,0,13,2145,0.9979304172889644,3.63,0.24242424242424243,20.776997446082532
Z,coarse,0.02,12,mean_worst,0.25,7,335,335,256,0,13,2145,0.9980644387884003,3.63,0.24242424242424243,20.776997446082532
Z,coarse,0.02,13,mean_worst,0.25,7,335,335,256,0,13,2145,0.998577615717795,3.63,0.24242424242424243,20.776997446082532
Z,coarse,0.02,14,mean_worst,0.25,7,335,335,256,0,13,2145,0.9987760067377673,3.63,0.24242424242424243,20.776997446082532
Z,coarse,0.02,15,mean_worst,0.25,7,335,335,256,0,13,2145,0.9986960796495166,3.63,0.24242424242424243,20.776997446082532
Z,coarse,0.02,16,mean_worst,0.25,7,335,335,256,0,13,2145,0.9977389876008228,3.63,0.24242424242424243,20.776997446082532
Z,coarse,0.02,17,mean_worst,0.25,7,335,335,256,0,13,2145,0.9987165428780618,3.63,0.24242424242424243,20.776997446082532
Z,coarse,0.02,18,mean_worst,0.25,7,335,335,256,0,13,2145,0.9984444452436838,3.63,0.24242424242424243,20.776997446082532
Z,coarse,0.02,19,mean_worst,0.25,7,335,335,256,0,13,2145,0.9983455949254292,3.63,0.24242424242424243,20.776997446082532
Z,coarse,0.02,20,mean_worst,0.25,7,335,335,256,0,13,2145,0.9977921084210631,3.63,0.24242424242424243,20.776997446082532
Z,coarse,0.02,21,mean_worst,0.25,7,335,335,256,0,13,2145,0.9989910122316508,3.63,0.24242424242424243,20.776997446082532
Z,coarse,0.02,22,mean_worst,0.25,7,335,335,256,0,13,2145,0.9991572592315663,3.63,0.24242424242424243,20.776997446082532
Z,coarse,0.02,23,mean_worst,0.25,7,335,335,256,0,13,2145,0.9986406198441629,3.63,0.24242424242424243,20.776997446082532
Z,coarse,0.02,24,mean_worst,0.25,7,335,335,256,0,13,2145,0.9987283972180745,3.63,0.24242424242424243,20.776997446082532
Z,coarse,0.02,25,mean_worst,0.25,7,335,335,256,0,13,2145,0.9987169575568979,3.63,0.24242424242424243,20.776997446082532
Z,coarse,0.02,26,mean_worst,0.25,7,335,335,256,0,13,2145,0.9986551107081019,3.63,0.24242424242424243,20.776997446082532
Z,coarse,0.02,27,mean_worst,0.25,7,335,335,256,0,13,2145,0.9981481212999712,3.63,0.24242424242424243,20.776997446082532
Z,coarse,0.02,28,mean_worst,0.25,7,335,335,256,0,13,2145,0.9989952493079237,3.63,0.24242424242424243,20.776997446082532
Z,coarse,0.02,29,mean_worst,0.25,7,335,335,256,0,13,2145,0.9991193172688901,3.63,0.24242424242424243,20.776997446082532
Z,coarse,0.02,30,mean_worst,0.25,7,335,335,256,0,13,2145,0.9987568990134492,3.63,0.24242424242424243,20.776997446082532
Z,coarse,0.02,31,mean_worst,0.25,7,335,335,256,0,13,2145,0.9977152307897139,3.63,0.24242424242424243,20.776997446082532
Z,coarse,0.02,32,mean_worst,0.25,7,335,335,256,0,13,2145,0.9986608238022521,3.63,0.24242424242424243,20.776997446082532
Z,coarse,0.02,33,mean_worst,0.25,7,335,335,256,0,13,2145,0.998166572616251,3.63,0.24242424242424243,20.776997446082532
Z,coarse,0.02,34,mean_worst,0.25,7,335,335,256,0,13,2145,0.9977627221371967,3.63,0.24242424242424243,20.776997446082532
Z,coarse,0.02,35,mean_worst,0.25,7,335,335,256,0,13,2145,0.9979357317474395,3.63,0.24242424242424243,20.776997446082532
Z,coarse,0.02,36,mean_worst,0.25,7,335,335,256,0,13,2145,0.9990546841656879,3.63,0.24242424242424243,20.776997446082532
Z,coarse,0.02,37,mean_worst,0.25,7,335,335,256,0,13,2145,0.9987071128659321,3.63,0.24242424242424243,20.776997446082532
Z,coarse,0.02,38,mean_worst,0.25,7,335,335,256,0,13,2145,0.9984674208460108,3.63,0.24242424242424243,20.776997446082532
Z,coarse,0.02,39,mean_worst,0.25,7,335,335,256,0,13,2145,0.998146345712134,3.63,0.24242424242424243,20.776997446082532
Z,coarse,0.02,40,mean_worst,0.25,7,335,335,256,0,13,2145,0.9991461927290779,3.63,0.24242424242424243,20.776997446082532
Z,coarse,0.02,41,mean_worst,0.25,7,335,335,256,0,13,2145,0.9988220107580508,3.63,0.24242424242424243,20.776997446082532
Z,coarse,0.02,42,mean_worst,0.25,7,335,335,256,0,13,2145,0.9983113722110428,3.63,0.24242424242424243,20.776997446082532
Z,coarse,0.02,43,mean_worst,0.25,7,335,335,256,0,13,2145,0.9989785965290647,3.63,0.24242424242424243,20.776997446082532
Z,coarse,0.02,44,mean_worst,0.25,7,335,335,256,0,13,2145,0.9984427743673834,3.63,0.24242424242424243,20.776997446082532
Z,coarse,0.02,45,mean_worst,0.25,7,335,335,256,0,13,2145,0.9987930104514893,3.63,0.24242424242424243,20.776997446082532
Z,coarse,0.02,46,mean_worst,0.25,7,335,335,256,0,13,2145,0.9989483537997962,3.63,0.24242424242424243,20.776997446082532
Z,coarse,0.02,47,mean_worst,0.25,7,335,335,256,0,13,2145,0.9990373774098531,3.63,0.24242424242424243,20.776997446082532
Z,coarse,0.02,48,mean_worst,0.25,7,335,335,256,0,13,2145,0.9986302636607418,3.63,0.24242424242424243,20.776997446082532
Z,coarse,0.02,49,mean_worst,0.25,7,335,335,256,0,13,2145,0.9985907462278569,3.63,0.24242424242424243,20.776997446082532
Z,coarse,0.02,50,mean_worst,0.25,7,335,335,256,0,13,2145,0.9980749895474774,3.63,0.24242424242424243,20.776997446082532
Z,coarse,0.02,51,mean_worst,0.25,7,335,335,256,0,13,2145,0.9988589278754785,3.63,0.24242424242424243,20.776997446082532
Z,coarse,0.02,52,mean_worst,0.25,7,335,335,256,0,13,2145,0.9988818872611187,3.63,0.24242424242424243,20.776997446082532
Z,coarse,0.02,53,mean_worst,0.25,7,335,335,256,0,13,2145,0.9980698194458474,3.63,0.24242424242424243,20.776997446082532
Z,coarse,0.02,54,mean_worst,0.25,7,335,335,256,0,13,2145,0.9978150694599881,3.63,0.24242424242424243,20.776997446082532
Z,coarse,0.02,55,mean_worst,0.25,7,335,335,256,0,13,2145,0.9988408084311983,3.63,0.24242424242424243,20.776997446082532
Z,coarse,0.02,56,mean_worst,0.25,7,335,335,256,0,13,2145,0.9975774093194504,3.63,0.24242424242424243,20.776997446082532
Z,coarse,0.02,57,mean_worst,0.25,7,335,335,256,0,13,2145,0.9975562349961211,3.63,0.24242424242424243,20.776997446082532
Z,coarse,0.02,58,mean_worst,0.25,7,335,335,256,0,13,2145,0.9990045921480097,3.63,0.24242424242424243,20.776997446082532
Z,coarse,0.02,59,mean_worst,0.25,7,335,335,256,0,13,2145,0.9978261705410727,3.63,0.24242424242424243,20.776997446082532
Z,coarse,0.05,10,mean_worst,0.25,7,335,335,256,0,13,2145,0.999095512863724,3.63,0.24242424242424243,20.776997446082532
Z,coarse,0.05,11,mean_worst,0.25,7,335,335,256,0,13,2145,0.9949717394697857,3.63,0.24242424242424243,20.776997446082532
Z,coarse,0.05,12,mean_worst,0.25,7,335,335,256,0,13,2145,0.9955693118645708,3.63,0.24242424242424243,20.776997446082532
Z,coarse,0.05,13,mean_worst,0.25,7,335,335,256,0,13,2145,0.9979448324098361,3.63,0.24242424242424243,20.776997446082532
Z,coarse,0.05,14,mean_worst,0.25,7,335,335,256,0,13,2145,0.9964787181766775,3.63,0.24242424242424243,20.776997446082532
Z,coarse,0.05,15,mean_worst,0.25,7,335,335,256,0,13,2145,0.9979384456448728,3.63,0.24242424242424243,20.776997446082532
Z,coarse,0.05,16,mean_worst,0.25,7,335,335,256,0,13,2145,0.9937689904885405,3.63,0.24242424242424243,20.776997446082532
Z,coarse,0.05,17,mean_worst,0.25,7,335,335,256,0,13,2145,0.997460025143492,3.63,0.24242424242424243,20.776997446082532
Z,coarse,0.05,18,mean_worst,0.25,7,335,335,256,0,13,2145,0.997258152476076,3.63,0.24242424242424243,20.776997446082532
Z,coarse,0.05,19,mean_worst,0.25,7,335,335,256,0,13,2145,0.9966212955131104,3.63,0.24242424242424243,20.776997446082532
Z,coarse,0.05,20,mean_worst,0.25,7,335,335,256,0,13,2145,0.9941836833372617,3.63,0.24242424242424243,20.776997446082532
Z,coarse,0.05,21,mean_worst,0.25,7,335,335,256,0,13,2145,0.9980255365410433,3.63,0.24242424242424243,20.776997446082532
Z,coarse,0.05,22,mean_worst,0.25,7,335,335,256,0,13,2145,0.9989082196735042,3.63,0.24242424242424243,20.776997446082532
Z,coarse,0.05,23,mean_worst,0.25,7,335,335,256,0,13,2145,0.9978817506146223,3.63,0.24242424242424243,20.776997446082532
Z,coarse,0.05,24,mean_worst,0.25,7,335,335,256,0,13,2145,0.9968914107494642,3.63,0.24242424242424243,20.776997446082532
Z,coarse,0.05,25,mean_worst,0.25,7,335,335,256,0,13,2145,0.996179559270504,3.63,0.24242424242424243,20.776997446082532
Z,coarse,0.05,26,mean_worst,0.25,7,335,335,256,0,13,2145,0.9980051072735017,3.63,0.24242424242424243,20.776997446082532
Z,coarse,0.05,27,mean_worst,0.25,7,335,335,256,0,13,2145,0.9963469073787872,3.63,0.24242424242424243,20.776997446082532
Z,coarse,0.05,28,mean_worst,0.25,7,335,335,256,0,13,2145,0.9988169368986518,3.63,0.24242424242424243,20.776997446082532
Z,coarse,0.05,29,mean_worst,0.25,7,335,335,256,0,13,2145,0.9991190964934147,3.63,0.24242424242424243,20.776997446082532
Z,coarse,0.05,30,mean_worst,0.25,7,335,335,256,0,13,2145,0.9975376363690648,3.63,0.24242424242424243,20.776997446082532
Z,coarse,0.05,31,mean_worst,0.25,7,335,335,256,0,13,2145,0.9936181189824126,3.63,0.24242424242424243,20.776997446082532
Z,coarse,0.05,32,mean_worst,0.25,7,335,335,256,0,13,2145,0.9981751483320398,3.63,0.24242424242424243,20.776997446082532
Z,coarse,0.05,33,mean_worst,0.25,7,335,335,256,0,13,2145,0.9963949054122453,3.63,0.24242424242424243,20.776997446082532
Z,coarse,0.05,34,mean_worst,0.25,7,335,335,256,0,13,2145,0.9943414416087963,3.63,0.24242424242424243,20.776997446082532
Z,coarse,0.05,35,mean_worst,0.25,7,335,335,256,0,13,2145,0.9945555793068221,3.63,0.24242424242424243,20.776997446082532
Z,coarse,0.05,36,mean_worst,0.25,7,335,335,256,0,13,2145,0.9990425552103498,3.63,0.24242424242424243,20.776997446082532
Z,coarse,0.05,37,mean_worst,0.25,7,335,335,256,0,13,2145,0.996175204662806,3.63,0.24242424242424243,20.776997446082532
Z,coarse,0.05,38,mean_worst,0.25,7,335,335,256,0,13,2145,0.9974892668564135,3.63,0.24242424242424243,20.776997446082532
Z,coarse,0.05,39,mean_worst,0.25,7,335,335,256,0,13,2145,0.9959924603964424,3.63,0.24242424242424243,20.776997446082532
Z,coarse,0.05,40,mean_worst,0.25,7,335,335,256,0,13,2145,0.999166081035764,3.63,0.24242424242424243,20.776997446082532
Z,coarse,0.05,41,mean_worst,0.25,7,335,335,256,0,13,2145,0.9982135826006377,3.63,0.24242424242424243,20.776997446082532
Z,coarse,0.05,42,mean_worst,0.25,7,335,335,256,0,13,2145,0.9969433530077304,3.63,0.24242424242424243,20.776997446082532
Z,coarse,0.05,43,mean_worst,0.25,7,335,335,256,0,13,2145,0.9983574945297773,3.63,0.24242424242424243,20.776997446082532
Z,coarse,0.05,44,mean_worst,0.25,7,335,335,256,0,13,2145,0.9974242717275458,3.63,0.24242424242424243,20.776997446082532
Z,coarse,0.05,45,mean_worst,0.25,7,335,335,256,0,13,2145,0.9984887321171994,3.63,0.24242424242424243,20.776997446082532
Z,coarse,0.05,46,mean_worst,0.25,7,335,335,256,0,13,2145,0.9989440602229807,3.63,0.24242424242424243,20.776997446082532
Z,coarse,0.05,47,mean_worst,0.25,7,335,335,256,0,13,2145,0.9974268228452476,3.63,0.24242424242424243,20.776997446082532
Z,coarse,0.05,48,mean_worst,0.25,7,335,335,256,0,13,2145,0.9978976572951568,3.63,0.24242424242424243,20.776997446082532
Z,coarse,0.05,49,mean_worst,0.25,7,335,335,256,0,13,2145,0.9980193560133304,3.63,0.24242424242424243,20.776997446082532
Z,coarse,0.05,50,mean_worst,0.25,7,335,335,256,0,13,2145,0.9960200598487592,3.63,0.24242424242424243,20.776997446082532
Z,coarse,0.05,51,mean_worst,0.25,7,335,335,256,0,13,2145,0.9986656077141418,3.63,0.24242424242424243,20.776997446082532
Z,coarse,0.05,52,mean_worst,0.25,7,335,335,256,0,13,2145,0.9984389279031987,3.63,0.24242424242424243,20.776997446082532
Z,coarse,0.05,53,mean_worst,0.25,7,335,335,256,0,13,2145,0.9958309288542506,3.63,0.24242424242424243,20.776997446082532
Z,coarse,0.05,54,mean_worst,0.25,7,335,335,256,0,13,2145,0.9940961476554349,3.63,0.24242424242424243,20.776997446082532
Z,coarse,0.05,55,mean_worst,0.25,7,335,335,256,0,13,2145,0.9985570161409716,3.63,0.24242424242424243,20.776997446082532
Z,coarse,0.05,56,mean_worst,0.25,7,335,335,256,0,13,2145,0.9930602780116096,3.63,0.24242424242424243,20.776997446082532
Z,coarse,0.05,57,mean_worst,0.25,7,335,335,256,0,13,2145,0.9933956427664067,3.63,0.24242424242424243,20.776997446082532
Z,coarse,0.05,58,mean_worst,0.25,7,335,335,256,0,13,2145,0.9971992237030867,3.63,0.24242424242424243,20.776997446082532
Z,coarse,0.05,59,mean_worst,0.25,7,335,335,256,0,13,2145,0.9942157358568017,3.63,0.24242424242424243,20.776997446082532
Z,coarse,0.08,10,mean_worst,0.25,7,335,335,256,0,13,2145,0.9984428249394215,3.63,0.24242424242424243,20.776997446082532
Z,coarse,0.08,11,mean_worst,0.25,7,335,335,256,0,13,2145,0.9899760797565764,3.63,0.24242424242424243,20.776997446082532
Z,coarse,0.08,12,mean_worst,0.25,7,335,335,256,0,13,2145,0.9913442347185126,3.63,0.24242424242424243,20.776997446082532
Z,coarse,0.08,13,mean_worst,0.25,7,335,335,256,0,13,2145,0.9969984603952114,3.63,0.24242424242424243,20.776997446082532
Z,coarse,0.08,14,mean_worst,0.25,7,335,335,256,0,13,2145,0.991669253246378,3.63,0.24242424242424243,20.776997446082532
Z,coarse,0.08,15,mean_worst,0.25,7,335,335,256,0,13,2145,0.9964530410156038,3.63,0.24242424242424243,20.776997446082532
Z,coarse,0.08,16,mean_worst,0.25,7,335,335,256,0,13,2145,0.986958518138789,3.63,0.24242424242424243,20.776997446082532
Z,coarse,0.08,17,mean_worst,0.25,7,335,335,256,0,13,2145,0.9949222147916068,3.63,0.24242424242424243,20.776997446082532
Z,coarse,0.08,18,mean_worst,0.25,7,335,335,256,0,13,2145,0.9952891578798178,3.63,0.24242424242424243,20.776997446082532
Z,coarse,0.08,19,mean_worst,0.25,7,335,335,256,0,13,2145,0.9936078472181549,3.63,0.24242424242424243,20.776997446082532
Z,coarse,0.08,20,mean_worst,0.25,7,335,335,256,0,13,2145,0.9880361625431715,3.63,0.24242424242424243,20.776997446082532
Z,coarse,0.08,21,mean_worst,0.25,7,335,335,256,0,13,2145,0.9957270105216738,3.63,0.24242424242424243,20.776997446082532
Z,coarse,0.08,22,mean_worst,0.25,7,335,335,256,0,13,2145,0.9978946655903234,3.63,0.24242424242424243,20.776997446082532
Z,coarse,0.08,23,mean_worst,0.25,7,335,335,256,0,13,2145,0.9965677331269299,3.63,0.24242424242424243,20.776997446082532
Z,coarse,0.08,24,mean_worst,0.25,7,335,335,256,0,13,2145,0.9930675581046662,3.63,0.24242424242424243,20.776997446082532
Z,coarse,0.08,25,mean_worst,0.25,7,335,335,256,0,13,2145,0.9908645368939673,3.63,0.24242424242424243,20.776997446082532
Z,coarse,0.08,26,mean_worst,0.25,7,335,335,256,0,13,2145,0.9968384174984894,3.63,0.24242424242424243,20.776997446082532
Z,coarse,0.08,27,mean_worst,0.25,7,335,335,256,0,13,2145,0.9935471240693582,3.63,0.24242424242424243,20.776997446082532
Z,coarse,0.08,28,mean_worst,0.25,7,335,335,256,0,13,2145,0.9981791265961807,3.63,0.24242424242424243,20.776997446082532
Z,coarse,0.08,29,mean_worst,0.25,7,335,335,256,0,13,2145,0.998684989215563,3.63,0.24242424242424243,20.776997446082532
Z,coarse,0.08,30,mean_worst,0.25,7,335,335,256,0,13,2145,0.9950300645658179,3.63,0.24242424242424243,20.776997446082532
Z,coarse,0.08,31,mean_worst,0.25,7,335,335,256,0,13,2145,0.9865882594471393,3.63,0.24242424242424243,20.776997446082532
Z,coarse,0.08,32,mean_worst,0.25,7,335,335,256,0,13,2145,0.9974319036980093,3.63,0.24242424242424243,20.776997446082532
Z,coarse,0.08,33,mean_worst,0.25,7,335,335,256,0,13,2145,0.9936466730500586,3.63,0.24242424242424243,20.776997446082532
Z,coarse,0.08,34,mean_worst,0.25,7,335,335,256,0,13,2145,0.9887544189427038,3.63,0.24242424242424243,20.776997446082532
Z,coarse,0.08,35,mean_worst,0.25,7,335,335,256,0,13,2145,0.9886787400871493,3.63,0.24242424242424243,20.776997446082532
Z,coarse,0.08,36,mean_worst,0.25,7,335,335,256,0,13,2145,0.9986609660542798,3.63,0.24242424242424243,20.776997446082532
Z,coarse,0.08,37,mean_worst,0.25,7,335,335,256,0,13,2145,0.990918102152879,3.63,0.24242424242424243,20.776997446082532
Z,coarse,0.08,38,mean_worst,0.25,7,335,335,256,0,13,2145,0.995987329672852,3.63,0.24242424242424243,20.776997446082532
Z,coarse,0.08,39,mean_worst,0.25,7,335,335,256,0,13,2145,0.9923691438816049,3.63,0.24242424242424243,20.776997446082532
Z,coarse,0.08,40,mean_worst,0.25,7,335,335,256,0,13,2145,0.9987480097090314,3.63,0.24242424242424243,20.776997446082532
Z,coarse,0.08,41,mean_worst,0.25,7,335,335,256,0,13,2145,0.9969030109851319,3.63,0.24242424242424243,20.776997446082532
Z,coarse,0.08,42,mean_worst,0.25,7,335,335,256,0,13,2145,0.9948177694622189,3.63,0.24242424242424243,20.776997446082532
Z,coarse,0.08,43,mean_worst,0.25,7,335,335,256,0,13,2145,0.9968478682617192,3.63,0.24242424242424243,20.776997446082532
Z,coarse,0.08,44,mean_worst,0.25,7,335,335,256,0,13,2145,0.9958759312644354,3.63,0.24242424242424243,20.776997446082532
Z,coarse,0.08,45,mean_worst,0.25,7,335,335,256,0,13,2145,0.9978516435972976,3.63,0.24242424242424243,20.776997446082532
Z,coarse,0.08,46,mean_worst,0.25,7,335,335,256,0,13,2145,0.9987413071049062,3.63,0.24242424242424243,20.776997446082532
Z,coarse,0.08,47,mean_worst,0.25,7,335,335,256,0,13,2145,0.9935659259663553,3.63,0.24242424242424243,20.776997446082532
Z,coarse,0.08,48,mean_worst,0.25,7,335,335,256,0,13,2145,0.9965857370669032,3.63,0.24242424242424243,20.776997446082532
Z,coarse,0.08,49,mean_worst,0.25,7,335,335,256,0,13,2145,0.9971531889626771,3.63,0.24242424242424243,20.776997446082532
Z,coarse,0.08,50,mean_worst,0.25,7,335,335,256,0,13,2145,0.9928188862455578,3.63,0.24242424242424243,20.776997446082532
Z,coarse,0.08,51,mean_worst,0.25,7,335,335,256,0,13,2145,0.9981637065036013,3.63,0.24242424242424243,20.776997446082532
Z,coarse,0.08,52,mean_worst,0.25,7,335,335,256,0,13,2145,0.997401855431384,3.63,0.24242424242424243,20.776997446082532
Z,coarse,0.08,53,mean_worst,0.25,7,335,335,256,0,13,2145,0.9922439282615321,3.63,0.24242424242424243,20.776997446082532
Z,coarse,0.08,54,mean_worst,0.25,7,335,335,256,0,13,2145,0.9877320724418444,3.63,0.24242424242424243,20.776997446082532
Z,coarse,0.08,55,mean_worst,0.25,7,335,335,256,0,13,2145,0.997995058316169,3.63,0.24242424242424243,20.776997446082532
Z,coarse,0.08,56,mean_worst,0.25,7,335,335,256,0,13,2145,0.9853942475028836,3.63,0.24242424242424243,20.776997446082532
Z,coarse,0.08,57,mean_worst,0.25,7,335,335,256,0,13,2145,0.9865195507926786,3.63,0.24242424242424243,20.776997446082532
Z,coarse,0.08,58,mean_worst,0.25,7,335,335,256,0,13,2145,0.9929699826769723,3.63,0.24242424242424243,20.776997446082532
Z,coarse,0.08,59,mean_worst,0.25,7,335,335,256,0,13,2145,0.9880138496439526,3.63,0.24242424242424243,20.776997446082532
Z,hard_augmented,0.0,10,mean_worst,0.25,7,547,335,256,212,13,2145,0.9992397907353937,4.1775,0.21212121212121213,32.335148529848084
Z,hard_augmented,0.0,11,mean_worst,0.25,7,547,335,256,212,13,2145,0.9992397907353937,4.1775,0.21212121212121213,32.335148529848084
Z,hard_augmented,0.0,12,mean_worst,0.25,7,547,335,256,212,13,2145,0.9992397907353937,4.1775,0.21212121212121213,32.335148529848084
Z,hard_augmented,0.0,13,mean_worst,0.25,7,547,335,256,212,13,2145,0.9992397907353937,4.1775,0.21212121212121213,32.335148529848084
Z,hard_augmented,0.0,14,mean_worst,0.25,7,547,335,256,212,13,2145,0.9992397907353937,4.1775,0.21212121212121213,32.335148529848084
Z,hard_augmented,0.0,15,mean_worst,0.25,7,547,335,256,212,13,2145,0.9992397907353937,4.1775,0.21212121212121213,32.335148529848084
Z,hard_augmented,0.0,16,mean_worst,0.25,7,547,335,256,212,13,2145,0.9992397907353937,4.1775,0.21212121212121213,32.335148529848084
Z,hard_augmented,0.0,17,mean_worst,0.25,7,547,335,256,212,13,2145,0.9992397907353937,4.1775,0.21212121212121213,32.335148529848084
Z,hard_augmented,0.0,18,mean_worst,0.25,7,547,335,256,212,13,2145,0.9992397907353937,4.1775,0.21212121212121213,32.335148529848084
Z,hard_augmented,0.0,19,mean_worst,0.25,7,547,335,256,212,13,2145,0.9992397907353937,4.1775,0.21212121212121213,32.335148529848084
Z,hard_augmented,0.0,20,mean_worst,0.25,7,547,335,256,212,13,2145,0.9992397907353937,4.1775,0.21212121212121213,32.335148529848084
Z,hard_augmented,0.0,21,mean_worst,0.25,7,547,335,256,212,13,2145,0.9992397907353937,4.1775,0.21212121212121213,32.335148529848084
Z,hard_augmented,0.0,22,mean_worst,0.25,7,547,335,256,212,13,2145,0.9992397907353937,4.1775,0.21212121212121213,32.335148529848084
Z,hard_augmented,0.0,23,mean_worst,0.25,7,547,335,256,212,13,2145,0.9992397907353937,4.1775,0.21212121212121213,32.335148529848084
Z,hard_augmented,0.0,24,mean_worst,0.25,7,547,335,256,212,13,2145,0.9992397907353937,4.1775,0.21212121212121213,32.335148529848084
Z,hard_augmented,0.0,25,mean_worst,0.25,7,547,335,256,212,13,2145,0.9992397907353937,4.1775,0.21212121212121213,32.335148529848084
Z,hard_augmented,0.0,26,mean_worst,0.25,7,547,335,256,212,13,2145,0.9992397907353937,4.1775,0.21212121212121213,32.335148529848084
Z,hard_augmented,0.0,27,mean_worst,0.25,7,547,335,256,212,13,2145,0.9992397907353937,4.1775,0.21212121212121213,32.335148529848084
Z,hard_augmented,0.0,28,mean_worst,0.25,7,547,335,256,212,13,2145,0.9992397907353937,4.1775,0.21212121212121213,32.335148529848084
Z,hard_augmented,0.0,29,mean_worst,0.25,7,547,335,256,212,13,2145,0.9992397907353937,4.1775,0.21212121212121213,32.335148529848084
Z,hard_augmented,0.0,30,mean_worst,0.25,7,547,335,256,212,13,2145,0.9992397907353937,4.1775,0.21212121212121213,32.335148529848084
Z,hard_augmented,0.0,31,mean_worst,0.25,7,547,335,256,212,13,2145,0.9992397907353937,4.1775,0.21212121212121213,32.335148529848084
Z,hard_augmented,0.0,32,mean_worst,0.25,7,547,335,256,212,13,2145,0.9992397907353937,4.1775,0.21212121212121213,32.335148529848084
Z,hard_augmented,0.0,33,mean_worst,0.25,7,547,335,256,212,13,2145,0.9992397907353937,4.1775,0.21212121212121213,32.335148529848084
Z,hard_augmented,0.0,34,mean_worst,0.25,7,547,335,256,212,13,2145,0.9992397907353937,4.1775,0.21212121212121213,32.335148529848084
Z,hard_augmented,0.0,35,mean_worst,0.25,7,547,335,256,212,13,2145,0.9992397907353937,4.1775,0.21212121212121213,32.335148529848084
Z,hard_augmented,0.0,36,mean_worst,0.25,7,547,335,256,212,13,2145,0.9992397907353937,4.1775,0.21212121212121213,32.335148529848084
Z,hard_augmented,0.0,37,mean_worst,0.25,7,547,335,256,212,13,2145,0.9992397907353937,4.1775,0.21212121212121213,32.335148529848084
Z,hard_augmented,0.0,38,mean_worst,0.25,7,547,335,256,212,13,2145,0.9992397907353937,4.1775,0.21212121212121213,32.335148529848084
Z,hard_augmented,0.0,39,mean_worst,0.25,7,547,335,256,212,13,2145,0.9992397907353937,4.1775,0.21212121212121213,32.335148529848084
Z,hard_augmented,0.0,40,mean_worst,0.25,7,547,335,256,212,13,2145,0.9992397907353937,4.1775,0.21212121212121213,32.335148529848084
Z,hard_augmented,0.0,41,mean_worst,0.25,7,547,335,256,212,13,2145,0.9992397907353937,4.1775,0.21212121212121213,32.335148529848084
Z,hard_augmented,0.0,42,mean_worst,0.25,7,547,335,256,212,13,2145,0.9992397907353937,4.1775,0.21212121212121213,32.335148529848084
Z,hard_augmented,0.0,43,mean_worst,0.25,7,547,335,256,212,13,2145,0.9992397907353937,4.1775,0.21212121212121213,32.335148529848084
Z,hard_augmented,0.0,44,mean_worst,0.25,7,547,335,256,212,13,2145,0.9992397907353937,4.1775,0.21212121212121213,32.335148529848084
Z,hard_augmented,0.0,45,mean_worst,0.25,7,547,335,256,212,13,2145,0.9992397907353937,4.1775,0.21212121212121213,32.335148529848084
Z,hard_augmented,0.0,46,mean_worst,0.25,7,547,335,256,212,13,2145,0.9992397907353937,4.1775,0.21212121212121213,32.335148529848084
Z,hard_augmented,0.0,47,mean_worst,0.25,7,547,335,256,212,13,2145,0.9992397907353937,4.1775,0.21212121212121213,32.335148529848084
Z,hard_augmented,0.0,48,mean_worst,0.25,7,547,335,256,212,13,2145,0.9992397907353937,4.1775,0.21212121212121213,32.335148529848084
Z,hard_augmented,0.0,49,mean_worst,0.25,7,547,335,256,212,13,2145,0.9992397907353937,4.1775,0.21212121212121213,32.335148529848084
Z,hard_augmented,0.0,50,mean_worst,0.25,7,547,335,256,212,13,2145,0.9992397907353937,4.1775,0.21212121212121213,32.335148529848084
Z,hard_augmented,0.0,51,mean_worst,0.25,7,547,335,256,212,13,2145,0.9992397907353937,4.1775,0.21212121212121213,32.335148529848084
Z,hard_augmented,0.0,52,mean_worst,0.25,7,547,335,256,212,13,2145,0.9992397907353937,4.1775,0.21212121212121213,32.335148529848084
Z,hard_augmented,0.0,53,mean_worst,0.25,7,547,335,256,212,13,2145,0.9992397907353937,4.1775,0.21212121212121213,32.335148529848084
Z,hard_augmented,0.0,54,mean_worst,0.25,7,547,335,256,212,13,2145,0.9992397907353937,4.1775,0.21212121212121213,32.335148529848084
Z,hard_augmented,0.0,55,mean_worst,0.25,7,547,335,256,212,13,2145,0.9992397907353937,4.1775,0.21212121212121213,32.335148529848084
Z,hard_augmented,0.0,56,mean_worst,0.25,7,547,335,256,212,13,2145,0.9992397907353937,4.1775,0.21212121212121213,32.335148529848084
Z,hard_augmented,0.0,57,mean_worst,0.25,7,547,335,256,212,13,2145,0.9992397907353937,4.1775,0.21212121212121213,32.335148529848084
Z,hard_augmented,0.0,58,mean_worst,0.25,7,547,335,256,212,13,2145,0.9992397907353937,4.1775,0.21212121212121213,32.335148529848084
Z,hard_augmented,0.0,59,mean_worst,0.25,7,547,335,256,212,13,2145,0.9992397907353937,4.1775,0.21212121212121213,32.335148529848084
Z,hard_augmented,0.02,10,mean_worst,0.25,7,547,335,256,212,13,2145,0.9991247309907074,4.1775,0.21212121212121213,32.335148529848084
Z,hard_augmented,0.02,11,mean_worst,0.25,7,547,335,256,212,13,2145,0.9991617756179039,4.1775,0.21212121212121213,32.335148529848084
Z,hard_augmented,0.02,12,mean_worst,0.25,7,547,335,256,212,13,2145,0.9991514201140195,4.1775,0.21212121212121213,32.335148529848084
Z,hard_augmented,0.02,13,mean_worst,0.25,7,547,335,256,212,13,2145,0.9990795373411103,4.1775,0.21212121212121213,32.335148529848084
Z,hard_augmented,0.02,14,mean_worst,0.25,7,547,335,256,212,13,2145,0.9990869612509189,4.1775,0.21212121212121213,32.335148529848084
Z,hard_augmented,0.02,15,mean_worst,0.25,7,547,335,256,212,13,2145,0.9991817745786274,4.1775,0.21212121212121213,32.335148529848084
Z,hard_augmented,0.02,16,mean_worst,0.25,7,547,335,256,212,13,2145,0.9992062877819264,4.1775,0.21212121212121213,32.335148529848084
Z,hard_augmented,0.02,17,mean_worst,0.25,7,547,335,256,212,13,2145,0.9991932516008877,4.1775,0.21212121212121213,32.335148529848084
Z,hard_augmented,0.02,18,mean_worst,0.25,7,547,335,256,212,13,2145,0.9990963815824219,4.1775,0.21212121212121213,32.335148529848084
Z,hard_augmented,0.02,19,mean_worst,0.25,7,547,335,256,212,13,2145,0.999146553654344,4.1775,0.21212121212121213,32.335148529848084
Z,hard_augmented,0.02,20,mean_worst,0.25,7,547,335,256,212,13,2145,0.9991791236446219,4.1775,0.21212121212121213,32.335148529848084
Z,hard_augmented,0.02,21,mean_worst,0.25,7,547,335,256,212,13,2145,0.9990755824769868,4.1775,0.21212121212121213,32.335148529848084
Z,hard_augmented,0.02,22,mean_worst,0.25,7,547,335,256,212,13,2145,0.9991036703217693,4.1775,0.21212121212121213,32.335148529848084
Z,hard_augmented,0.02,23,mean_worst,0.25,7,547,335,256,212,13,2145,0.9992146186422188,4.1775,0.21212121212121213,32.335148529848084
Z,hard_augmented,0.02,24,mean_worst,0.25,7,547,335,256,212,13,2145,0.9991661683285877,4.1775,0.21212121212121213,32.335148529848084
Z,hard_augmented,0.02,25,mean_worst,0.25,7,547,335,256,212,13,2145,0.9991325139096071,4.1775,0.21212121212121213,32.335148529848084
Z,hard_augmented,0.02,26,mean_worst,0.25,7,547,335,256,212,13,2145,0.9991105689184168,4.1775,0.21212121212121213,32.335148529848084
Z,hard_augmented,0.02,27,mean_worst,0.25,7,547,335,256,212,13,2145,0.999206878633089,4.1775,0.21212121212121213,32.335148529848084
Z,hard_augmented,0.02,28,mean_worst,0.25,7,547,335,256,212,13,2145,0.9992157533315231,4.1775,0.21212121212121213,32.335148529848084
Z,hard_augmented,0.02,29,mean_worst,0.25,7,547,335,256,212,13,2145,0.9991883458278195,4.1775,0.21212121212121213,32.335148529848084
Z,hard_augmented,0.02,30,mean_worst,0.25,7,547,335,256,212,13,2145,0.9991747646184321,4.1775,0.21212121212121213,32.335148529848084
Z,hard_augmented,0.02,31,mean_worst,0.25,7,547,335,256,212,13,2145,0.9992171294400625,4.1775,0.21212121212121213,32.335148529848084
Z,hard_augmented,0.02,32,mean_worst,0.25,7,547,335,256,212,13,2145,0.9991798590928014,4.1775,0.21212121212121213,32.335148529848084
Z,hard_augmented,0.02,33,mean_worst,0.25,7,547,335,256,212,13,2145,0.9991181089178258,4.1775,0.21212121212121213,32.335148529848084
Z,hard_augmented,0.02,34,mean_worst,0.25,7,547,335,256,212,13,2145,0.9991436484954115,4.1775,0.21212121212121213,32.335148529848084
Z,hard_augmented,0.02,35,mean_worst,0.25,7,547,335,256,212,13,2145,0.999222698321762,4.1775,0.21212121212121213,32.335148529848084
Z,hard_augmented,0.02,36,mean_worst,0.25,7,547,335,256,212,13,2145,0.9991948784807407,4.1775,0.21212121212121213,32.335148529848084
Z,hard_augmented,0.02,37,mean_worst,0.25,7,547,335,256,212,13,2145,0.9991229407240895,4.1775,0.21212121212121213,32.335148529848084
Z,hard_augmented,0.02,38,mean_worst,0.25,7,547,335,256,212,13,2145,0.9992332793553137,4.1775,0.21212121212121213,32.335148529848084
Z,hard_augmented,0.02,39,mean_worst,0.25,7,547,335,256,212,13,2145,0.9991448952575765,4.1775,0.21212121212121213,32.335148529848084
Z,hard_augmented,0.02,40,mean_worst,0.25,7,547,335,256,212,13,2145,0.9991087422945362,4.1775,0.21212121212121213,32.335148529848084
Z,hard_augmented,0.02,41,mean_worst,0.25,7,547,335,256,212,13,2145,0.999231776752746,4.1775,0.21212121212121213,32.335148529848084
Z,hard_augmented,0.02,42,mean_worst,0.25,7,547,335,256,212,13,2145,0.999083259079931,4.1775,0.21212121212121213,32.335148529848084
Z,hard_augmented,0.02,43,mean_worst,0.25,7,547,335,256,212,13,2145,0.9990814841961213,4.1775,0.21212121212121213,32.335148529848084
Z,hard_augmented,0.02,44,mean_worst,0.25,7,547,335,256,212,13,2145,0.999232578305367,4.1775,0.21212121212121213,32.335148529848084
Z,hard_augmented,0.02,45,mean_worst,0.25,7,547,335,256,212,13,2145,0.9991136219792567,4.1775,0.21212121212121213,32.335148529848084
Z,hard_augmented,0.02,46,mean_worst,0.25,7,547,335,256,212,13,2145,0.9991004097822582,4.1775,0.21212121212121213,32.335148529848084
Z,hard_augmented,0.02,47,mean_worst,0.25,7,547,335,256,212,13,2145,0.9990872305255777,4.1775,0.21212121212121213,32.335148529848084
Z,hard_augmented,0.02,48,mean_worst,0.25,7,547,335,256,212,13,2145,0.9991129800850945,4.1775,0.21212121212121213,32.335148529848084
Z,hard_augmented,0.02,49,mean_worst,0.25,7,547,335,256,212,13,2145,0.9991244905143861,4.1775,0.21212121212121213,32.335148529848084
Z,hard_augmented,0.02,50,mean_worst,0.25,7,547,335,256,212,13,2145,0.9991401193796802,4.1775,0.21212121212121213,32.335148529848084
Z,hard_augmented,0.02,51,mean_worst,0.25,7,547,335,256,212,13,2145,0.9991298838565725,4.1775,0.21212121212121213,32.335148529848084
Z,hard_augmented,0.02,52,mean_worst,0.25,7,547,335,256,212,13,2145,0.99922187460736,4.1775,0.21212121212121213,32.335148529848084
Z,hard_augmented,0.02,53,mean_worst,0.25,7,547,335,256,212,13,2145,0.9991068190046035,4.1775,0.21212121212121213,32.335148529848084
Z,hard_augmented,0.02,54,mean_worst,0.25,7,547,335,256,212,13,2145,0.9992164079642578,4.1775,0.21212121212121213,32.335148529848084
Z,hard_augmented,0.02,55,mean_worst,0.25,7,547,335,256,212,13,2145,0.9990377426580381,4.1775,0.21212121212121213,32.335148529848084
Z,hard_augmented,0.02,56,mean_worst,0.25,7,547,335,256,212,13,2145,0.9992112276727341,4.1775,0.21212121212121213,32.335148529848084
Z,hard_augmented,0.02,57,mean_worst,0.25,7,547,335,256,212,13,2145,0.9991878079803693,4.1775,0.21212121212121213,32.335148529848084
Z,hard_augmented,0.02,58,mean_worst,0.25,7,547,335,256,212,13,2145,0.9990838800910444,4.1775,0.21212121212121213,32.335148529848084
Z,hard_augmented,0.02,59,mean_worst,0.25,7,547,335,256,212,13,2145,0.9991925257244268,4.1775,0.21212121212121213,32.335148529848084
Z,hard_augmented,0.05,10,mean_worst,0.25,7,547,335,256,212,13,2145,0.9986467065168532,4.1775,0.21212121212121213,32.335148529848084
Z,hard_augmented,0.05,11,mean_worst,0.25,7,547,335,256,212,13,2145,0.9985672208793386,4.1775,0.21212121212121213,32.335148529848084
Z,hard_augmented,0.05,12,mean_worst,0.25,7,547,335,256,212,13,2145,0.9985139741850487,4.1775,0.21212121212121213,32.335148529848084
Z,hard_augmented,0.05,13,mean_worst,0.25,7,547,335,256,212,13,2145,0.998263736445441,4.1775,0.21212121212121213,32.335148529848084
Z,hard_augmented,0.05,14,mean_worst,0.25,7,547,335,256,212,13,2145,0.9985030002088922,4.1775,0.21212121212121213,32.335148529848084
Z,hard_augmented,0.05,15,mean_worst,0.25,7,547,335,256,212,13,2145,0.9989114881173253,4.1775,0.21212121212121213,32.335148529848084
Z,hard_augmented,0.05,16,mean_worst,0.25,7,547,335,256,212,13,2145,0.9988402784901163,4.1775,0.21212121212121213,32.335148529848084
Z,hard_augmented,0.05,17,mean_worst,0.25,7,547,335,256,212,13,2145,0.998987418177567,4.1775,0.21212121212121213,32.335148529848084
Z,hard_augmented,0.05,18,mean_worst,0.25,7,547,335,256,212,13,2145,0.9983975097622685,4.1775,0.21212121212121213,32.335148529848084
Z,hard_augmented,0.05,19,mean_worst,0.25,7,547,335,256,212,13,2145,0.9985223992523362,4.1775,0.21212121212121213,32.335148529848084
Z,hard_augmented,0.05,20,mean_worst,0.25,7,547,335,256,212,13,2145,0.998666079418213,4.1775,0.21212121212121213,32.335148529848084
Z,hard_augmented,0.05,21,mean_worst,0.25,7,547,335,256,212,13,2145,0.9982420635918885,4.1775,0.21212121212121213,32.335148529848084
Z,hard_augmented,0.05,22,mean_worst,0.25,7,547,335,256,212,13,2145,0.9985404711426029,4.1775,0.21212121212121213,32.335148529848084
Z,hard_augmented,0.05,23,mean_worst,0.25,7,547,335,256,212,13,2145,0.9990618243575987,4.1775,0.21212121212121213,32.335148529848084
Z,hard_augmented,0.05,24,mean_worst,0.25,7,547,335,256,212,13,2145,0.998869427862544,4.1775,0.21212121212121213,32.335148529848084
Z,hard_augmented,0.05,25,mean_worst,0.25,7,547,335,256,212,13,2145,0.998737028847102,4.1775,0.21212121212121213,32.335148529848084
Z,hard_augmented,0.05,26,mean_worst,0.25,7,547,335,256,212,13,2145,0.9985191859064952,4.1775,0.21212121212121213,32.335148529848084
Z,hard_augmented,0.05,27,mean_worst,0.25,7,547,335,256,212,13,2145,0.998915422982191,4.1775,0.21212121212121213,32.335148529848084
Z,hard_augmented,0.05,28,mean_worst,0.25,7,547,335,256,212,13,2145,0.999102298467871,4.1775,0.21212121212121213,32.335148529848084
Z,hard_augmented,0.05,29,mean_worst,0.25,7,547,335,256,212,13,2145,0.9989612883816961,4.1775,0.21212121212121213,32.335148529848084
Z,hard_augmented,0.05,30,mean_worst,0.25,7,547,335,256,212,13,2145,0.9988618801977692,4.1775,0.21212121212121213,32.335148529848084
Z,hard_augmented,0.05,31,mean_worst,0.25,7,547,335,256,212,13,2145,0.9989124282783091,4.1775,0.21212121212121213,32.335148529848084
Z,hard_augmented,0.05,32,mean_worst,0.25,7,547,335,256,212,13,2145,0.9987948817384624,4.1775,0.21212121212121213,32.335148529848084
Z,hard_augmented,0.05,33,mean_worst,0.25,7,547,335,256,212,13,2145,0.9984400088126866,4.1775,0.21212121212121213,32.335148529848084
Z,hard_augmented,0.05,34,mean_worst,0.25,7,547,335,256,212,13,2145,0.998543181873095,4.1775,0.21212121212121213,32.335148529848084
Z,hard_augmented,0.05,35,mean_worst,0.25,7,547,335,256,212,13,2145,0.9989709134112446,4.1775,0.21212121212121213,32.335148529848084
Z,hard_augmented,0.05,36,mean_worst,0.25,7,547,335,256,212,13,2145,0.9990045396715519,4.1775,0.21212121212121213,32.335148529848084
Z,hard_augmented,0.05,37,mean_worst,0.25,7,547,335,256,212,13,2145,0.9987060935164023,4.1775,0.21212121212121213,32.335148529848084
Z,hard_augmented,0.05,38,mean_worst,0.25,7,547,335,256,212,13,2145,0.9991773620475942,4.1775,0.21212121212121213,32.335148529848084
Z,hard_augmented,0.05,39,mean_worst,0.25,7,547,335,256,212,13,2145,0.998480212288894,4.1775,0.21212121212121213,32.335148529848084
Z,hard_augmented,0.05,40,mean_worst,0.25,7,547,335,256,212,13,2145,0.9985658629294776,4.1775,0.21212121212121213,32.335148529848084
Z,hard_augmented,0.05,41,mean_worst,0.25,7,547,335,256,212,13,2145,0.9991680679497292,4.1775,0.21212121212121213,32.335148529848084
Z,hard_augmented,0.05,42,mean_worst,0.25,7,547,335,256,212,13,2145,0.9982621179167894,4.1775,0.21212121212121213,32.335148529848084
Z,hard_augmented,0.05,43,mean_worst,0.25,7,547,335,256,212,13,2145,0.9982409998287365,4.1775,0.21212121212121213,32.335148529848084
Z,hard_augmented,0.05,44,mean_worst,0.25,7,547,335,256,212,13,2145,0.9991701514746372,4.1775,0.21212121212121213,32.335148529848084
Z,hard_augmented,0.05,45,mean_worst,0.25,7,547,335,256,212,13,2145,0.9985574279647736,4.1775,0.21212121212121213,32.335148529848084
Z,hard_augmented,0.05,46,mean_worst,0.25,7,547,335,256,212,13,2145,0.9983212208873489,4.1775,0.21212121212121213,32.335148529848084
Z,hard_augmented,0.05,47,mean_worst,0.25,7,547,335,256,212,13,2145,0.9984438101529739,4.1775,0.21212121212121213,32.335148529848084
Z,hard_augmented,0.05,48,mean_worst,0.25,7,547,335,256,212,13,2145,0.9983404911785189,4.1775,0.21212121212121213,32.335148529848084
Z,hard_augmented,0.05,49,mean_worst,0.25,7,547,335,256,212,13,2145,0.9983980013112258,4.1775,0.21212121212121213,32.335148529848084
Z,hard_augmented,0.05,50,mean_worst,0.25,7,547,335,256,212,13,2145,0.9985584013659128,4.1775,0.21212121212121213,32.335148529848084
Z,hard_augmented,0.05,51,mean_worst,0.25,7,547,335,256,212,13,2145,0.9986544961331778,4.1775,0.21212121212121213,32.335148529848084
Z,hard_augmented,0.05,52,mean_worst,0.25,7,547,335,256,212,13,2145,0.9991154380835366,4.1775,0.21212121212121213,32.335148529848084
Z,hard_augmented,0.05,53,mean_worst,0.25,7,547,335,256,212,13,2145,0.9983745889850968,4.1775,0.21212121212121213,32.335148529848084
Z,hard_augmented,0.05,54,mean_worst,0.25,7,547,335,256,212,13,2145,0.9989593421887486,4.1775,0.21212121212121213,32.335148529848084
Z,hard_augmented,0.05,55,mean_worst,0.25,7,547,335,256,212,13,2145,0.9980877800850076,4.1775,0.21212121212121213,32.335148529848084
Z,hard_augmented,0.05,56,mean_worst,0.25,7,547,335,256,212,13,2145,0.9988728503419586,4.1775,0.21212121212121213,32.335148529848084
Z,hard_augmented,0.05,57,mean_worst,0.25,7,547,335,256,212,13,2145,0.9987249389848054,4.1775,0.21212121212121213,32.335148529848084
Z,hard_augmented,0.05,58,mean_worst,0.25,7,547,335,256,212,13,2145,0.9984316393580606,4.1775,0.21212121212121213,32.335148529848084
Z,hard_augmented,0.05,59,mean_worst,0.25,7,547,335,256,212,13,2145,0.9987578781780964,4.1775,0.21212121212121213,32.335148529848084
Z,hard_augmented,0.08,10,mean_worst,0.25,7,547,335,256,212,13,2145,0.99777990754804,4.1775,0.21212121212121213,32.335148529848084
Z,hard_augmented,0.08,11,mean_worst,0.25,7,547,335,256,212,13,2145,0.9974774769742997,4.1775,0.21212121212121213,32.335148529848084
Z,hard_augmented,0.08,12,mean_worst,0.25,7,547,335,256,212,13,2145,0.9973557465013694,4.1775,0.21212121212121213,32.335148529848084
Z,hard_augmented,0.08,13,mean_worst,0.25,7,547,335,256,212,13,2145,0.996705075488052,4.1775,0.21212121212121213,32.335148529848084
Z,hard_augmented,0.08,14,mean_worst,0.25,7,547,335,256,212,13,2145,0.9975334613832967,4.1775,0.21212121212121213,32.335148529848084
Z,hard_augmented,0.08,15,mean_worst,0.25,7,547,335,256,212,13,2145,0.9984613125266228,4.1775,0.21212121212121213,32.335148529848084
Z,hard_augmented,0.08,16,mean_worst,0.25,7,547,335,256,212,13,2145,0.9981363836275259,4.1775,0.21212121212121213,32.335148529848084
Z,hard_augmented,0.08,17,mean_worst,0.25,7,547,335,256,212,13,2145,0.9985682389169743,4.1775,0.21212121212121213,32.335148529848084
Z,hard_augmented,0.08,18,mean_worst,0.25,7,547,335,256,212,13,2145,0.9972246474809454,4.1775,0.21212121212121213,32.335148529848084
Z,hard_augmented,0.08,19,mean_worst,0.25,7,547,335,256,212,13,2145,0.9974026185356613,4.1775,0.21212121212121213,32.335148529848084
Z,hard_augmented,0.08,20,mean_worst,0.25,7,547,335,256,212,13,2145,0.9977106128215056,4.1775,0.21212121212121213,32.335148529848084
Z,hard_augmented,0.08,21,mean_worst,0.25,7,547,335,256,212,13,2145,0.9966216965502189,4.1775,0.21212121212121213,32.335148529848084
Z,hard_augmented,0.08,22,mean_worst,0.25,7,547,335,256,212,13,2145,0.9975406949190019,4.1775,0.21212121212121213,32.335148529848084
Z,hard_augmented,0.08,23,mean_worst,0.25,7,547,335,256,212,13,2145,0.9987586671329025,4.1775,0.21212121212121213,32.335148529848084
Z,hard_augmented,0.08,24,mean_worst,0.25,7,547,335,256,212,13,2145,0.9983040210587718,4.1775,0.21212121212121213,32.335148529848084
Z,hard_augmented,0.08,25,mean_worst,0.25,7,547,335,256,212,13,2145,0.9980749122005699,4.1775,0.21212121212121213,32.335148529848084
Z,hard_augmented,0.08,26,mean_worst,0.25,7,547,335,256,212,13,2145,0.9975725276673468,4.1775,0.21212121212121213,32.335148529848084
Z,hard_augmented,0.08,27,mean_worst,0.25,7,547,335,256,212,13,2145,0.9983936234974771,4.1775,0.21212121212121213,32.335148529848084
Z,hard_augmented,0.08,28,mean_worst,0.25,7,547,335,256,212,13,2145,0.9989071458532499,4.1775,0.21212121212121213,32.335148529848084
Z,hard_augmented,0.08,29,mean_worst,0.25,7,547,335,256,212,13,2145,0.9985585041206366,4.1775,0.21212121212121213,32.335148529848084
Z,hard_augmented,0.08,30,mean_worst,0.25,7,547,335,256,212,13,2145,0.9982245086662369,4.1775,0.21212121212121213,32.335148529848084
Z,hard_augmented,0.08,31,mean_worst,0.25,7,547,335,256,212,13,2145,0.9983106606872365,4.1775,0.21212121212121213,32.335148529848084
Z,hard_augmented,0.08,32,mean_worst,0.25,7,547,335,256,212,13,2145,0.998063521394046,4.1775,0.21212121212121213,32.335148529848084
Z,hard_augmented,0.08,33,mean_worst,0.25,7,547,335,256,212,13,2145,0.9971799703460966,4.1775,0.21212121212121213,32.335148529848084
Z,hard_augmented,0.08,34,mean_worst,0.25,7,547,335,256,212,13,2145,0.9974369892530978,4.1775,0.21212121212121213,32.335148529848084
Z,hard_augmented,0.08,35,mean_worst,0.25,7,547,335,256,212,13,2145,0.998482074955463,4.1775,0.21212121212121213,32.335148529848084
Z,hard_augmented,0.08,36,mean_worst,0.25,7,547,335,256,212,13,2145,0.9986392988162391,4.1775,0.21212121212121213,32.335148529848084
Z,hard_augmented,0.08,37,mean_worst,0.25,7,547,335,256,212,13,2145,0.99803697678402,4.1775,0.21212121212121213,32.335148529848084
Z,hard_augmented,0.08,38,mean_worst,0.25,7,547,335,256,212,13,2145,0.9990909491149185,4.1775,0.21212121212121213,32.335148529848084
Z,hard_augmented,0.08,39,mean_worst,0.25,7,547,335,256,212,13,2145,0.9972772547850453,4.1775,0.21212121212121213,32.335148529848084
Z,hard_augmented,0.08,40,mean_worst,0.25,7,547,335,256,212,13,2145,0.9976291118792349,4.1775,0.21212121212121213,32.335148529848084
Z,hard_augmented,0.08,41,mean_worst,0.25,7,547,335,256,212,13,2145,0.999070347082726,4.1775,0.21212121212121213,32.335148529848084
Z,hard_augmented,0.08,42,mean_worst,0.25,7,547,335,256,212,13,2145,0.9967635550492413,4.1775,0.21212121212121213,32.335148529848084
Z,hard_augmented,0.08,43,mean_worst,0.25,7,547,335,256,212,13,2145,0.9965959272256428,4.1775,0.21212121212121213,32.335148529848084
Z,hard_augmented,0.08,44,mean_worst,0.25,7,547,335,256,212,13,2145,0.9990737821667499,4.1775,0.21212121212121213,32.335148529848084
Z,hard_augmented,0.08,45,mean_worst,0.25,7,547,335,256,212,13,2145,0.9976823168174376,4.1775,0.21212121212121213,32.335148529848084
Z,hard_augmented,0.08,46,mean_worst,0.25,7,547,335,256,212,13,2145,0.9969059698146336,4.1775,0.21212121212121213,32.335148529848084
Z,hard_augmented,0.08,47,mean_worst,0.25,7,547,335,256,212,13,2145,0.9972937363024513,4.1775,0.21212121212121213,32.335148529848084
Z,hard_augmented,0.08,48,mean_worst,0.25,7,547,335,256,212,13,2145,0.9969520605071305,4.1775,0.21212121212121213,32.335148529848084
Z,hard_augmented,0.08,49,mean_worst,0.25,7,547,335,256,212,13,2145,0.9970790443689598,4.1775,0.21212121212121213,32.335148529848084
Z,hard_augmented,0.08,50,mean_worst,0.25,7,547,335,256,212,13,2145,0.9974790432017646,4.1775,0.21212121212121213,32.335148529848084
Z,hard_augmented,0.08,51,mean_worst,0.25,7,547,335,256,212,13,2145,0.9979042669858779,4.1775,0.21212121212121213,32.335148529848084
Z,hard_augmented,0.08,52,mean_worst,0.25,7,547,335,256,212,13,2145,0.9989525820291643,4.1775,0.21212121212121213,32.335148529848084
Z,hard_augmented,0.08,53,mean_worst,0.25,7,547,335,256,212,13,2145,0.9970497602840478,4.1775,0.21212121212121213,32.335148529848084
Z,hard_augmented,0.08,54,mean_worst,0.25,7,547,335,256,212,13,2145,0.9984431134495206,4.1775,0.21212121212121213,32.335148529848084
Z,hard_augmented,0.08,55,mean_worst,0.25,7,547,335,256,212,13,2145,0.9963329301824271,4.1775,0.21212121212121213,32.335148529848084
Z,hard_augmented,0.08,56,mean_worst,0.25,7,547,335,256,212,13,2145,0.9981997227131196,4.1775,0.21212121212121213,32.335148529848084
Z,hard_augmented,0.08,57,mean_worst,0.25,7,547,335,256,212,13,2145,0.9978492640938208,4.1775,0.21212121212121213,32.335148529848084
Z,hard_augmented,0.08,58,mean_worst,0.25,7,547,335,256,212,13,2145,0.9972756943778618,4.1775,0.21212121212121213,32.335148529848084
Z,hard_augmented,0.08,59,mean_worst,0.25,7,547,335,256,212,13,2145,0.9979424617475019,4.1775,0.21212121212121213,32.335148529848084
H,coarse,0.0,10,mean_worst,0.25,7,335,335,256,0,13,2145,0.9991082884939874,5.72,0.20202020202020202,24.547897304873914
H,coarse,0.0,11,mean_worst,0.25,7,335,335,256,0,13,2145,0.9991082884939874,5.72,0.20202020202020202,24.547897304873914
H,coarse,0.0,12,mean_worst,0.25,7,335,335,256,0,13,2145,0.9991082884939874,5.72,0.20202020202020202,24.547897304873914
H,coarse,0.0,13,mean_worst,0.25,7,335,335,256,0,13,2145,0.9991082884939874,5.72,0.20202020202020202,24.547897304873914
H,coarse,0.0,14,mean_worst,0.25,7,335,335,256,0,13,2145,0.9991082884939874,5.72,0.20202020202020202,24.547897304873914
H,coarse,0.0,15,mean_worst,0.25,7,335,335,256,0,13,2145,0.9991082884939874,5.72,0.20202020202020202,24.547897304873914
H,coarse,0.0,16,mean_worst,0.25,7,335,335,256,0,13,2145,0.9991082884939874,5.72,0.20202020202020202,24.547897304873914
H,coarse,0.0,17,mean_worst,0.25,7,335,335,256,0,13,2145,0.9991082884939874,5.72,0.20202020202020202,24.547897304873914
H,coarse,0.0,18,mean_worst,0.25,7,335,335,256,0,13,2145,0.9991082884939874,5.72,0.20202020202020202,24.547897304873914
H,coarse,0.0,19,mean_worst,0.25,7,335,335,256,0,13,2145,0.9991082884939874,5.72,0.20202020202020202,24.547897304873914
H,coarse,0.0,20,mean_worst,0.25,7,335,335,256,0,13,2145,0.9991082884939874,5.72,0.20202020202020202,24.547897304873914
H,coarse,0.0,21,mean_worst,0.25,7,335,335,256,0,13,2145,0.9991082884939874,5.72,0.20202020202020202,24.547897304873914
H,coarse,0.0,22,mean_worst,0.25,7,335,335,256,0,13,2145,0.9991082884939874,5.72,0.20202020202020202,24.547897304873914
H,coarse,0.0,23,mean_worst,0.25,7,335,335,256,0,13,2145,0.9991082884939874,5.72,0.20202020202020202,24.547897304873914
H,coarse,0.0,24,mean_worst,0.25,7,335,335,256,0,13,2145,0.9991082884939874,5.72,0.20202020202020202,24.547897304873914
H,coarse,0.0,25,mean_worst,0.25,7,335,335,256,0,13,2145,0.9991082884939874,5.72,0.20202020202020202,24.547897304873914
H,coarse,0.0,26,mean_worst,0.25,7,335,335,256,0,13,2145,0.9991082884939874,5.72,0.20202020202020202,24.547897304873914
H,coarse,0.0,27,mean_worst,0.25,7,335,335,256,0,13,2145,0.9991082884939874,5.72,0.20202020202020202,24.547897304873914
H,coarse,0.0,28,mean_worst,0.25,7,335,335,256,0,13,2145,0.9991082884939874,5.72,0.20202020202020202,24.547897304873914
H,coarse,0.0,29,mean_worst,0.25,7,335,335,256,0,13,2145,0.9991082884939874,5.72,0.20202020202020202,24.547897304873914
H,coarse,0.0,30,mean_worst,0.25,7,335,335,256,0,13,2145,0.9991082884939874,5.72,0.20202020202020202,24.547897304873914
H,coarse,0.0,31,mean_worst,0.25,7,335,335,256,0,13,2145,0.9991082884939874,5.72,0.20202020202020202,24.547897304873914
H,coarse,0.0,32,mean_worst,0.25,7,335,335,256,0,13,2145,0.9991082884939874,5.72,0.20202020202020202,24.547897304873914
H,coarse,0.0,33,mean_worst,0.25,7,335,335,256,0,13,2145,0.9991082884939874,5.72,0.20202020202020202,24.547897304873914
H,coarse,0.0,34,mean_worst,0.25,7,335,335,256,0,13,2145,0.9991082884939874,5.72,0.20202020202020202,24.547897304873914
H,coarse,0.0,35,mean_worst,0.25,7,335,335,256,0,13,2145,0.9991082884939874,5.72,0.20202020202020202,24.547897304873914
H,coarse,0.0,36,mean_worst,0.25,7,335,335,256,0,13,2145,0.9991082884939874,5.72,0.20202020202020202,24.547897304873914
H,coarse,0.0,37,mean_worst,0.25,7,335,335,256,0,13,2145,0.9991082884939874,5.72,0.20202020202020202,24.547897304873914
H,coarse,0.0,38,mean_worst,0.25,7,335,335,256,0,13,2145,0.9991082884939874,5.72,0.20202020202020202,24.547897304873914
H,coarse,0.0,39,mean_worst,0.25,7,335,335,256,0,13,2145,0.9991082884939874,5.72,0.20202020202020202,24.547897304873914
H,coarse,0.0,40,mean_worst,0.25,7,335,335,256,0,13,2145,0.9991082884939874,5.72,0.20202020202020202,24.547897304873914
H,coarse,0.0,41,mean_worst,0.25,7,335,335,256,0,13,2145,0.9991082884939874,5.72,0.20202020202020202,24.547897304873914
H,coarse,0.0,42,mean_worst,0.25,7,335,335,256,0,13,2145,0.9991082884939874,5.72,0.20202020202020202,24.547897304873914
H,coarse,0.0,43,mean_worst,0.25,7,335,335,256,0,13,2145,0.9991082884939874,5.72,0.20202020202020202,24.547897304873914
H,coarse,0.0,44,mean_worst,0.25,7,335,335,256,0,13,2145,0.9991082884939874,5.72,0.20202020202020202,24.547897304873914
H,coarse,0.0,45,mean_worst,0.25,7,335,335,256,0,13,2145,0.9991082884939874,5.72,0.20202020202020202,24.547897304873914
H,coarse,0.0,46,mean_worst,0.25,7,335,335,256,0,13,2145,0.9991082884939874,5.72,0.20202020202020202,24.547897304873914
H,coarse,0.0,47,mean_worst,0.25,7,335,335,256,0,13,2145,0.9991082884939874,5.72,0.20202020202020202,24.547897304873914
H,coarse,0.0,48,mean_worst,0.25,7,335,335,256,0,13,2145,0.9991082884939874,5.72,0.20202020202020202,24.547897304873914
H,coarse,0.0,49,mean_worst,0.25,7,335,335,256,0,13,2145,0.9991082884939874,5.72,0.20202020202020202,24.547897304873914
H,coarse,0.0,50,mean_worst,0.25,7,335,335,256,0,13,2145,0.9991082884939874,5.72,0.20202020202020202,24.547897304873914
H,coarse,0.0,51,mean_worst,0.25,7,335,335,256,0,13,2145,0.9991082884939874,5.72,0.20202020202020202,24.547897304873914
H,coarse,0.0,52,mean_worst,0.25,7,335,335,256,0,13,2145,0.9991082884939874,5.72,0.20202020202020202,24.547897304873914
H,coarse,0.0,53,mean_worst,0.25,7,335,335,256,0,13,2145,0.9991082884939874,5.72,0.20202020202020202,24.547897304873914
H,coarse,0.0,54,mean_worst,0.25,7,335,335,256,0,13,2145,0.9991082884939874,5.72,0.20202020202020202,24.547897304873914
H,coarse,0.0,55,mean_worst,0.25,7,335,335,256,0,13,2145,0.9991082884939874,5.72,0.20202020202020202,24.547897304873914
H,coarse,0.0,56,mean_worst,0.25,7,335,335,256,0,13,2145,0.9991082884939874,5.72,0.20202020202020202,24.547897304873914
H,coarse,0.0,57,mean_worst,0.25,7,335,335,256,0,13,2145,0.9991082884939874,5.72,0.20202020202020202,24.547897304873914
H,coarse,0.0,58,mean_worst,0.25,7,335,335,256,0,13,2145,0.9991082884939874,5.72,0.20202020202020202,24.547897304873914
H,coarse,0.0,59,mean_worst,0.25,7,335,335,256,0,13,2145,0.9991082884939874,5.72,0.20202020202020202,24.547897304873914
H,coarse,0.02,10,mean_worst,0.25,7,335,335,256,0,13,2145,0.9992472692287137,5.72,0.20202020202020202,24.547897304873914
H,coarse,0.02,11,mean_worst,0.25,7,335,335,256,0,13,2145,0.9990490824373829,5.72,0.20202020202020202,24.547897304873914
H,coarse,0.02,12,mean_worst,0.25,7,335,335,256,0,13,2145,0.999129406228829,5.72,0.20202020202020202,24.547897304873914
H,coarse,0.02,13,mean_worst,0.25,7,335,335,256,0,13,2145,0.9982661894792848,5.72,0.20202020202020202,24.547897304873914
H,coarse,0.02,14,mean_worst,0.25,7,335,335,256,0,13,2145,0.999206708448889,5.72,0.20202020202020202,24.547897304873914
H,coarse,0.02,15,mean_worst,0.25,7,335,335,256,0,13,2145,0.9988334065556214,5.72,0.20202020202020202,24.547897304873914
H,coarse,0.02,16,mean_worst,0.25,7,335,335,256,0,13,2145,0.9989961089090649,5.72,0.20202020202020202,24.547897304873914
H,coarse,0.02,17,mean_worst,0.25,7,335,335,256,0,13,2145,0.9991537791722053,5.72,0.20202020202020202,24.547897304873914
H,coarse,0.02,18,mean_worst,0.25,7,335,335,256,0,13,2145,0.998347867962943,5.72,0.20202020202020202,24.547897304873914
H,coarse,0.02,19,mean_worst,0.25,7,335,335,256,0,13,2145,0.9993242295845844,5.72,0.20202020202020202,24.547897304873914
H,coarse,0.02,20,mean_worst,0.25,7,335,335,256,0,13,2145,0.9990271187928208,5.72,0.20202020202020202,24.547897304873914
H,coarse,0.02,21,mean_worst,0.25,7,335,335,256,0,13,2145,0.999530235792867,5.72,0.20202020202020202,24.547897304873914
H,coarse,0.02,22,mean_worst,0.25,7,335,335,256,0,13,2145,0.9992389158386872,5.72,0.20202020202020202,24.547897304873914
H,coarse,0.02,23,mean_worst,0.25,7,335,335,256,0,13,2145,0.9989990049094719,5.72,0.20202020202020202,24.547897304873914
H,coarse,0.02,24,mean_worst,0.25,7,335,335,256,0,13,2145,0.9992690817439543,5.72,0.20202020202020202,24.547897304873914
H,coarse,0.02,25,mean_worst,0.25,7,335,335,256,0,13,2145,0.9993490362278847,5.72,0.20202020202020202,24.547897304873914
H,coarse,0.02,26,mean_worst,0.25,7,335,335,256,0,13,2145,0.9985396106881755,5.72,0.20202020202020202,24.547897304873914
H,coarse,0.02,27,mean_worst,0.25,7,335,335,256,0,13,2145,0.9987445897072129,5.72,0.20202020202020202,24.547897304873914
H,coarse,0.02,28,mean_worst,0.25,7,335,335,256,0,13,2145,0.9993832884234644,5.72,0.20202020202020202,24.547897304873914
H,coarse,0.02,29,mean_worst,0.25,7,335,335,256,0,13,2145,0.9994533208025475,5.72,0.20202020202020202,24.547897304873914
H,coarse,0.02,30,mean_worst,0.25,7,335,335,256,0,13,2145,0.9992342635659521,5.72,0.20202020202020202,24.547897304873914
H,coarse,0.02,31,mean_worst,0.25,7,335,335,256,0,13,2145,0.9989392782267668,5.72,0.20202020202020202,24.547897304873914
H,coarse,0.02,32,mean_worst,0.25,7,335,335,256,0,13,2145,0.9991013273077578,5.72,0.20202020202020202,24.547897304873914
H,coarse,0.02,33,mean_worst,0.25,7,335,335,256,0,13,2145,0.9981223240109904,5.72,0.20202020202020202,24.547897304873914
H,coarse,0.02,34,mean_worst,0.25,7,335,335,256,0,13,2145,0.9982188640047929,5.72,0.20202020202020202,24.547897304873914
H,coarse,0.02,35,mean_worst,0.25,7,335,335,256,0,13,2145,0.9990917701272407,5.72,0.20202020202020202,24.547897304873914
H,coarse,0.02,36,mean_worst,0.25,7,335,335,256,0,13,2145,0.9992471008359395,5.72,0.20202020202020202,24.547897304873914
H,coarse,0.02,37,mean_worst,0.25,7,335,335,256,0,13,2145,0.9992482460987512,5.72,0.20202020202020202,24.547897304873914
H,coarse,0.02,38,mean_worst,0.25,7,335,335,256,0,13,2145,0.9987038929936853,5.72,0.20202020202020202,24.547897304873914
H,coarse,0.02,39,mean_worst,0.25,7,335,335,256,0,13,2145,0.999142025353502,5.72,0.20202020202020202,24.547897304873914
H,coarse,0.02,40,mean_worst,0.25,7,335,335,256,0,13,2145,0.9991341491738481,5.72,0.20202020202020202,24.547897304873914
H,coarse,0.02,41,mean_worst,0.25,7,335,335,256,0,13,2145,0.9993529974220676,5.72,0.20202020202020202,24.547897304873914
H,coarse,0.02,42,mean_worst,0.25,7,335,335,256,0,13,2145,0.998135230619436,5.72,0.20202020202020202,24.547897304873914
H,coarse,0.02,43,mean_worst,0.25,7,335,335,256,0,13,2145,0.9994852867538973,5.72,0.20202020202020202,24.547897304873914
H,coarse,0.02,44,mean_worst,0.25,7,335,335,256,0,13,2145,0.9986697033304035,5.72,0.20202020202020202,24.547897304873914
H,coarse,0.02,45,mean_worst,0.25,7,335,335,256,0,13,2145,0.9986542138249555,5.72,0.20202020202020202,24.547897304873914
H,coarse,0.02,46,mean_worst,0.25,7,335,335,256,0,13,2145,0.9995259394987943,5.72,0.20202020202020202,24.547897304873914
H,coarse,0.02,47,mean_worst,0.25,7,335,335,256,0,13,2145,0.9995525755279183,5.72,0.20202020202020202,24.547897304873914
H,coarse,0.02,48,mean_worst,0.25,7,335,335,256,0,13,2145,0.9994072990947536,5.72,0.20202020202020202,24.547897304873914
H,coarse,0.02,49,mean_worst,0.25,7,335,335,256,0,13,2145,0.9992271432253255,5.72,0.20202020202020202,24.547897304873914
H,coarse,0.02,50,mean_worst,0.25,7,335,335,256,0,13,2145,0.9981436295011972,5.72,0.20202020202020202,24.547897304873914
H,coarse,0.02,51,mean_worst,0.25,7,335,335,256,0,13,2145,0.9987648641753404,5.72,0.20202020202020202,24.547897304873914
H,coarse,0.02,52,mean_worst,0.25,7,335,335,256,0,13,2145,0.9994032011341802,5.72,0.20202020202020202,24.547897304873914
H,coarse,0.02,53,mean_worst,0.25,7,335,335,256,0,13,2145,0.998138912047023,5.72,0.20202020202020202,24.547897304873914
H,coarse,0.02,54,mean_worst,0.25,7,335,335,256,0,13,2145,0.998692793056162,5.72,0.20202020202020202,24.547897304873914
H,coarse,0.02,55,mean_worst,0.25,7,335,335,256,0,13,2145,0.9985243091290772,5.72,0.20202020202020202,24.547897304873914
H,coarse,0.02,56,mean_worst,0.25,7,335,335,256,0,13,2145,0.9987503398246727,5.72,0.20202020202020202,24.547897304873914
H,coarse,0.02,57,mean_worst,0.25,7,335,335,256,0,13,2145,0.9985959379975107,5.72,0.20202020202020202,24.547897304873914
H,coarse,0.02,58,mean_worst,0.25,7,335,335,256,0,13,2145,0.9995500173969696,5.72,0.20202020202020202,24.547897304873914
H,coarse,0.02,59,mean_worst,0.25,7,335,335,256,0,13,2145,0.9990705259142445,5.72,0.20202020202020202,24.547897304873914
H,coarse,0.05,10,mean_worst,0.25,7,335,335,256,0,13,2145,0.9991296184749207,5.72,0.20202020202020202,24.547897304873914
H,coarse,0.05,11,mean_worst,0.25,7,335,335,256,0,13,2145,0.9988623341971923,5.72,0.20202020202020202,24.547897304873914
H,coarse,0.05,12,mean_worst,0.25,7,335,335,256,0,13,2145,0.9990409444281553,5.72,0.20202020202020202,24.547897304873914
H,coarse,0.05,13,mean_worst,0.25,7,335,335,256,0,13,2145,0.9961495728432086,5.72,0.20202020202020202,24.547897304873914
H,coarse,0.05,14,mean_worst,0.25,7,335,335,256,0,13,2145,0.9992865852260282,5.72,0.20202020202020202,24.547897304873914
H,coarse,0.05,15,mean_worst,0.25,7,335,335,256,0,13,2145,0.9980725484549973,5.72,0.20202020202020202,24.547897304873914
H,coarse,0.05,16,mean_worst,0.25,7,335,335,256,0,13,2145,0.9987529287267825,5.72,0.20202020202020202,24.547897304873914
H,coarse,0.05,17,mean_worst,0.25,7,335,335,256,0,13,2145,0.9988176320326436,5.72,0.20202020202020202,24.547897304873914
H,coarse,0.05,18,mean_worst,0.25,7,335,335,256,0,13,2145,0.9964956934547882,5.72,0.20202020202020202,24.547897304873914
H,coarse,0.05,19,mean_worst,0.25,7,335,335,256,0,13,2145,0.9994609195814097,5.72,0.20202020202020202,24.547897304873914
H,coarse,0.05,20,mean_worst,0.25,7,335,335,256,0,13,2145,0.9988466062481484,5.72,0.20202020202020202,24.547897304873914
H,coarse,0.05,21,mean_worst,0.25,7,335,335,256,0,13,2145,0.9992274909792025,5.72,0.20202020202020202,24.547897304873914
H,coarse,0.05,22,mean_worst,0.25,7,335,335,256,0,13,2145,0.9991224025394939,5.72,0.20202020202020202,24.547897304873914
H,coarse,0.05,23,mean_worst,0.25,7,335,335,256,0,13,2145,0.9983750418335984,5.72,0.20202020202020202,24.547897304873914
H,coarse,0.05,24,mean_worst,0.25,7,335,335,256,0,13,2145,0.9991523633344856,5.72,0.20202020202020202,24.547897304873914
H,coarse,0.05,25,mean_worst,0.25,7,335,335,256,0,13,2145,0.9994653827005988,5.72,0.20202020202020202,24.547897304873914
H,coarse,0.05,26,mean_worst,0.25,7,335,335,256,0,13,2145,0.9971359085368832,5.72,0.20202020202020202,24.547897304873914
H,coarse,0.05,27,mean_worst,0.25,7,335,335,256,0,13,2145,0.9978050592637526,5.72,0.20202020202020202,24.547897304873914
H,coarse,0.05,28,mean_worst,0.25,7,335,335,256,0,13,2145,0.999458082732509,5.72,0.20202020202020202,24.547897304873914
H,coarse,0.05,29,mean_worst,0.25,7,335,335,256,0,13,2145,0.9995328968558526,5.72,0.20202020202020202,24.547897304873914
H,coarse,0.05,30,mean_worst,0.25,7,335,335,256,0,13,2145,0.9989414099103204,5.72,0.20202020202020202,24.547897304873914
H,coarse,0.05,31,mean_worst,0.25,7,335,335,256,0,13,2145,0.9985720642808331,5.72,0.20202020202020202,24.547897304873914
H,coarse,0.05,32,mean_worst,0.25,7,335,335,256,0,13,2145,0.9985651370248059,5.72,0.20202020202020202,24.547897304873914
H,coarse,0.05,33,mean_worst,0.25,7,335,335,256,0,13,2145,0.9956708867306525,5.72,0.20202020202020202,24.547897304873914
H,coarse,0.05,34,mean_worst,0.25,7,335,335,256,0,13,2145,0.9961095311997175,5.72,0.20202020202020202,24.547897304873914
H,coarse,0.05,35,mean_worst,0.25,7,335,335,256,0,13,2145,0.9989849752617908,5.72,0.20202020202020202,24.547897304873914
H,coarse,0.05,36,mean_worst,0.25,7,335,335,256,0,13,2145,0.9991477932480248,5.72,0.20202020202020202,24.547897304873914
H,coarse,0.05,37,mean_worst,0.25,7,335,335,256,0,13,2145,0.9993659582434924,5.72,0.20202020202020202,24.547897304873914
H,coarse,0.05,38,mean_worst,0.25,7,335,335,256,0,13,2145,0.9975958181048823,5.72,0.20202020202020202,24.547897304873914
H,coarse,0.05,39,mean_worst,0.25,7,335,335,256,0,13,2145,0.9990312880105443,5.72,0.20202020202020202,24.547897304873914
H,coarse,0.05,40,mean_worst,0.25,7,335,335,256,0,13,2145,0.9988652424667613,5.72,0.20202020202020202,24.547897304873914
H,coarse,0.05,41,mean_worst,0.25,7,335,335,256,0,13,2145,0.9994471701130495,5.72,0.20202020202020202,24.547897304873914
H,coarse,0.05,42,mean_worst,0.25,7,335,335,256,0,13,2145,0.9957130276528634,5.72,0.20202020202020202,24.547897304873914
H,coarse,0.05,43,mean_worst,0.25,7,335,335,256,0,13,2145,0.9991262823356789,5.72,0.20202020202020202,24.547897304873914
H,coarse,0.05,44,mean_worst,0.25,7,335,335,256,0,13,2145,0.9974938555949108,5.72,0.20202020202020202,24.547897304873914
H,coarse,0.05,45,mean_worst,0.25,7,335,335,256,0,13,2145,0.9974986205475616,5.72,0.20202020202020202,24.547897304873914
H,coarse,0.05,46,mean_worst,0.25,7,335,335,256,0,13,2145,0.9994836607074118,5.72,0.20202020202020202,24.547897304873914
H,coarse,0.05,47,mean_worst,0.25,7,335,335,256,0,13,2145,0.9996128951539405,5.72,0.20202020202020202,24.547897304873914
H,coarse,0.05,48,mean_worst,0.25,7,335,335,256,0,13,2145,0.9994579065169706,5.72,0.20202020202020202,24.547897304873914
H,coarse,0.05,49,mean_worst,0.25,7,335,335,256,0,13,2145,0.9989374552899831,5.72,0.20202020202020202,24.547897304873914
H,coarse,0.05,50,mean_worst,0.25,7,335,335,256,0,13,2145,0.9957609070311781,5.72,0.20202020202020202,24.547897304873914
H,coarse,0.05,51,mean_worst,0.25,7,335,335,256,0,13,2145,0.9978424735379839,5.72,0.20202020202020202,24.547897304873914
H,coarse,0.05,52,mean_worst,0.25,7,335,335,256,0,13,2145,0.9995313547728822,5.72,0.20202020202020202,24.547897304873914
H,coarse,0.05,53,mean_worst,0.25,7,335,335,256,0,13,2145,0.9957691624918807,5.72,0.20202020202020202,24.547897304873914
H,coarse,0.05,54,mean_worst,0.25,7,335,335,256,0,13,2145,0.9977402242038114,5.72,0.20202020202020202,24.547897304873914
H,coarse,0.05,55,mean_worst,0.25,7,335,335,256,0,13,2145,0.9970711334116507,5.72,0.20202020202020202,24.547897304873914
H,coarse,0.05,56,mean_worst,0.25,7,335,335,256,0,13,2145,0.9979872266987264,5.72,0.20202020202020202,24.547897304873914
H,coarse,0.05,57,mean_worst,0.25,7,335,335,256,0,13,2145,0.997507542898595,5.72,0.20202020202020202,24.547897304873914
H,coarse,0.05,58,mean_worst,0.25,7,335,335,256,0,13,2145,0.9996238215295161,5.72,0.20202020202020202,24.547897304873914
H,coarse,0.05,59,mean_worst,0.25,7,335,335,256,0,13,2145,0.9989629639152754,5.72,0.20202020202020202,24.547897304873914
H,coarse,0.08,10,mean_worst,0.25,7,335,335,256,0,13,2145,0.998660621860205,5.72,0.20202020202020202,24.547897304873914
H,coarse,0.08,11,mean_worst,0.25,7,335,335,256,0,13,2145,0.9986055611380826,5.72,0.20202020202020202,24.547897304873914
H,coarse,0.08,12,mean_worst,0.25,7,335,335,256,0,13,2145,0.9988617401174251,5.72,0.20202020202020202,24.547897304873914
H,coarse,0.08,13,mean_worst,0.25,7,335,335,256,0,13,2145,0.992857676155289,5.72,0.20202020202020202,24.547897304873914
H,coarse,0.08,14,mean_worst,0.25,7,335,335,256,0,13,2145,0.9992820044625266,5.72,0.20202020202020202,24.547897304873914
H,coarse,0.08,15,mean_worst,0.25,7,335,335,256,0,13,2145,0.9969957421731845,5.72,0.20202020202020202,24.547897304873914
H,coarse,0.08,16,mean_worst,0.25,7,335,335,256,0,13,2145,0.9984025231000586,5.72,0.20202020202020202,24.547897304873914
H,coarse,0.08,17,mean_worst,0.25,7,335,335,256,0,13,2145,0.9978740968415227,5.72,0.20202020202020202,24.547897304873914
H,coarse,0.08,18,mean_worst,0.25,7,335,335,256,0,13,2145,0.9938904311046632,5.72,0.20202020202020202,24.547897304873914
H,coarse,0.08,19,mean_worst,0.25,7,335,335,256,0,13,2145,0.9994464915656274,5.72,0.20202020202020202,24.547897304873914
H,coarse,0.08,20,mean_worst,0.25,7,335,335,256,0,13,2145,0.9986209836315131,5.72,0.20202020202020202,24.547897304873914
H,coarse,0.08,21,mean_worst,0.25,7,335,335,256,0,13,2145,0.9976799659274459,5.72,0.20202020202020202,24.547897304873914
H,coarse,0.08,22,mean_worst,0.25,7,335,335,256,0,13,2145,0.9986460844192071,5.72,0.20202020202020202,24.547897304873914
H,coarse,0.08,23,mean_worst,0.25,7,335,335,256,0,13,2145,0.9970405508850706,5.72,0.20202020202020202,24.547897304873914
H,coarse,0.08,24,mean_worst,0.25,7,335,335,256,0,13,2145,0.9985413969872557,5.72,0.20202020202020202,24.547897304873914
H,coarse,0.08,25,mean_worst,0.25,7,335,335,256,0,13,2145,0.9993010002106594,5.72,0.20202020202020202,24.547897304873914
H,coarse,0.08,26,mean_worst,0.25,7,335,335,256,0,13,2145,0.995182375064534,5.72,0.20202020202020202,24.547897304873914
H,coarse,0.08,27,mean_worst,0.25,7,335,335,256,0,13,2145,0.996346525238261,5.72,0.20202020202020202,24.547897304873914
H,coarse,0.08,28,mean_worst,0.25,7,335,335,256,0,13,2145,0.9992429769329005,5.72,0.20202020202020202,24.547897304873914
H,coarse,0.08,29,mean_worst,0.25,7,335,335,256,0,13,2145,0.9992047908461992,5.72,0.20202020202020202,24.547897304873914
H,coarse,0.08,30,mean_worst,0.25,7,335,335,256,0,13,2145,0.9979405952519547,5.72,0.20202020202020202,24.547897304873914
H,coarse,0.08,31,mean_worst,0.25,7,335,335,256,0,13,2145,0.9980340817528139,5.72,0.20202020202020202,24.547897304873914
H,coarse,0.08,32,mean_worst,0.25,7,335,335,256,0,13,2145,0.9972495958336445,5.72,0.20202020202020202,24.547897304873914
H,coarse,0.08,33,mean_worst,0.25,7,335,335,256,0,13,2145,0.9919882170124101,5.72,0.20202020202020202,24.547897304873914
H,coarse,0.08,34,mean_worst,0.25,7,335,335,256,0,13,2145,0.9931091509576382,5.72,0.20202020202020202,24.547897304873914
H,coarse,0.08,35,mean_worst,0.25,7,335,335,256,0,13,2145,0.9987620455281543,5.72,0.20202020202020202,24.547897304873914
H,coarse,0.08,36,mean_worst,0.25,7,335,335,256,0,13,2145,0.9987774189999672,5.72,0.20202020202020202,24.547897304873914
H,coarse,0.08,37,mean_worst,0.25,7,335,335,256,0,13,2145,0.9993947138281164,5.72,0.20202020202020202,24.547897304873914
H,coarse,0.08,38,mean_worst,0.25,7,335,335,256,0,13,2145,0.9957233472284219,5.72,0.20202020202020202,24.547897304873914
H,coarse,0.08,39,mean_worst,0.25,7,335,335,256,0,13,2145,0.9987774967953009,5.72,0.20202020202020202,24.547897304873914
H,coarse,0.08,40,mean_worst,0.25,7,335,335,256,0,13,2145,0.9982584657930169,5.72,0.20202020202020202,24.547897304873914
H,coarse,0.08,41,mean_worst,0.25,7,335,335,256,0,13,2145,0.9993133906048726,5.72,0.20202020202020202,24.547897304873914
H,coarse,0.08,42,mean_worst,0.25,7,335,335,256,0,13,2145,0.9921165169211625,5.72,0.20202020202020202,24.547897304873914
H,coarse,0.08,43,mean_worst,0.25,7,335,335,256,0,13,2145,0.9975062956801808,5.72,0.20202020202020202,24.547897304873914
H,coarse,0.08,44,mean_worst,0.25,7,335,335,256,0,13,2145,0.9955343394519458,5.72,0.20202020202020202,24.547897304873914
H,coarse,0.08,45,mean_worst,0.25,7,335,335,256,0,13,2145,0.9958780764477244,5.72,0.20202020202020202,24.547897304873914
H,coarse,0.08,46,mean_worst,0.25,7,335,335,256,0,13,2145,0.9987097870596795,5.72,0.20202020202020202,24.547897304873914
H,coarse,0.08,47,mean_worst,0.25,7,335,335,256,0,13,2145,0.9989476622172961,5.72,0.20202020202020202,24.547897304873914
H,coarse,0.08,48,mean_worst,0.25,7,335,335,256,0,13,2145,0.9990988727864624,5.72,0.20202020202020202,24.547897304873914
H,coarse,0.08,49,mean_worst,0.25,7,335,335,256,0,13,2145,0.9980394640687673,5.72,0.20202020202020202,24.547897304873914
H,coarse,0.08,50,mean_worst,0.25,7,335,335,256,0,13,2145,0.9921849976770981,5.72,0.20202020202020202,24.547897304873914
H,coarse,0.08,51,mean_worst,0.25,7,335,335,256,0,13,2145,0.9965339161162468,5.72,0.20202020202020202,24.547897304873914
H,coarse,0.08,52,mean_worst,0.25,7,335,335,256,0,13,2145,0.9993954392552012,5.72,0.20202020202020202,24.547897304873914
H,coarse,0.08,53,mean_worst,0.25,7,335,335,256,0,13,2145,0.9923360319604666,5.72,0.20202020202020202,24.547897304873914
H,coarse,0.08,54,mean_worst,0.25,7,335,335,256,0,13,2145,0.9963828462781144,5.72,0.20202020202020202,24.547897304873914
H,coarse,0.08,55,mean_worst,0.25,7,335,335,256,0,13,2145,0.9947895425815647,5.72,0.20202020202020202,24.547897304873914
H,coarse,0.08,56,mean_worst,0.25,7,335,335,256,0,13,2145,0.9969173145666865,5.72,0.20202020202020202,24.547897304873914
H,coarse,0.08,57,mean_worst,0.25,7,335,335,256,0,13,2145,0.9960511911364762,5.72,0.20202020202020202,24.547897304873914
H,coarse,0.08,58,mean_worst,0.25,7,335,335,256,0,13,2145,0.9989888460217548,5.72,0.20202020202020202,24.547897304873914
H,coarse,0.08,59,mean_worst,0.25,7,335,335,256,0,13,2145,0.998802278148448,5.72,0.20202020202020202,24.547897304873914
H,hard_augmented,0.0,10,mean_worst,0.25,7,547,335,256,212,13,2145,0.9993538087053974,5.3675,0.0707070707070707,38.35353088309057
H,hard_augmented,0.0,11,mean_worst,0.25,7,547,335,256,212,13,2145,0.9993538087053974,5.3675,0.0707070707070707,38.35353088309057
H,hard_augmented,0.0,12,mean_worst,0.25,7,547,335,256,212,13,2145,0.9993538087053974,5.3675,0.0707070707070707,38.35353088309057
H,hard_augmented,0.0,13,mean_worst,0.25,7,547,335,256,212,13,2145,0.9993538087053974,5.3675,0.0707070707070707,38.35353088309057
H,hard_augmented,0.0,14,mean_worst,0.25,7,547,335,256,212,13,2145,0.9993538087053974,5.3675,0.0707070707070707,38.35353088309057
H,hard_augmented,0.0,15,mean_worst,0.25,7,547,335,256,212,13,2145,0.9993538087053974,5.3675,0.0707070707070707,38.35353088309057
H,hard_augmented,0.0,16,mean_worst,0.25,7,547,335,256,212,13,2145,0.9993538087053974,5.3675,0.0707070707070707,38.35353088309057
H,hard_augmented,0.0,17,mean_worst,0.25,7,547,335,256,212,13,2145,0.9993538087053974,5.3675,0.0707070707070707,38.35353088309057
H,hard_augmented,0.0,18,mean_worst,0.25,7,547,335,256,212,13,2145,0.9993538087053974,5.3675,0.0707070707070707,38.35353088309057
H,hard_augmented,0.0,19,mean_worst,0.25,7,547,335,256,212,13,2145,0.9993538087053974,5.3675,0.0707070707070707,38.35353088309057
H,hard_augmented,0.0,20,mean_worst,0.25,7,547,335,256,212,13,2145,0.9993538087053974,5.3675,0.0707070707070707,38.35353088309057
H,hard_augmented,0.0,21,mean_worst,0.25,7,547,335,256,212,13,2145,0.9993538087053974,5.3675,0.0707070707070707,38.35353088309057
H,hard_augmented,0.0,22,mean_worst,0.25,7,547,335,256,212,13,2145,0.9993538087053974,5.3675,0.0707070707070707,38.35353088309057
H,hard_augmented,0.0,23,mean_worst,0.25,7,547,335,256,212,13,2145,0.9993538087053974,5.3675,0.0707070707070707,38.35353088309057
H,hard_augmented,0.0,24,mean_worst,0.25,7,547,335,256,212,13,2145,0.9993538087053974,5.3675,0.0707070707070707,38.35353088309057
H,hard_augmented,0.0,25,mean_worst,0.25,7,547,335,256,212,13,2145,0.9993538087053974,5.3675,0.0707070707070707,38.35353088309057
H,hard_augmented,0.0,26,mean_worst,0.25,7,547,335,256,212,13,2145,0.9993538087053974,5.3675,0.0707070707070707,38.35353088309057
H,hard_augmented,0.0,27,mean_worst,0.25,7,547,335,256,212,13,2145,0.9993538087053974,5.3675,0.0707070707070707,38.35353088309057
H,hard_augmented,0.0,28,mean_worst,0.25,7,547,335,256,212,13,2145,0.9993538087053974,5.3675,0.0707070707070707,38.35353088309057
H,hard_augmented,0.0,29,mean_worst,0.25,7,547,335,256,212,13,2145,0.9993538087053974,5.3675,0.0707070707070707,38.35353088309057
H,hard_augmented,0.0,30,mean_worst,0.25,7,547,335,256,212,13,2145,0.9993538087053974,5.3675,0.0707070707070707,38.35353088309057
H,hard_augmented,0.0,31,mean_worst,0.25,7,547,335,256,212,13,2145,0.9993538087053974,5.3675,0.0707070707070707,38.35353088309057
H,hard_augmented,0.0,32,mean_worst,0.25,7,547,335,256,212,13,2145,0.9993538087053974,5.3675,0.0707070707070707,38.35353088309057
H,hard_augmented,0.0,33,mean_worst,0.25,7,547,335,256,212,13,2145,0.9993538087053974,5.3675,0.0707070707070707,38.35353088309057
H,hard_augmented,0.0,34,mean_worst,0.25,7,547,335,256,212,13,2145,0.9993538087053974,5.3675,0.0707070707070707,38.35353088309057
H,hard_augmented,0.0,35,mean_worst,0.25,7,547,335,256,212,13,2145,0.9993538087053974,5.3675,0.0707070707070707,38.35353088309057
H,hard_augmented,0.0,36,mean_worst,0.25,7,547,335,256,212,13,2145,0.9993538087053974,5.3675,0.0707070707070707,38.35353088309057
H,hard_augmented,0.0,37,mean_worst,0.25,7,547,335,256,212,13,2145,0.9993538087053974,5.3675,0.0707070707070707,38.35353088309057
H,hard_augmented,0.0,38,mean_worst,0.25,7,547,335,256,212,13,2145,0.9993538087053974,5.3675,0.0707070707070707,38.35353088309057
H,hard_augmented,0.0,39,mean_worst,0.25,7,547,335,256,212,13,2145,0.9993538087053974,5.3675,0.0707070707070707,38.35353088309057
H,hard_augmented,0.0,40,mean_worst,0.25,7,547,335,256,212,13,2145,0.9993538087053974,5.3675,0.0707070707070707,38.35353088309057
H,hard_augmented,0.0,41,mean_worst,0.25,7,547,335,256,212,13,2145,0.9993538087053974,5.3675,0.0707070707070707,38.35353088309057
H,hard_augmented,0.0,42,mean_worst,0.25,7,547,335,256,212,13,2145,0.9993538087053974,5.3675,0.0707070707070707,38.35353088309057
H,hard_augmented,0.0,43,mean_worst,0.25,7,547,335,256,212,13,2145,0.9993538087053974,5.3675,0.0707070707070707,38.35353088309057
H,hard_augmented,0.0,44,mean_worst,0.25,7,547,335,256,212,13,2145,0.9993538087053974,5.3675,0.0707070707070707,38.35353088309057
H,hard_augmented,0.0,45,mean_worst,0.25,7,547,335,256,212,13,2145,0.9993538087053974,5.3675,0.0707070707070707,38.35353088309057
H,hard_augmented,0.0,46,mean_worst,0.25,7,547,335,256,212,13,2145,0.9993538087053974,5.3675,0.0707070707070707,38.35353088309057
H,hard_augmented,0.0,47,mean_worst,0.25,7,547,335,256,212,13,2145,0.9993538087053974,5.3675,0.0707070707070707,38.35353088309057
H,hard_augmented,0.0,48,mean_worst,0.25,7,547,335,256,212,13,2145,0.9993538087053974,5.3675,0.0707070707070707,38.35353088309057
H,hard_augmented,0.0,49,mean_worst,0.25,7,547,335,256,212,13,2145,0.9993538087053974,5.3675,0.0707070707070707,38.35353088309057
H,hard_augmented,0.0,50,mean_worst,0.25,7,547,335,256,212,13,2145,0.9993538087053974,5.3675,0.0707070707070707,38.35353088309057
H,hard_augmented,0.0,51,mean_worst,0.25,7,547,335,256,212,13,2145,0.9993538087053974,5.3675,0.0707070707070707,38.35353088309057
H,hard_augmented,0.0,52,mean_worst,0.25,7,547,335,256,212,13,2145,0.9993538087053974,5.3675,0.0707070707070707,38.35353088309057
H,hard_augmented,0.0,53,mean_worst,0.25,7,547,335,256,212,13,2145,0.9993538087053974,5.3675,0.0707070707070707,38.35353088309057
H,hard_augmented,0.0,54,mean_worst,0.25,7,547,335,256,212,13,2145,0.9993538087053974,5.3675,0.0707070707070707,38.35353088309057
H,hard_augmented,0.0,55,mean_worst,0.25,7,547,335,256,212,13,2145,0.9993538087053974,5.3675,0.0707070707070707,38.35353088309057
H,hard_augmented,0.0,56,mean_worst,0.25,7,547,335,256,212,13,2145,0.9993538087053974,5.3675,0.0707070707070707,38.35353088309057
H,hard_augmented,0.0,57,mean_worst,0.25,7,547,335,256,212,13,2145,0.9993538087053974,5.3675,0.0707070707070707,38.35353088309057
H,hard_augmented,0.0,58,mean_worst,0.25,7,547,335,256,212,13,2145,0.9993538087053974,5.3675,0.0707070707070707,38.35353088309057
H,hard_augmented,0.0,59,mean_worst,0.25,7,547,335,256,212,13,2145,0.9993538087053974,5.3675,0.0707070707070707,38.35353088309057
H,hard_augmented,0.02,10,mean_worst,0.25,7,547,335,256,212,13,2145,0.9990067936901541,5.3675,0.0707070707070707,38.35353088309057
H,hard_augmented,0.02,11,mean_worst,0.25,7,547,335,256,212,13,2145,0.999184758612868,5.3675,0.0707070707070707,38.35353088309057
H,hard_augmented,0.02,12,mean_worst,0.25,7,547,335,256,212,13,2145,0.9991815434077498,5.3675,0.0707070707070707,38.35353088309057
H,hard_augmented,0.02,13,mean_worst,0.25,7,547,335,256,212,13,2145,0.9992671464210641,5.3675,0.0707070707070707,38.35353088309057
H,hard_augmented,0.02,14,mean_worst,0.25,7,547,335,256,212,13,2145,0.9987489234402395,5.3675,0.0707070707070707,38.35353088309057
H,hard_augmented,0.02,15,mean_worst,0.25,7,547,335,256,212,13,2145,0.9993933633373877,5.3675,0.0707070707070707,38.35353088309057
H,hard_augmented,0.02,16,mean_worst,0.25,7,547,335,256,212,13,2145,0.9993383266962383,5.3675,0.0707070707070707,38.35353088309057
H,hard_augmented,0.02,17,mean_worst,0.25,7,547,335,256,212,13,2145,0.9991578449410246,5.3675,0.0707070707070707,38.35353088309057
H,hard_augmented,0.02,18,mean_worst,0.25,7,547,335,256,212,13,2145,0.9994134051334334,5.3675,0.0707070707070707,38.35353088309057
H,hard_augmented,0.02,19,mean_worst,0.25,7,547,335,256,212,13,2145,0.9992566737123827,5.3675,0.0707070707070707,38.35353088309057
H,hard_augmented,0.02,20,mean_worst,0.25,7,547,335,256,212,13,2145,0.9992394068841293,5.3675,0.0707070707070707,38.35353088309057
H,hard_augmented,0.02,21,mean_worst,0.25,7,547,335,256,212,13,2145,0.9991793321430729,5.3675,0.0707070707070707,38.35353088309057
H,hard_augmented,0.02,22,mean_worst,0.25,7,547,335,256,212,13,2145,0.9989245446622927,5.3675,0.0707070707070707,38.35353088309057
H,hard_augmented,0.02,23,mean_worst,0.25,7,547,335,256,212,13,2145,0.9992238101163189,5.3675,0.0707070707070707,38.35353088309057
H,hard_augmented,0.02,24,mean_worst,0.25,7,547,335,256,212,13,2145,0.9990790066441007,5.3675,0.0707070707070707,38.35353088309057
H,hard_augmented,0.02,25,mean_worst,0.25,7,547,335,256,212,13,2145,0.9989384096555844,5.3675,0.0707070707070707,38.35353088309057
H,hard_augmented,0.02,26,mean_worst,0.25,7,547,335,256,212,13,2145,0.9993482996931324,5.3675,0.0707070707070707,38.35353088309057
H,hard_augmented,0.02,27,mean_worst,0.25,7,547,335,256,212,13,2145,0.9992308021615135,5.3675,0.0707070707070707,38.35353088309057
H,hard_augmented,0.02,28,mean_worst,0.25,7,547,335,256,212,13,2145,0.9993787098144273,5.3675,0.0707070707070707,38.35353088309057
H,hard_augmented,0.02,29,mean_worst,0.25,7,547,335,256,212,13,2145,0.9993032640785882,5.3675,0.0707070707070707,38.35353088309057
H,hard_augmented,0.02,30,mean_worst,0.25,7,547,335,256,212,13,2145,0.9991590148844351,5.3675,0.0707070707070707,38.35353088309057
H,hard_augmented,0.02,31,mean_worst,0.25,7,547,335,256,212,13,2145,0.9993875667757558,5.3675,0.0707070707070707,38.35353088309057
H,hard_augmented,0.02,32,mean_worst,0.25,7,547,335,256,212,13,2145,0.9992167289775865,5.3675,0.0707070707070707,38.35353088309057
H,hard_augmented,0.02,33,mean_worst,0.25,7,547,335,256,212,13,2145,0.9994298093498027,5.3675,0.0707070707070707,38.35353088309057
H,hard_augmented,0.02,34,mean_worst,0.25,7,547,335,256,212,13,2145,0.9994977275003496,5.3675,0.0707070707070707,38.35353088309057
H,hard_augmented,0.02,35,mean_worst,0.25,7,547,335,256,212,13,2145,0.9993982117949594,5.3675,0.0707070707070707,38.35353088309057
H,hard_augmented,0.02,36,mean_worst,0.25,7,547,335,256,212,13,2145,0.9992768187447267,5.3675,0.0707070707070707,38.35353088309057
H,hard_augmented,0.02,37,mean_worst,0.25,7,547,335,256,212,13,2145,0.9988505535726059,5.3675,0.0707070707070707,38.35353088309057
H,hard_augmented,0.02,38,mean_worst,0.25,7,547,335,256,212,13,2145,0.9992702737897609,5.3675,0.0707070707070707,38.35353088309057
H,hard_augmented,0.02,39,mean_worst,0.25,7,547,335,256,212,13,2145,0.9991708357697817,5.3675,0.0707070707070707,38.35353088309057
H,hard_augmented,0.02,40,mean_worst,0.25,7,547,335,256,212,13,2145,0.9989849060908882,5.3675,0.0707070707070707,38.35353088309057
H,hard_augmented,0.02,41,mean_worst,0.25,7,547,335,256,212,13,2145,0.999439891155244,5.3675,0.0707070707070707,38.35353088309057
H,hard_augmented,0.02,42,mean_worst,0.25,7,547,335,256,212,13,2145,0.9994140503317471,5.3675,0.0707070707070707,38.35353088309057
H,hard_augmented,0.02,43,mean_worst,0.25,7,547,335,256,212,13,2145,0.9992083023182864,5.3675,0.0707070707070707,38.35353088309057
H,hard_augmented,0.02,44,mean_worst,0.25,7,547,335,256,212,13,2145,0.9992773173642723,5.3675,0.0707070707070707,38.35353088309057
H,hard_augmented,0.02,45,mean_worst,0.25,7,547,335,256,212,13,2145,0.9992864713869638,5.3675,0.0707070707070707,38.35353088309057
H,hard_augmented,0.02,46,mean_worst,0.25,7,547,335,256,212,13,2145,0.9993168654268819,5.3675,0.0707070707070707,38.35353088309057
H,hard_augmented,0.02,47,mean_worst,0.25,7,547,335,256,212,13,2145,0.9989522294367446,5.3675,0.0707070707070707,38.35353088309057
H,hard_augmented,0.02,48,mean_worst,0.25,7,547,335,256,212,13,2145,0.9992527667498305,5.3675,0.0707070707070707,38.35353088309057
H,hard_augmented,0.02,49,mean_worst,0.25,7,547,335,256,212,13,2145,0.9991845422221548,5.3675,0.0707070707070707,38.35353088309057
H,hard_augmented,0.02,50,mean_worst,0.25,7,547,335,256,212,13,2145,0.999430426073632,5.3675,0.0707070707070707,38.35353088309057
H,hard_augmented,0.02,51,mean_worst,0.25,7,547,335,256,212,13,2145,0.9992689256314151,5.3675,0.0707070707070707,38.35353088309057
H,hard_augmented,0.02,52,mean_worst,0.25,7,547,335,256,212,13,2145,0.9994272133912063,5.3675,0.0707070707070707,38.35353088309057
H,hard_augmented,0.02,53,mean_worst,0.25,7,547,335,256,212,13,2145,0.999478280213059,5.3675,0.0707070707070707,38.35353088309057
H,hard_augmented,0.02,54,mean_worst,0.25,7,547,335,256,212,13,2145,0.9995110426688651,5.3675,0.0707070707070707,38.35353088309057
H,hard_augmented,0.02,55,mean_worst,0.25,7,547,335,256,212,13,2145,0.9990336469594897,5.3675,0.0707070707070707,38.35353088309057
H,hard_augmented,0.02,56,mean_worst,0.25,7,547,335,256,212,13,2145,0.9994176018752992,5.3675,0.0707070707070707,38.35353088309057
H,hard_augmented,0.02,57,mean_worst,0.25,7,547,335,256,212,13,2145,0.9992859138692002,5.3675,0.0707070707070707,38.35353088309057
H,hard_augmented,0.02,58,mean_worst,0.25,7,547,335,256,212,13,2145,0.9989316516522571,5.3675,0.0707070707070707,38.35353088309057
H,hard_augmented,0.02,59,mean_worst,0.25,7,547,335,256,212,13,2145,0.9992924581545924,5.3675,0.0707070707070707,38.35353088309057
H,hard_augmented,0.05,10,mean_worst,0.25,7,547,335,256,212,13,2145,0.9975458132390669,5.3675,0.0707070707070707,38.35353088309057
H,hard_augmented,0.05,11,mean_worst,0.25,7,547,335,256,212,13,2145,0.9974483864699735,5.3675,0.0707070707070707,38.35353088309057
H,hard_augmented,0.05,12,mean_worst,0.25,7,547,335,256,212,13,2145,0.9974741537533347,5.3675,0.0707070707070707,38.35353088309057
H,hard_augmented,0.05,13,mean_worst,0.25,7,547,335,256,212,13,2145,0.9990139733951664,5.3675,0.0707070707070707,38.35353088309057
H,hard_augmented,0.05,14,mean_worst,0.25,7,547,335,256,212,13,2145,0.9966220193037307,5.3675,0.0707070707070707,38.35353088309057
H,hard_augmented,0.05,15,mean_worst,0.25,7,547,335,256,212,13,2145,0.9992505674016479,5.3675,0.0707070707070707,38.35353088309057
H,hard_augmented,0.05,16,mean_worst,0.25,7,547,335,256,212,13,2145,0.9982272061208235,5.3675,0.0707070707070707,38.35353088309057
H,hard_augmented,0.05,17,mean_worst,0.25,7,547,335,256,212,13,2145,0.9987576766894499,5.3675,0.0707070707070707,38.35353088309057
H,hard_augmented,0.05,18,mean_worst,0.25,7,547,335,256,212,13,2145,0.9993804001707457,5.3675,0.0707070707070707,38.35353088309057
H,hard_augmented,0.05,19,mean_worst,0.25,7,547,335,256,212,13,2145,0.997979984578399,5.3675,0.0707070707070707,38.35353088309057
H,hard_augmented,0.05,20,mean_worst,0.25,7,547,335,256,212,13,2145,0.9976703009688233,5.3675,0.0707070707070707,38.35353088309057
H,hard_augmented,0.05,21,mean_worst,0.25,7,547,335,256,212,13,2145,0.9988868384012749,5.3675,0.0707070707070707,38.35353088309057
H,hard_augmented,0.05,22,mean_worst,0.25,7,547,335,256,212,13,2145,0.9971448285180593,5.3675,0.0707070707070707,38.35353088309057
H,hard_augmented,0.05,23,mean_worst,0.25,7,547,335,256,212,13,2145,0.9988502650946588,5.3675,0.0707070707070707,38.35353088309057
H,hard_augmented,0.05,24,mean_worst,0.25,7,547,335,256,212,13,2145,0.9984595076832196,5.3675,0.0707070707070707,38.35353088309057
H,hard_augmented,0.05,25,mean_worst,0.25,7,547,335,256,212,13,2145,0.9977628156656446,5.3675,0.0707070707070707,38.35353088309057
H,hard_augmented,0.05,26,mean_worst,0.25,7,547,335,256,212,13,2145,0.9990750728038619,5.3675,0.0707070707070707,38.35353088309057
H,hard_augmented,0.05,27,mean_worst,0.25,7,547,335,256,212,13,2145,0.9981994131476966,5.3675,0.0707070707070707,38.35353088309057
H,hard_augmented,0.05,28,mean_worst,0.25,7,547,335,256,212,13,2145,0.9993414536829284,5.3675,0.0707070707070707,38.35353088309057
H,hard_augmented,0.05,29,mean_worst,0.25,7,547,335,256,212,13,2145,0.9990824381706424,5.3675,0.0707070707070707,38.35353088309057
H,hard_augmented,0.05,30,mean_worst,0.25,7,547,335,256,212,13,2145,0.9987762073598485,5.3675,0.0707070707070707,38.35353088309057
H,hard_augmented,0.05,31,mean_worst,0.25,7,547,335,256,212,13,2145,0.9985280978325555,5.3675,0.0707070707070707,38.35353088309057
H,hard_augmented,0.05,32,mean_worst,0.25,7,547,335,256,212,13,2145,0.9986158375291516,5.3675,0.0707070707070707,38.35353088309057
H,hard_augmented,0.05,33,mean_worst,0.25,7,547,335,256,212,13,2145,0.9995101757895569,5.3675,0.0707070707070707,38.35353088309057
H,hard_augmented,0.05,34,mean_worst,0.25,7,547,335,256,212,13,2145,0.9994648629645491,5.3675,0.0707070707070707,38.35353088309057
H,hard_augmented,0.05,35,mean_worst,0.25,7,547,335,256,212,13,2145,0.9986622981212383,5.3675,0.0707070707070707,38.35353088309057
H,hard_augmented,0.05,36,mean_worst,0.25,7,547,335,256,212,13,2145,0.9988382810276368,5.3675,0.0707070707070707,38.35353088309057
H,hard_augmented,0.05,37,mean_worst,0.25,7,547,335,256,212,13,2145,0.9972496292684468,5.3675,0.0707070707070707,38.35353088309057
H,hard_augmented,0.05,38,mean_worst,0.25,7,547,335,256,212,13,2145,0.9989511661078916,5.3675,0.0707070707070707,38.35353088309057
H,hard_augmented,0.05,39,mean_worst,0.25,7,547,335,256,212,13,2145,0.9974762807581454,5.3675,0.0707070707070707,38.35353088309057
H,hard_augmented,0.05,40,mean_worst,0.25,7,547,335,256,212,13,2145,0.9973971719343826,5.3675,0.0707070707070707,38.35353088309057
H,hard_augmented,0.05,41,mean_worst,0.25,7,547,335,256,212,13,2145,0.9995131375301564,5.3675,0.0707070707070707,38.35353088309057
H,hard_augmented,0.05,42,mean_worst,0.25,7,547,335,256,212,13,2145,0.9994885127818078,5.3675,0.0707070707070707,38.35353088309057
H,hard_augmented,0.05,43,mean_worst,0.25,7,547,335,256,212,13,2145,0.9989479655426796,5.3675,0.0707070707070707,38.35353088309057
H,hard_augmented,0.05,44,mean_worst,0.25,7,547,335,256,212,13,2145,0.9989627828201287,5.3675,0.0707070707070707,38.35353088309057
H,hard_augmented,0.05,45,mean_worst,0.25,7,547,335,256,212,13,2145,0.9987903284415333,5.3675,0.0707070707070707,38.35353088309057
H,hard_augmented,0.05,46,mean_worst,0.25,7,547,335,256,212,13,2145,0.9988702693857867,5.3675,0.0707070707070707,38.35353088309057
H,hard_augmented,0.05,47,mean_worst,0.25,7,547,335,256,212,13,2145,0.9976505415404627,5.3675,0.0707070707070707,38.35353088309057
H,hard_augmented,0.05,48,mean_worst,0.25,7,547,335,256,212,13,2145,0.998168910907292,5.3675,0.0707070707070707,38.35353088309057
H,hard_augmented,0.05,49,mean_worst,0.25,7,547,335,256,212,13,2145,0.99800383032315,5.3675,0.0707070707070707,38.35353088309057
H,hard_augmented,0.05,50,mean_worst,0.25,7,547,335,256,212,13,2145,0.9994426145546667,5.3675,0.0707070707070707,38.35353088309057
H,hard_augmented,0.05,51,mean_worst,0.25,7,547,335,256,212,13,2145,0.9987016072144077,5.3675,0.0707070707070707,38.35353088309057
H,hard_augmented,0.05,52,mean_worst,0.25,7,547,335,256,212,13,2145,0.9994853383808902,5.3675,0.0707070707070707,38.35353088309057
H,hard_augmented,0.05,53,mean_worst,0.25,7,547,335,256,212,13,2145,0.9996131986875354,5.3675,0.0707070707070707,38.35353088309057
H,hard_augmented,0.05,54,mean_worst,0.25,7,547,335,256,212,13,2145,0.9993962352857484,5.3675,0.0707070707070707,38.35353088309057
H,hard_augmented,0.05,55,mean_worst,0.25,7,547,335,256,212,13,2145,0.997897285006211,5.3675,0.0707070707070707,38.35353088309057
H,hard_augmented,0.05,56,mean_worst,0.25,7,547,335,256,212,13,2145,0.9986955624081328,5.3675,0.0707070707070707,38.35353088309057
H,hard_augmented,0.05,57,mean_worst,0.25,7,547,335,256,212,13,2145,0.9980208983073129,5.3675,0.0707070707070707,38.35353088309057
H,hard_augmented,0.05,58,mean_worst,0.25,7,547,335,256,212,13,2145,0.9975678242786862,5.3675,0.0707070707070707,38.35353088309057
H,hard_augmented,0.05,59,mean_worst,0.25,7,547,335,256,212,13,2145,0.9979746535949473,5.3675,0.0707070707070707,38.35353088309057
H,hard_augmented,0.08,10,mean_worst,0.25,7,547,335,256,212,13,2145,0.9948978105990562,5.3675,0.0707070707070707,38.35353088309057
H,hard_augmented,0.08,11,mean_worst,0.25,7,547,335,256,212,13,2145,0.9939928307035253,5.3675,0.0707070707070707,38.35353088309057
H,hard_augmented,0.08,12,mean_worst,0.25,7,547,335,256,212,13,2145,0.9940621912071113,5.3675,0.0707070707070707,38.35353088309057
H,hard_augmented,0.08,13,mean_worst,0.25,7,547,335,256,212,13,2145,0.9986972995943836,5.3675,0.0707070707070707,38.35353088309057
H,hard_augmented,0.08,14,mean_worst,0.25,7,547,335,256,212,13,2145,0.9930601268848596,5.3675,0.0707070707070707,38.35353088309057
H,hard_augmented,0.08,15,mean_worst,0.25,7,547,335,256,212,13,2145,0.9988553402549536,5.3675,0.0707070707070707,38.35353088309057
H,hard_augmented,0.08,16,mean_worst,0.25,7,547,335,256,212,13,2145,0.9958442642980656,5.3675,0.0707070707070707,38.35353088309057
H,hard_augmented,0.08,17,mean_worst,0.25,7,547,335,256,212,13,2145,0.998214145161875,5.3675,0.0707070707070707,38.35353088309057
H,hard_augmented,0.08,18,mean_worst,0.25,7,547,335,256,212,13,2145,0.9992009612968331,5.3675,0.0707070707070707,38.35353088309057
H,hard_augmented,0.08,19,mean_worst,0.25,7,547,335,256,212,13,2145,0.9952839403004545,5.3675,0.0707070707070707,38.35353088309057
H,hard_augmented,0.08,20,mean_worst,0.25,7,547,335,256,212,13,2145,0.9944731443869338,5.3675,0.0707070707070707,38.35353088309057
H,hard_augmented,0.08,21,mean_worst,0.25,7,547,335,256,212,13,2145,0.9985810945152629,5.3675,0.0707070707070707,38.35353088309057
H,hard_augmented,0.08,22,mean_worst,0.25,7,547,335,256,212,13,2145,0.9939350633076036,5.3675,0.0707070707070707,38.35353088309057
H,hard_augmented,0.08,23,mean_worst,0.25,7,547,335,256,212,13,2145,0.9982717705996809,5.3675,0.0707070707070707,38.35353088309057
H,hard_augmented,0.08,24,mean_worst,0.25,7,547,335,256,212,13,2145,0.9975748125029289,5.3675,0.0707070707070707,38.35353088309057
H,hard_augmented,0.08,25,mean_worst,0.25,7,547,335,256,212,13,2145,0.9959135549862903,5.3675,0.0707070707070707,38.35353088309057
H,hard_augmented,0.08,26,mean_worst,0.25,7,547,335,256,212,13,2145,0.99848147990309,5.3675,0.0707070707070707,38.35353088309057
H,hard_augmented,0.08,27,mean_worst,0.25,7,547,335,256,212,13,2145,0.9962346317026355,5.3675,0.0707070707070707,38.35353088309057
H,hard_augmented,0.08,28,mean_worst,0.25,7,547,335,256,212,13,2145,0.9992327438497234,5.3675,0.0707070707070707,38.35353088309057
H,hard_augmented,0.08,29,mean_worst,0.25,7,547,335,256,212,13,2145,0.998704066931082,5.3675,0.0707070707070707,38.35353088309057
H,hard_augmented,0.08,30,mean_worst,0.25,7,547,335,256,212,13,2145,0.9982832720721158,5.3675,0.0707070707070707,38.35353088309057
H,hard_augmented,0.08,31,mean_worst,0.25,7,547,335,256,212,13,2145,0.9966083693580072,5.3675,0.0707070707070707,38.35353088309057
H,hard_augmented,0.08,32,mean_worst,0.25,7,547,335,256,212,13,2145,0.9975854547074177,5.3675,0.0707070707070707,38.35353088309057
H,hard_augmented,0.08,33,mean_worst,0.25,7,547,335,256,212,13,2145,0.9995233350811166,5.3675,0.0707070707070707,38.35353088309057
H,hard_augmented,0.08,34,mean_worst,0.25,7,547,335,256,212,13,2145,0.9990791480723549,5.3675,0.0707070707070707,38.35353088309057
H,hard_augmented,0.08,35,mean_worst,0.25,7,547,335,256,212,13,2145,0.9969775544577233,5.3675,0.0707070707070707,38.35353088309057
H,hard_augmented,0.08,36,mean_worst,0.25,7,547,335,256,212,13,2145,0.9980056477395483,5.3675,0.0707070707070707,38.35353088309057
H,hard_augmented,0.08,37,mean_worst,0.25,7,547,335,256,212,13,2145,0.9946350098406422,5.3675,0.0707070707070707,38.35353088309057
H,hard_augmented,0.08,38,mean_worst,0.25,7,547,335,256,212,13,2145,0.9983830794576778,5.3675,0.0707070707070707,38.35353088309057
H,hard_augmented,0.08,39,mean_worst,0.25,7,547,335,256,212,13,2145,0.9941111134201526,5.3675,0.0707070707070707,38.35353088309057
H,hard_augmented,0.08,40,mean_worst,0.25,7,547,335,256,212,13,2145,0.994507110351474,5.3675,0.0707070707070707,38.35353088309057
H,hard_augmented,0.08,41,mean_worst,0.25,7,547,335,256,212,13,2145,0.999533811114677,5.3675,0.0707070707070707,38.35353088309057
H,hard_augmented,0.08,42,mean_worst,0.25,7,547,335,256,212,13,2145,0.9995552275395281,5.3675,0.0707070707070707,38.35353088309057
H,hard_augmented,0.08,43,mean_worst,0.25,7,547,335,256,212,13,2145,0.998645436278742,5.3675,0.0707070707070707,38.35353088309057
H,hard_augmented,0.08,44,mean_worst,0.25,7,547,335,256,212,13,2145,0.9983907647060084,5.3675,0.0707070707070707,38.35353088309057
H,hard_augmented,0.08,45,mean_worst,0.25,7,547,335,256,212,13,2145,0.9978122800577949,5.3675,0.0707070707070707,38.35353088309057
H,hard_augmented,0.08,46,mean_worst,0.25,7,547,335,256,212,13,2145,0.997841332808163,5.3675,0.0707070707070707,38.35353088309057
H,hard_augmented,0.08,47,mean_worst,0.25,7,547,335,256,212,13,2145,0.9955195225998692,5.3675,0.0707070707070707,38.35353088309057
H,hard_augmented,0.08,48,mean_worst,0.25,7,547,335,256,212,13,2145,0.9958644007966515,5.3675,0.0707070707070707,38.35353088309057
H,hard_augmented,0.08,49,mean_worst,0.25,7,547,335,256,212,13,2145,0.9957231822186554,5.3675,0.0707070707070707,38.35353088309057
H,hard_augmented,0.08,50,mean_worst,0.25,7,547,335,256,212,13,2145,0.9992877674152203,5.3675,0.0707070707070707,38.35353088309057
H,hard_augmented,0.08,51,mean_worst,0.25,7,547,335,256,212,13,2145,0.9975882386698145,5.3675,0.0707070707070707,38.35353088309057
H,hard_augmented,0.08,52,mean_worst,0.25,7,547,335,256,212,13,2145,0.9994894280467004,5.3675,0.0707070707070707,38.35353088309057
H,hard_augmented,0.08,53,mean_worst,0.25,7,547,335,256,212,13,2145,0.9996507064024871,5.3675,0.0707070707070707,38.35353088309057
H,hard_augmented,0.08,54,mean_worst,0.25,7,547,335,256,212,13,2145,0.9988649636534908,5.3675,0.0707070707070707,38.35353088309057
H,hard_augmented,0.08,55,mean_worst,0.25,7,547,335,256,212,13,2145,0.9961304118766907,5.3675,0.0707070707070707,38.35353088309057
H,hard_augmented,0.08,56,mean_worst,0.25,7,547,335,256,212,13,2145,0.9970198943093806,5.3675,0.0707070707070707,38.35353088309057
H,hard_augmented,0.08,57,mean_worst,0.25,7,547,335,256,212,13,2145,0.9954253644364264,5.3675,0.0707070707070707,38.35353088309057
H,hard_augmented,0.08,58,mean_worst,0.25,7,547,335,256,212,13,2145,0.995336612269333,5.3675,0.0707070707070707,38.35353088309057
H,hard_augmented,0.08,59,mean_worst,0.25,7,547,335,256,212,13,2145,0.9952132696572198,5.3675,0.0707070707070707,38.35353088309057
