task,method,net_index,coeff_x,coeff_y,coeff_z,coeff_norm,ball_radius,points_per_axis,grid_spacing,covering_radius,final_fidelity,final_infidelity,pulse_energy,design_seconds,time_horizon
Z,terminal_value_shifted,0,-0.08,0.0,0.0,0.08,0.08,13,0.013333333333333336,0.011547005383792518,0.99898066846351,0.0010193315364900313,4.705,272.2985820590984,8.0
Z,terminal_value_shifted,1,-0.07891151390657,-0.01315191898443,0.0,0.07999999999999875,0.08,13,0.013333333333333336,0.011547005383792518,0.9986010882600064,0.0013989117399936246,4.705,272.2985820590984,8.0
Z,terminal_value_shifted,2,-0.07891151390657,0.0,-0.01315191898443,0.07999999999999875,0.08,13,0.013333333333333336,0.011547005383792518,0.9990208142338275,0.0009791857661725079,4.705,272.2985820590984,8.0
Z,terminal_value_shifted,3,-0.07891151390657,0.0,0.01315191898443,0.07999999999999875,0.08,13,0.013333333333333336,0.011547005383792518,0.9989265314288607,0.0010734685711393244,4.705,272.2985820590984,8.0
Z,terminal_value_shifted,4,-0.07891151390657,0.01315191898443,0.0,0.07999999999999875,0.08,13,0.013333333333333336,0.011547005383792518,0.9990258824448364,0.0009741175551636339,4.705,272.2985820590984,8.0
Z,terminal_value_shifted,5,-0.07786628214277,-0.01297771369046,-0.01297771369046,0.08000000000000354,0.08,13,0.013333333333333336,0.011547005383792518,0.9987159553109753,0.0012840446890246549,4.705,272.2985820590984,8.0
Z,terminal_value_shifted,6,-0.07786628214277,-0.01297771369046,0.01297771369046,0.08000000000000354,0.08,13,0.013333333333333336,0.011547005383792518,0.9984861477474404,0.001513852252559622,4.705,272.2985820590984,8.0
Z,terminal_value_shifted,7,-0.07786628214277,0.01297771369046,-0.01297771369046,0.08000000000000354,0.08,13,0.013333333333333336,0.011547005383792518,0.9989891001662192,0.0010108998337807762,4.705,272.2985820590984,8.0
Z,terminal_value_shifted,8,-0.07786628214277,0.01297771369046,0.01297771369046,0.08000000000000354,0.08,13,0.013333333333333336,0.011547005383792518,0.9990532728272086,0.0009467271727914284,4.705,272.2985820590984,8.0
Z,terminal_value_shifted,9,-0.07589466384404,-0.02529822128135,0.0,0.07999999999999989,0.08,13,0.013333333333333336,0.011547005383792518,0.9979458423780698,0.002054157621930175,4.705,272.2985820590984,8.0
Z,terminal_value_shifted,10,-0.07589466384404,0.0,-0.02529822128135,0.07999999999999989,0.08,13,0.013333333333333336,0.011547005383792518,0.9990485121285232,0.0009514878714768082,4.705,272.2985820590984,8.0
Z,terminal_value_shifted,11,-0.07589466384404,0.0,0.02529822128135,0.07999999999999989,0.08,13,0.013333333333333336,0.011547005383792518,0.9988609487992708,0.001139051200729213,4.705,272.2985820590984,8.0
Z,terminal_value_shifted,12,-0.07589466384404,0.02529822128135,0.0,0.07999999999999989,0.08,13,0.013333333333333336,0.011547005383792518,0.9987807831716534,0.001219216828346581,4.705,272.2985820590984,8.0
Z,terminal_value_shifted,13,-0.07496340570653,-0.02498780190218,-0.01249390095109,0.08000000000000033,0.08,13,0.013333333333333336,0.011547005383792518,0.9981217680952049,0.0018782319047950802,4.705,272.2985820590984,8.0
Z,terminal_value_shifted,14,-0.07496340570653,-0.02498780190218,0.01249390095109,0.08000000000000033,0.08,13,0.013333333333333336,0.011547005383792518,0.9977965332697291,0.002203466730270942,4.705,272.2985820590984,8.0
Z,terminal_value_shifted,15,-0.07496340570653,-0.01249390095109,-0.02498780190218,0.08000000000000033,0.08,13,0.013333333333333336,0.011547005383792518,0.9988205540351519,0.0011794459648480915,4.705,272.2985820590984,8.0
Z,terminal_value_shifted,16,-0.07496340570653,-0.01249390095109,0.02498780190218,0.08000000000000033,0.08,13,0.013333333333333336,0.011547005383792518,0.9983816766694233,0.0016183233305766542,4.705,272.2985820590984,8.0
Z,terminal_value_shifted,17,-0.07496340570653,0.01249390095109,-0.02498780190218,0.08000000000000033,0.08,13,0.013333333333333336,0.011547005383792518,0.998955700515626,0.0010442994843740117,4.705,272.2985820590984,8.0
Z,terminal_value_shifted,18,-0.07496340570653,0.01249390095109,0.02498780190218,0.08000000000000033,0.08,13,0.013333333333333336,0.011547005383792518,0.9990606801906716,0.0009393198093283761,4.705,272.2985820590984,8.0
Z,terminal_value_shifted,19,-0.07496340570653,0.02498780190218,-0.01249390095109,0.08000000000000033,0.08,13,0.013333333333333336,0.011547005383792518,0.9986758313268812,0.0013241686731187974,4.705,272.2985820590984,8.0
Z,terminal_value_shifted,20,-0.07496340570653,0.02498780190218,0.01249390095109,0.08000000000000033,0.08,13,0.013333333333333336,0.011547005383792518,0.9988946511204344,0.001105348879565593,4.705,272.2985820590984,8.0
Z,terminal_value_shifted,21,-0.07236272269866,-0.02412090756622,-0.02412090756622,0.07999999999999638,0.08,13,0.013333333333333336,0.011547005383792518,0.9983053327285579,0.001694667271442074,4.705,272.2985820590984,8.0
Z,terminal_value_shifted,22,-0.07236272269866,-0.02412090756622,0.02412090756622,0.07999999999999638,0.08,13,0.013333333333333336,0.011547005383792518,0.9976861450774974,0.0023138549225025784,4.705,272.2985820590984,8.0
Z,terminal_value_shifted,23,-0.07236272269866,0.02412090756622,-0.02412090756622,0.07999999999999638,0.08,13,0.013333333333333336,0.011547005383792518,0.998600494129261,0.001399505870739004,4.705,272.2985820590984,8.0
Z,terminal_value_shifted,24,-0.07236272269866,0.02412090756622,0.02412090756622,0.07999999999999638,0.08,13,0.013333333333333336,0.011547005383792518,0.9989934500364921,0.0010065499635079078,4.705,272.2985820590984,8.0
Z,terminal_value_shifted,25,-0.07155417527999,-0.03577708764,0.0,0.07999999999999859,0.08,13,0.013333333333333336,0.011547005383792518,0.9971413504508166,0.0028586495491833563,4.705,272.2985820590984,8.0
Z,terminal_value_shifted,26,-0.07155417527999,0.0,-0.03577708764,0.07999999999999859,0.08,13,0.013333333333333336,0.011547005383792518,0.999067401980026,0.0009325980199740291,4.705,272.2985820590984,8.0
Z,terminal_value_shifted,27,-0.07155417527999,0.0,0.03577708764,0.07999999999999859,0.08,13,0.013333333333333336,0.011547005383792518,0.9987898394379299,0.0012101605620701283,4.705,272.2985820590984,8.0
Z,terminal_value_shifted,28,-0.07155417527999,0.03577708764,0.0,0.07999999999999859,0.08,13,0.013333333333333336,0.011547005383792518,0.9983575343182336,0.001642465681766403,4.705,272.2985820590984,8.0
Z,terminal_value_shifted,29,-0.07077213895435,-0.03538606947718,-0.01179535649239,0.08000000000000126,0.08,13,0.013333333333333336,0.011547005383792518,0.9973581877285018,0.0026418122714981784,4.705,272.2985820590984,8.0
Z,terminal_value_shifted,30,-0.07077213895435,-0.03538606947718,0.01179535649239,0.08000000000000126,0.08,13,0.013333333333333336,0.011547005383792518,0.9969793101226135,0.003020689877386462,4.705,272.2985820590984,8.0
Z,terminal_value_shifted,31,-0.07077213895435,-0.01179535649239,-0.03538606947718,0.08000000000000126,0.08,13,0.013333333333333336,0.011547005383792518,0.9989085490005992,0.0010914509994007782,4.705,272.2985820590984,8.0
Z,terminal_value_shifted,32,-0.07077213895435,-0.01179535649239,0.03538606947718,0.08000000000000126,0.08,13,0.013333333333333336,0.011547005383792518,0.9982947125657171,0.0017052874342828872,4.705,272.2985820590984,8.0
Z,terminal_value_shifted,33,-0.07077213895435,0.01179535649239,-0.03538606947718,0.08000000000000126,0.08,13,0.013333333333333336,0.011547005383792518,0.9989338946193833,0.0010661053806166887,4.705,272.2985820590984,8.0
Z,terminal_value_shifted,34,-0.07077213895435,0.01179535649239,0.03538606947718,0.08000000000000126,0.08,13,0.013333333333333336,0.011547005383792518,0.9990451809087283,0.000954819091271708,4.705,272.2985820590984,8.0
Z,terminal_value_shifted,35,-0.07077213895435,0.03538606947718,-0.01179535649239,0.08000000000000126,0.08,13,0.013333333333333336,0.011547005383792518,0.9981993937108943,0.0018006062891057217,4.705,272.2985820590984,8.0
Z,terminal_value_shifted,36,-0.07077213895435,0.03538606947718,0.01179535649239,0.08000000000000126,0.08,13,0.013333333333333336,0.011547005383792518,0.9985462441424867,0.0014537558575132836,4.705,272.2985820590984,8.0
Z,terminal_value_shifted,37,-0.06857142857143,-0.03428571428571,-0.02285714285714,0.07999999999999857,0.08,13,0.013333333333333336,0.011547005383792518,0.997606778311526,0.002393221688474001,4.705,272.2985820590984,8.0
Z,terminal_value_shifted,38,-0.06857142857143,-0.03428571428571,0.02285714285714,0.07999999999999857,0.08,13,0.013333333333333336,0.011547005383792518,0.9968823456059017,0.0031176543940982793,4.705,272.2985820590984,8.0
Z,terminal_value_shifted,39,-0.06857142857143,-0.02285714285714,-0.03428571428571,0.07999999999999857,0.08,13,0.013333333333333336,0.011547005383792518,0.9984783278431835,0.0015216721568165337,4.705,272.2985820590984,8.0
Z,terminal_value_shifted,40,-0.06857142857143,-0.02285714285714,0.03428571428571,0.07999999999999857,0.08,13,0.013333333333333336,0.011547005383792518,0.9976167757065939,0.0023832242934060943,4.705,272.2985820590984,8.0
Z,terminal_value_shifted,41,-0.06857142857143,0.02285714285714,-0.03428571428571,0.07999999999999857,0.08,13,0.013333333333333336,0.011547005383792518,0.9985629658212787,0.0014370341787213192,4.705,272.2985820590984,8.0
Z,terminal_value_shifted,42,-0.06857142857143,0.02285714285714,0.03428571428571,0.07999999999999857,0.08,13,0.013333333333333336,0.011547005383792518,0.9990613744750927,0.0009386255249073105,4.705,272.2985820590984,8.0
Z,terminal_value_shifted,43,-0.06857142857143,0.03428571428571,-0.02285714285714,0.07999999999999857,0.08,13,0.013333333333333336,0.011547005383792518,0.9980963831044989,0.0019036168955011146,4.705,272.2985820590984,8.0
Z,terminal_value_shifted,44,-0.06857142857143,0.03428571428571,0.02285714285714,0.07999999999999857,0.08,13,0.013333333333333336,0.011547005383792518,0.9987325652661717,0.0012674347338282876,4.705,272.2985820590984,8.0
Z,terminal_value_shifted,45,-0.06666666666667,-0.04,-0.01333333333333,0.07888106377466379,0.08,13,0.013333333333333336,0.011547005383792518,0.9969737948097412,0.0030262051902587572,4.705,272.2985820590984,8.0
Z,terminal_value_shifted,46,-0.06666666666667,-0.04,0.0,0.07774602526460686,0.08,13,0.013333333333333336,0.011547005383792518,0.9967490608104224,0.0032509391895776396,4.705,272.2985820590984,8.0
Z,terminal_value_shifted,47,-0.06666666666667,-0.04,0.01333333333333,0.07888106377466379,0.08,13,0.013333333333333336,0.011547005383792518,0.9965117985143952,0.0034882014856048027,4.705,272.2985820590984,8.0
Z,terminal_value_shifted,48,-0.06666666666667,-0.02666666666667,-0.02666666666667,0.07659416862051227,0.08,13,0.013333333333333336,0.011547005383792518,0.9981870133462143,0.0018129866537857087,4.705,272.2985820590984,8.0
Z,terminal_value_shifted,49,-0.06666666666667,-0.02666666666667,-0.01333333333333,0.0730296743340258,0.08,13,0.013333333333333336,0.011547005383792518,0.9980254475656576,0.0019745524343424137,4.705,272.2985820590984,8.0
Z,terminal_value_shifted,50,-0.06666666666667,-0.02666666666667,0.0,0.07180219742846439,0.08,13,0.013333333333333336,0.011547005383792518,0.9978473423006751,0.0021526576993249336,4.705,272.2985820590984,8.0
Z,terminal_value_shifted,51,-0.06666666666667,-0.02666666666667,0.01333333333333,0.0730296743340258,0.08,13,0.013333333333333336,0.011547005383792518,0.9976541781691805,0.00234582183081955,4.705,272.2985820590984,8.0
Z,terminal_value_shifted,52,-0.06666666666667,-0.02666666666667,0.02666666666667,0.07659416862051227,0.08,13,0.013333333333333336,0.011547005383792518,0.9974479213964332,0.0025520786035667653,4.705,272.2985820590984,8.0
Z,terminal_value_shifted,53,-0.06666666666667,-0.01333333333333,-0.04,0.07888106377466379,0.08,13,0.013333333333333336,0.011547005383792518,0.9988996770674483,0.0011003229325516894,4.705,272.2985820590984,8.0
Z,terminal_value_shifted,54,-0.06666666666667,-0.01333333333333,-0.02666666666667,0.0730296743340258,0.08,13,0.013333333333333336,0.011547005383792518,0.998818944933767,0.0011810550662330055,4.705,272.2985820590984,8.0
Z,terminal_value_shifted,55,-0.06666666666667,-0.01333333333333,-0.01333333333333,0.06928203230275702,0.08,13,0.013333333333333336,0.011547005383792518,0.9987194734974967,0.0012805265025033208,4.705,272.2985820590984,8.0
Z,terminal_value_shifted,56,-0.06666666666667,-0.01333333333333,0.0,0.06798692684790641,0.08,13,0.013333333333333336,0.011547005383792518,0.9986015454537611,0.0013984545462388809,4.705,272.2985820590984,8.0
Z,terminal_value_shifted,57,-0.06666666666667,-0.01333333333333,0.01333333333333,0.06928203230275702,0.08,13,0.013333333333333336,0.011547005383792518,0.9984659697561686,0.0015340302438313635,4.705,272.2985820590984,8.0
Z,terminal_value_shifted,58,-0.06666666666667,-0.01333333333333,0.02666666666667,0.0730296743340258,0.08,13,0.013333333333333336,0.011547005383792518,0.9983140888913717,0.0016859111086282574,4.705,272.2985820590984,8.0
Z,terminal_value_shifted,59,-0.06666666666667,-0.01333333333333,0.04,0.07888106377466379,0.08,13,0.013333333333333336,0.011547005383792518,0.9981477747768724,0.001852225223127557,4.705,272.2985820590984,8.0
Z,terminal_value_shifted,60,-0.06666666666667,0.0,-0.04,0.07774602526460686,0.08,13,0.013333333333333336,0.011547005383792518,0.9990832411122758,0.000916758887724245,4.705,272.2985820590984,8.0
Z,terminal_value_shifted,61,-0.06666666666667,0.0,-0.02666666666667,0.07180219742846439,0.08,13,0.013333333333333336,0.011547005383792518,0.9990787814954569,0.0009212185045430754,4.705,272.2985820590984,8.0
Z,terminal_value_shifted,62,-0.06666666666667,0.0,-0.01333333333333,0.06798692684790641,0.08,13,0.013333333333333336,0.011547005383792518,0.9990544050581409,0.0009455949418590848,4.705,272.2985820590984,8.0
Z,terminal_value_shifted,63,-0.06666666666667,0.0,0.0,0.06666666666667,0.08,13,0.013333333333333336,0.011547005383792518,0.9990096520585857,0.0009903479414142824,4.705,272.2985820590984,8.0
Z,terminal_value_shifted,64,-0.06666666666667,0.0,0.01333333333333,0.06798692684790641,0.08,13,0.013333333333333336,0.011547005383792518,0.9989446320654328,0.0010553679345671751,4.705,272.2985820590984,8.0
Z,terminal_value_shifted,65,-0.06666666666667,0.0,0.02666666666667,0.07180219742846439,0.08,13,0.013333333333333336,0.011547005383792518,0.9988600329456307,0.0011399670543692508,4.705,272.2985820590984,8.0
Z,terminal_value_shifted,66,-0.06666666666667,0.0,0.04,0.07774602526460686,0.08,13,0.013333333333333336,0.011547005383792518,0.9987571182179066,0.001242881782093419,4.705,272.2985820590984,8.0
Z,terminal_value_shifted,67,-0.06666666666667,0.01333333333333,-0.04,0.07888106377466379,0.08,13,0.013333333333333336,0.011547005383792518,0.9988827081545648,0.0011172918454351866,4.705,272.2985820590984,8.0
Z,terminal_value_shifted,68,-0.06666666666667,0.01333333333333,-0.02666666666667,0.0730296743340258,0.08,13,0.013333333333333336,0.011547005383792518,0.998966841803514,0.0010331581964859726,4.705,272.2985820590984,8.0
Z,terminal_value_shifted,69,-0.06666666666667,0.01333333333333,-0.01333333333333,0.06928203230275702,0.08,13,0.013333333333333336,0.011547005383792518,0.9990299241350906,0.000970075864909381,4.705,272.2985820590984,8.0
Z,terminal_value_shifted,70,-0.06666666666667,0.01333333333333,0.0,0.06798692684790641,0.08,13,0.013333333333333336,0.011547005383792518,0.9990707297290499,0.0009292702709501333,4.705,272.2985820590984,8.0
Z,terminal_value_shifted,71,-0.06666666666667,0.01333333333333,0.01333333333333,0.06928203230275702,0.08,13,0.013333333333333336,0.011547005383792518,0.9990886417157916,0.0009113582842084078,4.705,272.2985820590984,8.0
Z,terminal_value_shifted,72,-0.06666666666667,0.01333333333333,0.02666666666667,0.0730296743340258,0.08,13,0.013333333333333336,0.011547005383792518,0.9990836629104712,0.0009163370895287626,4.705,272.2985820590984,8.0
Z,terminal_value_shifted,73,-0.06666666666667,0.01333333333333,0.04,0.07888106377466379,0.08,13,0.013333333333333336,0.011547005383792518,0.9990564150729109,0.000943584927089125,4.705,272.2985820590984,8.0
Z,terminal_value_shifted,74,-0.06666666666667,0.02666666666667,-0.02666666666667,0.07659416862051227,0.08,13,0.013333333333333336,0.011547005383792518,0.9984845638041719,0.0015154361958280571,4.705,272.2985820590984,8.0
Z,terminal_value_shifted,75,-0.06666666666667,0.02666666666667,-0.01333333333333,0.0730296743340258,0.08,13,0.013333333333333336,0.011547005383792518,0.9986467788161325,0.0013532211838674923,4.705,272.2985820590984,8.0
Z,terminal_value_shifted,76,-0.06666666666667,0.02666666666667,0.0,0.07180219742846439,0.08,13,0.013333333333333336,0.011547005383792518,0.998784853788614,0.0012151462113859646,4.705,272.2985820590984,8.0
Z,terminal_value_shifted,77,-0.06666666666667,0.02666666666667,0.01333333333333,0.0730296743340258,0.08,13,0.013333333333333336,0.011547005383792518,0.9988974197080969,0.0011025802919031324,4.705,272.2985820590984,8.0
Z,terminal_value_shifted,78,-0.06666666666667,0.02666666666667,0.02666666666667,0.07659416862051227,0.08,13,0.013333333333333336,0.011547005383792518,0.99898376504288,0.0010162349571199991,4.705,272.2985820590984,8.0
Z,terminal_value_shifted,79,-0.06666666666667,0.04,-0.01333333333333,0.07888106377466379,0.08,13,0.013333333333333336,0.011547005383792518,0.9979066496860852,0.002093350313914777,4.705,272.2985820590984,8.0
Z,terminal_value_shifted,80,-0.06666666666667,0.04,0.0,0.07774602526460686,0.08,13,0.013333333333333336,0.011547005383792518,0.9981529811044412,0.0018470188955588274,4.705,272.2985820590984,8.0
Z,terminal_value_shifted,81,-0.06666666666667,0.04,0.01333333333333,0.07888106377466379,0.08,13,0.013333333333333336,0.011547005383792518,0.998371212408093,0.0016287875919069883,4.705,272.2985820590984,8.0
Z,terminal_value_shifted,82,-0.06656402354703,-0.04437601569802,0.0,0.08000000000000301,0.08,13,0.013333333333333336,0.011547005383792518,0.996313883645946,0.0036861163540540254,4.705,272.2985820590984,8.0
Z,terminal_value_shifted,83,-0.06656402354703,0.0,-0.04437601569802,0.08000000000000301,0.08,13,0.013333333333333336,0.011547005383792518,0.9990808830376191,0.0009191169623808948,4.705,272.2985820590984,8.0
Z,terminal_value_shifted,84,-0.06656402354703,0.0,0.04437601569802,0.08000000000000301,0.08,13,0.013333333333333336,0.011547005383792518,0.9987196288979948,0.0012803711020051844,4.705,272.2985820590984,8.0
Z,terminal_value_shifted,85,-0.06656402354703,0.04437601569802,0.0,0.08000000000000301,0.08,13,0.013333333333333336,0.011547005383792518,0.9978712610741303,0.002128738925869733,4.705,272.2985820590984,8.0
Z,terminal_value_shifted,86,-0.06593307069537,-0.04395538046358,-0.0109888451159,0.0799999999999998,0.08,13,0.013333333333333336,0.011547005383792518,0.9965517211899737,0.003448278810026295,4.705,272.2985820590984,8.0
Z,terminal_value_shifted,87,-0.06593307069537,-0.04395538046358,0.0109888451159,0.0799999999999998,0.08,13,0.013333333333333336,0.011547005383792518,0.9961521155016269,0.003847884498373144,4.705,272.2985820590984,8.0
Z,terminal_value_shifted,88,-0.06593307069537,-0.0109888451159,-0.04395538046358,0.0799999999999998,0.08,13,0.013333333333333336,0.011547005383792518,0.9989782965683589,0.0010217034316410967,4.705,272.2985820590984,8.0
Z,terminal_value_shifted,89,-0.06593307069537,-0.0109888451159,0.04395538046358,0.0799999999999998,0.08,13,0.013333333333333336,0.011547005383792518,0.9982273778232336,0.0017726221767664363,4.705,272.2985820590984,8.0
Z,terminal_value_shifted,90,-0.06593307069537,0.0109888451159,-0.04395538046358,0.0799999999999998,0.08,13,0.013333333333333336,0.011547005383792518,0.9989252942651832,0.0010747057348168276,4.705,272.2985820590984,8.0
Z,terminal_value_shifted,91,-0.06593307069537,0.0109888451159,0.04395538046358,0.0799999999999998,0.08,13,0.013333333333333336,0.011547005383792518,0.9990110137013091,0.0009889862986909304,4.705,272.2985820590984,8.0
Z,terminal_value_shifted,92,-0.06593307069537,0.04395538046358,-0.0109888451159,0.0799999999999998,0.08,13,0.013333333333333336,0.011547005383792518,0.9976760506472082,0.0023239493527917876,4.705,272.2985820590984,8.0
Z,terminal_value_shifted,93,-0.06593307069537,0.04395538046358,0.0109888451159,0.0799999999999998,0.08,13,0.013333333333333336,0.011547005383792518,0.9981141755527293,0.0018858244472707009,4.705,272.2985820590984,8.0
Z,terminal_value_shifted,94,-0.06531972647422,-0.03265986323711,-0.03265986323711,0.08000000000000236,0.08,13,0.013333333333333336,0.011547005383792518,0.9978600004281981,0.002139999571801887,4.705,272.2985820590984,8.0
Z,terminal_value_shifted,95,-0.06531972647422,-0.03265986323711,0.03265986323711,0.08000000000000236,0.08,13,0.013333333333333336,0.011547005383792518,0.9968462041737273,0.0031537958262727317,4.705,272.2985820590984,8.0
Z,terminal_value_shifted,96,-0.06531972647422,0.03265986323711,-0.03265986323711,0.08000000000000236,0.08,13,0.013333333333333336,0.011547005383792518,0.9980551818607948,0.0019448181392052177,4.705,272.2985820590984,8.0
Z,terminal_value_shifted,97,-0.06531972647422,0.03265986323711,0.03265986323711,0.08000000000000236,0.08,13,0.013333333333333336,0.011547005383792518,0.9988895172383053,0.0011104827616946755,4.705,272.2985820590984,8.0
Z,terminal_value_shifted,98,-0.06488856845231,-0.03893314107138,-0.02595542738092,0.08000000000000193,0.08,13,0.013333333333333336,0.011547005383792518,0.9972662460312429,0.00273375396875708,4.705,272.2985820590984,8.0
Z,terminal_value_shifted,99,-0.06488856845231,-0.03893314107138,0.02595542738092,0.08000000000000193,0.08,13,0.013333333333333336,0.011547005383792518,0.9963785132195084,0.0036214867804915674,4.705,272.2985820590984,8.0
Z,terminal_value_shifted,100,-0.06488856845231,-0.02595542738092,-0.03893314107138,0.08000000000000193,0.08,13,0.013333333333333336,0.011547005383792518,0.9983622819673418,0.0016377180326582197,4.705,272.2985820590984,8.0
Z,terminal_value_shifted,101,-0.06488856845231,-0.02595542738092,0.03893314107138,0.08000000000000193,0.08,13,0.013333333333333336,0.011547005383792518,0.9973003735251196,0.0026996264748804233,4.705,272.2985820590984,8.0
Z,terminal_value_shifted,102,-0.06488856845231,0.02595542738092,-0.03893314107138,0.08000000000000193,0.08,13,0.013333333333333336,0.011547005383792518,0.9983671796850185,0.0016328203149814646,4.705,272.2985820590984,8.0
Z,terminal_value_shifted,103,-0.06488856845231,0.02595542738092,0.03893314107138,0.08000000000000193,0.08,13,0.013333333333333336,0.011547005383792518,0.9990551980635121,0.0009448019364879379,4.705,272.2985820590984,8.0
Z,terminal_value_shifted,104,-0.06488856845231,0.03893314107138,-0.02595542738092,0.08000000000000193,0.08,13,0.013333333333333336,0.011547005383792518,0.9977443166552828,0.002255683344717152,4.705,272.2985820590984,8.0
Z,terminal_value_shifted,105,-0.06488856845231,0.03893314107138,0.02595542738092,0.08000000000000193,0.08,13,0.013333333333333336,0.011547005383792518,0.9986075634357943,0.0013924365642057346,4.705,272.2985820590984,8.0
Z,terminal_value_shifted,106,-0.06414269805898,-0.04276179870599,-0.02138089935299,0.07999999999999859,0.08,13,0.013333333333333336,0.011547005383792518,0.9968426312427344,0.0031573687572655773,4.705,272.2985820590984,8.0
Z,terminal_value_shifted,107,-0.06414269805898,-0.04276179870599,0.02138089935299,0.07999999999999859,0.08,13,0.013333333333333336,0.011547005383792518,0.9960737183165126,0.003926281683487409,4.705,272.2985820590984,8.0
Z,terminal_value_shifted,108,-0.06414269805898,-0.02138089935299,-0.04276179870599,0.07999999999999859,0.08,13,0.013333333333333336,0.011547005383792518,0.9986290457354718,0.001370954264528157,4.705,272.2985820590984,8.0
Z,terminal_value_shifted,109,-0.06414269805898,-0.02138089935299,0.04276179870599,0.07999999999999859,0.08,13,0.013333333333333336,0.011547005383792518,0.997582519638409,0.0024174803615909513,4.705,272.2985820590984,8.0
Z,terminal_value_shifted,110,-0.06414269805898,0.02138089935299,-0.04276179870599,0.07999999999999859,0.08,13,0.013333333333333336,0.011547005383792518,0.9985591457939887,0.001440854206011255,4.705,272.2985820590984,8.0
Z,terminal_value_shifted,111,-0.06414269805898,0.02138089935299,0.04276179870599,0.07999999999999859,0.08,13,0.013333333333333336,0.011547005383792518,0.9990949578211216,0.0009050421788784346,4.705,272.2985820590984,8.0
Z,terminal_value_shifted,112,-0.06414269805898,0.04276179870599,-0.02138089935299,0.07999999999999859,0.08,13,0.013333333333333336,0.011547005383792518,0.9975536737513371,0.0024463262486629223,4.705,272.2985820590984,8.0
Z,terminal_value_shifted,113,-0.06414269805898,0.04276179870599,0.02138089935299,0.07999999999999859,0.08,13,0.013333333333333336,0.011547005383792518,0.9983686399394174,0.0016313600605826206,4.705,272.2985820590984,8.0
Z,terminal_value_shifted,114,-0.06246950475544,-0.04997560380435,0.0,0.07999999999999564,0.08,13,0.013333333333333336,0.011547005383792518,0.995693466873335,0.004306533126664958,4.705,272.2985820590984,8.0
Z,terminal_value_shifted,115,-0.06246950475544,0.0,-0.04997560380435,0.07999999999999564,0.08,13,0.013333333333333336,0.011547005383792518,0.9990893062889448,0.0009106937110552327,4.705,272.2985820590984,8.0
Z,terminal_value_shifted,116,-0.06246950475544,0.0,0.04997560380435,0.07999999999999564,0.08,13,0.013333333333333336,0.011547005383792518,0.9986672813512599,0.0013327186487400722,4.705,272.2985820590984,8.0
Z,terminal_value_shifted,117,-0.06246950475544,0.04997560380435,0.0,0.07999999999999564,0.08,13,0.013333333333333336,0.011547005383792518,0.9974911133039552,0.0025088866960447653,4.705,272.2985820590984,8.0
Z,terminal_value_shifted,118,-0.06172133998484,-0.04937707198787,-0.01234426799697,0.08000000000000328,0.08,13,0.013333333333333336,0.011547005383792518,0.9959940895388661,0.004005910461133855,4.705,272.2985820590984,8.0
Z,terminal_value_shifted,119,-0.06172133998484,-0.04937707198787,0.01234426799697,0.08000000000000328,0.08,13,0.013333333333333336,0.011547005383792518,0.9955161896925567,0.00448381030744327,4.705,272.2985820590984,8.0
Z,terminal_value_shifted,120,-0.06172133998484,-0.01234426799697,-0.04937707198787,0.08000000000000326,0.08,13,0.013333333333333336,0.011547005383792518,0.9989805893884331,0.001019410611566851,4.705,272.2985820590984,8.0
Z,terminal_value_shifted,121,-0.06172133998484,-0.01234426799697,0.04937707198787,0.08000000000000326,0.08,13,0.013333333333333336,0.011547005383792518,0.9980729387338125,0.0019270612661874686,4.705,272.2985820590984,8.0
Z,terminal_value_shifted,122,-0.06172133998484,0.01234426799697,-0.04937707198787,0.08000000000000326,0.08,13,0.013333333333333336,0.011547005383792518,0.998868879207246,0.0011311207927540146,4.705,272.2985820590984,8.0
Z,terminal_value_shifted,123,-0.06172133998484,0.01234426799697,0.04937707198787,0.08000000000000326,0.08,13,0.013333333333333336,0.011547005383792518,0.9990144480582029,0.0009855519417970582,4.705,272.2985820590984,8.0
Z,terminal_value_shifted,124,-0.06172133998484,0.04937707198787,-0.01234426799697,0.08000000000000328,0.08,13,0.013333333333333336,0.011547005383792518,0.9972428179604268,0.0027571820395732027,4.705,272.2985820590984,8.0
Z,terminal_value_shifted,125,-0.06172133998484,0.04937707198787,0.01234426799697,0.08000000000000328,0.08,13,0.013333333333333336,0.011547005383792518,0.9978198133162433,0.0021801866837567463,4.705,272.2985820590984,8.0
Z,terminal_value_shifted,126,-0.06145770236779,-0.05121475197316,0.0,0.08000000000000099,0.08,13,0.013333333333333336,0.011547005383792518,0.9955474535390817,0.004452546460918305,4.705,272.2985820590984,8.0
Z,terminal_value_shifted,127,-0.06145770236779,-0.04097180157853,-0.0307288511839,0.08000000000000354,0.08,13,0.013333333333333336,0.011547005383792518,0.9971557808514449,0.0028442191485551493,4.705,272.2985820590984,8.0
Z,terminal_value_shifted,128,-0.06145770236779,-0.04097180157853,0.0307288511839,0.08000000000000354,0.08,13,0.013333333333333336,0.011547005383792518,0.996070020465395,0.003929979534605055,4.705,272.2985820590984,8.0
Z,terminal_value_shifted,129,-0.06145770236779,-0.0307288511839,-0.04097180157853,0.08000000000000354,0.08,13,0.013333333333333336,0.011547005383792518,0.9980959444566051,0.0019040555433949002,4.705,272.2985820590984,8.0
Z,terminal_value_shifted,130,-0.06145770236779,-0.0307288511839,0.04097180157853,0.08000000000000354,0.08,13,0.013333333333333336,0.011547005383792518,0.9968573181884067,0.003142681811593273,4.705,272.2985820590984,8.0
Z,terminal_value_shifted,131,-0.06145770236779,0.0,-0.05121475197316,0.08000000000000099,0.08,13,0.013333333333333336,0.011547005383792518,0.9990911802163502,0.0009088197836497613,4.705,272.2985820590984,8.0
Z,terminal_value_shifted,132,-0.06145770236779,0.0,0.05121475197316,0.08000000000000099,0.08,13,0.013333333333333336,0.011547005383792518,0.9986549163914826,0.0013450836085173723,4.705,272.2985820590984,8.0
Z,terminal_value_shifted,133,-0.06145770236779,0.0307288511839,-0.04097180157853,0.08000000000000354,0.08,13,0.013333333333333336,0.011547005383792518,0.9980665237383479,0.0019334762616520784,4.705,272.2985820590984,8.0
Z,terminal_value_shifted,134,-0.06145770236779,0.0307288511839,0.04097180157853,0.08000000000000354,0.08,13,0.013333333333333336,0.011547005383792518,0.9990042314022478,0.000995768597752189,4.705,272.2985820590984,8.0
Z,terminal_value_shifted,135,-0.06145770236779,0.04097180157853,-0.0307288511839,0.08000000000000354,0.08,13,0.013333333333333336,0.011547005383792518,0.9975098089107403,0.002490191089259741,4.705,272.2985820590984,8.0
Z,terminal_value_shifted,136,-0.06145770236779,0.04097180157853,0.0307288511839,0.08000000000000354,0.08,13,0.013333333333333336,0.011547005383792518,0.9986014920306099,0.001398507969390117,4.705,272.2985820590984,8.0
Z,terminal_value_shifted,137,-0.06145770236779,0.05121475197316,0.0,0.08000000000000099,0.08,13,0.013333333333333336,0.011547005383792518,0.9974005507900484,0.0025994492099515876,4.705,272.2985820590984,8.0
Z,terminal_value_shifted,138,-0.06099942813304,-0.03659965687983,-0.03659965687983,0.08000000000000304,0.08,13,0.013333333333333336,0.011547005383792518,0.9976130103535548,0.0023869896464452367,4.705,272.2985820590984,8.0
Z,terminal_value_shifted,139,-0.06099942813304,-0.03659965687983,0.03659965687983,0.08000000000000304,0.08,13,0.013333333333333336,0.011547005383792518,0.9963937869086108,0.0036062130913891988,4.705,272.2985820590984,8.0
Z,terminal_value_shifted,140,-0.06099942813304,0.03659965687983,-0.03659965687983,0.08000000000000304,0.08,13,0.013333333333333336,0.011547005383792518,0.997732592749438,0.002267407250561959,4.705,272.2985820590984,8.0
Z,terminal_value_shifted,141,-0.06099942813304,0.03659965687983,0.03659965687983,0.08000000000000304,0.08,13,0.013333333333333336,0.011547005383792518,0.9988289175188908,0.001171082481109198,4.705,272.2985820590984,8.0
Z,terminal_value_shifted,142,-0.06096006096009,-0.05080005080008,-0.01016001016002,0.08000000000000192,0.08,13,0.013333333333333336,0.011547005383792518,0.9957908540244551,0.004209145975544892,4.705,272.2985820590984,8.0
Z,terminal_value_shifted,143,-0.06096006096009,-0.05080005080008,0.01016001016002,0.08000000000000192,0.08,13,0.013333333333333336,0.011547005383792518,0.9953919655752297,0.004608034424770313,4.705,272.2985820590984,8.0
Z,terminal_value_shifted,144,-0.06096006096009,-0.01016001016002,-0.05080005080008,0.08000000000000192,0.08,13,0.013333333333333336,0.011547005383792518,0.9990314389774005,0.0009685610225994568,4.705,272.2985820590984,8.0
Z,terminal_value_shifted,145,-0.06096006096009,-0.01016001016002,0.05080005080008,0.08000000000000192,0.08,13,0.013333333333333336,0.011547005383792518,0.9981780662499448,0.001821933750055238,4.705,272.2985820590984,8.0
Z,terminal_value_shifted,146,-0.06096006096009,0.01016001016002,-0.05080005080008,0.08000000000000192,0.08,13,0.013333333333333336,0.011547005383792518,0.998927305803182,0.0010726941968179915,4.705,272.2985820590984,8.0
Z,terminal_value_shifted,147,-0.06096006096009,0.01016001016002,0.05080005080008,0.08000000000000192,0.08,13,0.013333333333333336,0.011547005383792518,0.9989653656779508,0.0010346343220491994,4.705,272.2985820590984,8.0
Z,terminal_value_shifted,148,-0.06096006096009,0.05080005080008,-0.01016001016002,0.08000000000000192,0.08,13,0.013333333333333336,0.011547005383792518,0.9971823744080882,0.0028176255919117876,4.705,272.2985820590984,8.0
Z,terminal_value_shifted,149,-0.06096006096009,0.05080005080008,0.01016001016002,0.08000000000000192,0.08,13,0.013333333333333336,0.011547005383792518,0.99767644608706,0.002323553912940035,4.705,272.2985820590984,8.0
Z,terminal_value_shifted,150,-0.05962847939999,-0.04770278352,-0.02385139176,0.08000000000000007,0.08,13,0.013333333333333336,0.011547005383792518,0.9963799278791521,0.003620072120847917,4.705,272.2985820590984,8.0
Z,terminal_value_shifted,151,-0.05962847939999,-0.04770278352,0.02385139176,0.08000000000000007,0.08,13,0.013333333333333336,0.011547005383792518,0.9954685458607462,0.004531454139253821,4.705,272.2985820590984,8.0
Z,terminal_value_shifted,152,-0.05962847939999,-0.02385139176,-0.04770278352,0.08000000000000006,0.08,13,0.013333333333333336,0.011547005383792518,0.998561141325661,0.0014388586743390164,4.705,272.2985820590984,8.0
Z,terminal_value_shifted,153,-0.05962847939999,-0.02385139176,0.04770278352,0.08000000000000006,0.08,13,0.013333333333333336,0.011547005383792518,0.9973054950478877,0.00269450495211232,4.705,272.2985820590984,8.0
Z,terminal_value_shifted,154,-0.05962847939999,0.02385139176,-0.04770278352,0.08000000000000006,0.08,13,0.013333333333333336,0.011547005383792518,0.9983950325816521,0.0016049674183479246,4.705,272.2985820590984,8.0
Z,terminal_value_shifted,155,-0.05962847939999,0.02385139176,0.04770278352,0.08000000000000006,0.08,13,0.013333333333333336,0.011547005383792518,0.9991036576869643,0.0008963423130357029,4.705,272.2985820590984,8.0
Z,terminal_value_shifted,156,-0.05962847939999,0.04770278352,-0.02385139176,0.08000000000000007,0.08,13,0.013333333333333336,0.011547005383792518,0.9971129478323426,0.002887052167657389,4.705,272.2985820590984,8.0
Z,terminal_value_shifted,157,-0.05962847939999,0.04770278352,0.02385139176,0.08000000000000007,0.08,13,0.013333333333333336,0.011547005383792518,0.9981681295362952,0.00183187046370481,4.705,272.2985820590984,8.0
Z,terminal_value_shifted,158,-0.05953667260282,-0.04961389383568,-0.01984555753427,0.07999999999999703,0.08,13,0.013333333333333336,0.011547005383792518,0.9961016125818105,0.003898387418189486,4.705,272.2985820590984,8.0
Z,terminal_value_shifted,159,-0.05953667260282,-0.04961389383568,0.01984555753427,0.07999999999999703,0.08,13,0.013333333333333336,0.011547005383792518,0.9953292234254822,0.004670776574517754,4.705,272.2985820590984,8.0
Z,terminal_value_shifted,160,-0.05953667260282,-0.01984555753427,-0.04961389383568,0.07999999999999703,0.08,13,0.013333333333333336,0.011547005383792518,0.9987532828508858,0.0012467171491141738,4.705,272.2985820590984,8.0
Z,terminal_value_shifted,161,-0.05953667260282,-0.01984555753427,0.04961389383568,0.07999999999999703,0.08,13,0.013333333333333336,0.011547005383792518,0.997574175448323,0.002425824551676947,4.705,272.2985820590984,8.0
Z,terminal_value_shifted,162,-0.05953667260282,0.01984555753427,-0.04961389383568,0.07999999999999703,0.08,13,0.013333333333333336,0.011547005383792518,0.9985790006697912,0.001420999330208783,4.705,272.2985820590984,8.0
Z,terminal_value_shifted,163,-0.05953667260282,0.01984555753427,0.04961389383568,0.07999999999999703,0.08,13,0.013333333333333336,0.011547005383792518,0.9990994645160244,0.0009005354839756174,4.705,272.2985820590984,8.0
Z,terminal_value_shifted,164,-0.05953667260282,0.04961389383568,-0.01984555753427,0.07999999999999703,0.08,13,0.013333333333333336,0.011547005383792518,0.9970455528102783,0.0029544471897217095,4.705,272.2985820590984,8.0
Z,terminal_value_shifted,165,-0.05953667260282,0.04961389383568,0.01984555753427,0.07999999999999703,0.08,13,0.013333333333333336,0.011547005383792518,0.9979751363004166,0.0020248636995834346,4.705,272.2985820590984,8.0
Z,terminal_value_shifted,166,-0.05820855000872,-0.03880570000581,-0.03880570000581,0.07999999999999688,0.08,13,0.013333333333333336,0.011547005383792518,0.9974627110763361,0.002537288923663894,4.705,272.2985820590984,8.0
Z,terminal_value_shifted,167,-0.05820855000872,-0.03880570000581,0.03880570000581,0.07999999999999688,0.08,13,0.013333333333333336,0.011547005383792518,0.9961227390899026,0.0038772609100974353,4.705,272.2985820590984,8.0
Z,terminal_value_shifted,168,-0.05820855000872,0.03880570000581,-0.03880570000581,0.07999999999999688,0.08,13,0.013333333333333336,0.011547005383792518,0.9975329665708728,0.002467033429127241,4.705,272.2985820590984,8.0
Z,terminal_value_shifted,169,-0.05820855000872,0.03880570000581,0.03880570000581,0.07999999999999688,0.08,13,0.013333333333333336,0.011547005383792518,0.9987923749186767,0.001207625081323327,4.705,272.2985820590984,8.0
Z,terminal_value_shifted,170,-0.05737097324805,-0.04780914437338,-0.02868548662403,0.08000000000000353,0.08,13,0.013333333333333336,0.011547005383792518,0.9964496233568321,0.0035503766431679296,4.705,272.2985820590984,8.0
Z,terminal_value_shifted,171,-0.05737097324805,-0.04780914437338,0.02868548662403,0.08000000000000353,0.08,13,0.013333333333333336,0.011547005383792518,0.9953488070018854,0.004651192998114562,4.705,272.2985820590984,8.0
Z,terminal_value_shifted,172,-0.05737097324805,-0.02868548662403,-0.04780914437338,0.08000000000000353,0.08,13,0.013333333333333336,0.011547005383792518,0.9983021934098614,0.0016978065901386286,4.705,272.2985820590984,8.0
Z,terminal_value_shifted,173,-0.05737097324805,-0.02868548662403,0.04780914437338,0.08000000000000353,0.08,13,0.013333333333333336,0.011547005383792518,0.9968998056515095,0.003100194348490515,4.705,272.2985820590984,8.0
Z,terminal_value_shifted,174,-0.05737097324805,0.02868548662403,-0.04780914437338,0.08000000000000353,0.08,13,0.013333333333333336,0.011547005383792518,0.9981139107885673,0.0018860892114327399,4.705,272.2985820590984,8.0
Z,terminal_value_shifted,175,-0.05737097324805,0.02868548662403,0.04780914437338,0.08000000000000353,0.08,13,0.013333333333333336,0.011547005383792518,0.9990766842289596,0.0009233157710404338,4.705,272.2985820590984,8.0
Z,terminal_value_shifted,176,-0.05737097324805,0.04780914437338,-0.02868548662403,0.08000000000000353,0.08,13,0.013333333333333336,0.011547005383792518,0.9969955615836711,0.003004438416328914,4.705,272.2985820590984,8.0
Z,terminal_value_shifted,177,-0.05737097324805,0.04780914437338,0.02868548662403,0.08000000000000353,0.08,13,0.013333333333333336,0.011547005383792518,0.9982622273451536,0.0017377726548464256,4.705,272.2985820590984,8.0
Z,terminal_value_shifted,178,-0.05656854249492,-0.05656854249492,0.0,0.07999999999999463,0.08,13,0.013333333333333336,0.011547005383792518,0.9948802073691511,0.0051197926308489405,4.705,272.2985820590984,8.0
Z,terminal_value_shifted,179,-0.05656854249492,-0.04525483399594,-0.03394112549695,0.07999999999999603,0.08,13,0.013333333333333336,0.011547005383792518,0.9967975365135076,0.003202463486492446,4.705,272.2985820590984,8.0
Z,terminal_value_shifted,180,-0.05656854249492,-0.04525483399594,0.03394112549695,0.07999999999999603,0.08,13,0.013333333333333336,0.011547005383792518,0.9955272757489828,0.0044727242510171905,4.705,272.2985820590984,8.0
Z,terminal_value_shifted,181,-0.05656854249492,-0.03394112549695,-0.04525483399594,0.07999999999999603,0.08,13,0.013333333333333336,0.011547005383792518,0.9979278475234385,0.0020721524765614507,4.705,272.2985820590984,8.0
Z,terminal_value_shifted,182,-0.05656854249492,-0.03394112549695,0.04525483399594,0.07999999999999603,0.08,13,0.013333333333333336,0.011547005383792518,0.9964691535585688,0.0035308464414312013,4.705,272.2985820590984,8.0
Z,terminal_value_shifted,183,-0.05656854249492,0.0,-0.05656854249492,0.07999999999999463,0.08,13,0.013333333333333336,0.011547005383792518,0.9990995057446125,0.0009004942553875184,4.705,272.2985820590984,8.0
Z,terminal_value_shifted,184,-0.05656854249492,0.0,0.05656854249492,0.07999999999999463,0.08,13,0.013333333333333336,0.011547005383792518,0.998597921629645,0.0014020783703549977,4.705,272.2985820590984,8.0
Z,terminal_value_shifted,185,-0.05656854249492,0.03394112549695,-0.04525483399594,0.07999999999999603,0.08,13,0.013333333333333336,0.011547005383792518,0.9977939945207347,0.002206005479265305,4.705,272.2985820590984,8.0
Z,terminal_value_shifted,186,-0.05656854249492,0.03394112549695,0.04525483399594,0.07999999999999603,0.08,13,0.013333333333333336,0.011547005383792518,0.9989837218931112,0.0010162781068887572,4.705,272.2985820590984,8.0
Z,terminal_value_shifted,187,-0.05656854249492,0.04525483399594,-0.03394112549695,0.07999999999999603,0.08,13,0.013333333333333336,0.011547005383792518,0.997101751024416,0.0028982489755839946,4.705,272.2985820590984,8.0
Z,terminal_value_shifted,188,-0.05656854249492,0.04525483399594,0.03394112549695,0.07999999999999603,0.08,13,0.013333333333333336,0.011547005383792518,0.9984814923179832,0.0015185076820167787,4.705,272.2985820590984,8.0
Z,terminal_value_shifted,189,-0.05656854249492,0.05656854249492,0.0,0.07999999999999463,0.08,13,0.013333333333333336,0.011547005383792518,0.9969838440752952,0.003016155924704833,4.705,272.2985820590984,8.0
Z,terminal_value_shifted,190,-0.05617975065414,-0.05617975065414,-0.00936329177569,0.0799999999999962,0.08,13,0.013333333333333336,0.011547005383792518,0.9951191247709293,0.004880875229070658,4.705,272.2985820590984,8.0
Z,terminal_value_shifted,191,-0.05617975065414,-0.05617975065414,0.00936329177569,0.0799999999999962,0.08,13,0.013333333333333336,0.011547005383792518,0.9947329976163765,0.0052670023836235424,4.705,272.2985820590984,8.0
Z,terminal_value_shifted,192,-0.05617975065414,-0.00936329177569,-0.05617975065414,0.0799999999999962,0.08,13,0.013333333333333336,0.011547005383792518,0.9990710215959715,0.0009289784040285021,4.705,272.2985820590984,8.0
Z,terminal_value_shifted,193,-0.05617975065414,-0.00936329177569,0.05617975065414,0.0799999999999962,0.08,13,0.013333333333333336,0.011547005383792518,0.9981434586433966,0.0018565413566034028,4.705,272.2985820590984,8.0
Z,terminal_value_shifted,194,-0.05617975065414,0.00936329177569,-0.05617975065414,0.0799999999999962,0.08,13,0.013333333333333336,0.011547005383792518,0.9989361870409682,0.0010638129590317957,4.705,272.2985820590984,8.0
Z,terminal_value_shifted,195,-0.05617975065414,0.00936329177569,0.05617975065414,0.0799999999999962,0.08,13,0.013333333333333336,0.011547005383792518,0.9989148244797511,0.0010851755202488933,4.705,272.2985820590984,8.0
Z,terminal_value_shifted,196,-0.05617975065414,0.05617975065414,-0.00936329177569,0.0799999999999962,0.08,13,0.013333333333333336,0.011547005383792518,0.9967536259443088,0.00324637405569117,4.705,272.2985820590984,8.0
Z,terminal_value_shifted,197,-0.05617975065414,0.05617975065414,0.00936329177569,0.0799999999999962,0.08,13,0.013333333333333336,0.011547005383792518,0.9972755464951817,0.002724453504818314,4.705,272.2985820590984,8.0
Z,terminal_value_shifted,198,-0.05601120336112,-0.05601120336112,-0.01120224067222,0.07999999999999888,0.08,13,0.013333333333333336,0.011547005383792518,0.9951766071251285,0.004823392874871546,4.705,272.2985820590984,8.0
Z,terminal_value_shifted,199,-0.05601120336112,-0.05601120336112,0.01120224067222,0.07999999999999888,0.08,13,0.013333333333333336,0.011547005383792518,0.9947150980734227,0.005284901926577268,4.705,272.2985820590984,8.0
Z,terminal_value_shifted,200,-0.05601120336112,-0.01120224067222,-0.05601120336112,0.07999999999999888,0.08,13,0.013333333333333336,0.011547005383792518,0.9990418312202481,0.0009581687797518557,4.705,272.2985820590984,8.0
Z,terminal_value_shifted,201,-0.05601120336112,-0.01120224067222,0.05601120336112,0.07999999999999888,0.08,13,0.013333333333333336,0.011547005383792518,0.9980385398390559,0.0019614601609441173,4.705,272.2985820590984,8.0
Z,terminal_value_shifted,202,-0.05601120336112,0.01120224067222,-0.05601120336112,0.07999999999999888,0.08,13,0.013333333333333336,0.011547005383792518,0.9988827751287022,0.0011172248712978394,4.705,272.2985820590984,8.0
Z,terminal_value_shifted,203,-0.05601120336112,0.01120224067222,0.05601120336112,0.07999999999999888,0.08,13,0.013333333333333336,0.011547005383792518,0.9989603401341736,0.0010396598658264367,4.705,272.2985820590984,8.0
Z,terminal_value_shifted,204,-0.05601120336112,0.05601120336112,-0.01120224067222,0.07999999999999888,0.08,13,0.013333333333333336,0.011547005383792518,0.9967170811796702,0.0032829188203298276,4.705,272.2985820590984,8.0
Z,terminal_value_shifted,205,-0.05601120336112,0.05601120336112,0.01120224067222,0.07999999999999888,0.08,13,0.013333333333333336,0.011547005383792518,0.997338587998916,0.0026614120010840514,4.705,272.2985820590984,8.0
Z,terminal_value_shifted,206,-0.05505977612893,-0.05505977612893,-0.01835325870964,0.07999999999999223,0.08,13,0.013333333333333336,0.011547005383792518,0.9954325001024884,0.0045674998975115955,4.705,272.2985820590984,8.0
Z,terminal_value_shifted,207,-0.05505977612893,-0.05505977612893,0.01835325870964,0.07999999999999223,0.08,13,0.013333333333333336,0.011547005383792518,0.9946806728227681,0.005319327177231936,4.705,272.2985820590984,8.0
Z,terminal_value_shifted,208,-0.05505977612893,-0.01835325870964,-0.05505977612893,0.07999999999999223,0.08,13,0.013333333333333336,0.011547005383792518,0.9988521211890056,0.0011478788109944293,4.705,272.2985820590984,8.0
Z,terminal_value_shifted,209,-0.05505977612893,-0.01835325870964,0.05505977612893,0.07999999999999223,0.08,13,0.013333333333333336,0.011547005383792518,0.9975828997705147,0.0024171002294852695,4.705,272.2985820590984,8.0
Z,terminal_value_shifted,210,-0.05505977612893,0.01835325870964,-0.05505977612893,0.07999999999999223,0.08,13,0.013333333333333336,0.011547005383792518,0.99861238806861,0.0013876119313900315,4.705,272.2985820590984,8.0
Z,terminal_value_shifted,211,-0.05505977612893,0.01835325870964,0.05505977612893,0.07999999999999223,0.08,13,0.013333333333333336,0.011547005383792518,0.999083291164352,0.0009167088356479836,4.705,272.2985820590984,8.0
Z,terminal_value_shifted,212,-0.05505977612893,0.05505977612893,-0.01835325870964,0.07999999999999223,0.08,13,0.013333333333333336,0.011547005383792518,0.996606033391178,0.0033939666088219633,4.705,272.2985820590984,8.0
Z,terminal_value_shifted,213,-0.05505977612893,0.05505977612893,0.01835325870964,0.07999999999999223,0.08,13,0.013333333333333336,0.011547005383792518,0.9975974159074902,0.0024025840925098185,4.705,272.2985820590984,8.0
Z,terminal_value_shifted,214,-0.05470107670063,-0.04558423058386,-0.03646738446708,0.08000000000000344,0.08,13,0.013333333333333336,0.011547005383792518,0.9968043824168882,0.0031956175831118205,4.705,272.2985820590984,8.0
Z,terminal_value_shifted,215,-0.05470107670063,-0.04558423058386,0.03646738446708,0.08000000000000344,0.08,13,0.013333333333333336,0.011547005383792518,0.9954310207875608,0.00456897921243915,4.705,272.2985820590984,8.0
Z,terminal_value_shifted,216,-0.05470107670063,-0.03646738446708,-0.04558423058386,0.08000000000000344,0.08,13,0.013333333333333336,0.011547005383792518,0.9977438238063989,0.0022561761936010782,4.705,272.2985820590984,8.0
Z,terminal_value_shifted,217,-0.05470107670063,-0.03646738446708,0.04558423058386,0.08000000000000344,0.08,13,0.013333333333333336,0.011547005383792518,0.9962116923134362,0.0037883076865637966,4.705,272.2985820590984,8.0
Z,terminal_value_shifted,218,-0.05470107670063,0.03646738446708,-0.04558423058386,0.08000000000000344,0.08,13,0.013333333333333336,0.011547005383792518,0.9976033222678624,0.0023966777321375865,4.705,272.2985820590984,8.0
Z,terminal_value_shifted,219,-0.05470107670063,0.03646738446708,0.04558423058386,0.08000000000000344,0.08,13,0.013333333333333336,0.011547005383792518,0.9989349915894595,0.001065008410540469,4.705,272.2985820590984,8.0
Z,terminal_value_shifted,220,-0.05470107670063,0.04558423058386,-0.03646738446708,0.08000000000000344,0.08,13,0.013333333333333336,0.011547005383792518,0.9970214658337945,0.0029785341662055265,4.705,272.2985820590984,8.0
Z,terminal_value_shifted,221,-0.05470107670063,0.04558423058386,0.03646738446708,0.08000000000000344,0.08,13,0.013333333333333336,0.011547005383792518,0.9985133094461576,0.001486690553842429,4.705,272.2985820590984,8.0
Z,terminal_value_shifted,222,-0.05443310539518,-0.05443310539518,-0.02177324215807,0.0799999999999969,0.08,13,0.013333333333333336,0.011547005383792518,0.9955728417592541,0.00442715824074591,4.705,272.2985820590984,8.0
Z,terminal_value_shifted,223,-0.05443310539518,-0.05443310539518,0.02177324215807,0.0799999999999969,0.08,13,0.013333333333333336,0.011547005383792518,0.9946843741482185,0.005315625851781469,4.705,272.2985820590984,8.0
Z,terminal_value_shifted,224,-0.05443310539518,-0.02177324215807,-0.05443310539518,0.0799999999999969,0.08,13,0.013333333333333336,0.011547005383792518,0.9987176625603859,0.0012823374396141451,4.705,272.2985820590984,8.0
Z,terminal_value_shifted,225,-0.05443310539518,-0.02177324215807,0.05443310539518,0.0799999999999969,0.08,13,0.013333333333333336,0.011547005383792518,0.9973386310401786,0.0026613689598213863,4.705,272.2985820590984,8.0
Z,terminal_value_shifted,226,-0.05443310539518,0.02177324215807,-0.05443310539518,0.0799999999999969,0.08,13,0.013333333333333336,0.011547005383792518,0.9984495075018249,0.0015504924981750712,4.705,272.2985820590984,8.0
Z,terminal_value_shifted,227,-0.05443310539518,0.02177324215807,0.05443310539518,0.0799999999999969,0.08,13,0.013333333333333336,0.011547005383792518,0.9991108850745871,0.0008891149254128816,4.705,272.2985820590984,8.0
Z,terminal_value_shifted,228,-0.05443310539518,0.05443310539518,-0.02177324215807,0.0799999999999969,0.08,13,0.013333333333333336,0.011547005383792518,0.9965719289615803,0.003428071038419689,4.705,272.2985820590984,8.0
Z,terminal_value_shifted,229,-0.05443310539518,0.05443310539518,0.02177324215807,0.0799999999999969,0.08,13,0.013333333333333336,0.011547005383792518,0.9977271937450907,0.002272806254909332,4.705,272.2985820590984,8.0
Z,terminal_value_shifted,230,-0.05333333333333,-0.05333333333333,-0.02666666666667,0.07999999999999667,0.08,13,0.013333333333333336,0.011547005383792518,0.9957934799571011,0.004206520042898898,4.705,272.2985820590984,8.0
Z,terminal_value_shifted,231,-0.05333333333333,-0.05333333333333,-0.01333333333333,0.07659416862050183,0.08,13,0.013333333333333336,0.011547005383792518,0.995540310262485,0.004459689737514982,4.705,272.2985820590984,8.0
Z,terminal_value_shifted,232,-0.05333333333333,-0.05333333333333,0.0,0.07542472332656036,0.08,13,0.013333333333333336,0.011547005383792518,0.9952739650243628,0.004726034975637172,4.705,272.2985820590984,8.0
Z,terminal_value_shifted,233,-0.05333333333333,-0.05333333333333,0.01333333333333,0.07659416862050183,0.08,13,0.013333333333333336,0.011547005383792518,0.9949971630279214,0.005002836972078595,4.705,272.2985820590984,8.0
Z,terminal_value_shifted,234,-0.05333333333333,-0.05333333333333,0.02666666666667,0.07999999999999667,0.08,13,0.013333333333333336,0.011547005383792518,0.9947130116384477,0.005286988361552281,4.705,272.2985820590984,8.0
Z,terminal_value_shifted,235,-0.05333333333333,-0.04,-0.04,0.07774602526460171,0.08,13,0.013333333333333336,0.011547005383792518,0.9973773958647052,0.0026226041352948037,4.705,272.2985820590984,8.0
Z,terminal_value_shifted,236,-0.05333333333333,-0.04,-0.02666666666667,0.07180219742845882,0.08,13,0.013333333333333336,0.011547005383792518,0.9971760661539547,0.00282393384604529,4.705,272.2985820590984,8.0
Z,terminal_value_shifted,237,-0.05333333333333,-0.04,-0.01333333333333,0.06798692684790053,0.08,13,0.013333333333333336,0.011547005383792518,0.9969580040605731,0.003041995939426889,4.705,272.2985820590984,8.0
Z,terminal_value_shifted,238,-0.05333333333333,-0.04,0.0,0.066666666666664,0.08,13,0.013333333333333336,0.011547005383792518,0.9967248844692361,0.0032751155307638724,4.705,272.2985820590984,8.0
Z,terminal_value_shifted,239,-0.05333333333333,-0.04,0.01333333333333,0.06798692684790053,0.08,13,0.013333333333333336,0.011547005383792518,0.9964788190901396,0.003521180909860422,4.705,272.2985820590984,8.0
Z,terminal_value_shifted,240,-0.05333333333333,-0.04,0.02666666666667,0.07180219742845882,0.08,13,0.013333333333333336,0.011547005383792518,0.9962223618566372,0.003777638143362849,4.705,272.2985820590984,8.0
Z,terminal_value_shifted,241,-0.05333333333333,-0.04,0.04,0.07774602526460171,0.08,13,0.013333333333333336,0.011547005383792518,0.9959585036141052,0.004041496385894794,4.705,272.2985820590984,8.0
Z,terminal_value_shifted,242,-0.05333333333333,-0.02666666666667,-0.05333333333333,0.07999999999999667,0.08,13,0.013333333333333336,0.011547005383792518,0.9984749222494811,0.0015250777505189106,4.705,272.2985820590984,8.0
Z,terminal_value_shifted,243,-0.05333333333333,-0.02666666666667,-0.04,0.07180219742845882,0.08,13,0.013333333333333336,0.011547005383792518,0.9983425398757186,0.0016574601242813625,4.705,272.2985820590984,8.0
Z,terminal_value_shifted,244,-0.05333333333333,-0.02666666666667,-0.02666666666667,0.06531972647421809,0.08,13,0.013333333333333336,0.011547005383792518,0.9981916392617871,0.0018083607382128886,4.705,272.2985820590984,8.0
Z,terminal_value_shifted,245,-0.05333333333333,-0.02666666666667,-0.01333333333333,0.06110100926607569,0.08,13,0.013333333333333336,0.011547005383792518,0.9980227412600675,0.001977258739932486,4.705,272.2985820590984,8.0
Z,terminal_value_shifted,246,-0.05333333333333,-0.02666666666667,0.0,0.059628479399992905,0.08,13,0.013333333333333336,0.011547005383792518,0.9978368366028781,0.002163163397121859,4.705,272.2985820590984,8.0
Z,terminal_value_shifted,247,-0.05333333333333,-0.02666666666667,0.01333333333333,0.06110100926607569,0.08,13,0.013333333333333336,0.011547005383792518,0.9976354029327996,0.00236459706720038,4.705,272.2985820590984,8.0
Z,terminal_value_shifted,248,-0.05333333333333,-0.02666666666667,0.02666666666667,0.06531972647421809,0.08,13,0.013333333333333336,0.011547005383792518,0.9974204109995204,0.0025795890004796096,4.705,272.2985820590984,8.0
Z,terminal_value_shifted,249,-0.05333333333333,-0.02666666666667,0.04,0.07180219742845882,0.08,13,0.013333333333333336,0.011547005383792518,0.997194319862551,0.0028056801374489737,4.705,272.2985820590984,8.0
Z,terminal_value_shifted,250,-0.05333333333333,-0.02666666666667,0.05333333333333,0.07999999999999667,0.08,13,0.013333333333333336,0.011547005383792518,0.9969600609682835,0.00303993903171651,4.705,272.2985820590984,8.0
Z,terminal_value_shifted,251,-0.05333333333333,-0.01333333333333,-0.05333333333333,0.07659416862050183,0.08,13,0.013333333333333336,0.011547005383792518,0.9989930025566737,0.0010069974433263296,4.705,272.2985820590984,8.0
Z,terminal_value_shifted,252,-0.05333333333333,-0.01333333333333,-0.04,0.06798692684790053,0.08,13,0.013333333333333336,0.011547005383792518,0.9989251216420083,0.0010748783579916932,4.705,272.2985820590984,8.0
Z,terminal_value_shifted,253,-0.05333333333333,-0.01333333333333,-0.02666666666667,0.06110100926607569,0.08,13,0.013333333333333336,0.011547005383792518,0.9988382002785767,0.0011617997214232734,4.705,272.2985820590984,8.0
Z,terminal_value_shifted,254,-0.05333333333333,-0.01333333333333,-0.01333333333333,0.05656854249491909,0.08,13,0.013333333333333336,0.011547005383792518,0.9987320057184308,0.001267994281569207,4.705,272.2985820590984,8.0
Z,terminal_value_shifted,255,-0.05333333333333,-0.01333333333333,0.0,0.0549747416748981,0.08,13,0.013333333333333336,0.011547005383792518,0.9986068203101447,0.0013931796898553062,4.705,272.2985820590984,8.0
Z,terminal_value_shifted,256,-0.05333333333333,-0.01333333333333,0.01333333333333,0.05656854249491909,0.08,13,0.013333333333333336,0.011547005383792518,0.9984634600006626,0.0015365399993374496,4.705,272.2985820590984,8.0
Z,terminal_value_shifted,257,-0.05333333333333,-0.01333333333333,0.02666666666667,0.06110100926607569,0.08,13,0.013333333333333336,0.011547005383792518,0.9983032817421009,0.001696718257899077,4.705,272.2985820590984,8.0
Z,terminal_value_shifted,258,-0.05333333333333,-0.01333333333333,0.04,0.06798692684790053,0.08,13,0.013333333333333336,0.011547005383792518,0.9981281796331893,0.0018718203668106614,4.705,272.2985820590984,8.0
Z,terminal_value_shifted,259,-0.05333333333333,-0.01333333333333,0.05333333333333,0.07659416862050183,0.08,13,0.013333333333333336,0.011547005383792518,0.9979405696556933,0.0020594303443066675,4.705,272.2985820590984,8.0
Z,terminal_value_shifted,260,-0.05333333333333,0.0,-0.05333333333333,0.07542472332656036,0.08,13,0.013333333333333336,0.011547005383792518,0.9991154273319689,0.0008845726680311028,4.705,272.2985820590984,8.0
Z,terminal_value_shifted,261,-0.05333333333333,0.0,-0.04,0.066666666666664,0.08,13,0.013333333333333336,0.011547005383792518,0.9991249563150411,0.0008750436849589427,4.705,272.2985820590984,8.0
Z,terminal_value_shifted,262,-0.05333333333333,0.0,-0.02666666666667,0.059628479399992905,0.08,13,0.013333333333333336,0.011547005383792518,0.999114959036151,0.0008850409638490042,4.705,272.2985820590984,8.0
Z,terminal_value_shifted,263,-0.05333333333333,0.0,-0.01333333333333,0.0549747416748981,0.08,13,0.013333333333333336,0.011547005383792518,0.9990844292056817,0.0009155707943182545,4.705,272.2985820590984,8.0
Z,terminal_value_shifted,264,-0.05333333333333,0.0,0.0,0.05333333333333,0.08,13,0.013333333333333336,0.011547005383792518,0.999032916799001,0.0009670832009990304,4.705,272.2985820590984,8.0
Z,terminal_value_shifted,265,-0.05333333333333,0.0,0.01333333333333,0.0549747416748981,0.08,13,0.013333333333333336,0.011547005383792518,0.998960548438496,0.001039451561503979,4.705,272.2985820590984,8.0
Z,terminal_value_shifted,266,-0.05333333333333,0.0,0.02666666666667,0.059628479399992905,0.08,13,0.013333333333333336,0.011547005383792518,0.9988680364401001,0.0011319635598998623,4.705,272.2985820590984,8.0
Z,terminal_value_shifted,267,-0.05333333333333,0.0,0.04,0.066666666666664,0.08,13,0.013333333333333336,0.011547005383792518,0.9987566763388087,0.0012433236611912868,4.705,272.2985820590984,8.0
Z,terminal_value_shifted,268,-0.05333333333333,0.0,0.05333333333333,0.07542472332656036,0.08,13,0.013333333333333336,0.011547005383792518,0.9986283327399976,0.0013716672600023738,4.705,272.2985820590984,8.0
Z,terminal_value_shifted,269,-0.05333333333333,0.01333333333333,-0.05333333333333,0.07659416862050183,0.08,13,0.013333333333333336,0.011547005383792518,0.9988439087662964,0.0011560912337036378,4.705,272.2985820590984,8.0
Z,terminal_value_shifted,270,-0.05333333333333,0.01333333333333,-0.04,0.06798692684790053,0.08,13,0.013333333333333336,0.011547005383792518,0.9989430788563076,0.0010569211436923798,4.705,272.2985820590984,8.0
Z,terminal_value_shifted,271,-0.05333333333333,0.01333333333333,-0.02666666666667,0.06110100926607569,0.08,13,0.013333333333333336,0.011547005383792518,0.9990222934985811,0.000977706501418929,4.705,272.2985820590984,8.0
Z,terminal_value_shifted,272,-0.05333333333333,0.01333333333333,-0.01333333333333,0.05656854249491909,0.08,13,0.013333333333333336,0.011547005383792518,0.9990797540660387,0.0009202459339613389,4.705,272.2985820590984,8.0
Z,terminal_value_shifted,273,-0.05333333333333,0.01333333333333,0.0,0.0549747416748981,0.08,13,0.013333333333333336,0.011547005383792518,0.9991142550770513,0.0008857449229486836,4.705,272.2985820590984,8.0
Z,terminal_value_shifted,274,-0.05333333333333,0.01333333333333,0.01333333333333,0.05656854249491909,0.08,13,0.013333333333333336,0.011547005383792518,0.9991252068757309,0.0008747931242690798,4.705,272.2985820590984,8.0
Z,terminal_value_shifted,275,-0.05333333333333,0.01333333333333,0.02666666666667,0.06110100926607569,0.08,13,0.013333333333333336,0.011547005383792518,0.9991126467593991,0.0008873532406008522,4.705,272.2985820590984,8.0
Z,terminal_value_shifted,276,-0.05333333333333,0.01333333333333,0.04,0.06798692684790053,0.08,13,0.013333333333333336,0.011547005383792518,0.9990772383468958,0.0009227616531042315,4.705,272.2985820590984,8.0
Z,terminal_value_shifted,277,-0.05333333333333,0.01333333333333,0.05333333333333,0.07659416862050183,0.08,13,0.013333333333333336,0.011547005383792518,0.9990202590155608,0.0009797409844392035,4.705,272.2985820590984,8.0
Z,terminal_value_shifted,278,-0.05333333333333,0.02666666666667,-0.05333333333333,0.07999999999999667,0.08,13,0.013333333333333336,0.011547005383792518,0.9981813172281202,0.0018186827718797982,4.705,272.2985820590984,8.0
Z,terminal_value_shifted,279,-0.05333333333333,0.02666666666667,-0.04,0.07180219742845882,0.08,13,0.013333333333333336,0.011547005383792518,0.9983816440067478,0.0016183559932522185,4.705,272.2985820590984,8.0
Z,terminal_value_shifted,280,-0.05333333333333,0.02666666666667,-0.02666666666667,0.06531972647421809,0.08,13,0.013333333333333336,0.011547005383792518,0.9985616559771446,0.0014383440228553646,4.705,272.2985820590984,8.0
Z,terminal_value_shifted,281,-0.05333333333333,0.02666666666667,-0.01333333333333,0.06110100926607569,0.08,13,0.013333333333333336,0.011547005383792518,0.9987187451829572,0.0012812548170427762,4.705,272.2985820590984,8.0
Z,terminal_value_shifted,282,-0.05333333333333,0.02666666666667,0.0,0.059628479399992905,0.08,13,0.013333333333333336,0.011547005383792518,0.9988509291899006,0.0011490708100994063,4.705,272.2985820590984,8.0
Z,terminal_value_shifted,283,-0.05333333333333,0.02666666666667,0.01333333333333,0.06110100926607569,0.08,13,0.013333333333333336,0.011547005383792518,0.9989568764833328,0.0010431235166672437,4.705,272.2985820590984,8.0
Z,terminal_value_shifted,284,-0.05333333333333,0.02666666666667,0.02666666666667,0.06531972647421809,0.08,13,0.013333333333333336,0.011547005383792518,0.9990359201213578,0.0009640798786422211,4.705,272.2985820590984,8.0
Z,terminal_value_shifted,285,-0.05333333333333,0.02666666666667,0.04,0.07180219742845882,0.08,13,0.013333333333333336,0.011547005383792518,0.9990880594106087,0.000911940589391258,4.705,272.2985820590984,8.0
Z,terminal_value_shifted,286,-0.05333333333333,0.02666666666667,0.05333333333333,0.07999999999999667,0.08,13,0.013333333333333336,0.011547005383792518,0.9991139494079841,0.0008860505920158523,4.705,272.2985820590984,8.0
Z,terminal_value_shifted,287,-0.05333333333333,0.04,-0.04,0.07774602526460171,0.08,13,0.013333333333333336,0.011547005383792518,0.9974437699347132,0.002556230065286824,4.705,272.2985820590984,8.0
Z,terminal_value_shifted,288,-0.05333333333333,0.04,-0.02666666666667,0.07180219742845882,0.08,13,0.013333333333333336,0.011547005383792518,0.997735425317127,0.0022645746828729996,4.705,272.2985820590984,8.0
Z,terminal_value_shifted,289,-0.05333333333333,0.04,-0.01333333333333,0.06798692684790053,0.08,13,0.013333333333333336,0.011547005383792518,0.9980030503156209,0.0019969496843791346,4.705,272.2985820590984,8.0
Z,terminal_value_shifted,290,-0.05333333333333,0.04,0.0,0.066666666666664,0.08,13,0.013333333333333336,0.011547005383792518,0.9982438663148732,0.0017561336851268372,4.705,272.2985820590984,8.0
Z,terminal_value_shifted,291,-0.05333333333333,0.04,0.01333333333333,0.06798692684790053,0.08,13,0.013333333333333336,0.011547005383792518,0.9984557764331911,0.0015442235668089443,4.705,272.2985820590984,8.0
Z,terminal_value_shifted,292,-0.05333333333333,0.04,0.02666666666667,0.07180219742845882,0.08,13,0.013333333333333336,0.011547005383792518,0.9986373821411906,0.0013626178588094229,4.705,272.2985820590984,8.0
Z,terminal_value_shifted,293,-0.05333333333333,0.04,0.04,0.07774602526460171,0.08,13,0.013333333333333336,0.011547005383792518,0.9987879877079301,0.0012120122920699083,4.705,272.2985820590984,8.0
Z,terminal_value_shifted,294,-0.05333333333333,0.05333333333333,-0.02666666666667,0.07999999999999667,0.08,13,0.013333333333333336,0.011547005383792518,0.9965467065469117,0.003453293453088313,4.705,272.2985820590984,8.0
Z,terminal_value_shifted,295,-0.05333333333333,0.05333333333333,-0.01333333333333,0.07659416862050183,0.08,13,0.013333333333333336,0.011547005383792518,0.9969350101833672,0.003064989816632835,4.705,272.2985820590984,8.0
Z,terminal_value_shifted,296,-0.05333333333333,0.05333333333333,0.0,0.07542472332656036,0.08,13,0.013333333333333336,0.011547005383792518,0.997294646986659,0.002705353013340961,4.705,272.2985820590984,8.0
Z,terminal_value_shifted,297,-0.05333333333333,0.05333333333333,0.01333333333333,0.07659416862050183,0.08,13,0.013333333333333336,0.011547005383792518,0.9976227339499637,0.0023772660500362974,4.705,272.2985820590984,8.0
Z,terminal_value_shifted,298,-0.05333333333333,0.05333333333333,0.02666666666667,0.07999999999999667,0.08,13,0.013333333333333336,0.011547005383792518,0.9979171161750329,0.00208288382496713,4.705,272.2985820590984,8.0
Z,terminal_value_shifted,299,-0.0529812942826,-0.04238503542608,-0.04238503542608,0.07999999999999735,0.08,13,0.013333333333333336,0.011547005383792518,0.997199969117615,0.0028000308823850073,4.705,272.2985820590984,8.0
Z,terminal_value_shifted,300,-0.0529812942826,-0.04238503542608,0.04238503542608,0.07999999999999735,0.08,13,0.013333333333333336,0.011547005383792518,0.9956559006477305,0.004344099352269537,4.705,272.2985820590984,8.0
Z,terminal_value_shifted,301,-0.0529812942826,0.04238503542608,-0.04238503542608,0.07999999999999735,0.08,13,0.013333333333333336,0.011547005383792518,0.9971811228753054,0.002818877124694641,4.705,272.2985820590984,8.0
Z,terminal_value_shifted,302,-0.0529812942826,0.04238503542608,0.04238503542608,0.07999999999999735,0.08,13,0.013333333333333336,0.011547005383792518,0.9987301894848394,0.0012698105151606187,4.705,272.2985820590984,8.0
Z,terminal_value_shifted,303,-0.05207556439233,-0.05207556439233,-0.0312453386354,0.08000000000000147,0.08,13,0.013333333333333336,0.011547005383792518,0.9960206695637799,0.003979330436220119,4.705,272.2985820590984,8.0
Z,terminal_value_shifted,304,-0.05207556439233,-0.05207556439233,0.0312453386354,0.08000000000000147,0.08,13,0.013333333333333336,0.011547005383792518,0.9947654280646256,0.005234571935374355,4.705,272.2985820590984,8.0
Z,terminal_value_shifted,305,-0.05207556439233,-0.0312453386354,-0.05207556439233,0.08000000000000147,0.08,13,0.013333333333333336,0.011547005383792518,0.9981931650473004,0.0018068349526996208,4.705,272.2985820590984,8.0
Z,terminal_value_shifted,306,-0.05207556439233,-0.0312453386354,0.05207556439233,0.08000000000000147,0.08,13,0.013333333333333336,0.011547005383792518,0.9965753918543571,0.003424608145642938,4.705,272.2985820590984,8.0
Z,terminal_value_shifted,307,-0.05207556439233,0.0312453386354,-0.05207556439233,0.08000000000000147,0.08,13,0.013333333333333336,0.011547005383792518,0.9978955999436594,0.002104400056340605,4.705,272.2985820590984,8.0
Z,terminal_value_shifted,308,-0.05207556439233,0.0312453386354,0.05207556439233,0.08000000000000147,0.08,13,0.013333333333333336,0.011547005383792518,0.9990766353286653,0.0009233646713346921,4.705,272.2985820590984,8.0
Z,terminal_value_shifted,309,-0.05207556439233,0.05207556439233,-0.0312453386354,0.08000000000000147,0.08,13,0.013333333333333336,0.011547005383792518,0.996550245583089,0.0034497544169109773,4.705,272.2985820590984,8.0
Z,terminal_value_shifted,310,-0.05207556439233,0.05207556439233,0.0312453386354,0.08000000000000147,0.08,13,0.013333333333333336,0.011547005383792518,0.998096927188258,0.001903072811741957,4.705,272.2985820590984,8.0
Z,terminal_value_shifted,311,-0.05175973113765,-0.04313310928138,-0.04313310928138,0.0800000000000047,0.08,13,0.013333333333333336,0.011547005383792518,0.9971420468623368,0.0028579531376632383,4.705,272.2985820590984,8.0
Z,terminal_value_shifted,312,-0.05175973113765,-0.04313310928138,0.04313310928138,0.0800000000000047,0.08,13,0.013333333333333336,0.011547005383792518,0.99555408372517,0.004445916274830042,4.705,272.2985820590984,8.0
Z,terminal_value_shifted,313,-0.05175973113765,0.04313310928138,-0.04313310928138,0.0800000000000047,0.08,13,0.013333333333333336,0.011547005383792518,0.9971033820672711,0.0028966179327288843,4.705,272.2985820590984,8.0
Z,terminal_value_shifted,314,-0.05175973113765,0.04313310928138,0.04313310928138,0.0800000000000047,0.08,13,0.013333333333333336,0.011547005383792518,0.9987168778620363,0.001283122137963666,4.705,272.2985820590984,8.0
Z,terminal_value_shifted,315,-0.05121475197316,-0.06145770236779,0.0,0.08000000000000099,0.08,13,0.013333333333333336,0.011547005383792518,0.994219138854521,0.005780861145479044,4.705,272.2985820590984,8.0
Z,terminal_value_shifted,316,-0.05121475197316,0.0,-0.06145770236779,0.08000000000000099,0.08,13,0.013333333333333336,0.011547005383792518,0.9991077464996944,0.0008922535003056398,4.705,272.2985820590984,8.0
Z,terminal_value_shifted,317,-0.05121475197316,0.0,0.06145770236779,0.08000000000000099,0.08,13,0.013333333333333336,0.011547005383792518,0.9985402359913803,0.0014597640086196906,4.705,272.2985820590984,8.0
Z,terminal_value_shifted,318,-0.05121475197316,0.06145770236779,0.0,0.08000000000000099,0.08,13,0.013333333333333336,0.011547005383792518,0.9965696603410604,0.003430339658939574,4.705,272.2985820590984,8.0
Z,terminal_value_shifted,319,-0.05116817192535,-0.05116817192535,-0.0341121146169,0.08000000000000547,0.08,13,0.013333333333333336,0.011547005383792518,0.9961729018031709,0.0038270981968291373,4.705,272.2985820590984,8.0
Z,terminal_value_shifted,320,-0.05116817192535,-0.05116817192535,0.0341121146169,0.08000000000000547,0.08,13,0.013333333333333336,0.011547005383792518,0.9948112826940904,0.00518871730590964,4.705,272.2985820590984,8.0
Z,terminal_value_shifted,321,-0.05116817192535,-0.0341121146169,-0.05116817192535,0.08000000000000547,0.08,13,0.013333333333333336,0.011547005383792518,0.9979894341176281,0.0020105658823719175,4.705,272.2985820590984,8.0
Z,terminal_value_shifted,322,-0.05116817192535,-0.0341121146169,0.05116817192535,0.08000000000000547,0.08,13,0.013333333333333336,0.011547005383792518,0.9963198205758146,0.0036801794241854147,4.705,272.2985820590984,8.0
Z,terminal_value_shifted,323,-0.05116817192535,0.0341121146169,-0.05116817192535,0.08000000000000547,0.08,13,0.013333333333333336,0.011547005383792518,0.9977010074099906,0.00229899259000943,4.705,272.2985820590984,8.0
Z,terminal_value_shifted,324,-0.05116817192535,0.0341121146169,0.05116817192535,0.08000000000000547,0.08,13,0.013333333333333336,0.011547005383792518,0.9990327647482368,0.0009672352517632321,4.705,272.2985820590984,8.0
Z,terminal_value_shifted,325,-0.05116817192535,0.05116817192535,-0.0341121146169,0.08000000000000547,0.08,13,0.013333333333333336,0.011547005383792518,0.9965667948240028,0.0034332051759972115,4.705,272.2985820590984,8.0
Z,terminal_value_shifted,326,-0.05116817192535,0.05116817192535,0.0341121146169,0.08000000000000547,0.08,13,0.013333333333333336,0.011547005383792518,0.9982093236765242,0.0017906763234758483,4.705,272.2985820590984,8.0
Z,terminal_value_shifted,327,-0.05080005080008,-0.06096006096009,-0.01016001016002,0.08000000000000192,0.08,13,0.013333333333333336,0.011547005383792518,0.9945005434115903,0.005499456588409668,4.705,272.2985820590984,8.0
Z,terminal_value_shifted,328,-0.05080005080008,-0.06096006096009,0.01016001016002,0.08000000000000192,0.08,13,0.013333333333333336,0.011547005383792518,0.9940656830544028,0.005934316945597207,4.705,272.2985820590984,8.0
Z,terminal_value_shifted,329,-0.05080005080008,-0.01016001016002,-0.06096006096009,0.08000000000000192,0.08,13,0.013333333333333336,0.011547005383792518,0.9990849162160594,0.0009150837839405623,4.705,272.2985820590984,8.0
Z,terminal_value_shifted,330,-0.05080005080008,-0.01016001016002,0.06096006096009,0.08000000000000192,0.08,13,0.013333333333333336,0.011547005383792518,0.9980203257162581,0.0019796742837419057,4.705,272.2985820590984,8.0
Z,terminal_value_shifted,331,-0.05080005080008,0.01016001016002,-0.06096006096009,0.08000000000000192,0.08,13,0.013333333333333336,0.011547005383792518,0.9989028853044668,0.0010971146955331967,4.705,272.2985820590984,8.0
Z,terminal_value_shifted,332,-0.05080005080008,0.01016001016002,0.06096006096009,0.08000000000000192,0.08,13,0.013333333333333336,0.011547005383792518,0.9989024407393564,0.001097559260643588,4.705,272.2985820590984,8.0
Z,terminal_value_shifted,333,-0.05080005080008,0.06096006096009,-0.01016001016002,0.08000000000000192,0.08,13,0.013333333333333336,0.011547005383792518,0.9962971558857059,0.0037028441142941126,4.705,272.2985820590984,8.0
Z,terminal_value_shifted,334,-0.05080005080008,0.06096006096009,0.01016001016002,0.08000000000000192,0.08,13,0.013333333333333336,0.011547005383792518,0.9969288807163066,0.003071119283693413,4.705,272.2985820590984,8.0
Z,terminal_value_shifted,335,-0.04997560380435,-0.06246950475544,0.0,0.07999999999999564,0.08,13,0.013333333333333336,0.011547005383792518,0.9940761496893041,0.005923850310695866,4.705,272.2985820590984,8.0
Z,terminal_value_shifted,336,-0.04997560380435,-0.04997560380435,-0.03748170285327,0.0799999999999972,0.08,13,0.013333333333333336,0.011547005383792518,0.9963614323538741,0.003638567646125912,4.705,272.2985820590984,8.0
Z,terminal_value_shifted,337,-0.04997560380435,-0.04997560380435,0.03748170285327,0.0799999999999972,0.08,13,0.013333333333333336,0.011547005383792518,0.9948784711335166,0.005121528866483427,4.705,272.2985820590984,8.0
Z,terminal_value_shifted,338,-0.04997560380435,-0.03748170285327,-0.04997560380435,0.0799999999999972,0.08,13,0.013333333333333336,0.011547005383792518,0.9977227059025722,0.002277294097427829,4.705,272.2985820590984,8.0
Z,terminal_value_shifted,339,-0.04997560380435,-0.03748170285327,0.04997560380435,0.0799999999999972,0.08,13,0.013333333333333336,0.011547005383792518,0.9960051708105206,0.003994829189479354,4.705,272.2985820590984,8.0
Z,terminal_value_shifted,340,-0.04997560380435,0.0,-0.06246950475544,0.07999999999999564,0.08,13,0.013333333333333336,0.011547005383792518,0.9991095731563505,0.0008904268436494833,4.705,272.2985820590984,8.0
Z,terminal_value_shifted,341,-0.04997560380435,0.0,0.06246950475544,0.07999999999999564,0.08,13,0.013333333333333336,0.011547005383792518,0.9985275397311113,0.0014724602688886979,4.705,272.2985820590984,8.0
Z,terminal_value_shifted,342,-0.04997560380435,0.03748170285327,-0.04997560380435,0.0799999999999972,0.08,13,0.013333333333333336,0.011547005383792518,0.9974582075951941,0.002541792404805898,4.705,272.2985820590984,8.0
Z,terminal_value_shifted,343,-0.04997560380435,0.03748170285327,0.04997560380435,0.0799999999999972,0.08,13,0.013333333333333336,0.011547005383792518,0.9989602779920864,0.0010397220079135794,4.705,272.2985820590984,8.0
Z,terminal_value_shifted,344,-0.04997560380435,0.04997560380435,-0.03748170285327,0.0799999999999972,0.08,13,0.013333333333333336,0.011547005383792518,0.9966012384138421,0.003398761586157928,4.705,272.2985820590984,8.0
Z,terminal_value_shifted,345,-0.04997560380435,0.04997560380435,0.03748170285327,0.0799999999999972,0.08,13,0.013333333333333336,0.011547005383792518,0.9983400974128335,0.0016599025871665285,4.705,272.2985820590984,8.0
Z,terminal_value_shifted,346,-0.04997560380435,0.06246950475544,0.0,0.07999999999999564,0.08,13,0.013333333333333336,0.011547005383792518,0.9964802967639758,0.003519703236024241,4.705,272.2985820590984,8.0
Z,terminal_value_shifted,347,-0.04961389383568,-0.05953667260282,-0.01984555753427,0.07999999999999703,0.08,13,0.013333333333333336,0.011547005383792518,0.9948853028120721,0.005114697187927897,4.705,272.2985820590984,8.0
Z,terminal_value_shifted,348,-0.04961389383568,-0.05953667260282,0.01984555753427,0.07999999999999703,0.08,13,0.013333333333333336,0.011547005383792518,0.9940417594268707,0.005958240573129325,4.705,272.2985820590984,8.0
Z,terminal_value_shifted,349,-0.04961389383568,-0.01984555753427,-0.05953667260282,0.07999999999999703,0.08,13,0.013333333333333336,0.011547005383792518,0.9988365379323306,0.001163462067669374,4.705,272.2985820590984,8.0
Z,terminal_value_shifted,350,-0.04961389383568,-0.01984555753427,0.05953667260282,0.07999999999999703,0.08,13,0.013333333333333336,0.011547005383792518,0.9973852742307573,0.0026147257692427095,4.705,272.2985820590984,8.0
Z,terminal_value_shifted,351,-0.04961389383568,0.01984555753427,-0.05953667260282,0.07999999999999703,0.08,13,0.013333333333333336,0.011547005383792518,0.9985137219934584,0.0014862780065415526,4.705,272.2985820590984,8.0
Z,terminal_value_shifted,352,-0.04961389383568,0.01984555753427,0.05953667260282,0.07999999999999703,0.08,13,0.013333333333333336,0.011547005383792518,0.9990917226008714,0.0009082773991285764,4.705,272.2985820590984,8.0
Z,terminal_value_shifted,353,-0.04961389383568,0.05953667260282,-0.01984555753427,0.07999999999999703,0.08,13,0.013333333333333336,0.011547005383792518,0.9961399036131517,0.003860096386848255,4.705,272.2985820590984,8.0
Z,terminal_value_shifted,354,-0.04961389383568,0.05953667260282,0.01984555753427,0.07999999999999703,0.08,13,0.013333333333333336,0.011547005383792518,0.9973296392279138,0.0026703607720861555,4.705,272.2985820590984,8.0
Z,terminal_value_shifted,355,-0.04937707198787,-0.06172133998484,-0.01234426799697,0.08000000000000328,0.08,13,0.013333333333333336,0.011547005383792518,0.9944395539014609,0.005560446098539118,4.705,272.2985820590984,8.0
Z,terminal_value_shifted,356,-0.04937707198787,-0.06172133998484,0.01234426799697,0.08000000000000328,0.08,13,0.013333333333333336,0.011547005383792518,0.9939080443410534,0.006091955658946602,4.705,272.2985820590984,8.0
Z,terminal_value_shifted,357,-0.04937707198787,-0.01234426799697,-0.06172133998484,0.08000000000000326,0.08,13,0.013333333333333336,0.011547005383792518,0.9990546950984431,0.0009453049015568649,4.705,272.2985820590984,8.0
Z,terminal_value_shifted,358,-0.04937707198787,-0.01234426799697,0.06172133998484,0.08000000000000326,0.08,13,0.013333333333333336,0.011547005383792518,0.997870992382563,0.002129007617436951,4.705,272.2985820590984,8.0
Z,terminal_value_shifted,359,-0.04937707198787,0.01234426799697,-0.06172133998484,0.08000000000000326,0.08,13,0.013333333333333336,0.011547005383792518,0.9988279998198107,0.0011720001801892588,4.705,272.2985820590984,8.0
Z,terminal_value_shifted,360,-0.04937707198787,0.01234426799697,0.06172133998484,0.08000000000000326,0.08,13,0.013333333333333336,0.011547005383792518,0.9989525260006955,0.0010474739993044935,4.705,272.2985820590984,8.0
Z,terminal_value_shifted,361,-0.04937707198787,0.06172133998484,-0.01234426799697,0.08000000000000328,0.08,13,0.013333333333333336,0.011547005383792518,0.9961566830640817,0.0038433169359183283,4.705,272.2985820590984,8.0
Z,terminal_value_shifted,362,-0.04937707198787,0.06172133998484,0.01234426799697,0.08000000000000328,0.08,13,0.013333333333333336,0.011547005383792518,0.996936400741895,0.0030635992581049543,4.705,272.2985820590984,8.0
Z,terminal_value_shifted,363,-0.04923659639173,-0.04923659639173,-0.03938927711339,0.07999999999999793,0.08,13,0.013333333333333336,0.011547005383792518,0.9964726608449636,0.0035273391550364463,4.705,272.2985820590984,8.0
Z,terminal_value_shifted,364,-0.04923659639173,-0.04923659639173,0.03938927711339,0.07999999999999793,0.08,13,0.013333333333333336,0.011547005383792518,0.9949230729997616,0.005076927000238429,4.705,272.2985820590984,8.0
Z,terminal_value_shifted,365,-0.04923659639173,-0.03938927711339,-0.04923659639173,0.07999999999999793,0.08,13,0.013333333333333336,0.011547005383792518,0.9975585112167529,0.0024414887832471255,4.705,272.2985820590984,8.0
Z,terminal_value_shifted,366,-0.04923659639173,-0.03938927711339,0.04923659639173,0.07999999999999793,0.08,13,0.013333333333333336,0.011547005383792518,0.9958203108907625,0.004179689109237494,4.705,272.2985820590984,8.0
Z,terminal_value_shifted,367,-0.04923659639173,0.03938927711339,-0.04923659639173,0.07999999999999793,0.08,13,0.013333333333333336,0.011547005383792518,0.9973145658595982,0.002685434140401788,4.705,272.2985820590984,8.0
Z,terminal_value_shifted,368,-0.04923659639173,0.03938927711339,0.04923659639173,0.07999999999999793,0.08,13,0.013333333333333336,0.011547005383792518,0.9989089201564525,0.0010910798435475044,4.705,272.2985820590984,8.0
Z,terminal_value_shifted,369,-0.04923659639173,0.04923659639173,-0.03938927711339,0.07999999999999793,0.08,13,0.013333333333333336,0.011547005383792518,0.996628250897997,0.0033717491020029966,4.705,272.2985820590984,8.0
Z,terminal_value_shifted,370,-0.04923659639173,0.04923659639173,0.03938927711339,0.07999999999999793,0.08,13,0.013333333333333336,0.011547005383792518,0.99841303685029,0.0015869631497099634,4.705,272.2985820590984,8.0
Z,terminal_value_shifted,371,-0.04873661592641,-0.04873661592641,-0.04061384660534,0.07999999999999306,0.08,13,0.013333333333333336,0.011547005383792518,0.9965457437281232,0.0034542562718767877,4.705,272.2985820590984,8.0
Z,terminal_value_shifted,372,-0.04873661592641,-0.04873661592641,0.04061384660534,0.07999999999999306,0.08,13,0.013333333333333336,0.011547005383792518,0.994954276403986,0.005045723596013962,4.705,272.2985820590984,8.0
Z,terminal_value_shifted,373,-0.04873661592641,-0.04061384660534,-0.04873661592641,0.07999999999999306,0.08,13,0.013333333333333336,0.011547005383792518,0.9974480360998979,0.00255196390010215,4.705,272.2985820590984,8.0
Z,terminal_value_shifted,374,-0.04873661592641,-0.04061384660534,0.04873661592641,0.07999999999999306,0.08,13,0.013333333333333336,0.011547005383792518,0.995699106561133,0.004300893438866971,4.705,272.2985820590984,8.0
Z,terminal_value_shifted,375,-0.04873661592641,0.04061384660534,-0.04873661592641,0.07999999999999306,0.08,13,0.013333333333333336,0.011547005383792518,0.9972201803130656,0.002779819686934415,4.705,272.2985820590984,8.0
Z,terminal_value_shifted,376,-0.04873661592641,0.04061384660534,0.04873661592641,0.07999999999999306,0.08,13,0.013333333333333336,0.011547005383792518,0.9988719173303025,0.0011280826696975499,4.705,272.2985820590984,8.0
Z,terminal_value_shifted,377,-0.04873661592641,0.04873661592641,-0.04061384660534,0.07999999999999306,0.08,13,0.013333333333333336,0.011547005383792518,0.9966485592221643,0.003351440777835668,4.705,272.2985820590984,8.0
Z,terminal_value_shifted,378,-0.04873661592641,0.04873661592641,0.04061384660534,0.07999999999999306,0.08,13,0.013333333333333336,0.011547005383792518,0.9984592954859914,0.0015407045140085618,4.705,272.2985820590984,8.0
Z,terminal_value_shifted,379,-0.04780914437338,-0.05737097324805,-0.02868548662403,0.08000000000000353,0.08,13,0.013333333333333336,0.011547005383792518,0.9953333889349412,0.004666611065058834,4.705,272.2985820590984,8.0
Z,terminal_value_shifted,380,-0.04780914437338,-0.05737097324805,0.02868548662403,0.08000000000000353,0.08,13,0.013333333333333336,0.011547005383792518,0.9941281059448935,0.0058718940551064636,4.705,272.2985820590984,8.0
Z,terminal_value_shifted,381,-0.04780914437338,-0.02868548662403,-0.05737097324805,0.08000000000000353,0.08,13,0.013333333333333336,0.011547005383792518,0.9984069138718642,0.001593086128135801,4.705,272.2985820590984,8.0
Z,terminal_value_shifted,382,-0.04780914437338,-0.02868548662403,0.05737097324805,0.08000000000000353,0.08,13,0.013333333333333336,0.011547005383792518,0.9966921162156648,0.0033078837843352193,4.705,272.2985820590984,8.0
Z,terminal_value_shifted,383,-0.04780914437338,0.02868548662403,-0.05737097324805,0.08000000000000353,0.08,13,0.013333333333333336,0.011547005383792518,0.9980119012490839,0.0019880987509161008,4.705,272.2985820590984,8.0
Z,terminal_value_shifted,384,-0.04780914437338,0.02868548662403,0.05737097324805,0.08000000000000353,0.08,13,0.013333333333333336,0.011547005383792518,0.9991219109617013,0.0008780890382986684,4.705,272.2985820590984,8.0
Z,terminal_value_shifted,385,-0.04780914437338,0.05737097324805,-0.02868548662403,0.08000000000000353,0.08,13,0.013333333333333336,0.011547005383792518,0.9961016495662771,0.003898350433722886,4.705,272.2985820590984,8.0
Z,terminal_value_shifted,386,-0.04780914437338,0.05737097324805,0.02868548662403,0.08000000000000353,0.08,13,0.013333333333333336,0.011547005383792518,0.9977254837522542,0.0022745162477457725,4.705,272.2985820590984,8.0
Z,terminal_value_shifted,387,-0.04770278352,-0.05962847939999,-0.02385139176,0.08000000000000007,0.08,13,0.013333333333333336,0.011547005383792518,0.9949497281910257,0.005050271808974327,4.705,272.2985820590984,8.0
Z,terminal_value_shifted,388,-0.04770278352,-0.05962847939999,0.02385139176,0.08000000000000007,0.08,13,0.013333333333333336,0.011547005383792518,0.9939330004917866,0.006066999508213433,4.705,272.2985820590984,8.0
Z,terminal_value_shifted,389,-0.04770278352,-0.02385139176,-0.05962847939999,0.08000000000000006,0.08,13,0.013333333333333336,0.011547005383792518,0.9986755125892934,0.0013244874107065652,4.705,272.2985820590984,8.0
Z,terminal_value_shifted,390,-0.04770278352,-0.02385139176,0.05962847939999,0.08000000000000006,0.08,13,0.013333333333333336,0.011547005383792518,0.9970633366113464,0.0029366633886536153,4.705,272.2985820590984,8.0
Z,terminal_value_shifted,391,-0.04770278352,0.02385139176,-0.05962847939999,0.08000000000000006,0.08,13,0.013333333333333336,0.011547005383792518,0.998294916588403,0.0017050834115970304,4.705,272.2985820590984,8.0
Z,terminal_value_shifted,392,-0.04770278352,0.02385139176,0.05962847939999,0.08000000000000006,0.08,13,0.013333333333333336,0.011547005383792518,0.999123459474183,0.0008765405258169823,4.705,272.2985820590984,8.0
Z,terminal_value_shifted,393,-0.04770278352,0.05962847939999,-0.02385139176,0.08000000000000007,0.08,13,0.013333333333333336,0.011547005383792518,0.9960126992405682,0.003987300759431767,4.705,272.2985820590984,8.0
Z,terminal_value_shifted,394,-0.04770278352,0.05962847939999,0.02385139176,0.08000000000000007,0.08,13,0.013333333333333336,0.011547005383792518,0.9974411921358832,0.0025588078641167744,4.705,272.2985820590984,8.0
Z,terminal_value_shifted,395,-0.04618802153517,-0.04618802153517,-0.04618802153517,0.0799999999999999,0.08,13,0.013333333333333336,0.011547005383792518,0.9968944631547154,0.0031055368452845844,4.705,272.2985820590984,8.0
Z,terminal_value_shifted,396,-0.04618802153517,-0.04618802153517,0.04618802153517,0.0799999999999999,0.08,13,0.013333333333333336,0.011547005383792518,0.9951228415479059,0.0048771584520941325,4.705,272.2985820590984,8.0
Z,terminal_value_shifted,397,-0.04618802153517,0.04618802153517,-0.04618802153517,0.0799999999999999,0.08,13,0.013333333333333336,0.011547005383792518,0.9967717976826347,0.003228202317365314,4.705,272.2985820590984,8.0
Z,terminal_value_shifted,398,-0.04618802153517,0.04618802153517,0.04618802153517,0.0799999999999999,0.08,13,0.013333333333333336,0.011547005383792518,0.9986620919830957,0.0013379080169042545,4.705,272.2985820590984,8.0
Z,terminal_value_shifted,399,-0.04558423058386,-0.05470107670063,-0.03646738446708,0.08000000000000344,0.08,13,0.013333333333333336,0.011547005383792518,0.9958020678955434,0.004197932104456625,4.705,272.2985820590984,8.0
Z,terminal_value_shifted,400,-0.04558423058386,-0.05470107670063,0.03646738446708,0.08000000000000344,0.08,13,0.013333333333333336,0.011547005383792518,0.994294081737507,0.005705918262493004,4.705,272.2985820590984,8.0
Z,terminal_value_shifted,401,-0.04558423058386,-0.03646738446708,-0.05470107670063,0.08000000000000344,0.08,13,0.013333333333333336,0.011547005383792518,0.9978621996120608,0.002137800387939204,4.705,272.2985820590984,8.0
Z,terminal_value_shifted,402,-0.04558423058386,-0.03646738446708,0.05470107670063,0.08000000000000344,0.08,13,0.013333333333333336,0.011547005383792518,0.9959959020241291,0.004004097975870868,4.705,272.2985820590984,8.0
Z,terminal_value_shifted,403,-0.04558423058386,0.03646738446708,-0.05470107670063,0.08000000000000344,0.08,13,0.013333333333333336,0.011547005383792518,0.9974713616508628,0.002528638349137191,4.705,272.2985820590984,8.0
Z,terminal_value_shifted,404,-0.04558423058386,0.03646738446708,0.05470107670063,0.08000000000000344,0.08,13,0.013333333333333336,0.011547005383792518,0.9990266301527557,0.0009733698472442764,4.705,272.2985820590984,8.0
Z,terminal_value_shifted,405,-0.04558423058386,0.05470107670063,-0.03646738446708,0.08000000000000344,0.08,13,0.013333333333333336,0.011547005383792518,0.9961646991189148,0.0038353008810851907,4.705,272.2985820590984,8.0
Z,terminal_value_shifted,406,-0.04558423058386,0.05470107670063,0.03646738446708,0.08000000000000344,0.08,13,0.013333333333333336,0.011547005383792518,0.9980817261698521,0.0019182738301478652,4.705,272.2985820590984,8.0
Z,terminal_value_shifted,407,-0.04525483399594,-0.05656854249492,-0.03394112549695,0.07999999999999603,0.08,13,0.013333333333333336,0.011547005383792518,0.9955291855087713,0.0044708144912286585,4.705,272.2985820590984,8.0
Z,terminal_value_shifted,408,-0.04525483399594,-0.05656854249492,0.03394112549695,0.07999999999999603,0.08,13,0.013333333333333336,0.011547005383792518,0.9941063105363924,0.0058936894636075765,4.705,272.2985820590984,8.0
Z,terminal_value_shifted,409,-0.04525483399594,-0.03394112549695,-0.05656854249492,0.07999999999999603,0.08,13,0.013333333333333336,0.011547005383792518,0.9980675950128444,0.0019324049871556337,4.705,272.2985820590984,8.0
Z,terminal_value_shifted,410,-0.04525483399594,-0.03394112549695,0.05656854249492,0.07999999999999603,0.08,13,0.013333333333333336,0.011547005383792518,0.9962081324685929,0.003791867531407145,4.705,272.2985820590984,8.0
Z,terminal_value_shifted,411,-0.04525483399594,0.03394112549695,-0.05656854249492,0.07999999999999603,0.08,13,0.013333333333333336,0.011547005383792518,0.9976444988203346,0.0023555011796654313,4.705,272.2985820590984,8.0
Z,terminal_value_shifted,412,-0.04525483399594,0.03394112549695,0.05656854249492,0.07999999999999603,0.08,13,0.013333333333333336,0.011547005383792518,0.9990774762876288,0.000922523712371226,4.705,272.2985820590984,8.0
Z,terminal_value_shifted,413,-0.04525483399594,0.05656854249492,-0.03394112549695,0.07999999999999603,0.08,13,0.013333333333333336,0.011547005383792518,0.9960408168564425,0.0039591831435574765,4.705,272.2985820590984,8.0
Z,terminal_value_shifted,414,-0.04525483399594,0.05656854249492,0.03394112549695,0.07999999999999603,0.08,13,0.013333333333333336,0.011547005383792518,0.997914457122851,0.002085542877149016,4.705,272.2985820590984,8.0
Z,terminal_value_shifted,415,-0.04437601569802,-0.06656402354703,0.0,0.08000000000000301,0.08,13,0.013333333333333336,0.011547005383792518,0.9934757781779093,0.00652422182209067,4.705,272.2985820590984,8.0
Z,terminal_value_shifted,416,-0.04437601569802,0.0,-0.06656402354703,0.08000000000000301,0.08,13,0.013333333333333336,0.011547005383792518,0.9991175879561678,0.0008824120438322147,4.705,272.2985820590984,8.0
Z,terminal_value_shifted,417,-0.04437601569802,0.0,0.06656402354703,0.08000000000000301,0.08,13,0.013333333333333336,0.011547005383792518,0.9984731106933189,0.0015268893066811007,4.705,272.2985820590984,8.0
Z,terminal_value_shifted,418,-0.04437601569802,0.06656402354703,0.0,0.08000000000000301,0.08,13,0.013333333333333336,0.011547005383792518,0.9961075000043792,0.0038924999956208017,4.705,272.2985820590984,8.0
Z,terminal_value_shifted,419,-0.04395538046358,-0.06593307069537,-0.0109888451159,0.0799999999999998,0.08,13,0.013333333333333336,0.011547005383792518,0.9938068384175898,0.006193161582410234,4.705,272.2985820590984,8.0
Z,terminal_value_shifted,420,-0.04395538046358,-0.06593307069537,0.0109888451159,0.0799999999999998,0.08,13,0.013333333333333336,0.011547005383792518,0.9933207057771618,0.006679294222838195,4.705,272.2985820590984,8.0
Z,terminal_value_shifted,421,-0.04395538046358,-0.0109888451159,-0.06593307069537,0.0799999999999998,0.08,13,0.013333333333333336,0.011547005383792518,0.9991009826061361,0.0008990173938638879,4.705,272.2985820590984,8.0
Z,terminal_value_shifted,422,-0.04395538046358,-0.0109888451159,0.06593307069537,0.0799999999999998,0.08,13,0.013333333333333336,0.011547005383792518,0.9978807779261596,0.00211922207384041,4.705,272.2985820590984,8.0
Z,terminal_value_shifted,423,-0.04395538046358,0.0109888451159,-0.06593307069537,0.0799999999999998,0.08,13,0.013333333333333336,0.011547005383792518,0.9988657074668332,0.0011342925331667697,4.705,272.2985820590984,8.0
Z,terminal_value_shifted,424,-0.04395538046358,0.0109888451159,0.06593307069537,0.0799999999999998,0.08,13,0.013333333333333336,0.011547005383792518,0.9988865322648409,0.0011134677351590794,4.705,272.2985820590984,8.0
Z,terminal_value_shifted,425,-0.04395538046358,0.06593307069537,-0.0109888451159,0.0799999999999998,0.08,13,0.013333333333333336,0.011547005383792518,0.9957883978636998,0.00421160213630023,4.705,272.2985820590984,8.0
Z,terminal_value_shifted,426,-0.04395538046358,0.06593307069537,0.0109888451159,0.0799999999999998,0.08,13,0.013333333333333336,0.011547005383792518,0.9965464302843257,0.003453569715674343,4.705,272.2985820590984,8.0
Z,terminal_value_shifted,427,-0.04313310928138,-0.05175973113765,-0.04313310928138,0.0800000000000047,0.08,13,0.013333333333333336,0.011547005383792518,0.9962564607306159,0.0037435392693840885,4.705,272.2985820590984,8.0
Z,terminal_value_shifted,428,-0.04313310928138,-0.05175973113765,0.04313310928138,0.0800000000000047,0.08,13,0.013333333333333336,0.011547005383792518,0.9945079804238802,0.005492019576119778,4.705,272.2985820590984,8.0
Z,terminal_value_shifted,429,-0.04313310928138,-0.04313310928138,-0.05175973113765,0.0800000000000047,0.08,13,0.013333333333333336,0.011547005383792518,0.997267720901081,0.0027322790989190437,4.705,272.2985820590984,8.0
Z,terminal_value_shifted,430,-0.04313310928138,-0.04313310928138,0.05175973113765,0.0800000000000047,0.08,13,0.013333333333333336,0.011547005383792518,0.9953381940685279,0.0046618059314721405,4.705,272.2985820590984,8.0
Z,terminal_value_shifted,431,-0.04313310928138,0.04313310928138,-0.05175973113765,0.0800000000000047,0.08,13,0.013333333333333336,0.011547005383792518,0.99694920385125,0.0030507961487500346,4.705,272.2985820590984,8.0
Z,terminal_value_shifted,432,-0.04313310928138,0.04313310928138,0.05175973113765,0.0800000000000047,0.08,13,0.013333333333333336,0.011547005383792518,0.9988461045961813,0.0011538954038187166,4.705,272.2985820590984,8.0
Z,terminal_value_shifted,433,-0.04313310928138,0.05175973113765,-0.04313310928138,0.0800000000000047,0.08,13,0.013333333333333336,0.011547005383792518,0.9963004103179578,0.0036995896820422036,4.705,272.2985820590984,8.0
Z,terminal_value_shifted,434,-0.04313310928138,0.05175973113765,0.04313310928138,0.0800000000000047,0.08,13,0.013333333333333336,0.011547005383792518,0.9983802152104596,0.0016197847895403905,4.705,272.2985820590984,8.0
Z,terminal_value_shifted,435,-0.04276179870599,-0.06414269805898,-0.02138089935299,0.07999999999999859,0.08,13,0.013333333333333336,0.011547005383792518,0.9942790518015432,0.00572094819845681,4.705,272.2985820590984,8.0
Z,terminal_value_shifted,436,-0.04276179870599,-0.06414269805898,0.02138089935299,0.07999999999999859,0.08,13,0.013333333333333336,0.011547005383792518,0.9933396559897711,0.006660344010228858,4.705,272.2985820590984,8.0
Z,terminal_value_shifted,437,-0.04276179870599,-0.02138089935299,-0.06414269805898,0.07999999999999859,0.08,13,0.013333333333333336,0.011547005383792518,0.998819212602882,0.0011807873971180216,4.705,272.2985820590984,8.0
Z,terminal_value_shifted,438,-0.04276179870599,-0.02138089935299,0.06414269805898,0.07999999999999859,0.08,13,0.013333333333333336,0.011547005383792518,0.9971663021998716,0.002833697800128432,4.705,272.2985820590984,8.0
Z,terminal_value_shifted,439,-0.04276179870599,0.02138089935299,-0.06414269805898,0.07999999999999859,0.08,13,0.013333333333333336,0.011547005383792518,0.998404501128122,0.0015954988718780427,4.705,272.2985820590984,8.0
Z,terminal_value_shifted,440,-0.04276179870599,0.02138089935299,0.06414269805898,0.07999999999999859,0.08,13,0.013333333333333336,0.011547005383792518,0.999099913640132,0.0009000863598680464,4.705,272.2985820590984,8.0
Z,terminal_value_shifted,441,-0.04276179870599,0.06414269805898,-0.02138089935299,0.07999999999999859,0.08,13,0.013333333333333336,0.011547005383792518,0.995626910471404,0.0043730895285960525,4.705,272.2985820590984,8.0
Z,terminal_value_shifted,442,-0.04276179870599,0.06414269805898,0.02138089935299,0.07999999999999859,0.08,13,0.013333333333333336,0.011547005383792518,0.9970409175499717,0.002959082450028294,4.705,272.2985820590984,8.0
Z,terminal_value_shifted,443,-0.04238503542608,-0.0529812942826,-0.04238503542608,0.07999999999999735,0.08,13,0.013333333333333336,0.011547005383792518,0.996105013013443,0.003894986986556992,4.705,272.2985820590984,8.0
Z,terminal_value_shifted,444,-0.04238503542608,-0.0529812942826,0.04238503542608,0.07999999999999735,0.08,13,0.013333333333333336,0.011547005383792518,0.9943682155821147,0.005631784417885255,4.705,272.2985820590984,8.0
Z,terminal_value_shifted,445,-0.04238503542608,-0.04238503542608,-0.0529812942826,0.07999999999999735,0.08,13,0.013333333333333336,0.011547005383792518,0.9973525832591839,0.002647416740816144,4.705,272.2985820590984,8.0
Z,terminal_value_shifted,446,-0.04238503542608,-0.04238503542608,0.0529812942826,0.07999999999999735,0.08,13,0.013333333333333336,0.011547005383792518,0.9953922569647681,0.004607743035231926,4.705,272.2985820590984,8.0
Z,terminal_value_shifted,447,-0.04238503542608,0.04238503542608,-0.0529812942826,0.07999999999999735,0.08,13,0.013333333333333336,0.011547005383792518,0.9969959019167615,0.0030040980832385378,4.705,272.2985820590984,8.0
Z,terminal_value_shifted,448,-0.04238503542608,0.04238503542608,0.0529812942826,0.07999999999999735,0.08,13,0.013333333333333336,0.011547005383792518,0.9988830043915468,0.0011169956084532418,4.705,272.2985820590984,8.0
Z,terminal_value_shifted,449,-0.04238503542608,0.0529812942826,-0.04238503542608,0.07999999999999735,0.08,13,0.013333333333333336,0.011547005383792518,0.9961951520686674,0.0038048479313326222,4.705,272.2985820590984,8.0
Z,terminal_value_shifted,450,-0.04238503542608,0.0529812942826,0.04238503542608,0.07999999999999735,0.08,13,0.013333333333333336,0.011547005383792518,0.9983080741420268,0.0016919258579731755,4.705,272.2985820590984,8.0
Z,terminal_value_shifted,451,-0.04097180157853,-0.06145770236779,-0.0307288511839,0.08000000000000354,0.08,13,0.013333333333333336,0.011547005383792518,0.9948334425457555,0.005166557454244547,4.705,272.2985820590984,8.0
Z,terminal_value_shifted,452,-0.04097180157853,-0.06145770236779,0.0307288511839,0.08000000000000354,0.08,13,0.013333333333333336,0.011547005383792518,0.9934990956040772,0.006500904395922769,4.705,272.2985820590984,8.0
Z,terminal_value_shifted,453,-0.04097180157853,-0.0307288511839,-0.06145770236779,0.08000000000000354,0.08,13,0.013333333333333336,0.011547005383792518,0.9983324681602412,0.0016675318397587624,4.705,272.2985820590984,8.0
Z,terminal_value_shifted,454,-0.04097180157853,-0.0307288511839,0.06145770236779,0.08000000000000354,0.08,13,0.013333333333333336,0.011547005383792518,0.996402440034639,0.0035975599653610413,4.705,272.2985820590984,8.0
Z,terminal_value_shifted,455,-0.04097180157853,0.0307288511839,-0.06145770236779,0.08000000000000354,0.08,13,0.013333333333333336,0.011547005383792518,0.9978286633272824,0.0021713366727176275,4.705,272.2985820590984,8.0
Z,terminal_value_shifted,456,-0.04097180157853,0.0307288511839,0.06145770236779,0.08000000000000354,0.08,13,0.013333333333333336,0.011547005383792518,0.9991308271915487,0.000869172808451335,4.705,272.2985820590984,8.0
Z,terminal_value_shifted,457,-0.04097180157853,0.06145770236779,-0.0307288511839,0.08000000000000354,0.08,13,0.013333333333333336,0.011547005383792518,0.9956222472315138,0.004377752768486176,4.705,272.2985820590984,8.0
Z,terminal_value_shifted,458,-0.04097180157853,0.06145770236779,0.0307288511839,0.08000000000000354,0.08,13,0.013333333333333336,0.011547005383792518,0.9975254225481616,0.0024745774518384334,4.705,272.2985820590984,8.0
Z,terminal_value_shifted,459,-0.04061384660534,-0.04873661592641,-0.04873661592641,0.07999999999999306,0.08,13,0.013333333333333336,0.011547005383792518,0.9966740487894397,0.0033259512105603406,4.705,272.2985820590984,8.0
Z,terminal_value_shifted,460,-0.04061384660534,-0.04873661592641,0.04873661592641,0.07999999999999306,0.08,13,0.013333333333333336,0.011547005383792518,0.9947435917681864,0.005256408231813614,4.705,272.2985820590984,8.0
Z,terminal_value_shifted,461,-0.04061384660534,0.04873661592641,-0.04873661592641,0.07999999999999306,0.08,13,0.013333333333333336,0.011547005383792518,0.9964794980868541,0.0035205019131459014,4.705,272.2985820590984,8.0
Z,terminal_value_shifted,462,-0.04061384660534,0.04873661592641,0.04873661592641,0.07999999999999306,0.08,13,0.013333333333333336,0.011547005383792518,0.9986169094928785,0.0013830905071214872,4.705,272.2985820590984,8.0
Z,terminal_value_shifted,463,-0.04,-0.06666666666667,-0.01333333333333,0.07888106377466379,0.08,13,0.013333333333333336,0.011547005383792518,0.9937417952446214,0.006258204755378638,4.705,272.2985820590984,8.0
Z,terminal_value_shifted,464,-0.04,-0.06666666666667,0.0,0.07774602526460686,0.08,13,0.013333333333333336,0.011547005383792518,0.993448239856645,0.006551760143355012,4.705,272.2985820590984,8.0
Z,terminal_value_shifted,465,-0.04,-0.06666666666667,0.01333333333333,0.07888106377466379,0.08,13,0.013333333333333336,0.011547005383792518,0.9931462847541839,0.006853715245816128,4.705,272.2985820590984,8.0
Z,terminal_value_shifted,466,-0.04,-0.05333333333333,-0.04,0.07774602526460171,0.08,13,0.013333333333333336,0.011547005383792518,0.9960209522045073,0.003979047795492741,4.705,272.2985820590984,8.0
Z,terminal_value_shifted,467,-0.04,-0.05333333333333,-0.02666666666667,0.07180219742845882,0.08,13,0.013333333333333336,0.011547005383792518,0.9957760752833875,0.004223924716612482,4.705,272.2985820590984,8.0
Z,terminal_value_shifted,468,-0.04,-0.05333333333333,-0.01333333333333,0.06798692684790053,0.08,13,0.013333333333333336,0.011547005383792518,0.995515402754314,0.004484597245685951,4.705,272.2985820590984,8.0
Z,terminal_value_shifted,469,-0.04,-0.05333333333333,0.0,0.066666666666664,0.08,13,0.013333333333333336,0.011547005383792518,0.9952412389726064,0.004758761027393588,4.705,272.2985820590984,8.0
Z,terminal_value_shifted,470,-0.04,-0.05333333333333,0.01333333333333,0.06798692684790053,0.08,13,0.013333333333333336,0.011547005383792518,0.9949562777314822,0.005043722268517792,4.705,272.2985820590984,8.0
Z,terminal_value_shifted,471,-0.04,-0.05333333333333,0.02666666666667,0.07180219742845882,0.08,13,0.013333333333333336,0.011547005383792518,0.9946636075858563,0.0053363924141437424,4.705,272.2985820590984,8.0
Z,terminal_value_shifted,472,-0.04,-0.05333333333333,0.04,0.07774602526460171,0.08,13,0.013333333333333336,0.011547005383792518,0.9943667068768087,0.005633293123191274,4.705,272.2985820590984,8.0
Z,terminal_value_shifted,473,-0.04,-0.04,-0.05333333333333,0.07774602526460171,0.08,13,0.013333333333333336,0.011547005383792518,0.9975643033921626,0.0024356966078373787,4.705,272.2985820590984,8.0
Z,terminal_value_shifted,474,-0.04,-0.04,-0.04,0.06928203230275509,0.08,13,0.013333333333333336,0.011547005383792518,0.9973746990183703,0.002625300981629719,4.705,272.2985820590984,8.0
Z,terminal_value_shifted,475,-0.04,-0.04,-0.02666666666667,0.06253887679764715,0.08,13,0.013333333333333336,0.011547005383792518,0.9971667862038782,0.0028332137961217807,4.705,272.2985820590984,8.0
Z,terminal_value_shifted,476,-0.04,-0.04,-0.01333333333333,0.05811865258054155,0.08,13,0.013333333333333336,0.011547005383792518,0.9969417924778431,0.0030582075221569083,4.705,272.2985820590984,8.0
Z,terminal_value_shifted,477,-0.04,-0.04,0.0,0.0565685424949238,0.08,13,0.013333333333333336,0.011547005383792518,0.9967013720844476,0.0032986279155523546,4.705,272.2985820590984,8.0
Z,terminal_value_shifted,478,-0.04,-0.04,0.01333333333333,0.05811865258054155,0.08,13,0.013333333333333336,0.011547005383792518,0.9964476220739619,0.0035523779260381305,4.705,272.2985820590984,8.0
Z,terminal_value_shifted,479,-0.04,-0.04,0.02666666666667,0.06253887679764715,0.08,13,0.013333333333333336,0.011547005383792518,0.996183087941026,0.0038169120589740535,4.705,272.2985820590984,8.0
Z,terminal_value_shifted,480,-0.04,-0.04,0.04,0.06928203230275509,0.08,13,0.013333333333333336,0.011547005383792518,0.995910758668423,0.004089241331576954,4.705,272.2985820590984,8.0
Z,terminal_value_shifted,481,-0.04,-0.04,0.05333333333333,0.07774602526460171,0.08,13,0.013333333333333336,0.011547005383792518,0.9956340510593412,0.0043659489406587815,4.705,272.2985820590984,8.0
Z,terminal_value_shifted,482,-0.04,-0.02666666666667,-0.05333333333333,0.07180219742845882,0.08,13,0.013333333333333336,0.011547005383792518,0.9984876500999267,0.0015123499000733176,4.705,272.2985820590984,8.0
Z,terminal_value_shifted,483,-0.04,-0.02666666666667,-0.04,0.06253887679764715,0.08,13,0.013333333333333336,0.011547005383792518,0.998349675133866,0.0016503248661340342,4.705,272.2985820590984,8.0
Z,terminal_value_shifted,484,-0.04,-0.02666666666667,-0.02666666666667,0.054974741674905375,0.08,13,0.013333333333333336,0.011547005383792518,0.9981927803339762,0.0018072196660238182,4.705,272.2985820590984,8.0
Z,terminal_value_shifted,485,-0.04,-0.02666666666667,-0.01333333333333,0.04988876515698678,0.08,13,0.013333333333333336,0.011547005383792518,0.9980174703484319,0.001982529651568088,4.705,272.2985820590984,8.0
Z,terminal_value_shifted,486,-0.04,-0.02666666666667,0.0,0.04807401700618837,0.08,13,0.013333333333333336,0.011547005383792518,0.9978247257248083,0.0021752742751917076,4.705,272.2985820590984,8.0
Z,terminal_value_shifted,487,-0.04,-0.02666666666667,0.01333333333333,0.04988876515698678,0.08,13,0.013333333333333336,0.011547005383792518,0.9976160199860566,0.0023839800139433542,4.705,272.2985820590984,8.0
Z,terminal_value_shifted,488,-0.04,-0.02666666666667,0.02666666666667,0.054974741674905375,0.08,13,0.013333333333333336,0.011547005383792518,0.9973933259753676,0.0026066740246324382,4.705,272.2985820590984,8.0
Z,terminal_value_shifted,489,-0.04,-0.02666666666667,0.04,0.06253887679764715,0.08,13,0.013333333333333336,0.011547005383792518,0.9971591113241708,0.002840888675829212,4.705,272.2985820590984,8.0
Z,terminal_value_shifted,490,-0.04,-0.02666666666667,0.05333333333333,0.07180219742845882,0.08,13,0.013333333333333336,0.011547005383792518,0.996916322923483,0.003083677076517022,4.705,272.2985820590984,8.0
Z,terminal_value_shifted,491,-0.04,-0.01333333333333,-0.06666666666667,0.07888106377466379,0.08,13,0.013333333333333336,0.011547005383792518,0.999071442766259,0.0009285572337409675,4.705,272.2985820590984,8.0
Z,terminal_value_shifted,492,-0.04,-0.01333333333333,-0.05333333333333,0.06798692684790053,0.08,13,0.013333333333333336,0.011547005383792518,0.9990173954914733,0.0009826045085267188,4.705,272.2985820590984,8.0
Z,terminal_value_shifted,493,-0.04,-0.01333333333333,-0.04,0.05811865258054155,0.08,13,0.013333333333333336,0.011547005383792518,0.9989445510181353,0.001055448981864715,4.705,272.2985820590984,8.0
Z,terminal_value_shifted,494,-0.04,-0.01333333333333,-0.02666666666667,0.04988876515698678,0.08,13,0.013333333333333336,0.011547005383792518,0.9988521790071404,0.001147820992859594,4.705,272.2985820590984,8.0
Z,terminal_value_shifted,495,-0.04,-0.01333333333333,-0.01333333333333,0.044221663871403326,0.08,13,0.013333333333333336,0.011547005383792518,0.9987400410843021,0.0012599589156978563,4.705,272.2985820590984,8.0
Z,terminal_value_shifted,496,-0.04,-0.01333333333333,0.0,0.04216370213557734,0.08,13,0.013333333333333336,0.011547005383792518,0.9986084201077676,0.0013915798922323752,4.705,272.2985820590984,8.0
Z,terminal_value_shifted,497,-0.04,-0.01333333333333,0.01333333333333,0.044221663871403326,0.08,13,0.013333333333333336,0.011547005383792518,0.9984581386282769,0.0015418613717230745,4.705,272.2985820590984,8.0
Z,terminal_value_shifted,498,-0.04,-0.01333333333333,0.02666666666667,0.04988876515698678,0.08,13,0.013333333333333336,0.011547005383792518,0.9982905663591085,0.001709433640891489,4.705,272.2985820590984,8.0
Z,terminal_value_shifted,499,-0.04,-0.01333333333333,0.04,0.05811865258054155,0.08,13,0.013333333333333336,0.011547005383792518,0.9981076165004766,0.0018923834995233646,4.705,272.2985820590984,8.0
Z,terminal_value_shifted,500,-0.04,-0.01333333333333,0.05333333333333,0.06798692684790053,0.08,13,0.013333333333333336,0.011547005383792518,0.9979117307906378,0.0020882692093622257,4.705,272.2985820590984,8.0
Z,terminal_value_shifted,501,-0.04,-0.01333333333333,0.06666666666667,0.07888106377466379,0.08,13,0.013333333333333336,0.011547005383792518,0.9977058531839199,0.0022941468160800893,4.705,272.2985820590984,8.0
Z,terminal_value_shifted,502,-0.04,0.0,-0.06666666666667,0.07774602526460686,0.08,13,0.013333333333333336,0.011547005383792518,0.999130330542962,0.0008696694570380359,4.705,272.2985820590984,8.0
Z,terminal_value_shifted,503,-0.04,0.0,-0.05333333333333,0.066666666666664,0.08,13,0.013333333333333336,0.011547005383792518,0.9991540604709221,0.0008459395290778549,4.705,272.2985820590984,8.0
Z,terminal_value_shifted,504,-0.04,0.0,-0.04,0.0565685424949238,0.08,13,0.013333333333333336,0.011547005383792518,0.9991592176088506,0.000840782391149375,4.705,272.2985820590984,8.0
Z,terminal_value_shifted,505,-0.04,0.0,-0.02666666666667,0.04807401700618837,0.08,13,0.013333333333333336,0.011547005383792518,0.9991442697504198,0.0008557302495801888,4.705,272.2985820590984,8.0
Z,terminal_value_shifted,506,-0.04,0.0,-0.01333333333333,0.04216370213557734,0.08,13,0.013333333333333336,0.011547005383792518,0.9991082158514907,0.0008917841485093225,4.705,272.2985820590984,8.0
Z,terminal_value_shifted,507,-0.04,0.0,0.0,0.04,0.08,13,0.013333333333333336,0.011547005383792518,0.9990506173210411,0.0009493826789589432,4.705,272.2985820590984,8.0
Z,terminal_value_shifted,508,-0.04,0.0,0.01333333333333,0.04216370213557734,0.08,13,0.013333333333333336,0.011547005383792518,0.9989716182826587,0.0010283817173413201,4.705,272.2985820590984,8.0
Z,terminal_value_shifted,509,-0.04,0.0,0.02666666666667,0.04807401700618837,0.08,13,0.013333333333333336,0.011547005383792518,0.9988719546071675,0.0011280453928325107,4.705,272.2985820590984,8.0
Z,terminal_value_shifted,510,-0.04,0.0,0.04,0.0565685424949238,0.08,13,0.013333333333333336,0.011547005383792518,0.9987529515461303,0.0012470484538696924,4.705,272.2985820590984,8.0
Z,terminal_value_shifted,511,-0.04,0.0,0.05333333333333,0.066666666666664,0.08,13,0.013333333333333336,0.011547005383792518,0.9986165098251621,0.0013834901748378536,4.705,272.2985820590984,8.0
Z,terminal_value_shifted,512,-0.04,0.0,0.06666666666667,0.07774602526460686,0.08,13,0.013333333333333336,0.011547005383792518,0.9984650800860968,0.0015349199139031988,4.705,272.2985820590984,8.0
Z,terminal_value_shifted,513,-0.04,0.01333333333333,-0.06666666666667,0.07888106377466379,0.08,13,0.013333333333333336,0.011547005383792518,0.9987857404621152,0.0012142595378847876,4.705,272.2985820590984,8.0
Z,terminal_value_shifted,514,-0.04,0.01333333333333,-0.05333333333333,0.06798692684790053,0.08,13,0.013333333333333336,0.011547005383792518,0.9988993814207651,0.0011006185792349354,4.705,272.2985820590984,8.0
Z,terminal_value_shifted,515,-0.04,0.01333333333333,-0.04,0.05811865258054155,0.08,13,0.013333333333333336,0.011547005383792518,0.998994737820041,0.001005262179958999,4.705,272.2985820590984,8.0
Z,terminal_value_shifted,516,-0.04,0.01333333333333,-0.02666666666667,0.04988876515698678,0.08,13,0.013333333333333336,0.011547005383792518,0.999069461842295,0.000930538157705052,4.705,272.2985820590984,8.0
Z,terminal_value_shifted,517,-0.04,0.01333333333333,-0.01333333333333,0.044221663871403326,0.08,13,0.013333333333333336,0.011547005383792518,0.9991217712793623,0.0008782287206376971,4.705,272.2985820590984,8.0
Z,terminal_value_shifted,518,-0.04,0.01333333333333,0.0,0.04216370213557734,0.08,13,0.013333333333333336,0.011547005383792518,0.9991504832447,0.0008495167552999838,4.705,272.2985820590984,8.0
Z,terminal_value_shifted,519,-0.04,0.01333333333333,0.01333333333333,0.044221663871403326,0.08,13,0.013333333333333336,0.011547005383792518,0.9991550366623424,0.0008449633376576005,4.705,272.2985820590984,8.0
Z,terminal_value_shifted,520,-0.04,0.01333333333333,0.02666666666667,0.04988876515698678,0.08,13,0.013333333333333336,0.011547005383792518,0.9991355033111714,0.0008644966888285976,4.705,272.2985820590984,8.0
Z,terminal_value_shifted,521,-0.04,0.01333333333333,0.04,0.05811865258054155,0.08,13,0.013333333333333336,0.011547005383792518,0.9990925872335693,0.000907412766430693,4.705,272.2985820590984,8.0
Z,terminal_value_shifted,522,-0.04,0.01333333333333,0.05333333333333,0.06798692684790053,0.08,13,0.013333333333333336,0.011547005383792518,0.9990276123485718,0.0009723876514281526,4.705,272.2985820590984,8.0
Z,terminal_value_shifted,523,-0.04,0.01333333333333,0.06666666666667,0.07888106377466379,0.08,13,0.013333333333333336,0.011547005383792518,0.9989424981421238,0.0010575018578762307,4.705,272.2985820590984,8.0
Z,terminal_value_shifted,524,-0.04,0.02666666666667,-0.05333333333333,0.07180219742845882,0.08,13,0.013333333333333336,0.011547005383792518,0.9982561982523706,0.0017438017476294476,4.705,272.2985820590984,8.0
Z,terminal_value_shifted,525,-0.04,0.02666666666667,-0.04,0.06253887679764715,0.08,13,0.013333333333333336,0.011547005383792518,0.998453241508318,0.0015467584916819543,4.705,272.2985820590984,8.0
Z,terminal_value_shifted,526,-0.04,0.02666666666667,-0.02666666666667,0.054974741674905375,0.08,13,0.013333333333333336,0.011547005383792518,0.998629187680607,0.0013708123193929556,4.705,272.2985820590984,8.0
Z,terminal_value_shifted,527,-0.04,0.02666666666667,-0.01333333333333,0.04988876515698678,0.08,13,0.013333333333333336,0.011547005383792518,0.9987814567310451,0.0012185432689548747,4.705,272.2985820590984,8.0
Z,terminal_value_shifted,528,-0.04,0.02666666666667,0.0,0.04807401700618837,0.08,13,0.013333333333333336,0.011547005383792518,0.9989081002433892,0.0010918997566108368,4.705,272.2985820590984,8.0
Z,terminal_value_shifted,529,-0.04,0.02666666666667,0.01333333333333,0.04988876515698678,0.08,13,0.013333333333333336,0.011547005383792518,0.9990078265666515,0.0009921734333484533,4.705,272.2985820590984,8.0
Z,terminal_value_shifted,530,-0.04,0.02666666666667,0.02666666666667,0.054974741674905375,0.08,13,0.013333333333333336,0.011547005383792518,0.9990800143232033,0.0009199856767967418,4.705,272.2985820590984,8.0
Z,terminal_value_shifted,531,-0.04,0.02666666666667,0.04,0.06253887679764715,0.08,13,0.013333333333333336,0.011547005383792518,0.9991247140643706,0.0008752859356293552,4.705,272.2985820590984,8.0
Z,terminal_value_shifted,532,-0.04,0.02666666666667,0.05333333333333,0.07180219742845882,0.08,13,0.013333333333333336,0.011547005383792518,0.9991426378892319,0.0008573621107681451,4.705,272.2985820590984,8.0
Z,terminal_value_shifted,533,-0.04,0.04,-0.05333333333333,0.07774602526460171,0.08,13,0.013333333333333336,0.011547005383792518,0.9972282828201813,0.0027717171798187223,4.705,272.2985820590984,8.0
Z,terminal_value_shifted,534,-0.04,0.04,-0.04,0.06928203230275509,0.08,13,0.013333333333333336,0.011547005383792518,0.9975377630147082,0.002462236985291799,4.705,272.2985820590984,8.0
Z,terminal_value_shifted,535,-0.04,0.04,-0.02666666666667,0.06253887679764715,0.08,13,0.013333333333333336,0.011547005383792518,0.9978257490711497,0.002174250928850263,4.705,272.2985820590984,8.0
Z,terminal_value_shifted,536,-0.04,0.04,-0.01333333333333,0.05811865258054155,0.08,13,0.013333333333333336,0.011547005383792518,0.9980888489491413,0.001911151050858706,4.705,272.2985820590984,8.0
Z,terminal_value_shifted,537,-0.04,0.04,0.0,0.0565685424949238,0.08,13,0.013333333333333336,0.011547005383792518,0.9983243297752915,0.001675670224708492,4.705,272.2985820590984,8.0
Z,terminal_value_shifted,538,-0.04,0.04,0.01333333333333,0.05811865258054155,0.08,13,0.013333333333333336,0.011547005383792518,0.998530146059556,0.0014698539404439659,4.705,272.2985820590984,8.0
Z,terminal_value_shifted,539,-0.04,0.04,0.02666666666667,0.06253887679764715,0.08,13,0.013333333333333336,0.011547005383792518,0.9987049561141886,0.0012950438858113644,4.705,272.2985820590984,8.0
Z,terminal_value_shifted,540,-0.04,0.04,0.04,0.06928203230275509,0.08,13,0.013333333333333336,0.011547005383792518,0.9988481264259057,0.0011518735740942976,4.705,272.2985820590984,8.0
Z,terminal_value_shifted,541,-0.04,0.04,0.05333333333333,0.07774602526460171,0.08,13,0.013333333333333336,0.011547005383792518,0.9989597237669631,0.0010402762330369297,4.705,272.2985820590984,8.0
Z,terminal_value_shifted,542,-0.04,0.05333333333333,-0.04,0.07774602526460171,0.08,13,0.013333333333333336,0.011547005383792518,0.9962520230493458,0.0037479769506542082,4.705,272.2985820590984,8.0
Z,terminal_value_shifted,543,-0.04,0.05333333333333,-0.02666666666667,0.07180219742845882,0.08,13,0.013333333333333336,0.011547005383792518,0.9966621100671629,0.0033378899328371237,4.705,272.2985820590984,8.0
Z,terminal_value_shifted,544,-0.04,0.05333333333333,-0.01333333333333,0.06798692684790053,0.08,13,0.013333333333333336,0.011547005383792518,0.9970461555852196,0.0029538444147804155,4.705,272.2985820590984,8.0
Z,terminal_value_shifted,545,-0.04,0.05333333333333,0.0,0.066666666666664,0.08,13,0.013333333333333336,0.011547005383792518,0.9974006263191434,0.0025993736808566092,4.705,272.2985820590984,8.0
Z,terminal_value_shifted,546,-0.04,0.05333333333333,0.01333333333333,0.06798692684790053,0.08,13,0.013333333333333336,0.011547005383792518,0.9977227024793385,0.0022772975206615254,4.705,272.2985820590984,8.0
Z,terminal_value_shifted,547,-0.04,0.05333333333333,0.02666666666667,0.07180219742845882,0.08,13,0.013333333333333336,0.011547005383792518,0.9980102975340737,0.001989702465926335,4.705,272.2985820590984,8.0
Z,terminal_value_shifted,548,-0.04,0.05333333333333,0.04,0.07774602526460171,0.08,13,0.013333333333333336,0.011547005383792518,0.9982620657575725,0.001737934242427519,4.705,272.2985820590984,8.0
Z,terminal_value_shifted,549,-0.04,0.06666666666667,-0.01333333333333,0.07888106377466379,0.08,13,0.013333333333333336,0.011547005383792518,0.9956559715845555,0.004344028415444456,4.705,272.2985820590984,8.0
Z,terminal_value_shifted,550,-0.04,0.06666666666667,0.0,0.07774602526460686,0.08,13,0.013333333333333336,0.011547005383792518,0.9961388063510501,0.003861193648949879,4.705,272.2985820590984,8.0
Z,terminal_value_shifted,551,-0.04,0.06666666666667,0.01333333333333,0.07888106377466379,0.08,13,0.013333333333333336,0.011547005383792518,0.996586533786877,0.0034134662131229954,4.705,272.2985820590984,8.0
Z,terminal_value_shifted,552,-0.03938927711339,-0.04923659639173,-0.04923659639173,0.07999999999999793,0.08,13,0.013333333333333336,0.011547005383792518,0.9966292945136269,0.0033707054863730823,4.705,272.2985820590984,8.0
Z,terminal_value_shifted,553,-0.03938927711339,-0.04923659639173,0.04923659639173,0.07999999999999793,0.08,13,0.013333333333333336,0.011547005383792518,0.99466702617318,0.0053329738268199645,4.705,272.2985820590984,8.0
Z,terminal_value_shifted,554,-0.03938927711339,0.04923659639173,-0.04923659639173,0.07999999999999793,0.08,13,0.013333333333333336,0.011547005383792518,0.9964207360647124,0.0035792639352876243,4.705,272.2985820590984,8.0
Z,terminal_value_shifted,555,-0.03938927711339,0.04923659639173,0.04923659639173,0.07999999999999793,0.08,13,0.013333333333333336,0.011547005383792518,0.9986082474213331,0.0013917525786668605,4.705,272.2985820590984,8.0
Z,terminal_value_shifted,556,-0.03893314107138,-0.06488856845231,-0.02595542738092,0.08000000000000193,0.08,13,0.013333333333333336,0.011547005383792518,0.9942618218075787,0.005738178192421284,4.705,272.2985820590984,8.0
Z,terminal_value_shifted,557,-0.03893314107138,-0.06488856845231,0.02595542738092,0.08000000000000193,0.08,13,0.013333333333333336,0.011547005383792518,0.993112412829896,0.006887587170103959,4.705,272.2985820590984,8.0
Z,terminal_value_shifted,558,-0.03893314107138,-0.02595542738092,-0.06488856845231,0.08000000000000193,0.08,13,0.013333333333333336,0.011547005383792518,0.9986285133426335,0.0013714866573665274,4.705,272.2985820590984,8.0
Z,terminal_value_shifted,559,-0.03893314107138,-0.02595542738092,0.06488856845231,0.08000000000000193,0.08,13,0.013333333333333336,0.011547005383792518,0.9967597450084141,0.003240254991585867,4.705,272.2985820590984,8.0
Z,terminal_value_shifted,560,-0.03893314107138,0.02595542738092,-0.06488856845231,0.08000000000000193,0.08,13,0.013333333333333336,0.011547005383792518,0.9981254470782721,0.00187455292172789,4.705,272.2985820590984,8.0
Z,terminal_value_shifted,561,-0.03893314107138,0.02595542738092,0.06488856845231,0.08000000000000193,0.08,13,0.013333333333333336,0.011547005383792518,0.9991364214079159,0.0008635785920840799,4.705,272.2985820590984,8.0
Z,terminal_value_shifted,562,-0.03893314107138,0.06488856845231,-0.02595542738092,0.08000000000000193,0.08,13,0.013333333333333336,0.011547005383792518,0.9954026557181586,0.004597344281841442,4.705,272.2985820590984,8.0
Z,terminal_value_shifted,563,-0.03893314107138,0.06488856845231,0.02595542738092,0.08000000000000193,0.08,13,0.013333333333333336,0.011547005383792518,0.9971388135934495,0.002861186406550531,4.705,272.2985820590984,8.0
Z,terminal_value_shifted,564,-0.03880570000581,-0.05820855000872,-0.03880570000581,0.07999999999999688,0.08,13,0.013333333333333336,0.011547005383792518,0.9954085739751536,0.004591426024846412,4.705,272.2985820590984,8.0
Z,terminal_value_shifted,565,-0.03880570000581,-0.05820855000872,0.03880570000581,0.07999999999999688,0.08,13,0.013333333333333336,0.011547005383792518,0.9937512906750561,0.006248709324943924,4.705,272.2985820590984,8.0
Z,terminal_value_shifted,566,-0.03880570000581,-0.03880570000581,-0.05820855000872,0.07999999999999688,0.08,13,0.013333333333333336,0.011547005383792518,0.9977265257893968,0.002273474210603199,4.705,272.2985820590984,8.0
Z,terminal_value_shifted,567,-0.03880570000581,-0.03880570000581,0.05820855000872,0.07999999999999688,0.08,13,0.013333333333333336,0.011547005383792518,0.9956547672923615,0.0043452327076385355,4.705,272.2985820590984,8.0
Z,terminal_value_shifted,568,-0.03880570000581,0.03880570000581,-0.05820855000872,0.07999999999999688,0.08,13,0.013333333333333336,0.011547005383792518,0.9972300466619032,0.00276995333809682,4.705,272.2985820590984,8.0
Z,terminal_value_shifted,569,-0.03880570000581,0.03880570000581,0.05820855000872,0.07999999999999688,0.08,13,0.013333333333333336,0.011547005383792518,0.9990220226497488,0.0009779773502511802,4.705,272.2985820590984,8.0
Z,terminal_value_shifted,570,-0.03880570000581,0.05820855000872,-0.03880570000581,0.07999999999999688,0.08,13,0.013333333333333336,0.011547005383792518,0.9957430673340744,0.004256932665925639,4.705,272.2985820590984,8.0
Z,terminal_value_shifted,571,-0.03880570000581,0.05820855000872,0.03880570000581,0.07999999999999688,0.08,13,0.013333333333333336,0.011547005383792518,0.9979536712510004,0.0020463287489995707,4.705,272.2985820590984,8.0
Z,terminal_value_shifted,572,-0.03748170285327,-0.04997560380435,-0.04997560380435,0.0799999999999972,0.08,13,0.013333333333333336,0.011547005383792518,0.9965622193758311,0.0034377806241688846,4.705,272.2985820590984,8.0
Z,terminal_value_shifted,573,-0.03748170285327,-0.04997560380435,0.04997560380435,0.0799999999999972,0.08,13,0.013333333333333336,0.011547005383792518,0.9945525017475829,0.005447498252417082,4.705,272.2985820590984,8.0
Z,terminal_value_shifted,574,-0.03748170285327,0.04997560380435,-0.04997560380435,0.0799999999999972,0.08,13,0.013333333333333336,0.011547005383792518,0.9963331744691394,0.003666825530860618,4.705,272.2985820590984,8.0
Z,terminal_value_shifted,575,-0.03748170285327,0.04997560380435,0.04997560380435,0.0799999999999972,0.08,13,0.013333333333333336,0.011547005383792518,0.9985956441114089,0.0014043558885911134,4.705,272.2985820590984,8.0
Z,terminal_value_shifted,576,-0.03659965687983,-0.06099942813304,-0.03659965687983,0.08000000000000304,0.08,13,0.013333333333333336,0.011547005383792518,0.9950036417663326,0.004996358233667397,4.705,272.2985820590984,8.0
Z,terminal_value_shifted,577,-0.03659965687983,-0.06099942813304,0.03659965687983,0.08000000000000304,0.08,13,0.013333333333333336,0.011547005383792518,0.993410344456159,0.006589655543841055,4.705,272.2985820590984,8.0
Z,terminal_value_shifted,578,-0.03659965687983,-0.03659965687983,-0.06099942813304,0.08000000000000304,0.08,13,0.013333333333333336,0.011547005383792518,0.9979323003835788,0.0020676996164211703,4.705,272.2985820590984,8.0
Z,terminal_value_shifted,579,-0.03659965687983,-0.03659965687983,0.06099942813304,0.08000000000000304,0.08,13,0.013333333333333336,0.011547005383792518,0.9958180508386654,0.0041819491613346305,4.705,272.2985820590984,8.0
Z,terminal_value_shifted,580,-0.03659965687983,0.03659965687983,-0.06099942813304,0.08000000000000304,0.08,13,0.013333333333333336,0.011547005383792518,0.9973794633920207,0.00262053660797934,4.705,272.2985820590984,8.0
Z,terminal_value_shifted,581,-0.03659965687983,0.03659965687983,0.06099942813304,0.08000000000000304,0.08,13,0.013333333333333336,0.011547005383792518,0.9990804005113941,0.0009195994886058712,4.705,272.2985820590984,8.0
Z,terminal_value_shifted,582,-0.03659965687983,0.06099942813304,-0.03659965687983,0.08000000000000304,0.08,13,0.013333333333333336,0.011547005383792518,0.9955046274826312,0.004495372517368756,4.705,272.2985820590984,8.0
Z,terminal_value_shifted,583,-0.03659965687983,0.06099942813304,0.03659965687983,0.08000000000000304,0.08,13,0.013333333333333336,0.011547005383792518,0.997731604417421,0.0022683955825789637,4.705,272.2985820590984,8.0
Z,terminal_value_shifted,584,-0.03646738446708,-0.05470107670063,-0.04558423058386,0.08000000000000344,0.08,13,0.013333333333333336,0.011547005383792518,0.9959571850728663,0.004042814927133653,4.705,272.2985820590984,8.0
Z,terminal_value_shifted,585,-0.03646738446708,-0.05470107670063,0.04558423058386,0.08000000000000344,0.08,13,0.013333333333333336,0.011547005383792518,0.9940509988681498,0.005949001131850151,4.705,272.2985820590984,8.0
Z,terminal_value_shifted,586,-0.03646738446708,-0.04558423058386,-0.05470107670063,0.08000000000000344,0.08,13,0.013333333333333336,0.011547005383792518,0.9970807486578006,0.0029192513421993915,4.705,272.2985820590984,8.0
Z,terminal_value_shifted,587,-0.03646738446708,-0.04558423058386,0.05470107670063,0.08000000000000344,0.08,13,0.013333333333333336,0.011547005383792518,0.9949679543318213,0.0050320456681787196,4.705,272.2985820590984,8.0
Z,terminal_value_shifted,588,-0.03646738446708,0.04558423058386,-0.05470107670063,0.08000000000000344,0.08,13,0.013333333333333336,0.011547005383792518,0.996673056307449,0.003326943692551043,4.705,272.2985820590984,8.0
Z,terminal_value_shifted,589,-0.03646738446708,0.04558423058386,0.05470107670063,0.08000000000000344,0.08,13,0.013333333333333336,0.011547005383792518,0.998822834358682,0.0011771656413179787,4.705,272.2985820590984,8.0
Z,terminal_value_shifted,590,-0.03646738446708,0.05470107670063,-0.04558423058386,0.08000000000000344,0.08,13,0.013333333333333336,0.011547005383792518,0.9959458694698292,0.004054130530170785,4.705,272.2985820590984,8.0
Z,terminal_value_shifted,591,-0.03646738446708,0.05470107670063,0.04558423058386,0.08000000000000344,0.08,13,0.013333333333333336,0.011547005383792518,0.998304434649882,0.0016955653501179446,4.705,272.2985820590984,8.0
Z,terminal_value_shifted,592,-0.03577708764,-0.07155417527999,0.0,0.07999999999999859,0.08,13,0.013333333333333336,0.011547005383792518,0.9926965714637142,0.00730342853628585,4.705,272.2985820590984,8.0
Z,terminal_value_shifted,593,-0.03577708764,0.0,-0.07155417527999,0.07999999999999859,0.08,13,0.013333333333333336,0.011547005383792518,0.9991294216154731,0.0008705783845268655,4.705,272.2985820590984,8.0
Z,terminal_value_shifted,594,-0.03577708764,0.0,0.07155417527999,0.07999999999999859,0.08,13,0.013333333333333336,0.011547005383792518,0.9983986990571798,0.001601300942820183,4.705,272.2985820590984,8.0
Z,terminal_value_shifted,595,-0.03577708764,0.07155417527999,0.0,0.07999999999999859,0.08,13,0.013333333333333336,0.011547005383792518,0.9956347612208343,0.0043652387791657254,4.705,272.2985820590984,8.0
Z,terminal_value_shifted,596,-0.03538606947718,-0.07077213895435,-0.01179535649239,0.08000000000000126,0.08,13,0.013333333333333336,0.011547005383792518,0.9930821086382458,0.006917891361754247,4.705,272.2985820590984,8.0
Z,terminal_value_shifted,597,-0.03538606947718,-0.07077213895435,0.01179535649239,0.08000000000000126,0.08,13,0.013333333333333336,0.011547005383792518,0.9925455394611726,0.007454460538827368,4.705,272.2985820590984,8.0
Z,terminal_value_shifted,598,-0.03538606947718,-0.01179535649239,-0.07077213895435,0.08000000000000126,0.08,13,0.013333333333333336,0.011547005383792518,0.9991185445562908,0.0008814554437092115,4.705,272.2985820590984,8.0
Z,terminal_value_shifted,599,-0.03538606947718,-0.01179535649239,0.07077213895435,0.08000000000000126,0.08,13,0.013333333333333336,0.011547005383792518,0.9977314033620411,0.002268596637958864,4.705,272.2985820590984,8.0
Z,terminal_value_shifted,600,-0.03538606947718,0.01179535649239,-0.07077213895435,0.08000000000000126,0.08,13,0.013333333333333336,0.011547005383792518,0.9988288146889809,0.0011711853110191184,4.705,272.2985820590984,8.0
Z,terminal_value_shifted,601,-0.03538606947718,0.01179535649239,0.07077213895435,0.08000000000000126,0.08,13,0.013333333333333336,0.011547005383792518,0.9988667285437423,0.001133271456257745,4.705,272.2985820590984,8.0
Z,terminal_value_shifted,602,-0.03538606947718,0.07077213895435,-0.01179535649239,0.08000000000000126,0.08,13,0.013333333333333336,0.011547005383792518,0.9952682554322113,0.004731744567788687,4.705,272.2985820590984,8.0
Z,terminal_value_shifted,603,-0.03538606947718,0.07077213895435,0.01179535649239,0.08000000000000126,0.08,13,0.013333333333333336,0.011547005383792518,0.9961605869855469,0.003839413014453119,4.705,272.2985820590984,8.0
Z,terminal_value_shifted,604,-0.03428571428571,-0.06857142857143,-0.02285714285714,0.07999999999999857,0.08,13,0.013333333333333336,0.011547005383792518,0.9936541045635049,0.006345895436495108,4.705,272.2985820590984,8.0
Z,terminal_value_shifted,605,-0.03428571428571,-0.06857142857143,0.02285714285714,0.07999999999999857,0.08,13,0.013333333333333336,0.011547005383792518,0.9926209651050162,0.007379034894983816,4.705,272.2985820590984,8.0
Z,terminal_value_shifted,606,-0.03428571428571,-0.02285714285714,-0.06857142857143,0.07999999999999857,0.08,13,0.013333333333333336,0.011547005383792518,0.9988011947907574,0.0011988052092426482,4.705,272.2985820590984,8.0
Z,terminal_value_shifted,607,-0.03428571428571,-0.02285714285714,0.06857142857143,0.07999999999999857,0.08,13,0.013333333333333336,0.011547005383792518,0.9969383206912795,0.0030616793087204774,4.705,272.2985820590984,8.0
Z,terminal_value_shifted,608,-0.03428571428571,0.02285714285714,-0.06857142857143,0.07999999999999857,0.08,13,0.013333333333333336,0.011547005383792518,0.9982947121104762,0.0017052878895238432,4.705,272.2985820590984,8.0
Z,terminal_value_shifted,609,-0.03428571428571,0.02285714285714,0.06857142857143,0.07999999999999857,0.08,13,0.013333333333333336,0.011547005383792518,0.9991068663408966,0.0008931336591033734,4.705,272.2985820590984,8.0
Z,terminal_value_shifted,610,-0.03428571428571,0.06857142857143,-0.02285714285714,0.07999999999999857,0.08,13,0.013333333333333336,0.011547005383792518,0.9951094132535321,0.004890586746467918,4.705,272.2985820590984,8.0
Z,terminal_value_shifted,611,-0.03428571428571,0.06857142857143,0.02285714285714,0.07999999999999857,0.08,13,0.013333333333333336,0.011547005383792518,0.9967574369263552,0.0032425630736447886,4.705,272.2985820590984,8.0
Z,terminal_value_shifted,612,-0.0341121146169,-0.05116817192535,-0.05116817192535,0.08000000000000547,0.08,13,0.013333333333333336,0.011547005383792518,0.9964516165210083,0.003548383478991668,4.705,272.2985820590984,8.0
Z,terminal_value_shifted,613,-0.0341121146169,-0.05116817192535,0.05116817192535,0.08000000000000547,0.08,13,0.013333333333333336,0.011547005383792518,0.9943641415066694,0.005635858493330592,4.705,272.2985820590984,8.0
Z,terminal_value_shifted,614,-0.0341121146169,0.05116817192535,-0.05116817192535,0.08000000000000547,0.08,13,0.013333333333333336,0.011547005383792518,0.996190439803762,0.0038095601962380155,4.705,272.2985820590984,8.0
Z,terminal_value_shifted,615,-0.0341121146169,0.05116817192535,0.05116817192535,0.08000000000000547,0.08,13,0.013333333333333336,0.011547005383792518,0.998575988878414,0.0014240111215859663,4.705,272.2985820590984,8.0
Z,terminal_value_shifted,616,-0.03394112549695,-0.05656854249492,-0.04525483399594,0.07999999999999603,0.08,13,0.013333333333333336,0.011547005383792518,0.9957258944791029,0.004274105520897131,4.705,272.2985820590984,8.0
Z,terminal_value_shifted,617,-0.03394112549695,-0.05656854249492,0.04525483399594,0.07999999999999603,0.08,13,0.013333333333333336,0.011547005383792518,0.9938027871062423,0.006197212893757742,4.705,272.2985820590984,8.0
Z,terminal_value_shifted,618,-0.03394112549695,-0.04525483399594,-0.05656854249492,0.07999999999999603,0.08,13,0.013333333333333336,0.011547005383792518,0.9971394846776459,0.0028605153223540958,4.705,272.2985820590984,8.0
Z,terminal_value_shifted,619,-0.03394112549695,-0.04525483399594,0.05656854249492,0.07999999999999603,0.08,13,0.013333333333333336,0.011547005383792518,0.9949547166741036,0.005045283325896377,4.705,272.2985820590984,8.0
Z,terminal_value_shifted,620,-0.03394112549695,0.04525483399594,-0.05656854249492,0.07999999999999603,0.08,13,0.013333333333333336,0.011547005383792518,0.9966739481322408,0.00332605186775925,4.705,272.2985820590984,8.0
Z,terminal_value_shifted,621,-0.03394112549695,0.04525483399594,0.05656854249492,0.07999999999999603,0.08,13,0.013333333333333336,0.011547005383792518,0.9988611877721216,0.0011388122278783719,4.705,272.2985820590984,8.0
Z,terminal_value_shifted,622,-0.03394112549695,0.05656854249492,-0.04525483399594,0.07999999999999603,0.08,13,0.013333333333333336,0.011547005383792518,0.9957579604983888,0.004242039501611172,4.705,272.2985820590984,8.0
Z,terminal_value_shifted,623,-0.03394112549695,0.05656854249492,0.04525483399594,0.07999999999999603,0.08,13,0.013333333333333336,0.011547005383792518,0.9982096142231157,0.0017903857768842846,4.705,272.2985820590984,8.0
Z,terminal_value_shifted,624,-0.03265986323711,-0.06531972647422,-0.03265986323711,0.08000000000000235,0.08,13,0.013333333333333336,0.011547005383792518,0.9943286523752923,0.005671347624707668,4.705,272.2985820590984,8.0
Z,terminal_value_shifted,625,-0.03265986323711,-0.06531972647422,0.03265986323711,0.08000000000000235,0.08,13,0.013333333333333336,0.011547005383792518,0.992869286758524,0.007130713241475961,4.705,272.2985820590984,8.0
Z,terminal_value_shifted,626,-0.03265986323711,-0.03265986323711,-0.06531972647422,0.08000000000000236,0.08,13,0.013333333333333336,0.011547005383792518,0.9982565313307212,0.0017434686692787693,4.705,272.2985820590984,8.0
Z,terminal_value_shifted,627,-0.03265986323711,-0.03265986323711,0.06531972647422,0.08000000000000236,0.08,13,0.013333333333333336,0.011547005383792518,0.9961091767736544,0.0038908232263455966,4.705,272.2985820590984,8.0
Z,terminal_value_shifted,628,-0.03265986323711,0.03265986323711,-0.06531972647422,0.08000000000000236,0.08,13,0.013333333333333336,0.011547005383792518,0.9976480622656788,0.0023519377343211856,4.705,272.2985820590984,8.0
Z,terminal_value_shifted,629,-0.03265986323711,0.03265986323711,0.06531972647422,0.08000000000000236,0.08,13,0.013333333333333336,0.011547005383792518,0.9991405568156879,0.0008594431843120809,4.705,272.2985820590984,8.0
Z,terminal_value_shifted,630,-0.03265986323711,0.06531972647422,-0.03265986323711,0.08000000000000235,0.08,13,0.013333333333333336,0.011547005383792518,0.9951495864342224,0.004850413565777645,4.705,272.2985820590984,8.0
Z,terminal_value_shifted,631,-0.03265986323711,0.06531972647422,0.03265986323711,0.08000000000000235,0.08,13,0.013333333333333336,0.011547005383792518,0.9973363675934399,0.0026636324065600903,4.705,272.2985820590984,8.0
Z,terminal_value_shifted,632,-0.0312453386354,-0.05207556439233,-0.05207556439233,0.08000000000000147,0.08,13,0.013333333333333336,0.011547005383792518,0.9963654667205503,0.0036345332794497365,4.705,272.2985820590984,8.0
Z,terminal_value_shifted,633,-0.0312453386354,-0.05207556439233,0.05207556439233,0.08000000000000147,0.08,13,0.013333333333333336,0.011547005383792518,0.9942176968011383,0.005782303198861749,4.705,272.2985820590984,8.0
Z,terminal_value_shifted,634,-0.0312453386354,0.05207556439233,-0.05207556439233,0.08000000000000147,0.08,13,0.013333333333333336,0.011547005383792518,0.9960811133825951,0.003918886617404915,4.705,272.2985820590984,8.0
Z,terminal_value_shifted,635,-0.0312453386354,0.05207556439233,0.05207556439233,0.08000000000000147,0.08,13,0.013333333333333336,0.011547005383792518,0.9985618345848408,0.001438165415159176,4.705,272.2985820590984,8.0
Z,terminal_value_shifted,636,-0.0307288511839,-0.06145770236779,-0.04097180157853,0.08000000000000354,0.08,13,0.013333333333333336,0.011547005383792518,0.9950209307372709,0.004979069262729063,4.705,272.2985820590984,8.0
Z,terminal_value_shifted,637,-0.0307288511839,-0.06145770236779,0.04097180157853,0.08000000000000354,0.08,13,0.013333333333333336,0.011547005383792518,0.9932208408084315,0.006779159191568462,4.705,272.2985820590984,8.0
Z,terminal_value_shifted,638,-0.0307288511839,-0.04097180157853,-0.06145770236779,0.08000000000000354,0.08,13,0.013333333333333336,0.011547005383792518,0.9975920228384979,0.002407977161502095,4.705,272.2985820590984,8.0
Z,terminal_value_shifted,639,-0.0307288511839,-0.04097180157853,0.06145770236779,0.08000000000000354,0.08,13,0.013333333333333336,0.011547005383792518,0.9953190402722338,0.004680959727766165,4.705,272.2985820590984,8.0
Z,terminal_value_shifted,640,-0.0307288511839,0.04097180157853,-0.06145770236779,0.08000000000000354,0.08,13,0.013333333333333336,0.011547005383792518,0.9969988375879927,0.003001162412007319,4.705,272.2985820590984,8.0
Z,terminal_value_shifted,641,-0.0307288511839,0.04097180157853,0.06145770236779,0.08000000000000354,0.08,13,0.013333333333333336,0.011547005383792518,0.9990204668105915,0.0009795331894084658,4.705,272.2985820590984,8.0
Z,terminal_value_shifted,642,-0.0307288511839,0.06145770236779,-0.04097180157853,0.08000000000000354,0.08,13,0.013333333333333336,0.011547005383792518,0.9953390125364379,0.0046609874635621384,4.705,272.2985820590984,8.0
Z,terminal_value_shifted,643,-0.0307288511839,0.06145770236779,0.04097180157853,0.08000000000000354,0.08,13,0.013333333333333336,0.011547005383792518,0.9978383221529558,0.002161677847044241,4.705,272.2985820590984,8.0
Z,terminal_value_shifted,644,-0.02868548662403,-0.05737097324805,-0.04780914437338,0.08000000000000353,0.08,13,0.013333333333333336,0.011547005383792518,0.9956697649392426,0.004330235060757359,4.705,272.2985820590984,8.0
Z,terminal_value_shifted,645,-0.02868548662403,-0.05737097324805,0.04780914437338,0.08000000000000353,0.08,13,0.013333333333333336,0.011547005383792518,0.9936148667594882,0.00638513324051182,4.705,272.2985820590984,8.0
Z,terminal_value_shifted,646,-0.02868548662403,-0.04780914437338,-0.05737097324805,0.08000000000000353,0.08,13,0.013333333333333336,0.011547005383792518,0.9969006678117793,0.0030993321882206715,4.705,272.2985820590984,8.0
Z,terminal_value_shifted,647,-0.02868548662403,-0.04780914437338,0.05737097324805,0.08000000000000353,0.08,13,0.013333333333333336,0.011547005383792518,0.9946133609503187,0.0053866390496812855,4.705,272.2985820590984,8.0
Z,terminal_value_shifted,648,-0.02868548662403,0.04780914437338,-0.05737097324805,0.08000000000000353,0.08,13,0.013333333333333336,0.011547005383792518,0.9964164625463305,0.003583537453669461,4.705,272.2985820590984,8.0
Z,terminal_value_shifted,649,-0.02868548662403,0.04780914437338,0.05737097324805,0.08000000000000353,0.08,13,0.013333333333333336,0.011547005383792518,0.9988053944326059,0.001194605567394147,4.705,272.2985820590984,8.0
Z,terminal_value_shifted,650,-0.02868548662403,0.05737097324805,-0.04780914437338,0.08000000000000353,0.08,13,0.013333333333333336,0.011547005383792518,0.9956163235453345,0.0043836764546655305,4.705,272.2985820590984,8.0
Z,terminal_value_shifted,651,-0.02868548662403,0.05737097324805,0.04780914437338,0.08000000000000353,0.08,13,0.013333333333333336,0.011547005383792518,0.9982401166108403,0.0017598833891596666,4.705,272.2985820590984,8.0
Z,terminal_value_shifted,652,-0.02666666666667,-0.06666666666667,-0.02666666666667,0.07659416862051227,0.08,13,0.013333333333333336,0.011547005383792518,0.9940030423925543,0.005996957607445674,4.705,272.2985820590984,8.0
Z,terminal_value_shifted,653,-0.02666666666667,-0.06666666666667,-0.01333333333333,0.0730296743340258,0.08,13,0.013333333333333336,0.011547005383792518,0.9937142895141098,0.006285710485890217,4.705,272.2985820590984,8.0
Z,terminal_value_shifted,654,-0.02666666666667,-0.06666666666667,0.0,0.07180219742846439,0.08,13,0.013333333333333336,0.011547005383792518,0.9934136340292603,0.006586365970739694,4.705,272.2985820590984,8.0
Z,terminal_value_shifted,655,-0.02666666666667,-0.06666666666667,0.01333333333333,0.0730296743340258,0.08,13,0.013333333333333336,0.011547005383792518,0.9931043033067639,0.006895696693236086,4.705,272.2985820590984,8.0
Z,terminal_value_shifted,656,-0.02666666666667,-0.06666666666667,0.02666666666667,0.07659416862051227,0.08,13,0.013333333333333336,0.011547005383792518,0.9927898680973544,0.007210131902645633,4.705,272.2985820590984,8.0
Z,terminal_value_shifted,657,-0.02666666666667,-0.05333333333333,-0.05333333333333,0.07999999999999667,0.08,13,0.013333333333333336,0.011547005383792518,0.9962430894191894,0.003756910580810624,4.705,272.2985820590984,8.0
Z,terminal_value_shifted,658,-0.02666666666667,-0.05333333333333,-0.04,0.07180219742845882,0.08,13,0.013333333333333336,0.011547005383792518,0.9960100531534177,0.003989946846582271,4.705,272.2985820590984,8.0
Z,terminal_value_shifted,659,-0.02666666666667,-0.05333333333333,-0.02666666666667,0.06531972647421809,0.08,13,0.013333333333333336,0.011547005383792518,0.995759078789064,0.0042409212109359995,4.705,272.2985820590984,8.0
Z,terminal_value_shifted,660,-0.02666666666667,-0.05333333333333,-0.01333333333333,0.06110100926607569,0.08,13,0.013333333333333336,0.011547005383792518,0.9954920605061311,0.004507939493868851,4.705,272.2985820590984,8.0
Z,terminal_value_shifted,661,-0.02666666666667,-0.05333333333333,0.0,0.059628479399992905,0.08,13,0.013333333333333336,0.011547005383792518,0.9952112709172424,0.004788729082757626,4.705,272.2985820590984,8.0
Z,terminal_value_shifted,662,-0.02666666666667,-0.05333333333333,0.01333333333333,0.06110100926607569,0.08,13,0.013333333333333336,0.011547005383792518,0.9949193767279648,0.0050806232720351785,4.705,272.2985820590984,8.0
Z,terminal_value_shifted,663,-0.02666666666667,-0.05333333333333,0.02666666666667,0.06531972647421809,0.08,13,0.013333333333333336,0.011547005383792518,0.9946194443445895,0.005380555655410513,4.705,272.2985820590984,8.0
Z,terminal_value_shifted,664,-0.02666666666667,-0.05333333333333,0.04,0.07180219742845882,0.08,13,0.013333333333333336,0.011547005383792518,0.9943149353010408,0.005685064698959241,4.705,272.2985820590984,8.0
Z,terminal_value_shifted,665,-0.02666666666667,-0.05333333333333,0.05333333333333,0.07999999999999667,0.08,13,0.013333333333333336,0.011547005383792518,0.9940096913972463,0.0059903086027537356,4.705,272.2985820590984,8.0
Z,terminal_value_shifted,666,-0.02666666666667,-0.04,-0.05333333333333,0.07180219742845882,0.08,13,0.013333333333333336,0.011547005383792518,0.9975642128959197,0.0024357871040803225,4.705,272.2985820590984,8.0
Z,terminal_value_shifted,667,-0.02666666666667,-0.04,-0.04,0.06253887679764715,0.08,13,0.013333333333333336,0.011547005383792518,0.997369304493418,0.002630695506582015,4.705,272.2985820590984,8.0
Z,terminal_value_shifted,668,-0.02666666666667,-0.04,-0.02666666666667,0.054974741674905375,0.08,13,0.013333333333333336,0.011547005383792518,0.997155805852453,0.0028441941475469967,4.705,272.2985820590984,8.0
Z,terminal_value_shifted,669,-0.02666666666667,-0.04,-0.01333333333333,0.04988876515698678,0.08,13,0.013333333333333336,0.011547005383792518,0.9969249188296601,0.003075081170339944,4.705,272.2985820590984,8.0
Z,terminal_value_shifted,670,-0.02666666666667,-0.04,0.0,0.04807401700618837,0.08,13,0.013333333333333336,0.011547005383792518,0.9966782766888197,0.0033217233111803024,4.705,272.2985820590984,8.0
Z,terminal_value_shifted,671,-0.02666666666667,-0.04,0.01333333333333,0.04988876515698678,0.08,13,0.013333333333333336,0.011547005383792518,0.9964179602673817,0.0035820397326182807,4.705,272.2985820590984,8.0
Z,terminal_value_shifted,672,-0.02666666666667,-0.04,0.02666666666667,0.054974741674905375,0.08,13,0.013333333333333336,0.011547005383792518,0.9961465037972389,0.0038534962027610975,4.705,272.2985820590984,8.0
Z,terminal_value_shifted,673,-0.02666666666667,-0.04,0.04,0.06253887679764715,0.08,13,0.013333333333333336,0.011547005383792518,0.995866890252892,0.00413310974710801,4.705,272.2985820590984,8.0
Z,terminal_value_shifted,674,-0.02666666666667,-0.04,0.05333333333333,0.07180219742845882,0.08,13,0.013333333333333336,0.011547005383792518,0.9955825361217496,0.004417463878250372,4.705,272.2985820590984,8.0
Z,terminal_value_shifted,675,-0.02666666666667,-0.02666666666667,-0.06666666666667,0.07659416862051227,0.08,13,0.013333333333333336,0.011547005383792518,0.9986185436899251,0.0013814563100749133,4.705,272.2985820590984,8.0
Z,terminal_value_shifted,676,-0.02666666666667,-0.02666666666667,-0.05333333333333,0.06531972647421809,0.08,13,0.013333333333333336,0.011547005383792518,0.9984951108410245,0.0015048891589755087,4.705,272.2985820590984,8.0
Z,terminal_value_shifted,677,-0.02666666666667,-0.02666666666667,-0.04,0.054974741674905375,0.08,13,0.013333333333333336,0.011547005383792518,0.9983523629899953,0.0016476370100046989,4.705,272.2985820590984,8.0
Z,terminal_value_shifted,678,-0.02666666666667,-0.02666666666667,-0.02666666666667,0.04618802153517583,0.08,13,0.013333333333333336,0.011547005383792518,0.9981903368378355,0.0018096631621644654,4.705,272.2985820590984,8.0
Z,terminal_value_shifted,679,-0.02666666666667,-0.02666666666667,-0.01333333333333,0.04000000000000333,0.08,13,0.013333333333333336,0.011547005383792518,0.998009522312895,0.00199047768710503,4.705,272.2985820590984,8.0
Z,terminal_value_shifted,680,-0.02666666666667,-0.02666666666667,0.0,0.037712361663287244,0.08,13,0.013333333333333336,0.011547005383792518,0.9978108900914443,0.0021891099085556975,4.705,272.2985820590984,8.0
Z,terminal_value_shifted,681,-0.02666666666667,-0.02666666666667,0.01333333333333,0.04000000000000333,0.08,13,0.013333333333333336,0.011547005383792518,0.9975959086516508,0.00240409134834918,4.705,272.2985820590984,8.0
Z,terminal_value_shifted,682,-0.02666666666667,-0.02666666666667,0.02666666666667,0.04618802153517583,0.08,13,0.013333333333333336,0.011547005383792518,0.9973665507062615,0.0026334492937385434,4.705,272.2985820590984,8.0
Z,terminal_value_shifted,683,-0.02666666666667,-0.02666666666667,0.04,0.054974741674905375,0.08,13,0.013333333333333336,0.011547005383792518,0.9971252888833421,0.0028747111166579353,4.705,272.2985820590984,8.0
Z,terminal_value_shifted,684,-0.02666666666667,-0.02666666666667,0.05333333333333,0.06531972647421809,0.08,13,0.013333333333333336,0.011547005383792518,0.9968750805472597,0.0031249194527402935,4.705,272.2985820590984,8.0
Z,terminal_value_shifted,685,-0.02666666666667,-0.02666666666667,0.06666666666667,0.07659416862051227,0.08,13,0.013333333333333336,0.011547005383792518,0.9966193416748997,0.003380658325100261,4.705,272.2985820590984,8.0
Z,terminal_value_shifted,686,-0.02666666666667,-0.01333333333333,-0.06666666666667,0.0730296743340258,0.08,13,0.013333333333333336,0.011547005383792518,0.9990930405389753,0.0009069594610247034,4.705,272.2985820590984,8.0
Z,terminal_value_shifted,687,-0.02666666666667,-0.01333333333333,-0.05333333333333,0.06110100926607569,0.08,13,0.013333333333333336,0.011547005383792518,0.9990351368793997,0.00096486312060029,4.705,272.2985820590984,8.0
Z,terminal_value_shifted,688,-0.02666666666667,-0.01333333333333,-0.04,0.04988876515698678,0.08,13,0.013333333333333336,0.011547005383792518,0.9989580023711336,0.0010419976288663646,4.705,272.2985820590984,8.0
Z,terminal_value_shifted,689,-0.02666666666667,-0.01333333333333,-0.02666666666667,0.04000000000000333,0.08,13,0.013333333333333336,0.011547005383792518,0.9988608981439437,0.0011391018560562571,4.705,272.2985820590984,8.0
Z,terminal_value_shifted,690,-0.02666666666667,-0.01333333333333,-0.01333333333333,0.032659863237109045,0.08,13,0.013333333333333336,0.011547005383792518,0.998743582442178,0.0012564175578220205,4.705,272.2985820590984,8.0
Z,terminal_value_shifted,691,-0.02666666666667,-0.01333333333333,0.0,0.029814239699998687,0.08,13,0.013333333333333336,0.011547005383792518,0.9986063396862171,0.0013936603137828518,4.705,272.2985820590984,8.0
Z,terminal_value_shifted,692,-0.02666666666667,-0.01333333333333,0.01333333333333,0.032659863237109045,0.08,13,0.013333333333333336,0.011547005383792518,0.9984499988207669,0.0015500011792330959,4.705,272.2985820590984,8.0
Z,terminal_value_shifted,693,-0.02666666666667,-0.01333333333333,0.02666666666667,0.04000000000000333,0.08,13,0.013333333333333336,0.011547005383792518,0.9982759407849882,0.0017240592150118417,4.705,272.2985820590984,8.0
Z,terminal_value_shifted,694,-0.02666666666667,-0.01333333333333,0.04,0.04988876515698678,0.08,13,0.013333333333333336,0.011547005383792518,0.9980860949645877,0.0019139050354123333,4.705,272.2985820590984,8.0
Z,terminal_value_shifted,695,-0.02666666666667,-0.01333333333333,0.05333333333333,0.06110100926607569,0.08,13,0.013333333333333336,0.011547005383792518,0.9978829245103144,0.002117075489685649,4.705,272.2985820590984,8.0
Z,terminal_value_shifted,696,-0.02666666666667,-0.01333333333333,0.06666666666667,0.0730296743340258,0.08,13,0.013333333333333336,0.011547005383792518,0.997669400432011,0.002330599567988978,4.705,272.2985820590984,8.0
Z,terminal_value_shifted,697,-0.02666666666667,0.0,-0.06666666666667,0.07180219742846439,0.08,13,0.013333333333333336,0.011547005383792518,0.9991644460292175,0.0008355539707824988,4.705,272.2985820590984,8.0
Z,terminal_value_shifted,698,-0.02666666666667,0.0,-0.05333333333333,0.059628479399992905,0.08,13,0.013333333333333336,0.011547005383792518,0.9991848604401581,0.0008151395598419153,4.705,272.2985820590984,8.0
Z,terminal_value_shifted,699,-0.02666666666667,0.0,-0.04,0.04807401700618837,0.08,13,0.013333333333333336,0.011547005383792518,0.9991861657907106,0.0008138342092893769,4.705,272.2985820590984,8.0
Z,terminal_value_shifted,700,-0.02666666666667,0.0,-0.02666666666667,0.037712361663287244,0.08,13,0.013333333333333336,0.011547005383792518,0.9991668329419617,0.0008331670580382644,4.705,272.2985820590984,8.0
Z,terminal_value_shifted,701,-0.02666666666667,0.0,-0.01333333333333,0.029814239699998687,0.08,13,0.013333333333333336,0.011547005383792518,0.9991258691846839,0.0008741308153160654,4.705,272.2985820590984,8.0
Z,terminal_value_shifted,702,-0.02666666666667,0.0,0.0,0.02666666666667,0.08,13,0.013333333333333336,0.011547005383792518,0.9990628492401659,0.0009371507598341378,4.705,272.2985820590984,8.0
Z,terminal_value_shifted,703,-0.02666666666667,0.0,0.01333333333333,0.029814239699998687,0.08,13,0.013333333333333336,0.011547005383792518,0.9989779353273246,0.0010220646726754046,4.705,272.2985820590984,8.0
Z,terminal_value_shifted,704,-0.02666666666667,0.0,0.02666666666667,0.037712361663287244,0.08,13,0.013333333333333336,0.011547005383792518,0.9988718861150273,0.0011281138849726924,4.705,272.2985820590984,8.0
Z,terminal_value_shifted,705,-0.02666666666667,0.0,0.04,0.04807401700618837,0.08,13,0.013333333333333336,0.011547005383792518,0.9987460544049284,0.0012539455950716372,4.705,272.2985820590984,8.0
Z,terminal_value_shifted,706,-0.02666666666667,0.0,0.05333333333333,0.059628479399992905,0.08,13,0.013333333333333336,0.011547005383792518,0.9986023734161902,0.001397626583809819,4.705,272.2985820590984,8.0
Z,terminal_value_shifted,707,-0.02666666666667,0.0,0.06666666666667,0.07180219742846439,0.08,13,0.013333333333333336,0.011547005383792518,0.9984433315702776,0.001556668429722352,4.705,272.2985820590984,8.0
Z,terminal_value_shifted,708,-0.02666666666667,0.01333333333333,-0.06666666666667,0.0730296743340258,0.08,13,0.013333333333333336,0.011547005383792518,0.998835174044861,0.0011648259551390039,4.705,272.2985820590984,8.0
Z,terminal_value_shifted,709,-0.02666666666667,0.01333333333333,-0.05333333333333,0.06110100926607569,0.08,13,0.013333333333333336,0.011547005383792518,0.9989460095738932,0.0010539904261067656,4.705,272.2985820590984,8.0
Z,terminal_value_shifted,710,-0.02666666666667,0.01333333333333,-0.04,0.04988876515698678,0.08,13,0.013333333333333336,0.011547005383792518,0.9990379134373993,0.0009620865626006614,4.705,272.2985820590984,8.0
Z,terminal_value_shifted,711,-0.02666666666667,0.01333333333333,-0.02666666666667,0.04000000000000333,0.08,13,0.013333333333333336,0.011547005383792518,0.9991085529382152,0.0008914470617847892,4.705,272.2985820590984,8.0
Z,terminal_value_shifted,712,-0.02666666666667,0.01333333333333,-0.01333333333333,0.032659863237109045,0.08,13,0.013333333333333336,0.011547005383792518,0.9991561663045501,0.0008438336954499359,4.705,272.2985820590984,8.0
Z,terminal_value_shifted,713,-0.02666666666667,0.01333333333333,0.0,0.029814239699998687,0.08,13,0.013333333333333336,0.011547005383792518,0.9991795960357504,0.0008204039642496497,4.705,272.2985820590984,8.0
Z,terminal_value_shifted,714,-0.02666666666667,0.01333333333333,0.01333333333333,0.032659863237109045,0.08,13,0.013333333333333336,0.011547005383792518,0.9991783111219341,0.0008216888780658849,4.705,272.2985820590984,8.0
Z,terminal_value_shifted,715,-0.02666666666667,0.01333333333333,0.02666666666667,0.04000000000000333,0.08,13,0.013333333333333336,0.011547005383792518,0.9991524179345428,0.0008475820654572086,4.705,272.2985820590984,8.0
Z,terminal_value_shifted,716,-0.02666666666667,0.01333333333333,0.04,0.04988876515698678,0.08,13,0.013333333333333336,0.011547005383792518,0.9991026596126227,0.0008973403873773211,4.705,272.2985820590984,8.0
Z,terminal_value_shifted,717,-0.02666666666667,0.01333333333333,0.05333333333333,0.06110100926607569,0.08,13,0.013333333333333336,0.011547005383792518,0.999030403797625,0.0009695962023750226,4.705,272.2985820590984,8.0
Z,terminal_value_shifted,718,-0.02666666666667,0.01333333333333,0.06666666666667,0.0730296743340258,0.08,13,0.013333333333333336,0.011547005383792518,0.9989376185987221,0.001062381401277901,4.705,272.2985820590984,8.0
Z,terminal_value_shifted,719,-0.02666666666667,0.02666666666667,-0.06666666666667,0.07659416862051227,0.08,13,0.013333333333333336,0.011547005383792518,0.9981087065608465,0.0018912934391535074,4.705,272.2985820590984,8.0
Z,terminal_value_shifted,720,-0.02666666666667,0.02666666666667,-0.05333333333333,0.06531972647421809,0.08,13,0.013333333333333336,0.011547005383792518,0.9983213539869945,0.0016786460130054914,4.705,272.2985820590984,8.0
Z,terminal_value_shifted,721,-0.02666666666667,0.02666666666667,-0.04,0.054974741674905375,0.08,13,0.013333333333333336,0.011547005383792518,0.9985153126356768,0.0014846873643231673,4.705,272.2985820590984,8.0
Z,terminal_value_shifted,722,-0.02666666666667,0.02666666666667,-0.02666666666667,0.04618802153517583,0.08,13,0.013333333333333336,0.011547005383792518,0.9986874350250257,0.0013125649749743395,4.705,272.2985820590984,8.0
Z,terminal_value_shifted,723,-0.02666666666667,0.02666666666667,-0.01333333333333,0.04000000000000333,0.08,13,0.013333333333333336,0.011547005383792518,0.9988351740612438,0.0011648259387562199,4.705,272.2985820590984,8.0
Z,terminal_value_shifted,724,-0.02666666666667,0.02666666666667,0.0,0.037712361663287244,0.08,13,0.013333333333333336,0.011547005383792518,0.998956619132679,0.001043380867321031,4.705,272.2985820590984,8.0
Z,terminal_value_shifted,725,-0.02666666666667,0.02666666666667,0.01333333333333,0.04000000000000333,0.08,13,0.013333333333333336,0.011547005383792518,0.999050520916081,0.0009494790839189582,4.705,272.2985820590984,8.0
Z,terminal_value_shifted,726,-0.02666666666667,0.02666666666667,0.02666666666667,0.04618802153517583,0.08,13,0.013333333333333336,0.011547005383792518,0.9991163046644198,0.0008836953355801924,4.705,272.2985820590984,8.0
Z,terminal_value_shifted,727,-0.02666666666667,0.02666666666667,0.04,0.054974741674905375,0.08,13,0.013333333333333336,0.011547005383792518,0.9991540717748669,0.0008459282251330746,4.705,272.2985820590984,8.0
Z,terminal_value_shifted,728,-0.02666666666667,0.02666666666667,0.05333333333333,0.06531972647421809,0.08,13,0.013333333333333336,0.011547005383792518,0.999164589465569,0.0008354105344310359,4.705,272.2985820590984,8.0
Z,terminal_value_shifted,729,-0.02666666666667,0.02666666666667,0.06666666666667,0.07659416862051227,0.08,13,0.013333333333333336,0.011547005383792518,0.999149268421605,0.000850731578394992,4.705,272.2985820590984,8.0
Z,terminal_value_shifted,730,-0.02666666666667,0.04,-0.05333333333333,0.07180219742845882,0.08,13,0.013333333333333336,0.011547005383792518,0.9973145274970909,0.00268547250290907,4.705,272.2985820590984,8.0
Z,terminal_value_shifted,731,-0.02666666666667,0.04,-0.04,0.06253887679764715,0.08,13,0.013333333333333336,0.011547005383792518,0.9976212696185762,0.002378730381423777,4.705,272.2985820590984,8.0
Z,terminal_value_shifted,732,-0.02666666666667,0.04,-0.02666666666667,0.054974741674905375,0.08,13,0.013333333333333336,0.011547005383792518,0.9979056619911431,0.002094338008856944,4.705,272.2985820590984,8.0
Z,terminal_value_shifted,733,-0.02666666666667,0.04,-0.01333333333333,0.04988876515698678,0.08,13,0.013333333333333336,0.011547005383792518,0.9981643584682367,0.001835641531763299,4.705,272.2985820590984,8.0
Z,terminal_value_shifted,734,-0.02666666666667,0.04,0.0,0.04807401700618837,0.08,13,0.013333333333333336,0.011547005383792518,0.9983946767802544,0.0016053232197456024,4.705,272.2985820590984,8.0
Z,terminal_value_shifted,735,-0.02666666666667,0.04,0.01333333333333,0.04988876515698678,0.08,13,0.013333333333333336,0.011547005383792518,0.9985946263529001,0.0014053736470999167,4.705,272.2985820590984,8.0
Z,terminal_value_shifted,736,-0.02666666666667,0.04,0.02666666666667,0.054974741674905375,0.08,13,0.013333333333333336,0.011547005383792518,0.9987629244457302,0.0012370755542697731,4.705,272.2985820590984,8.0
Z,terminal_value_shifted,737,-0.02666666666667,0.04,0.04,0.06253887679764715,0.08,13,0.013333333333333336,0.011547005383792518,0.9988990003775973,0.0011009996224027319,4.705,272.2985820590984,8.0
Z,terminal_value_shifted,738,-0.02666666666667,0.04,0.05333333333333,0.07180219742845882,0.08,13,0.013333333333333336,0.011547005383792518,0.9990029876378455,0.000997012362154548,4.705,272.2985820590984,8.0
Z,terminal_value_shifted,739,-0.02666666666667,0.05333333333333,-0.05333333333333,0.07999999999999667,0.08,13,0.013333333333333336,0.011547005383792518,0.9959297919874647,0.004070208012535326,4.705,272.2985820590984,8.0
Z,terminal_value_shifted,740,-0.02666666666667,0.05333333333333,-0.04,0.07180219742845882,0.08,13,0.013333333333333336,0.011547005383792518,0.9963593048882149,0.0036406951117851083,4.705,272.2985820590984,8.0
Z,terminal_value_shifted,741,-0.02666666666667,0.05333333333333,-0.02666666666667,0.06531972647421809,0.08,13,0.013333333333333336,0.011547005383792518,0.9967660090624839,0.0032339909375160847,4.705,272.2985820590984,8.0
Z,terminal_value_shifted,742,-0.02666666666667,0.05333333333333,-0.01333333333333,0.06110100926607569,0.08,13,0.013333333333333336,0.011547005383792518,0.9971457487532059,0.0028542512467940595,4.705,272.2985820590984,8.0
Z,terminal_value_shifted,743,-0.02666666666667,0.05333333333333,0.0,0.059628479399992905,0.08,13,0.013333333333333336,0.011547005383792518,0.9974950545069949,0.002504945493005062,4.705,272.2985820590984,8.0
Z,terminal_value_shifted,744,-0.02666666666667,0.05333333333333,0.01333333333333,0.06110100926607569,0.08,13,0.013333333333333336,0.011547005383792518,0.997811174412327,0.002188825587672971,4.705,272.2985820590984,8.0
Z,terminal_value_shifted,745,-0.02666666666667,0.05333333333333,0.02666666666667,0.06531972647421809,0.08,13,0.013333333333333336,0.011547005383792518,0.9980920935279797,0.0019079064720203265,4.705,272.2985820590984,8.0
Z,terminal_value_shifted,746,-0.02666666666667,0.05333333333333,0.04,0.07180219742845882,0.08,13,0.013333333333333336,0.011547005383792518,0.998336541230952,0.001663458769048054,4.705,272.2985820590984,8.0
Z,terminal_value_shifted,747,-0.02666666666667,0.05333333333333,0.05333333333333,0.07999999999999667,0.08,13,0.013333333333333336,0.011547005383792518,0.9985439862472927,0.0014560137527073191,4.705,272.2985820590984,8.0
Z,terminal_value_shifted,748,-0.02666666666667,0.06666666666667,-0.02666666666667,0.07659416862051227,0.08,13,0.013333333333333336,0.011547005383792518,0.9952715807204444,0.004728419279555585,4.705,272.2985820590984,8.0
Z,terminal_value_shifted,749,-0.02666666666667,0.06666666666667,-0.01333333333333,0.0730296743340258,0.08,13,0.013333333333333336,0.011547005383792518,0.9957816871993646,0.004218312800635449,4.705,272.2985820590984,8.0
Z,terminal_value_shifted,750,-0.02666666666667,0.06666666666667,0.0,0.07180219742846439,0.08,13,0.013333333333333336,0.011547005383792518,0.9962593278156616,0.0037406721843383783,4.705,272.2985820590984,8.0
Z,terminal_value_shifted,751,-0.02666666666667,0.06666666666667,0.01333333333333,0.0730296743340258,0.08,13,0.013333333333333336,0.011547005383792518,0.9967009727432482,0.0032990272567517964,4.705,272.2985820590984,8.0
Z,terminal_value_shifted,752,-0.02666666666667,0.06666666666667,0.02666666666667,0.07659416862051227,0.08,13,0.013333333333333336,0.011547005383792518,0.9971038539808571,0.002896146019142898,4.705,272.2985820590984,8.0
Z,terminal_value_shifted,753,-0.02595542738092,-0.06488856845231,-0.03893314107138,0.08000000000000193,0.08,13,0.013333333333333336,0.011547005383792518,0.9945077399936766,0.005492260006323413,4.705,272.2985820590984,8.0
Z,terminal_value_shifted,754,-0.02595542738092,-0.06488856845231,0.03893314107138,0.08000000000000193,0.08,13,0.013333333333333336,0.011547005383792518,0.992758599531367,0.007241400468632975,4.705,272.2985820590984,8.0
Z,terminal_value_shifted,755,-0.02595542738092,-0.03893314107138,-0.06488856845231,0.08000000000000193,0.08,13,0.013333333333333336,0.011547005383792518,0.9978032806329405,0.002196719367059452,4.705,272.2985820590984,8.0
Z,terminal_value_shifted,756,-0.02595542738092,-0.03893314107138,0.06488856845231,0.08000000000000193,0.08,13,0.013333333333333336,0.011547005383792518,0.9954477611479103,0.004552238852089663,4.705,272.2985820590984,8.0
Z,terminal_value_shifted,757,-0.02595542738092,0.03893314107138,-0.06488856845231,0.08000000000000193,0.08,13,0.013333333333333336,0.011547005383792518,0.9971406317437773,0.002859368256222683,4.705,272.2985820590984,8.0
Z,terminal_value_shifted,758,-0.02595542738092,0.03893314107138,0.06488856845231,0.08000000000000193,0.08,13,0.013333333333333336,0.011547005383792518,0.9990867834275334,0.0009132165724665686,4.705,272.2985820590984,8.0
Z,terminal_value_shifted,759,-0.02595542738092,0.06488856845231,-0.03893314107138,0.08000000000000193,0.08,13,0.013333333333333336,0.011547005383792518,0.9950201240623833,0.004979875937616729,4.705,272.2985820590984,8.0
Z,terminal_value_shifted,760,-0.02595542738092,0.06488856845231,0.03893314107138,0.08000000000000193,0.08,13,0.013333333333333336,0.011547005383792518,0.9975785544029141,0.002421445597085903,4.705,272.2985820590984,8.0
Z,terminal_value_shifted,761,-0.02529822128135,-0.07589466384404,0.0,0.07999999999999989,0.08,13,0.013333333333333336,0.011547005383792518,0.9919749509516754,0.008025049048324573,4.705,272.2985820590984,8.0
Z,terminal_value_shifted,762,-0.02529822128135,0.0,-0.07589466384404,0.07999999999999989,0.08,13,0.013333333333333336,0.011547005383792518,0.9991433969285118,0.0008566030714881601,4.705,272.2985820590984,8.0
Z,terminal_value_shifted,763,-0.02529822128135,0.0,0.07589466384404,0.07999999999999989,0.08,13,0.013333333333333336,0.011547005383792518,0.9983229935349472,0.001677006465052755,4.705,272.2985820590984,8.0
Z,terminal_value_shifted,764,-0.02529822128135,0.07589466384404,0.0,0.07999999999999989,0.08,13,0.013333333333333336,0.011547005383792518,0.9952216566259198,0.0047783433740802295,4.705,272.2985820590984,8.0
Z,terminal_value_shifted,765,-0.02498780190218,-0.07496340570653,-0.01249390095109,0.08000000000000033,0.08,13,0.013333333333333336,0.011547005383792518,0.9924135595993604,0.007586440400639605,4.705,272.2985820590984,8.0
Z,terminal_value_shifted,766,-0.02498780190218,-0.07496340570653,0.01249390095109,0.08000000000000033,0.08,13,0.013333333333333336,0.011547005383792518,0.991832207612064,0.008167792387935968,4.705,272.2985820590984,8.0
Z,terminal_value_shifted,767,-0.02498780190218,-0.01249390095109,-0.07496340570653,0.08000000000000033,0.08,13,0.013333333333333336,0.011547005383792518,0.999135967939607,0.000864032060392983,4.705,272.2985820590984,8.0
Z,terminal_value_shifted,768,-0.02498780190218,-0.01249390095109,0.07496340570653,0.08000000000000033,0.08,13,0.013333333333333336,0.011547005383792518,0.9975864728132502,0.0024135271867498087,4.705,272.2985820590984,8.0
Z,terminal_value_shifted,769,-0.02498780190218,0.01249390095109,-0.07496340570653,0.08000000000000033,0.08,13,0.013333333333333336,0.011547005383792518,0.9987997313098271,0.0012002686901728676,4.705,272.2985820590984,8.0
Z,terminal_value_shifted,770,-0.02498780190218,0.01249390095109,0.07496340570653,0.08000000000000033,0.08,13,0.013333333333333336,0.011547005383792518,0.9988435882354383,0.0011564117645617156,4.705,272.2985820590984,8.0
Z,terminal_value_shifted,771,-0.02498780190218,0.07496340570653,-0.01249390095109,0.08000000000000033,0.08,13,0.013333333333333336,0.011547005383792518,0.994812986287358,0.0051870137126419635,4.705,272.2985820590984,8.0
Z,terminal_value_shifted,772,-0.02498780190218,0.07496340570653,0.01249390095109,0.08000000000000033,0.08,13,0.013333333333333336,0.011547005383792518,0.9958293795778453,0.004170620422154658,4.705,272.2985820590984,8.0
Z,terminal_value_shifted,773,-0.02412090756622,-0.07236272269866,-0.02412090756622,0.07999999999999638,0.08,13,0.013333333333333336,0.011547005383792518,0.9930852755392726,0.006914724460727384,4.705,272.2985820590984,8.0
Z,terminal_value_shifted,774,-0.02412090756622,-0.07236272269866,0.02412090756622,0.07999999999999638,0.08,13,0.013333333333333336,0.011547005383792518,0.9919692735329123,0.00803072646708769,4.705,272.2985820590984,8.0
Z,terminal_value_shifted,775,-0.02412090756622,-0.02412090756622,-0.07236272269866,0.07999999999999638,0.08,13,0.013333333333333336,0.011547005383792518,0.9987845703837954,0.0012154296162045775,4.705,272.2985820590984,8.0
Z,terminal_value_shifted,776,-0.02412090756622,-0.02412090756622,0.07236272269866,0.07999999999999638,0.08,13,0.013333333333333336,0.011547005383792518,0.9967245306545729,0.0032754693454271067,4.705,272.2985820590984,8.0
Z,terminal_value_shifted,777,-0.02412090756622,0.02412090756622,-0.07236272269866,0.07999999999999638,0.08,13,0.013333333333333336,0.011547005383792518,0.9982021041670401,0.0017978958329598616,4.705,272.2985820590984,8.0
Z,terminal_value_shifted,778,-0.02412090756622,0.02412090756622,0.07236272269866,0.07999999999999638,0.08,13,0.013333333333333336,0.011547005383792518,0.9991112547890546,0.0008887452109453964,4.705,272.2985820590984,8.0
Z,terminal_value_shifted,779,-0.02412090756622,0.07236272269866,-0.02412090756622,0.07999999999999638,0.08,13,0.013333333333333336,0.011547005383792518,0.9946620984456256,0.0053379015543744135,4.705,272.2985820590984,8.0
Z,terminal_value_shifted,780,-0.02412090756622,0.07236272269866,0.02412090756622,0.07999999999999638,0.08,13,0.013333333333333336,0.011547005383792518,0.996522206298738,0.0034777937012619997,4.705,272.2985820590984,8.0
Z,terminal_value_shifted,781,-0.02385139176,-0.05962847939999,-0.04770278352,0.08000000000000007,0.08,13,0.013333333333333336,0.011547005383792518,0.9953806200939692,0.004619379906030785,4.705,272.2985820590984,8.0
Z,terminal_value_shifted,782,-0.02385139176,-0.05962847939999,0.04770278352,0.08000000000000007,0.08,13,0.013333333333333336,0.011547005383792518,0.9932903078106962,0.00670969218930384,4.705,272.2985820590984,8.0
Z,terminal_value_shifted,783,-0.02385139176,-0.04770278352,-0.05962847939999,0.08000000000000007,0.08,13,0.013333333333333336,0.011547005383792518,0.9969444977599219,0.0030555022400781118,4.705,272.2985820590984,8.0
Z,terminal_value_shifted,784,-0.02385139176,-0.04770278352,0.05962847939999,0.08000000000000007,0.08,13,0.013333333333333336,0.011547005383792518,0.994555521948212,0.005444478051788049,4.705,272.2985820590984,8.0
Z,terminal_value_shifted,785,-0.02385139176,0.04770278352,-0.05962847939999,0.08000000000000007,0.08,13,0.013333333333333336,0.011547005383792518,0.996395811467568,0.003604188532432051,4.705,272.2985820590984,8.0
Z,terminal_value_shifted,786,-0.02385139176,0.04770278352,0.05962847939999,0.08000000000000007,0.08,13,0.013333333333333336,0.011547005383792518,0.9988488012786331,0.0011511987213669306,4.705,272.2985820590984,8.0
Z,terminal_value_shifted,787,-0.02385139176,0.05962847939999,-0.04770278352,0.08000000000000007,0.08,13,0.013333333333333336,0.011547005383792518,0.9953797054199777,0.004620294580022333,4.705,272.2985820590984,8.0
Z,terminal_value_shifted,788,-0.02385139176,0.05962847939999,0.04770278352,0.08000000000000007,0.08,13,0.013333333333333336,0.011547005383792518,0.9981344526595869,0.0018655473404131095,4.705,272.2985820590984,8.0
Z,terminal_value_shifted,789,-0.02285714285714,-0.06857142857143,-0.03428571428571,0.07999999999999857,0.08,13,0.013333333333333336,0.011547005383792518,0.9938782562059594,0.006121743794040624,4.705,272.2985820590984,8.0
Z,terminal_value_shifted,790,-0.02285714285714,-0.06857142857143,0.03428571428571,0.07999999999999857,0.08,13,0.013333333333333336,0.011547005383792518,0.992309244841799,0.007690755158200946,4.705,272.2985820590984,8.0
Z,terminal_value_shifted,791,-0.02285714285714,-0.03428571428571,-0.06857142857143,0.07999999999999857,0.08,13,0.013333333333333336,0.011547005383792518,0.9981878056660527,0.0018121943339473034,4.705,272.2985820590984,8.0
Z,terminal_value_shifted,792,-0.02285714285714,-0.03428571428571,0.06857142857143,0.07999999999999857,0.08,13,0.013333333333333336,0.011547005383792518,0.9958425567773761,0.004157443222623902,4.705,272.2985820590984,8.0
Z,terminal_value_shifted,793,-0.02285714285714,0.03428571428571,-0.06857142857143,0.07999999999999857,0.08,13,0.013333333333333336,0.011547005383792518,0.9974970145855437,0.00250298541445626,4.705,272.2985820590984,8.0
Z,terminal_value_shifted,794,-0.02285714285714,0.03428571428571,0.06857142857143,0.07999999999999857,0.08,13,0.013333333333333336,0.011547005383792518,0.9991506194978148,0.000849380502185193,4.705,272.2985820590984,8.0
Z,terminal_value_shifted,795,-0.02285714285714,0.06857142857143,-0.03428571428571,0.07999999999999857,0.08,13,0.013333333333333336,0.011547005383792518,0.9947502089337794,0.005249791066220588,4.705,272.2985820590984,8.0
Z,terminal_value_shifted,796,-0.02285714285714,0.06857142857143,0.03428571428571,0.07999999999999857,0.08,13,0.013333333333333336,0.011547005383792518,0.997187030493911,0.0028129695060890025,4.705,272.2985820590984,8.0
Z,terminal_value_shifted,797,-0.02177324215807,-0.05443310539518,-0.05443310539518,0.0799999999999969,0.08,13,0.013333333333333336,0.011547005383792518,0.9961330671356063,0.0038669328643936574,4.705,272.2985820590984,8.0
Z,terminal_value_shifted,798,-0.02177324215807,-0.05443310539518,0.05443310539518,0.0799999999999969,0.08,13,0.013333333333333336,0.011547005383792518,0.9938220328971488,0.006177967102851234,4.705,272.2985820590984,8.0
Z,terminal_value_shifted,799,-0.02177324215807,0.05443310539518,-0.05443310539518,0.0799999999999969,0.08,13,0.013333333333333336,0.011547005383792518,0.9957999240187106,0.004200075981289353,4.705,272.2985820590984,8.0
Z,terminal_value_shifted,800,-0.02177324215807,0.05443310539518,0.05443310539518,0.0799999999999969,0.08,13,0.013333333333333336,0.011547005383792518,0.9985311669716976,0.0014688330283023632,4.705,272.2985820590984,8.0
Z,terminal_value_shifted,801,-0.02138089935299,-0.06414269805898,-0.04276179870599,0.07999999999999859,0.08,13,0.013333333333333336,0.011547005383792518,0.9946828623509382,0.005317137649061832,4.705,272.2985820590984,8.0
Z,terminal_value_shifted,802,-0.02138089935299,-0.06414269805898,0.04276179870599,0.07999999999999859,0.08,13,0.013333333333333336,0.011547005383792518,0.9927588348777164,0.007241165122283566,4.705,272.2985820590984,8.0
Z,terminal_value_shifted,803,-0.02138089935299,-0.04276179870599,-0.06414269805898,0.07999999999999859,0.08,13,0.013333333333333336,0.011547005383792518,0.9974737092640391,0.00252629073596089,4.705,272.2985820590984,8.0
Z,terminal_value_shifted,804,-0.02138089935299,-0.04276179870599,0.06414269805898,0.07999999999999859,0.08,13,0.013333333333333336,0.011547005383792518,0.9950225480337087,0.004977451966291291,4.705,272.2985820590984,8.0
Z,terminal_value_shifted,805,-0.02138089935299,0.04276179870599,-0.06414269805898,0.07999999999999859,0.08,13,0.013333333333333336,0.011547005383792518,0.996810019856093,0.003189980143907034,4.705,272.2985820590984,8.0
Z,terminal_value_shifted,806,-0.02138089935299,0.04276179870599,0.06414269805898,0.07999999999999859,0.08,13,0.013333333333333336,0.011547005383792518,0.9990235569738053,0.0009764430261947066,4.705,272.2985820590984,8.0
Z,terminal_value_shifted,807,-0.02138089935299,0.06414269805898,-0.04276179870599,0.07999999999999859,0.08,13,0.013333333333333336,0.011547005383792518,0.9950072323157545,0.004992767684245503,4.705,272.2985820590984,8.0
Z,terminal_value_shifted,808,-0.02138089935299,0.06414269805898,0.04276179870599,0.07999999999999859,0.08,13,0.013333333333333336,0.011547005383792518,0.9977531085630569,0.0022468914369431214,4.705,272.2985820590984,8.0
Z,terminal_value_shifted,809,-0.01984555753427,-0.05953667260282,-0.04961389383568,0.07999999999999703,0.08,13,0.013333333333333336,0.011547005383792518,0.9954247278571708,0.0045752721428291565,4.705,272.2985820590984,8.0
Z,terminal_value_shifted,810,-0.01984555753427,-0.05953667260282,0.04961389383568,0.07999999999999703,0.08,13,0.013333333333333336,0.011547005383792518,0.9932422806824732,0.006757719317526778,4.705,272.2985820590984,8.0
Z,terminal_value_shifted,811,-0.01984555753427,-0.04961389383568,-0.05953667260282,0.07999999999999703,0.08,13,0.013333333333333336,0.011547005383792518,0.9967465415092653,0.003253458490734662,4.705,272.2985820590984,8.0
Z,terminal_value_shifted,812,-0.01984555753427,-0.04961389383568,0.05953667260282,0.07999999999999703,0.08,13,0.013333333333333336,0.011547005383792518,0.9943083797722502,0.005691620227749827,4.705,272.2985820590984,8.0
Z,terminal_value_shifted,813,-0.01984555753427,0.04961389383568,-0.05953667260282,0.07999999999999703,0.08,13,0.013333333333333336,0.011547005383792518,0.9962127739078936,0.003787226092106355,4.705,272.2985820590984,8.0
Z,terminal_value_shifted,814,-0.01984555753427,0.04961389383568,0.05953667260282,0.07999999999999703,0.08,13,0.013333333333333336,0.011547005383792518,0.9987974187226418,0.0012025812773581723,4.705,272.2985820590984,8.0
Z,terminal_value_shifted,815,-0.01984555753427,0.05953667260282,-0.04961389383568,0.07999999999999703,0.08,13,0.013333333333333336,0.011547005383792518,0.9953540069152524,0.004645993084747557,4.705,272.2985820590984,8.0
Z,terminal_value_shifted,816,-0.01984555753427,0.05953667260282,0.04961389383568,0.07999999999999703,0.08,13,0.013333333333333336,0.011547005383792518,0.9981969847367399,0.0018030152632600993,4.705,272.2985820590984,8.0
Z,terminal_value_shifted,817,-0.01835325870964,-0.05505977612893,-0.05505977612893,0.07999999999999223,0.08,13,0.013333333333333336,0.011547005383792518,0.9960689499176598,0.003931050082340182,4.705,272.2985820590984,8.0
Z,terminal_value_shifted,818,-0.01835325870964,-0.05505977612893,0.05505977612893,0.07999999999999223,0.08,13,0.013333333333333336,0.011547005383792518,0.9937118474967097,0.00628815250329029,4.705,272.2985820590984,8.0
Z,terminal_value_shifted,819,-0.01835325870964,0.05505977612893,-0.05505977612893,0.07999999999999223,0.08,13,0.013333333333333336,0.011547005383792518,0.9957287579392473,0.004271242060752689,4.705,272.2985820590984,8.0
Z,terminal_value_shifted,820,-0.01835325870964,0.05505977612893,0.05505977612893,0.07999999999999223,0.08,13,0.013333333333333336,0.011547005383792518,0.9985259114772912,0.0014740885227088052,4.705,272.2985820590984,8.0
Z,terminal_value_shifted,821,-0.01333333333333,-0.06666666666667,-0.04,0.07888106377466379,0.08,13,0.013333333333333336,0.011547005383792518,0.9942641309009537,0.005735869099046331,4.705,272.2985820590984,8.0
Z,terminal_value_shifted,822,-0.01333333333333,-0.06666666666667,-0.02666666666667,0.0730296743340258,0.08,13,0.013333333333333336,0.011547005383792518,0.9939847195780999,0.006015280421900138,4.705,272.2985820590984,8.0
Z,terminal_value_shifted,823,-0.01333333333333,-0.06666666666667,-0.01333333333333,0.06928203230275701,0.08,13,0.013333333333333336,0.011547005383792518,0.9936903544095076,0.006309645590492408,4.705,272.2985820590984,8.0
Z,terminal_value_shifted,824,-0.01333333333333,-0.06666666666667,0.0,0.06798692684790641,0.08,13,0.013333333333333336,0.011547005383792518,0.9933838819582199,0.0066161180417800836,4.705,272.2985820590984,8.0
Z,terminal_value_shifted,825,-0.01333333333333,-0.06666666666667,0.01333333333333,0.06928203230275701,0.08,13,0.013333333333333336,0.011547005383792518,0.9930684897242861,0.006931510275713926,4.705,272.2985820590984,8.0
Z,terminal_value_shifted,826,-0.01333333333333,-0.06666666666667,0.02666666666667,0.0730296743340258,0.08,13,0.013333333333333336,0.011547005383792518,0.9927477122469076,0.00725228775309239,4.705,272.2985820590984,8.0
Z,terminal_value_shifted,827,-0.01333333333333,-0.06666666666667,0.04,0.07888106377466379,0.08,13,0.013333333333333336,0.011547005383792518,0.9924254274511345,0.00757457254886551,4.705,272.2985820590984,8.0
Z,terminal_value_shifted,828,-0.01333333333333,-0.05333333333333,-0.05333333333333,0.07659416862050183,0.08,13,0.013333333333333336,0.011547005383792518,0.9962360246411608,0.003763975358839211,4.705,272.2985820590984,8.0
Z,terminal_value_shifted,829,-0.01333333333333,-0.05333333333333,-0.04,0.06798692684790053,0.08,13,0.013333333333333336,0.011547005383792518,0.9959981661990659,0.004001833800934107,4.705,272.2985820590984,8.0
Z,terminal_value_shifted,830,-0.01333333333333,-0.05333333333333,-0.02666666666667,0.06110100926607569,0.08,13,0.013333333333333336,0.011547005383792518,0.9957421973527651,0.004257802647234854,4.705,272.2985820590984,8.0
Z,terminal_value_shifted,831,-0.01333333333333,-0.05333333333333,-0.01333333333333,0.05656854249491909,0.08,13,0.013333333333333336,0.011547005383792518,0.9954699765723922,0.004530023427607777,4.705,272.2985820590984,8.0
Z,terminal_value_shifted,832,-0.01333333333333,-0.05333333333333,0.0,0.0549747416748981,0.08,13,0.013333333333333336,0.011547005383792518,0.995183744092522,0.004816255907478029,4.705,272.2985820590984,8.0
Z,terminal_value_shifted,833,-0.01333333333333,-0.05333333333333,0.01333333333333,0.05656854249491909,0.08,13,0.013333333333333336,0.011547005383792518,0.9948861376952584,0.005113862304741645,4.705,272.2985820590984,8.0
Z,terminal_value_shifted,834,-0.01333333333333,-0.05333333333333,0.02666666666667,0.06110100926607569,0.08,13,0.013333333333333336,0.011547005383792518,0.9945801985514702,0.005419801448529826,4.705,272.2985820590984,8.0
Z,terminal_value_shifted,835,-0.01333333333333,-0.05333333333333,0.04,0.06798692684790053,0.08,13,0.013333333333333336,0.011547005383792518,0.9942693670064761,0.005730632993523943,4.705,272.2985820590984,8.0
Z,terminal_value_shifted,836,-0.01333333333333,-0.05333333333333,0.05333333333333,0.07659416862050183,0.08,13,0.013333333333333336,0.011547005383792518,0.9939574682141973,0.006042531785802718,4.705,272.2985820590984,8.0
Z,terminal_value_shifted,837,-0.01333333333333,-0.04,-0.06666666666667,0.07888106377466379,0.08,13,0.013333333333333336,0.011547005383792518,0.9977400163493091,0.002259983650690911,4.705,272.2985820590984,8.0
Z,terminal_value_shifted,838,-0.01333333333333,-0.04,-0.05333333333333,0.06798692684790053,0.08,13,0.013333333333333336,0.011547005383792518,0.9975603345805474,0.002439665419452619,4.705,272.2985820590984,8.0
Z,terminal_value_shifted,839,-0.01333333333333,-0.04,-0.04,0.05811865258054155,0.08,13,0.013333333333333336,0.011547005383792518,0.9973610565427949,0.0026389434572050563,4.705,272.2985820590984,8.0
Z,terminal_value_shifted,840,-0.01333333333333,-0.04,-0.02666666666667,0.04988876515698678,0.08,13,0.013333333333333336,0.011547005383792518,0.9971429508135383,0.00285704918646168,4.705,272.2985820590984,8.0
Z,terminal_value_shifted,841,-0.01333333333333,-0.04,-0.01333333333333,0.044221663871403326,0.08,13,0.013333333333333336,0.011547005383792518,0.9969071946194623,0.0030928053805376887,4.705,272.2985820590984,8.0
Z,terminal_value_shifted,842,-0.01333333333333,-0.04,0.0,0.04216370213557734,0.08,13,0.013333333333333336,0.011547005383792518,0.996655400119453,0.003344599880547028,4.705,272.2985820590984,8.0
Z,terminal_value_shifted,843,-0.01333333333333,-0.04,0.01333333333333,0.044221663871403326,0.08,13,0.013333333333333336,0.011547005383792518,0.9963896305879872,0.0036103694120127594,4.705,272.2985820590984,8.0
Z,terminal_value_shifted,844,-0.01333333333333,-0.04,0.02666666666667,0.04988876515698678,0.08,13,0.013333333333333336,0.011547005383792518,0.9961124063666116,0.00388759363338842,4.705,272.2985820590984,8.0
Z,terminal_value_shifted,845,-0.01333333333333,-0.04,0.04,0.05811865258054155,0.08,13,0.013333333333333336,0.011547005383792518,0.9958267004715504,0.004173299528449581,4.705,272.2985820590984,8.0
Z,terminal_value_shifted,846,-0.01333333333333,-0.04,0.05333333333333,0.06798692684790053,0.08,13,0.013333333333333336,0.011547005383792518,0.9955359237641488,0.004464076235851211,4.705,272.2985820590984,8.0
Z,terminal_value_shifted,847,-0.01333333333333,-0.04,0.06666666666667,0.07888106377466379,0.08,13,0.013333333333333336,0.011547005383792518,0.9952438996088314,0.004756100391168583,4.705,272.2985820590984,8.0
Z,terminal_value_shifted,848,-0.01333333333333,-0.02666666666667,-0.06666666666667,0.0730296743340258,0.08,13,0.013333333333333336,0.011547005383792518,0.9986243901461502,0.0013756098538497685,4.705,272.2985820590984,8.0
Z,terminal_value_shifted,849,-0.01333333333333,-0.02666666666667,-0.05333333333333,0.06110100926607569,0.08,13,0.013333333333333336,0.011547005383792518,0.9984972743011518,0.0015027256988482396,4.705,272.2985820590984,8.0
Z,terminal_value_shifted,850,-0.01333333333333,-0.02666666666667,-0.04,0.04988876515698678,0.08,13,0.013333333333333336,0.011547005383792518,0.9983505496917279,0.0016494503082721268,4.705,272.2985820590984,8.0
Z,terminal_value_shifted,851,-0.01333333333333,-0.02666666666667,-0.02666666666667,0.04000000000000333,0.08,13,0.013333333333333336,0.011547005383792518,0.9981842361226443,0.0018157638773557139,4.705,272.2985820590984,8.0
Z,terminal_value_shifted,852,-0.01333333333333,-0.02666666666667,-0.01333333333333,0.032659863237109045,0.08,13,0.013333333333333336,0.011547005383792518,0.9979988104668163,0.0020011895331837337,4.705,272.2985820590984,8.0
Z,terminal_value_shifted,853,-0.01333333333333,-0.02666666666667,0.0,0.029814239699998687,0.08,13,0.013333333333333336,0.011547005383792518,0.9977952340047818,0.0022047659952182386,4.705,272.2985820590984,8.0
Z,terminal_value_shifted,854,-0.01333333333333,-0.02666666666667,0.01333333333333,0.032659863237109045,0.08,13,0.013333333333333336,0.011547005383792518,0.997574969396125,0.0024250306038750002,4.705,272.2985820590984,8.0
Z,terminal_value_shifted,855,-0.01333333333333,-0.02666666666667,0.02666666666667,0.04000000000000333,0.08,13,0.013333333333333336,0.011547005383792518,0.9973399871461771,0.0026600128538228907,4.705,272.2985820590984,8.0
Z,terminal_value_shifted,856,-0.01333333333333,-0.02666666666667,0.04,0.04988876515698678,0.08,13,0.013333333333333336,0.011547005383792518,0.9970927614525587,0.0029072385474413487,4.705,272.2985820590984,8.0
Z,terminal_value_shifted,857,-0.01333333333333,-0.02666666666667,0.05333333333333,0.06110100926607569,0.08,13,0.013333333333333336,0.011547005383792518,0.9968362553359452,0.0031637446640547795,4.705,272.2985820590984,8.0
Z,terminal_value_shifted,858,-0.01333333333333,-0.02666666666667,0.06666666666667,0.0730296743340258,0.08,13,0.013333333333333336,0.011547005383792518,0.9965738949790288,0.003426105020971182,4.705,272.2985820590984,8.0
Z,terminal_value_shifted,859,-0.01333333333333,-0.01333333333333,-0.06666666666667,0.06928203230275702,0.08,13,0.013333333333333336,0.011547005383792518,0.9991074377107311,0.0008925622892689278,4.705,272.2985820590984,8.0
Z,terminal_value_shifted,860,-0.01333333333333,-0.01333333333333,-0.05333333333333,0.05656854249491909,0.08,13,0.013333333333333336,0.011547005383792518,0.9990462807602858,0.0009537192397142125,4.705,272.2985820590984,8.0
Z,terminal_value_shifted,861,-0.01333333333333,-0.01333333333333,-0.04,0.044221663871403326,0.08,13,0.013333333333333336,0.011547005383792518,0.998965505902287,0.0010344940977129458,4.705,272.2985820590984,8.0
Z,terminal_value_shifted,862,-0.01333333333333,-0.01333333333333,-0.02666666666667,0.032659863237109045,0.08,13,0.013333333333333336,0.011547005383792518,0.9988643692496948,0.0011356307503052054,4.705,272.2985820590984,8.0
Z,terminal_value_shifted,863,-0.01333333333333,-0.01333333333333,-0.01333333333333,0.023094010767579255,0.08,13,0.013333333333333336,0.011547005383792518,0.9987426280413418,0.00125737195865816,4.705,272.2985820590984,8.0
Z,terminal_value_shifted,864,-0.01333333333333,-0.01333333333333,0.0,0.01885618083163655,0.08,13,0.013333333333333336,0.011547005383792518,0.9986005694275228,0.001399430572477156,4.705,272.2985820590984,8.0
Z,terminal_value_shifted,865,-0.01333333333333,-0.01333333333333,0.01333333333333,0.023094010767579255,0.08,13,0.013333333333333336,0.011547005383792518,0.9984390286430274,0.0015609713569726402,4.705,272.2985820590984,8.0
Z,terminal_value_shifted,866,-0.01333333333333,-0.01333333333333,0.02666666666667,0.032659863237109045,0.08,13,0.013333333333333336,0.011547005383792518,0.9982593964209145,0.0017406035790854535,4.705,272.2985820590984,8.0
Z,terminal_value_shifted,867,-0.01333333333333,-0.01333333333333,0.04,0.044221663871403326,0.08,13,0.013333333333333336,0.011547005383792518,0.9980636155226548,0.0019363844773452321,4.705,272.2985820590984,8.0
Z,terminal_value_shifted,868,-0.01333333333333,-0.01333333333333,0.05333333333333,0.05656854249491909,0.08,13,0.013333333333333336,0.011547005383792518,0.9978541662815481,0.002145833718451895,4.705,272.2985820590984,8.0
Z,terminal_value_shifted,869,-0.01333333333333,-0.01333333333333,0.06666666666667,0.06928203230275702,0.08,13,0.013333333333333336,0.011547005383792518,0.9976340410777992,0.002365958922200817,4.705,272.2985820590984,8.0
Z,terminal_value_shifted,870,-0.01333333333333,0.0,-0.06666666666667,0.06798692684790641,0.08,13,0.013333333333333336,0.011547005383792518,0.9991903975446506,0.0008096024553494452,4.705,272.2985820590984,8.0
Z,terminal_value_shifted,871,-0.01333333333333,0.0,-0.05333333333333,0.0549747416748981,0.08,13,0.013333333333333336,0.011547005383792518,0.9992079462553647,0.0007920537446353126,4.705,272.2985820590984,8.0
Z,terminal_value_shifted,872,-0.01333333333333,0.0,-0.04,0.04216370213557734,0.08,13,0.013333333333333336,0.011547005383792518,0.9992058964758772,0.0007941035241227912,4.705,272.2985820590984,8.0
Z,terminal_value_shifted,873,-0.01333333333333,0.0,-0.02666666666667,0.029814239699998687,0.08,13,0.013333333333333336,0.011547005383792518,0.9991827264648898,0.0008172735351101856,4.705,272.2985820590984,8.0
Z,terminal_value_shifted,874,-0.01333333333333,0.0,-0.01333333333333,0.01885618083163655,0.08,13,0.013333333333333336,0.011547005383792518,0.9991374550262795,0.0008625449737205138,4.705,272.2985820590984,8.0
Z,terminal_value_shifted,875,-0.01333333333333,0.0,0.0,0.01333333333333,0.08,13,0.013333333333333336,0.011547005383792518,0.9990696721464983,0.0009303278535016668,4.705,272.2985820590984,8.0
Z,terminal_value_shifted,876,-0.01333333333333,0.0,0.01333333333333,0.01885618083163655,0.08,13,0.013333333333333336,0.011547005383792518,0.9989795588005455,0.001020441199454547,4.705,272.2985820590984,8.0
Z,terminal_value_shifted,877,-0.01333333333333,0.0,0.02666666666667,0.029814239699998687,0.08,13,0.013333333333333336,0.011547005383792518,0.9988678957639785,0.0011321042360215028,4.705,272.2985820590984,8.0
Z,terminal_value_shifted,878,-0.01333333333333,0.0,0.04,0.04216370213557734,0.08,13,0.013333333333333336,0.011547005383792518,0.9987360612920356,0.0012639387079643738,4.705,272.2985820590984,8.0
Z,terminal_value_shifted,879,-0.01333333333333,0.0,0.05333333333333,0.0549747416748981,0.08,13,0.013333333333333336,0.011547005383792518,0.9985860175499931,0.001413982450006901,4.705,272.2985820590984,8.0
Z,terminal_value_shifted,880,-0.01333333333333,0.0,0.06666666666667,0.06798692684790641,0.08,13,0.013333333333333336,0.011547005383792518,0.9984202857024548,0.0015797142975452205,4.705,272.2985820590984,8.0
Z,terminal_value_shifted,881,-0.01333333333333,0.01333333333333,-0.06666666666667,0.06928203230275702,0.08,13,0.013333333333333336,0.011547005383792518,0.9988756338887868,0.0011243661112132486,4.705,272.2985820590984,8.0
Z,terminal_value_shifted,882,-0.01333333333333,0.01333333333333,-0.05333333333333,0.05656854249491909,0.08,13,0.013333333333333336,0.011547005383792518,0.9989839571782442,0.0010160428217558248,4.705,272.2985820590984,8.0
Z,terminal_value_shifted,883,-0.01333333333333,0.01333333333333,-0.04,0.044221663871403326,0.08,13,0.013333333333333336,0.011547005383792518,0.9990727474134014,0.0009272525865986481,4.705,272.2985820590984,8.0
Z,terminal_value_shifted,884,-0.01333333333333,0.01333333333333,-0.02666666666667,0.032659863237109045,0.08,13,0.013333333333333336,0.011547005383792518,0.9991396922500848,0.0008603077499151901,4.705,272.2985820590984,8.0
Z,terminal_value_shifted,885,-0.01333333333333,0.01333333333333,-0.01333333333333,0.023094010767579255,0.08,13,0.013333333333333336,0.011547005383792518,0.9991830544230296,0.0008169455769704292,4.705,272.2985820590984,8.0
Z,terminal_value_shifted,886,-0.01333333333333,0.01333333333333,0.0,0.01885618083163655,0.08,13,0.013333333333333336,0.011547005383792518,0.99920170464777,0.0007982953522299718,4.705,272.2985820590984,8.0
Z,terminal_value_shifted,887,-0.01333333333333,0.01333333333333,0.01333333333333,0.023094010767579255,0.08,13,0.013333333333333336,0.011547005383792518,0.9991951435000029,0.0008048564999970642,4.705,272.2985820590984,8.0
Z,terminal_value_shifted,888,-0.01333333333333,0.01333333333333,0.02666666666667,0.032659863237109045,0.08,13,0.013333333333333336,0.011547005383792518,0.9991635120882429,0.0008364879117570556,4.705,272.2985820590984,8.0
Z,terminal_value_shifted,889,-0.01333333333333,0.01333333333333,0.04,0.044221663871403326,0.08,13,0.013333333333333336,0.011547005383792518,0.9991075913605864,0.0008924086394136443,4.705,272.2985820590984,8.0
Z,terminal_value_shifted,890,-0.01333333333333,0.01333333333333,0.05333333333333,0.05656854249491909,0.08,13,0.013333333333333336,0.011547005383792518,0.9990287899114351,0.0009712100885649333,4.705,272.2985820590984,8.0
Z,terminal_value_shifted,891,-0.01333333333333,0.01333333333333,0.06666666666667,0.06928203230275702,0.08,13,0.013333333333333336,0.011547005383792518,0.9989291201799471,0.001070879820052939,4.705,272.2985820590984,8.0
Z,terminal_value_shifted,892,-0.01333333333333,0.02666666666667,-0.06666666666667,0.0730296743340258,0.08,13,0.013333333333333336,0.011547005383792518,0.9981665071684432,0.00183349283155676,4.705,272.2985820590984,8.0
Z,terminal_value_shifted,893,-0.01333333333333,0.02666666666667,-0.05333333333333,0.06110100926607569,0.08,13,0.013333333333333336,0.011547005383792518,0.998376972197595,0.001623027802404975,4.705,272.2985820590984,8.0
Z,terminal_value_shifted,894,-0.01333333333333,0.02666666666667,-0.04,0.04988876515698678,0.08,13,0.013333333333333336,0.011547005383792518,0.9985680248057995,0.0014319751942004633,4.705,272.2985820590984,8.0
Z,terminal_value_shifted,895,-0.01333333333333,0.02666666666667,-0.02666666666667,0.04000000000000333,0.08,13,0.013333333333333336,0.011547005383792518,0.9987365513784827,0.0012634486215172824,4.705,272.2985820590984,8.0
Z,terminal_value_shifted,896,-0.01333333333333,0.02666666666667,-0.01333333333333,0.032659863237109045,0.08,13,0.013333333333333336,0.011547005383792518,0.9988800428152149,0.0011199571847850809,4.705,272.2985820590984,8.0
Z,terminal_value_shifted,897,-0.01333333333333,0.02666666666667,0.0,0.029814239699998687,0.08,13,0.013333333333333336,0.011547005383792518,0.9989966301063133,0.0010033698936866564,4.705,272.2985820590984,8.0
Z,terminal_value_shifted,898,-0.01333333333333,0.02666666666667,0.01333333333333,0.032659863237109045,0.08,13,0.013333333333333336,0.011547005383792518,0.9990851087262218,0.0009148912737781956,4.705,272.2985820590984,8.0
Z,terminal_value_shifted,899,-0.01333333333333,0.02666666666667,0.02666666666667,0.04000000000000333,0.08,13,0.013333333333333336,0.011547005383792518,0.9991449516320059,0.0008550483679941046,4.705,272.2985820590984,8.0
Z,terminal_value_shifted,900,-0.01333333333333,0.02666666666667,0.04,0.04988876515698678,0.08,13,0.013333333333333336,0.011547005383792518,0.9991763106818291,0.0008236893181708949,4.705,272.2985820590984,8.0
Z,terminal_value_shifted,901,-0.01333333333333,0.02666666666667,0.05333333333333,0.06110100926607569,0.08,13,0.013333333333333336,0.011547005383792518,0.9991800063153583,0.0008199936846416955,4.705,272.2985820590984,8.0
Z,terminal_value_shifted,902,-0.01333333333333,0.02666666666667,0.06666666666667,0.0730296743340258,0.08,13,0.013333333333333336,0.011547005383792518,0.999157505366597,0.0008424946334030237,4.705,272.2985820590984,8.0
Z,terminal_value_shifted,903,-0.01333333333333,0.04,-0.06666666666667,0.07888106377466379,0.08,13,0.013333333333333336,0.011547005383792518,0.9970671810332439,0.0029328189667561233,4.705,272.2985820590984,8.0
Z,terminal_value_shifted,904,-0.01333333333333,0.04,-0.05333333333333,0.06798692684790053,0.08,13,0.013333333333333336,0.011547005383792518,0.9973904391480826,0.0026095608519174363,4.705,272.2985820590984,8.0
Z,terminal_value_shifted,905,-0.01333333333333,0.04,-0.04,0.05811865258054155,0.08,13,0.013333333333333336,0.011547005383792518,0.9976944612106707,0.0023055387893292645,4.705,272.2985820590984,8.0
Z,terminal_value_shifted,906,-0.01333333333333,0.04,-0.02666666666667,0.04988876515698678,0.08,13,0.013333333333333336,0.011547005383792518,0.9979753244010213,0.0020246755989786758,4.705,272.2985820590984,8.0
Z,terminal_value_shifted,907,-0.01333333333333,0.04,-0.01333333333333,0.044221663871403326,0.08,13,0.013333333333333336,0.011547005383792518,0.9982297345763294,0.0017702654236706472,4.705,272.2985820590984,8.0
Z,terminal_value_shifted,908,-0.01333333333333,0.04,0.0,0.04216370213557734,0.08,13,0.013333333333333336,0.011547005383792518,0.9984550649204164,0.0015449350795836425,4.705,272.2985820590984,8.0
Z,terminal_value_shifted,909,-0.01333333333333,0.04,0.01333333333333,0.044221663871403326,0.08,13,0.013333333333333336,0.011547005383792518,0.9986493832827218,0.001350616717278208,4.705,272.2985820590984,8.0
Z,terminal_value_shifted,910,-0.01333333333333,0.04,0.02666666666667,0.04988876515698678,0.08,13,0.013333333333333336,0.011547005383792518,0.998811467961902,0.0011885320380979891,4.705,272.2985820590984,8.0
Z,terminal_value_shifted,911,-0.01333333333333,0.04,0.04,0.05811865258054155,0.08,13,0.013333333333333336,0.011547005383792518,0.9989408117172773,0.0010591882827226673,4.705,272.2985820590984,8.0
Z,terminal_value_shifted,912,-0.01333333333333,0.04,0.05333333333333,0.06798692684790053,0.08,13,0.013333333333333336,0.011547005383792518,0.9990376138205547,0.0009623861794453292,4.705,272.2985820590984,8.0
Z,terminal_value_shifted,913,-0.01333333333333,0.04,0.06666666666667,0.07888106377466379,0.08,13,0.013333333333333336,0.011547005383792518,0.9991027599915022,0.0008972400084977794,4.705,272.2985820590984,8.0
Z,terminal_value_shifted,914,-0.01333333333333,0.05333333333333,-0.05333333333333,0.07659416862050183,0.08,13,0.013333333333333336,0.011547005383792518,0.9960283528616528,0.00397164713834719,4.705,272.2985820590984,8.0
Z,terminal_value_shifted,915,-0.01333333333333,0.05333333333333,-0.04,0.06798692684790053,0.08,13,0.013333333333333336,0.011547005383792518,0.9964553250797806,0.0035446749202193706,4.705,272.2985820590984,8.0
Z,terminal_value_shifted,916,-0.01333333333333,0.05333333333333,-0.02666666666667,0.06110100926607569,0.08,13,0.013333333333333336,0.011547005383792518,0.9968585484507712,0.0031414515492288464,4.705,272.2985820590984,8.0
Z,terminal_value_shifted,917,-0.01333333333333,0.05333333333333,-0.01333333333333,0.05656854249491909,0.08,13,0.013333333333333336,0.011547005383792518,0.9972339337951237,0.002766066204876294,4.705,272.2985820590984,8.0
Z,terminal_value_shifted,918,-0.01333333333333,0.05333333333333,0.0,0.0549747416748981,0.08,13,0.013333333333333336,0.011547005383792518,0.9975780814713127,0.002421918528687339,4.705,272.2985820590984,8.0
Z,terminal_value_shifted,919,-0.01333333333333,0.05333333333333,0.01333333333333,0.05656854249491909,0.08,13,0.013333333333333336,0.011547005383792518,0.9978883120736104,0.002111687926389605,4.705,272.2985820590984,8.0
Z,terminal_value_shifted,920,-0.01333333333333,0.05333333333333,0.02666666666667,0.06110100926607569,0.08,13,0.013333333333333336,0.011547005383792518,0.998162685445259,0.0018373145547410097,4.705,272.2985820590984,8.0
Z,terminal_value_shifted,921,-0.01333333333333,0.05333333333333,0.04,0.06798692684790053,0.08,13,0.013333333333333336,0.011547005383792518,0.99840000775294,0.0015999922470599781,4.705,272.2985820590984,8.0
Z,terminal_value_shifted,922,-0.01333333333333,0.05333333333333,0.05333333333333,0.07659416862050183,0.08,13,0.013333333333333336,0.011547005383792518,0.998599826399833,0.0014001736001669762,4.705,272.2985820590984,8.0
Z,terminal_value_shifted,923,-0.01333333333333,0.06666666666667,-0.04,0.07888106377466379,0.08,13,0.013333333333333336,0.011547005383792518,0.9948541381960158,0.005145861803984242,4.705,272.2985820590984,8.0
Z,terminal_value_shifted,924,-0.01333333333333,0.06666666666667,-0.02666666666667,0.0730296743340258,0.08,13,0.013333333333333336,0.011547005383792518,0.9953890080274241,0.004610991972575862,4.705,272.2985820590984,8.0
Z,terminal_value_shifted,925,-0.01333333333333,0.06666666666667,-0.01333333333333,0.06928203230275701,0.08,13,0.013333333333333336,0.011547005383792518,0.9958946783012215,0.00410532169877853,4.705,272.2985820590984,8.0
Z,terminal_value_shifted,926,-0.01333333333333,0.06666666666667,0.0,0.06798692684790641,0.08,13,0.013333333333333336,0.011547005383792518,0.9963669652276792,0.003633034772320798,4.705,272.2985820590984,8.0
Z,terminal_value_shifted,927,-0.01333333333333,0.06666666666667,0.01333333333333,0.06928203230275701,0.08,13,0.013333333333333336,0.011547005383792518,0.996802426075442,0.003197573924557995,4.705,272.2985820590984,8.0
Z,terminal_value_shifted,928,-0.01333333333333,0.06666666666667,0.02666666666667,0.0730296743340258,0.08,13,0.013333333333333336,0.011547005383792518,0.9971983818350111,0.002801618164988917,4.705,272.2985820590984,8.0
Z,terminal_value_shifted,929,-0.01333333333333,0.06666666666667,0.04,0.07888106377466379,0.08,13,0.013333333333333336,0.011547005383792518,0.9975529278065502,0.002447072193449751,4.705,272.2985820590984,8.0
Z,terminal_value_shifted,930,-0.01315191898443,-0.07891151390657,0.0,0.07999999999999875,0.08,13,0.013333333333333336,0.011547005383792518,0.9914453371358649,0.008554662864135087,4.705,272.2985820590984,8.0
Z,terminal_value_shifted,931,-0.01315191898443,0.0,-0.07891151390657,0.07999999999999875,0.08,13,0.013333333333333336,0.011547005383792518,0.9991590661401668,0.0008409338598331928,4.705,272.2985820590984,8.0
Z,terminal_value_shifted,932,-0.01315191898443,0.0,0.07891151390657,0.07999999999999875,0.08,13,0.013333333333333336,0.011547005383792518,0.9982564611675229,0.0017435388324771317,4.705,272.2985820590984,8.0
Z,terminal_value_shifted,933,-0.01315191898443,0.07891151390657,0.0,0.07999999999999875,0.08,13,0.013333333333333336,0.011547005383792518,0.994963130046484,0.005036869953516043,4.705,272.2985820590984,8.0
Z,terminal_value_shifted,934,-0.01297771369046,-0.07786628214277,-0.01297771369046,0.08000000000000354,0.08,13,0.013333333333333336,0.011547005383792518,0.9919251707411969,0.008074829258803096,4.705,272.2985820590984,8.0
Z,terminal_value_shifted,935,-0.01297771369046,-0.07786628214277,0.01297771369046,0.08000000000000354,0.08,13,0.013333333333333336,0.011547005383792518,0.9913101799386419,0.0086898200613581,4.705,272.2985820590984,8.0
Z,terminal_value_shifted,936,-0.01297771369046,-0.01297771369046,-0.07786628214277,0.08000000000000354,0.08,13,0.013333333333333336,0.011547005383792518,0.9991506558182238,0.0008493441817761793,4.705,272.2985820590984,8.0
Z,terminal_value_shifted,937,-0.01297771369046,-0.01297771369046,0.07786628214277,0.08000000000000354,0.08,13,0.013333333333333336,0.011547005383792518,0.9974678746105646,0.002532125389435369,4.705,272.2985820590984,8.0
Z,terminal_value_shifted,938,-0.01297771369046,0.01297771369046,-0.07786628214277,0.08000000000000354,0.08,13,0.013333333333333336,0.011547005383792518,0.9987882776640267,0.001211722335973331,4.705,272.2985820590984,8.0
Z,terminal_value_shifted,939,-0.01297771369046,0.01297771369046,0.07786628214277,0.08000000000000354,0.08,13,0.013333333333333336,0.011547005383792518,0.9988192818977338,0.001180718102266165,4.705,272.2985820590984,8.0
Z,terminal_value_shifted,940,-0.01297771369046,0.07786628214277,-0.01297771369046,0.08000000000000354,0.08,13,0.013333333333333336,0.011547005383792518,0.9945253163308692,0.005474683669130842,4.705,272.2985820590984,8.0
Z,terminal_value_shifted,941,-0.01297771369046,0.07786628214277,0.01297771369046,0.08000000000000354,0.08,13,0.013333333333333336,0.011547005383792518,0.9956286798432599,0.004371320156740133,4.705,272.2985820590984,8.0
Z,terminal_value_shifted,942,-0.01249390095109,-0.07496340570653,-0.02498780190218,0.08000000000000033,0.08,13,0.013333333333333336,0.011547005383792518,0.9926744824691107,0.007325517530889281,4.705,272.2985820590984,8.0
Z,terminal_value_shifted,943,-0.01249390095109,-0.07496340570653,0.02498780190218,0.08000000000000033,0.08,13,0.013333333333333336,0.011547005383792518,0.9914964636288568,0.008503536371143205,4.705,272.2985820590984,8.0
Z,terminal_value_shifted,944,-0.01249390095109,-0.02498780190218,-0.07496340570653,0.08000000000000033,0.08,13,0.013333333333333336,0.011547005383792518,0.9987723089289359,0.0012276910710641298,4.705,272.2985820590984,8.0
Z,terminal_value_shifted,945,-0.01249390095109,-0.02498780190218,0.07496340570653,0.08000000000000033,0.08,13,0.013333333333333336,0.011547005383792518,0.9965574325367157,0.0034425674632843073,4.705,272.2985820590984,8.0
Z,terminal_value_shifted,946,-0.01249390095109,0.02498780190218,-0.07496340570653,0.08000000000000033,0.08,13,0.013333333333333336,0.011547005383792518,0.9981497563677804,0.0018502436322196392,4.705,272.2985820590984,8.0
Z,terminal_value_shifted,947,-0.01249390095109,0.02498780190218,0.07496340570653,0.08000000000000033,0.08,13,0.013333333333333336,0.011547005383792518,0.9991118245234141,0.0008881754765859284,4.705,272.2985820590984,8.0
Z,terminal_value_shifted,948,-0.01249390095109,0.07496340570653,-0.02498780190218,0.08000000000000033,0.08,13,0.013333333333333336,0.011547005383792518,0.9943818674923575,0.005618132507642537,4.705,272.2985820590984,8.0
Z,terminal_value_shifted,949,-0.01249390095109,0.07496340570653,0.02498780190218,0.08000000000000033,0.08,13,0.013333333333333336,0.011547005383792518,0.9963879382835767,0.003612061716423254,4.705,272.2985820590984,8.0
Z,terminal_value_shifted,950,-0.01234426799697,-0.06172133998484,-0.04937707198787,0.08000000000000328,0.08,13,0.013333333333333336,0.011547005383792518,0.9951308024206558,0.004869197579344231,4.705,272.2985820590984,8.0
Z,terminal_value_shifted,951,-0.01234426799697,-0.06172133998484,0.04937707198787,0.08000000000000328,0.08,13,0.013333333333333336,0.011547005383792518,0.9929146339959665,0.007085366004033533,4.705,272.2985820590984,8.0
Z,terminal_value_shifted,952,-0.01234426799697,-0.04937707198787,-0.06172133998484,0.08000000000000328,0.08,13,0.013333333333333336,0.011547005383792518,0.996802310828176,0.0031976891718239475,4.705,272.2985820590984,8.0
Z,terminal_value_shifted,953,-0.01234426799697,-0.04937707198787,0.06172133998484,0.08000000000000328,0.08,13,0.013333333333333336,0.011547005383792518,0.9942582997629362,0.005741700237063774,4.705,272.2985820590984,8.0
Z,terminal_value_shifted,954,-0.01234426799697,0.04937707198787,-0.06172133998484,0.08000000000000328,0.08,13,0.013333333333333336,0.011547005383792518,0.996222777624447,0.003777222375553002,4.705,272.2985820590984,8.0
Z,terminal_value_shifted,955,-0.01234426799697,0.04937707198787,0.06172133998484,0.08000000000000328,0.08,13,0.013333333333333336,0.011547005383792518,0.9988511240203802,0.0011488759796197678,4.705,272.2985820590984,8.0
Z,terminal_value_shifted,956,-0.01234426799697,0.06172133998484,-0.04937707198787,0.08000000000000328,0.08,13,0.013333333333333336,0.011547005383792518,0.9951421353283616,0.004857864671638401,4.705,272.2985820590984,8.0
Z,terminal_value_shifted,957,-0.01234426799697,0.06172133998484,0.04937707198787,0.08000000000000328,0.08,13,0.013333333333333336,0.011547005383792518,0.9981015125962396,0.0018984874037604182,4.705,272.2985820590984,8.0
Z,terminal_value_shifted,958,-0.01179535649239,-0.07077213895435,-0.03538606947718,0.08000000000000126,0.08,13,0.013333333333333336,0.011547005383792518,0.9935580672115459,0.006441932788454063,4.705,272.2985820590984,8.0
Z,terminal_value_shifted,959,-0.01179535649239,-0.07077213895435,0.03538606947718,0.08000000000000126,0.08,13,0.013333333333333336,0.011547005383792518,0.9919074851990511,0.008092514800948858,4.705,272.2985820590984,8.0
Z,terminal_value_shifted,960,-0.01179535649239,-0.03538606947718,-0.07077213895435,0.08000000000000126,0.08,13,0.013333333333333336,0.011547005383792518,0.9981377186482813,0.0018622813517187309,4.705,272.2985820590984,8.0
Z,terminal_value_shifted,961,-0.01179535649239,-0.03538606947718,0.07077213895435,0.08000000000000126,0.08,13,0.013333333333333336,0.011547005383792518,0.9956414931658822,0.004358506834117759,4.705,272.2985820590984,8.0
Z,terminal_value_shifted,962,-0.01179535649239,0.03538606947718,-0.07077213895435,0.08000000000000126,0.08,13,0.013333333333333336,0.011547005383792518,0.9974086013383642,0.0025913986616358242,4.705,272.2985820590984,8.0
Z,terminal_value_shifted,963,-0.01179535649239,0.03538606947718,0.07077213895435,0.08000000000000126,0.08,13,0.013333333333333336,0.011547005383792518,0.9991601443671141,0.0008398556328859108,4.705,272.2985820590984,8.0
Z,terminal_value_shifted,964,-0.01179535649239,0.07077213895435,-0.03538606947718,0.08000000000000126,0.08,13,0.013333333333333336,0.011547005383792518,0.9945054437355166,0.005494556264483363,4.705,272.2985820590984,8.0
Z,terminal_value_shifted,965,-0.01179535649239,0.07077213895435,0.03538606947718,0.08000000000000126,0.08,13,0.013333333333333336,0.011547005383792518,0.9971097683417778,0.00289023165822222,4.705,272.2985820590984,8.0
Z,terminal_value_shifted,966,-0.01120224067222,-0.05601120336112,-0.05601120336112,0.07999999999999888,0.08,13,0.013333333333333336,0.011547005383792518,0.9959689198556174,0.004031080144382582,4.705,272.2985820590984,8.0
Z,terminal_value_shifted,967,-0.01120224067222,-0.05601120336112,0.05601120336112,0.07999999999999888,0.08,13,0.013333333333333336,0.011547005383792518,0.993536547287343,0.006463452712657025,4.705,272.2985820590984,8.0
Z,terminal_value_shifted,968,-0.01120224067222,0.05601120336112,-0.05601120336112,0.07999999999999888,0.08,13,0.013333333333333336,0.011547005383792518,0.9956320198925839,0.004367980107416125,4.705,272.2985820590984,8.0
Z,terminal_value_shifted,969,-0.01120224067222,0.05601120336112,0.05601120336112,0.07999999999999888,0.08,13,0.013333333333333336,0.011547005383792518,0.9985243627242582,0.0014756372757418479,4.705,272.2985820590984,8.0
Z,terminal_value_shifted,970,-0.0109888451159,-0.06593307069537,-0.04395538046358,0.0799999999999998,0.08,13,0.013333333333333336,0.011547005383792518,0.9944465456206873,0.00555345437931265,4.705,272.2985820590984,8.0
Z,terminal_value_shifted,971,-0.0109888451159,-0.06593307069537,0.04395538046358,0.0799999999999998,0.08,13,0.013333333333333336,0.011547005383792518,0.9924309973183669,0.007569002681633075,4.705,272.2985820590984,8.0
Z,terminal_value_shifted,972,-0.0109888451159,-0.04395538046358,-0.06593307069537,0.0799999999999998,0.08,13,0.013333333333333336,0.011547005383792518,0.9973897433939022,0.002610256606097816,4.705,272.2985820590984,8.0
Z,terminal_value_shifted,973,-0.0109888451159,-0.04395538046358,0.06593307069537,0.0799999999999998,0.08,13,0.013333333333333336,0.011547005383792518,0.9948054995855774,0.005194500414422598,4.705,272.2985820590984,8.0
Z,terminal_value_shifted,974,-0.0109888451159,0.04395538046358,-0.06593307069537,0.0799999999999998,0.08,13,0.013333333333333336,0.011547005383792518,0.9967005595014877,0.003299440498512274,4.705,272.2985820590984,8.0
Z,terminal_value_shifted,975,-0.0109888451159,0.04395538046358,0.06593307069537,0.0799999999999998,0.08,13,0.013333333333333336,0.011547005383792518,0.9990324050721844,0.0009675949278156182,4.705,272.2985820590984,8.0
Z,terminal_value_shifted,976,-0.0109888451159,0.06593307069537,-0.04395538046358,0.0799999999999998,0.08,13,0.013333333333333336,0.011547005383792518,0.9948101150411219,0.005189884958878066,4.705,272.2985820590984,8.0
Z,terminal_value_shifted,977,-0.0109888451159,0.06593307069537,0.04395538046358,0.0799999999999998,0.08,13,0.013333333333333336,0.011547005383792518,0.9977159273992383,0.0022840726007616885,4.705,272.2985820590984,8.0
Z,terminal_value_shifted,978,-0.01016001016002,-0.06096006096009,-0.05080005080008,0.08000000000000192,0.08,13,0.013333333333333336,0.011547005383792518,0.9952560890298339,0.004743910970166132,4.705,272.2985820590984,8.0
Z,terminal_value_shifted,979,-0.01016001016002,-0.06096006096009,0.05080005080008,0.08000000000000192,0.08,13,0.013333333333333336,0.011547005383792518,0.9929801518818895,0.0070198481181105166,4.705,272.2985820590984,8.0
Z,terminal_value_shifted,980,-0.01016001016002,-0.05080005080008,-0.06096006096009,0.08000000000000192,0.08,13,0.013333333333333336,0.011547005383792518,0.9966397195626363,0.003360280437363694,4.705,272.2985820590984,8.0
Z,terminal_value_shifted,981,-0.01016001016002,-0.05080005080008,0.06096006096009,0.08000000000000192,0.08,13,0.013333333333333336,0.011547005383792518,0.9940905768336841,0.00590942316631593,4.705,272.2985820590984,8.0
Z,terminal_value_shifted,982,-0.01016001016002,0.05080005080008,-0.06096006096009,0.08000000000000192,0.08,13,0.013333333333333336,0.011547005383792518,0.9960975482946687,0.0039024517053313224,4.705,272.2985820590984,8.0
Z,terminal_value_shifted,983,-0.01016001016002,0.05080005080008,0.06096006096009,0.08000000000000192,0.08,13,0.013333333333333336,0.011547005383792518,0.9988019323601189,0.001198067639881062,4.705,272.2985820590984,8.0
Z,terminal_value_shifted,984,-0.01016001016002,0.06096006096009,-0.05080005080008,0.08000000000000192,0.08,13,0.013333333333333336,0.011547005383792518,0.9952038750997025,0.00479612490029746,4.705,272.2985820590984,8.0
Z,terminal_value_shifted,985,-0.01016001016002,0.06096006096009,0.05080005080008,0.08000000000000192,0.08,13,0.013333333333333336,0.011547005383792518,0.9981840926446706,0.001815907355329438,4.705,272.2985820590984,8.0
Z,terminal_value_shifted,986,-0.00936329177569,-0.05617975065414,-0.05617975065414,0.0799999999999962,0.08,13,0.013333333333333336,0.011547005383792518,0.9959506427297092,0.004049357270290765,4.705,272.2985820590984,8.0
Z,terminal_value_shifted,987,-0.00936329177569,-0.05617975065414,0.05617975065414,0.0799999999999962,0.08,13,0.013333333333333336,0.011547005383792518,0.9935034341558772,0.006496565844122837,4.705,272.2985820590984,8.0
Z,terminal_value_shifted,988,-0.00936329177569,0.05617975065414,-0.05617975065414,0.0799999999999962,0.08,13,0.013333333333333336,0.011547005383792518,0.9956184927506737,0.0043815072493262885,4.705,272.2985820590984,8.0
Z,terminal_value_shifted,989,-0.00936329177569,0.05617975065414,0.05617975065414,0.0799999999999962,0.08,13,0.013333333333333336,0.011547005383792518,0.9985259606762416,0.001474039323758447,4.705,272.2985820590984,8.0
Z,terminal_value_shifted,990,0.0,-0.08,0.0,0.08,0.08,13,0.013333333333333336,0.011547005383792518,0.9912375489651283,0.008762451034871721,4.705,272.2985820590984,8.0
Z,terminal_value_shifted,991,0.0,-0.07891151390657,-0.01315191898443,0.07999999999999875,0.08,13,0.013333333333333336,0.011547005383792518,0.9917355163594364,0.008264483640563647,4.705,272.2985820590984,8.0
Z,terminal_value_shifted,992,0.0,-0.07891151390657,0.01315191898443,0.07999999999999875,0.08,13,0.013333333333333336,0.011547005383792518,0.9911029108531981,0.008897089146801873,4.705,272.2985820590984,8.0
Z,terminal_value_shifted,993,0.0,-0.07589466384404,-0.02529822128135,0.07999999999999989,0.08,13,0.013333333333333336,0.011547005383792518,0.9925163111320126,0.007483688867987448,4.705,272.2985820590984,8.0
Z,terminal_value_shifted,994,0.0,-0.07589466384404,0.02529822128135,0.07999999999999989,0.08,13,0.013333333333333336,0.011547005383792518,0.9913059684191641,0.008694031580835926,4.705,272.2985820590984,8.0
Z,terminal_value_shifted,995,0.0,-0.07155417527999,-0.03577708764,0.07999999999999859,0.08,13,0.013333333333333336,0.011547005383792518,0.9934354608387581,0.006564539161241889,4.705,272.2985820590984,8.0
Z,terminal_value_shifted,996,0.0,-0.07155417527999,0.03577708764,0.07999999999999859,0.08,13,0.013333333333333336,0.011547005383792518,0.9917425498594767,0.00825745014052326,4.705,272.2985820590984,8.0
Z,terminal_value_shifted,997,0.0,-0.06666666666667,-0.04,0.07774602526460686,0.08,13,0.013333333333333336,0.011547005383792518,0.994252072302586,0.005747927697413946,4.705,272.2985820590984,8.0
Z,terminal_value_shifted,998,0.0,-0.06666666666667,-0.02666666666667,0.07180219742846439,0.08,13,0.013333333333333336,0.011547005383792518,0.9939684041625886,0.006031595837411419,4.705,272.2985820590984,8.0
Z,terminal_value_shifted,999,0.0,-0.06666666666667,-0.01333333333333,0.06798692684790641,0.08,13,0.013333333333333336,0.011547005383792518,0.993669657399211,0.0063303426007890184,4.705,272.2985820590984,8.0
Z,terminal_value_shifted,1000,0.0,-0.06666666666667,0.0,0.06666666666667,0.08,13,0.013333333333333336,0.011547005383792518,0.9933586346117762,0.006641365388223797,4.705,272.2985820590984,8.0
Z,terminal_value_shifted,1001,0.0,-0.06666666666667,0.01333333333333,0.06798692684790641,0.08,13,0.013333333333333336,0.011547005383792518,0.9930384814679732,0.006961518532026756,4.705,272.2985820590984,8.0
Z,terminal_value_shifted,1002,0.0,-0.06666666666667,0.02666666666667,0.07180219742846439,0.08,13,0.013333333333333336,0.011547005383792518,0.9927126931041942,0.007287306895805812,4.705,272.2985820590984,8.0
Z,terminal_value_shifted,1003,0.0,-0.06666666666667,0.04,0.07774602526460686,0.08,13,0.013333333333333336,0.011547005383792518,0.9923851108981399,0.007614889101860145,4.705,272.2985820590984,8.0
Z,terminal_value_shifted,1004,0.0,-0.06656402354703,-0.04437601569802,0.08000000000000301,0.08,13,0.013333333333333336,0.011547005383792518,0.9943561560921894,0.005643843907810586,4.705,272.2985820590984,8.0
Z,terminal_value_shifted,1005,0.0,-0.06656402354703,0.04437601569802,0.08000000000000301,0.08,13,0.013333333333333336,0.011547005383792518,0.9922931842923267,0.007706815707673287,4.705,272.2985820590984,8.0
Z,terminal_value_shifted,1006,0.0,-0.06246950475544,-0.04997560380435,0.07999999999999564,0.08,13,0.013333333333333336,0.011547005383792518,0.9950334684625695,0.004966531537430541,4.705,272.2985820590984,8.0
Z,terminal_value_shifted,1007,0.0,-0.06246950475544,0.04997560380435,0.07999999999999564,0.08,13,0.013333333333333336,0.011547005383792518,0.9927532757280697,0.007246724271930294,4.705,272.2985820590984,8.0
Z,terminal_value_shifted,1008,0.0,-0.06145770236779,-0.05121475197316,0.08000000000000099,0.08,13,0.013333333333333336,0.011547005383792518,0.9951913131584682,0.004808686841531795,4.705,272.2985820590984,8.0
Z,terminal_value_shifted,1009,0.0,-0.06145770236779,0.05121475197316,0.08000000000000099,0.08,13,0.013333333333333336,0.011547005383792518,0.9928667885029314,0.007133211497068581,4.705,272.2985820590984,8.0
Z,terminal_value_shifted,1010,0.0,-0.05656854249492,-0.05656854249492,0.07999999999999463,0.08,13,0.013333333333333336,0.011547005383792518,0.995904755515675,0.004095244484324967,4.705,272.2985820590984,8.0
Z,terminal_value_shifted,1011,0.0,-0.05656854249492,0.05656854249492,0.07999999999999463,0.08,13,0.013333333333333336,0.011547005383792518,0.9934103588795263,0.006589641120473666,4.705,272.2985820590984,8.0
Z,terminal_value_shifted,1012,0.0,-0.05333333333333,-0.05333333333333,0.07542472332656036,0.08,13,0.013333333333333336,0.011547005383792518,0.9962267582763272,0.003773241723672771,4.705,272.2985820590984,8.0
Z,terminal_value_shifted,1013,0.0,-0.05333333333333,-0.04,0.066666666666664,0.08,13,0.013333333333333336,0.011547005383792518,0.9959851163431922,0.0040148836568077995,4.705,272.2985820590984,8.0
Z,terminal_value_shifted,1014,0.0,-0.05333333333333,-0.02666666666667,0.059628479399992905,0.08,13,0.013333333333333336,0.011547005383792518,0.9957252343510845,0.004274765648915491,4.705,272.2985820590984,8.0
Z,terminal_value_shifted,1015,0.0,-0.05333333333333,-0.01333333333333,0.0549747416748981,0.08,13,0.013333333333333336,0.011547005383792518,0.9954489357950036,0.004551064204996402,4.705,272.2985820590984,8.0
Z,terminal_value_shifted,1016,0.0,-0.05333333333333,0.0,0.05333333333333,0.08,13,0.013333333333333336,0.011547005383792518,0.9951584281082684,0.004841571891731622,4.705,272.2985820590984,8.0
Z,terminal_value_shifted,1017,0.0,-0.05333333333333,0.01333333333333,0.0549747416748981,0.08,13,0.013333333333333336,0.011547005383792518,0.9948563185181232,0.005143681481876827,4.705,272.2985820590984,8.0
Z,terminal_value_shifted,1018,0.0,-0.05333333333333,0.02666666666667,0.059628479399992905,0.08,13,0.013333333333333336,0.011547005383792518,0.9945456200762806,0.0054543799237194435,4.705,272.2985820590984,8.0
Z,terminal_value_shifted,1019,0.0,-0.05333333333333,0.04,0.066666666666664,0.08,13,0.013333333333333336,0.011547005383792518,0.9942297477653572,0.005770252234642781,4.705,272.2985820590984,8.0
Z,terminal_value_shifted,1020,0.0,-0.05333333333333,0.05333333333333,0.07542472332656036,0.08,13,0.013333333333333336,0.011547005383792518,0.9939125045969758,0.006087495403024223,4.705,272.2985820590984,8.0
Z,terminal_value_shifted,1021,0.0,-0.05121475197316,-0.06145770236779,0.08000000000000099,0.08,13,0.013333333333333336,0.011547005383792518,0.9965975167222385,0.003402483277761492,4.705,272.2985820590984,8.0
Z,terminal_value_shifted,1022,0.0,-0.05121475197316,0.06145770236779,0.08000000000000099,0.08,13,0.013333333333333336,0.011547005383792518,0.9939910278784662,0.00600897212153384,4.705,272.2985820590984,8.0
Z,terminal_value_shifted,1023,0.0,-0.04997560380435,-0.06246950475544,0.07999999999999564,0.08,13,0.013333333333333336,0.011547005383792518,0.9967452459278794,0.0032547540721206136,4.705,272.2985820590984,8.0
Z,terminal_value_shifted,1024,0.0,-0.04997560380435,0.06246950475544,0.07999999999999564,0.08,13,0.013333333333333336,0.011547005383792518,0.9941226960146263,0.005877303985373672,4.705,272.2985820590984,8.0
Z,terminal_value_shifted,1025,0.0,-0.04437601569802,-0.06656402354703,0.08000000000000301,0.08,13,0.013333333333333336,0.011547005383792518,0.9973556650227645,0.002644334977235485,4.705,272.2985820590984,8.0
Z,terminal_value_shifted,1026,0.0,-0.04437601569802,0.06656402354703,0.08000000000000301,0.08,13,0.013333333333333336,0.011547005383792518,0.9947030204869174,0.005296979513082611,4.705,272.2985820590984,8.0
Z,terminal_value_shifted,1027,0.0,-0.04,-0.06666666666667,0.07774602526460686,0.08,13,0.013333333333333336,0.011547005383792518,0.9977355900478128,0.0022644099521872407,4.705,272.2985820590984,8.0
Z,terminal_value_shifted,1028,0.0,-0.04,-0.05333333333333,0.066666666666664,0.08,13,0.013333333333333336,0.011547005383792518,0.9975526123909477,0.002447387609052276,4.705,272.2985820590984,8.0
Z,terminal_value_shifted,1029,0.0,-0.04,-0.04,0.0565685424949238,0.08,13,0.013333333333333336,0.011547005383792518,0.9973498747855203,0.002650125214479715,4.705,272.2985820590984,8.0
Z,terminal_value_shifted,1030,0.0,-0.04,-0.02666666666667,0.04807401700618837,0.08,13,0.013333333333333336,0.011547005383792518,0.9971281198999372,0.0028718801000627847,4.705,272.2985820590984,8.0
Z,terminal_value_shifted,1031,0.0,-0.04,-0.01333333333333,0.04216370213557734,0.08,13,0.013333333333333336,0.011547005383792518,0.9968885015337157,0.003111498466284335,4.705,272.2985820590984,8.0
Z,terminal_value_shifted,1032,0.0,-0.04,0.0,0.04,0.08,13,0.013333333333333336,0.011547005383792518,0.9966326107638585,0.003367389236141549,4.705,272.2985820590984,8.0
Z,terminal_value_shifted,1033,0.0,-0.04,0.01333333333333,0.04216370213557734,0.08,13,0.013333333333333336,0.011547005383792518,0.9963624920937774,0.0036375079062226368,4.705,272.2985820590984,8.0
Z,terminal_value_shifted,1034,0.0,-0.04,0.02666666666667,0.04807401700618837,0.08,13,0.013333333333333336,0.011547005383792518,0.9960806494901451,0.003919350509854924,4.705,272.2985820590984,8.0
Z,terminal_value_shifted,1035,0.0,-0.04,0.04,0.0565685424949238,0.08,13,0.013333333333333336,0.011547005383792518,0.9957900422107276,0.004209957789272356,4.705,272.2985820590984,8.0
Z,terminal_value_shifted,1036,0.0,-0.04,0.05333333333333,0.066666666666664,0.08,13,0.013333333333333336,0.011547005383792518,0.9954940703419242,0.004505929658075836,4.705,272.2985820590984,8.0
Z,terminal_value_shifted,1037,0.0,-0.04,0.06666666666667,0.07774602526460686,0.08,13,0.013333333333333336,0.011547005383792518,0.9951965499796709,0.004803450020329114,4.705,272.2985820590984,8.0
Z,terminal_value_shifted,1038,0.0,-0.03577708764,-0.07155417527999,0.07999999999999859,0.08,13,0.013333333333333336,0.011547005383792518,0.9981166322136826,0.0018833677863173692,4.705,272.2985820590984,8.0
Z,terminal_value_shifted,1039,0.0,-0.03577708764,0.07155417527999,0.07999999999999859,0.08,13,0.013333333333333336,0.011547005383792518,0.9955421350325638,0.004457864967436165,4.705,272.2985820590984,8.0
Z,terminal_value_shifted,1040,0.0,-0.02666666666667,-0.06666666666667,0.07180219742846439,0.08,13,0.013333333333333336,0.011547005383792518,0.9986242312172564,0.0013757687827435916,4.705,272.2985820590984,8.0
Z,terminal_value_shifted,1041,0.0,-0.02666666666667,-0.05333333333333,0.059628479399992905,0.08,13,0.013333333333333336,0.011547005383792518,0.9984941561526446,0.0015058438473554148,4.705,272.2985820590984,8.0
Z,terminal_value_shifted,1042,0.0,-0.02666666666667,-0.04,0.04807401700618837,0.08,13,0.013333333333333336,0.011547005383792518,0.9983442275733263,0.0016557724266736962,4.705,272.2985820590984,8.0
Z,terminal_value_shifted,1043,0.0,-0.02666666666667,-0.02666666666667,0.037712361663287244,0.08,13,0.013333333333333336,0.011547005383792518,0.9981744512914329,0.001825548708567104,4.705,272.2985820590984,8.0
Z,terminal_value_shifted,1044,0.0,-0.02666666666667,-0.01333333333333,0.029814239699998687,0.08,13,0.013333333333333336,0.011547005383792518,0.9979852928878088,0.0020147071121912052,4.705,272.2985820590984,8.0
Z,terminal_value_shifted,1045,0.0,-0.02666666666667,0.0,0.02666666666667,0.08,13,0.013333333333333336,0.011547005383792518,0.9977777048111596,0.0022222951888404285,4.705,272.2985820590984,8.0
Z,terminal_value_shifted,1046,0.0,-0.02666666666667,0.01333333333333,0.029814239699998687,0.08,13,0.013333333333333336,0.011547005383792518,0.9975531432136806,0.0024468567863193957,4.705,272.2985820590984,8.0
Z,terminal_value_shifted,1047,0.0,-0.02666666666667,0.02666666666667,0.037712361663287244,0.08,13,0.013333333333333336,0.011547005383792518,0.9973135744045233,0.0026864255954767158,4.705,272.2985820590984,8.0
Z,terminal_value_shifted,1048,0.0,-0.02666666666667,0.04,0.04807401700618837,0.08,13,0.013333333333333336,0.011547005383792518,0.99706147082096,0.002938529179040028,4.705,272.2985820590984,8.0
Z,terminal_value_shifted,1049,0.0,-0.02666666666667,0.05333333333333,0.059628479399992905,0.08,13,0.013333333333333336,0.011547005383792518,0.9967997964340102,0.003200203565989823,4.705,272.2985820590984,8.0
Z,terminal_value_shifted,1050,0.0,-0.02666666666667,0.06666666666667,0.07180219742846439,0.08,13,0.013333333333333336,0.011547005383792518,0.996531981521703,0.0034680184782970302,4.705,272.2985820590984,8.0
Z,terminal_value_shifted,1051,0.0,-0.02529822128135,-0.07589466384404,0.07999999999999989,0.08,13,0.013333333333333336,0.011547005383792518,0.9987672466804419,0.0012327533195580775,4.705,272.2985820590984,8.0
Z,terminal_value_shifted,1052,0.0,-0.02529822128135,0.07589466384404,0.07999999999999989,0.08,13,0.013333333333333336,0.011547005383792518,0.9964693329106543,0.003530667089345685,4.705,272.2985820590984,8.0
Z,terminal_value_shifted,1053,0.0,-0.01333333333333,-0.06666666666667,0.06798692684790641,0.08,13,0.013333333333333336,0.011547005383792518,0.9991147250008614,0.0008852749991385966,4.705,272.2985820590984,8.0
Z,terminal_value_shifted,1054,0.0,-0.01333333333333,-0.05333333333333,0.0549747416748981,0.08,13,0.013333333333333336,0.011547005383792518,0.999050891750603,0.0009491082493969794,4.705,272.2985820590984,8.0
Z,terminal_value_shifted,1055,0.0,-0.01333333333333,-0.04,0.04216370213557734,0.08,13,0.013333333333333336,0.011547005383792518,0.9989671046880451,0.00103289531195494,4.705,272.2985820590984,8.0
Z,terminal_value_shifted,1056,0.0,-0.01333333333333,-0.02666666666667,0.029814239699998687,0.08,13,0.013333333333333336,0.011547005383792518,0.9988626184840642,0.001137381515935787,4.705,272.2985820590984,8.0
Z,terminal_value_shifted,1057,0.0,-0.01333333333333,-0.01333333333333,0.01885618083163655,0.08,13,0.013333333333333336,0.011547005383792518,0.998737191791562,0.0012628082084380488,4.705,272.2985820590984,8.0
Z,terminal_value_shifted,1058,0.0,-0.01333333333333,0.0,0.01333333333333,0.08,13,0.013333333333333336,0.011547005383792518,0.9985911156933149,0.0014088843066850654,4.705,272.2985820590984,8.0
Z,terminal_value_shifted,1059,0.0,-0.01333333333333,0.01333333333333,0.01885618083163655,0.08,13,0.013333333333333336,0.011547005383792518,0.998425231643811,0.0015747683561889714,4.705,272.2985820590984,8.0
Z,terminal_value_shifted,1060,0.0,-0.01333333333333,0.02666666666667,0.029814239699998687,0.08,13,0.013333333333333336,0.011547005383792518,0.9982409387767281,0.0017590612232718517,4.705,272.2985820590984,8.0
Z,terminal_value_shifted,1061,0.0,-0.01333333333333,0.04,0.04216370213557734,0.08,13,0.013333333333333336,0.011547005383792518,0.9980401904692725,0.0019598095307274965,4.705,272.2985820590984,8.0
Z,terminal_value_shifted,1062,0.0,-0.01333333333333,0.05333333333333,0.0549747416748981,0.08,13,0.013333333333333336,0.011547005383792518,0.9978254800729975,0.0021745199270024607,4.705,272.2985820590984,8.0
Z,terminal_value_shifted,1063,0.0,-0.01333333333333,0.06666666666667,0.06798692684790641,0.08,13,0.013333333333333336,0.011547005383792518,0.9975998157389855,0.002400184261014515,4.705,272.2985820590984,8.0
Z,terminal_value_shifted,1064,0.0,-0.01315191898443,-0.07891151390657,0.07999999999999875,0.08,13,0.013333333333333336,0.011547005383792518,0.9991598313986458,0.0008401686013541632,4.705,272.2985820590984,8.0
Z,terminal_value_shifted,1065,0.0,-0.01315191898443,0.07891151390657,0.07999999999999875,0.08,13,0.013333333333333336,0.011547005383792518,0.9973991098466317,0.002600890153368285,4.705,272.2985820590984,8.0
Z,terminal_value_shifted,1066,0.0,0.0,-0.08,0.08,0.08,13,0.013333333333333336,0.011547005383792518,0.9991751674517105,0.000824832548289467,4.705,272.2985820590984,8.0
Z,terminal_value_shifted,1067,0.0,0.0,-0.06666666666667,0.06666666666667,0.08,13,0.013333333333333336,0.011547005383792518,0.9992082995725065,0.0007917004274935469,4.705,272.2985820590984,8.0
Z,terminal_value_shifted,1068,0.0,0.0,-0.05333333333333,0.05333333333333,0.08,13,0.013333333333333336,0.011547005383792518,0.9992234084050505,0.0007765915949494717,4.705,272.2985820590984,8.0
Z,terminal_value_shifted,1069,0.0,0.0,-0.04,0.04,0.08,13,0.013333333333333336,0.011547005383792518,0.9992184812168212,0.0007815187831787807,4.705,272.2985820590984,8.0
Z,terminal_value_shifted,1070,0.0,0.0,-0.02666666666667,0.02666666666667,0.08,13,0.013333333333333336,0.011547005383792518,0.9991920080036453,0.0008079919963547288,4.705,272.2985820590984,8.0
Z,terminal_value_shifted,1071,0.0,0.0,-0.01333333333333,0.01333333333333,0.08,13,0.013333333333333336,0.011547005383792518,0.9991430222550095,0.0008569777449904947,4.705,272.2985820590984,8.0
Z,terminal_value_shifted,1072,0.0,0.0,0.0,0.0,0.08,13,0.013333333333333336,0.011547005383792518,0.9990711311627181,0.0009288688372819376,4.705,272.2985820590984,8.0
Z,terminal_value_shifted,1073,0.0,0.0,0.01333333333333,0.01333333333333,0.08,13,0.013333333333333336,0.011547005383792518,0.9989765351063116,0.0010234648936884305,4.705,272.2985820590984,8.0
Z,terminal_value_shifted,1074,0.0,0.0,0.02666666666667,0.02666666666667,0.08,13,0.013333333333333336,0.011547005383792518,0.9988600362713647,0.0011399637286353403,4.705,272.2985820590984,8.0
Z,terminal_value_shifted,1075,0.0,0.0,0.04,0.04,0.08,13,0.013333333333333336,0.011547005383792518,0.9987230362776601,0.0012769637223398744,4.705,272.2985820590984,8.0
Z,terminal_value_shifted,1076,0.0,0.0,0.05333333333333,0.05333333333333,0.08,13,0.013333333333333336,0.011547005383792518,0.9985675227143755,0.001432477285624456,4.705,272.2985820590984,8.0
Z,terminal_value_shifted,1077,0.0,0.0,0.06666666666667,0.06666666666667,0.08,13,0.013333333333333336,0.011547005383792518,0.9983960444998197,0.0016039555001803318,4.705,272.2985820590984,8.0
Z,terminal_value_shifted,1078,0.0,0.0,0.08,0.08,0.08,13,0.013333333333333336,0.011547005383792518,0.9982116760050196,0.001788323994980412,4.705,272.2985820590984,8.0
Z,terminal_value_shifted,1079,0.0,0.01315191898443,-0.07891151390657,0.07999999999999875,0.08,13,0.013333333333333336,0.011547005383792518,0.9988024594451281,0.0011975405548718676,4.705,272.2985820590984,8.0
Z,terminal_value_shifted,1080,0.0,0.01315191898443,0.07891151390657,0.07999999999999875,0.08,13,0.013333333333333336,0.011547005383792518,0.9987975948251131,0.0012024051748869002,4.705,272.2985820590984,8.0
Z,terminal_value_shifted,1081,0.0,0.01333333333333,-0.06666666666667,0.06798692684790641,0.08,13,0.013333333333333336,0.011547005383792518,0.9989072337542514,0.001092766245748611,4.705,272.2985820590984,8.0
Z,terminal_value_shifted,1082,0.0,0.01333333333333,-0.05333333333333,0.0549747416748981,0.08,13,0.013333333333333336,0.011547005383792518,0.9990133169977317,0.0009866830022683404,4.705,272.2985820590984,8.0
Z,terminal_value_shifted,1083,0.0,0.01333333333333,-0.04,0.04216370213557734,0.08,13,0.013333333333333336,0.011547005383792518,0.9990993169923025,0.0009006830076975225,4.705,272.2985820590984,8.0
Z,terminal_value_shifted,1084,0.0,0.01333333333333,-0.02666666666667,0.029814239699998687,0.08,13,0.013333333333333336,0.011547005383792518,0.9991629469436347,0.0008370530563652778,4.705,272.2985820590984,8.0
Z,terminal_value_shifted,1085,0.0,0.01333333333333,-0.01333333333333,0.01885618083163655,0.08,13,0.013333333333333336,0.011547005383792518,0.9992024981141464,0.0007975018858535909,4.705,272.2985820590984,8.0
Z,terminal_value_shifted,1086,0.0,0.01333333333333,0.0,0.01333333333333,0.08,13,0.013333333333333336,0.011547005383792518,0.9992168722114966,0.0007831277885034238,4.705,272.2985820590984,8.0
Z,terminal_value_shifted,1087,0.0,0.01333333333333,0.01333333333333,0.01885618083163655,0.08,13,0.013333333333333336,0.011547005383792518,0.9992056028640519,0.0007943971359480884,4.705,272.2985820590984,8.0
Z,terminal_value_shifted,1088,0.0,0.01333333333333,0.02666666666667,0.029814239699998687,0.08,13,0.013333333333333336,0.011547005383792518,0.9991688660180359,0.000831133981964105,4.705,272.2985820590984,8.0
Z,terminal_value_shifted,1089,0.0,0.01333333333333,0.04,0.04216370213557734,0.08,13,0.013333333333333336,0.011547005383792518,0.9991074791134583,0.0008925208865416812,4.705,272.2985820590984,8.0
Z,terminal_value_shifted,1090,0.0,0.01333333333333,0.05333333333333,0.0549747416748981,0.08,13,0.013333333333333336,0.011547005383792518,0.9990228889179844,0.0009771110820155915,4.705,272.2985820590984,8.0
Z,terminal_value_shifted,1091,0.0,0.01333333333333,0.06666666666667,0.06798692684790641,0.08,13,0.013333333333333336,0.011547005383792518,0.9989171479207117,0.0010828520792882657,4.705,272.2985820590984,8.0
Z,terminal_value_shifted,1092,0.0,0.02529822128135,-0.07589466384404,0.07999999999999989,0.08,13,0.013333333333333336,0.011547005383792518,0.9981571774332263,0.0018428225667737053,4.705,272.2985820590984,8.0
Z,terminal_value_shifted,1093,0.0,0.02529822128135,0.07589466384404,0.07999999999999989,0.08,13,0.013333333333333336,0.011547005383792518,0.9991080582048975,0.0008919417951025466,4.705,272.2985820590984,8.0
Z,terminal_value_shifted,1094,0.0,0.02666666666667,-0.06666666666667,0.07180219742846439,0.08,13,0.013333333333333336,0.011547005383792518,0.9982147226572957,0.0017852773427042834,4.705,272.2985820590984,8.0
Z,terminal_value_shifted,1095,0.0,0.02666666666667,-0.05333333333333,0.059628479399992905,0.08,13,0.013333333333333336,0.011547005383792518,0.998423123582372,0.001576876417628048,4.705,272.2985820590984,8.0
Z,terminal_value_shifted,1096,0.0,0.02666666666667,-0.04,0.04807401700618837,0.08,13,0.013333333333333336,0.011547005383792518,0.998611437442503,0.001388562557496975,4.705,272.2985820590984,8.0
Z,terminal_value_shifted,1097,0.0,0.02666666666667,-0.02666666666667,0.037712361663287244,0.08,13,0.013333333333333336,0.011547005383792518,0.9987765906339322,0.0012234093660677958,4.705,272.2985820590984,8.0
Z,terminal_value_shifted,1098,0.0,0.02666666666667,-0.01333333333333,0.029814239699998687,0.08,13,0.013333333333333336,0.011547005383792518,0.9989161170120916,0.0010838829879084022,4.705,272.2985820590984,8.0
Z,terminal_value_shifted,1099,0.0,0.02666666666667,0.0,0.02666666666667,0.08,13,0.013333333333333336,0.011547005383792518,0.9990281928762756,0.0009718071237243553,4.705,272.2985820590984,8.0
Z,terminal_value_shifted,1100,0.0,0.02666666666667,0.01333333333333,0.029814239699998687,0.08,13,0.013333333333333336,0.011547005383792518,0.9991116608815676,0.0008883391184324463,4.705,272.2985820590984,8.0
Z,terminal_value_shifted,1101,0.0,0.02666666666667,0.02666666666667,0.037712361663287244,0.08,13,0.013333333333333336,0.011547005383792518,0.9991660426855187,0.0008339573144813262,4.705,272.2985820590984,8.0
Z,terminal_value_shifted,1102,0.0,0.02666666666667,0.04,0.04807401700618837,0.08,13,0.013333333333333336,0.011547005383792518,0.9991915401610042,0.0008084598389958009,4.705,272.2985820590984,8.0
Z,terminal_value_shifted,1103,0.0,0.02666666666667,0.05333333333333,0.059628479399992905,0.08,13,0.013333333333333336,0.011547005383792518,0.9991890250308724,0.0008109749691276313,4.705,272.2985820590984,8.0
Z,terminal_value_shifted,1104,0.0,0.02666666666667,0.06666666666667,0.07180219742846439,0.08,13,0.013333333333333336,0.011547005383792518,0.999160016805426,0.0008399831945740122,4.705,272.2985820590984,8.0
Z,terminal_value_shifted,1105,0.0,0.03577708764,-0.07155417527999,0.07999999999999859,0.08,13,0.013333333333333336,0.011547005383792518,0.9974099296612425,0.0025900703387574664,4.705,272.2985820590984,8.0
Z,terminal_value_shifted,1106,0.0,0.03577708764,0.07155417527999,0.07999999999999859,0.08,13,0.013333333333333336,0.011547005383792518,0.9991680522428774,0.0008319477571225864,4.705,272.2985820590984,8.0
Z,terminal_value_shifted,1107,0.0,0.04,-0.06666666666667,0.07774602526460686,0.08,13,0.013333333333333336,0.011547005383792518,0.9971346794379103,0.002865320562089657,4.705,272.2985820590984,8.0
Z,terminal_value_shifted,1108,0.0,0.04,-0.05333333333333,0.066666666666664,0.08,13,0.013333333333333336,0.011547005383792518,0.9974560411349689,0.002543958865031115,4.705,272.2985820590984,8.0
Z,terminal_value_shifted,1109,0.0,0.04,-0.04,0.0565685424949238,0.08,13,0.013333333333333336,0.011547005383792518,0.9977573549773852,0.002242645022614842,4.705,272.2985820590984,8.0
Z,terminal_value_shifted,1110,0.0,0.04,-0.02666666666667,0.04807401700618837,0.08,13,0.013333333333333336,0.011547005383792518,0.9980347532887766,0.001965246711223445,4.705,272.2985820590984,8.0
Z,terminal_value_shifted,1111,0.0,0.04,-0.01333333333333,0.04216370213557734,0.08,13,0.013333333333333336,0.011547005383792518,0.9982849999215364,0.001715000078463591,4.705,272.2985820590984,8.0
Z,terminal_value_shifted,1112,0.0,0.04,0.0,0.04,0.08,13,0.013333333333333336,0.011547005383792518,0.998505528241528,0.0014944717584719491,4.705,272.2985820590984,8.0
Z,terminal_value_shifted,1113,0.0,0.04,0.01333333333333,0.04216370213557734,0.08,13,0.013333333333333336,0.011547005383792518,0.9986944679135007,0.0013055320864993059,4.705,272.2985820590984,8.0
Z,terminal_value_shifted,1114,0.0,0.04,0.02666666666667,0.04807401700618837,0.08,13,0.013333333333333336,0.011547005383792518,0.9988506602616984,0.001149339738301558,4.705,272.2985820590984,8.0
Z,terminal_value_shifted,1115,0.0,0.04,0.04,0.0565685424949238,0.08,13,0.013333333333333336,0.011547005383792518,0.9989736620057478,0.0010263379942522244,4.705,272.2985820590984,8.0
Z,terminal_value_shifted,1116,0.0,0.04,0.05333333333333,0.066666666666664,0.08,13,0.013333333333333336,0.011547005383792518,0.999063737198266,0.000936262801733978,4.705,272.2985820590984,8.0
Z,terminal_value_shifted,1117,0.0,0.04,0.06666666666667,0.07774602526460686,0.08,13,0.013333333333333336,0.011547005383792518,0.9991218372187625,0.0008781627812375348,4.705,272.2985820590984,8.0
Z,terminal_value_shifted,1118,0.0,0.04437601569802,-0.06656402354703,0.08000000000000301,0.08,13,0.013333333333333336,0.011547005383792518,0.9966993153046537,0.0033006846953462787,4.705,272.2985820590984,8.0
Z,terminal_value_shifted,1119,0.0,0.04437601569802,0.06656402354703,0.08000000000000301,0.08,13,0.013333333333333336,0.011547005383792518,0.9990470392481355,0.0009529607518644623,4.705,272.2985820590984,8.0
Z,terminal_value_shifted,1120,0.0,0.04997560380435,-0.06246950475544,0.07999999999999564,0.08,13,0.013333333333333336,0.011547005383792518,0.996207485782342,0.0037925142176580273,4.705,272.2985820590984,8.0
Z,terminal_value_shifted,1121,0.0,0.04997560380435,0.06246950475544,0.07999999999999564,0.08,13,0.013333333333333336,0.011547005383792518,0.9988709039224677,0.00112909607753231,4.705,272.2985820590984,8.0
Z,terminal_value_shifted,1122,0.0,0.05121475197316,-0.06145770236779,0.08000000000000099,0.08,13,0.013333333333333336,0.011547005383792518,0.9960971361062245,0.0039028638937754767,4.705,272.2985820590984,8.0
Z,terminal_value_shifted,1123,0.0,0.05121475197316,0.06145770236779,0.08000000000000099,0.08,13,0.013333333333333336,0.011547005383792518,0.9988201960776706,0.0011798039223294143,4.705,272.2985820590984,8.0
Z,terminal_value_shifted,1124,0.0,0.05333333333333,-0.05333333333333,0.07542472332656036,0.08,13,0.013333333333333336,0.011547005383792518,0.9961157419359847,0.003884258064015267,4.705,272.2985820590984,8.0
Z,terminal_value_shifted,1125,0.0,0.05333333333333,-0.04,0.066666666666664,0.08,13,0.013333333333333336,0.011547005383792518,0.9965400331252189,0.0034599668747811174,4.705,272.2985820590984,8.0
Z,terminal_value_shifted,1126,0.0,0.05333333333333,-0.02666666666667,0.059628479399992905,0.08,13,0.013333333333333336,0.011547005383792518,0.9969396836852932,0.0030603163147068235,4.705,272.2985820590984,8.0
Z,terminal_value_shifted,1127,0.0,0.05333333333333,-0.01333333333333,0.0549747416748981,0.08,13,0.013333333333333336,0.011547005383792518,0.9973106781152928,0.002689321884707163,4.705,272.2985820590984,8.0
Z,terminal_value_shifted,1128,0.0,0.05333333333333,0.0,0.05333333333333,0.08,13,0.013333333333333336,0.011547005383792518,0.9976496924196231,0.002350307580376909,4.705,272.2985820590984,8.0
Z,terminal_value_shifted,1129,0.0,0.05333333333333,0.01333333333333,0.0549747416748981,0.08,13,0.013333333333333336,0.011547005383792518,0.9979541241850309,0.002045875814969067,4.705,272.2985820590984,8.0
Z,terminal_value_shifted,1130,0.0,0.05333333333333,0.02666666666667,0.059628479399992905,0.08,13,0.013333333333333336,0.011547005383792518,0.9982221111042848,0.001777888895715174,4.705,272.2985820590984,8.0
Z,terminal_value_shifted,1131,0.0,0.05333333333333,0.04,0.066666666666664,0.08,13,0.013333333333333336,0.011547005383792518,0.9984525377095645,0.001547462290435453,4.705,272.2985820590984,8.0
Z,terminal_value_shifted,1132,0.0,0.05333333333333,0.05333333333333,0.07542472332656036,0.08,13,0.013333333333333336,0.011547005383792518,0.9986450301072429,0.0013549698927570741,4.705,272.2985820590984,8.0
Z,terminal_value_shifted,1133,0.0,0.05656854249492,-0.05656854249492,0.07999999999999463,0.08,13,0.013333333333333336,0.011547005383792518,0.9956209558435298,0.004379044156470169,4.705,272.2985820590984,8.0
Z,terminal_value_shifted,1134,0.0,0.05656854249492,0.05656854249492,0.07999999999999463,0.08,13,0.013333333333333336,0.011547005383792518,0.9985461569900046,0.0014538430099954036,4.705,272.2985820590984,8.0
Z,terminal_value_shifted,1135,0.0,0.06145770236779,-0.05121475197316,0.08000000000000099,0.08,13,0.013333333333333336,0.011547005383792518,0.9951992326822758,0.004800767317724164,4.705,272.2985820590984,8.0
Z,terminal_value_shifted,1136,0.0,0.06145770236779,0.05121475197316,0.08000000000000099,0.08,13,0.013333333333333336,0.011547005383792518,0.9982067254778326,0.0017932745221673763,4.705,272.2985820590984,8.0
Z,terminal_value_shifted,1137,0.0,0.06246950475544,-0.04997560380435,0.07999999999999564,0.08,13,0.013333333333333336,0.011547005383792518,0.9951153730997062,0.004884626900293787,4.705,272.2985820590984,8.0
Z,terminal_value_shifted,1138,0.0,0.06246950475544,0.04997560380435,0.07999999999999564,0.08,13,0.013333333333333336,0.011547005383792518,0.9981241290130748,0.00187587098692521,4.705,272.2985820590984,8.0
Z,terminal_value_shifted,1139,0.0,0.06656402354703,-0.04437601569802,0.08000000000000301,0.08,13,0.013333333333333336,0.011547005383792518,0.9947963378025537,0.005203662197446279,4.705,272.2985820590984,8.0
Z,terminal_value_shifted,1140,0.0,0.06656402354703,0.04437601569802,0.08000000000000301,0.08,13,0.013333333333333336,0.011547005383792518,0.9977386753467296,0.0022613246532704467,4.705,272.2985820590984,8.0
Z,terminal_value_shifted,1141,0.0,0.06666666666667,-0.04,0.07774602526460686,0.08,13,0.013333333333333336,0.011547005383792518,0.9949625985971609,0.005037401402839148,4.705,272.2985820590984,8.0
Z,terminal_value_shifted,1142,0.0,0.06666666666667,-0.02666666666667,0.07180219742846439,0.08,13,0.013333333333333336,0.011547005383792518,0.9954937907426712,0.004506209257328808,4.705,272.2985820590984,8.0
Z,terminal_value_shifted,1143,0.0,0.06666666666667,-0.01333333333333,0.06798692684790641,0.08,13,0.013333333333333336,0.011547005383792518,0.9959948321639073,0.004005167836092727,4.705,272.2985820590984,8.0
Z,terminal_value_shifted,1144,0.0,0.06666666666667,0.0,0.06666666666667,0.08,13,0.013333333333333336,0.011547005383792518,0.9964616308127404,0.0035383691872595824,4.705,272.2985820590984,8.0
Z,terminal_value_shifted,1145,0.0,0.06666666666667,0.01333333333333,0.06798692684790641,0.08,13,0.013333333333333336,0.011547005383792518,0.9968908367127508,0.0031091632872491948,4.705,272.2985820590984,8.0
Z,terminal_value_shifted,1146,0.0,0.06666666666667,0.02666666666667,0.07180219742846439,0.08,13,0.013333333333333336,0.011547005383792518,0.9972798640707365,0.0027201359292634564,4.705,272.2985820590984,8.0
Z,terminal_value_shifted,1147,0.0,0.06666666666667,0.04,0.07774602526460686,0.08,13,0.013333333333333336,0.011547005383792518,0.9976269014618043,0.0023730985381956726,4.705,272.2985820590984,8.0
Z,terminal_value_shifted,1148,0.0,0.07155417527999,-0.03577708764,0.07999999999999859,0.08,13,0.013333333333333336,0.011547005383792518,0.994481999708351,0.00551800029164895,4.705,272.2985820590984,8.0
Z,terminal_value_shifted,1149,0.0,0.07155417527999,0.03577708764,0.07999999999999859,0.08,13,0.013333333333333336,0.011547005383792518,0.997128387569907,0.00287161243009304,4.705,272.2985820590984,8.0
Z,terminal_value_shifted,1150,0.0,0.07589466384404,-0.02529822128135,0.07999999999999989,0.08,13,0.013333333333333336,0.011547005383792518,0.9943515649825654,0.0056484350174346165,4.705,272.2985820590984,8.0
Z,terminal_value_shifted,1151,0.0,0.07589466384404,0.02529822128135,0.07999999999999989,0.08,13,0.013333333333333336,0.011547005383792518,0.9963966946072516,0.003603305392748446,4.705,272.2985820590984,8.0
Z,terminal_value_shifted,1152,0.0,0.07891151390657,-0.01315191898443,0.07999999999999875,0.08,13,0.013333333333333336,0.011547005383792518,0.9944951875661978,0.005504812433802186,4.705,272.2985820590984,8.0
Z,terminal_value_shifted,1153,0.0,0.07891151390657,0.01315191898443,0.07999999999999875,0.08,13,0.013333333333333336,0.011547005383792518,0.9956227063774454,0.004377293622554568,4.705,272.2985820590984,8.0
Z,terminal_value_shifted,1154,0.0,0.08,0.0,0.08,0.08,13,0.013333333333333336,0.011547005383792518,0.9949421334559618,0.00505786654403817,4.705,272.2985820590984,8.0
Z,terminal_value_shifted,1155,0.00936329177569,-0.05617975065414,-0.05617975065414,0.0799999999999962,0.08,13,0.013333333333333336,0.011547005383792518,0.9959373759229564,0.004062624077043608,4.705,272.2985820590984,8.0
Z,terminal_value_shifted,1156,0.00936329177569,-0.05617975065414,0.05617975065414,0.0799999999999962,0.08,13,0.013333333333333336,0.011547005383792518,0.9934436296706497,0.006556370329350303,4.705,272.2985820590984,8.0
Z,terminal_value_shifted,1157,0.00936329177569,0.05617975065414,-0.05617975065414,0.0799999999999962,0.08,13,0.013333333333333336,0.011547005383792518,0.9957406595868937,0.004259340413106272,4.705,272.2985820590984,8.0
Z,terminal_value_shifted,1158,0.00936329177569,0.05617975065414,0.05617975065414,0.0799999999999962,0.08,13,0.013333333333333336,0.011547005383792518,0.9985854480367955,0.0014145519632045023,4.705,272.2985820590984,8.0
Z,terminal_value_shifted,1159,0.01016001016002,-0.06096006096009,-0.05080005080008,0.08000000000000192,0.08,13,0.013333333333333336,0.011547005383792518,0.9952406970215452,0.004759302978454838,4.705,272.2985820590984,8.0
Z,terminal_value_shifted,1160,0.01016001016002,-0.06096006096009,0.05080005080008,0.08000000000000192,0.08,13,0.013333333333333336,0.011547005383792518,0.992918322360451,0.007081677639549033,4.705,272.2985820590984,8.0
Z,terminal_value_shifted,1161,0.01016001016002,-0.05080005080008,-0.06096006096009,0.08000000000000192,0.08,13,0.013333333333333336,0.011547005383792518,0.9966264935950794,0.003373506404920623,4.705,272.2985820590984,8.0
Z,terminal_value_shifted,1162,0.01016001016002,-0.05080005080008,0.06096006096009,0.08000000000000192,0.08,13,0.013333333333333336,0.011547005383792518,0.9940234756594778,0.005976524340522205,4.705,272.2985820590984,8.0
Z,terminal_value_shifted,1163,0.01016001016002,0.05080005080008,-0.06096006096009,0.08000000000000192,0.08,13,0.013333333333333336,0.011547005383792518,0.9962174282031855,0.0037825717968145156,4.705,272.2985820590984,8.0
Z,terminal_value_shifted,1164,0.01016001016002,0.05080005080008,0.06096006096009,0.08000000000000192,0.08,13,0.013333333333333336,0.011547005383792518,0.9988509709622678,0.0011490290377321744,4.705,272.2985820590984,8.0
Z,terminal_value_shifted,1165,0.01016001016002,0.06096006096009,-0.05080005080008,0.08000000000000192,0.08,13,0.013333333333333336,0.011547005383792518,0.9953476144922763,0.004652385507723733,4.705,272.2985820590984,8.0
Z,terminal_value_shifted,1166,0.01016001016002,0.06096006096009,0.05080005080008,0.08000000000000192,0.08,13,0.013333333333333336,0.011547005383792518,0.9982639759077008,0.0017360240922992265,4.705,272.2985820590984,8.0
Z,terminal_value_shifted,1167,0.0109888451159,-0.06593307069537,-0.04395538046358,0.0799999999999998,0.08,13,0.013333333333333336,0.011547005383792518,0.9944286811355346,0.00557131886446538,4.705,272.2985820590984,8.0
Z,terminal_value_shifted,1168,0.0109888451159,-0.06593307069537,0.04395538046358,0.0799999999999998,0.08,13,0.013333333333333336,0.011547005383792518,0.9923688337378391,0.007631166262160871,4.705,272.2985820590984,8.0
Z,terminal_value_shifted,1169,0.0109888451159,-0.04395538046358,-0.06593307069537,0.0799999999999998,0.08,13,0.013333333333333336,0.011547005383792518,0.9973775903399827,0.0026224096600172553,4.705,272.2985820590984,8.0
Z,terminal_value_shifted,1170,0.0109888451159,-0.04395538046358,0.06593307069537,0.0799999999999998,0.08,13,0.013333333333333336,0.011547005383792518,0.9947314367720785,0.005268563227921463,4.705,272.2985820590984,8.0
Z,terminal_value_shifted,1171,0.0109888451159,0.04395538046358,-0.06593307069537,0.0799999999999998,0.08,13,0.013333333333333336,0.011547005383792518,0.9968131364102684,0.0031868635897316366,4.705,272.2985820590984,8.0
Z,terminal_value_shifted,1172,0.0109888451159,0.04395538046358,0.06593307069537,0.0799999999999998,0.08,13,0.013333333333333336,0.011547005383792518,0.9990661499986638,0.0009338500013361672,4.705,272.2985820590984,8.0
Z,terminal_value_shifted,1173,0.0109888451159,0.06593307069537,-0.04395538046358,0.0799999999999998,0.08,13,0.013333333333333336,0.011547005383792518,0.9949777786066859,0.005022221393314097,4.705,272.2985820590984,8.0
Z,terminal_value_shifted,1174,0.0109888451159,0.06593307069537,0.04395538046358,0.0799999999999998,0.08,13,0.013333333333333336,0.011547005383792518,0.9978213953255711,0.0021786046744288745,4.705,272.2985820590984,8.0
Z,terminal_value_shifted,1175,0.01120224067222,-0.05601120336112,-0.05601120336112,0.07999999999999888,0.08,13,0.013333333333333336,0.011547005383792518,0.9959529469351347,0.0040470530648653025,4.705,272.2985820590984,8.0
Z,terminal_value_shifted,1176,0.01120224067222,-0.05601120336112,0.05601120336112,0.07999999999999888,0.08,13,0.013333333333333336,0.011547005383792518,0.9934651002215684,0.00653489977843158,4.705,272.2985820590984,8.0
Z,terminal_value_shifted,1177,0.01120224067222,0.05601120336112,-0.05601120336112,0.07999999999999888,0.08,13,0.013333333333333336,0.011547005383792518,0.9957776327090819,0.004222367290918072,4.705,272.2985820590984,8.0
Z,terminal_value_shifted,1178,0.01120224067222,0.05601120336112,0.05601120336112,0.07999999999999888,0.08,13,0.013333333333333336,0.011547005383792518,0.9985952867637454,0.0014047132362545733,4.705,272.2985820590984,8.0
Z,terminal_value_shifted,1179,0.01179535649239,-0.07077213895435,-0.03538606947718,0.08000000000000126,0.08,13,0.013333333333333336,0.011547005383792518,0.9935370705653424,0.006462929434657649,4.705,272.2985820590984,8.0
Z,terminal_value_shifted,1180,0.01179535649239,-0.07077213895435,0.03538606947718,0.08000000000000126,0.08,13,0.013333333333333336,0.011547005383792518,0.9918474336600991,0.008152566339900913,4.705,272.2985820590984,8.0
Z,terminal_value_shifted,1181,0.01179535649239,-0.03538606947718,-0.07077213895435,0.08000000000000126,0.08,13,0.013333333333333336,0.011547005383792518,0.9981288081759399,0.0018711918240601477,4.705,272.2985820590984,8.0
Z,terminal_value_shifted,1182,0.01179535649239,-0.03538606947718,0.07077213895435,0.08000000000000126,0.08,13,0.013333333333333336,0.011547005383792518,0.9955623681751083,0.004437631824891652,4.705,272.2985820590984,8.0
Z,terminal_value_shifted,1183,0.01179535649239,0.03538606947718,-0.07077213895435,0.08000000000000126,0.08,13,0.013333333333333336,0.011547005383792518,0.9975075655539425,0.002492434446057512,4.705,272.2985820590984,8.0
Z,terminal_value_shifted,1184,0.01179535649239,0.03538606947718,0.07077213895435,0.08000000000000126,0.08,13,0.013333333333333336,0.011547005383792518,0.9991734419420325,0.0008265580579674969,4.705,272.2985820590984,8.0
Z,terminal_value_shifted,1185,0.01179535649239,0.07077213895435,-0.03538606947718,0.08000000000000126,0.08,13,0.013333333333333336,0.011547005383792518,0.9946970744444832,0.005302925555516813,4.705,272.2985820590984,8.0
Z,terminal_value_shifted,1186,0.01179535649239,0.07077213895435,0.03538606947718,0.08000000000000126,0.08,13,0.013333333333333336,0.011547005383792518,0.9972454861312985,0.0027545138687015136,4.705,272.2985820590984,8.0
Z,terminal_value_shifted,1187,0.01234426799697,-0.06172133998484,-0.04937707198787,0.08000000000000328,0.08,13,0.013333333333333336,0.011547005383792518,0.9951116786828784,0.00488832131712158,4.705,272.2985820590984,8.0
Z,terminal_value_shifted,1188,0.01234426799697,-0.06172133998484,0.04937707198787,0.08000000000000328,0.08,13,0.013333333333333336,0.011547005383792518,0.9928405224909902,0.007159477509009804,4.705,272.2985820590984,8.0
Z,terminal_value_shifted,1189,0.01234426799697,-0.04937707198787,-0.06172133998484,0.08000000000000328,0.08,13,0.013333333333333336,0.011547005383792518,0.9967865280134445,0.0032134719865555272,4.705,272.2985820590984,8.0
Z,terminal_value_shifted,1190,0.01234426799697,-0.04937707198787,0.06172133998484,0.08000000000000328,0.08,13,0.013333333333333336,0.011547005383792518,0.9941765153779076,0.0058234846220923675,4.705,272.2985820590984,8.0
Z,terminal_value_shifted,1191,0.01234426799697,0.04937707198787,-0.06172133998484,0.08000000000000328,0.08,13,0.013333333333333336,0.011547005383792518,0.9963642816627155,0.003635718337284488,4.705,272.2985820590984,8.0
Z,terminal_value_shifted,1192,0.01234426799697,0.04937707198787,0.06172133998484,0.08000000000000328,0.08,13,0.013333333333333336,0.011547005383792518,0.998906371007825,0.001093628992175022,4.705,272.2985820590984,8.0
Z,terminal_value_shifted,1193,0.01234426799697,0.06172133998484,-0.04937707198787,0.08000000000000328,0.08,13,0.013333333333333336,0.011547005383792518,0.9953187146595174,0.004681285340482622,4.705,272.2985820590984,8.0
Z,terminal_value_shifted,1194,0.01234426799697,0.06172133998484,0.04937707198787,0.08000000000000328,0.08,13,0.013333333333333336,0.011547005383792518,0.9982021950146841,0.0017978049853158984,4.705,272.2985820590984,8.0
Z,terminal_value_shifted,1195,0.01249390095109,-0.07496340570653,-0.02498780190218,0.08000000000000033,0.08,13,0.013333333333333336,0.011547005383792518,0.9926491604385476,0.007350839561452438,4.705,272.2985820590984,8.0
Z,terminal_value_shifted,1196,0.01249390095109,-0.07496340570653,0.02498780190218,0.08000000000000033,0.08,13,0.013333333333333336,0.011547005383792518,0.9914413901237236,0.008558609876276435,4.705,272.2985820590984,8.0
Z,terminal_value_shifted,1197,0.01249390095109,-0.02498780190218,-0.07496340570653,0.08000000000000033,0.08,13,0.013333333333333336,0.011547005383792518,0.99877057059287,0.0012294294071300005,4.705,272.2985820590984,8.0
Z,terminal_value_shifted,1198,0.01249390095109,-0.02498780190218,0.07496340570653,0.08000000000000033,0.08,13,0.013333333333333336,0.011547005383792518,0.9964775596178949,0.003522440382105141,4.705,272.2985820590984,8.0
Z,terminal_value_shifted,1199,0.01249390095109,0.02498780190218,-0.07496340570653,0.08000000000000033,0.08,13,0.013333333333333336,0.011547005383792518,0.9982287364343806,0.0017712635656194076,4.705,272.2985820590984,8.0
Z,terminal_value_shifted,1200,0.01249390095109,0.02498780190218,0.07496340570653,0.08000000000000033,0.08,13,0.013333333333333336,0.011547005383792518,0.9991006066587975,0.0008993933412024813,4.705,272.2985820590984,8.0
Z,terminal_value_shifted,1201,0.01249390095109,0.07496340570653,-0.02498780190218,0.08000000000000033,0.08,13,0.013333333333333336,0.011547005383792518,0.9945931989584976,0.005406801041502374,4.705,272.2985820590984,8.0
Z,terminal_value_shifted,1202,0.01249390095109,0.07496340570653,0.02498780190218,0.08000000000000033,0.08,13,0.013333333333333336,0.011547005383792518,0.9965559735897019,0.0034440264102980622,4.705,272.2985820590984,8.0
Z,terminal_value_shifted,1203,0.01297771369046,-0.07786628214277,-0.01297771369046,0.08000000000000354,0.08,13,0.013333333333333336,0.011547005383792518,0.9918937869839464,0.008106213016053632,4.705,272.2985820590984,8.0
Z,terminal_value_shifted,1204,0.01297771369046,-0.07786628214277,0.01297771369046,0.08000000000000354,0.08,13,0.013333333333333336,0.011547005383792518,0.9912625339862228,0.008737466013777229,4.705,272.2985820590984,8.0
Z,terminal_value_shifted,1205,0.01297771369046,-0.01297771369046,-0.07786628214277,0.08000000000000354,0.08,13,0.013333333333333336,0.011547005383792518,0.9991619278968549,0.0008380721031451266,4.705,272.2985820590984,8.0
Z,terminal_value_shifted,1206,0.01297771369046,-0.01297771369046,0.07786628214277,0.08000000000000354,0.08,13,0.013333333333333336,0.011547005383792518,0.9973942670042695,0.0026057329957305253,4.705,272.2985820590984,8.0
Z,terminal_value_shifted,1207,0.01297771369046,0.01297771369046,-0.07786628214277,0.08000000000000354,0.08,13,0.013333333333333336,0.011547005383792518,0.998843098669336,0.0011569013306640397,4.705,272.2985820590984,8.0
Z,terminal_value_shifted,1208,0.01297771369046,0.01297771369046,0.07786628214277,0.08000000000000354,0.08,13,0.013333333333333336,0.011547005383792518,0.9987825362024454,0.0012174637975546077,4.705,272.2985820590984,8.0
Z,terminal_value_shifted,1209,0.01297771369046,0.07786628214277,-0.01297771369046,0.08000000000000354,0.08,13,0.013333333333333336,0.011547005383792518,0.9947464112496156,0.005253588750384397,4.705,272.2985820590984,8.0
Z,terminal_value_shifted,1210,0.01297771369046,0.07786628214277,0.01297771369046,0.08000000000000354,0.08,13,0.013333333333333336,0.011547005383792518,0.9958258458406046,0.004174154159395371,4.705,272.2985820590984,8.0
Z,terminal_value_shifted,1211,0.01315191898443,-0.07891151390657,0.0,0.07999999999999875,0.08,13,0.013333333333333336,0.011547005383792518,0.9914061649534596,0.008593835046540432,4.705,272.2985820590984,8.0
Z,terminal_value_shifted,1212,0.01315191898443,0.0,-0.07891151390657,0.07999999999999875,0.08,13,0.013333333333333336,0.011547005383792518,0.999189864144174,0.0008101358558260108,4.705,272.2985820590984,8.0
Z,terminal_value_shifted,1213,0.01315191898443,0.0,0.07891151390657,0.07999999999999875,0.08,13,0.013333333333333336,0.011547005383792518,0.9981976371767008,0.0018023628232991529,4.705,272.2985820590984,8.0
Z,terminal_value_shifted,1214,0.01315191898443,0.07891151390657,0.0,0.07999999999999875,0.08,13,0.013333333333333336,0.011547005383792518,0.9951795577398918,0.004820442260108249,4.705,272.2985820590984,8.0
Z,terminal_value_shifted,1215,0.01333333333333,-0.06666666666667,-0.04,0.07888106377466379,0.08,13,0.013333333333333336,0.011547005383792518,0.994240665733793,0.005759334266207006,4.705,272.2985820590984,8.0
Z,terminal_value_shifted,1216,0.01333333333333,-0.06666666666667,-0.02666666666667,0.0730296743340258,0.08,13,0.013333333333333336,0.011547005383792518,0.9939539078356068,0.006046092164393224,4.705,272.2985820590984,8.0
Z,terminal_value_shifted,1217,0.01333333333333,-0.06666666666667,-0.01333333333333,0.06928203230275701,0.08,13,0.013333333333333336,0.011547005383792518,0.9936519850377831,0.00634801496221693,4.705,272.2985820590984,8.0
Z,terminal_value_shifted,1218,0.01333333333333,-0.06666666666667,0.0,0.06798692684790641,0.08,13,0.013333333333333336,0.011547005383792518,0.9933376554232171,0.0066623445767829415,4.705,272.2985820590984,8.0
Z,terminal_value_shifted,1219,0.01333333333333,-0.06666666666667,0.01333333333333,0.06928203230275701,0.08,13,0.013333333333333336,0.011547005383792518,0.9930140210870444,0.006985978912955604,4.705,272.2985820590984,8.0
Z,terminal_value_shifted,1220,0.01333333333333,-0.06666666666667,0.02666666666667,0.0730296743340258,0.08,13,0.013333333333333336,0.011547005383792518,0.9926845347977619,0.007315465202238136,4.705,272.2985820590984,8.0
Z,terminal_value_shifted,1221,0.01333333333333,-0.06666666666667,0.04,0.07888106377466379,0.08,13,0.013333333333333336,0.011547005383792518,0.992352997163748,0.00764700283625197,4.705,272.2985820590984,8.0
Z,terminal_value_shifted,1222,0.01333333333333,-0.05333333333333,-0.05333333333333,0.07659416862050183,0.08,13,0.013333333333333336,0.011547005383792518,0.9962152547610632,0.003784745238936793,4.705,272.2985820590984,8.0
Z,terminal_value_shifted,1223,0.01333333333333,-0.05333333333333,-0.04,0.06798692684790053,0.08,13,0.013333333333333336,0.011547005383792518,0.9959708404233298,0.0040291595766701604,4.705,272.2985820590984,8.0
Z,terminal_value_shifted,1224,0.01333333333333,-0.05333333333333,-0.02666666666667,0.06110100926607569,0.08,13,0.013333333333333336,0.011547005383792518,0.9957081012897662,0.004291898710233832,4.705,272.2985820590984,8.0
Z,terminal_value_shifted,1225,0.01333333333333,-0.05333333333333,-0.01333333333333,0.05656854249491909,0.08,13,0.013333333333333336,0.011547005383792518,0.9954288267757546,0.004571173224245384,4.705,272.2985820590984,8.0
Z,terminal_value_shifted,1226,0.01333333333333,-0.05333333333333,0.0,0.0549747416748981,0.08,13,0.013333333333333336,0.011547005383792518,0.9951351912427193,0.004864808757280681,4.705,272.2985820590984,8.0
Z,terminal_value_shifted,1227,0.01333333333333,-0.05333333333333,0.01333333333333,0.05656854249491909,0.08,13,0.013333333333333336,0.011547005383792518,0.9948297698832322,0.00517023011676776,4.705,272.2985820590984,8.0
Z,terminal_value_shifted,1228,0.01333333333333,-0.05333333333333,0.02666666666667,0.06110100926607569,0.08,13,0.013333333333333336,0.011547005383792518,0.9945155449031968,0.005484455096803176,4.705,272.2985820590984,8.0
Z,terminal_value_shifted,1229,0.01333333333333,-0.05333333333333,0.04,0.06798692684790053,0.08,13,0.013333333333333336,0.011547005383792518,0.9941959019166744,0.005804098083325604,4.705,272.2985820590984,8.0
Z,terminal_value_shifted,1230,0.01333333333333,-0.05333333333333,0.05333333333333,0.07659416862050183,0.08,13,0.013333333333333336,0.011547005383792518,0.993874616480985,0.006125383519015037,4.705,272.2985820590984,8.0
Z,terminal_value_shifted,1231,0.01333333333333,-0.04,-0.06666666666667,0.07888106377466379,0.08,13,0.013333333333333336,0.011547005383792518,0.9977265183984195,0.0022734816015804737,4.705,272.2985820590984,8.0
Z,terminal_value_shifted,1232,0.01333333333333,-0.04,-0.05333333333333,0.06798692684790053,0.08,13,0.013333333333333336,0.011547005383792518,0.9975410808223713,0.002458919177628749,4.705,272.2985820590984,8.0
Z,terminal_value_shifted,1233,0.01333333333333,-0.04,-0.04,0.05811865258054155,0.08,13,0.013333333333333336,0.011547005383792518,0.9973357679766334,0.0026642320233666306,4.705,272.2985820590984,8.0
Z,terminal_value_shifted,1234,0.01333333333333,-0.04,-0.02666666666667,0.04988876515698678,0.08,13,0.013333333333333336,0.011547005383792518,0.9971112990479933,0.002888700952006662,4.705,272.2985820590984,8.0
Z,terminal_value_shifted,1235,0.01333333333333,-0.04,-0.01333333333333,0.044221663871403326,0.08,13,0.013333333333333336,0.011547005383792518,0.9968688057000025,0.0031311942999975306,4.705,272.2985820590984,8.0
Z,terminal_value_shifted,1236,0.01333333333333,-0.04,0.0,0.04216370213557734,0.08,13,0.013333333333333336,0.011547005383792518,0.9966098580333682,0.003390141966631788,4.705,272.2985820590984,8.0
Z,terminal_value_shifted,1237,0.01333333333333,-0.04,0.01333333333333,0.044221663871403326,0.08,13,0.013333333333333336,0.011547005383792518,0.9963364806564172,0.0036635193435827773,4.705,272.2985820590984,8.0
Z,terminal_value_shifted,1238,0.01333333333333,-0.04,0.02666666666667,0.04988876515698678,0.08,13,0.013333333333333336,0.011547005383792518,0.996051158768611,0.003948841231389055,4.705,272.2985820590984,8.0
Z,terminal_value_shifted,1239,0.01333333333333,-0.04,0.04,0.05811865258054155,0.08,13,0.013333333333333336,0.011547005383792518,0.9957568341751359,0.004243165824864059,4.705,272.2985820590984,8.0
Z,terminal_value_shifted,1240,0.01333333333333,-0.04,0.05333333333333,0.06798692684790053,0.08,13,0.013333333333333336,0.011547005383792518,0.9954568911634507,0.004543108836549292,4.705,272.2985820590984,8.0
Z,terminal_value_shifted,1241,0.01333333333333,-0.04,0.06666666666667,0.07888106377466379,0.08,13,0.013333333333333336,0.011547005383792518,0.9951551321845625,0.00484486781543747,4.705,272.2985820590984,8.0
Z,terminal_value_shifted,1242,0.01333333333333,-0.02666666666667,-0.06666666666667,0.0730296743340258,0.08,13,0.013333333333333336,0.011547005383792518,0.9986181707852302,0.0013818292147698141,4.705,272.2985820590984,8.0
Z,terminal_value_shifted,1243,0.01333333333333,-0.02666666666667,-0.05333333333333,0.06110100926607569,0.08,13,0.013333333333333336,0.011547005383792518,0.9984858338776583,0.0015141661223416758,4.705,272.2985820590984,8.0
Z,terminal_value_shifted,1244,0.01333333333333,-0.02666666666667,-0.04,0.04988876515698678,0.08,13,0.013333333333333336,0.011547005383792518,0.9983334511941023,0.0016665488058976718,4.705,272.2985820590984,8.0
Z,terminal_value_shifted,1245,0.01333333333333,-0.02666666666667,-0.02666666666667,0.04000000000000333,0.08,13,0.013333333333333336,0.011547005383792518,0.9981610174905202,0.0018389825094797807,4.705,272.2985820590984,8.0
Z,terminal_value_shifted,1246,0.01333333333333,-0.02666666666667,-0.01333333333333,0.032659863237109045,0.08,13,0.013333333333333336,0.011547005383792518,0.99796898884015,0.002031011159850049,4.705,272.2985820590984,8.0
Z,terminal_value_shifted,1247,0.01333333333333,-0.02666666666667,0.0,0.029814239699998687,0.08,13,0.013333333333333336,0.011547005383792518,0.9977583094412745,0.002241690558725473,4.705,272.2985820590984,8.0
Z,terminal_value_shifted,1248,0.01333333333333,-0.02666666666667,0.01333333333333,0.032659863237109045,0.08,13,0.013333333333333336,0.011547005383792518,0.9975304282712543,0.002469571728745734,4.705,272.2985820590984,8.0
Z,terminal_value_shifted,1249,0.01333333333333,-0.02666666666667,0.02666666666667,0.04000000000000333,0.08,13,0.013333333333333336,0.011547005383792518,0.9972873054861945,0.0027126945138055136,4.705,272.2985820590984,8.0
Z,terminal_value_shifted,1250,0.01333333333333,-0.02666666666667,0.04,0.04988876515698678,0.08,13,0.013333333333333336,0.011547005383792518,0.9970314084814229,0.0029685915185770906,4.705,272.2985820590984,8.0
Z,terminal_value_shifted,1251,0.01333333333333,-0.02666666666667,0.05333333333333,0.06110100926607569,0.08,13,0.013333333333333336,0.011547005383792518,0.99676569754204,0.00323430245795997,4.705,272.2985820590984,8.0
Z,terminal_value_shifted,1252,0.01333333333333,-0.02666666666667,0.06666666666667,0.0730296743340258,0.08,13,0.013333333333333336,0.011547005383792518,0.9964936010261476,0.0035063989738524093,4.705,272.2985820590984,8.0
Z,terminal_value_shifted,1253,0.01333333333333,-0.01333333333333,-0.06666666666667,0.06928203230275702,0.08,13,0.013333333333333336,0.011547005383792518,0.9991150191207991,0.0008849808792008584,4.705,272.2985820590984,8.0
Z,terminal_value_shifted,1254,0.01333333333333,-0.01333333333333,-0.05333333333333,0.05656854249491909,0.08,13,0.013333333333333336,0.011547005383792518,0.9990490633319796,0.0009509366680203746,4.705,272.2985820590984,8.0
Z,terminal_value_shifted,1255,0.01333333333333,-0.01333333333333,-0.04,0.044221663871403326,0.08,13,0.013333333333333336,0.011547005383792518,0.998962873041706,0.0010371269582940545,4.705,272.2985820590984,8.0
Z,terminal_value_shifted,1256,0.01333333333333,-0.01333333333333,-0.02666666666667,0.032659863237109045,0.08,13,0.013333333333333336,0.011547005383792518,0.9988557050223719,0.0011442949776281353,4.705,272.2985820590984,8.0
Z,terminal_value_shifted,1257,0.01333333333333,-0.01333333333333,-0.01333333333333,0.023094010767579255,0.08,13,0.013333333333333336,0.011547005383792518,0.9987273217197018,0.0012726782802982006,4.705,272.2985820590984,8.0
Z,terminal_value_shifted,1258,0.01333333333333,-0.01333333333333,0.0,0.01885618083163655,0.08,13,0.013333333333333336,0.011547005383792518,0.998578019309212,0.0014219806907880272,4.705,272.2985820590984,8.0
Z,terminal_value_shifted,1259,0.01333333333333,-0.01333333333333,0.01333333333333,0.023094010767579255,0.08,13,0.013333333333333336,0.011547005383792518,0.9984086453584406,0.0015913546415593505,4.705,272.2985820590984,8.0
Z,terminal_value_shifted,1260,0.01333333333333,-0.01333333333333,0.02666666666667,0.032659863237109045,0.08,13,0.013333333333333336,0.011547005383792518,0.998220605984902,0.0017793940150979681,4.705,272.2985820590984,8.0
Z,terminal_value_shifted,1261,0.01333333333333,-0.01333333333333,0.04,0.044221663871403326,0.08,13,0.013333333333333336,0.011547005383792518,0.9980158624167161,0.0019841375832838626,4.705,272.2985820590984,8.0
Z,terminal_value_shifted,1262,0.01333333333333,-0.01333333333333,0.05333333333333,0.05656854249491909,0.08,13,0.013333333333333336,0.011547005383792518,0.9977969168783545,0.0022030831216455216,4.705,272.2985820590984,8.0
Z,terminal_value_shifted,1263,0.01333333333333,-0.01333333333333,0.06666666666667,0.06928203230275702,0.08,13,0.013333333333333336,0.011547005383792518,0.9975667877391579,0.0024332122608421436,4.705,272.2985820590984,8.0
Z,terminal_value_shifted,1264,0.01333333333333,0.0,-0.06666666666667,0.06798692684790641,0.08,13,0.013333333333333336,0.011547005383792518,0.9992182535938451,0.0007817464061549151,4.705,272.2985820590984,8.0
Z,terminal_value_shifted,1265,0.01333333333333,0.0,-0.05333333333333,0.0549747416748981,0.08,13,0.013333333333333336,0.011547005383792518,0.999231329307964,0.0007686706920360109,4.705,272.2985820590984,8.0
Z,terminal_value_shifted,1266,0.01333333333333,0.0,-0.04,0.04216370213557734,0.08,13,0.013333333333333336,0.011547005383792518,0.9992239879415765,0.0007760120584234809,4.705,272.2985820590984,8.0
Z,terminal_value_shifted,1267,0.01333333333333,0.0,-0.02666666666667,0.029814239699998687,0.08,13,0.013333333333333336,0.011547005383792518,0.9991947354777302,0.0008052645222698107,4.705,272.2985820590984,8.0
Z,terminal_value_shifted,1268,0.01333333333333,0.0,-0.01333333333333,0.01885618083163655,0.08,13,0.013333333333333336,0.011547005383792518,0.9991426231668433,0.0008573768331566756,4.705,272.2985820590984,8.0
Z,terminal_value_shifted,1269,0.01333333333333,0.0,0.0,0.01333333333333,0.08,13,0.013333333333333336,0.011547005383792518,0.9990672772495588,0.0009327227504412061,4.705,272.2985820590984,8.0
Z,terminal_value_shifted,1270,0.01333333333333,0.0,0.01333333333333,0.01885618083163655,0.08,13,0.013333333333333336,0.011547005383792518,0.9989689180697544,0.001031081930245592,4.705,272.2985820590984,8.0
Z,terminal_value_shifted,1271,0.01333333333333,0.0,0.02666666666667,0.029814239699998687,0.08,13,0.013333333333333336,0.011547005383792518,0.9988483684524921,0.0011516315475078587,4.705,272.2985820590984,8.0
Z,terminal_value_shifted,1272,0.01333333333333,0.0,0.04,0.04216370213557734,0.08,13,0.013333333333333336,0.011547005383792518,0.9987070512399718,0.0012929487600281675,4.705,272.2985820590984,8.0
Z,terminal_value_shifted,1273,0.01333333333333,0.0,0.05333333333333,0.0549747416748981,0.08,13,0.013333333333333336,0.011547005383792518,0.9985469758958372,0.0014530241041628145,4.705,272.2985820590984,8.0
Z,terminal_value_shifted,1274,0.01333333333333,0.0,0.06666666666667,0.06798692684790641,0.08,13,0.013333333333333336,0.011547005383792518,0.9983707141055089,0.0016292858944910726,4.705,272.2985820590984,8.0
Z,terminal_value_shifted,1275,0.01333333333333,0.01333333333333,-0.06666666666667,0.06928203230275702,0.08,13,0.013333333333333336,0.011547005383792518,0.9989300316000655,0.0010699683999344511,4.705,272.2985820590984,8.0
Z,terminal_value_shifted,1276,0.01333333333333,0.01333333333333,-0.05333333333333,0.05656854249491909,0.08,13,0.013333333333333336,0.011547005383792518,0.9990341330875782,0.0009658669124218422,4.705,272.2985820590984,8.0
Z,terminal_value_shifted,1277,0.01333333333333,0.01333333333333,-0.04,0.044221663871403326,0.08,13,0.013333333333333336,0.011547005383792518,0.9991176573331344,0.0008823426668655987,4.705,272.2985820590984,8.0
Z,terminal_value_shifted,1278,0.01333333333333,0.01333333333333,-0.02666666666667,0.032659863237109045,0.08,13,0.013333333333333336,0.011547005383792518,0.9991783481471028,0.0008216518528971761,4.705,272.2985820590984,8.0
Z,terminal_value_shifted,1279,0.01333333333333,0.01333333333333,-0.01333333333333,0.023094010767579255,0.08,13,0.013333333333333336,0.011547005383792518,0.9992145291927965,0.0007854708072034811,4.705,272.2985820590984,8.0
Z,terminal_value_shifted,1280,0.01333333333333,0.01333333333333,0.0,0.01885618083163655,0.08,13,0.013333333333333336,0.011547005383792518,0.9992251358002937,0.0007748641997062933,4.705,272.2985820590984,8.0
Z,terminal_value_shifted,1281,0.01333333333333,0.01333333333333,0.01333333333333,0.023094010767579255,0.08,13,0.013333333333333336,0.011547005383792518,0.9992097359819148,0.0007902640180852405,4.705,272.2985820590984,8.0
Z,terminal_value_shifted,1282,0.01333333333333,0.01333333333333,0.02666666666667,0.032659863237109045,0.08,13,0.013333333333333336,0.011547005383792518,0.9991685405030646,0.0008314594969354161,4.705,272.2985820590984,8.0
Z,terminal_value_shifted,1283,0.01333333333333,0.01333333333333,0.04,0.044221663871403326,0.08,13,0.013333333333333336,0.011547005383792518,0.9991024018819685,0.0008975981180314729,4.705,272.2985820590984,8.0
Z,terminal_value_shifted,1284,0.01333333333333,0.01333333333333,0.05333333333333,0.05656854249491909,0.08,13,0.013333333333333336,0.011547005383792518,0.9990128022110512,0.000987197788948846,4.705,272.2985820590984,8.0
Z,terminal_value_shifted,1285,0.01333333333333,0.01333333333333,0.06666666666667,0.06928203230275702,0.08,13,0.013333333333333336,0.011547005383792518,0.9989018297124452,0.0010981702875547672,4.705,272.2985820590984,8.0
Z,terminal_value_shifted,1286,0.01333333333333,0.02666666666667,-0.06666666666667,0.0730296743340258,0.08,13,0.013333333333333336,0.011547005383792518,0.9982533387842019,0.0017466612157981398,4.705,272.2985820590984,8.0
Z,terminal_value_shifted,1287,0.01333333333333,0.02666666666667,-0.05333333333333,0.06110100926607569,0.08,13,0.013333333333333336,0.011547005383792518,0.9984597861443865,0.001540213855613537,4.705,272.2985820590984,8.0
Z,terminal_value_shifted,1288,0.01333333333333,0.02666666666667,-0.04,0.04988876515698678,0.08,13,0.013333333333333336,0.011547005383792518,0.9986455261650932,0.001354473834906833,4.705,272.2985820590984,8.0
Z,terminal_value_shifted,1289,0.01333333333333,0.02666666666667,-0.02666666666667,0.04000000000000333,0.08,13,0.013333333333333336,0.011547005383792518,0.9988075312078937,0.001192468792106327,4.705,272.2985820590984,8.0
Z,terminal_value_shifted,1290,0.01333333333333,0.02666666666667,-0.01333333333333,0.032659863237109045,0.08,13,0.013333333333333336,0.011547005383792518,0.9989433828533316,0.0010566171466683816,4.705,272.2985820590984,8.0
Z,terminal_value_shifted,1291,0.01333333333333,0.02666666666667,0.0,0.029814239699998687,0.08,13,0.013333333333333336,0.011547005383792518,0.9990513062274051,0.0009486937725948774,4.705,272.2985820590984,8.0
Z,terminal_value_shifted,1292,0.01333333333333,0.02666666666667,0.01333333333333,0.032659863237109045,0.08,13,0.013333333333333336,0.011547005383792518,0.9991301933709827,0.0008698066290172557,4.705,272.2985820590984,8.0
Z,terminal_value_shifted,1293,0.01333333333333,0.02666666666667,0.02666666666667,0.04000000000000333,0.08,13,0.013333333333333336,0.011547005383792518,0.9991796154789477,0.0008203845210522642,4.705,272.2985820590984,8.0
Z,terminal_value_shifted,1294,0.01333333333333,0.02666666666667,0.04,0.04988876515698678,0.08,13,0.013333333333333336,0.011547005383792518,0.9991998238572999,0.0008001761427001153,4.705,272.2985820590984,8.0
Z,terminal_value_shifted,1295,0.01333333333333,0.02666666666667,0.05333333333333,0.06110100926607569,0.08,13,0.013333333333333336,0.011547005383792518,0.9991917394678087,0.0008082605321912961,4.705,272.2985820590984,8.0
Z,terminal_value_shifted,1296,0.01333333333333,0.02666666666667,0.06666666666667,0.0730296743340258,0.08,13,0.013333333333333336,0.011547005383792518,0.9991569309521569,0.000843069047843148,4.705,272.2985820590984,8.0
Z,terminal_value_shifted,1297,0.01333333333333,0.04,-0.06666666666667,0.07888106377466379,0.08,13,0.013333333333333336,0.011547005383792518,0.9971917859944988,0.0028082140055012417,4.705,272.2985820590984,8.0
Z,terminal_value_shifted,1298,0.01333333333333,0.04,-0.05333333333333,0.06798692684790053,0.08,13,0.013333333333333336,0.011547005383792518,0.9975112172138215,0.0024887827861784784,4.705,272.2985820590984,8.0
Z,terminal_value_shifted,1299,0.01333333333333,0.04,-0.04,0.05811865258054155,0.08,13,0.013333333333333336,0.011547005383792518,0.9978098397280137,0.0021901602719862634,4.705,272.2985820590984,8.0
Z,terminal_value_shifted,1300,0.01333333333333,0.04,-0.02666666666667,0.04988876515698678,0.08,13,0.013333333333333336,0.011547005383792518,0.9980838479477547,0.001916152052245268,4.705,272.2985820590984,8.0
Z,terminal_value_shifted,1301,0.01333333333333,0.04,-0.01333333333333,0.044221663871403326,0.08,13,0.013333333333333336,0.011547005383792518,0.9983300694787108,0.0016699305212891646,4.705,272.2985820590984,8.0
Z,terminal_value_shifted,1302,0.01333333333333,0.04,0.0,0.04216370213557734,0.08,13,0.013333333333333336,0.011547005383792518,0.9985460023695234,0.0014539976304766,4.705,272.2985820590984,8.0
Z,terminal_value_shifted,1303,0.01333333333333,0.04,0.01333333333333,0.044221663871403326,0.08,13,0.013333333333333336,0.011547005383792518,0.9987298412769028,0.0012701587230972144,4.705,272.2985820590984,8.0
Z,terminal_value_shifted,1304,0.01333333333333,0.04,0.02666666666667,0.04988876515698678,0.08,13,0.013333333333333336,0.011547005383792518,0.99888049234195,0.001119507658050023,4.705,272.2985820590984,8.0
Z,terminal_value_shifted,1305,0.01333333333333,0.04,0.04,0.05811865258054155,0.08,13,0.013333333333333336,0.011547005383792518,0.9989975765948895,0.0010024234051104752,4.705,272.2985820590984,8.0
Z,terminal_value_shifted,1306,0.01333333333333,0.04,0.05333333333333,0.06798692684790053,0.08,13,0.013333333333333336,0.011547005383792518,0.9990814217290602,0.0009185782709397738,4.705,272.2985820590984,8.0
Z,terminal_value_shifted,1307,0.01333333333333,0.04,0.06666666666667,0.07888106377466379,0.08,13,0.013333333333333336,0.011547005383792518,0.9991330421100579,0.000866957889942066,4.705,272.2985820590984,8.0
Z,terminal_value_shifted,1308,0.01333333333333,0.05333333333333,-0.05333333333333,0.07659416862050183,0.08,13,0.013333333333333336,0.011547005383792518,0.9961917199490169,0.003808280050983104,4.705,272.2985820590984,8.0
Z,terminal_value_shifted,1309,0.01333333333333,0.05333333333333,-0.04,0.06798692684790053,0.08,13,0.013333333333333336,0.011547005383792518,0.996613203187599,0.0033867968124009495,4.705,272.2985820590984,8.0
Z,terminal_value_shifted,1310,0.01333333333333,0.05333333333333,-0.02666666666667,0.06110100926607569,0.08,13,0.013333333333333336,0.011547005383792518,0.9970092079715709,0.0029907920284291123,4.705,272.2985820590984,8.0
Z,terminal_value_shifted,1311,0.01333333333333,0.05333333333333,-0.01333333333333,0.05656854249491909,0.08,13,0.013333333333333336,0.011547005383792518,0.9973757993108361,0.0026242006891639136,4.705,272.2985820590984,8.0
Z,terminal_value_shifted,1312,0.01333333333333,0.05333333333333,0.0,0.0549747416748981,0.08,13,0.013333333333333336,0.011547005383792518,0.9977097344279366,0.0022902655720633547,4.705,272.2985820590984,8.0
Z,terminal_value_shifted,1313,0.01333333333333,0.05333333333333,0.01333333333333,0.05656854249491909,0.08,13,0.013333333333333336,0.011547005383792518,0.9980084921412232,0.0019915078587767754,4.705,272.2985820590984,8.0
Z,terminal_value_shifted,1314,0.01333333333333,0.05333333333333,0.02666666666667,0.06110100926607569,0.08,13,0.013333333333333336,0.011547005383792518,0.9982702908314891,0.0017297091685108956,4.705,272.2985820590984,8.0
Z,terminal_value_shifted,1315,0.01333333333333,0.05333333333333,0.04,0.06798692684790053,0.08,13,0.013333333333333336,0.011547005383792518,0.9984940947726149,0.0015059052273851403,4.705,272.2985820590984,8.0
Z,terminal_value_shifted,1316,0.01333333333333,0.05333333333333,0.05333333333333,0.07659416862050183,0.08,13,0.013333333333333336,0.011547005383792518,0.9986796086326714,0.0013203913673286438,4.705,272.2985820590984,8.0
Z,terminal_value_shifted,1317,0.01333333333333,0.06666666666667,-0.04,0.07888106377466379,0.08,13,0.013333333333333336,0.011547005383792518,0.995058289208474,0.004941710791526055,4.705,272.2985820590984,8.0
Z,terminal_value_shifted,1318,0.01333333333333,0.06666666666667,-0.02666666666667,0.0730296743340258,0.08,13,0.013333333333333336,0.011547005383792518,0.995585588461958,0.004414411538042007,4.705,272.2985820590984,8.0
Z,terminal_value_shifted,1319,0.01333333333333,0.06666666666667,-0.01333333333333,0.06928203230275701,0.08,13,0.013333333333333336,0.011547005383792518,0.9960818423155222,0.0039181576844777855,4.705,272.2985820590984,8.0
Z,terminal_value_shifted,1320,0.01333333333333,0.06666666666667,0.0,0.06798692684790641,0.08,13,0.013333333333333336,0.011547005383792518,0.9965430571857552,0.003456942814244801,4.705,272.2985820590984,8.0
Z,terminal_value_shifted,1321,0.01333333333333,0.06666666666667,0.01333333333333,0.06928203230275701,0.08,13,0.013333333333333336,0.011547005383792518,0.9969659812351656,0.003034018764834445,4.705,272.2985820590984,8.0
Z,terminal_value_shifted,1322,0.01333333333333,0.06666666666667,0.02666666666667,0.0730296743340258,0.08,13,0.013333333333333336,0.011547005383792518,0.997348125857342,0.002651874142657995,4.705,272.2985820590984,8.0
Z,terminal_value_shifted,1323,0.01333333333333,0.06666666666667,0.04,0.07888106377466379,0.08,13,0.013333333333333336,0.011547005383792518,0.9976877753909823,0.002312224609017699,4.705,272.2985820590984,8.0
Z,terminal_value_shifted,1324,0.01835325870964,-0.05505977612893,-0.05505977612893,0.07999999999999223,0.08,13,0.013333333333333336,0.011547005383792518,0.9960418835243952,0.003958116475604845,4.705,272.2985820590984,8.0
Z,terminal_value_shifted,1325,0.01835325870964,-0.05505977612893,0.05505977612893,0.07999999999999223,0.08,13,0.013333333333333336,0.011547005383792518,0.9935957626468697,0.006404237353130338,4.705,272.2985820590984,8.0
Z,terminal_value_shifted,1326,0.01835325870964,0.05505977612893,-0.05505977612893,0.07999999999999223,0.08,13,0.013333333333333336,0.011547005383792518,0.9959622766955253,0.004037723304474716,4.705,272.2985820590984,8.0
Z,terminal_value_shifted,1327,0.01835325870964,0.05505977612893,0.05505977612893,0.07999999999999223,0.08,13,0.013333333333333336,0.011547005383792518,0.9986398298934396,0.001360170106560421,4.705,272.2985820590984,8.0
Z,terminal_value_shifted,1328,0.01984555753427,-0.05953667260282,-0.04961389383568,0.07999999999999703,0.08,13,0.013333333333333336,0.011547005383792518,0.9953930234623887,0.004606976537611329,4.705,272.2985820590984,8.0
Z,terminal_value_shifted,1329,0.01984555753427,-0.05953667260282,0.04961389383568,0.07999999999999703,0.08,13,0.013333333333333336,0.011547005383792518,0.9931225216022681,0.006877478397731895,4.705,272.2985820590984,8.0
Z,terminal_value_shifted,1330,0.01984555753427,-0.04961389383568,-0.05953667260282,0.07999999999999703,0.08,13,0.013333333333333336,0.011547005383792518,0.9967196994886032,0.0032803005113968275,4.705,272.2985820590984,8.0
Z,terminal_value_shifted,1331,0.01984555753427,-0.04961389383568,0.05953667260282,0.07999999999999703,0.08,13,0.013333333333333336,0.011547005383792518,0.9941791571626823,0.005820842837317652,4.705,272.2985820590984,8.0
Z,terminal_value_shifted,1332,0.01984555753427,0.04961389383568,-0.05953667260282,0.07999999999999703,0.08,13,0.013333333333333336,0.011547005383792518,0.996440346348028,0.0035596536519719724,4.705,272.2985820590984,8.0
Z,terminal_value_shifted,1333,0.01984555753427,0.04961389383568,0.05953667260282,0.07999999999999703,0.08,13,0.013333333333333336,0.011547005383792518,0.9988907467996071,0.0011092532003929012,4.705,272.2985820590984,8.0
Z,terminal_value_shifted,1334,0.01984555753427,0.05953667260282,-0.04961389383568,0.07999999999999703,0.08,13,0.013333333333333336,0.011547005383792518,0.9956264076746897,0.004373592325310316,4.705,272.2985820590984,8.0
Z,terminal_value_shifted,1335,0.01984555753427,0.05953667260282,0.04961389383568,0.07999999999999703,0.08,13,0.013333333333333336,0.011547005383792518,0.9983486617021422,0.0016513382978577962,4.705,272.2985820590984,8.0
Z,terminal_value_shifted,1336,0.02138089935299,-0.06414269805898,-0.04276179870599,0.07999999999999859,0.08,13,0.013333333333333336,0.011547005383792518,0.9946456722521646,0.005354327747835397,4.705,272.2985820590984,8.0
Z,terminal_value_shifted,1337,0.02138089935299,-0.06414269805898,0.04276179870599,0.07999999999999859,0.08,13,0.013333333333333336,0.011547005383792518,0.99263848332741,0.007361516672589996,4.705,272.2985820590984,8.0
Z,terminal_value_shifted,1338,0.02138089935299,-0.04276179870599,-0.06414269805898,0.07999999999999859,0.08,13,0.013333333333333336,0.011547005383792518,0.9974492670775383,0.0025507329224616626,4.705,272.2985820590984,8.0
Z,terminal_value_shifted,1339,0.02138089935299,-0.04276179870599,0.06414269805898,0.07999999999999859,0.08,13,0.013333333333333336,0.011547005383792518,0.9948812579793378,0.005118742020662204,4.705,272.2985820590984,8.0
Z,terminal_value_shifted,1340,0.02138089935299,0.04276179870599,-0.06414269805898,0.07999999999999859,0.08,13,0.013333333333333336,0.011547005383792518,0.9970222320743054,0.0029777679256945966,4.705,272.2985820590984,8.0
Z,terminal_value_shifted,1341,0.02138089935299,0.04276179870599,0.06414269805898,0.07999999999999859,0.08,13,0.013333333333333336,0.011547005383792518,0.9990874414590242,0.0009125585409758274,4.705,272.2985820590984,8.0
Z,terminal_value_shifted,1342,0.02138089935299,0.06414269805898,-0.04276179870599,0.07999999999999859,0.08,13,0.013333333333333336,0.011547005383792518,0.9953219029650695,0.004678097034930495,4.705,272.2985820590984,8.0
Z,terminal_value_shifted,1343,0.02138089935299,0.06414269805898,0.04276179870599,0.07999999999999859,0.08,13,0.013333333333333336,0.011547005383792518,0.9979514370580875,0.0020485629419124685,4.705,272.2985820590984,8.0
Z,terminal_value_shifted,1344,0.02177324215807,-0.05443310539518,-0.05443310539518,0.0799999999999969,0.08,13,0.013333333333333336,0.011547005383792518,0.9961002917793068,0.0038997082206931877,4.705,272.2985820590984,8.0
Z,terminal_value_shifted,1345,0.02177324215807,-0.05443310539518,0.05443310539518,0.0799999999999969,0.08,13,0.013333333333333336,0.011547005383792518,0.9936850953443331,0.006314904655666864,4.705,272.2985820590984,8.0
Z,terminal_value_shifted,1346,0.02177324215807,0.05443310539518,-0.05443310539518,0.0799999999999969,0.08,13,0.013333333333333336,0.011547005383792518,0.9960730325132021,0.003926967486797883,4.705,272.2985820590984,8.0
Z,terminal_value_shifted,1347,0.02177324215807,0.05443310539518,0.05443310539518,0.0799999999999969,0.08,13,0.013333333333333336,0.011547005383792518,0.9986645319692107,0.0013354680307893219,4.705,272.2985820590984,8.0
Z,terminal_value_shifted,1348,0.02285714285714,-0.06857142857143,-0.03428571428571,0.07999999999999857,0.08,13,0.013333333333333336,0.011547005383792518,0.9938341940716394,0.006165805928360579,4.705,272.2985820590984,8.0
Z,terminal_value_shifted,1349,0.02285714285714,-0.06857142857143,0.03428571428571,0.07999999999999857,0.08,13,0.013333333333333336,0.011547005383792518,0.9921926457186948,0.00780735428130519,4.705,272.2985820590984,8.0
Z,terminal_value_shifted,1350,0.02285714285714,-0.03428571428571,-0.06857142857143,0.07999999999999857,0.08,13,0.013333333333333336,0.011547005383792518,0.998170103614465,0.0018298963855349903,4.705,272.2985820590984,8.0
Z,terminal_value_shifted,1351,0.02285714285714,-0.03428571428571,0.06857142857143,0.07999999999999857,0.08,13,0.013333333333333336,0.011547005383792518,0.9956931941794109,0.004306805820589066,4.705,272.2985820590984,8.0
Z,terminal_value_shifted,1352,0.02285714285714,0.03428571428571,-0.06857142857143,0.07999999999999857,0.08,13,0.013333333333333336,0.011547005383792518,0.9976824350746426,0.002317564925357396,4.705,272.2985820590984,8.0
Z,terminal_value_shifted,1353,0.02285714285714,0.03428571428571,0.06857142857143,0.07999999999999857,0.08,13,0.013333333333333336,0.011547005383792518,0.9991759096247463,0.000824090375253661,4.705,272.2985820590984,8.0
Z,terminal_value_shifted,1354,0.02285714285714,0.06857142857143,-0.03428571428571,0.07999999999999857,0.08,13,0.013333333333333336,0.011547005383792518,0.9951062348025819,0.004893765197418132,4.705,272.2985820590984,8.0
Z,terminal_value_shifted,1355,0.02285714285714,0.06857142857143,0.03428571428571,0.07999999999999857,0.08,13,0.013333333333333336,0.011547005383792518,0.9974396441027829,0.002560355897217148,4.705,272.2985820590984,8.0
Z,terminal_value_shifted,1356,0.02385139176,-0.05962847939999,-0.04770278352,0.08000000000000007,0.08,13,0.013333333333333336,0.011547005383792518,0.9953407970840242,0.004659202915975769,4.705,272.2985820590984,8.0
Z,terminal_value_shifted,1357,0.02385139176,-0.05962847939999,0.04770278352,0.08000000000000007,0.08,13,0.013333333333333336,0.011547005383792518,0.993148751392229,0.006851248607770977,4.705,272.2985820590984,8.0
Z,terminal_value_shifted,1358,0.02385139176,-0.04770278352,-0.05962847939999,0.08000000000000007,0.08,13,0.013333333333333336,0.011547005383792518,0.9969124331882635,0.0030875668117364974,4.705,272.2985820590984,8.0
Z,terminal_value_shifted,1359,0.02385139176,-0.04770278352,0.05962847939999,0.08000000000000007,0.08,13,0.013333333333333336,0.011547005383792518,0.9944008818067702,0.0055991181932297795,4.705,272.2985820590984,8.0
Z,terminal_value_shifted,1360,0.02385139176,0.04770278352,-0.05962847939999,0.08000000000000007,0.08,13,0.013333333333333336,0.011547005383792518,0.9966581587940947,0.003341841205905305,4.705,272.2985820590984,8.0
Z,terminal_value_shifted,1361,0.02385139176,0.04770278352,0.05962847939999,0.08000000000000007,0.08,13,0.013333333333333336,0.011547005383792518,0.9989516176456251,0.0010483823543748771,4.705,272.2985820590984,8.0
Z,terminal_value_shifted,1362,0.02385139176,0.05962847939999,-0.04770278352,0.08000000000000007,0.08,13,0.013333333333333336,0.011547005383792518,0.995706093001084,0.004293906998915964,4.705,272.2985820590984,8.0
Z,terminal_value_shifted,1363,0.02385139176,0.05962847939999,0.04770278352,0.08000000000000007,0.08,13,0.013333333333333336,0.011547005383792518,0.9983210489929577,0.0016789510070422953,4.705,272.2985820590984,8.0
Z,terminal_value_shifted,1364,0.02412090756622,-0.07236272269866,-0.02412090756622,0.07999999999999638,0.08,13,0.013333333333333336,0.011547005383792518,0.9930321537483856,0.006967846251614396,4.705,272.2985820590984,8.0
Z,terminal_value_shifted,1365,0.02412090756622,-0.07236272269866,0.02412090756622,0.07999999999999638,0.08,13,0.013333333333333336,0.011547005383792518,0.9918614437217513,0.008138556278248665,4.705,272.2985820590984,8.0
Z,terminal_value_shifted,1366,0.02412090756622,-0.02412090756622,-0.07236272269866,0.07999999999999638,0.08,13,0.013333333333333336,0.011547005383792518,0.9987811033507407,0.0012188966492593378,4.705,272.2985820590984,8.0
Z,terminal_value_shifted,1367,0.02412090756622,-0.02412090756622,0.07236272269866,0.07999999999999638,0.08,13,0.013333333333333336,0.011547005383792518,0.996575355607122,0.00342464439287804,4.705,272.2985820590984,8.0
Z,terminal_value_shifted,1368,0.02412090756622,0.02412090756622,-0.07236272269866,0.07999999999999638,0.08,13,0.013333333333333336,0.011547005383792518,0.9983495775684643,0.0016504224315356808,4.705,272.2985820590984,8.0
Z,terminal_value_shifted,1369,0.02412090756622,0.02412090756622,0.07236272269866,0.07999999999999638,0.08,13,0.013333333333333336,0.011547005383792518,0.9990909830864787,0.0009090169135212989,4.705,272.2985820590984,8.0
Z,terminal_value_shifted,1370,0.02412090756622,0.07236272269866,-0.02412090756622,0.07999999999999638,0.08,13,0.013333333333333336,0.011547005383792518,0.9950511117392947,0.004948888260705275,4.705,272.2985820590984,8.0
Z,terminal_value_shifted,1371,0.02412090756622,0.07236272269866,0.02412090756622,0.07999999999999638,0.08,13,0.013333333333333336,0.011547005383792518,0.9968319861773502,0.003168013822649751,4.705,272.2985820590984,8.0
Z,terminal_value_shifted,1372,0.02498780190218,-0.07496340570653,-0.01249390095109,0.08000000000000033,0.08,13,0.013333333333333336,0.011547005383792518,0.9923485183965413,0.007651481603458743,4.705,272.2985820590984,8.0
Z,terminal_value_shifted,1373,0.02498780190218,-0.07496340570653,0.01249390095109,0.08000000000000033,0.08,13,0.013333333333333336,0.011547005383792518,0.9917374810142204,0.008262518985779566,4.705,272.2985820590984,8.0
Z,terminal_value_shifted,1374,0.02498780190218,-0.01249390095109,-0.07496340570653,0.08000000000000033,0.08,13,0.013333333333333336,0.011547005383792518,0.9991574282941421,0.0008425717058578863,4.705,272.2985820590984,8.0
Z,terminal_value_shifted,1375,0.02498780190218,-0.01249390095109,0.07496340570653,0.08000000000000033,0.08,13,0.013333333333333336,0.011547005383792518,0.9974502615883502,0.002549738411649849,4.705,272.2985820590984,8.0
Z,terminal_value_shifted,1376,0.02498780190218,0.01249390095109,-0.07496340570653,0.08000000000000033,0.08,13,0.013333333333333336,0.011547005383792518,0.9989022235104261,0.0010977764895738762,4.705,272.2985820590984,8.0
Z,terminal_value_shifted,1377,0.02498780190218,0.01249390095109,0.07496340570653,0.08000000000000033,0.08,13,0.013333333333333336,0.011547005383792518,0.9987762661735238,0.0012237338264762254,4.705,272.2985820590984,8.0
Z,terminal_value_shifted,1378,0.02498780190218,0.07496340570653,-0.01249390095109,0.08000000000000033,0.08,13,0.013333333333333336,0.011547005383792518,0.9952173240807116,0.004782675919288382,4.705,272.2985820590984,8.0
Z,terminal_value_shifted,1379,0.02498780190218,0.07496340570653,0.01249390095109,0.08000000000000033,0.08,13,0.013333333333333336,0.011547005383792518,0.9961902653231848,0.003809734676815224,4.705,272.2985820590984,8.0
Z,terminal_value_shifted,1380,0.02529822128135,-0.07589466384404,0.0,0.07999999999999989,0.08,13,0.013333333333333336,0.011547005383792518,0.9918954232583316,0.008104576741668423,4.705,272.2985820590984,8.0
Z,terminal_value_shifted,1381,0.02529822128135,0.0,-0.07589466384404,0.07999999999999989,0.08,13,0.013333333333333336,0.011547005383792518,0.9992013875795261,0.0007986124204738543,4.705,272.2985820590984,8.0
Z,terminal_value_shifted,1382,0.02529822128135,0.0,0.07589466384404,0.07999999999999989,0.08,13,0.013333333333333336,0.011547005383792518,0.9982148267444864,0.001785173255513639,4.705,272.2985820590984,8.0
Z,terminal_value_shifted,1383,0.02529822128135,0.07589466384404,0.0,0.07999999999999989,0.08,13,0.013333333333333336,0.011547005383792518,0.9956166276889246,0.00438337231107544,4.705,272.2985820590984,8.0
Z,terminal_value_shifted,1384,0.02595542738092,-0.06488856845231,-0.03893314107138,0.08000000000000193,0.08,13,0.013333333333333336,0.011547005383792518,0.9944591511235154,0.00554084887648465,4.705,272.2985820590984,8.0
Z,terminal_value_shifted,1385,0.02595542738092,-0.06488856845231,0.03893314107138,0.08000000000000193,0.08,13,0.013333333333333336,0.011547005383792518,0.9926178994549272,0.007382100545072823,4.705,272.2985820590984,8.0
Z,terminal_value_shifted,1386,0.02595542738092,-0.03893314107138,-0.06488856845231,0.08000000000000193,0.08,13,0.013333333333333336,0.011547005383792518,0.9977764262627228,0.002223573737277218,4.705,272.2985820590984,8.0
Z,terminal_value_shifted,1387,0.02595542738092,-0.03893314107138,0.06488856845231,0.08000000000000193,0.08,13,0.013333333333333336,0.011547005383792518,0.9952784675056656,0.0047215324943343795,4.705,272.2985820590984,8.0
Z,terminal_value_shifted,1388,0.02595542738092,0.03893314107138,-0.06488856845231,0.08000000000000193,0.08,13,0.013333333333333336,0.011547005383792518,0.9973758449398502,0.002624155060149791,4.705,272.2985820590984,8.0
Z,terminal_value_shifted,1389,0.02595542738092,0.03893314107138,0.06488856845231,0.08000000000000193,0.08,13,0.013333333333333336,0.011547005383792518,0.9991443353253338,0.0008556646746662455,4.705,272.2985820590984,8.0
Z,terminal_value_shifted,1390,0.02595542738092,0.06488856845231,-0.03893314107138,0.08000000000000193,0.08,13,0.013333333333333336,0.011547005383792518,0.9954033404670204,0.004596659532979608,4.705,272.2985820590984,8.0
Z,terminal_value_shifted,1391,0.02595542738092,0.06488856845231,0.03893314107138,0.08000000000000193,0.08,13,0.013333333333333336,0.011547005383792518,0.997832193135678,0.0021678068643220527,4.705,272.2985820590984,8.0
Z,terminal_value_shifted,1392,0.02666666666667,-0.06666666666667,-0.02666666666667,0.07659416862051227,0.08,13,0.013333333333333336,0.011547005383792518,0.9939411721407827,0.006058827859217297,4.705,272.2985820590984,8.0
Z,terminal_value_shifted,1393,0.02666666666667,-0.06666666666667,-0.01333333333333,0.0730296743340258,0.08,13,0.013333333333333336,0.011547005383792518,0.9936372482368537,0.006362751763146268,4.705,272.2985820590984,8.0
Z,terminal_value_shifted,1394,0.02666666666667,-0.06666666666667,0.0,0.07180219742846439,0.08,13,0.013333333333333336,0.011547005383792518,0.9933208259582076,0.006679174041792413,4.705,272.2985820590984,8.0
Z,terminal_value_shifted,1395,0.02666666666667,-0.06666666666667,0.01333333333333,0.0730296743340258,0.08,13,0.013333333333333336,0.011547005383792518,0.9929949622660201,0.007005037733979869,4.705,272.2985820590984,8.0
Z,terminal_value_shifted,1396,0.02666666666667,-0.06666666666667,0.02666666666667,0.07659416862051227,0.08,13,0.013333333333333336,0.011547005383792518,0.9926630647836032,0.007336935216396778,4.705,272.2985820590984,8.0
Z,terminal_value_shifted,1397,0.02666666666667,-0.05333333333333,-0.05333333333333,0.07999999999999667,0.08,13,0.013333333333333336,0.011547005383792518,0.996201600854295,0.0037983991457050115,4.705,272.2985820590984,8.0
Z,terminal_value_shifted,1398,0.02666666666667,-0.05333333333333,-0.04,0.07180219742845882,0.08,13,0.013333333333333336,0.011547005383792518,0.995955394807085,0.004044605192915052,4.705,272.2985820590984,8.0
Z,terminal_value_shifted,1399,0.02666666666667,-0.05333333333333,-0.02666666666667,0.06531972647421809,0.08,13,0.013333333333333336,0.011547005383792518,0.9956908257902313,0.004309174209768729,4.705,272.2985820590984,8.0
Z,terminal_value_shifted,1400,0.02666666666667,-0.05333333333333,-0.01333333333333,0.06110100926607569,0.08,13,0.013333333333333336,0.011547005383792518,0.9954096501338932,0.0045903498661068465,4.705,272.2985820590984,8.0
Z,terminal_value_shifted,1401,0.02666666666667,-0.05333333333333,0.0,0.059628479399992905,0.08,13,0.013333333333333336,0.011547005383792518,0.9951140089540238,0.004885991045976201,4.705,272.2985820590984,8.0
Z,terminal_value_shifted,1402,0.02666666666667,-0.05333333333333,0.01333333333333,0.06110100926607569,0.08,13,0.013333333333333336,0.011547005383792518,0.9948064440312334,0.005193555968766583,4.705,272.2985820590984,8.0
Z,terminal_value_shifted,1403,0.02666666666667,-0.05333333333333,0.02666666666667,0.06531972647421809,0.08,13,0.013333333333333336,0.011547005383792518,0.9944899041134472,0.005510095886552824,4.705,272.2985820590984,8.0
Z,terminal_value_shifted,1404,0.02666666666667,-0.05333333333333,0.04,0.07180219742845882,0.08,13,0.013333333333333336,0.011547005383792518,0.9941677415725012,0.005832258427498793,4.705,272.2985820590984,8.0
Z,terminal_value_shifted,1405,0.02666666666667,-0.05333333333333,0.05333333333333,0.07999999999999667,0.08,13,0.013333333333333336,0.011547005383792518,0.9938436993540944,0.006156300645905555,4.705,272.2985820590984,8.0
Z,terminal_value_shifted,1406,0.02666666666667,-0.04,-0.05333333333333,0.07180219742845882,0.08,13,0.013333333333333336,0.011547005383792518,0.9975258756517221,0.002474124348277873,4.705,272.2985820590984,8.0
Z,terminal_value_shifted,1407,0.02666666666667,-0.04,-0.04,0.06253887679764715,0.08,13,0.013333333333333336,0.011547005383792518,0.9973188449096542,0.0026811550903458325,4.705,272.2985820590984,8.0
Z,terminal_value_shifted,1408,0.02666666666667,-0.04,-0.02666666666667,0.054974741674905375,0.08,13,0.013333333333333336,0.011547005383792518,0.997092572368556,0.002907427631444026,4.705,272.2985820590984,8.0
Z,terminal_value_shifted,1409,0.02666666666667,-0.04,-0.01333333333333,0.04988876515698678,0.08,13,0.013333333333333336,0.011547005383792518,0.9968481688683399,0.0031518311316600656,4.705,272.2985820590984,8.0
Z,terminal_value_shifted,1410,0.02666666666667,-0.04,0.0,0.04807401700618837,0.08,13,0.013333333333333336,0.011547005383792518,0.9965871836608566,0.0034128163391433652,4.705,272.2985820590984,8.0
Z,terminal_value_shifted,1411,0.02666666666667,-0.04,0.01333333333333,0.04988876515698678,0.08,13,0.013333333333333336,0.011547005383792518,0.9963116203653427,0.0036883796346572906,4.705,272.2985820590984,8.0
Z,terminal_value_shifted,1412,0.02666666666667,-0.04,0.02666666666667,0.054974741674905375,0.08,13,0.013333333333333336,0.011547005383792518,0.9960239430665242,0.003976056933475802,4.705,272.2985820590984,8.0
Z,terminal_value_shifted,1413,0.02666666666667,-0.04,0.04,0.06253887679764715,0.08,13,0.013333333333333336,0.011547005383792518,0.9957270724883289,0.004272927511671076,4.705,272.2985820590984,8.0
Z,terminal_value_shifted,1414,0.02666666666667,-0.04,0.05333333333333,0.07180219742845882,0.08,13,0.013333333333333336,0.011547005383792518,0.9954243721863009,0.004575627813699135,4.705,272.2985820590984,8.0
Z,terminal_value_shifted,1415,0.02666666666667,-0.02666666666667,-0.06666666666667,0.07659416862051227,0.08,13,0.013333333333333336,0.011547005383792518,0.9986063875480571,0.001393612451942916,4.705,272.2985820590984,8.0
Z,terminal_value_shifted,1416,0.02666666666667,-0.02666666666667,-0.05333333333333,0.06531972647421809,0.08,13,0.013333333333333336,0.011547005383792518,0.998472460755626,0.0015275392443739877,4.705,272.2985820590984,8.0
Z,terminal_value_shifted,1417,0.02666666666667,-0.02666666666667,-0.04,0.054974741674905375,0.08,13,0.013333333333333336,0.011547005383792518,0.9983183513555253,0.0016816486444747314,4.705,272.2985820590984,8.0
Z,terminal_value_shifted,1418,0.02666666666667,-0.02666666666667,-0.02666666666667,0.04618802153517583,0.08,13,0.013333333333333336,0.011547005383792518,0.9981440459368995,0.0018559540631004623,4.705,272.2985820590984,8.0
Z,terminal_value_shifted,1419,0.02666666666667,-0.02666666666667,-0.01333333333333,0.04000000000000333,0.08,13,0.013333333333333336,0.011547005383792518,0.9979499927976618,0.0020500072023381666,4.705,272.2985820590984,8.0
Z,terminal_value_shifted,1420,0.02666666666667,-0.02666666666667,0.0,0.037712361663287244,0.08,13,0.013333333333333336,0.011547005383792518,0.9977371284180525,0.00226287158194749,4.705,272.2985820590984,8.0
Z,terminal_value_shifted,1421,0.02666666666667,-0.02666666666667,0.01333333333333,0.04000000000000333,0.08,13,0.013333333333333336,0.011547005383792518,0.9975068938948604,0.002493106105139642,4.705,272.2985820590984,8.0
Z,terminal_value_shifted,1422,0.02666666666667,-0.02666666666667,0.02666666666667,0.04618802153517583,0.08,13,0.013333333333333336,0.011547005383792518,0.9972612412534525,0.0027387587465474983,4.705,272.2985820590984,8.0
Z,terminal_value_shifted,1423,0.02666666666667,-0.02666666666667,0.04,0.054974741674905375,0.08,13,0.013333333333333336,0.011547005383792518,0.9970026295681915,0.002997370431808477,4.705,272.2985820590984,8.0
Z,terminal_value_shifted,1424,0.02666666666667,-0.02666666666667,0.05333333333333,0.06531972647421809,0.08,13,0.013333333333333336,0.011547005383792518,0.9967340108330162,0.0032659891669838403,4.705,272.2985820590984,8.0
Z,terminal_value_shifted,1425,0.02666666666667,-0.02666666666667,0.06666666666667,0.07659416862051227,0.08,13,0.013333333333333336,0.011547005383792518,0.9964588055344539,0.003541194465546127,4.705,272.2985820590984,8.0
Z,terminal_value_shifted,1426,0.02666666666667,-0.01333333333333,-0.06666666666667,0.0730296743340258,0.08,13,0.013333333333333336,0.011547005383792518,0.9991084799898435,0.0008915200101564658,4.705,272.2985820590984,8.0
Z,terminal_value_shifted,1427,0.02666666666667,-0.01333333333333,-0.05333333333333,0.06110100926607569,0.08,13,0.013333333333333336,0.011547005383792518,0.9990409349815403,0.0009590650184596594,4.705,272.2985820590984,8.0
Z,terminal_value_shifted,1428,0.02666666666667,-0.01333333333333,-0.04,0.04988876515698678,0.08,13,0.013333333333333336,0.011547005383792518,0.9989529335378062,0.0010470664621937686,4.705,272.2985820590984,8.0
Z,terminal_value_shifted,1429,0.02666666666667,-0.01333333333333,-0.02666666666667,0.04000000000000333,0.08,13,0.013333333333333336,0.011547005383792518,0.9988437379583224,0.0011562620416776248,4.705,272.2985820590984,8.0
Z,terminal_value_shifted,1430,0.02666666666667,-0.01333333333333,-0.01333333333333,0.032659863237109045,0.08,13,0.013333333333333336,0.011547005383792518,0.9987131167396828,0.0012868832603172287,4.705,272.2985820590984,8.0
Z,terminal_value_shifted,1431,0.02666666666667,-0.01333333333333,0.0,0.029814239699998687,0.08,13,0.013333333333333336,0.011547005383792518,0.9985613721951916,0.0014386278048084122,4.705,272.2985820590984,8.0
Z,terminal_value_shifted,1432,0.02666666666667,-0.01333333333333,0.01333333333333,0.032659863237109045,0.08,13,0.013333333333333336,0.011547005383792518,0.9983893577966929,0.0016106422033070888,4.705,272.2985820590984,8.0
Z,terminal_value_shifted,1433,0.02666666666667,-0.01333333333333,0.02666666666667,0.04000000000000333,0.08,13,0.013333333333333336,0.011547005383792518,0.9981984851466422,0.0018015148533577774,4.705,272.2985820590984,8.0
Z,terminal_value_shifted,1434,0.02666666666667,-0.01333333333333,0.04,0.04988876515698678,0.08,13,0.013333333333333336,0.011547005383792518,0.9979907205030988,0.0020092794969012173,4.705,272.2985820590984,8.0
Z,terminal_value_shifted,1435,0.02666666666667,-0.01333333333333,0.05333333333333,0.06110100926607569,0.08,13,0.013333333333333336,0.011547005383792518,0.9977685707930565,0.002231429206943525,4.705,272.2985820590984,8.0
Z,terminal_value_shifted,1436,0.02666666666667,-0.01333333333333,0.06666666666667,0.0730296743340258,0.08,13,0.013333333333333336,0.011547005383792518,0.9975350590617608,0.002464940938239235,4.705,272.2985820590984,8.0
Z,terminal_value_shifted,1437,0.02666666666667,0.0,-0.06666666666667,0.07180219742846439,0.08,13,0.013333333333333336,0.011547005383792518,0.9992203684602705,0.0007796315397294862,4.705,272.2985820590984,8.0
Z,terminal_value_shifted,1438,0.02666666666667,0.0,-0.05333333333333,0.059628479399992905,0.08,13,0.013333333333333336,0.011547005383792518,0.9992318034669583,0.0007681965330417206,4.705,272.2985820590984,8.0
Z,terminal_value_shifted,1439,0.02666666666667,0.0,-0.04,0.04807401700618837,0.08,13,0.013333333333333336,0.011547005383792518,0.9992225008723481,0.0007774991276519039,4.705,272.2985820590984,8.0
Z,terminal_value_shifted,1440,0.02666666666667,0.0,-0.02666666666667,0.037712361663287244,0.08,13,0.013333333333333336,0.011547005383792518,0.9991909867133699,0.0008090132866300781,4.705,272.2985820590984,8.0
Z,terminal_value_shifted,1441,0.02666666666667,0.0,-0.01333333333333,0.029814239699998687,0.08,13,0.013333333333333336,0.011547005383792518,0.9991363328925086,0.0008636671074914171,4.705,272.2985820590984,8.0
Z,terminal_value_shifted,1442,0.02666666666667,0.0,0.0,0.02666666666667,0.08,13,0.013333333333333336,0.011547005383792518,0.9990581863662137,0.0009418136337863148,4.705,272.2985820590984,8.0
Z,terminal_value_shifted,1443,0.02666666666667,0.0,0.01333333333333,0.029814239699998687,0.08,13,0.013333333333333336,0.011547005383792518,0.9989567878413315,0.0010432121586685383,4.705,272.2985820590984,8.0
Z,terminal_value_shifted,1444,0.02666666666667,0.0,0.02666666666667,0.037712361663287244,0.08,13,0.013333333333333336,0.011547005383792518,0.9988329798729758,0.0011670201270241876,4.705,272.2985820590984,8.0
Z,terminal_value_shifted,1445,0.02666666666667,0.0,0.04,0.04807401700618837,0.08,13,0.013333333333333336,0.011547005383792518,0.998688204273061,0.001311795726938958,4.705,272.2985820590984,8.0
Z,terminal_value_shifted,1446,0.02666666666667,0.0,0.05333333333333,0.059628479399992905,0.08,13,0.013333333333333336,0.011547005383792518,0.9985244887532111,0.0014755112467889075,4.705,272.2985820590984,8.0
Z,terminal_value_shifted,1447,0.02666666666667,0.0,0.06666666666667,0.07180219742846439,0.08,13,0.013333333333333336,0.011547005383792518,0.9983444227401126,0.0016555772598874086,4.705,272.2985820590984,8.0
Z,terminal_value_shifted,1448,0.02666666666667,0.01333333333333,-0.06666666666667,0.0730296743340258,0.08,13,0.013333333333333336,0.011547005383792518,0.9989440529905583,0.0010559470094416712,4.705,272.2985820590984,8.0
Z,terminal_value_shifted,1449,0.02666666666667,0.01333333333333,-0.05333333333333,0.06110100926607569,0.08,13,0.013333333333333336,0.011547005383792518,0.9990464238548973,0.0009535761451027192,4.705,272.2985820590984,8.0
Z,terminal_value_shifted,1450,0.02666666666667,0.01333333333333,-0.04,0.04988876515698678,0.08,13,0.013333333333333336,0.011547005383792518,0.9991277842119209,0.000872215788079056,4.705,272.2985820590984,8.0
Z,terminal_value_shifted,1451,0.02666666666667,0.01333333333333,-0.02666666666667,0.04000000000000333,0.08,13,0.013333333333333336,0.011547005383792518,0.9991859132877372,0.0008140867122627959,4.705,272.2985820590984,8.0
Z,terminal_value_shifted,1452,0.02666666666667,0.01333333333333,-0.01333333333333,0.032659863237109045,0.08,13,0.013333333333333336,0.011547005383792518,0.9992191707772037,0.0007808292227963198,4.705,272.2985820590984,8.0
Z,terminal_value_shifted,1453,0.02666666666667,0.01333333333333,0.0,0.029814239699998687,0.08,13,0.013333333333333336,0.011547005383792518,0.9992265280302361,0.0007734719697638504,4.705,272.2985820590984,8.0
Z,terminal_value_shifted,1454,0.02666666666667,0.01333333333333,0.01333333333333,0.032659863237109045,0.08,13,0.013333333333333336,0.011547005383792518,0.9992075885589254,0.0007924114410745586,4.705,272.2985820590984,8.0
Z,terminal_value_shifted,1455,0.02666666666667,0.01333333333333,0.02666666666667,0.04000000000000333,0.08,13,0.013333333333333336,0.011547005383792518,0.9991625977382153,0.0008374022617847476,4.705,272.2985820590984,8.0
Z,terminal_value_shifted,1456,0.02666666666667,0.01333333333333,0.04,0.04988876515698678,0.08,13,0.013333333333333336,0.011547005383792518,0.9990924415902078,0.0009075584097921752,4.705,272.2985820590984,8.0
Z,terminal_value_shifted,1457,0.02666666666667,0.01333333333333,0.05333333333333,0.06110100926607569,0.08,13,0.013333333333333336,0.011547005383792518,0.9989986345586588,0.0010013654413412176,4.705,272.2985820590984,8.0
Z,terminal_value_shifted,1458,0.02666666666667,0.01333333333333,0.06666666666667,0.0730296743340258,0.08,13,0.013333333333333336,0.011547005383792518,0.9988832961969569,0.0011167038030430732,4.705,272.2985820590984,8.0
Z,terminal_value_shifted,1459,0.02666666666667,0.02666666666667,-0.06666666666667,0.07659416862051227,0.08,13,0.013333333333333336,0.011547005383792518,0.9982822656022196,0.001717734397780446,4.705,272.2985820590984,8.0
Z,terminal_value_shifted,1460,0.02666666666667,0.02666666666667,-0.05333333333333,0.06531972647421809,0.08,13,0.013333333333333336,0.011547005383792518,0.9984868710530032,0.0015131289469968445,4.705,272.2985820590984,8.0
Z,terminal_value_shifted,1461,0.02666666666667,0.02666666666667,-0.04,0.054974741674905375,0.08,13,0.013333333333333336,0.011547005383792518,0.9986702081740155,0.001329791825984472,4.705,272.2985820590984,8.0
Z,terminal_value_shifted,1462,0.02666666666667,0.02666666666667,-0.02666666666667,0.04618802153517583,0.08,13,0.013333333333333336,0.011547005383792518,0.998829300947607,0.0011706990523929761,4.705,272.2985820590984,8.0
Z,terminal_value_shifted,1463,0.02666666666667,0.02666666666667,-0.01333333333333,0.04000000000000333,0.08,13,0.013333333333333336,0.011547005383792518,0.9989617831527647,0.0010382168472352626,4.705,272.2985820590984,8.0
Z,terminal_value_shifted,1464,0.02666666666667,0.02666666666667,0.0,0.037712361663287244,0.08,13,0.013333333333333336,0.011547005383792518,0.9990659319755647,0.0009340680244352972,4.705,272.2985820590984,8.0
Z,terminal_value_shifted,1465,0.02666666666667,0.02666666666667,0.01333333333333,0.04000000000000333,0.08,13,0.013333333333333336,0.011547005383792518,0.9991406907827315,0.0008593092172685113,4.705,272.2985820590984,8.0
Z,terminal_value_shifted,1466,0.02666666666667,0.02666666666667,0.02666666666667,0.04618802153517583,0.08,13,0.013333333333333336,0.011547005383792518,0.999185680904511,0.0008143190954890134,4.705,272.2985820590984,8.0
Z,terminal_value_shifted,1467,0.02666666666667,0.02666666666667,0.04,0.054974741674905375,0.08,13,0.013333333333333336,0.011547005383792518,0.999201202292031,0.000798797707968979,4.705,272.2985820590984,8.0
Z,terminal_value_shifted,1468,0.02666666666667,0.02666666666667,0.05333333333333,0.06531972647421809,0.08,13,0.013333333333333336,0.011547005383792518,0.9991882229329957,0.0008117770670043045,4.705,272.2985820590984,8.0
Z,terminal_value_shifted,1469,0.02666666666667,0.02666666666667,0.06666666666667,0.07659416862051227,0.08,13,0.013333333333333336,0.011547005383792518,0.9991483569289091,0.0008516430710908685,4.705,272.2985820590984,8.0
Z,terminal_value_shifted,1470,0.02666666666667,0.04,-0.05333333333333,0.07180219742845882,0.08,13,0.013333333333333336,0.011547005383792518,0.997555740110188,0.002444259889812006,4.705,272.2985820590984,8.0
Z,terminal_value_shifted,1471,0.02666666666667,0.04,-0.04,0.06253887679764715,0.08,13,0.013333333333333336,0.011547005383792518,0.9978517038815018,0.0021482961184982052,4.705,272.2985820590984,8.0
Z,terminal_value_shifted,1472,0.02666666666667,0.04,-0.02666666666667,0.054974741674905375,0.08,13,0.013333333333333336,0.011547005383792518,0.9981224173771801,0.0018775826228198955,4.705,272.2985820590984,8.0
Z,terminal_value_shifted,1473,0.02666666666667,0.04,-0.01333333333333,0.04988876515698678,0.08,13,0.013333333333333336,0.011547005383792518,0.9983647773697562,0.0016352226302438488,4.705,272.2985820590984,8.0
Z,terminal_value_shifted,1474,0.02666666666667,0.04,0.0,0.04807401700618837,0.08,13,0.013333333333333336,0.011547005383792518,0.9985763507601957,0.0014236492398043143,4.705,272.2985820590984,8.0
Z,terminal_value_shifted,1475,0.02666666666667,0.04,0.01333333333333,0.04988876515698678,0.08,13,0.013333333333333336,0.011547005383792518,0.9987554000636574,0.0012445999363426274,4.705,272.2985820590984,8.0
Z,terminal_value_shifted,1476,0.02666666666667,0.04,0.02666666666667,0.054974741674905375,0.08,13,0.013333333333333336,0.011547005383792518,0.9989008977471604,0.001099102252839601,4.705,272.2985820590984,8.0
Z,terminal_value_shifted,1477,0.02666666666667,0.04,0.04,0.06253887679764715,0.08,13,0.013333333333333336,0.011547005383792518,0.9990125292537629,0.0009874707462370624,4.705,272.2985820590984,8.0
Z,terminal_value_shifted,1478,0.02666666666667,0.04,0.05333333333333,0.07180219742845882,0.08,13,0.013333333333333336,0.011547005383792518,0.9990906845687436,0.0009093154312563856,4.705,272.2985820590984,8.0
Z,terminal_value_shifted,1479,0.02666666666667,0.05333333333333,-0.05333333333333,0.07999999999999667,0.08,13,0.013333333333333336,0.011547005383792518,0.9962558899120872,0.0037441100879127553,4.705,272.2985820590984,8.0
Z,terminal_value_shifted,1480,0.02666666666667,0.05333333333333,-0.04,0.07180219742845882,0.08,13,0.013333333333333336,0.011547005383792518,0.9966744646219924,0.003325535378007616,4.705,272.2985820590984,8.0
Z,terminal_value_shifted,1481,0.02666666666667,0.05333333333333,-0.02666666666667,0.06531972647421809,0.08,13,0.013333333333333336,0.011547005383792518,0.9970667821072707,0.0029332178927292674,4.705,272.2985820590984,8.0
Z,terminal_value_shifted,1482,0.02666666666667,0.05333333333333,-0.01333333333333,0.06110100926607569,0.08,13,0.013333333333333336,0.011547005383792518,0.9974289943322353,0.002571005667764692,4.705,272.2985820590984,8.0
Z,terminal_value_shifted,1483,0.02666666666667,0.05333333333333,0.0,0.059628479399992905,0.08,13,0.013333333333333336,0.011547005383792518,0.9977579449360721,0.002242055063927939,4.705,272.2985820590984,8.0
Z,terminal_value_shifted,1484,0.02666666666667,0.05333333333333,0.01333333333333,0.06110100926607569,0.08,13,0.013333333333333336,0.011547005383792518,0.998051197856751,0.0019488021432489955,4.705,272.2985820590984,8.0
Z,terminal_value_shifted,1485,0.02666666666667,0.05333333333333,0.02666666666667,0.06531972647421809,0.08,13,0.013333333333333336,0.011547005383792518,0.9983070546800192,0.0016929453199807654,4.705,272.2985820590984,8.0
Z,terminal_value_shifted,1486,0.02666666666667,0.05333333333333,0.04,0.07180219742845882,0.08,13,0.013333333333333336,0.011547005383792518,0.9985245605117999,0.0014754394882000588,4.705,272.2985820590984,8.0
Z,terminal_value_shifted,1487,0.02666666666667,0.05333333333333,0.05333333333333,0.07999999999999667,0.08,13,0.013333333333333336,0.011547005383792518,0.9987034981955742,0.0012965018044257537,4.705,272.2985820590984,8.0
Z,terminal_value_shifted,1488,0.02666666666667,0.06666666666667,-0.02666666666667,0.07659416862051227,0.08,13,0.013333333333333336,0.011547005383792518,0.9956638843955559,0.004336115604444135,4.705,272.2985820590984,8.0
Z,terminal_value_shifted,1489,0.02666666666667,0.06666666666667,-0.01333333333333,0.0730296743340258,0.08,13,0.013333333333333336,0.011547005383792518,0.9961552400163534,0.0038447599836466395,4.705,272.2985820590984,8.0
Z,terminal_value_shifted,1490,0.02666666666667,0.06666666666667,0.0,0.07180219742846439,0.08,13,0.013333333333333336,0.011547005383792518,0.9966108280715238,0.003389171928476209,4.705,272.2985820590984,8.0
Z,terminal_value_shifted,1491,0.02666666666667,0.06666666666667,0.01333333333333,0.0730296743340258,0.08,13,0.013333333333333336,0.011547005383792518,0.9970274998581666,0.0029725001418333674,4.705,272.2985820590984,8.0
Z,terminal_value_shifted,1492,0.02666666666667,0.06666666666667,0.02666666666667,0.07659416862051227,0.08,13,0.013333333333333336,0.011547005383792518,0.9974028675698168,0.0025971324301832244,4.705,272.2985820590984,8.0
Z,terminal_value_shifted,1493,0.02868548662403,-0.05737097324805,-0.04780914437338,0.08000000000000353,0.08,13,0.013333333333333336,0.011547005383792518,0.9956206905229962,0.004379309477003823,4.705,272.2985820590984,8.0
Z,terminal_value_shifted,1494,0.02868548662403,-0.05737097324805,0.04780914437338,0.08000000000000353,0.08,13,0.013333333333333336,0.011547005383792518,0.993444205184124,0.0065557948158759816,4.705,272.2985820590984,8.0
Z,terminal_value_shifted,1495,0.02868548662403,-0.04780914437338,-0.05737097324805,0.08000000000000353,0.08,13,0.013333333333333336,0.011547005383792518,0.996859911766678,0.0031400882333220137,4.705,272.2985820590984,8.0
Z,terminal_value_shifted,1496,0.02868548662403,-0.04780914437338,0.05737097324805,0.08000000000000353,0.08,13,0.013333333333333336,0.011547005383792518,0.9944307787217277,0.005569221278272307,4.705,272.2985820590984,8.0
Z,terminal_value_shifted,1497,0.02868548662403,0.04780914437338,-0.05737097324805,0.08000000000000353,0.08,13,0.013333333333333336,0.011547005383792518,0.9967310335532269,0.0032689664467731028,4.705,272.2985820590984,8.0
Z,terminal_value_shifted,1498,0.02868548662403,0.04780914437338,0.05737097324805,0.08000000000000353,0.08,13,0.013333333333333336,0.011547005383792518,0.9989348695575749,0.0010651304424250663,4.705,272.2985820590984,8.0
Z,terminal_value_shifted,1499,0.02868548662403,0.05737097324805,-0.04780914437338,0.08000000000000353,0.08,13,0.013333333333333336,0.011547005383792518,0.9959918756528958,0.0040081243471041805,4.705,272.2985820590984,8.0
Z,terminal_value_shifted,1500,0.02868548662403,0.05737097324805,0.04780914437338,0.08000000000000353,0.08,13,0.013333333333333336,0.011547005383792518,0.9984498060594982,0.0015501939405018206,4.705,272.2985820590984,8.0
Z,terminal_value_shifted,1501,0.0307288511839,-0.06145770236779,-0.04097180157853,0.08000000000000354,0.08,13,0.013333333333333336,0.011547005383792518,0.9949628089281133,0.005037191071886715,4.705,272.2985820590984,8.0
Z,terminal_value_shifted,1502,0.0307288511839,-0.06145770236779,0.04097180157853,0.08000000000000354,0.08,13,0.013333333333333336,0.011547005383792518,0.9930495322880076,0.00695046771199237,4.705,272.2985820590984,8.0
Z,terminal_value_shifted,1503,0.0307288511839,-0.04097180157853,-0.06145770236779,0.08000000000000354,0.08,13,0.013333333333333336,0.011547005383792518,0.9975554500285202,0.0024445499714798036,4.705,272.2985820590984,8.0
Z,terminal_value_shifted,1504,0.0307288511839,-0.04097180157853,0.06145770236779,0.08000000000000354,0.08,13,0.013333333333333336,0.011547005383792518,0.9951221821559492,0.004877817844050836,4.705,272.2985820590984,8.0
Z,terminal_value_shifted,1505,0.0307288511839,0.04097180157853,-0.06145770236779,0.08000000000000354,0.08,13,0.013333333333333336,0.011547005383792518,0.9972892069343746,0.002710793065625383,4.705,272.2985820590984,8.0
Z,terminal_value_shifted,1506,0.0307288511839,0.04097180157853,0.06145770236779,0.08000000000000354,0.08,13,0.013333333333333336,0.011547005383792518,0.9991084073221483,0.0008915926778516603,4.705,272.2985820590984,8.0
Z,terminal_value_shifted,1507,0.0307288511839,0.06145770236779,-0.04097180157853,0.08000000000000354,0.08,13,0.013333333333333336,0.011547005383792518,0.9957667283991434,0.004233271600856625,4.705,272.2985820590984,8.0
Z,terminal_value_shifted,1508,0.0307288511839,0.06145770236779,0.04097180157853,0.08000000000000354,0.08,13,0.013333333333333336,0.011547005383792518,0.9981086427470091,0.001891357252990944,4.705,272.2985820590984,8.0
Z,terminal_value_shifted,1509,0.0312453386354,-0.05207556439233,-0.05207556439233,0.08000000000000147,0.08,13,0.013333333333333336,0.011547005383792518,0.9963151996812267,0.0036848003187732736,4.705,272.2985820590984,8.0
Z,terminal_value_shifted,1510,0.0312453386354,-0.05207556439233,0.05207556439233,0.08000000000000147,0.08,13,0.013333333333333336,0.011547005383792518,0.9940255985392924,0.005974401460707601,4.705,272.2985820590984,8.0
Z,terminal_value_shifted,1511,0.0312453386354,0.05207556439233,-0.05207556439233,0.08000000000000147,0.08,13,0.013333333333333336,0.011547005383792518,0.9964520424741274,0.003547957525872558,4.705,272.2985820590984,8.0
Z,terminal_value_shifted,1512,0.0312453386354,0.05207556439233,0.05207556439233,0.08000000000000147,0.08,13,0.013333333333333336,0.011547005383792518,0.9987436131302087,0.0012563868697913483,4.705,272.2985820590984,8.0
Z,terminal_value_shifted,1513,0.03265986323711,-0.06531972647422,-0.03265986323711,0.08000000000000235,0.08,13,0.013333333333333336,0.011547005383792518,0.9942594169072337,0.0057405830927662604,4.705,272.2985820590984,8.0
Z,terminal_value_shifted,1514,0.03265986323711,-0.06531972647422,0.03265986323711,0.08000000000000235,0.08,13,0.013333333333333336,0.011547005383792518,0.9927027978936482,0.007297202106351763,4.705,272.2985820590984,8.0
Z,terminal_value_shifted,1515,0.03265986323711,-0.03265986323711,-0.06531972647422,0.08000000000000236,0.08,13,0.013333333333333336,0.011547005383792518,0.9982305379329114,0.0017694620670886119,4.705,272.2985820590984,8.0
Z,terminal_value_shifted,1516,0.03265986323711,-0.03265986323711,0.06531972647422,0.08000000000000236,0.08,13,0.013333333333333336,0.011547005383792518,0.9959042427197609,0.004095757280239143,4.705,272.2985820590984,8.0
Z,terminal_value_shifted,1517,0.03265986323711,0.03265986323711,-0.06531972647422,0.08000000000000236,0.08,13,0.013333333333333336,0.011547005383792518,0.9978996002951699,0.0021003997048301137,4.705,272.2985820590984,8.0
Z,terminal_value_shifted,1518,0.03265986323711,0.03265986323711,0.06531972647422,0.08000000000000236,0.08,13,0.013333333333333336,0.011547005383792518,0.999175577888649,0.0008244221113510308,4.705,272.2985820590984,8.0
Z,terminal_value_shifted,1519,0.03265986323711,0.06531972647422,-0.03265986323711,0.08000000000000235,0.08,13,0.013333333333333336,0.011547005383792518,0.9956265339428411,0.004373466057158937,4.705,272.2985820590984,8.0
Z,terminal_value_shifted,1520,0.03265986323711,0.06531972647422,0.03265986323711,0.08000000000000235,0.08,13,0.013333333333333336,0.011547005383792518,0.9976756479005682,0.0023243520994318256,4.705,272.2985820590984,8.0
Z,terminal_value_shifted,1521,0.03394112549695,-0.05656854249492,-0.04525483399594,0.07999999999999603,0.08,13,0.013333333333333336,0.011547005383792518,0.995664094633789,0.004335905366210979,4.705,272.2985820590984,8.0
Z,terminal_value_shifted,1522,0.03394112549695,-0.05656854249492,0.04525483399594,0.07999999999999603,0.08,13,0.013333333333333336,0.011547005383792518,0.9936052855593824,0.006394714440617566,4.705,272.2985820590984,8.0
Z,terminal_value_shifted,1523,0.03394112549695,-0.04525483399594,-0.05656854249492,0.07999999999999603,0.08,13,0.013333333333333336,0.011547005383792518,0.9970911577682278,0.002908842231772235,4.705,272.2985820590984,8.0
Z,terminal_value_shifted,1524,0.03394112549695,-0.04525483399594,0.05656854249492,0.07999999999999603,0.08,13,0.013333333333333336,0.011547005383792518,0.9947420075783258,0.00525799242167424,4.705,272.2985820590984,8.0
Z,terminal_value_shifted,1525,0.03394112549695,0.04525483399594,-0.05656854249492,0.07999999999999603,0.08,13,0.013333333333333336,0.011547005383792518,0.9970245133159865,0.002975486684013484,4.705,272.2985820590984,8.0
Z,terminal_value_shifted,1526,0.03394112549695,0.04525483399594,0.05656854249492,0.07999999999999603,0.08,13,0.013333333333333336,0.011547005383792518,0.9989992743454518,0.001000725654548229,4.705,272.2985820590984,8.0
Z,terminal_value_shifted,1527,0.03394112549695,0.05656854249492,-0.04525483399594,0.07999999999999603,0.08,13,0.013333333333333336,0.011547005383792518,0.996192151007499,0.003807848992500973,4.705,272.2985820590984,8.0
Z,terminal_value_shifted,1528,0.03394112549695,0.05656854249492,0.04525483399594,0.07999999999999603,0.08,13,0.013333333333333336,0.011547005383792518,0.9984587322661644,0.0015412677338355607,4.705,272.2985820590984,8.0
Z,terminal_value_shifted,1529,0.0341121146169,-0.05116817192535,-0.05116817192535,0.08000000000000547,0.08,13,0.013333333333333336,0.011547005383792518,0.9963955415407296,0.0036044584592703766,4.705,272.2985820590984,8.0
Z,terminal_value_shifted,1530,0.0341121146169,-0.05116817192535,0.05116817192535,0.08000000000000547,0.08,13,0.013333333333333336,0.011547005383792518,0.994156368140868,0.005843631859131948,4.705,272.2985820590984,8.0
Z,terminal_value_shifted,1531,0.0341121146169,0.05116817192535,-0.05116817192535,0.08000000000000547,0.08,13,0.013333333333333336,0.011547005383792518,0.9965866729536036,0.0034133270463964083,4.705,272.2985820590984,8.0
Z,terminal_value_shifted,1532,0.0341121146169,0.05116817192535,0.05116817192535,0.08000000000000547,0.08,13,0.013333333333333336,0.011547005383792518,0.9987704168086737,0.0012295831913262667,4.705,272.2985820590984,8.0
Z,terminal_value_shifted,1533,0.03428571428571,-0.06857142857143,-0.02285714285714,0.07999999999999857,0.08,13,0.013333333333333336,0.011547005383792518,0.9935709704105827,0.006429029589417268,4.705,272.2985820590984,8.0
Z,terminal_value_shifted,1534,0.03428571428571,-0.06857142857143,0.02285714285714,0.07999999999999857,0.08,13,0.013333333333333336,0.011547005383792518,0.9924654841335789,0.007534515866421065,4.705,272.2985820590984,8.0
Z,terminal_value_shifted,1535,0.03428571428571,-0.02285714285714,-0.06857142857143,0.07999999999999857,0.08,13,0.013333333333333336,0.011547005383792518,0.9987961166998791,0.0012038833001208893,4.705,272.2985820590984,8.0
Z,terminal_value_shifted,1536,0.03428571428571,-0.02285714285714,0.06857142857143,0.07999999999999857,0.08,13,0.013333333333333336,0.011547005383792518,0.9967367430037437,0.003263256996256292,4.705,272.2985820590984,8.0
Z,terminal_value_shifted,1537,0.03428571428571,0.02285714285714,-0.06857142857143,0.07999999999999857,0.08,13,0.013333333333333336,0.011547005383792518,0.998493837280534,0.0015061627194660199,4.705,272.2985820590984,8.0
Z,terminal_value_shifted,1538,0.03428571428571,0.02285714285714,0.06857142857143,0.07999999999999857,0.08,13,0.013333333333333336,0.011547005383792518,0.9990807665167102,0.0009192334832898164,4.705,272.2985820590984,8.0
Z,terminal_value_shifted,1539,0.03428571428571,0.06857142857143,-0.02285714285714,0.07999999999999857,0.08,13,0.013333333333333336,0.011547005383792518,0.9956238143280788,0.004376185671921218,4.705,272.2985820590984,8.0
Z,terminal_value_shifted,1540,0.03428571428571,0.06857142857143,0.02285714285714,0.07999999999999857,0.08,13,0.013333333333333336,0.011547005383792518,0.9971679057182093,0.0028320942817906536,4.705,272.2985820590984,8.0
Z,terminal_value_shifted,1541,0.03538606947718,-0.07077213895435,-0.01179535649239,0.08000000000000126,0.08,13,0.013333333333333336,0.011547005383792518,0.9929819345126225,0.0070180654873774895,4.705,272.2985820590984,8.0
Z,terminal_value_shifted,1542,0.03538606947718,-0.07077213895435,0.01179535649239,0.08000000000000126,0.08,13,0.013333333333333336,0.011547005383792518,0.9924064958586543,0.007593504141345742,4.705,272.2985820590984,8.0
Z,terminal_value_shifted,1543,0.03538606947718,-0.01179535649239,-0.07077213895435,0.08000000000000126,0.08,13,0.013333333333333336,0.011547005383792518,0.9991483284955293,0.0008516715044707412,4.705,272.2985820590984,8.0
Z,terminal_value_shifted,1544,0.03538606947718,-0.01179535649239,0.07077213895435,0.08000000000000126,0.08,13,0.013333333333333336,0.011547005383792518,0.99754973212172,0.0024502678782799547,4.705,272.2985820590984,8.0
Z,terminal_value_shifted,1545,0.03538606947718,0.01179535649239,-0.07077213895435,0.08000000000000126,0.08,13,0.013333333333333336,0.011547005383792518,0.9989674594882487,0.0010325405117512787,4.705,272.2985820590984,8.0
Z,terminal_value_shifted,1546,0.03538606947718,0.01179535649239,0.07077213895435,0.08000000000000126,0.08,13,0.013333333333333336,0.011547005383792518,0.9987782270714847,0.00122177292851533,4.705,272.2985820590984,8.0
Z,terminal_value_shifted,1547,0.03538606947718,0.07077213895435,-0.01179535649239,0.08000000000000126,0.08,13,0.013333333333333336,0.011547005383792518,0.9957981029428277,0.004201897057172332,4.705,272.2985820590984,8.0
Z,terminal_value_shifted,1548,0.03538606947718,0.07077213895435,0.01179535649239,0.08000000000000126,0.08,13,0.013333333333333336,0.011547005383792518,0.9966340414461274,0.003365958553872561,4.705,272.2985820590984,8.0
Z,terminal_value_shifted,1549,0.03577708764,-0.07155417527999,0.0,0.07999999999999859,0.08,13,0.013333333333333336,0.011547005383792518,0.9925769937930775,0.007423006206922489,4.705,272.2985820590984,8.0
Z,terminal_value_shifted,1550,0.03577708764,0.0,-0.07155417527999,0.07999999999999859,0.08,13,0.013333333333333336,0.011547005383792518,0.9992086459819696,0.0007913540180304324,4.705,272.2985820590984,8.0
Z,terminal_value_shifted,1551,0.03577708764,0.0,0.07155417527999,0.07999999999999859,0.08,13,0.013333333333333336,0.011547005383792518,0.998255726922234,0.0017442730777660342,4.705,272.2985820590984,8.0
Z,terminal_value_shifted,1552,0.03577708764,0.07155417527999,0.0,0.07999999999999859,0.08,13,0.013333333333333336,0.011547005383792518,0.9961508356768776,0.0038491643231224337,4.705,272.2985820590984,8.0
Z,terminal_value_shifted,1553,0.03646738446708,-0.05470107670063,-0.04558423058386,0.08000000000000344,0.08,13,0.013333333333333336,0.011547005383792518,0.9958904493915913,0.004109550608408674,4.705,272.2985820590984,8.0
Z,terminal_value_shifted,1554,0.03646738446708,-0.05470107670063,0.04558423058386,0.08000000000000344,0.08,13,0.013333333333333336,0.011547005383792518,0.9938383281071725,0.006161671892827458,4.705,272.2985820590984,8.0
Z,terminal_value_shifted,1555,0.03646738446708,-0.04558423058386,-0.05470107670063,0.08000000000000344,0.08,13,0.013333333333333336,0.011547005383792518,0.9970264016672037,0.0029735983327963122,4.705,272.2985820590984,8.0
Z,terminal_value_shifted,1556,0.03646738446708,-0.04558423058386,0.05470107670063,0.08000000000000344,0.08,13,0.013333333333333336,0.011547005383792518,0.9947427255300387,0.005257274469961271,4.705,272.2985820590984,8.0
Z,terminal_value_shifted,1557,0.03646738446708,0.04558423058386,-0.05470107670063,0.08000000000000344,0.08,13,0.013333333333333336,0.011547005383792518,0.9970507043291461,0.002949295670853891,4.705,272.2985820590984,8.0
Z,terminal_value_shifted,1558,0.03646738446708,0.04558423058386,0.05470107670063,0.08000000000000344,0.08,13,0.013333333333333336,0.011547005383792518,0.9989789063843908,0.0010210936156092032,4.705,272.2985820590984,8.0
Z,terminal_value_shifted,1559,0.03646738446708,0.05470107670063,-0.04558423058386,0.08000000000000344,0.08,13,0.013333333333333336,0.011547005383792518,0.9963952555682074,0.0036047444317925947,4.705,272.2985820590984,8.0
Z,terminal_value_shifted,1560,0.03646738446708,0.05470107670063,0.04558423058386,0.08000000000000344,0.08,13,0.013333333333333336,0.011547005383792518,0.9985561321410371,0.0014438678589628884,4.705,272.2985820590984,8.0
Z,terminal_value_shifted,1561,0.03659965687983,-0.06099942813304,-0.03659965687983,0.08000000000000304,0.08,13,0.013333333333333336,0.011547005383792518,0.9949275495044729,0.00507245049552707,4.705,272.2985820590984,8.0
Z,terminal_value_shifted,1562,0.03659965687983,-0.06099942813304,0.03659965687983,0.08000000000000304,0.08,13,0.013333333333333336,0.011547005383792518,0.993214173412869,0.006785826587131005,4.705,272.2985820590984,8.0
Z,terminal_value_shifted,1563,0.03659965687983,-0.03659965687983,-0.06099942813304,0.08000000000000304,0.08,13,0.013333333333333336,0.011547005383792518,0.9978928849210462,0.0021071150789537807,4.705,272.2985820590984,8.0
Z,terminal_value_shifted,1564,0.03659965687983,-0.03659965687983,0.06099942813304,0.08000000000000304,0.08,13,0.013333333333333336,0.011547005383792518,0.9955904974381281,0.004409502561871892,4.705,272.2985820590984,8.0
Z,terminal_value_shifted,1565,0.03659965687983,0.03659965687983,-0.06099942813304,0.08000000000000304,0.08,13,0.013333333333333336,0.011547005383792518,0.9976889526721936,0.0023110473278064037,4.705,272.2985820590984,8.0
Z,terminal_value_shifted,1566,0.03659965687983,0.03659965687983,0.06099942813304,0.08000000000000304,0.08,13,0.013333333333333336,0.011547005383792518,0.9991569520231086,0.0008430479768913868,4.705,272.2985820590984,8.0
Z,terminal_value_shifted,1567,0.03659965687983,0.06099942813304,-0.03659965687983,0.08000000000000304,0.08,13,0.013333333333333336,0.011547005383792518,0.9960029601609763,0.003997039839023664,4.705,272.2985820590984,8.0
Z,terminal_value_shifted,1568,0.03659965687983,0.06099942813304,0.03659965687983,0.08000000000000304,0.08,13,0.013333333333333336,0.011547005383792518,0.9980625788628924,0.0019374211371075978,4.705,272.2985820590984,8.0
Z,terminal_value_shifted,1569,0.03748170285327,-0.04997560380435,-0.04997560380435,0.0799999999999972,0.08,13,0.013333333333333336,0.011547005383792518,0.9964990271296903,0.0035009728703097043,4.705,272.2985820590984,8.0
Z,terminal_value_shifted,1570,0.03748170285327,-0.04997560380435,0.04997560380435,0.0799999999999972,0.08,13,0.013333333333333336,0.011547005383792518,0.9943271107801861,0.005672889219813904,4.705,272.2985820590984,8.0
Z,terminal_value_shifted,1571,0.03748170285327,0.04997560380435,-0.04997560380435,0.0799999999999972,0.08,13,0.013333333333333336,0.011547005383792518,0.9967560282271535,0.003243971772846521,4.705,272.2985820590984,8.0
Z,terminal_value_shifted,1572,0.03748170285327,0.04997560380435,0.04997560380435,0.0799999999999972,0.08,13,0.013333333333333336,0.011547005383792518,0.9988034679690062,0.001196532030993791,4.705,272.2985820590984,8.0
Z,terminal_value_shifted,1573,0.03880570000581,-0.05820855000872,-0.03880570000581,0.07999999999999688,0.08,13,0.013333333333333336,0.011547005383792518,0.9953291704938618,0.004670829506138174,4.705,272.2985820590984,8.0
Z,terminal_value_shifted,1574,0.03880570000581,-0.05820855000872,0.03880570000581,0.07999999999999688,0.08,13,0.013333333333333336,0.011547005383792518,0.9935382518240197,0.006461748175980331,4.705,272.2985820590984,8.0
Z,terminal_value_shifted,1575,0.03880570000581,-0.03880570000581,-0.05820855000872,0.07999999999999688,0.08,13,0.013333333333333336,0.011547005383792518,0.9976786657928967,0.0023213342071033427,4.705,272.2985820590984,8.0
Z,terminal_value_shifted,1576,0.03880570000581,-0.03880570000581,0.05820855000872,0.07999999999999688,0.08,13,0.013333333333333336,0.011547005383792518,0.9954159420877661,0.00458405791223393,4.705,272.2985820590984,8.0
Z,terminal_value_shifted,1577,0.03880570000581,0.03880570000581,-0.05820855000872,0.07999999999999688,0.08,13,0.013333333333333336,0.011547005383792518,0.9975745849284515,0.0024254150715484757,4.705,272.2985820590984,8.0
Z,terminal_value_shifted,1578,0.03880570000581,0.03880570000581,0.05820855000872,0.07999999999999688,0.08,13,0.013333333333333336,0.011547005383792518,0.999127057461338,0.0008729425386619916,4.705,272.2985820590984,8.0
Z,terminal_value_shifted,1579,0.03880570000581,0.05820855000872,-0.03880570000581,0.07999999999999688,0.08,13,0.013333333333333336,0.011547005383792518,0.9962464649854595,0.0037535350145404545,4.705,272.2985820590984,8.0
Z,terminal_value_shifted,1580,0.03880570000581,0.05820855000872,0.03880570000581,0.07999999999999688,0.08,13,0.013333333333333336,0.011547005383792518,0.99827279104246,0.0017272089575399718,4.705,272.2985820590984,8.0
Z,terminal_value_shifted,1581,0.03893314107138,-0.06488856845231,-0.02595542738092,0.08000000000000193,0.08,13,0.013333333333333336,0.011547005383792518,0.9941676893741056,0.005832310625894399,4.705,272.2985820590984,8.0
Z,terminal_value_shifted,1582,0.03893314107138,-0.06488856845231,0.02595542738092,0.08000000000000193,0.08,13,0.013333333333333336,0.011547005383792518,0.9929264465008854,0.007073553499114649,4.705,272.2985820590984,8.0
Z,terminal_value_shifted,1583,0.03893314107138,-0.02595542738092,-0.06488856845231,0.08000000000000193,0.08,13,0.013333333333333336,0.011547005383792518,0.9986111050514974,0.0013888949485025837,4.705,272.2985820590984,8.0
Z,terminal_value_shifted,1584,0.03893314107138,-0.02595542738092,0.06488856845231,0.08000000000000193,0.08,13,0.013333333333333336,0.011547005383792518,0.9965310937490189,0.003468906250981063,4.705,272.2985820590984,8.0
Z,terminal_value_shifted,1585,0.03893314107138,0.02595542738092,-0.06488856845231,0.08000000000000193,0.08,13,0.013333333333333336,0.011547005383792518,0.9983718876155547,0.0016281123844452683,4.705,272.2985820590984,8.0
Z,terminal_value_shifted,1586,0.03893314107138,0.02595542738092,0.06488856845231,0.08000000000000193,0.08,13,0.013333333333333336,0.011547005383792518,0.9991359935237352,0.0008640064762648336,4.705,272.2985820590984,8.0
Z,terminal_value_shifted,1587,0.03893314107138,0.06488856845231,-0.02595542738092,0.08000000000000193,0.08,13,0.013333333333333336,0.011547005383792518,0.9959540155150197,0.004045984484980281,4.705,272.2985820590984,8.0
Z,terminal_value_shifted,1588,0.03893314107138,0.06488856845231,0.02595542738092,0.08000000000000193,0.08,13,0.013333333333333336,0.011547005383792518,0.9975597560577587,0.0024402439422412936,4.705,272.2985820590984,8.0
Z,terminal_value_shifted,1589,0.03938927711339,-0.04923659639173,-0.04923659639173,0.07999999999999793,0.08,13,0.013333333333333336,0.011547005383792518,0.9965619467284523,0.0034380532715476697,4.705,272.2985820590984,8.0
Z,terminal_value_shifted,1590,0.03938927711339,-0.04923659639173,0.04923659639173,0.07999999999999793,0.08,13,0.013333333333333336,0.011547005383792518,0.9944321111900539,0.0055678888099460755,4.705,272.2985820590984,8.0
Z,terminal_value_shifted,1591,0.03938927711339,0.04923659639173,-0.04923659639173,0.07999999999999793,0.08,13,0.013333333333333336,0.011547005383792518,0.9968570096726067,0.0031429903273932913,4.705,272.2985820590984,8.0
Z,terminal_value_shifted,1592,0.03938927711339,0.04923659639173,0.04923659639173,0.07999999999999793,0.08,13,0.013333333333333336,0.011547005383792518,0.9988228706910263,0.0011771293089737345,4.705,272.2985820590984,8.0
Z,terminal_value_shifted,1593,0.04,-0.06666666666667,-0.01333333333333,0.07888106377466379,0.08,13,0.013333333333333336,0.011547005383792518,0.993625483318279,0.006374516681720954,4.705,272.2985820590984,8.0
Z,terminal_value_shifted,1594,0.04,-0.06666666666667,0.0,0.07774602526460686,0.08,13,0.013333333333333336,0.011547005383792518,0.9933081473191125,0.006691852680887456,4.705,272.2985820590984,8.0
Z,terminal_value_shifted,1595,0.04,-0.06666666666667,0.01333333333333,0.07888106377466379,0.08,13,0.013333333333333336,0.011547005383792518,0.9929812715685853,0.007018728431414711,4.705,272.2985820590984,8.0
Z,terminal_value_shifted,1596,0.04,-0.05333333333333,-0.04,0.07774602526460171,0.08,13,0.013333333333333336,0.011547005383792518,0.9959389596013523,0.004061040398647742,4.705,272.2985820590984,8.0
Z,terminal_value_shifted,1597,0.04,-0.05333333333333,-0.02666666666667,0.07180219742845882,0.08,13,0.013333333333333336,0.011547005383792518,0.9956735560082262,0.004326443991773843,4.705,272.2985820590984,8.0
Z,terminal_value_shifted,1598,0.04,-0.05333333333333,-0.01333333333333,0.06798692684790053,0.08,13,0.013333333333333336,0.011547005383792518,0.9953915231163242,0.004608476883675827,4.705,272.2985820590984,8.0
Z,terminal_value_shifted,1599,0.04,-0.05333333333333,0.0,0.066666666666664,0.08,13,0.013333333333333336,0.011547005383792518,0.9950949686692607,0.0049050313307392734,4.705,272.2985820590984,8.0
Z,terminal_value_shifted,1600,0.04,-0.05333333333333,0.01333333333333,0.06798692684790053,0.08,13,0.013333333333333336,0.011547005383792518,0.9947863997165949,0.005213600283405118,4.705,272.2985820590984,8.0
Z,terminal_value_shifted,1601,0.04,-0.05333333333333,0.02666666666667,0.07180219742845882,0.08,13,0.013333333333333336,0.011547005383792518,0.9944687290123275,0.005531270987672476,4.705,272.2985820590984,8.0
Z,terminal_value_shifted,1602,0.04,-0.05333333333333,0.04,0.07774602526460171,0.08,13,0.013333333333333336,0.011547005383792518,0.994145271912284,0.005854728087716032,4.705,272.2985820590984,8.0
Z,terminal_value_shifted,1603,0.04,-0.04,-0.05333333333333,0.07774602526460171,0.08,13,0.013333333333333336,0.011547005383792518,0.9975072419847508,0.0024927580152491746,4.705,272.2985820590984,8.0
Z,terminal_value_shifted,1604,0.04,-0.04,-0.04,0.06928203230275509,0.08,13,0.013333333333333336,0.011547005383792518,0.9972993225170528,0.0027006774829472224,4.705,272.2985820590984,8.0
Z,terminal_value_shifted,1605,0.04,-0.04,-0.02666666666667,0.06253887679764715,0.08,13,0.013333333333333336,0.011547005383792518,0.9970721302805936,0.002927869719406395,4.705,272.2985820590984,8.0
Z,terminal_value_shifted,1606,0.04,-0.04,-0.01333333333333,0.05811865258054155,0.08,13,0.013333333333333336,0.011547005383792518,0.9968267565635187,0.003173243436481288,4.705,272.2985820590984,8.0
Z,terminal_value_shifted,1607,0.04,-0.04,0.0,0.0565685424949238,0.08,13,0.013333333333333336,0.011547005383792518,0.9965647298627663,0.003435270137233659,4.705,272.2985820590984,8.0
Z,terminal_value_shifted,1608,0.04,-0.04,0.01333333333333,0.05811865258054155,0.08,13,0.013333333333333336,0.011547005383792518,0.9962880316953651,0.0037119683046349383,4.705,272.2985820590984,8.0
Z,terminal_value_shifted,1609,0.04,-0.04,0.02666666666667,0.06253887679764715,0.08,13,0.013333333333333336,0.011547005383792518,0.9959991026856976,0.004000897314302421,4.705,272.2985820590984,8.0
Z,terminal_value_shifted,1610,0.04,-0.04,0.04,0.06928203230275509,0.08,13,0.013333333333333336,0.011547005383792518,0.9957008388765336,0.0042991611234663996,4.705,272.2985820590984,8.0
Z,terminal_value_shifted,1611,0.04,-0.04,0.05333333333333,0.07774602526460171,0.08,13,0.013333333333333336,0.011547005383792518,0.9953965782191343,0.004603421780865702,4.705,272.2985820590984,8.0
Z,terminal_value_shifted,1612,0.04,-0.02666666666667,-0.05333333333333,0.07180219742845882,0.08,13,0.013333333333333336,0.011547005383792518,0.9984542779324915,0.0015457220675084704,4.705,272.2985820590984,8.0
Z,terminal_value_shifted,1613,0.04,-0.02666666666667,-0.04,0.06253887679764715,0.08,13,0.013333333333333336,0.011547005383792518,0.9982991470476488,0.0017008529523512284,4.705,272.2985820590984,8.0
Z,terminal_value_shifted,1614,0.04,-0.02666666666667,-0.02666666666667,0.054974741674905375,0.08,13,0.013333333333333336,0.011547005383792518,0.9981237357254152,0.0018762642745847602,4.705,272.2985820590984,8.0
Z,terminal_value_shifted,1615,0.04,-0.02666666666667,-0.01333333333333,0.04988876515698678,0.08,13,0.013333333333333336,0.011547005383792518,0.9979284861010218,0.0020715138989781945,4.705,272.2985820590984,8.0
Z,terminal_value_shifted,1616,0.04,-0.02666666666667,0.0,0.04807401700618837,0.08,13,0.013333333333333336,0.011547005383792518,0.9977143273590099,0.0022856726409901107,4.705,272.2985820590984,8.0
Z,terminal_value_shifted,1617,0.04,-0.02666666666667,0.01333333333333,0.04988876515698678,0.08,13,0.013333333333333336,0.011547005383792518,0.9974826919169419,0.0025173080830580563,4.705,272.2985820590984,8.0
Z,terminal_value_shifted,1618,0.04,-0.02666666666667,0.02666666666667,0.054974741674905375,0.08,13,0.013333333333333336,0.011547005383792518,0.9972355216228019,0.0027644783771980652,4.705,272.2985820590984,8.0
Z,terminal_value_shifted,1619,0.04,-0.02666666666667,0.04,0.06253887679764715,0.08,13,0.013333333333333336,0.011547005383792518,0.9969752639118741,0.0030247360881259233,4.705,272.2985820590984,8.0
Z,terminal_value_shifted,1620,0.04,-0.02666666666667,0.05333333333333,0.07180219742845882,0.08,13,0.013333333333333336,0.011547005383792518,0.9967048578775607,0.0032951421224393096,4.705,272.2985820590984,8.0
Z,terminal_value_shifted,1621,0.04,-0.01333333333333,-0.06666666666667,0.07888106377466379,0.08,13,0.013333333333333336,0.011547005383792518,0.9990953270346575,0.0009046729653424679,4.705,272.2985820590984,8.0
Z,terminal_value_shifted,1622,0.04,-0.01333333333333,-0.05333333333333,0.06798692684790053,0.08,13,0.013333333333333336,0.011547005383792518,0.9990267081956326,0.0009732918043674488,4.705,272.2985820590984,8.0
Z,terminal_value_shifted,1623,0.04,-0.01333333333333,-0.04,0.05811865258054155,0.08,13,0.013333333333333336,0.011547005383792518,0.9989374727414395,0.0010625272585604861,4.705,272.2985820590984,8.0
Z,terminal_value_shifted,1624,0.04,-0.01333333333333,-0.02666666666667,0.04988876515698678,0.08,13,0.013333333333333336,0.011547005383792518,0.9988268917265133,0.0011731082734867115,4.705,272.2985820590984,8.0
Z,terminal_value_shifted,1625,0.04,-0.01333333333333,-0.01333333333333,0.044221663871403326,0.08,13,0.013333333333333336,0.011547005383792518,0.9986947417616986,0.00130525823830141,4.705,272.2985820590984,8.0
Z,terminal_value_shifted,1626,0.04,-0.01333333333333,0.0,0.04216370213557734,0.08,13,0.013333333333333336,0.011547005383792518,0.9985413321605584,0.0014586678394415964,4.705,272.2985820590984,8.0
Z,terminal_value_shifted,1627,0.04,-0.01333333333333,0.01333333333333,0.044221663871403326,0.08,13,0.013333333333333336,0.011547005383792518,0.9983675219276992,0.0016324780723008248,4.705,272.2985820590984,8.0
Z,terminal_value_shifted,1628,0.04,-0.01333333333333,0.02666666666667,0.04988876515698678,0.08,13,0.013333333333333336,0.011547005383792518,0.9981747265154921,0.0018252734845078944,4.705,272.2985820590984,8.0
Z,terminal_value_shifted,1629,0.04,-0.01333333333333,0.04,0.05811865258054155,0.08,13,0.013333333333333336,0.011547005383792518,0.9979649142875605,0.0020350857124394883,4.705,272.2985820590984,8.0
Z,terminal_value_shifted,1630,0.04,-0.01333333333333,0.05333333333333,0.06798692684790053,0.08,13,0.013333333333333336,0.011547005383792518,0.9977405926375166,0.0022594073624834232,4.705,272.2985820590984,8.0
Z,terminal_value_shifted,1631,0.04,-0.01333333333333,0.06666666666667,0.07888106377466379,0.08,13,0.013333333333333336,0.011547005383792518,0.9975047837207737,0.002495216279226331,4.705,272.2985820590984,8.0
Z,terminal_value_shifted,1632,0.04,0.0,-0.06666666666667,0.07774602526460686,0.08,13,0.013333333333333336,0.011547005383792518,0.9992147807404912,0.000785219259508807,4.705,272.2985820590984,8.0
Z,terminal_value_shifted,1633,0.04,0.0,-0.05333333333333,0.066666666666664,0.08,13,0.013333333333333336,0.011547005383792518,0.9992249573688132,0.0007750426311867731,4.705,272.2985820590984,8.0
Z,terminal_value_shifted,1634,0.04,0.0,-0.04,0.0565685424949238,0.08,13,0.013333333333333336,0.011547005383792518,0.9992141399643689,0.0007858600356310808,4.705,272.2985820590984,8.0
Z,terminal_value_shifted,1635,0.04,0.0,-0.02666666666667,0.04807401700618837,0.08,13,0.013333333333333336,0.011547005383792518,0.9991808784134051,0.0008191215865949175,4.705,272.2985820590984,8.0
Z,terminal_value_shifted,1636,0.04,0.0,-0.01333333333333,0.04216370213557734,0.08,13,0.013333333333333336,0.011547005383792518,0.9991242678963136,0.0008757321036864107,4.705,272.2985820590984,8.0
Z,terminal_value_shifted,1637,0.04,0.0,0.0,0.04,0.08,13,0.013333333333333336,0.011547005383792518,0.9990439775014912,0.0009560224985087906,4.705,272.2985820590984,8.0
Z,terminal_value_shifted,1638,0.04,0.0,0.01333333333333,0.04216370213557734,0.08,13,0.013333333333333336,0.011547005383792518,0.9989402684687975,0.0010597315312025346,4.705,272.2985820590984,8.0
Z,terminal_value_shifted,1639,0.04,0.0,0.02666666666667,0.04807401700618837,0.08,13,0.013333333333333336,0.011547005383792518,0.9988140019746163,0.001185998025383661,4.705,272.2985820590984,8.0
Z,terminal_value_shifted,1640,0.04,0.0,0.04,0.0565685424949238,0.08,13,0.013333333333333336,0.011547005383792518,0.9986666363839025,0.0013333636160974827,4.705,272.2985820590984,8.0
Z,terminal_value_shifted,1641,0.04,0.0,0.05333333333333,0.066666666666664,0.08,13,0.013333333333333336,0.011547005383792518,0.9985002139064258,0.0014997860935741514,4.705,272.2985820590984,8.0
Z,terminal_value_shifted,1642,0.04,0.0,0.06666666666667,0.07774602526460686,0.08,13,0.013333333333333336,0.011547005383792518,0.9983173366059035,0.0016826633940965063,4.705,272.2985820590984,8.0
Z,terminal_value_shifted,1643,0.04,0.01333333333333,-0.06666666666667,0.07888106377466379,0.08,13,0.013333333333333336,0.011547005383792518,0.99894931540324,0.0010506845967600542,4.705,272.2985820590984,8.0
Z,terminal_value_shifted,1644,0.04,0.01333333333333,-0.05333333333333,0.06798692684790053,0.08,13,0.013333333333333336,0.011547005383792518,0.9990502057534246,0.000949794246575375,4.705,272.2985820590984,8.0
Z,terminal_value_shifted,1645,0.04,0.01333333333333,-0.04,0.05811865258054155,0.08,13,0.013333333333333336,0.011547005383792518,0.9991297170940899,0.0008702829059100692,4.705,272.2985820590984,8.0
Z,terminal_value_shifted,1646,0.04,0.01333333333333,-0.02666666666667,0.04988876515698678,0.08,13,0.013333333333333336,0.011547005383792518,0.9991856685386028,0.0008143314613971997,4.705,272.2985820590984,8.0
Z,terminal_value_shifted,1647,0.04,0.01333333333333,-0.01333333333333,0.044221663871403326,0.08,13,0.013333333333333336,0.011547005383792518,0.999216459112624,0.0007835408873759775,4.705,272.2985820590984,8.0
Z,terminal_value_shifted,1648,0.04,0.01333333333333,0.0,0.04216370213557734,0.08,13,0.013333333333333336,0.011547005383792518,0.9992210982686351,0.0007789017313648561,4.705,272.2985820590984,8.0
Z,terminal_value_shifted,1649,0.04,0.01333333333333,0.01333333333333,0.044221663871403326,0.08,13,0.013333333333333336,0.011547005383792518,0.9991992258441755,0.0008007741558244685,4.705,272.2985820590984,8.0
Z,terminal_value_shifted,1650,0.04,0.01333333333333,0.02666666666667,0.04988876515698678,0.08,13,0.013333333333333336,0.011547005383792518,0.999151121355553,0.0008488786444470486,4.705,272.2985820590984,8.0
Z,terminal_value_shifted,1651,0.04,0.01333333333333,0.04,0.05811865258054155,0.08,13,0.013333333333333336,0.011547005383792518,0.9990777025336978,0.0009222974663022354,4.705,272.2985820590984,8.0
Z,terminal_value_shifted,1652,0.04,0.01333333333333,0.05333333333333,0.06798692684790053,0.08,13,0.013333333333333336,0.011547005383792518,0.9989805130227168,0.0010194869772831572,4.705,272.2985820590984,8.0
Z,terminal_value_shifted,1653,0.04,0.01333333333333,0.06666666666667,0.07888106377466379,0.08,13,0.013333333333333336,0.011547005383792518,0.9988616991754902,0.0011383008245098303,4.705,272.2985820590984,8.0
Z,terminal_value_shifted,1654,0.04,0.02666666666667,-0.05333333333333,0.07180219742845882,0.08,13,0.013333333333333336,0.011547005383792518,0.9985042500574047,0.0014957499425952703,4.705,272.2985820590984,8.0
Z,terminal_value_shifted,1655,0.04,0.02666666666667,-0.04,0.06253887679764715,0.08,13,0.013333333333333336,0.011547005383792518,0.998685368885612,0.0013146311143880096,4.705,272.2985820590984,8.0
Z,terminal_value_shifted,1656,0.04,0.02666666666667,-0.02666666666667,0.054974741674905375,0.08,13,0.013333333333333336,0.011547005383792518,0.9988418029887616,0.0011581970112384266,4.705,272.2985820590984,8.0
Z,terminal_value_shifted,1657,0.04,0.02666666666667,-0.01333333333333,0.04988876515698678,0.08,13,0.013333333333333336,0.011547005383792518,0.9989712424246379,0.001028757575362138,4.705,272.2985820590984,8.0
Z,terminal_value_shifted,1658,0.04,0.02666666666667,0.0,0.04807401700618837,0.08,13,0.013333333333333336,0.011547005383792518,0.9990720192985864,0.0009279807014136443,4.705,272.2985820590984,8.0
Z,terminal_value_shifted,1659,0.04,0.02666666666667,0.01333333333333,0.04988876515698678,0.08,13,0.013333333333333336,0.011547005383792518,0.9991431298957745,0.0008568701042255267,4.705,272.2985820590984,8.0
Z,terminal_value_shifted,1660,0.04,0.02666666666667,0.02666666666667,0.054974741674905375,0.08,13,0.013333333333333336,0.011547005383792518,0.9991842459661417,0.0008157540338582514,4.705,272.2985820590984,8.0
Z,terminal_value_shifted,1661,0.04,0.02666666666667,0.04,0.06253887679764715,0.08,13,0.013333333333333336,0.011547005383792518,0.999195715044326,0.0008042849556739728,4.705,272.2985820590984,8.0
Z,terminal_value_shifted,1662,0.04,0.02666666666667,0.05333333333333,0.07180219742845882,0.08,13,0.013333333333333336,0.011547005383792518,0.9991785497028429,0.0008214502971570781,4.705,272.2985820590984,8.0
Z,terminal_value_shifted,1663,0.04,0.04,-0.05333333333333,0.07774602526460171,0.08,13,0.013333333333333336,0.011547005383792518,0.9975893025877545,0.0024106974122455327,4.705,272.2985820590984,8.0
Z,terminal_value_shifted,1664,0.04,0.04,-0.04,0.06928203230275509,0.08,13,0.013333333333333336,0.011547005383792518,0.9978826656041673,0.002117334395832726,4.705,272.2985820590984,8.0
Z,terminal_value_shifted,1665,0.04,0.04,-0.02666666666667,0.06253887679764715,0.08,13,0.013333333333333336,0.011547005383792518,0.9981502094959585,0.0018497905040415485,4.705,272.2985820590984,8.0
Z,terminal_value_shifted,1666,0.04,0.04,-0.01333333333333,0.05811865258054155,0.08,13,0.013333333333333336,0.011547005383792518,0.9983889051658952,0.0016110948341048204,4.705,272.2985820590984,8.0
Z,terminal_value_shifted,1667,0.04,0.04,0.0,0.0565685424949238,0.08,13,0.013333333333333336,0.011547005383792518,0.9985963921073735,0.0014036078926265017,4.705,272.2985820590984,8.0
Z,terminal_value_shifted,1668,0.04,0.04,0.01333333333333,0.05811865258054155,0.08,13,0.013333333333333336,0.011547005383792518,0.998771003159697,0.001228996840302976,4.705,272.2985820590984,8.0
Z,terminal_value_shifted,1669,0.04,0.04,0.02666666666667,0.06253887679764715,0.08,13,0.013333333333333336,0.011547005383792518,0.9989117782599065,0.0010882217400934868,4.705,272.2985820590984,8.0
Z,terminal_value_shifted,1670,0.04,0.04,0.04,0.06928203230275509,0.08,13,0.013333333333333336,0.011547005383792518,0.9990184670432999,0.0009815329567001152,4.705,272.2985820590984,8.0
Z,terminal_value_shifted,1671,0.04,0.04,0.05333333333333,0.07774602526460171,0.08,13,0.013333333333333336,0.011547005383792518,0.9990915201630892,0.0009084798369107805,4.705,272.2985820590984,8.0
Z,terminal_value_shifted,1672,0.04,0.05333333333333,-0.04,0.07774602526460171,0.08,13,0.013333333333333336,0.011547005383792518,0.996723335574874,0.0032766644251259747,4.705,272.2985820590984,8.0
Z,terminal_value_shifted,1673,0.04,0.05333333333333,-0.02666666666667,0.07180219742845882,0.08,13,0.013333333333333336,0.011547005383792518,0.9971119670143025,0.0028880329856975084,4.705,272.2985820590984,8.0
Z,terminal_value_shifted,1674,0.04,0.05333333333333,-0.01333333333333,0.06798692684790053,0.08,13,0.013333333333333336,0.011547005383792518,0.9974698709657919,0.0025301290342081284,4.705,272.2985820590984,8.0
Z,terminal_value_shifted,1675,0.04,0.05333333333333,0.0,0.066666666666664,0.08,13,0.013333333333333336,0.011547005383792518,0.9977939822028905,0.002206017797109494,4.705,272.2985820590984,8.0
Z,terminal_value_shifted,1676,0.04,0.05333333333333,0.01333333333333,0.06798692684790053,0.08,13,0.013333333333333336,0.011547005383792518,0.9980819532209382,0.0019180467790618216,4.705,272.2985820590984,8.0
Z,terminal_value_shifted,1677,0.04,0.05333333333333,0.02666666666667,0.07180219742845882,0.08,13,0.013333333333333336,0.011547005383792518,0.998332170914976,0.001667829085024053,4.705,272.2985820590984,8.0
Z,terminal_value_shifted,1678,0.04,0.05333333333333,0.04,0.07774602526460171,0.08,13,0.013333333333333336,0.011547005383792518,0.9985437619447592,0.001456238055240755,4.705,272.2985820590984,8.0
Z,terminal_value_shifted,1679,0.04,0.06666666666667,-0.01333333333333,0.07888106377466379,0.08,13,0.013333333333333336,0.011547005383792518,0.9962144289083502,0.0037855710916497864,4.705,272.2985820590984,8.0
Z,terminal_value_shifted,1680,0.04,0.06666666666667,0.0,0.07774602526460686,0.08,13,0.013333333333333336,0.011547005383792518,0.9966644117964587,0.0033355882035412954,4.705,272.2985820590984,8.0
Z,terminal_value_shifted,1681,0.04,0.06666666666667,0.01333333333333,0.07888106377466379,0.08,13,0.013333333333333336,0.011547005383792518,0.9970749287984032,0.002925071201596796,4.705,272.2985820590984,8.0
Z,terminal_value_shifted,1682,0.04061384660534,-0.04873661592641,-0.04873661592641,0.07999999999999306,0.08,13,0.013333333333333336,0.011547005383792518,0.9966039910378109,0.0033960089621890566,4.705,272.2985820590984,8.0
Z,terminal_value_shifted,1683,0.04061384660534,-0.04873661592641,0.04873661592641,0.07999999999999306,0.08,13,0.013333333333333336,0.011547005383792518,0.994502756123371,0.005497243876628977,4.705,272.2985820590984,8.0
Z,terminal_value_shifted,1684,0.04061384660534,0.04873661592641,-0.04873661592641,0.07999999999999306,0.08,13,0.013333333333333336,0.011547005383792518,0.9969237074870426,0.0030762925129573793,4.705,272.2985820590984,8.0
Z,terminal_value_shifted,1685,0.04061384660534,0.04873661592641,0.04873661592641,0.07999999999999306,0.08,13,0.013333333333333336,0.011547005383792518,0.9988355729446917,0.0011644270553082814,4.705,272.2985820590984,8.0
Z,terminal_value_shifted,1686,0.04097180157853,-0.06145770236779,-0.0307288511839,0.08000000000000354,0.08,13,0.013333333333333336,0.011547005383792518,0.9947388627612781,0.005261137238721902,4.705,272.2985820590984,8.0
Z,terminal_value_shifted,1687,0.04097180157853,-0.06145770236779,0.0307288511839,0.08000000000000354,0.08,13,0.013333333333333336,0.011547005383792518,0.9932915914435096,0.006708408556490353,4.705,272.2985820590984,8.0
Z,terminal_value_shifted,1688,0.04097180157853,-0.0307288511839,-0.06145770236779,0.08000000000000354,0.08,13,0.013333333333333336,0.011547005383792518,0.9982992230815111,0.001700776918488911,4.705,272.2985820590984,8.0
Z,terminal_value_shifted,1689,0.04097180157853,-0.0307288511839,0.06145770236779,0.08000000000000354,0.08,13,0.013333333333333336,0.011547005383792518,0.9961582149745263,0.0038417850254737207,4.705,272.2985820590984,8.0
Z,terminal_value_shifted,1690,0.04097180157853,0.0307288511839,-0.06145770236779,0.08000000000000354,0.08,13,0.013333333333333336,0.011547005383792518,0.9981242801333832,0.0018757198666168318,4.705,272.2985820590984,8.0
Z,terminal_value_shifted,1691,0.04097180157853,0.0307288511839,0.06145770236779,0.08000000000000354,0.08,13,0.013333333333333336,0.011547005383792518,0.9991729041484785,0.0008270958515215199,4.705,272.2985820590984,8.0
Z,terminal_value_shifted,1692,0.04097180157853,0.06145770236779,-0.0307288511839,0.08000000000000354,0.08,13,0.013333333333333336,0.011547005383792518,0.9961743784106009,0.003825621589399142,4.705,272.2985820590984,8.0
Z,terminal_value_shifted,1693,0.04097180157853,0.06145770236779,0.0307288511839,0.08000000000000354,0.08,13,0.013333333333333336,0.011547005383792518,0.9979192716986476,0.002080728301352419,4.705,272.2985820590984,8.0
Z,terminal_value_shifted,1694,0.04238503542608,-0.0529812942826,-0.04238503542608,0.07999999999999735,0.08,13,0.013333333333333336,0.011547005383792518,0.9960218893408339,0.00397811065916609,4.705,272.2985820590984,8.0
Z,terminal_value_shifted,1695,0.04238503542608,-0.0529812942826,0.04238503542608,0.07999999999999735,0.08,13,0.013333333333333336,0.011547005383792518,0.9941283455998642,0.005871654400135817,4.705,272.2985820590984,8.0
Z,terminal_value_shifted,1696,0.04238503542608,-0.04238503542608,-0.0529812942826,0.07999999999999735,0.08,13,0.013333333333333336,0.011547005383792518,0.9972893186925506,0.0027106813074494474,4.705,272.2985820590984,8.0
Z,terminal_value_shifted,1697,0.04238503542608,-0.04238503542608,0.0529812942826,0.07999999999999735,0.08,13,0.013333333333333336,0.011547005383792518,0.9951379849294536,0.004862015070546399,4.705,272.2985820590984,8.0
Z,terminal_value_shifted,1698,0.04238503542608,0.04238503542608,-0.0529812942826,0.07999999999999735,0.08,13,0.013333333333333336,0.011547005383792518,0.9974008655629921,0.0025991344370078773,4.705,272.2985820590984,8.0
Z,terminal_value_shifted,1699,0.04238503542608,0.04238503542608,0.0529812942826,0.07999999999999735,0.08,13,0.013333333333333336,0.011547005383792518,0.9990433451064393,0.0009566548935606711,4.705,272.2985820590984,8.0
Z,terminal_value_shifted,1700,0.04238503542608,0.0529812942826,-0.04238503542608,0.07999999999999735,0.08,13,0.013333333333333336,0.011547005383792518,0.9966940467088932,0.0033059532911068334,4.705,272.2985820590984,8.0
Z,terminal_value_shifted,1701,0.04238503542608,0.0529812942826,0.04238503542608,0.07999999999999735,0.08,13,0.013333333333333336,0.011547005383792518,0.9985953786826217,0.001404621317378285,4.705,272.2985820590984,8.0
Z,terminal_value_shifted,1702,0.04276179870599,-0.06414269805898,-0.02138089935299,0.07999999999999859,0.08,13,0.013333333333333336,0.011547005383792518,0.9941663861730272,0.005833613826972783,4.705,272.2985820590984,8.0
Z,terminal_value_shifted,1703,0.04276179870599,-0.06414269805898,0.02138089935299,0.07999999999999859,0.08,13,0.013333333333333336,0.011547005383792518,0.9931442259810315,0.00685577401896853,4.705,272.2985820590984,8.0
Z,terminal_value_shifted,1704,0.04276179870599,-0.02138089935299,-0.06414269805898,0.07999999999999859,0.08,13,0.013333333333333336,0.011547005383792518,0.9988127925770288,0.0011872074229711815,4.705,272.2985820590984,8.0
Z,terminal_value_shifted,1705,0.04276179870599,-0.02138089935299,0.06414269805898,0.07999999999999859,0.08,13,0.013333333333333336,0.011547005383792518,0.996930211769916,0.0030697882300839696,4.705,272.2985820590984,8.0
Z,terminal_value_shifted,1706,0.04276179870599,0.02138089935299,-0.06414269805898,0.07999999999999859,0.08,13,0.013333333333333336,0.011547005383792518,0.9986373554765906,0.0013626445234093953,4.705,272.2985820590984,8.0
Z,terminal_value_shifted,1707,0.04276179870599,0.02138089935299,0.06414269805898,0.07999999999999859,0.08,13,0.013333333333333336,0.011547005383792518,0.9990710297511803,0.0009289702488196605,4.705,272.2985820590984,8.0
Z,terminal_value_shifted,1708,0.04276179870599,0.06414269805898,-0.02138089935299,0.07999999999999859,0.08,13,0.013333333333333336,0.011547005383792518,0.9962138414829945,0.003786158517005478,4.705,272.2985820590984,8.0
Z,terminal_value_shifted,1709,0.04276179870599,0.06414269805898,0.02138089935299,0.07999999999999859,0.08,13,0.013333333333333336,0.011547005383792518,0.9975102767084194,0.0024897232915805922,4.705,272.2985820590984,8.0
Z,terminal_value_shifted,1710,0.04313310928138,-0.05175973113765,-0.04313310928138,0.0800000000000047,0.08,13,0.013333333333333336,0.011547005383792518,0.9961729592891071,0.003827040710892904,4.705,272.2985820590984,8.0
Z,terminal_value_shifted,1711,0.04313310928138,-0.05175973113765,0.04313310928138,0.0800000000000047,0.08,13,0.013333333333333336,0.011547005383792518,0.9942627300329782,0.005737269967021841,4.705,272.2985820590984,8.0
Z,terminal_value_shifted,1712,0.04313310928138,-0.04313310928138,-0.05175973113765,0.0800000000000047,0.08,13,0.013333333333333336,0.011547005383792518,0.9972009210225893,0.0027990789774107183,4.705,272.2985820590984,8.0
Z,terminal_value_shifted,1713,0.04313310928138,-0.04313310928138,0.05175973113765,0.0800000000000047,0.08,13,0.013333333333333336,0.011547005383792518,0.9950812313549259,0.004918768645074123,4.705,272.2985820590984,8.0
Z,terminal_value_shifted,1714,0.04313310928138,0.04313310928138,-0.05175973113765,0.0800000000000047,0.08,13,0.013333333333333336,0.011547005383792518,0.9973672804505522,0.0026327195494477706,4.705,272.2985820590984,8.0
Z,terminal_value_shifted,1715,0.04313310928138,0.04313310928138,0.05175973113765,0.0800000000000047,0.08,13,0.013333333333333336,0.011547005383792518,0.9990195709336659,0.0009804290663341098,4.705,272.2985820590984,8.0
Z,terminal_value_shifted,1716,0.04313310928138,0.05175973113765,-0.04313310928138,0.0800000000000047,0.08,13,0.013333333333333336,0.011547005383792518,0.996796091142203,0.0032039088577969776,4.705,272.2985820590984,8.0
Z,terminal_value_shifted,1717,0.04313310928138,0.05175973113765,0.04313310928138,0.0800000000000047,0.08,13,0.013333333333333336,0.011547005383792518,0.9986586926354535,0.0013413073645465179,4.705,272.2985820590984,8.0
Z,terminal_value_shifted,1718,0.04395538046358,-0.06593307069537,-0.0109888451159,0.0799999999999998,0.08,13,0.013333333333333336,0.011547005383792518,0.9936733174270778,0.006326682572922238,4.705,272.2985820590984,8.0
Z,terminal_value_shifted,1719,0.04395538046358,-0.06593307069537,0.0109888451159,0.0799999999999998,0.08,13,0.013333333333333336,0.011547005383792518,0.9931431820994031,0.00685681790059689,4.705,272.2985820590984,8.0
Z,terminal_value_shifted,1720,0.04395538046358,-0.0109888451159,-0.06593307069537,0.0799999999999998,0.08,13,0.013333333333333336,0.011547005383792518,0.9991369029641208,0.0008630970358791679,4.705,272.2985820590984,8.0
Z,terminal_value_shifted,1721,0.04395538046358,-0.0109888451159,0.06593307069537,0.0799999999999998,0.08,13,0.013333333333333336,0.011547005383792518,0.9976711041110417,0.002328895888958349,4.705,272.2985820590984,8.0
Z,terminal_value_shifted,1722,0.04395538046358,0.0109888451159,-0.06593307069537,0.0799999999999998,0.08,13,0.013333333333333336,0.011547005383792518,0.9990281937076065,0.0009718062923934623,4.705,272.2985820590984,8.0
Z,terminal_value_shifted,1723,0.04395538046358,0.0109888451159,0.06593307069537,0.0799999999999998,0.08,13,0.013333333333333336,0.011547005383792518,0.9987860810337036,0.0012139189662964123,4.705,272.2985820590984,8.0
Z,terminal_value_shifted,1724,0.04395538046358,0.06593307069537,-0.0109888451159,0.0799999999999998,0.08,13,0.013333333333333336,0.011547005383792518,0.9963870032157734,0.003612996784226552,4.705,272.2985820590984,8.0
Z,terminal_value_shifted,1725,0.04395538046358,0.06593307069537,0.0109888451159,0.0799999999999998,0.08,13,0.013333333333333336,0.011547005383792518,0.9970819693999962,0.0029180306000038403,4.705,272.2985820590984,8.0
Z,terminal_value_shifted,1726,0.04437601569802,-0.06656402354703,0.0,0.08000000000000301,0.08,13,0.013333333333333336,0.011547005383792518,0.9933198419288711,0.006680158071128872,4.705,272.2985820590984,8.0
Z,terminal_value_shifted,1727,0.04437601569802,0.0,-0.06656402354703,0.08000000000000301,0.08,13,0.013333333333333336,0.011547005383792518,0.9992114490826033,0.0007885509173967131,4.705,272.2985820590984,8.0
Z,terminal_value_shifted,1728,0.04437601569802,0.0,0.06656402354703,0.08000000000000301,0.08,13,0.013333333333333336,0.011547005383792518,0.9983097774119764,0.0016902225880236488,4.705,272.2985820590984,8.0
Z,terminal_value_shifted,1729,0.04437601569802,0.06656402354703,0.0,0.08000000000000301,0.08,13,0.013333333333333336,0.011547005383792518,0.9966887090006813,0.0033112909993187056,4.705,272.2985820590984,8.0
Z,terminal_value_shifted,1730,0.04525483399594,-0.05656854249492,-0.03394112549695,0.07999999999999603,0.08,13,0.013333333333333336,0.011547005383792518,0.9954268826080306,0.004573117391969417,4.705,272.2985820590984,8.0
Z,terminal_value_shifted,1731,0.04525483399594,-0.05656854249492,0.03394112549695,0.07999999999999603,0.08,13,0.013333333333333336,0.011547005383792518,0.9938686146516704,0.006131385348329577,4.705,272.2985820590984,8.0
Z,terminal_value_shifted,1732,0.04525483399594,-0.03394112549695,-0.05656854249492,0.07999999999999603,0.08,13,0.013333333333333336,0.011547005383792518,0.9980175902975748,0.0019824097024252474,4.705,272.2985820590984,8.0
Z,terminal_value_shifted,1733,0.04525483399594,-0.03394112549695,0.05656854249492,0.07999999999999603,0.08,13,0.013333333333333336,0.011547005383792518,0.9959430174318478,0.004056982568152234,4.705,272.2985820590984,8.0
Z,terminal_value_shifted,1734,0.04525483399594,0.03394112549695,-0.05656854249492,0.07999999999999603,0.08,13,0.013333333333333336,0.011547005383792518,0.9979962103943858,0.0020037896056142035,4.705,272.2985820590984,8.0
Z,terminal_value_shifted,1735,0.04525483399594,0.03394112549695,0.05656854249492,0.07999999999999603,0.08,13,0.013333333333333336,0.011547005383792518,0.9991654086418887,0.0008345913581112585,4.705,272.2985820590984,8.0
Z,terminal_value_shifted,1736,0.04525483399594,0.05656854249492,-0.03394112549695,0.07999999999999603,0.08,13,0.013333333333333336,0.011547005383792518,0.9965994727112014,0.0034005272887985827,4.705,272.2985820590984,8.0
Z,terminal_value_shifted,1737,0.04525483399594,0.05656854249492,0.03394112549695,0.07999999999999603,0.08,13,0.013333333333333336,0.011547005383792518,0.9982867757339349,0.0017132242660651276,4.705,272.2985820590984,8.0
Z,terminal_value_shifted,1738,0.04558423058386,-0.05470107670063,-0.03646738446708,0.08000000000000344,0.08,13,0.013333333333333336,0.011547005383792518,0.9957027869993582,0.004297213000641786,4.705,272.2985820590984,8.0
Z,terminal_value_shifted,1739,0.04558423058386,-0.05470107670063,0.03646738446708,0.08000000000000344,0.08,13,0.013333333333333336,0.011547005383792518,0.994049116761358,0.005950883238642013,4.705,272.2985820590984,8.0
Z,terminal_value_shifted,1740,0.04558423058386,-0.03646738446708,-0.05470107670063,0.08000000000000344,0.08,13,0.013333333333333336,0.011547005383792518,0.9978045949842909,0.00219540501570914,4.705,272.2985820590984,8.0
Z,terminal_value_shifted,1741,0.04558423058386,-0.03646738446708,0.05470107670063,0.08000000000000344,0.08,13,0.013333333333333336,0.011547005383792518,0.9957281867541039,0.0042718132458960945,4.705,272.2985820590984,8.0
Z,terminal_value_shifted,1742,0.04558423058386,0.03646738446708,-0.05470107670063,0.08000000000000344,0.08,13,0.013333333333333336,0.011547005383792518,0.9978482925035881,0.0021517074964119143,4.705,272.2985820590984,8.0
Z,terminal_value_shifted,1743,0.04558423058386,0.03646738446708,0.05470107670063,0.08000000000000344,0.08,13,0.013333333333333336,0.011547005383792518,0.9991422553415629,0.0008577446584371318,4.705,272.2985820590984,8.0
Z,terminal_value_shifted,1744,0.04558423058386,0.05470107670063,-0.03646738446708,0.08000000000000344,0.08,13,0.013333333333333336,0.011547005383792518,0.9967105413273759,0.0032894586726240904,4.705,272.2985820590984,8.0
Z,terminal_value_shifted,1745,0.04558423058386,0.05470107670063,0.03646738446708,0.08000000000000344,0.08,13,0.013333333333333336,0.011547005383792518,0.9984287562097394,0.0015712437902606347,4.705,272.2985820590984,8.0
Z,terminal_value_shifted,1746,0.04618802153517,-0.04618802153517,-0.04618802153517,0.0799999999999999,0.08,13,0.013333333333333336,0.011547005383792518,0.9968117692325575,0.003188230767442457,4.705,272.2985820590984,8.0
Z,terminal_value_shifted,1747,0.04618802153517,-0.04618802153517,0.04618802153517,0.0799999999999999,0.08,13,0.013333333333333336,0.011547005383792518,0.9948573177502531,0.005142682249746899,4.705,272.2985820590984,8.0
Z,terminal_value_shifted,1748,0.04618802153517,0.04618802153517,-0.04618802153517,0.0799999999999999,0.08,13,0.013333333333333336,0.011547005383792518,0.9972446896463626,0.002755310353637408,4.705,272.2985820590984,8.0
Z,terminal_value_shifted,1749,0.04618802153517,0.04618802153517,0.04618802153517,0.0799999999999999,0.08,13,0.013333333333333336,0.011547005383792518,0.9988955553981728,0.001104444601827237,4.705,272.2985820590984,8.0
Z,terminal_value_shifted,1750,0.04770278352,-0.05962847939999,-0.02385139176,0.08000000000000007,0.08,13,0.013333333333333336,0.011547005383792518,0.994824352889192,0.005175647110807979,4.705,272.2985820590984,8.0
Z,terminal_value_shifted,1751,0.04770278352,-0.05962847939999,0.02385139176,0.08000000000000007,0.08,13,0.013333333333333336,0.011547005383792518,0.993706399355111,0.006293600644889041,4.705,272.2985820590984,8.0
Z,terminal_value_shifted,1752,0.04770278352,-0.02385139176,-0.05962847939999,0.08000000000000006,0.08,13,0.013333333333333336,0.011547005383792518,0.9986541797871775,0.0013458202128224794,4.705,272.2985820590984,8.0
Z,terminal_value_shifted,1753,0.04770278352,-0.02385139176,0.05962847939999,0.08000000000000006,0.08,13,0.013333333333333336,0.011547005383792518,0.9968038278879845,0.003196172112015505,4.705,272.2985820590984,8.0
Z,terminal_value_shifted,1754,0.04770278352,0.02385139176,-0.05962847939999,0.08000000000000006,0.08,13,0.013333333333333336,0.011547005383792518,0.9985720096212842,0.001427990378715771,4.705,272.2985820590984,8.0
Z,terminal_value_shifted,1755,0.04770278352,0.02385139176,0.05962847939999,0.08000000000000006,0.08,13,0.013333333333333336,0.011547005383792518,0.999124571696667,0.0008754283033329813,4.705,272.2985820590984,8.0
Z,terminal_value_shifted,1756,0.04770278352,0.05962847939999,-0.02385139176,0.08000000000000007,0.08,13,0.013333333333333336,0.011547005383792518,0.9966168913617087,0.0033831086382912767,4.705,272.2985820590984,8.0
Z,terminal_value_shifted,1757,0.04770278352,0.05962847939999,0.02385139176,0.08000000000000007,0.08,13,0.013333333333333336,0.011547005383792518,0.9979037597055707,0.0020962402944293412,4.705,272.2985820590984,8.0
Z,terminal_value_shifted,1758,0.04780914437338,-0.05737097324805,-0.02868548662403,0.08000000000000353,0.08,13,0.013333333333333336,0.011547005383792518,0.9952156986646148,0.00478430133538521,4.705,272.2985820590984,8.0
Z,terminal_value_shifted,1759,0.04780914437338,-0.05737097324805,0.02868548662403,0.08000000000000353,0.08,13,0.013333333333333336,0.011547005383792518,0.9938892979831688,0.006110702016831171,4.705,272.2985820590984,8.0
Z,terminal_value_shifted,1760,0.04780914437338,-0.02868548662403,-0.05737097324805,0.08000000000000353,0.08,13,0.013333333333333336,0.011547005383792518,0.9983678613638566,0.001632138636143421,4.705,272.2985820590984,8.0
Z,terminal_value_shifted,1761,0.04780914437338,-0.02868548662403,0.05737097324805,0.08000000000000353,0.08,13,0.013333333333333336,0.011547005383792518,0.9964233339115485,0.00357666608845153,4.705,272.2985820590984,8.0
Z,terminal_value_shifted,1762,0.04780914437338,0.02868548662403,-0.05737097324805,0.08000000000000353,0.08,13,0.013333333333333336,0.011547005383792518,0.9983323005776978,0.0016676994223021602,4.705,272.2985820590984,8.0
Z,terminal_value_shifted,1763,0.04780914437338,0.02868548662403,0.05737097324805,0.08000000000000353,0.08,13,0.013333333333333336,0.011547005383792518,0.9991684649371292,0.000831535062870814,4.705,272.2985820590984,8.0
Z,terminal_value_shifted,1764,0.04780914437338,0.05737097324805,-0.02868548662403,0.08000000000000353,0.08,13,0.013333333333333336,0.011547005383792518,0.9966904640674418,0.0033095359325582274,4.705,272.2985820590984,8.0
Z,terminal_value_shifted,1765,0.04780914437338,0.05737097324805,0.02868548662403,0.08000000000000353,0.08,13,0.013333333333333336,0.011547005383792518,0.9981465786270327,0.00185342137296729,4.705,272.2985820590984,8.0
Z,terminal_value_shifted,1766,0.04873661592641,-0.04873661592641,-0.04061384660534,0.07999999999999306,0.08,13,0.013333333333333336,0.011547005383792518,0.9964474144378952,0.003552585562104804,4.705,272.2985820590984,8.0
Z,terminal_value_shifted,1767,0.04873661592641,-0.04873661592641,0.04061384660534,0.07999999999999306,0.08,13,0.013333333333333336,0.011547005383792518,0.99468535724845,0.005314642751550025,4.705,272.2985820590984,8.0
Z,terminal_value_shifted,1768,0.04873661592641,-0.04061384660534,-0.04873661592641,0.07999999999999306,0.08,13,0.013333333333333336,0.011547005383792518,0.9973705684811442,0.0026294315188557515,4.705,272.2985820590984,8.0
Z,terminal_value_shifted,1769,0.04873661592641,-0.04061384660534,0.04873661592641,0.07999999999999306,0.08,13,0.013333333333333336,0.011547005383792518,0.9954203003635816,0.004579699636418355,4.705,272.2985820590984,8.0
Z,terminal_value_shifted,1770,0.04873661592641,0.04061384660534,-0.04873661592641,0.07999999999999306,0.08,13,0.013333333333333336,0.011547005383792518,0.9976598734072948,0.002340126592705216,4.705,272.2985820590984,8.0
Z,terminal_value_shifted,1771,0.04873661592641,0.04061384660534,0.04873661592641,0.07999999999999306,0.08,13,0.013333333333333336,0.011547005383792518,0.9990549862977862,0.0009450137022137817,4.705,272.2985820590984,8.0
Z,terminal_value_shifted,1772,0.04873661592641,0.04873661592641,-0.04061384660534,0.07999999999999306,0.08,13,0.013333333333333336,0.011547005383792518,0.9971678849233644,0.0028321150766356107,4.705,272.2985820590984,8.0
Z,terminal_value_shifted,1773,0.04873661592641,0.04873661592641,0.04061384660534,0.07999999999999306,0.08,13,0.013333333333333336,0.011547005383792518,0.9987518491462515,0.0012481508537485198,4.705,272.2985820590984,8.0
Z,terminal_value_shifted,1774,0.04923659639173,-0.04923659639173,-0.03938927711339,0.07999999999999793,0.08,13,0.013333333333333336,0.011547005383792518,0.9963709199301131,0.0036290800698869363,4.705,272.2985820590984,8.0
Z,terminal_value_shifted,1775,0.04923659639173,-0.04923659639173,0.03938927711339,0.07999999999999793,0.08,13,0.013333333333333336,0.011547005383792518,0.994653996406772,0.00534600359322801,4.705,272.2985820590984,8.0
Z,terminal_value_shifted,1776,0.04923659639173,-0.03938927711339,-0.04923659639173,0.07999999999999793,0.08,13,0.013333333333333336,0.011547005383792518,0.9974828151128148,0.00251718488718522,4.705,272.2985820590984,8.0
Z,terminal_value_shifted,1777,0.04923659639173,-0.03938927711339,0.04923659639173,0.07999999999999793,0.08,13,0.013333333333333336,0.011547005383792518,0.9955395230261356,0.0044604769738644245,4.705,272.2985820590984,8.0
Z,terminal_value_shifted,1778,0.04923659639173,0.03938927711339,-0.04923659639173,0.07999999999999793,0.08,13,0.013333333333333336,0.011547005383792518,0.9977459043520677,0.0022540956479323304,4.705,272.2985820590984,8.0
Z,terminal_value_shifted,1779,0.04923659639173,0.03938927711339,0.04923659639173,0.07999999999999793,0.08,13,0.013333333333333336,0.011547005383792518,0.9990804679768599,0.0009195320231401016,4.705,272.2985820590984,8.0
Z,terminal_value_shifted,1780,0.04923659639173,0.04923659639173,-0.03938927711339,0.07999999999999793,0.08,13,0.013333333333333336,0.011547005383792518,0.9971566288527645,0.0028433711472355405,4.705,272.2985820590984,8.0
Z,terminal_value_shifted,1781,0.04923659639173,0.04923659639173,0.03938927711339,0.07999999999999793,0.08,13,0.013333333333333336,0.011547005383792518,0.9987183127307091,0.0012816872692908987,4.705,272.2985820590984,8.0
Z,terminal_value_shifted,1782,0.04937707198787,-0.06172133998484,-0.01234426799697,0.08000000000000328,0.08,13,0.013333333333333336,0.011547005383792518,0.9942875031556447,0.005712496844355264,4.705,272.2985820590984,8.0
Z,terminal_value_shifted,1783,0.04937707198787,-0.06172133998484,0.01234426799697,0.08000000000000328,0.08,13,0.013333333333333336,0.011547005383792518,0.9937014055833995,0.0062985944166005225,4.705,272.2985820590984,8.0
Z,terminal_value_shifted,1784,0.04937707198787,-0.01234426799697,-0.06172133998484,0.08000000000000326,0.08,13,0.013333333333333336,0.011547005383792518,0.9990833873518099,0.000916612648190096,4.705,272.2985820590984,8.0
Z,terminal_value_shifted,1785,0.04937707198787,-0.01234426799697,0.06172133998484,0.08000000000000326,0.08,13,0.013333333333333336,0.011547005383792518,0.9976415894507059,0.0023584105492940877,4.705,272.2985820590984,8.0
Z,terminal_value_shifted,1786,0.04937707198787,0.01234426799697,-0.06172133998484,0.08000000000000326,0.08,13,0.013333333333333336,0.011547005383792518,0.9990168732331324,0.0009831267668676258,4.705,272.2985820590984,8.0
Z,terminal_value_shifted,1787,0.04937707198787,0.01234426799697,0.06172133998484,0.08000000000000326,0.08,13,0.013333333333333336,0.011547005383792518,0.9988624188842137,0.0011375811157863236,4.705,272.2985820590984,8.0
Z,terminal_value_shifted,1788,0.04937707198787,0.06172133998484,-0.01234426799697,0.08000000000000328,0.08,13,0.013333333333333336,0.011547005383792518,0.9967785024709475,0.0032214975290525416,4.705,272.2985820590984,8.0
Z,terminal_value_shifted,1789,0.04937707198787,0.06172133998484,0.01234426799697,0.08000000000000328,0.08,13,0.013333333333333336,0.011547005383792518,0.9974809841551155,0.0025190158448844535,4.705,272.2985820590984,8.0
Z,terminal_value_shifted,1790,0.04961389383568,-0.05953667260282,-0.01984555753427,0.07999999999999703,0.08,13,0.013333333333333336,0.011547005383792518,0.9947465430151656,0.00525345698483437,4.705,272.2985820590984,8.0
Z,terminal_value_shifted,1791,0.04961389383568,-0.05953667260282,0.01984555753427,0.07999999999999703,0.08,13,0.013333333333333336,0.011547005383792518,0.9938154748321946,0.0061845251678054325,4.705,272.2985820590984,8.0
Z,terminal_value_shifted,1792,0.04961389383568,-0.01984555753427,-0.05953667260282,0.07999999999999703,0.08,13,0.013333333333333336,0.011547005383792518,0.9988291327467201,0.0011708672532798614,4.705,272.2985820590984,8.0
Z,terminal_value_shifted,1793,0.04961389383568,-0.01984555753427,0.05953667260282,0.07999999999999703,0.08,13,0.013333333333333336,0.011547005383792518,0.9971299507561651,0.002870049243834938,4.705,272.2985820590984,8.0
Z,terminal_value_shifted,1794,0.04961389383568,0.01984555753427,-0.05953667260282,0.07999999999999703,0.08,13,0.013333333333333336,0.011547005383792518,0.9987649387421281,0.0012350612578718723,4.705,272.2985820590984,8.0
Z,terminal_value_shifted,1795,0.04961389383568,0.01984555753427,0.05953667260282,0.07999999999999703,0.08,13,0.013333333333333336,0.011547005383792518,0.999062267942368,0.0009377320576320347,4.705,272.2985820590984,8.0
Z,terminal_value_shifted,1796,0.04961389383568,0.05953667260282,-0.01984555753427,0.07999999999999703,0.08,13,0.013333333333333336,0.011547005383792518,0.9967570072314249,0.0032429927685750926,4.705,272.2985820590984,8.0
Z,terminal_value_shifted,1797,0.04961389383568,0.05953667260282,0.01984555753427,0.07999999999999703,0.08,13,0.013333333333333336,0.011547005383792518,0.9978240984576898,0.002175901542310177,4.705,272.2985820590984,8.0
Z,terminal_value_shifted,1798,0.04997560380435,-0.06246950475544,0.0,0.07999999999999564,0.08,13,0.013333333333333336,0.011547005383792518,0.9938957598347855,0.006104240165214492,4.705,272.2985820590984,8.0
Z,terminal_value_shifted,1799,0.04997560380435,-0.04997560380435,-0.03748170285327,0.0799999999999972,0.08,13,0.013333333333333336,0.011547005383792518,0.9962543890282554,0.0037456109717446395,4.705,272.2985820590984,8.0
Z,terminal_value_shifted,1800,0.04997560380435,-0.04997560380435,0.03748170285327,0.0799999999999972,0.08,13,0.013333333333333336,0.011547005383792518,0.994609526943649,0.005390473056350986,4.705,272.2985820590984,8.0
Z,terminal_value_shifted,1801,0.04997560380435,-0.03748170285327,-0.04997560380435,0.0799999999999972,0.08,13,0.013333333333333336,0.011547005383792518,0.9976502297935252,0.002349770206474755,4.705,272.2985820590984,8.0
Z,terminal_value_shifted,1802,0.04997560380435,-0.03748170285327,0.04997560380435,0.0799999999999972,0.08,13,0.013333333333333336,0.011547005383792518,0.9957219659962676,0.004278034003732389,4.705,272.2985820590984,8.0
Z,terminal_value_shifted,1803,0.04997560380435,0.0,-0.06246950475544,0.07999999999999564,0.08,13,0.013333333333333336,0.011547005383792518,0.9992108281348501,0.0007891718651499291,4.705,272.2985820590984,8.0
Z,terminal_value_shifted,1804,0.04997560380435,0.0,0.06246950475544,0.07999999999999564,0.08,13,0.013333333333333336,0.011547005383792518,0.9983563023113187,0.0016436976886813337,4.705,272.2985820590984,8.0
Z,terminal_value_shifted,1805,0.04997560380435,0.03748170285327,-0.04997560380435,0.0799999999999972,0.08,13,0.013333333333333336,0.011547005383792518,0.9978759122584984,0.0021240877415016346,4.705,272.2985820590984,8.0
Z,terminal_value_shifted,1806,0.04997560380435,0.03748170285327,0.04997560380435,0.0799999999999972,0.08,13,0.013333333333333336,0.011547005383792518,0.9991136672984113,0.0008863327015886657,4.705,272.2985820590984,8.0
Z,terminal_value_shifted,1807,0.04997560380435,0.04997560380435,-0.03748170285327,0.0799999999999972,0.08,13,0.013333333333333336,0.011547005383792518,0.9971428850820091,0.0028571149179908994,4.705,272.2985820590984,8.0
Z,terminal_value_shifted,1808,0.04997560380435,0.04997560380435,0.03748170285327,0.0799999999999972,0.08,13,0.013333333333333336,0.011547005383792518,0.9986649458367887,0.0013350541632113355,4.705,272.2985820590984,8.0
Z,terminal_value_shifted,1809,0.04997560380435,0.06246950475544,0.0,0.07999999999999564,0.08,13,0.013333333333333336,0.011547005383792518,0.9970819931337124,0.0029180068662876257,4.705,272.2985820590984,8.0
Z,terminal_value_shifted,1810,0.05080005080008,-0.06096006096009,-0.01016001016002,0.08000000000000192,0.08,13,0.013333333333333336,0.011547005383792518,0.9943386178233242,0.005661382176675778,4.705,272.2985820590984,8.0
Z,terminal_value_shifted,1811,0.05080005080008,-0.06096006096009,0.01016001016002,0.08000000000000192,0.08,13,0.013333333333333336,0.011547005383792518,0.9938576749425436,0.006142325057456377,4.705,272.2985820590984,8.0
Z,terminal_value_shifted,1812,0.05080005080008,-0.01016001016002,-0.06096006096009,0.08000000000000192,0.08,13,0.013333333333333336,0.011547005383792518,0.9991248763769697,0.0008751236230303272,4.705,272.2985820590984,8.0
Z,terminal_value_shifted,1813,0.05080005080008,-0.01016001016002,0.06096006096009,0.08000000000000192,0.08,13,0.013333333333333336,0.011547005383792518,0.9977968628043856,0.0022031371956143797,4.705,272.2985820590984,8.0
Z,terminal_value_shifted,1814,0.05080005080008,0.01016001016002,-0.06096006096009,0.08000000000000192,0.08,13,0.013333333333333336,0.011547005383792518,0.9990786028974288,0.0009213971025712198,4.705,272.2985820590984,8.0
Z,terminal_value_shifted,1815,0.05080005080008,0.01016001016002,0.06096006096009,0.08000000000000192,0.08,13,0.013333333333333336,0.011547005383792518,0.9987971978645622,0.001202802135437775,4.705,272.2985820590984,8.0
Z,terminal_value_shifted,1816,0.05080005080008,0.06096006096009,-0.01016001016002,0.08000000000000192,0.08,13,0.013333333333333336,0.011547005383792518,0.9969205659814714,0.003079434018528615,4.705,272.2985820590984,8.0
Z,terminal_value_shifted,1817,0.05080005080008,0.06096006096009,0.01016001016002,0.08000000000000192,0.08,13,0.013333333333333336,0.011547005383792518,0.9974872135873804,0.0025127864126196497,4.705,272.2985820590984,8.0
Z,terminal_value_shifted,1818,0.05116817192535,-0.05116817192535,-0.0341121146169,0.08000000000000547,0.08,13,0.013333333333333336,0.011547005383792518,0.9960565207606201,0.003943479239379877,4.705,272.2985820590984,8.0
Z,terminal_value_shifted,1819,0.05116817192535,-0.05116817192535,0.0341121146169,0.08000000000000547,0.08,13,0.013333333333333336,0.011547005383792518,0.9945436086306811,0.005456391369318858,4.705,272.2985820590984,8.0
Z,terminal_value_shifted,1820,0.05116817192535,-0.0341121146169,-0.05116817192535,0.08000000000000547,0.08,13,0.013333333333333336,0.011547005383792518,0.9979240393117494,0.0020759606882505555,4.705,272.2985820590984,8.0
Z,terminal_value_shifted,1821,0.05116817192535,-0.0341121146169,0.05116817192535,0.08000000000000547,0.08,13,0.013333333333333336,0.011547005383792518,0.996034333493436,0.003965666506564047,4.705,272.2985820590984,8.0
Z,terminal_value_shifted,1822,0.05116817192535,0.0341121146169,-0.05116817192535,0.08000000000000547,0.08,13,0.013333333333333336,0.011547005383792518,0.9980930640847482,0.0019069359152518173,4.705,272.2985820590984,8.0
Z,terminal_value_shifted,1823,0.05116817192535,0.0341121146169,0.05116817192535,0.08000000000000547,0.08,13,0.013333333333333336,0.011547005383792518,0.9991536635764324,0.000846336423567573,4.705,272.2985820590984,8.0
Z,terminal_value_shifted,1824,0.05116817192535,0.05116817192535,-0.0341121146169,0.08000000000000547,0.08,13,0.013333333333333336,0.011547005383792518,0.9971293897513129,0.0028706102486870666,4.705,272.2985820590984,8.0
Z,terminal_value_shifted,1825,0.05116817192535,0.05116817192535,0.0341121146169,0.08000000000000547,0.08,13,0.013333333333333336,0.011547005383792518,0.9985678944059739,0.0014321055940260674,4.705,272.2985820590984,8.0
Z,terminal_value_shifted,1826,0.05121475197316,-0.06145770236779,0.0,0.08000000000000099,0.08,13,0.013333333333333336,0.011547005383792518,0.9940333882918206,0.005966611708179359,4.705,272.2985820590984,8.0
Z,terminal_value_shifted,1827,0.05121475197316,0.0,-0.06145770236779,0.08000000000000099,0.08,13,0.013333333333333336,0.011547005383792518,0.999210331909994,0.0007896680900060238,4.705,272.2985820590984,8.0
Z,terminal_value_shifted,1828,0.05121475197316,0.0,0.06145770236779,0.08000000000000099,0.08,13,0.013333333333333336,0.011547005383792518,0.9983679371163839,0.0016320628836160589,4.705,272.2985820590984,8.0
Z,terminal_value_shifted,1829,0.05121475197316,0.06145770236779,0.0,0.08000000000000099,0.08,13,0.013333333333333336,0.011547005383792518,0.9971731208127214,0.0028268791872786414,4.705,272.2985820590984,8.0
Z,terminal_value_shifted,1830,0.05175973113765,-0.04313310928138,-0.04313310928138,0.0800000000000047,0.08,13,0.013333333333333336,0.011547005383792518,0.997046651319061,0.002953348680938994,4.705,272.2985820590984,8.0
Z,terminal_value_shifted,1831,0.05175973113765,-0.04313310928138,0.04313310928138,0.0800000000000047,0.08,13,0.013333333333333336,0.011547005383792518,0.9952686447668923,0.004731355233107748,4.705,272.2985820590984,8.0
Z,terminal_value_shifted,1832,0.05175973113765,0.04313310928138,-0.04313310928138,0.0800000000000047,0.08,13,0.013333333333333336,0.011547005383792518,0.9975908014140134,0.0024091985859866494,4.705,272.2985820590984,8.0
Z,terminal_value_shifted,1833,0.05175973113765,0.04313310928138,0.04313310928138,0.0800000000000047,0.08,13,0.013333333333333336,0.011547005383792518,0.9989582148489943,0.0010417851510057252,4.705,272.2985820590984,8.0
Z,terminal_value_shifted,1834,0.05207556439233,-0.05207556439233,-0.0312453386354,0.08000000000000147,0.08,13,0.013333333333333336,0.011547005383792518,0.9958963666873978,0.004103633312602217,4.705,272.2985820590984,8.0
Z,terminal_value_shifted,1835,0.05207556439233,-0.05207556439233,0.0312453386354,0.08000000000000147,0.08,13,0.013333333333333336,0.011547005383792518,0.9944997753393208,0.0055002246606792315,4.705,272.2985820590984,8.0
Z,terminal_value_shifted,1836,0.05207556439233,-0.0312453386354,-0.05207556439233,0.08000000000000147,0.08,13,0.013333333333333336,0.011547005383792518,0.9981352188944523,0.0018647811055476637,4.705,272.2985820590984,8.0
Z,terminal_value_shifted,1837,0.05207556439233,-0.0312453386354,0.05207556439233,0.08000000000000147,0.08,13,0.013333333333333336,0.011547005383792518,0.9962899493816091,0.0037100506183909143,4.705,272.2985820590984,8.0
Z,terminal_value_shifted,1838,0.05207556439233,0.0312453386354,-0.05207556439233,0.08000000000000147,0.08,13,0.013333333333333336,0.011547005383792518,0.998264583350694,0.0017354166493059875,4.705,272.2985820590984,8.0
Z,terminal_value_shifted,1839,0.05207556439233,0.0312453386354,0.05207556439233,0.08000000000000147,0.08,13,0.013333333333333336,0.011547005383792518,0.9991697183896617,0.0008302816103382682,4.705,272.2985820590984,8.0
Z,terminal_value_shifted,1840,0.05207556439233,0.05207556439233,-0.0312453386354,0.08000000000000147,0.08,13,0.013333333333333336,0.011547005383792518,0.9971281491075653,0.002871850892434691,4.705,272.2985820590984,8.0
Z,terminal_value_shifted,1841,0.05207556439233,0.05207556439233,0.0312453386354,0.08000000000000147,0.08,13,0.013333333333333336,0.011547005383792518,0.9984831904309375,0.0015168095690625272,4.705,272.2985820590984,8.0
Z,terminal_value_shifted,1842,0.0529812942826,-0.04238503542608,-0.04238503542608,0.07999999999999735,0.08,13,0.013333333333333336,0.011547005383792518,0.9971018602275112,0.0028981397724887614,4.705,272.2985820590984,8.0
Z,terminal_value_shifted,1843,0.0529812942826,-0.04238503542608,0.04238503542608,0.07999999999999735,0.08,13,0.013333333333333336,0.011547005383792518,0.9953669129008451,0.004633087099154887,4.705,272.2985820590984,8.0
Z,terminal_value_shifted,1844,0.0529812942826,0.04238503542608,-0.04238503542608,0.07999999999999735,0.08,13,0.013333333333333336,0.011547005383792518,0.9976695348650833,0.0023304651349167482,4.705,272.2985820590984,8.0
Z,terminal_value_shifted,1845,0.0529812942826,0.04238503542608,0.04238503542608,0.07999999999999735,0.08,13,0.013333333333333336,0.011547005383792518,0.9989721653873116,0.0010278346126884053,4.705,272.2985820590984,8.0
Z,terminal_value_shifted,1846,0.05333333333333,-0.05333333333333,-0.02666666666667,0.07999999999999667,0.08,13,0.013333333333333336,0.011547005383792518,0.9956565614947296,0.004343438505270414,4.705,272.2985820590984,8.0
Z,terminal_value_shifted,1847,0.05333333333333,-0.05333333333333,-0.01333333333333,0.07659416862050183,0.08,13,0.013333333333333336,0.011547005383792518,0.9953746805690702,0.0046253194309298085,4.705,272.2985820590984,8.0
Z,terminal_value_shifted,1848,0.05333333333333,-0.05333333333333,0.0,0.07542472332656036,0.08,13,0.013333333333333336,0.011547005383792518,0.9950782708584984,0.004921729141501574,4.705,272.2985820590984,8.0
Z,terminal_value_shifted,1849,0.05333333333333,-0.05333333333333,0.01333333333333,0.07659416862050183,0.08,13,0.013333333333333336,0.011547005383792518,0.994769803381934,0.0052301966180660076,4.705,272.2985820590984,8.0
Z,terminal_value_shifted,1850,0.05333333333333,-0.05333333333333,0.02666666666667,0.07999999999999667,0.08,13,0.013333333333333336,0.011547005383792518,0.9944521524065009,0.005547847593499133,4.705,272.2985820590984,8.0
Z,terminal_value_shifted,1851,0.05333333333333,-0.04,-0.04,0.07774602526460171,0.08,13,0.013333333333333336,0.011547005383792518,0.9972775311456461,0.002722468854353899,4.705,272.2985820590984,8.0
Z,terminal_value_shifted,1852,0.05333333333333,-0.04,-0.02666666666667,0.07180219742845882,0.08,13,0.013333333333333336,0.011547005383792518,0.9970502747037995,0.0029497252962005227,4.705,272.2985820590984,8.0
Z,terminal_value_shifted,1853,0.05333333333333,-0.04,-0.01333333333333,0.06798692684790053,0.08,13,0.013333333333333336,0.011547005383792518,0.9968048431847734,0.0031951568152266407,4.705,272.2985820590984,8.0
Z,terminal_value_shifted,1854,0.05333333333333,-0.04,0.0,0.066666666666664,0.08,13,0.013333333333333336,0.011547005383792518,0.9965427443420192,0.003457255657980829,4.705,272.2985820590984,8.0
Z,terminal_value_shifted,1855,0.05333333333333,-0.04,0.01333333333333,0.06798692684790053,0.08,13,0.013333333333333336,0.011547005383792518,0.9962659364148323,0.0037340635851677018,4.705,272.2985820590984,8.0
Z,terminal_value_shifted,1856,0.05333333333333,-0.04,0.02666666666667,0.07180219742845882,0.08,13,0.013333333333333336,0.011547005383792518,0.9959768341859762,0.0040231658140238435,4.705,272.2985820590984,8.0
Z,terminal_value_shifted,1857,0.05333333333333,-0.04,0.04,0.07774602526460171,0.08,13,0.013333333333333336,0.011547005383792518,0.9956783054140103,0.004321694585989744,4.705,272.2985820590984,8.0
Z,terminal_value_shifted,1858,0.05333333333333,-0.02666666666667,-0.05333333333333,0.07999999999999667,0.08,13,0.013333333333333336,0.011547005383792518,0.9984316245199414,0.0015683754800586147,4.705,272.2985820590984,8.0
Z,terminal_value_shifted,1859,0.05333333333333,-0.02666666666667,-0.04,0.07180219742845882,0.08,13,0.013333333333333336,0.011547005383792518,0.9982761552730204,0.0017238447269796175,4.705,272.2985820590984,8.0
Z,terminal_value_shifted,1860,0.05333333333333,-0.02666666666667,-0.02666666666667,0.06531972647421809,0.08,13,0.013333333333333336,0.011547005383792518,0.9981003833644029,0.0018996166355971233,4.705,272.2985820590984,8.0
Z,terminal_value_shifted,1861,0.05333333333333,-0.02666666666667,-0.01333333333333,0.06110100926607569,0.08,13,0.013333333333333336,0.011547005383792518,0.997904746199211,0.00209525380078901,4.705,272.2985820590984,8.0
Z,terminal_value_shifted,1862,0.05333333333333,-0.02666666666667,0.0,0.059628479399992905,0.08,13,0.013333333333333336,0.011547005383792518,0.9976901659240593,0.0023098340759406533,4.705,272.2985820590984,8.0
Z,terminal_value_shifted,1863,0.05333333333333,-0.02666666666667,0.01333333333333,0.06110100926607569,0.08,13,0.013333333333333336,0.011547005383792518,0.9974580653371571,0.002541934662842915,4.705,272.2985820590984,8.0
Z,terminal_value_shifted,1864,0.05333333333333,-0.02666666666667,0.02666666666667,0.06531972647421809,0.08,13,0.013333333333333336,0.011547005383792518,0.9972103739508005,0.002789626049199523,4.705,272.2985820590984,8.0
Z,terminal_value_shifted,1865,0.05333333333333,-0.02666666666667,0.04,0.07180219742845882,0.08,13,0.013333333333333336,0.011547005383792518,0.9969495241672098,0.003050475832790167,4.705,272.2985820590984,8.0
Z,terminal_value_shifted,1866,0.05333333333333,-0.02666666666667,0.05333333333333,0.07999999999999667,0.08,13,0.013333333333333336,0.011547005383792518,0.9966784375348194,0.003321562465180561,4.705,272.2985820590984,8.0
Z,terminal_value_shifted,1867,0.05333333333333,-0.01333333333333,-0.05333333333333,0.07659416862050183,0.08,13,0.013333333333333336,0.011547005383792518,0.999006661332063,0.0009933386679370493,4.705,272.2985820590984,8.0
Z,terminal_value_shifted,1868,0.05333333333333,-0.01333333333333,-0.04,0.06798692684790053,0.08,13,0.013333333333333336,0.011547005383792518,0.9989167555683259,0.0010832444316740686,4.705,272.2985820590984,8.0
Z,terminal_value_shifted,1869,0.05333333333333,-0.01333333333333,-0.02666666666667,0.06110100926607569,0.08,13,0.013333333333333336,0.011547005383792518,0.9988054199717967,0.0011945800282032737,4.705,272.2985820590984,8.0
Z,terminal_value_shifted,1870,0.05333333333333,-0.01333333333333,-0.01333333333333,0.05656854249491909,0.08,13,0.013333333333333336,0.011547005383792518,0.9986724410694491,0.0013275589305509206,4.705,272.2985820590984,8.0
Z,terminal_value_shifted,1871,0.05333333333333,-0.01333333333333,0.0,0.0549747416748981,0.08,13,0.013333333333333336,0.011547005383792518,0.9985181357942641,0.0014818642057359277,4.705,272.2985820590984,8.0
Z,terminal_value_shifted,1872,0.05333333333333,-0.01333333333333,0.01333333333333,0.05656854249491909,0.08,13,0.013333333333333336,0.011547005383792518,0.9983433680946788,0.0016566319053211709,4.705,272.2985820590984,8.0
Z,terminal_value_shifted,1873,0.05333333333333,-0.01333333333333,0.02666666666667,0.06110100926607569,0.08,13,0.013333333333333336,0.011547005383792518,0.9981495554533839,0.0018504445466160924,4.705,272.2985820590984,8.0
Z,terminal_value_shifted,1874,0.05333333333333,-0.01333333333333,0.04,0.06798692684790053,0.08,13,0.013333333333333336,0.011547005383792518,0.9979386652694946,0.002061334730505404,4.705,272.2985820590984,8.0
Z,terminal_value_shifted,1875,0.05333333333333,-0.01333333333333,0.05333333333333,0.07659416862050183,0.08,13,0.013333333333333336,0.011547005383792518,0.9977132010656983,0.002286798934301726,4.705,272.2985820590984,8.0
Z,terminal_value_shifted,1876,0.05333333333333,0.0,-0.05333333333333,0.07542472332656036,0.08,13,0.013333333333333336,0.011547005383792518,0.9992109690386342,0.0007890309613658442,4.705,272.2985820590984,8.0
Z,terminal_value_shifted,1877,0.05333333333333,0.0,-0.04,0.066666666666664,0.08,13,0.013333333333333336,0.011547005383792518,0.9991990797747269,0.0008009202252731162,4.705,272.2985820590984,8.0
Z,terminal_value_shifted,1878,0.05333333333333,0.0,-0.02666666666667,0.059628479399992905,0.08,13,0.013333333333333336,0.011547005383792518,0.9991645843367603,0.0008354156632397469,4.705,272.2985820590984,8.0
Z,terminal_value_shifted,1879,0.05333333333333,0.0,-0.01333333333333,0.0549747416748981,0.08,13,0.013333333333333336,0.011547005383792518,0.9991066034696239,0.0008933965303761227,4.705,272.2985820590984,8.0
Z,terminal_value_shifted,1880,0.05333333333333,0.0,0.0,0.05333333333333,0.08,13,0.013333333333333336,0.011547005383792518,0.9990248294913413,0.0009751705086586959,4.705,272.2985820590984,8.0
Z,terminal_value_shifted,1881,0.05333333333333,0.0,0.01333333333333,0.0549747416748981,0.08,13,0.013333333333333336,0.011547005383792518,0.9989195440549992,0.0010804559450008355,4.705,272.2985820590984,8.0
Z,terminal_value_shifted,1882,0.05333333333333,0.0,0.02666666666667,0.059628479399992905,0.08,13,0.013333333333333336,0.011547005383792518,0.998791625595275,0.0012083744047249878,4.705,272.2985820590984,8.0
Z,terminal_value_shifted,1883,0.05333333333333,0.0,0.04,0.066666666666664,0.08,13,0.013333333333333336,0.011547005383792518,0.9986425464011126,0.0013574535988873926,4.705,272.2985820590984,8.0
Z,terminal_value_shifted,1884,0.05333333333333,0.0,0.05333333333333,0.07542472332656036,0.08,13,0.013333333333333336,0.011547005383792518,0.9984743592653256,0.0015256407346744272,4.705,272.2985820590984,8.0
Z,terminal_value_shifted,1885,0.05333333333333,0.01333333333333,-0.05333333333333,0.07659416862050183,0.08,13,0.013333333333333336,0.011547005383792518,0.9990455175106769,0.0009544824893230608,4.705,272.2985820590984,8.0
Z,terminal_value_shifted,1886,0.05333333333333,0.01333333333333,-0.04,0.06798692684790053,0.08,13,0.013333333333333336,0.011547005383792518,0.999123502476484,0.0008764975235160399,4.705,272.2985820590984,8.0
Z,terminal_value_shifted,1887,0.05333333333333,0.01333333333333,-0.02666666666667,0.06110100926607569,0.08,13,0.013333333333333336,0.011547005383792518,0.999177671276742,0.0008223287232580478,4.705,272.2985820590984,8.0
Z,terminal_value_shifted,1888,0.05333333333333,0.01333333333333,-0.01333333333333,0.05656854249491909,0.08,13,0.013333333333333336,0.011547005383792518,0.9992064651540601,0.0007935348459399139,4.705,272.2985820590984,8.0
Z,terminal_value_shifted,1889,0.05333333333333,0.01333333333333,0.0,0.0549747416748981,0.08,13,0.013333333333333336,0.011547005383792518,0.9992089333563632,0.0007910666436368174,4.705,272.2985820590984,8.0
Z,terminal_value_shifted,1890,0.05333333333333,0.01333333333333,0.01333333333333,0.05656854249491909,0.08,13,0.013333333333333336,0.011547005383792518,0.9991847525136481,0.0008152474863518666,4.705,272.2985820590984,8.0
Z,terminal_value_shifted,1891,0.05333333333333,0.01333333333333,0.02666666666667,0.06110100926607569,0.08,13,0.013333333333333336,0.011547005383792518,0.999134235495039,0.0008657645049610085,4.705,272.2985820590984,8.0
Z,terminal_value_shifted,1892,0.05333333333333,0.01333333333333,0.04,0.06798692684790053,0.08,13,0.013333333333333336,0.011547005383792518,0.9990583296694661,0.0009416703305339391,4.705,272.2985820590984,8.0
Z,terminal_value_shifted,1893,0.05333333333333,0.01333333333333,0.05333333333333,0.07659416862050183,0.08,13,0.013333333333333336,0.011547005383792518,0.9989586045045895,0.001041395495410491,4.705,272.2985820590984,8.0
Z,terminal_value_shifted,1894,0.05333333333333,0.02666666666667,-0.05333333333333,0.07999999999999667,0.08,13,0.013333333333333336,0.011547005383792518,0.9985117843457283,0.0014882156542717073,4.705,272.2985820590984,8.0
Z,terminal_value_shifted,1895,0.05333333333333,0.02666666666667,-0.04,0.07180219742845882,0.08,13,0.013333333333333336,0.011547005383792518,0.9986908897103783,0.0013091102896216622,4.705,272.2985820590984,8.0
Z,terminal_value_shifted,1896,0.05333333333333,0.02666666666667,-0.02666666666667,0.06531972647421809,0.08,13,0.013333333333333336,0.011547005383792518,0.9988449424595535,0.0011550575404465357,4.705,272.2985820590984,8.0
Z,terminal_value_shifted,1897,0.05333333333333,0.02666666666667,-0.01333333333333,0.06110100926607569,0.08,13,0.013333333333333336,0.011547005383792518,0.9989716925271362,0.0010283074728637542,4.705,272.2985820590984,8.0
Z,terminal_value_shifted,1898,0.05333333333333,0.02666666666667,0.0,0.059628479399992905,0.08,13,0.013333333333333336,0.011547005383792518,0.9990695293394938,0.0009304706605062218,4.705,272.2985820590984,8.0
Z,terminal_value_shifted,1899,0.05333333333333,0.02666666666667,0.01333333333333,0.06110100926607569,0.08,13,0.013333333333333336,0.011547005383792518,0.9991375032689624,0.0008624967310375542,4.705,272.2985820590984,8.0
Z,terminal_value_shifted,1900,0.05333333333333,0.02666666666667,0.02666666666667,0.06531972647421809,0.08,13,0.013333333333333336,0.011547005383792518,0.9991753363864555,0.0008246636135444962,4.705,272.2985820590984,8.0
Z,terminal_value_shifted,1901,0.05333333333333,0.02666666666667,0.04,0.07180219742845882,0.08,13,0.013333333333333336,0.011547005383792518,0.9991834224126097,0.0008165775873902881,4.705,272.2985820590984,8.0
Z,terminal_value_shifted,1902,0.05333333333333,0.02666666666667,0.05333333333333,0.07999999999999667,0.08,13,0.013333333333333336,0.011547005383792518,0.9991628157803797,0.0008371842196203128,4.705,272.2985820590984,8.0
Z,terminal_value_shifted,1903,0.05333333333333,0.04,-0.04,0.07774602526460171,0.08,13,0.013333333333333336,0.011547005383792518,0.9979024049923024,0.0020975950076975725,4.705,272.2985820590984,8.0
Z,terminal_value_shifted,1904,0.05333333333333,0.04,-0.02666666666667,0.07180219742845882,0.08,13,0.013333333333333336,0.011547005383792518,0.9981669420644803,0.0018330579355196885,4.705,272.2985820590984,8.0
Z,terminal_value_shifted,1905,0.05333333333333,0.04,-0.01333333333333,0.06798692684790053,0.08,13,0.013333333333333336,0.011547005383792518,0.9984022115678368,0.001597788432163183,4.705,272.2985820590984,8.0
Z,terminal_value_shifted,1906,0.05333333333333,0.04,0.0,0.066666666666664,0.08,13,0.013333333333333336,0.011547005383792518,0.9986059288069832,0.0013940711930168215,4.705,272.2985820590984,8.0
Z,terminal_value_shifted,1907,0.05333333333333,0.04,0.01333333333333,0.06798692684790053,0.08,13,0.013333333333333336,0.011547005383792518,0.9987764989256085,0.0012235010743915087,4.705,272.2985820590984,8.0
Z,terminal_value_shifted,1908,0.05333333333333,0.04,0.02666666666667,0.07180219742845882,0.08,13,0.013333333333333336,0.011547005383792518,0.9989130300325388,0.00108696996746116,4.705,272.2985820590984,8.0
Z,terminal_value_shifted,1909,0.05333333333333,0.04,0.04,0.07774602526460171,0.08,13,0.013333333333333336,0.011547005383792518,0.99901533534196,0.0009846646580400353,4.705,272.2985820590984,8.0
Z,terminal_value_shifted,1910,0.05333333333333,0.05333333333333,-0.02666666666667,0.07999999999999667,0.08,13,0.013333333333333336,0.011547005383792518,0.9971442588603772,0.002855741139622836,4.705,272.2985820590984,8.0
Z,terminal_value_shifted,1911,0.05333333333333,0.05333333333333,-0.01333333333333,0.07659416862050183,0.08,13,0.013333333333333336,0.011547005383792518,0.9974979815356821,0.0025020184643178567,4.705,272.2985820590984,8.0
Z,terminal_value_shifted,1912,0.05333333333333,0.05333333333333,0.0,0.07542472332656036,0.08,13,0.013333333333333336,0.011547005383792518,0.9978174576198902,0.002182542380109842,4.705,272.2985820590984,8.0
Z,terminal_value_shifted,1913,0.05333333333333,0.05333333333333,0.01333333333333,0.07659416862050183,0.08,13,0.013333333333333336,0.011547005383792518,0.9981004310597792,0.0018995689402208082,4.705,272.2985820590984,8.0
Z,terminal_value_shifted,1914,0.05333333333333,0.05333333333333,0.02666666666667,0.07999999999999667,0.08,13,0.013333333333333336,0.011547005383792518,0.9983453756656504,0.001654624334349597,4.705,272.2985820590984,8.0
Z,terminal_value_shifted,1915,0.05443310539518,-0.05443310539518,-0.02177324215807,0.0799999999999969,0.08,13,0.013333333333333336,0.011547005383792518,0.9954224988132948,0.004577501186705191,4.705,272.2985820590984,8.0
Z,terminal_value_shifted,1916,0.05443310539518,-0.05443310539518,0.02177324215807,0.0799999999999969,0.08,13,0.013333333333333336,0.011547005383792518,0.9944304549189699,0.005569545081030136,4.705,272.2985820590984,8.0
Z,terminal_value_shifted,1917,0.05443310539518,-0.02177324215807,-0.05443310539518,0.0799999999999969,0.08,13,0.013333333333333336,0.011547005383792518,0.9986937746300127,0.0013062253699872572,4.705,272.2985820590984,8.0
Z,terminal_value_shifted,1918,0.05443310539518,-0.02177324215807,0.05443310539518,0.0799999999999969,0.08,13,0.013333333333333336,0.011547005383792518,0.9970661019894451,0.0029338980105548806,4.705,272.2985820590984,8.0
Z,terminal_value_shifted,1919,0.05443310539518,0.02177324215807,-0.05443310539518,0.0799999999999969,0.08,13,0.013333333333333336,0.011547005383792518,0.9987375259050334,0.0012624740949666036,4.705,272.2985820590984,8.0
Z,terminal_value_shifted,1920,0.05443310539518,0.02177324215807,0.05443310539518,0.0799999999999969,0.08,13,0.013333333333333336,0.011547005383792518,0.9991134986120782,0.0008865013879217898,4.705,272.2985820590984,8.0
Z,terminal_value_shifted,1921,0.05443310539518,0.05443310539518,-0.02177324215807,0.0799999999999969,0.08,13,0.013333333333333336,0.011547005383792518,0.9971839731586749,0.002816026841325092,4.705,272.2985820590984,8.0
Z,terminal_value_shifted,1922,0.05443310539518,0.05443310539518,0.02177324215807,0.0799999999999969,0.08,13,0.013333333333333336,0.011547005383792518,0.9981968357662527,0.0018031642337472675,4.705,272.2985820590984,8.0
Z,terminal_value_shifted,1923,0.05470107670063,-0.04558423058386,-0.03646738446708,0.08000000000000344,0.08,13,0.013333333333333336,0.011547005383792518,0.9966878963886112,0.0033121036113887836,4.705,272.2985820590984,8.0
Z,terminal_value_shifted,1924,0.05470107670063,-0.04558423058386,0.03646738446708,0.08000000000000344,0.08,13,0.013333333333333336,0.011547005383792518,0.995143964248775,0.004856035751224952,4.705,272.2985820590984,8.0
Z,terminal_value_shifted,1925,0.05470107670063,-0.03646738446708,-0.04558423058386,0.08000000000000344,0.08,13,0.013333333333333336,0.011547005383792518,0.9976587289713476,0.0023412710286524474,4.705,272.2985820590984,8.0
Z,terminal_value_shifted,1926,0.05470107670063,-0.03646738446708,0.04558423058386,0.08000000000000344,0.08,13,0.013333333333333336,0.011547005383792518,0.9959164613151221,0.004083538684877874,4.705,272.2985820590984,8.0
Z,terminal_value_shifted,1927,0.05470107670063,0.03646738446708,-0.04558423058386,0.08000000000000344,0.08,13,0.013333333333333336,0.011547005383792518,0.9980409786594899,0.00195902134051007,4.705,272.2985820590984,8.0
Z,terminal_value_shifted,1928,0.05470107670063,0.03646738446708,0.04558423058386,0.08000000000000344,0.08,13,0.013333333333333336,0.011547005383792518,0.9991096389874508,0.0008903610125492456,4.705,272.2985820590984,8.0
Z,terminal_value_shifted,1929,0.05470107670063,0.04558423058386,-0.03646738446708,0.08000000000000344,0.08,13,0.013333333333333336,0.011547005383792518,0.99755456399477,0.0024454360052299506,4.705,272.2985820590984,8.0
Z,terminal_value_shifted,1930,0.05470107670063,0.04558423058386,0.03646738446708,0.08000000000000344,0.08,13,0.013333333333333336,0.011547005383792518,0.9988220905792523,0.0011779094207476914,4.705,272.2985820590984,8.0
Z,terminal_value_shifted,1931,0.05505977612893,-0.05505977612893,-0.01835325870964,0.07999999999999223,0.08,13,0.013333333333333336,0.011547005383792518,0.9952728270350557,0.004727172964944293,4.705,272.2985820590984,8.0
Z,terminal_value_shifted,1932,0.05505977612893,-0.05505977612893,0.01835325870964,0.07999999999999223,0.08,13,0.013333333333333336,0.011547005383792518,0.9944325426634683,0.005567457336531745,4.705,272.2985820590984,8.0
Z,terminal_value_shifted,1933,0.05505977612893,-0.01835325870964,-0.05505977612893,0.07999999999999223,0.08,13,0.013333333333333336,0.011547005383792518,0.9988440807189196,0.0011559192810803864,4.705,272.2985820590984,8.0
Z,terminal_value_shifted,1934,0.05505977612893,-0.01835325870964,0.05505977612893,0.07999999999999223,0.08,13,0.013333333333333336,0.011547005383792518,0.9973197340563509,0.0026802659436491183,4.705,272.2985820590984,8.0
Z,terminal_value_shifted,1935,0.05505977612893,0.01835325870964,-0.05505977612893,0.07999999999999223,0.08,13,0.013333333333333336,0.011547005383792518,0.9988705007058027,0.001129499294197256,4.705,272.2985820590984,8.0
Z,terminal_value_shifted,1936,0.05505977612893,0.01835325870964,0.05505977612893,0.07999999999999223,0.08,13,0.013333333333333336,0.011547005383792518,0.9990545930097035,0.000945406990296549,4.705,272.2985820590984,8.0
Z,terminal_value_shifted,1937,0.05505977612893,0.05505977612893,-0.01835325870964,0.07999999999999223,0.08,13,0.013333333333333336,0.011547005383792518,0.9972242476946243,0.002775752305375745,4.705,272.2985820590984,8.0
Z,terminal_value_shifted,1938,0.05505977612893,0.05505977612893,0.01835325870964,0.07999999999999223,0.08,13,0.013333333333333336,0.011547005383792518,0.9980935613389402,0.0019064386610597728,4.705,272.2985820590984,8.0
Z,terminal_value_shifted,1939,0.05601120336112,-0.05601120336112,-0.01120224067222,0.07999999999999888,0.08,13,0.013333333333333336,0.011547005383792518,0.9949976592981319,0.005002340701868113,4.705,272.2985820590984,8.0
Z,terminal_value_shifted,1940,0.05601120336112,-0.05601120336112,0.01120224067222,0.07999999999999888,0.08,13,0.013333333333333336,0.011547005383792518,0.9944810872929042,0.005518912707095813,4.705,272.2985820590984,8.0
Z,terminal_value_shifted,1941,0.05601120336112,-0.01120224067222,-0.05601120336112,0.07999999999999888,0.08,13,0.013333333333333336,0.011547005383792518,0.9990728049088418,0.0009271950911582394,4.705,272.2985820590984,8.0
Z,terminal_value_shifted,1942,0.05601120336112,-0.01120224067222,0.05601120336112,0.07999999999999888,0.08,13,0.013333333333333336,0.011547005383792518,0.9978026709574798,0.002197329042520235,4.705,272.2985820590984,8.0
Z,terminal_value_shifted,1943,0.05601120336112,0.01120224067222,-0.05601120336112,0.07999999999999888,0.08,13,0.013333333333333336,0.011547005383792518,0.9990792072823271,0.0009207927176728692,4.705,272.2985820590984,8.0
Z,terminal_value_shifted,1944,0.05601120336112,0.01120224067222,0.05601120336112,0.07999999999999888,0.08,13,0.013333333333333336,0.011547005383792518,0.9988699364673258,0.001130063532674197,4.705,272.2985820590984,8.0
Z,terminal_value_shifted,1945,0.05601120336112,0.05601120336112,-0.01120224067222,0.07999999999999888,0.08,13,0.013333333333333336,0.011547005383792518,0.9973378593020643,0.0026621406979356887,4.705,272.2985820590984,8.0
Z,terminal_value_shifted,1946,0.05601120336112,0.05601120336112,0.01120224067222,0.07999999999999888,0.08,13,0.013333333333333336,0.011547005383792518,0.9978829493808159,0.002117050619184102,4.705,272.2985820590984,8.0
Z,terminal_value_shifted,1947,0.05617975065414,-0.05617975065414,-0.00936329177569,0.0799999999999962,0.08,13,0.013333333333333336,0.011547005383792518,0.9949352945805392,0.005064705419460802,4.705,272.2985820590984,8.0
Z,terminal_value_shifted,1948,0.05617975065414,-0.05617975065414,0.00936329177569,0.0799999999999962,0.08,13,0.013333333333333336,0.011547005383792518,0.9945029842431345,0.005497015756865453,4.705,272.2985820590984,8.0
Z,terminal_value_shifted,1949,0.05617975065414,-0.00936329177569,-0.05617975065414,0.0799999999999962,0.08,13,0.013333333333333336,0.011547005383792518,0.9991132609473194,0.0008867390526805519,4.705,272.2985820590984,8.0
Z,terminal_value_shifted,1950,0.05617975065414,-0.00936329177569,0.05617975065414,0.0799999999999962,0.08,13,0.013333333333333336,0.011547005383792518,0.9979162388252243,0.002083761174775711,4.705,272.2985820590984,8.0
Z,terminal_value_shifted,1951,0.05617975065414,0.00936329177569,-0.05617975065414,0.0799999999999962,0.08,13,0.013333333333333336,0.011547005383792518,0.9991171692432923,0.0008828307567076976,4.705,272.2985820590984,8.0
Z,terminal_value_shifted,1952,0.05617975065414,0.00936329177569,0.05617975065414,0.0799999999999962,0.08,13,0.013333333333333336,0.011547005383792518,0.9988095387389764,0.0011904612610236232,4.705,272.2985820590984,8.0
Z,terminal_value_shifted,1953,0.05617975065414,0.05617975065414,-0.00936329177569,0.0799999999999962,0.08,13,0.013333333333333336,0.011547005383792518,0.9973728468114554,0.002627153188544562,4.705,272.2985820590984,8.0
Z,terminal_value_shifted,1954,0.05617975065414,0.05617975065414,0.00936329177569,0.0799999999999962,0.08,13,0.013333333333333336,0.011547005383792518,0.9978306097026493,0.0021693902973507484,4.705,272.2985820590984,8.0
Z,terminal_value_shifted,1955,0.05656854249492,-0.05656854249492,0.0,0.07999999999999463,0.08,13,0.013333333333333336,0.011547005383792518,0.9946722814585234,0.005327718541476623,4.705,272.2985820590984,8.0
Z,terminal_value_shifted,1956,0.05656854249492,-0.04525483399594,-0.03394112549695,0.07999999999999603,0.08,13,0.013333333333333336,0.011547005383792518,0.9966721556807866,0.003327844319213402,4.705,272.2985820590984,8.0
Z,terminal_value_shifted,1957,0.05656854249492,-0.04525483399594,0.03394112549695,0.07999999999999603,0.08,13,0.013333333333333336,0.011547005383792518,0.9952378667399915,0.0047621332600085164,4.705,272.2985820590984,8.0
Z,terminal_value_shifted,1958,0.05656854249492,-0.03394112549695,-0.04525483399594,0.07999999999999603,0.08,13,0.013333333333333336,0.011547005383792518,0.99784530991583,0.002154690084170019,4.705,272.2985820590984,8.0
Z,terminal_value_shifted,1959,0.05656854249492,-0.03394112549695,0.04525483399594,0.07999999999999603,0.08,13,0.013333333333333336,0.011547005383792518,0.9961713882711976,0.0038286117288024446,4.705,272.2985820590984,8.0
Z,terminal_value_shifted,1960,0.05656854249492,0.0,-0.05656854249492,0.07999999999999463,0.08,13,0.013333333333333336,0.011547005383792518,0.9992061922800631,0.0007938077199368676,4.705,272.2985820590984,8.0
Z,terminal_value_shifted,1961,0.05656854249492,0.0,0.05656854249492,0.07999999999999463,0.08,13,0.013333333333333336,0.011547005383792518,0.9984244006145216,0.0015755993854783545,4.705,272.2985820590984,8.0
Z,terminal_value_shifted,1962,0.05656854249492,0.03394112549695,-0.04525483399594,0.07999999999999603,0.08,13,0.013333333333333336,0.011547005383792518,0.9982153023360202,0.0017846976639798173,4.705,272.2985820590984,8.0
Z,terminal_value_shifted,1963,0.05656854249492,0.03394112549695,0.04525483399594,0.07999999999999603,0.08,13,0.013333333333333336,0.011547005383792518,0.9991391133459471,0.0008608866540529281,4.705,272.2985820590984,8.0
Z,terminal_value_shifted,1964,0.05656854249492,0.04525483399594,-0.03394112549695,0.07999999999999603,0.08,13,0.013333333333333336,0.011547005383792518,0.9976430659449307,0.002356934055069315,4.705,272.2985820590984,8.0
Z,terminal_value_shifted,1965,0.05656854249492,0.04525483399594,0.03394112549695,0.07999999999999603,0.08,13,0.013333333333333336,0.011547005383792518,0.9988070894247656,0.0011929105752344071,4.705,272.2985820590984,8.0
Z,terminal_value_shifted,1966,0.05656854249492,0.05656854249492,0.0,0.07999999999999463,0.08,13,0.013333333333333336,0.011547005383792518,0.9975816191369208,0.002418380863079217,4.705,272.2985820590984,8.0
Z,terminal_value_shifted,1967,0.05737097324805,-0.04780914437338,-0.02868548662403,0.08000000000000353,0.08,13,0.013333333333333336,0.011547005383792518,0.9963088073767794,0.003691192623220596,4.705,272.2985820590984,8.0
Z,terminal_value_shifted,1968,0.05737097324805,-0.04780914437338,0.02868548662403,0.08000000000000353,0.08,13,0.013333333333333336,0.011547005383792518,0.9950666521761979,0.004933347823802059,4.705,272.2985820590984,8.0
Z,terminal_value_shifted,1969,0.05737097324805,-0.02868548662403,-0.04780914437338,0.08000000000000353,0.08,13,0.013333333333333336,0.011547005383792518,0.9982389657744173,0.0017610342255827138,4.705,272.2985820590984,8.0
Z,terminal_value_shifted,1970,0.05737097324805,-0.02868548662403,0.04780914437338,0.08000000000000353,0.08,13,0.013333333333333336,0.011547005383792518,0.9966065763047006,0.00339342369529938,4.705,272.2985820590984,8.0
Z,terminal_value_shifted,1971,0.05737097324805,0.02868548662403,-0.04780914437338,0.08000000000000353,0.08,13,0.013333333333333336,0.011547005383792518,0.9984834744719837,0.0015165255280162881,4.705,272.2985820590984,8.0
Z,terminal_value_shifted,1972,0.05737097324805,0.02868548662403,0.04780914437338,0.08000000000000353,0.08,13,0.013333333333333336,0.011547005383792518,0.9991705343291939,0.0008294656708061066,4.705,272.2985820590984,8.0
Z,terminal_value_shifted,1973,0.05737097324805,0.04780914437338,-0.02868548662403,0.08000000000000353,0.08,13,0.013333333333333336,0.011547005383792518,0.9975665518319894,0.00243344816801061,4.705,272.2985820590984,8.0
Z,terminal_value_shifted,1974,0.05737097324805,0.04780914437338,0.02868548662403,0.08000000000000353,0.08,13,0.013333333333333336,0.011547005383792518,0.9986446864023621,0.0013553135976378528,4.705,272.2985820590984,8.0
Z,terminal_value_shifted,1975,0.05820855000872,-0.03880570000581,-0.03880570000581,0.07999999999999688,0.08,13,0.013333333333333336,0.011547005383792518,0.9973537828175405,0.0026462171824594982,4.705,272.2985820590984,8.0
Z,terminal_value_shifted,1976,0.05820855000872,-0.03880570000581,0.03880570000581,0.07999999999999688,0.08,13,0.013333333333333336,0.011547005383792518,0.9958229114243273,0.004177088575672672,4.705,272.2985820590984,8.0
Z,terminal_value_shifted,1977,0.05820855000872,0.03880570000581,-0.03880570000581,0.07999999999999688,0.08,13,0.013333333333333336,0.011547005383792518,0.9980152052239735,0.0019847947760265328,4.705,272.2985820590984,8.0
Z,terminal_value_shifted,1978,0.05820855000872,0.03880570000581,0.03880570000581,0.07999999999999688,0.08,13,0.013333333333333336,0.011547005383792518,0.9990318456262413,0.000968154373758745,4.705,272.2985820590984,8.0
Z,terminal_value_shifted,1979,0.05953667260282,-0.04961389383568,-0.01984555753427,0.07999999999999703,0.08,13,0.013333333333333336,0.011547005383792518,0.9959336404655846,0.004066359534415365,4.705,272.2985820590984,8.0
Z,terminal_value_shifted,1980,0.05953667260282,-0.04961389383568,0.01984555753427,0.07999999999999703,0.08,13,0.013333333333333336,0.011547005383792518,0.9950593965203008,0.004940603479699157,4.705,272.2985820590984,8.0
Z,terminal_value_shifted,1981,0.05953667260282,-0.01984555753427,-0.04961389383568,0.07999999999999703,0.08,13,0.013333333333333336,0.011547005383792518,0.9987280052398044,0.0012719947601955717,4.705,272.2985820590984,8.0
Z,terminal_value_shifted,1982,0.05953667260282,-0.01984555753427,0.04961389383568,0.07999999999999703,0.08,13,0.013333333333333336,0.011547005383792518,0.9973003549361716,0.0026996450638283598,4.705,272.2985820590984,8.0
Z,terminal_value_shifted,1983,0.05953667260282,0.01984555753427,-0.04961389383568,0.07999999999999703,0.08,13,0.013333333333333336,0.011547005383792518,0.9988653421651476,0.0011346578348524483,4.705,272.2985820590984,8.0
Z,terminal_value_shifted,1984,0.05953667260282,0.01984555753427,0.04961389383568,0.07999999999999703,0.08,13,0.013333333333333336,0.011547005383792518,0.9991032295778166,0.0008967704221833905,4.705,272.2985820590984,8.0
Z,terminal_value_shifted,1985,0.05953667260282,0.04961389383568,-0.01984555753427,0.07999999999999703,0.08,13,0.013333333333333336,0.011547005383792518,0.9976394703180517,0.0023605296819483312,4.705,272.2985820590984,8.0
Z,terminal_value_shifted,1986,0.05953667260282,0.04961389383568,0.01984555753427,0.07999999999999703,0.08,13,0.013333333333333336,0.011547005383792518,0.9984316044975091,0.0015683955024908824,4.705,272.2985820590984,8.0
Z,terminal_value_shifted,1987,0.05962847939999,-0.04770278352,-0.02385139176,0.08000000000000007,0.08,13,0.013333333333333336,0.011547005383792518,0.9962225152807187,0.003777484719281299,4.705,272.2985820590984,8.0
Z,terminal_value_shifted,1988,0.05962847939999,-0.04770278352,0.02385139176,0.08000000000000007,0.08,13,0.013333333333333336,0.011547005383792518,0.9951890619187391,0.004810938081260874,4.705,272.2985820590984,8.0
Z,terminal_value_shifted,1989,0.05962847939999,-0.02385139176,-0.04770278352,0.08000000000000006,0.08,13,0.013333333333333336,0.011547005383792518,0.9985140940048636,0.0014859059951364273,4.705,272.2985820590984,8.0
Z,terminal_value_shifted,1990,0.05962847939999,-0.02385139176,0.04770278352,0.08000000000000006,0.08,13,0.013333333333333336,0.011547005383792518,0.9970197192066431,0.002980280793356882,4.705,272.2985820590984,8.0
Z,terminal_value_shifted,1991,0.05962847939999,0.02385139176,-0.04770278352,0.08000000000000006,0.08,13,0.013333333333333336,0.011547005383792518,0.9987227305668614,0.0012772694331385503,4.705,272.2985820590984,8.0
Z,terminal_value_shifted,1992,0.05962847939999,0.02385139176,0.04770278352,0.08000000000000006,0.08,13,0.013333333333333336,0.011547005383792518,0.99915307073398,0.0008469292660200356,4.705,272.2985820590984,8.0
Z,terminal_value_shifted,1993,0.05962847939999,0.04770278352,-0.02385139176,0.08000000000000007,0.08,13,0.013333333333333336,0.011547005383792518,0.9976920230389255,0.0023079769610745426,4.705,272.2985820590984,8.0
Z,terminal_value_shifted,1994,0.05962847939999,0.04770278352,0.02385139176,0.08000000000000007,0.08,13,0.013333333333333336,0.011547005383792518,0.9985840857629625,0.0014159142370374633,4.705,272.2985820590984,8.0
Z,terminal_value_shifted,1995,0.06096006096009,-0.05080005080008,-0.01016001016002,0.08000000000000192,0.08,13,0.013333333333333336,0.011547005383792518,0.9955940923469239,0.004405907653076135,4.705,272.2985820590984,8.0
Z,terminal_value_shifted,1996,0.06096006096009,-0.05080005080008,0.01016001016002,0.08000000000000192,0.08,13,0.013333333333333336,0.011547005383792518,0.9951416761729617,0.0048583238270383244,4.705,272.2985820590984,8.0
Z,terminal_value_shifted,1997,0.06096006096009,-0.01016001016002,-0.05080005080008,0.08000000000000192,0.08,13,0.013333333333333336,0.011547005383792518,0.9990632656959575,0.000936734304042508,4.705,272.2985820590984,8.0
Z,terminal_value_shifted,1998,0.06096006096009,-0.01016001016002,0.05080005080008,0.08000000000000192,0.08,13,0.013333333333333336,0.011547005383792518,0.9979454220983582,0.002054577901641763,4.705,272.2985820590984,8.0
Z,terminal_value_shifted,1999,0.06096006096009,0.01016001016002,-0.05080005080008,0.08000000000000192,0.08,13,0.013333333333333336,0.011547005383792518,0.9991227931367984,0.000877206863201585,4.705,272.2985820590984,8.0
Z,terminal_value_shifted,2000,0.06096006096009,0.01016001016002,0.05080005080008,0.08000000000000192,0.08,13,0.013333333333333336,0.011547005383792518,0.9988781244150604,0.0011218755849395912,4.705,272.2985820590984,8.0
Z,terminal_value_shifted,2001,0.06096006096009,0.05080005080008,-0.01016001016002,0.08000000000000192,0.08,13,0.013333333333333336,0.011547005383792518,0.9977774317839174,0.0022225682160825766,4.705,272.2985820590984,8.0
Z,terminal_value_shifted,2002,0.06096006096009,0.05080005080008,0.01016001016002,0.08000000000000192,0.08,13,0.013333333333333336,0.011547005383792518,0.9981987133374928,0.0018012866625072288,4.705,272.2985820590984,8.0
Z,terminal_value_shifted,2003,0.06099942813304,-0.03659965687983,-0.03659965687983,0.08000000000000304,0.08,13,0.013333333333333336,0.011547005383792518,0.9974992090745078,0.002500790925492158,4.705,272.2985820590984,8.0
Z,terminal_value_shifted,2004,0.06099942813304,-0.03659965687983,0.03659965687983,0.08000000000000304,0.08,13,0.013333333333333336,0.011547005383792518,0.9960917961549344,0.003908203845065628,4.705,272.2985820590984,8.0
Z,terminal_value_shifted,2005,0.06099942813304,0.03659965687983,-0.03659965687983,0.08000000000000304,0.08,13,0.013333333333333336,0.011547005383792518,0.998203623159037,0.0017963768409630099,4.705,272.2985820590984,8.0
Z,terminal_value_shifted,2006,0.06099942813304,0.03659965687983,0.03659965687983,0.08000000000000304,0.08,13,0.013333333333333336,0.011547005383792518,0.9990630316441313,0.0009369683558686503,4.705,272.2985820590984,8.0
Z,terminal_value_shifted,2007,0.06145770236779,-0.05121475197316,0.0,0.08000000000000099,0.08,13,0.013333333333333336,0.011547005383792518,0.9953223592097415,0.004677640790258453,4.705,272.2985820590984,8.0
Z,terminal_value_shifted,2008,0.06145770236779,-0.04097180157853,-0.0307288511839,0.08000000000000354,0.08,13,0.013333333333333336,0.011547005383792518,0.9970187227031853,0.002981277296814744,4.705,272.2985820590984,8.0
Z,terminal_value_shifted,2009,0.06145770236779,-0.04097180157853,0.0307288511839,0.08000000000000354,0.08,13,0.013333333333333336,0.011547005383792518,0.9957728928836367,0.004227107116363316,4.705,272.2985820590984,8.0
Z,terminal_value_shifted,2010,0.06145770236779,-0.0307288511839,-0.04097180157853,0.08000000000000354,0.08,13,0.013333333333333336,0.011547005383792518,0.9980076041204854,0.001992395879514608,4.705,272.2985820590984,8.0
Z,terminal_value_shifted,2011,0.06145770236779,-0.0307288511839,0.04097180157853,0.08000000000000354,0.08,13,0.013333333333333336,0.011547005383792518,0.9965575971667533,0.003442402833246705,4.705,272.2985820590984,8.0
Z,terminal_value_shifted,2012,0.06145770236779,0.0,-0.05121475197316,0.08000000000000099,0.08,13,0.013333333333333336,0.011547005383792518,0.9991985511530053,0.0008014488469947345,4.705,272.2985820590984,8.0
Z,terminal_value_shifted,2013,0.06145770236779,0.0,0.05121475197316,0.08000000000000099,0.08,13,0.013333333333333336,0.011547005383792518,0.9984859420006041,0.001514057999395857,4.705,272.2985820590984,8.0
Z,terminal_value_shifted,2014,0.06145770236779,0.0307288511839,-0.04097180157853,0.08000000000000354,0.08,13,0.013333333333333336,0.011547005383792518,0.9984746006217373,0.0015253993782626818,4.705,272.2985820590984,8.0
Z,terminal_value_shifted,2015,0.06145770236779,0.0307288511839,0.04097180157853,0.08000000000000354,0.08,13,0.013333333333333336,0.011547005383792518,0.9991550920252323,0.0008449079747676613,4.705,272.2985820590984,8.0
Z,terminal_value_shifted,2016,0.06145770236779,0.04097180157853,-0.0307288511839,0.08000000000000354,0.08,13,0.013333333333333336,0.011547005383792518,0.9980296641100612,0.001970335889938779,4.705,272.2985820590984,8.0
Z,terminal_value_shifted,2017,0.06145770236779,0.04097180157853,0.0307288511839,0.08000000000000354,0.08,13,0.013333333333333336,0.011547005383792518,0.998914709587353,0.0010852904126470442,4.705,272.2985820590984,8.0
Z,terminal_value_shifted,2018,0.06145770236779,0.05121475197316,0.0,0.08000000000000099,0.08,13,0.013333333333333336,0.011547005383792518,0.9979712221240173,0.002028777875982657,4.705,272.2985820590984,8.0
Z,terminal_value_shifted,2019,0.06172133998484,-0.04937707198787,-0.01234426799697,0.08000000000000328,0.08,13,0.013333333333333336,0.011547005383792518,0.9958013454098853,0.004198654590114703,4.705,272.2985820590984,8.0
Z,terminal_value_shifted,2020,0.06172133998484,-0.04937707198787,0.01234426799697,0.08000000000000328,0.08,13,0.013333333333333336,0.011547005383792518,0.9952578297358365,0.004742170264163459,4.705,272.2985820590984,8.0
Z,terminal_value_shifted,2021,0.06172133998484,-0.01234426799697,-0.04937707198787,0.08000000000000326,0.08,13,0.013333333333333336,0.011547005383792518,0.9989963415151806,0.0010036584848194252,4.705,272.2985820590984,8.0
Z,terminal_value_shifted,2022,0.06172133998484,-0.01234426799697,0.04937707198787,0.08000000000000326,0.08,13,0.013333333333333336,0.011547005383792518,0.9978294458739856,0.0021705541260144123,4.705,272.2985820590984,8.0
Z,terminal_value_shifted,2023,0.06172133998484,0.01234426799697,-0.04937707198787,0.08000000000000326,0.08,13,0.013333333333333336,0.011547005383792518,0.9990859552444895,0.0009140447555104902,4.705,272.2985820590984,8.0
Z,terminal_value_shifted,2024,0.06172133998484,0.01234426799697,0.04937707198787,0.08000000000000326,0.08,13,0.013333333333333336,0.011547005383792518,0.9989503534554793,0.001049646544520666,4.705,272.2985820590984,8.0
Z,terminal_value_shifted,2025,0.06172133998484,0.04937707198787,-0.01234426799697,0.08000000000000328,0.08,13,0.013333333333333336,0.011547005383792518,0.9978316870116789,0.002168312988321097,4.705,272.2985820590984,8.0
Z,terminal_value_shifted,2026,0.06172133998484,0.04937707198787,0.01234426799697,0.08000000000000328,0.08,13,0.013333333333333336,0.011547005383792518,0.9983200320694346,0.0016799679305653514,4.705,272.2985820590984,8.0
Z,terminal_value_shifted,2027,0.06246950475544,-0.04997560380435,0.0,0.07999999999999564,0.08,13,0.013333333333333336,0.011547005383792518,0.995465472298621,0.004534527701378965,4.705,272.2985820590984,8.0
Z,terminal_value_shifted,2028,0.06246950475544,0.0,-0.04997560380435,0.07999999999999564,0.08,13,0.013333333333333336,0.011547005383792518,0.9991963387527525,0.0008036612472475113,4.705,272.2985820590984,8.0
Z,terminal_value_shifted,2029,0.06246950475544,0.0,0.04997560380435,0.07999999999999564,0.08,13,0.013333333333333336,0.011547005383792518,0.9985000573562393,0.0014999426437607433,4.705,272.2985820590984,8.0
Z,terminal_value_shifted,2030,0.06246950475544,0.04997560380435,0.0,0.07999999999999564,0.08,13,0.013333333333333336,0.011547005383792518,0.9980531189975331,0.0019468810024668715,4.705,272.2985820590984,8.0
Z,terminal_value_shifted,2031,0.06414269805898,-0.04276179870599,-0.02138089935299,0.07999999999999859,0.08,13,0.013333333333333336,0.011547005383792518,0.9966736928364088,0.003326307163591169,4.705,272.2985820590984,8.0
Z,terminal_value_shifted,2032,0.06414269805898,-0.04276179870599,0.02138089935299,0.07999999999999859,0.08,13,0.013333333333333336,0.011547005383792518,0.9957882381449391,0.0042117618550608915,4.705,272.2985820590984,8.0
Z,terminal_value_shifted,2033,0.06414269805898,-0.02138089935299,-0.04276179870599,0.07999999999999859,0.08,13,0.013333333333333336,0.011547005383792518,0.9985806091992271,0.0014193908007729128,4.705,272.2985820590984,8.0
Z,terminal_value_shifted,2034,0.06414269805898,-0.02138089935299,0.04276179870599,0.07999999999999859,0.08,13,0.013333333333333336,0.011547005383792518,0.997303292682244,0.002696707317755953,4.705,272.2985820590984,8.0
Z,terminal_value_shifted,2035,0.06414269805898,0.02138089935299,-0.04276179870599,0.07999999999999859,0.08,13,0.013333333333333336,0.011547005383792518,0.9988725303572422,0.0011274696427577835,4.705,272.2985820590984,8.0
Z,terminal_value_shifted,2036,0.06414269805898,0.02138089935299,0.04276179870599,0.07999999999999859,0.08,13,0.013333333333333336,0.011547005383792518,0.9991427807310748,0.0008572192689252356,4.705,272.2985820590984,8.0
Z,terminal_value_shifted,2037,0.06414269805898,0.04276179870599,-0.02138089935299,0.07999999999999859,0.08,13,0.013333333333333336,0.011547005383792518,0.9980961820376401,0.0019038179623599438,4.705,272.2985820590984,8.0
Z,terminal_value_shifted,2038,0.06414269805898,0.04276179870599,0.02138089935299,0.07999999999999859,0.08,13,0.013333333333333336,0.011547005383792518,0.9987587966672293,0.0012412033327706684,4.705,272.2985820590984,8.0
Z,terminal_value_shifted,2039,0.06488856845231,-0.03893314107138,-0.02595542738092,0.08000000000000193,0.08,13,0.013333333333333336,0.011547005383792518,0.9971144633278238,0.00288553667217617,4.705,272.2985820590984,8.0
Z,terminal_value_shifted,2040,0.06488856845231,-0.03893314107138,0.02595542738092,0.08000000000000193,0.08,13,0.013333333333333336,0.011547005383792518,0.9960843920914225,0.003915607908577479,4.705,272.2985820590984,8.0
Z,terminal_value_shifted,2041,0.06488856845231,-0.02595542738092,-0.03893314107138,0.08000000000000193,0.08,13,0.013333333333333336,0.011547005383792518,0.9982836207516151,0.0017163792483848583,4.705,272.2985820590984,8.0
Z,terminal_value_shifted,2042,0.06488856845231,-0.02595542738092,0.03893314107138,0.08000000000000193,0.08,13,0.013333333333333336,0.011547005383792518,0.9970095930240703,0.0029904069759296714,4.705,272.2985820590984,8.0
Z,terminal_value_shifted,2043,0.06488856845231,0.02595542738092,-0.03893314107138,0.08000000000000193,0.08,13,0.013333333333333336,0.011547005383792518,0.9987320473783642,0.001267952621635815,4.705,272.2985820590984,8.0
Z,terminal_value_shifted,2044,0.06488856845231,0.02595542738092,0.03893314107138,0.08000000000000193,0.08,13,0.013333333333333336,0.011547005383792518,0.9991687568304279,0.0008312431695720601,4.705,272.2985820590984,8.0
Z,terminal_value_shifted,2045,0.06488856845231,0.03893314107138,-0.02595542738092,0.08000000000000193,0.08,13,0.013333333333333336,0.011547005383792518,0.9982510280169008,0.0017489719830992012,4.705,272.2985820590984,8.0
Z,terminal_value_shifted,2046,0.06488856845231,0.03893314107138,0.02595542738092,0.08000000000000193,0.08,13,0.013333333333333336,0.011547005383792518,0.9989320333767009,0.0010679666232991103,4.705,272.2985820590984,8.0
Z,terminal_value_shifted,2047,0.06531972647422,-0.03265986323711,-0.03265986323711,0.08000000000000236,0.08,13,0.013333333333333336,0.011547005383792518,0.9977409329403701,0.00225906705962986,4.705,272.2985820590984,8.0
Z,terminal_value_shifted,2048,0.06531972647422,-0.03265986323711,0.03265986323711,0.08000000000000236,0.08,13,0.013333333333333336,0.011547005383792518,0.9965478259008664,0.0034521740991335648,4.705,272.2985820590984,8.0
Z,terminal_value_shifted,2049,0.06531972647422,0.03265986323711,-0.03265986323711,0.08000000000000236,0.08,13,0.013333333333333336,0.011547005383792518,0.9984955379293644,0.0015044620706355927,4.705,272.2985820590984,8.0
Z,terminal_value_shifted,2050,0.06531972647422,0.03265986323711,0.03265986323711,0.08000000000000236,0.08,13,0.013333333333333336,0.011547005383792518,0.9991084876057907,0.0008915123942092595,4.705,272.2985820590984,8.0
Z,terminal_value_shifted,2051,0.06593307069537,-0.04395538046358,-0.0109888451159,0.0799999999999998,0.08,13,0.013333333333333336,0.011547005383792518,0.996348827453241,0.0036511725467589518,4.705,272.2985820590984,8.0
Z,terminal_value_shifted,2052,0.06593307069537,-0.04395538046358,0.0109888451159,0.0799999999999998,0.08,13,0.013333333333333336,0.011547005383792518,0.9958875413059385,0.004112458694061516,4.705,272.2985820590984,8.0
Z,terminal_value_shifted,2053,0.06593307069537,-0.0109888451159,-0.04395538046358,0.0799999999999998,0.08,13,0.013333333333333336,0.011547005383792518,0.9989938890744163,0.0010061109255836698,4.705,272.2985820590984,8.0
Z,terminal_value_shifted,2054,0.06593307069537,-0.0109888451159,0.04395538046358,0.0799999999999998,0.08,13,0.013333333333333336,0.011547005383792518,0.9979953511514785,0.002004648848521473,4.705,272.2985820590984,8.0
Z,terminal_value_shifted,2055,0.06593307069537,0.0109888451159,-0.04395538046358,0.0799999999999998,0.08,13,0.013333333333333336,0.011547005383792518,0.9991325131218464,0.0008674868781536338,4.705,272.2985820590984,8.0
Z,terminal_value_shifted,2056,0.06593307069537,0.0109888451159,0.04395538046358,0.0799999999999998,0.08,13,0.013333333333333336,0.011547005383792518,0.9989517192894943,0.0010482807105056668,4.705,272.2985820590984,8.0
Z,terminal_value_shifted,2057,0.06593307069537,0.04395538046358,-0.0109888451159,0.0799999999999998,0.08,13,0.013333333333333336,0.011547005383792518,0.998218211533052,0.0017817884669479866,4.705,272.2985820590984,8.0
Z,terminal_value_shifted,2058,0.06593307069537,0.04395538046358,0.0109888451159,0.0799999999999998,0.08,13,0.013333333333333336,0.011547005383792518,0.9985750161717752,0.0014249838282247573,4.705,272.2985820590984,8.0
Z,terminal_value_shifted,2059,0.06656402354703,-0.04437601569802,0.0,0.08000000000000301,0.08,13,0.013333333333333336,0.011547005383792518,0.9960778954344487,0.00392210456555131,4.705,272.2985820590984,8.0
Z,terminal_value_shifted,2060,0.06656402354703,0.0,-0.04437601569802,0.08000000000000301,0.08,13,0.013333333333333336,0.011547005383792518,0.9991843095782585,0.0008156904217414551,4.705,272.2985820590984,8.0
Z,terminal_value_shifted,2061,0.06656402354703,0.0,0.04437601569802,0.08000000000000301,0.08,13,0.013333333333333336,0.011547005383792518,0.9985629365790841,0.001437063420915874,4.705,272.2985820590984,8.0
Z,terminal_value_shifted,2062,0.06656402354703,0.04437601569802,0.0,0.08000000000000301,0.08,13,0.013333333333333336,0.011547005383792518,0.9983855379054981,0.0016144620945018895,4.705,272.2985820590984,8.0
Z,terminal_value_shifted,2063,0.06666666666667,-0.04,-0.01333333333333,0.07888106377466379,0.08,13,0.013333333333333336,0.011547005383792518,0.9967828139557697,0.003217186044230269,4.705,272.2985820590984,8.0
Z,terminal_value_shifted,2064,0.06666666666667,-0.04,0.0,0.07774602526460686,0.08,13,0.013333333333333336,0.011547005383792518,0.9965215820429687,0.003478417957031299,4.705,272.2985820590984,8.0
Z,terminal_value_shifted,2065,0.06666666666667,-0.04,0.01333333333333,0.07888106377466379,0.08,13,0.013333333333333336,0.011547005383792518,0.9962456591536459,0.003754340846354065,4.705,272.2985820590984,8.0
Z,terminal_value_shifted,2066,0.06666666666667,-0.02666666666667,-0.02666666666667,0.07659416862051227,0.08,13,0.013333333333333336,0.011547005383792518,0.9980743898931359,0.0019256101068640952,4.705,272.2985820590984,8.0
Z,terminal_value_shifted,2067,0.06666666666667,-0.02666666666667,-0.01333333333333,0.0730296743340258,0.08,13,0.013333333333333336,0.011547005383792518,0.9978791533381624,0.00212084666183765,4.705,272.2985820590984,8.0
Z,terminal_value_shifted,2068,0.06666666666667,-0.02666666666667,0.0,0.07180219742846439,0.08,13,0.013333333333333336,0.011547005383792518,0.997665004081682,0.0023349959183179836,4.705,272.2985820590984,8.0
Z,terminal_value_shifted,2069,0.06666666666667,-0.02666666666667,0.01333333333333,0.0730296743340258,0.08,13,0.013333333333333336,0.011547005383792518,0.9974333541791754,0.0025666458208245535,4.705,272.2985820590984,8.0
Z,terminal_value_shifted,2070,0.06666666666667,-0.02666666666667,0.02666666666667,0.07659416862051227,0.08,13,0.013333333333333336,0.011547005383792518,0.9971861185008227,0.002813881499177273,4.705,272.2985820590984,8.0
Z,terminal_value_shifted,2071,0.06666666666667,-0.01333333333333,-0.04,0.07888106377466379,0.08,13,0.013333333333333336,0.011547005383792518,0.9988911380823088,0.0011088619176912173,4.705,272.2985820590984,8.0
Z,terminal_value_shifted,2072,0.06666666666667,-0.01333333333333,-0.02666666666667,0.0730296743340258,0.08,13,0.013333333333333336,0.011547005383792518,0.9987796676831137,0.0012203323168863411,4.705,272.2985820590984,8.0
Z,terminal_value_shifted,2073,0.06666666666667,-0.01333333333333,-0.01333333333333,0.06928203230275702,0.08,13,0.013333333333333336,0.011547005383792518,0.9986465497940649,0.001353450205935136,4.705,272.2985820590984,8.0
Z,terminal_value_shifted,2074,0.06666666666667,-0.01333333333333,0.0,0.06798692684790641,0.08,13,0.013333333333333336,0.011547005383792518,0.998492109290288,0.001507890709712023,4.705,272.2985820590984,8.0
Z,terminal_value_shifted,2075,0.06666666666667,-0.01333333333333,0.01333333333333,0.06928203230275702,0.08,13,0.013333333333333336,0.011547005383792518,0.9983172142101432,0.001682785789856811,4.705,272.2985820590984,8.0
Z,terminal_value_shifted,2076,0.06666666666667,-0.01333333333333,0.02666666666667,0.0730296743340258,0.08,13,0.013333333333333336,0.011547005383792518,0.9981232820203918,0.0018767179796082,4.705,272.2985820590984,8.0
Z,terminal_value_shifted,2077,0.06666666666667,-0.01333333333333,0.04,0.07888106377466379,0.08,13,0.013333333333333336,0.011547005383792518,0.9979122759032906,0.0020877240967094313,4.705,272.2985820590984,8.0
Z,terminal_value_shifted,2078,0.06666666666667,0.0,-0.04,0.07774602526460686,0.08,13,0.013333333333333336,0.011547005383792518,0.9991775675368817,0.0008224324631183055,4.705,272.2985820590984,8.0
Z,terminal_value_shifted,2079,0.06666666666667,0.0,-0.02666666666667,0.07180219742846439,0.08,13,0.013333333333333336,0.011547005383792518,0.9991423524751069,0.0008576475248931459,4.705,272.2985820590984,8.0
Z,terminal_value_shifted,2080,0.06666666666667,0.0,-0.01333333333333,0.06798692684790641,0.08,13,0.013333333333333336,0.011547005383792518,0.9990835900186201,0.0009164099813798732,4.705,272.2985820590984,8.0
Z,terminal_value_shifted,2081,0.06666666666667,0.0,0.0,0.06666666666667,0.08,13,0.013333333333333336,0.011547005383792518,0.9990009964343705,0.0009990035656295415,4.705,272.2985820590984,8.0
Z,terminal_value_shifted,2082,0.06666666666667,0.0,0.01333333333333,0.06798692684790641,0.08,13,0.013333333333333336,0.011547005383792518,0.9988948733248958,0.0011051266751042066,4.705,272.2985820590984,8.0
Z,terminal_value_shifted,2083,0.06666666666667,0.0,0.02666666666667,0.07180219742846439,0.08,13,0.013333333333333336,0.011547005383792518,0.9987661147176311,0.0012338852823688962,4.705,272.2985820590984,8.0
Z,terminal_value_shifted,2084,0.06666666666667,0.0,0.04,0.07774602526460686,0.08,13,0.013333333333333336,0.011547005383792518,0.9986162039414881,0.0013837960585119102,4.705,272.2985820590984,8.0
Z,terminal_value_shifted,2085,0.06666666666667,0.01333333333333,-0.04,0.07888106377466379,0.08,13,0.013333333333333336,0.011547005383792518,0.9991092372495576,0.0008907627504424198,4.705,272.2985820590984,8.0
Z,terminal_value_shifted,2086,0.06666666666667,0.01333333333333,-0.02666666666667,0.0730296743340258,0.08,13,0.013333333333333336,0.011547005383792518,0.9991620323157882,0.0008379676842118489,4.705,272.2985820590984,8.0
Z,terminal_value_shifted,2087,0.06666666666667,0.01333333333333,-0.01333333333333,0.06928203230275702,0.08,13,0.013333333333333336,0.011547005383792518,0.9991893156836911,0.0008106843163089295,4.705,272.2985820590984,8.0
Z,terminal_value_shifted,2088,0.06666666666667,0.01333333333333,0.0,0.06798692684790641,0.08,13,0.013333333333333336,0.011547005383792518,0.9991901776322387,0.0008098223677612815,4.705,272.2985820590984,8.0
Z,terminal_value_shifted,2089,0.06666666666667,0.01333333333333,0.01333333333333,0.06928203230275702,0.08,13,0.013333333333333336,0.011547005383792518,0.9991643316308434,0.0008356683691566058,4.705,272.2985820590984,8.0
Z,terminal_value_shifted,2090,0.06666666666667,0.01333333333333,0.02666666666667,0.0730296743340258,0.08,13,0.013333333333333336,0.011547005383792518,0.9991121227372268,0.0008878772627731735,4.705,272.2985820590984,8.0
Z,terminal_value_shifted,2091,0.06666666666667,0.01333333333333,0.04,0.07888106377466379,0.08,13,0.013333333333333336,0.011547005383792518,0.9990345255624767,0.0009654744375232616,4.705,272.2985820590984,8.0
Z,terminal_value_shifted,2092,0.06666666666667,0.02666666666667,-0.02666666666667,0.07659416862051227,0.08,13,0.013333333333333336,0.011547005383792518,0.9988386537746405,0.0011613462253594609,4.705,272.2985820590984,8.0
Z,terminal_value_shifted,2093,0.06666666666667,0.02666666666667,-0.01333333333333,0.0730296743340258,0.08,13,0.013333333333333336,0.011547005383792518,0.9989630986178595,0.0010369013821405204,4.705,272.2985820590984,8.0
Z,terminal_value_shifted,2094,0.06666666666667,0.02666666666667,0.0,0.07180219742846439,0.08,13,0.013333333333333336,0.011547005383792518,0.9990584598512933,0.0009415401487067321,4.705,272.2985820590984,8.0
Z,terminal_value_shifted,2095,0.06666666666667,0.02666666666667,0.01333333333333,0.0730296743340258,0.08,13,0.013333333333333336,0.011547005383792518,0.9991238426101021,0.0008761573898978803,4.705,272.2985820590984,8.0
Z,terminal_value_shifted,2096,0.06666666666667,0.02666666666667,0.02666666666667,0.07659416862051227,0.08,13,0.013333333333333336,0.011547005383792518,0.9991590187415507,0.0008409812584493359,4.705,272.2985820590984,8.0
Z,terminal_value_shifted,2097,0.06666666666667,0.04,-0.01333333333333,0.07888106377466379,0.08,13,0.013333333333333336,0.011547005383792518,0.9984044632052332,0.001595536794766761,4.705,272.2985820590984,8.0
Z,terminal_value_shifted,2098,0.06666666666667,0.04,0.0,0.07774602526460686,0.08,13,0.013333333333333336,0.011547005383792518,0.9986047762312942,0.0013952237687058222,4.705,272.2985820590984,8.0
Z,terminal_value_shifted,2099,0.06666666666667,0.04,0.01333333333333,0.07888106377466379,0.08,13,0.013333333333333336,0.011547005383792518,0.998771752986363,0.001228247013636996,4.705,272.2985820590984,8.0
Z,terminal_value_shifted,2100,0.06857142857143,-0.03428571428571,-0.02285714285714,0.07999999999999857,0.08,13,0.013333333333333336,0.011547005383792518,0.9974518782342886,0.0025481217657113975,4.705,272.2985820590984,8.0
Z,terminal_value_shifted,2101,0.06857142857143,-0.03428571428571,0.02285714285714,0.07999999999999857,0.08,13,0.013333333333333336,0.011547005383792518,0.9965955497078339,0.0034044502921660724,4.705,272.2985820590984,8.0
Z,terminal_value_shifted,2102,0.06857142857143,-0.02285714285714,-0.03428571428571,0.07999999999999857,0.08,13,0.013333333333333336,0.011547005383792518,0.9983998322349309,0.0016001677650691049,4.705,272.2985820590984,8.0
Z,terminal_value_shifted,2103,0.06857142857143,-0.02285714285714,0.03428571428571,0.07999999999999857,0.08,13,0.013333333333333336,0.011547005383792518,0.9973404322220566,0.0026595677779434057,4.705,272.2985820590984,8.0
Z,terminal_value_shifted,2104,0.06857142857143,0.02285714285714,-0.03428571428571,0.07999999999999857,0.08,13,0.013333333333333336,0.011547005383792518,0.9988973118671749,0.0011026881328251026,4.705,272.2985820590984,8.0
Z,terminal_value_shifted,2105,0.06857142857143,0.02285714285714,0.03428571428571,0.07999999999999857,0.08,13,0.013333333333333336,0.011547005383792518,0.9991653251276392,0.0008346748723607744,4.705,272.2985820590984,8.0
Z,terminal_value_shifted,2106,0.06857142857143,0.03428571428571,-0.02285714285714,0.07999999999999857,0.08,13,0.013333333333333336,0.011547005383792518,0.998554741605908,0.0014452583940920416,4.705,272.2985820590984,8.0
Z,terminal_value_shifted,2107,0.06857142857143,0.03428571428571,0.02285714285714,0.07999999999999857,0.08,13,0.013333333333333336,0.011547005383792518,0.9990260260047282,0.0009739739952717708,4.705,272.2985820590984,8.0
Z,terminal_value_shifted,2108,0.07077213895435,-0.03538606947718,-0.01179535649239,0.08000000000000126,0.08,13,0.013333333333333336,0.011547005383792518,0.997164441842313,0.0028355581576869904,4.705,272.2985820590984,8.0
Z,terminal_value_shifted,2109,0.07077213895435,-0.03538606947718,0.01179535649239,0.08000000000000126,0.08,13,0.013333333333333336,0.011547005383792518,0.9967152542885731,0.003284745711426895,4.705,272.2985820590984,8.0
Z,terminal_value_shifted,2110,0.07077213895435,-0.01179535649239,-0.03538606947718,0.08000000000000126,0.08,13,0.013333333333333336,0.011547005383792518,0.9989002797378466,0.0010997202621534363,4.705,272.2985820590984,8.0
Z,terminal_value_shifted,2111,0.07077213895435,-0.01179535649239,0.03538606947718,0.08000000000000126,0.08,13,0.013333333333333336,0.011547005383792518,0.9980723458080293,0.001927654191970718,4.705,272.2985820590984,8.0
Z,terminal_value_shifted,2112,0.07077213895435,0.01179535649239,-0.03538606947718,0.08000000000000126,0.08,13,0.013333333333333336,0.011547005383792518,0.9991461870316908,0.0008538129683092199,4.705,272.2985820590984,8.0
Z,terminal_value_shifted,2113,0.07077213895435,0.01179535649239,0.03538606947718,0.08000000000000126,0.08,13,0.013333333333333336,0.011547005383792518,0.999025447315564,0.0009745526844360253,4.705,272.2985820590984,8.0
Z,terminal_value_shifted,2114,0.07077213895435,0.03538606947718,-0.01179535649239,0.08000000000000126,0.08,13,0.013333333333333336,0.011547005383792518,0.9986530768310736,0.0013469231689263728,4.705,272.2985820590984,8.0
Z,terminal_value_shifted,2115,0.07077213895435,0.03538606947718,0.01179535649239,0.08000000000000126,0.08,13,0.013333333333333336,0.011547005383792518,0.9989112624441635,0.0010887375558364942,4.705,272.2985820590984,8.0
Z,terminal_value_shifted,2116,0.07155417527999,-0.03577708764,0.0,0.07999999999999859,0.08,13,0.013333333333333336,0.011547005383792518,0.9969096209903854,0.003090379009614619,4.705,272.2985820590984,8.0
Z,terminal_value_shifted,2117,0.07155417527999,0.0,-0.03577708764,0.07999999999999859,0.08,13,0.013333333333333336,0.011547005383792518,0.9991594417374237,0.0008405582625763408,4.705,272.2985820590984,8.0
Z,terminal_value_shifted,2118,0.07155417527999,0.0,0.03577708764,0.07999999999999859,0.08,13,0.013333333333333336,0.011547005383792518,0.9986557288114579,0.0013442711885420788,4.705,272.2985820590984,8.0
Z,terminal_value_shifted,2119,0.07155417527999,0.03577708764,0.0,0.07999999999999859,0.08,13,0.013333333333333336,0.011547005383792518,0.9987791948562346,0.0012208051437654355,4.705,272.2985820590984,8.0
Z,terminal_value_shifted,2120,0.07236272269866,-0.02412090756622,-0.02412090756622,0.07999999999999638,0.08,13,0.013333333333333336,0.011547005383792518,0.9981899092652989,0.0018100907347010642,4.705,272.2985820590984,8.0
Z,terminal_value_shifted,2121,0.07236272269866,-0.02412090756622,0.02412090756622,0.07999999999999638,0.08,13,0.013333333333333336,0.011547005383792518,0.9974238043770172,0.0025761956229828353,4.705,272.2985820590984,8.0
Z,terminal_value_shifted,2122,0.07236272269866,0.02412090756622,-0.02412090756622,0.07999999999999638,0.08,13,0.013333333333333336,0.011547005383792518,0.9989426571779322,0.0010573428220678194,4.705,272.2985820590984,8.0
Z,terminal_value_shifted,2123,0.07236272269866,0.02412090756622,0.02412090756622,0.07999999999999638,0.08,13,0.013333333333333336,0.011547005383792518,0.999162706235657,0.00083729376434305,4.705,272.2985820590984,8.0
Z,terminal_value_shifted,2124,0.07496340570653,-0.02498780190218,-0.01249390095109,0.08000000000000033,0.08,13,0.013333333333333336,0.011547005383792518,0.9979645610631974,0.0020354389368025805,4.705,272.2985820590984,8.0
Z,terminal_value_shifted,2125,0.07496340570653,-0.02498780190218,0.01249390095109,0.08000000000000033,0.08,13,0.013333333333333336,0.011547005383792518,0.9975604785780214,0.0024395214219785633,4.705,272.2985820590984,8.0
Z,terminal_value_shifted,2126,0.07496340570653,-0.01249390095109,-0.02498780190218,0.08000000000000033,0.08,13,0.013333333333333336,0.011547005383792518,0.9987796522702372,0.0012203477297627607,4.705,272.2985820590984,8.0
Z,terminal_value_shifted,2127,0.07496340570653,-0.01249390095109,0.02498780190218,0.08000000000000033,0.08,13,0.013333333333333336,0.011547005383792518,0.9981805439486748,0.0018194560513251634,4.705,272.2985820590984,8.0
Z,terminal_value_shifted,2128,0.07496340570653,0.01249390095109,-0.02498780190218,0.08000000000000033,0.08,13,0.013333333333333336,0.011547005383792518,0.9991612032224801,0.0008387967775198568,4.705,272.2985820590984,8.0
Z,terminal_value_shifted,2129,0.07496340570653,0.01249390095109,0.02498780190218,0.08000000000000033,0.08,13,0.013333333333333336,0.011547005383792518,0.9990914521499329,0.0009085478500671096,4.705,272.2985820590984,8.0
Z,terminal_value_shifted,2130,0.07496340570653,0.02498780190218,-0.01249390095109,0.08000000000000033,0.08,13,0.013333333333333336,0.011547005383792518,0.9990053427802,0.000994657219799966,4.705,272.2985820590984,8.0
Z,terminal_value_shifted,2131,0.07496340570653,0.02498780190218,0.01249390095109,0.08000000000000033,0.08,13,0.013333333333333336,0.011547005383792518,0.9991306725970729,0.0008693274029271114,4.705,272.2985820590984,8.0
Z,terminal_value_shifted,2132,0.07589466384404,-0.02529822128135,0.0,0.07999999999999989,0.08,13,0.013333333333333336,0.011547005383792518,0.9977464623717688,0.002253537628231217,4.705,272.2985820590984,8.0
Z,terminal_value_shifted,2133,0.07589466384404,0.0,-0.02529822128135,0.07999999999999989,0.08,13,0.013333333333333336,0.011547005383792518,0.9991187049147002,0.0008812950852997714,4.705,272.2985820590984,8.0
Z,terminal_value_shifted,2134,0.07589466384404,0.0,0.02529822128135,0.07999999999999989,0.08,13,0.013333333333333336,0.011547005383792518,0.9987610302303385,0.0012389697696615354,4.705,272.2985820590984,8.0
Z,terminal_value_shifted,2135,0.07589466384404,0.02529822128135,0.0,0.07999999999999989,0.08,13,0.013333333333333336,0.011547005383792518,0.9990736396686808,0.0009263603313192093,4.705,272.2985820590984,8.0
Z,terminal_value_shifted,2136,0.07786628214277,-0.01297771369046,-0.01297771369046,0.08000000000000354,0.08,13,0.013333333333333336,0.011547005383792518,0.9986344993116327,0.0013655006883672716,4.705,272.2985820590984,8.0
Z,terminal_value_shifted,2137,0.07786628214277,-0.01297771369046,0.01297771369046,0.08000000000000354,0.08,13,0.013333333333333336,0.011547005383792518,0.9983182130007707,0.0016817869992292733,4.705,272.2985820590984,8.0
Z,terminal_value_shifted,2138,0.07786628214277,0.01297771369046,-0.01297771369046,0.08000000000000354,0.08,13,0.013333333333333336,0.011547005383792518,0.9991711733580744,0.0008288266419256285,4.705,272.2985820590984,8.0
Z,terminal_value_shifted,2139,0.07786628214277,0.01297771369046,0.01297771369046,0.08000000000000354,0.08,13,0.013333333333333336,0.011547005383792518,0.9991406215306542,0.0008593784693458062,4.705,272.2985820590984,8.0
Z,terminal_value_shifted,2140,0.07891151390657,-0.01315191898443,0.0,0.07999999999999875,0.08,13,0.013333333333333336,0.011547005383792518,0.9984751255091918,0.0015248744908081813,4.705,272.2985820590984,8.0
Z,terminal_value_shifted,2141,0.07891151390657,0.0,-0.01315191898443,0.07999999999999875,0.08,13,0.013333333333333336,0.011547005383792518,0.9990570669274705,0.0009429330725294616,4.705,272.2985820590984,8.0
Z,terminal_value_shifted,2142,0.07891151390657,0.0,0.01315191898443,0.07999999999999875,0.08,13,0.013333333333333336,0.011547005383792518,0.9988706349550777,0.001129365044922337,4.705,272.2985820590984,8.0
Z,terminal_value_shifted,2143,0.07891151390657,0.01315191898443,0.0,0.07999999999999875,0.08,13,0.013333333333333336,0.011547005383792518,0.9991668566255338,0.0008331433744661609,4.705,272.2985820590984,8.0
Z,terminal_value_shifted,2144,0.08,0.0,0.0,0.08,0.08,13,0.013333333333333336,0.011547005383792518,0.9989728214139564,0.00102717858604362,4.705,272.2985820590984,8.0
H,terminal_value_shifted,0,-0.08,0.0,0.0,0.08,0.08,13,0.013333333333333336,0.011547005383792518,0.9989222704589559,0.0010777295410441257,5.2425,311.2745765019208,8.0
H,terminal_value_shifted,1,-0.07891151390657,-0.01315191898443,0.0,0.07999999999999875,0.08,13,0.013333333333333336,0.011547005383792518,0.9987764006242139,0.0012235993757860886,5.2425,311.2745765019208,8.0
H,terminal_value_shifted,2,-0.07891151390657,0.0,-0.01315191898443,0.07999999999999875,0.08,13,0.013333333333333336,0.011547005383792518,0.9991759344598947,0.0008240655401052788,5.2425,311.2745765019208,8.0
H,terminal_value_shifted,3,-0.07891151390657,0.0,0.01315191898443,0.07999999999999875,0.08,13,0.013333333333333336,0.011547005383792518,0.9985853929184284,0.001414607081571595,5.2425,311.2745765019208,8.0
H,terminal_value_shifted,4,-0.07891151390657,0.01315191898443,0.0,0.07999999999999875,0.08,13,0.013333333333333336,0.011547005383792518,0.9990418063082612,0.0009581936917387734,5.2425,311.2745765019208,8.0
H,terminal_value_shifted,5,-0.07786628214277,-0.01297771369046,-0.01297771369046,0.08000000000000354,0.08,13,0.013333333333333336,0.011547005383792518,0.9990226884212974,0.000977311578702622,5.2425,311.2745765019208,8.0
H,terminal_value_shifted,6,-0.07786628214277,-0.01297771369046,0.01297771369046,0.08000000000000354,0.08,13,0.013333333333333336,0.011547005383792518,0.9984592425060665,0.0015407574939334534,5.2425,311.2745765019208,8.0
H,terminal_value_shifted,7,-0.07786628214277,0.01297771369046,-0.01297771369046,0.08000000000000354,0.08,13,0.013333333333333336,0.011547005383792518,0.9992968505286929,0.0007031494713071185,5.2425,311.2745765019208,8.0
H,terminal_value_shifted,8,-0.07786628214277,0.01297771369046,0.01297771369046,0.08000000000000354,0.08,13,0.013333333333333336,0.011547005383792518,0.9986980118344833,0.0013019881655167431,5.2425,311.2745765019208,8.0
H,terminal_value_shifted,9,-0.07589466384404,-0.02529822128135,0.0,0.07999999999999989,0.08,13,0.013333333333333336,0.011547005383792518,0.9986420604810449,0.0013579395189551313,5.2425,311.2745765019208,8.0
H,terminal_value_shifted,10,-0.07589466384404,0.0,-0.02529822128135,0.07999999999999989,0.08,13,0.013333333333333336,0.011547005383792518,0.9993287477297927,0.0006712522702072565,5.2425,311.2745765019208,8.0
H,terminal_value_shifted,11,-0.07589466384404,0.0,0.02529822128135,0.07999999999999989,0.08,13,0.013333333333333336,0.011547005383792518,0.9982074181507486,0.0017925818492513512,5.2425,311.2745765019208,8.0
H,terminal_value_shifted,12,-0.07589466384404,0.02529822128135,0.0,0.07999999999999989,0.08,13,0.013333333333333336,0.011547005383792518,0.9991105406341043,0.000889459365895684,5.2425,311.2745765019208,8.0
H,terminal_value_shifted,13,-0.07496340570653,-0.02498780190218,-0.01249390095109,0.08000000000000033,0.08,13,0.013333333333333336,0.011547005383792518,0.9988751291045141,0.0011248708954858522,5.2425,311.2745765019208,8.0
H,terminal_value_shifted,14,-0.07496340570653,-0.02498780190218,0.01249390095109,0.08000000000000033,0.08,13,0.013333333333333336,0.011547005383792518,0.9983521760707951,0.001647823929204928,5.2425,311.2745765019208,8.0
H,terminal_value_shifted,15,-0.07496340570653,-0.01249390095109,-0.02498780190218,0.08000000000000033,0.08,13,0.013333333333333336,0.011547005383792518,0.999180647224779,0.0008193527752210494,5.2425,311.2745765019208,8.0
H,terminal_value_shifted,16,-0.07496340570653,-0.01249390095109,0.02498780190218,0.08000000000000033,0.08,13,0.013333333333333336,0.011547005383792518,0.9981083241443787,0.0018916758556213331,5.2425,311.2745765019208,8.0
H,terminal_value_shifted,17,-0.07496340570653,0.01249390095109,-0.02498780190218,0.08000000000000033,0.08,13,0.013333333333333336,0.011547005383792518,0.9994461011623009,0.0005538988376990739,5.2425,311.2745765019208,8.0
H,terminal_value_shifted,18,-0.07496340570653,0.01249390095109,0.02498780190218,0.08000000000000033,0.08,13,0.013333333333333336,0.011547005383792518,0.9983084285891782,0.0016915714108217683,5.2425,311.2745765019208,8.0
H,terminal_value_shifted,19,-0.07496340570653,0.02498780190218,-0.01249390095109,0.08000000000000033,0.08,13,0.013333333333333336,0.011547005383792518,0.9993616230569924,0.0006383769430076125,5.2425,311.2745765019208,8.0
H,terminal_value_shifted,20,-0.07496340570653,0.02498780190218,0.01249390095109,0.08000000000000033,0.08,13,0.013333333333333336,0.011547005383792518,0.9987739856826049,0.0012260143173951077,5.2425,311.2745765019208,8.0
H,terminal_value_shifted,21,-0.07236272269866,-0.02412090756622,-0.02412090756622,0.07999999999999638,0.08,13,0.013333333333333336,0.011547005383792518,0.9990352596445738,0.0009647403554261524,5.2425,311.2745765019208,8.0
H,terminal_value_shifted,22,-0.07236272269866,-0.02412090756622,0.02412090756622,0.07999999999999638,0.08,13,0.013333333333333336,0.011547005383792518,0.9980356201207325,0.0019643798792674527,5.2425,311.2745765019208,8.0
H,terminal_value_shifted,23,-0.07236272269866,0.02412090756622,-0.02412090756622,0.07999999999999638,0.08,13,0.013333333333333336,0.011547005383792518,0.9995111984564119,0.0004888015435881021,5.2425,311.2745765019208,8.0
H,terminal_value_shifted,24,-0.07236272269866,0.02412090756622,0.02412090756622,0.07999999999999638,0.08,13,0.013333333333333336,0.011547005383792518,0.9983912865621336,0.0016087134378663936,5.2425,311.2745765019208,8.0
H,terminal_value_shifted,25,-0.07155417527999,-0.03577708764,0.0,0.07999999999999859,0.08,13,0.013333333333333336,0.011547005383792518,0.9985469812061957,0.0014530187938043282,5.2425,311.2745765019208,8.0
H,terminal_value_shifted,26,-0.07155417527999,0.0,-0.03577708764,0.07999999999999859,0.08,13,0.013333333333333336,0.011547005383792518,0.9993914004808251,0.0006085995191749127,5.2425,311.2745765019208,8.0
H,terminal_value_shifted,27,-0.07155417527999,0.0,0.03577708764,0.07999999999999859,0.08,13,0.013333333333333336,0.011547005383792518,0.9978351165684582,0.002164883431541753,5.2425,311.2745765019208,8.0
H,terminal_value_shifted,28,-0.07155417527999,0.03577708764,0.0,0.07999999999999859,0.08,13,0.013333333333333336,0.011547005383792518,0.9991293298147047,0.0008706701852952969,5.2425,311.2745765019208,8.0
H,terminal_value_shifted,29,-0.07077213895435,-0.03538606947718,-0.01179535649239,0.08000000000000126,0.08,13,0.013333333333333336,0.011547005383792518,0.9987625388280134,0.0012374611719866424,5.2425,311.2745765019208,8.0
H,terminal_value_shifted,30,-0.07077213895435,-0.03538606947718,0.01179535649239,0.08000000000000126,0.08,13,0.013333333333333336,0.011547005383792518,0.9982863500263236,0.001713649973676401,5.2425,311.2745765019208,8.0
H,terminal_value_shifted,31,-0.07077213895435,-0.01179535649239,-0.03538606947718,0.08000000000000126,0.08,13,0.013333333333333336,0.011547005383792518,0.9992568527140775,0.0007431472859225075,5.2425,311.2745765019208,8.0
H,terminal_value_shifted,32,-0.07077213895435,-0.01179535649239,0.03538606947718,0.08000000000000126,0.08,13,0.013333333333333336,0.011547005383792518,0.9977638722161041,0.002236127783895925,5.2425,311.2745765019208,8.0
H,terminal_value_shifted,33,-0.07077213895435,0.01179535649239,-0.03538606947718,0.08000000000000126,0.08,13,0.013333333333333336,0.011547005383792518,0.9995017545410885,0.0004982454589115282,5.2425,311.2745765019208,8.0
H,terminal_value_shifted,34,-0.07077213895435,0.01179535649239,0.03538606947718,0.08000000000000126,0.08,13,0.013333333333333336,0.011547005383792518,0.9979218073614257,0.0020781926385743388,5.2425,311.2745765019208,8.0
H,terminal_value_shifted,35,-0.07077213895435,0.03538606947718,-0.01179535649239,0.08000000000000126,0.08,13,0.013333333333333336,0.011547005383792518,0.999371973645332,0.0006280263546679654,5.2425,311.2745765019208,8.0
H,terminal_value_shifted,36,-0.07077213895435,0.03538606947718,0.01179535649239,0.08000000000000126,0.08,13,0.013333333333333336,0.011547005383792518,0.9988109173558098,0.0011890826441901536,5.2425,311.2745765019208,8.0
H,terminal_value_shifted,37,-0.06857142857143,-0.03428571428571,-0.02285714285714,0.07999999999999857,0.08,13,0.013333333333333336,0.011547005383792518,0.9989192200152892,0.001080779984710789,5.2425,311.2745765019208,8.0
H,terminal_value_shifted,38,-0.06857142857143,-0.03428571428571,0.02285714285714,0.07999999999999857,0.08,13,0.013333333333333336,0.011547005383792518,0.9980040202621193,0.001995979737880682,5.2425,311.2745765019208,8.0
H,terminal_value_shifted,39,-0.06857142857143,-0.02285714285714,-0.03428571428571,0.07999999999999857,0.08,13,0.013333333333333336,0.011547005383792518,0.9991247032779058,0.0008752967220941876,5.2425,311.2745765019208,8.0
H,terminal_value_shifted,40,-0.06857142857143,-0.02285714285714,0.03428571428571,0.07999999999999857,0.08,13,0.013333333333333336,0.011547005383792518,0.9977244367149416,0.0022755632850584018,5.2425,311.2745765019208,8.0
H,terminal_value_shifted,41,-0.06857142857143,0.02285714285714,-0.03428571428571,0.07999999999999857,0.08,13,0.013333333333333336,0.011547005383792518,0.9995696212756342,0.0004303787243657986,5.2425,311.2745765019208,8.0
H,terminal_value_shifted,42,-0.06857142857143,0.02285714285714,0.03428571428571,0.07999999999999857,0.08,13,0.013333333333333336,0.011547005383792518,0.9980077665516898,0.001992233448310232,5.2425,311.2745765019208,8.0
H,terminal_value_shifted,43,-0.06857142857143,0.03428571428571,-0.02285714285714,0.07999999999999857,0.08,13,0.013333333333333336,0.011547005383792518,0.9995242079705958,0.0004757920294041762,5.2425,311.2745765019208,8.0
H,terminal_value_shifted,44,-0.06857142857143,0.03428571428571,0.02285714285714,0.07999999999999857,0.08,13,0.013333333333333336,0.011547005383792518,0.9984497241311678,0.0015502758688321627,5.2425,311.2745765019208,8.0
H,terminal_value_shifted,45,-0.06666666666667,-0.04,-0.01333333333333,0.07888106377466379,0.08,13,0.013333333333333336,0.011547005383792518,0.9987729152277541,0.0012270847722458678,5.2425,311.2745765019208,8.0
H,terminal_value_shifted,46,-0.06666666666667,-0.04,0.0,0.07774602526460686,0.08,13,0.013333333333333336,0.011547005383792518,0.9985635963745728,0.001436403625427185,5.2425,311.2745765019208,8.0
H,terminal_value_shifted,47,-0.06666666666667,-0.04,0.01333333333333,0.07888106377466379,0.08,13,0.013333333333333336,0.011547005383792518,0.9982476514835646,0.0017523485164353536,5.2425,311.2745765019208,8.0
H,terminal_value_shifted,48,-0.06666666666667,-0.02666666666667,-0.02666666666667,0.07659416862051227,0.08,13,0.013333333333333336,0.011547005383792518,0.9990772859421473,0.0009227140578527138,5.2425,311.2745765019208,8.0
H,terminal_value_shifted,49,-0.06666666666667,-0.02666666666667,-0.01333333333333,0.0730296743340258,0.08,13,0.013333333333333336,0.011547005383792518,0.9989704873033273,0.0010295126966727297,5.2425,311.2745765019208,8.0
H,terminal_value_shifted,50,-0.06666666666667,-0.02666666666667,0.0,0.07180219742846439,0.08,13,0.013333333333333336,0.011547005383792518,0.9987554023541053,0.001244597645894685,5.2425,311.2745765019208,8.0
H,terminal_value_shifted,51,-0.06666666666667,-0.02666666666667,0.01333333333333,0.0730296743340258,0.08,13,0.013333333333333336,0.011547005383792518,0.9984329490775797,0.0015670509224202656,5.2425,311.2745765019208,8.0
H,terminal_value_shifted,52,-0.06666666666667,-0.02666666666667,0.02666666666667,0.07659416862051227,0.08,13,0.013333333333333336,0.011547005383792518,0.9980036794340534,0.0019963205659465633,5.2425,311.2745765019208,8.0
H,terminal_value_shifted,53,-0.06666666666667,-0.01333333333333,-0.04,0.07888106377466379,0.08,13,0.013333333333333336,0.011547005383792518,0.9992583753526997,0.0007416246473003207,5.2425,311.2745765019208,8.0
H,terminal_value_shifted,54,-0.06666666666667,-0.01333333333333,-0.02666666666667,0.0730296743340258,0.08,13,0.013333333333333336,0.011547005383792518,0.9992547764976372,0.0007452235023628351,5.2425,311.2745765019208,8.0
H,terminal_value_shifted,55,-0.06666666666667,-0.01333333333333,-0.01333333333333,0.06928203230275702,0.08,13,0.013333333333333336,0.011547005383792518,0.9991415861977013,0.0008584138022986743,5.2425,311.2745765019208,8.0
H,terminal_value_shifted,56,-0.06666666666667,-0.01333333333333,0.0,0.06798692684790641,0.08,13,0.013333333333333336,0.011547005383792518,0.9989197480273376,0.0010802519726623716,5.2425,311.2745765019208,8.0
H,terminal_value_shifted,57,-0.06666666666667,-0.01333333333333,0.01333333333333,0.06928203230275702,0.08,13,0.013333333333333336,0.011547005383792518,0.9985898529961691,0.0014101470038309083,5.2425,311.2745765019208,8.0
H,terminal_value_shifted,58,-0.06666666666667,-0.01333333333333,0.02666666666667,0.0730296743340258,0.08,13,0.013333333333333336,0.011547005383792518,0.9981521443017168,0.0018478556982831629,5.2425,311.2745765019208,8.0
H,terminal_value_shifted,59,-0.06666666666667,-0.01333333333333,0.04,0.07888106377466379,0.08,13,0.013333333333333336,0.011547005383792518,0.9976065249672743,0.0023934750327256893,5.2425,311.2745765019208,8.0
H,terminal_value_shifted,60,-0.06666666666667,0.0,-0.04,0.07774602526460686,0.08,13,0.013333333333333336,0.011547005383792518,0.9994100792153001,0.0005899207846998822,5.2425,311.2745765019208,8.0
H,terminal_value_shifted,61,-0.06666666666667,0.0,-0.02666666666667,0.07180219742846439,0.08,13,0.013333333333333336,0.011547005383792518,0.9993988690343008,0.0006011309656992481,5.2425,311.2745765019208,8.0
H,terminal_value_shifted,62,-0.06666666666667,0.0,-0.01333333333333,0.06798692684790641,0.08,13,0.013333333333333336,0.011547005383792518,0.9992781269411191,0.0007218730588809397,5.2425,311.2745765019208,8.0
H,terminal_value_shifted,63,-0.06666666666667,0.0,0.0,0.06666666666667,0.08,13,0.013333333333333336,0.011547005383792518,0.9990484478553004,0.0009515521446995523,5.2425,311.2745765019208,8.0
H,terminal_value_shifted,64,-0.06666666666667,0.0,0.01333333333333,0.06798692684790641,0.08,13,0.013333333333333336,0.011547005383792518,0.9987100915468159,0.0012899084531841076,5.2425,311.2745765019208,8.0
H,terminal_value_shifted,65,-0.06666666666667,0.0,0.02666666666667,0.07180219742846439,0.08,13,0.013333333333333336,0.011547005383792518,0.9982629873657753,0.001737012634224655,5.2425,311.2745765019208,8.0
H,terminal_value_shifted,66,-0.06666666666667,0.0,0.04,0.07774602526460686,0.08,13,0.013333333333333336,0.011547005383792518,0.997706741882964,0.0022932581170359567,5.2425,311.2745765019208,8.0
H,terminal_value_shifted,67,-0.06666666666667,0.01333333333333,-0.04,0.07888106377466379,0.08,13,0.013333333333333336,0.011547005383792518,0.999521763601769,0.000478236398230969,5.2425,311.2745765019208,8.0
H,terminal_value_shifted,68,-0.06666666666667,0.01333333333333,-0.02666666666667,0.0730296743340258,0.08,13,0.013333333333333336,0.011547005383792518,0.9995015649041216,0.0004984350958784356,5.2425,311.2745765019208,8.0
H,terminal_value_shifted,69,-0.06666666666667,0.01333333333333,-0.01333333333333,0.06928203230275702,0.08,13,0.013333333333333336,0.011547005383792518,0.9993719840427102,0.0006280159572897848,5.2425,311.2745765019208,8.0
H,terminal_value_shifted,70,-0.06666666666667,0.01333333333333,0.0,0.06798692684790641,0.08,13,0.013333333333333336,0.011547005383792518,0.999133263506435,0.0008667364935649458,5.2425,311.2745765019208,8.0
H,terminal_value_shifted,71,-0.06666666666667,0.01333333333333,0.01333333333333,0.06928203230275702,0.08,13,0.013333333333333336,0.011547005383792518,0.9987853271062952,0.0012146728937048046,5.2425,311.2745765019208,8.0
H,terminal_value_shifted,72,-0.06666666666667,0.01333333333333,0.02666666666667,0.0730296743340258,0.08,13,0.013333333333333336,0.011547005383792518,0.9983277848696052,0.0016722151303948385,5.2425,311.2745765019208,8.0
H,terminal_value_shifted,73,-0.06666666666667,0.01333333333333,0.04,0.07888106377466379,0.08,13,0.013333333333333336,0.011547005383792518,0.997759940870592,0.0022400591294079453,5.2425,311.2745765019208,8.0
H,terminal_value_shifted,74,-0.06666666666667,0.02666666666667,-0.02666666666667,0.07659416862051227,0.08,13,0.013333333333333336,0.011547005383792518,0.9995548841350022,0.00044511586499784705,5.2425,311.2745765019208,8.0
H,terminal_value_shifted,75,-0.06666666666667,0.02666666666667,-0.01333333333333,0.0730296743340258,0.08,13,0.013333333333333336,0.011547005383792518,0.9994150394886517,0.0005849605113482648,5.2425,311.2745765019208,8.0
H,terminal_value_shifted,76,-0.06666666666667,0.02666666666667,0.0,0.07180219742846439,0.08,13,0.013333333333333336,0.011547005383792518,0.9991659518776524,0.0008340481223475527,5.2425,311.2745765019208,8.0
H,terminal_value_shifted,77,-0.06666666666667,0.02666666666667,0.01333333333333,0.0730296743340258,0.08,13,0.013333333333333336,0.011547005383792518,0.9988072041644283,0.0011927958355717472,5.2425,311.2745765019208,8.0
H,terminal_value_shifted,78,-0.06666666666667,0.02666666666667,0.02666666666667,0.07659416862051227,0.08,13,0.013333333333333336,0.011547005383792518,0.9983380813679466,0.0016619186320534496,5.2425,311.2745765019208,8.0
H,terminal_value_shifted,79,-0.06666666666667,0.04,-0.01333333333333,0.07888106377466379,0.08,13,0.013333333333333336,0.011547005383792518,0.9993992178825166,0.0006007821174833783,5.2425,311.2745765019208,8.0
H,terminal_value_shifted,80,-0.06666666666667,0.04,0.0,0.07774602526460686,0.08,13,0.013333333333333336,0.011547005383792518,0.999138300782062,0.0008616992179379945,5.2425,311.2745765019208,8.0
H,terminal_value_shifted,81,-0.06666666666667,0.04,0.01333333333333,0.07888106377466379,0.08,13,0.013333333333333336,0.011547005383792518,0.9987673855708497,0.0012326144291503471,5.2425,311.2745765019208,8.0
H,terminal_value_shifted,82,-0.06656402354703,-0.04437601569802,0.0,0.08000000000000301,0.08,13,0.013333333333333336,0.011547005383792518,0.9984978732279348,0.001502126772065182,5.2425,311.2745765019208,8.0
H,terminal_value_shifted,83,-0.06656402354703,0.0,-0.04437601569802,0.08000000000000301,0.08,13,0.013333333333333336,0.011547005383792518,0.9993901895718302,0.0006098104281697658,5.2425,311.2745765019208,8.0
H,terminal_value_shifted,84,-0.06656402354703,0.0,0.04437601569802,0.08000000000000301,0.08,13,0.013333333333333336,0.011547005383792518,0.9975015806917042,0.0024984193082957518,5.2425,311.2745765019208,8.0
H,terminal_value_shifted,85,-0.06656402354703,0.04437601569802,0.0,0.08000000000000301,0.08,13,0.013333333333333336,0.011547005383792518,0.9991151731516656,0.0008848268483343524,5.2425,311.2745765019208,8.0
H,terminal_value_shifted,86,-0.06593307069537,-0.04395538046358,-0.0109888451159,0.0799999999999998,0.08,13,0.013333333333333336,0.011547005383792518,0.9986940236914891,0.0013059763085109255,5.2425,311.2745765019208,8.0
H,terminal_value_shifted,87,-0.06593307069537,-0.04395538046358,0.0109888451159,0.0799999999999998,0.08,13,0.013333333333333336,0.011547005383792518,0.9982649991848226,0.0017350008151774121,5.2425,311.2745765019208,8.0
H,terminal_value_shifted,88,-0.06593307069537,-0.0109888451159,-0.04395538046358,0.0799999999999998,0.08,13,0.013333333333333336,0.011547005383792518,0.9992725040878775,0.0007274959121225111,5.2425,311.2745765019208,8.0
H,terminal_value_shifted,89,-0.06593307069537,-0.0109888451159,0.04395538046358,0.0799999999999998,0.08,13,0.013333333333333336,0.011547005383792518,0.9974544205979603,0.0025455794020396993,5.2425,311.2745765019208,8.0
H,terminal_value_shifted,90,-0.06593307069537,0.0109888451159,-0.04395538046358,0.0799999999999998,0.08,13,0.013333333333333336,0.011547005383792518,0.9994917535278963,0.0005082464721036795,5.2425,311.2745765019208,8.0
H,terminal_value_shifted,91,-0.06593307069537,0.0109888451159,0.04395538046358,0.0799999999999998,0.08,13,0.013333333333333336,0.011547005383792518,0.9975734143677778,0.0024265856322222,5.2425,311.2745765019208,8.0
H,terminal_value_shifted,92,-0.06593307069537,0.04395538046358,-0.0109888451159,0.0799999999999998,0.08,13,0.013333333333333336,0.011547005383792518,0.9993460152692616,0.0006539847307384106,5.2425,311.2745765019208,8.0
H,terminal_value_shifted,93,-0.06593307069537,0.04395538046358,0.0109888451159,0.0799999999999998,0.08,13,0.013333333333333336,0.011547005383792518,0.9988206564497886,0.0011793435502114313,5.2425,311.2745765019208,8.0
H,terminal_value_shifted,94,-0.06531972647422,-0.03265986323711,-0.03265986323711,0.08000000000000236,0.08,13,0.013333333333333336,0.011547005383792518,0.9990164623236115,0.0009835376763884796,5.2425,311.2745765019208,8.0
H,terminal_value_shifted,95,-0.06531972647422,-0.03265986323711,0.03265986323711,0.08000000000000236,0.08,13,0.013333333333333336,0.011547005383792518,0.9977246828062009,0.0022753171937991423,5.2425,311.2745765019208,8.0
H,terminal_value_shifted,96,-0.06531972647422,0.03265986323711,-0.03265986323711,0.08000000000000236,0.08,13,0.013333333333333336,0.011547005383792518,0.9995926690343735,0.0004073309656265067,5.2425,311.2745765019208,8.0
H,terminal_value_shifted,97,-0.06531972647422,0.03265986323711,0.03265986323711,0.08000000000000236,0.08,13,0.013333333333333336,0.011547005383792518,0.9980840938886911,0.0019159061113088738,5.2425,311.2745765019208,8.0
H,terminal_value_shifted,98,-0.06488856845231,-0.03893314107138,-0.02595542738092,0.08000000000000193,0.08,13,0.013333333333333336,0.011547005383792518,0.9989140699069808,0.0010859300930191607,5.2425,311.2745765019208,8.0
H,terminal_value_shifted,99,-0.06488856845231,-0.03893314107138,0.02595542738092,0.08000000000000193,0.08,13,0.013333333333333336,0.011547005383792518,0.9978990418674994,0.002100958132500552,5.2425,311.2745765019208,8.0
H,terminal_value_shifted,100,-0.06488856845231,-0.02595542738092,-0.03893314107138,0.08000000000000193,0.08,13,0.013333333333333336,0.011547005383792518,0.9991070747930075,0.0008929252069924676,5.2425,311.2745765019208,8.0
H,terminal_value_shifted,101,-0.06488856845231,-0.02595542738092,0.03893314107138,0.08000000000000193,0.08,13,0.013333333333333336,0.011547005383792518,0.9975524294908884,0.0024475705091115962,5.2425,311.2745765019208,8.0
H,terminal_value_shifted,102,-0.06488856845231,0.02595542738092,-0.03893314107138,0.08000000000000193,0.08,13,0.013333333333333336,0.011547005383792518,0.9995879553049019,0.000412044695098146,5.2425,311.2745765019208,8.0
H,terminal_value_shifted,103,-0.06488856845231,0.02595542738092,0.03893314107138,0.08000000000000193,0.08,13,0.013333333333333336,0.011547005383792518,0.9978262046459472,0.002173795354052821,5.2425,311.2745765019208,8.0
H,terminal_value_shifted,104,-0.06488856845231,0.03893314107138,-0.02595542738092,0.08000000000000193,0.08,13,0.013333333333333336,0.011547005383792518,0.9995520233190616,0.00044797668093843335,5.2425,311.2745765019208,8.0
H,terminal_value_shifted,105,-0.06488856845231,0.03893314107138,0.02595542738092,0.08000000000000193,0.08,13,0.013333333333333336,0.011547005383792518,0.9983336972502455,0.0016663027497545446,5.2425,311.2745765019208,8.0
H,terminal_value_shifted,106,-0.06414269805898,-0.04276179870599,-0.02138089935299,0.07999999999999859,0.08,13,0.013333333333333336,0.011547005383792518,0.9988423251945674,0.001157674805432607,5.2425,311.2745765019208,8.0
H,terminal_value_shifted,107,-0.06414269805898,-0.04276179870599,0.02138089935299,0.07999999999999859,0.08,13,0.013333333333333336,0.011547005383792518,0.9980131934386007,0.001986806561399268,5.2425,311.2745765019208,8.0
H,terminal_value_shifted,108,-0.06414269805898,-0.02138089935299,-0.04276179870599,0.07999999999999859,0.08,13,0.013333333333333336,0.011547005383792518,0.9991584678380271,0.0008415321619729133,5.2425,311.2745765019208,8.0
H,terminal_value_shifted,109,-0.06414269805898,-0.02138089935299,0.04276179870599,0.07999999999999859,0.08,13,0.013333333333333336,0.011547005383792518,0.9974419477683569,0.002558052231643071,5.2425,311.2745765019208,8.0
H,terminal_value_shifted,110,-0.06414269805898,0.02138089935299,-0.04276179870599,0.07999999999999859,0.08,13,0.013333333333333336,0.011547005383792518,0.9995623042540767,0.0004376957459233388,5.2425,311.2745765019208,8.0
H,terminal_value_shifted,111,-0.06414269805898,0.02138089935299,0.04276179870599,0.07999999999999859,0.08,13,0.013333333333333336,0.011547005383792518,0.997657603486242,0.002342396513758005,5.2425,311.2745765019208,8.0
H,terminal_value_shifted,112,-0.06414269805898,0.04276179870599,-0.02138089935299,0.07999999999999859,0.08,13,0.013333333333333336,0.011547005383792518,0.999500303147391,0.0004996968526089773,5.2425,311.2745765019208,8.0
H,terminal_value_shifted,113,-0.06414269805898,0.04276179870599,0.02138089935299,0.07999999999999859,0.08,13,0.013333333333333336,0.011547005383792518,0.9984885935238961,0.001511406476103927,5.2425,311.2745765019208,8.0
H,terminal_value_shifted,114,-0.06246950475544,-0.04997560380435,0.0,0.07999999999999564,0.08,13,0.013333333333333336,0.011547005383792518,0.998486409866869,0.0015135901331310153,5.2425,311.2745765019208,8.0
H,terminal_value_shifted,115,-0.06246950475544,0.0,-0.04997560380435,0.07999999999999564,0.08,13,0.013333333333333336,0.011547005383792518,0.9993615659076602,0.000638434092339768,5.2425,311.2745765019208,8.0
H,terminal_value_shifted,116,-0.06246950475544,0.0,0.04997560380435,0.07999999999999564,0.08,13,0.013333333333333336,0.011547005383792518,0.9972728493446783,0.0027271506553216973,5.2425,311.2745765019208,8.0
H,terminal_value_shifted,117,-0.06246950475544,0.04997560380435,0.0,0.07999999999999564,0.08,13,0.013333333333333336,0.011547005383792518,0.9990926087304509,0.0009073912695490849,5.2425,311.2745765019208,8.0
H,terminal_value_shifted,118,-0.06172133998484,-0.04937707198787,-0.01234426799697,0.08000000000000328,0.08,13,0.013333333333333336,0.011547005383792518,0.9986985004819854,0.001301499518014615,5.2425,311.2745765019208,8.0
H,terminal_value_shifted,119,-0.06172133998484,-0.04937707198787,0.01234426799697,0.08000000000000328,0.08,13,0.013333333333333336,0.011547005383792518,0.998228495229976,0.0017715047700239683,5.2425,311.2745765019208,8.0
H,terminal_value_shifted,120,-0.06172133998484,-0.01234426799697,-0.04937707198787,0.08000000000000326,0.08,13,0.013333333333333336,0.011547005383792518,0.9992365303723232,0.000763469627676816,5.2425,311.2745765019208,8.0
H,terminal_value_shifted,121,-0.06172133998484,-0.01234426799697,0.04937707198787,0.08000000000000326,0.08,13,0.013333333333333336,0.011547005383792518,0.9972388209328842,0.0027611790671158154,5.2425,311.2745765019208,8.0
H,terminal_value_shifted,122,-0.06172133998484,0.01234426799697,-0.04937707198787,0.08000000000000326,0.08,13,0.013333333333333336,0.011547005383792518,0.9994721010251557,0.0005278989748442875,5.2425,311.2745765019208,8.0
H,terminal_value_shifted,123,-0.06172133998484,0.01234426799697,0.04937707198787,0.08000000000000326,0.08,13,0.013333333333333336,0.011547005383792518,0.9973482639428102,0.002651736057189824,5.2425,311.2745765019208,8.0
H,terminal_value_shifted,124,-0.06172133998484,0.04937707198787,-0.01234426799697,0.08000000000000328,0.08,13,0.013333333333333336,0.011547005383792518,0.999348739733053,0.0006512602669469514,5.2425,311.2745765019208,8.0
H,terminal_value_shifted,125,-0.06172133998484,0.04937707198787,0.01234426799697,0.08000000000000328,0.08,13,0.013333333333333336,0.011547005383792518,0.9987588062636269,0.001241193736373103,5.2425,311.2745765019208,8.0
H,terminal_value_shifted,126,-0.06145770236779,-0.05121475197316,0.0,0.08000000000000099,0.08,13,0.013333333333333336,0.011547005383792518,0.9984865625688633,0.0015134374311367438,5.2425,311.2745765019208,8.0
H,terminal_value_shifted,127,-0.06145770236779,-0.04097180157853,-0.0307288511839,0.08000000000000354,0.08,13,0.013333333333333336,0.011547005383792518,0.998941039674579,0.0010589603254209656,5.2425,311.2745765019208,8.0
H,terminal_value_shifted,128,-0.06145770236779,-0.04097180157853,0.0307288511839,0.08000000000000354,0.08,13,0.013333333333333336,0.011547005383792518,0.9977614465266713,0.002238553473328686,5.2425,311.2745765019208,8.0
H,terminal_value_shifted,129,-0.06145770236779,-0.0307288511839,-0.04097180157853,0.08000000000000354,0.08,13,0.013333333333333336,0.011547005383792518,0.9990640515028065,0.0009359484971934728,5.2425,311.2745765019208,8.0
H,terminal_value_shifted,130,-0.06145770236779,-0.0307288511839,0.04097180157853,0.08000000000000354,0.08,13,0.013333333333333336,0.011547005383792518,0.9974671079969403,0.002532892003059728,5.2425,311.2745765019208,8.0
H,terminal_value_shifted,131,-0.06145770236779,0.0,-0.05121475197316,0.08000000000000099,0.08,13,0.013333333333333336,0.011547005383792518,0.9993520707533974,0.0006479292466026187,5.2425,311.2745765019208,8.0
H,terminal_value_shifted,132,-0.06145770236779,0.0,0.05121475197316,0.08000000000000099,0.08,13,0.013333333333333336,0.011547005383792518,0.9972211879608717,0.002778812039128331,5.2425,311.2745765019208,8.0
H,terminal_value_shifted,133,-0.06145770236779,0.0307288511839,-0.04097180157853,0.08000000000000354,0.08,13,0.013333333333333336,0.011547005383792518,0.9995974786721754,0.0004025213278245898,5.2425,311.2745765019208,8.0
H,terminal_value_shifted,134,-0.06145770236779,0.0307288511839,0.04097180157853,0.08000000000000354,0.08,13,0.013333333333333336,0.011547005383792518,0.9977444583602322,0.002255541639767822,5.2425,311.2745765019208,8.0
H,terminal_value_shifted,135,-0.06145770236779,0.04097180157853,-0.0307288511839,0.08000000000000354,0.08,13,0.013333333333333336,0.011547005383792518,0.999580998454621,0.00041900154537899414,5.2425,311.2745765019208,8.0
H,terminal_value_shifted,136,-0.06145770236779,0.04097180157853,0.0307288511839,0.08000000000000354,0.08,13,0.013333333333333336,0.011547005383792518,0.9981494411423093,0.0018505588576906984,5.2425,311.2745765019208,8.0
H,terminal_value_shifted,137,-0.06145770236779,0.05121475197316,0.0,0.08000000000000099,0.08,13,0.013333333333333336,0.011547005383792518,0.9990863633225218,0.0009136366774782356,5.2425,311.2745765019208,8.0
H,terminal_value_shifted,138,-0.06099942813304,-0.03659965687983,-0.03659965687983,0.08000000000000304,0.08,13,0.013333333333333336,0.011547005383792518,0.9990037774872731,0.0009962225127269075,5.2425,311.2745765019208,8.0
H,terminal_value_shifted,139,-0.06099942813304,-0.03659965687983,0.03659965687983,0.08000000000000304,0.08,13,0.013333333333333336,0.011547005383792518,0.9975933469943101,0.002406653005689874,5.2425,311.2745765019208,8.0
H,terminal_value_shifted,140,-0.06099942813304,0.03659965687983,-0.03659965687983,0.08000000000000304,0.08,13,0.013333333333333336,0.011547005383792518,0.9996037099805217,0.0003962900194782737,5.2425,311.2745765019208,8.0
H,terminal_value_shifted,141,-0.06099942813304,0.03659965687983,0.03659965687983,0.08000000000000304,0.08,13,0.013333333333333336,0.011547005383792518,0.9979232218938263,0.0020767781061736823,5.2425,311.2745765019208,8.0
H,terminal_value_shifted,142,-0.06096006096009,-0.05080005080008,-0.01016001016002,0.08000000000000192,0.08,13,0.013333333333333336,0.011547005383792518,0.9986635339320991,0.0013364660679009432,5.2425,311.2745765019208,8.0
H,terminal_value_shifted,143,-0.06096006096009,-0.05080005080008,0.01016001016002,0.08000000000000192,0.08,13,0.013333333333333336,0.011547005383792518,0.9982785484116401,0.0017214515883599013,5.2425,311.2745765019208,8.0
H,terminal_value_shifted,144,-0.06096006096009,-0.01016001016002,-0.05080005080008,0.08000000000000192,0.08,13,0.013333333333333336,0.011547005383792518,0.9992509425784031,0.0007490574215969215,5.2425,311.2745765019208,8.0
H,terminal_value_shifted,145,-0.06096006096009,-0.01016001016002,0.05080005080008,0.08000000000000192,0.08,13,0.013333333333333336,0.011547005383792518,0.9971926868688155,0.002807313131184541,5.2425,311.2745765019208,8.0
H,terminal_value_shifted,146,-0.06096006096009,0.01016001016002,-0.05080005080008,0.08000000000000192,0.08,13,0.013333333333333336,0.011547005383792518,0.999444350848641,0.0005556491513589723,5.2425,311.2745765019208,8.0
H,terminal_value_shifted,147,-0.06096006096009,0.01016001016002,0.05080005080008,0.08000000000000192,0.08,13,0.013333333333333336,0.011547005383792518,0.9972792134478992,0.00272078655210084,5.2425,311.2745765019208,8.0
H,terminal_value_shifted,148,-0.06096006096009,0.05080005080008,-0.01016001016002,0.08000000000000192,0.08,13,0.013333333333333336,0.011547005383792518,0.9993033901762037,0.0006966098237962681,5.2425,311.2745765019208,8.0
H,terminal_value_shifted,149,-0.06096006096009,0.05080005080008,0.01016001016002,0.08000000000000192,0.08,13,0.013333333333333336,0.011547005383792518,0.9988172052291211,0.0011827947708789033,5.2425,311.2745765019208,8.0
H,terminal_value_shifted,150,-0.05962847939999,-0.04770278352,-0.02385139176,0.08000000000000007,0.08,13,0.013333333333333336,0.011547005383792518,0.9988503629972689,0.0011496370027310743,5.2425,311.2745765019208,8.0
H,terminal_value_shifted,151,-0.05962847939999,-0.04770278352,0.02385139176,0.08000000000000007,0.08,13,0.013333333333333336,0.011547005383792518,0.9979495476759249,0.0020504523240750805,5.2425,311.2745765019208,8.0
H,terminal_value_shifted,152,-0.05962847939999,-0.02385139176,-0.04770278352,0.08000000000000006,0.08,13,0.013333333333333336,0.011547005383792518,0.9991225655082826,0.0008774344917173993,5.2425,311.2745765019208,8.0
H,terminal_value_shifted,153,-0.05962847939999,-0.02385139176,0.04770278352,0.08000000000000006,0.08,13,0.013333333333333336,0.011547005383792518,0.997256164055423,0.0027438359445770555,5.2425,311.2745765019208,8.0
H,terminal_value_shifted,154,-0.05962847939999,0.02385139176,-0.04770278352,0.08000000000000006,0.08,13,0.013333333333333336,0.011547005383792518,0.9995481543599559,0.00045184564004407957,5.2425,311.2745765019208,8.0
H,terminal_value_shifted,155,-0.05962847939999,0.02385139176,0.04770278352,0.08000000000000006,0.08,13,0.013333333333333336,0.011547005383792518,0.9974485796025336,0.002551420397466364,5.2425,311.2745765019208,8.0
H,terminal_value_shifted,156,-0.05962847939999,0.04770278352,-0.02385139176,0.08000000000000007,0.08,13,0.013333333333333336,0.011547005383792518,0.9995098545305087,0.0004901454694913321,5.2425,311.2745765019208,8.0
H,terminal_value_shifted,157,-0.05962847939999,0.04770278352,0.02385139176,0.08000000000000007,0.08,13,0.013333333333333336,0.011547005383792518,0.998384475031294,0.0016155249687059836,5.2425,311.2745765019208,8.0
H,terminal_value_shifted,158,-0.05953667260282,-0.04961389383568,-0.01984555753427,0.07999999999999703,0.08,13,0.013333333333333336,0.011547005383792518,0.9988008189391935,0.00119918106080652,5.2425,311.2745765019208,8.0
H,terminal_value_shifted,159,-0.05953667260282,-0.04961389383568,0.01984555753427,0.07999999999999703,0.08,13,0.013333333333333336,0.011547005383792518,0.9980529898691441,0.001947010130855853,5.2425,311.2745765019208,8.0
H,terminal_value_shifted,160,-0.05953667260282,-0.01984555753427,-0.04961389383568,0.07999999999999703,0.08,13,0.013333333333333336,0.011547005383792518,0.9991551631909259,0.000844836809074101,5.2425,311.2745765019208,8.0
H,terminal_value_shifted,161,-0.05953667260282,-0.01984555753427,0.04961389383568,0.07999999999999703,0.08,13,0.013333333333333336,0.011547005383792518,0.99719944082396,0.0028005591760400517,5.2425,311.2745765019208,8.0
H,terminal_value_shifted,162,-0.05953667260282,0.01984555753427,-0.04961389383568,0.07999999999999703,0.08,13,0.013333333333333336,0.011547005383792518,0.9995159986813236,0.00048400131867643026,5.2425,311.2745765019208,8.0
H,terminal_value_shifted,163,-0.05953667260282,0.01984555753427,0.04961389383568,0.07999999999999703,0.08,13,0.013333333333333336,0.011547005383792518,0.997357735509046,0.0026422644909539494,5.2425,311.2745765019208,8.0
H,terminal_value_shifted,164,-0.05953667260282,0.04961389383568,-0.01984555753427,0.07999999999999703,0.08,13,0.013333333333333336,0.011547005383792518,0.9994573470583086,0.0005426529416914239,5.2425,311.2745765019208,8.0
H,terminal_value_shifted,165,-0.05953667260282,0.04961389383568,0.01984555753427,0.07999999999999703,0.08,13,0.013333333333333336,0.011547005383792518,0.9985160019305039,0.001483998069496062,5.2425,311.2745765019208,8.0
H,terminal_value_shifted,166,-0.05820855000872,-0.03880570000581,-0.03880570000581,0.07999999999999688,0.08,13,0.013333333333333336,0.011547005383792518,0.9989963979694398,0.0010036020305601578,5.2425,311.2745765019208,8.0
H,terminal_value_shifted,167,-0.05820855000872,-0.03880570000581,0.03880570000581,0.07999999999999688,0.08,13,0.013333333333333336,0.011547005383792518,0.9975250068971354,0.0024749931028645866,5.2425,311.2745765019208,8.0
H,terminal_value_shifted,168,-0.05820855000872,0.03880570000581,-0.03880570000581,0.07999999999999688,0.08,13,0.013333333333333336,0.011547005383792518,0.999602327915432,0.0003976720845679793,5.2425,311.2745765019208,8.0
H,terminal_value_shifted,169,-0.05820855000872,0.03880570000581,0.03880570000581,0.07999999999999688,0.08,13,0.013333333333333336,0.011547005383792518,0.9978286493444197,0.002171350655580273,5.2425,311.2745765019208,8.0
H,terminal_value_shifted,170,-0.05737097324805,-0.04780914437338,-0.02868548662403,0.08000000000000353,0.08,13,0.013333333333333336,0.011547005383792518,0.9988964945014392,0.0011035054985607529,5.2425,311.2745765019208,8.0
H,terminal_value_shifted,171,-0.05737097324805,-0.04780914437338,0.02868548662403,0.08000000000000353,0.08,13,0.013333333333333336,0.011547005383792518,0.9978246338586748,0.0021753661413251857,5.2425,311.2745765019208,8.0
H,terminal_value_shifted,172,-0.05737097324805,-0.02868548662403,-0.04780914437338,0.08000000000000353,0.08,13,0.013333333333333336,0.011547005383792518,0.9990760016634408,0.0009239983365592064,5.2425,311.2745765019208,8.0
H,terminal_value_shifted,173,-0.05737097324805,-0.02868548662403,0.04780914437338,0.08000000000000353,0.08,13,0.013333333333333336,0.011547005383792518,0.9972414575511973,0.002758542448802692,5.2425,311.2745765019208,8.0
H,terminal_value_shifted,174,-0.05737097324805,0.02868548662403,-0.04780914437338,0.08000000000000353,0.08,13,0.013333333333333336,0.011547005383792518,0.9995616198569038,0.000438380143096162,5.2425,311.2745765019208,8.0
H,terminal_value_shifted,175,-0.05737097324805,0.02868548662403,0.04780914437338,0.08000000000000353,0.08,13,0.013333333333333336,0.011547005383792518,0.9974476726750474,0.0025523273249525857,5.2425,311.2745765019208,8.0
H,terminal_value_shifted,176,-0.05737097324805,0.04780914437338,-0.02868548662403,0.08000000000000353,0.08,13,0.013333333333333336,0.011547005383792518,0.9995485516114679,0.0004514483885320608,5.2425,311.2745765019208,8.0
H,terminal_value_shifted,177,-0.05737097324805,0.04780914437338,0.02868548662403,0.08000000000000353,0.08,13,0.013333333333333336,0.011547005383792518,0.998206147120508,0.001793852879491964,5.2425,311.2745765019208,8.0
H,terminal_value_shifted,178,-0.05656854249492,-0.05656854249492,0.0,0.07999999999999463,0.08,13,0.013333333333333336,0.011547005383792518,0.9985003870178026,0.0014996129821973625,5.2425,311.2745765019208,8.0
H,terminal_value_shifted,179,-0.05656854249492,-0.04525483399594,-0.03394112549695,0.07999999999999603,0.08,13,0.013333333333333336,0.011547005383792518,0.9989421418840345,0.001057858115965482,5.2425,311.2745765019208,8.0
H,terminal_value_shifted,180,-0.05656854249492,-0.04525483399594,0.03394112549695,0.07999999999999603,0.08,13,0.013333333333333336,0.011547005383792518,0.9976753193294373,0.0023246806705626843,5.2425,311.2745765019208,8.0
H,terminal_value_shifted,181,-0.05656854249492,-0.03394112549695,-0.04525483399594,0.07999999999999603,0.08,13,0.013333333333333336,0.011547005383792518,0.9990373197620898,0.0009626802379102406,5.2425,311.2745765019208,8.0
H,terminal_value_shifted,182,-0.05656854249492,-0.03394112549695,0.04525483399594,0.07999999999999603,0.08,13,0.013333333333333336,0.011547005383792518,0.9973224190609655,0.002677580939034474,5.2425,311.2745765019208,8.0
H,terminal_value_shifted,183,-0.05656854249492,0.0,-0.05656854249492,0.07999999999999463,0.08,13,0.013333333333333336,0.011547005383792518,0.9992970755509776,0.000702924449022424,5.2425,311.2745765019208,8.0
H,terminal_value_shifted,184,-0.05656854249492,0.0,0.05656854249492,0.07999999999999463,0.08,13,0.013333333333333336,0.011547005383792518,0.996994470860521,0.003005529139479046,5.2425,311.2745765019208,8.0
H,terminal_value_shifted,185,-0.05656854249492,0.03394112549695,-0.04525483399594,0.07999999999999603,0.08,13,0.013333333333333336,0.011547005383792518,0.9995845206854892,0.00041547931451080267,5.2425,311.2745765019208,8.0
H,terminal_value_shifted,186,-0.05656854249492,0.03394112549695,0.04525483399594,0.07999999999999603,0.08,13,0.013333333333333336,0.011547005383792518,0.9975589323976074,0.0024410676023925992,5.2425,311.2745765019208,8.0
H,terminal_value_shifted,187,-0.05656854249492,0.04525483399594,-0.03394112549695,0.07999999999999603,0.08,13,0.013333333333333336,0.011547005383792518,0.9995825111565428,0.00041748884345715886,5.2425,311.2745765019208,8.0
H,terminal_value_shifted,188,-0.05656854249492,0.04525483399594,0.03394112549695,0.07999999999999603,0.08,13,0.013333333333333336,0.011547005383792518,0.9980110697570971,0.00198893024290292,5.2425,311.2745765019208,8.0
H,terminal_value_shifted,189,-0.05656854249492,0.05656854249492,0.0,0.07999999999999463,0.08,13,0.013333333333333336,0.011547005383792518,0.9990551268489715,0.0009448731510285358,5.2425,311.2745765019208,8.0
H,terminal_value_shifted,190,-0.05617975065414,-0.05617975065414,-0.00936329177569,0.0799999999999962,0.08,13,0.013333333333333336,0.011547005383792518,0.9986596899637652,0.0013403100362348042,5.2425,311.2745765019208,8.0
H,terminal_value_shifted,191,-0.05617975065414,-0.05617975065414,0.00936329177569,0.0799999999999962,0.08,13,0.013333333333333336,0.011547005383792518,0.9983140789536799,0.001685921046320149,5.2425,311.2745765019208,8.0
H,terminal_value_shifted,192,-0.05617975065414,-0.00936329177569,-0.05617975065414,0.0799999999999962,0.08,13,0.013333333333333336,0.011547005383792518,0.9992104855631919,0.0007895144368080809,5.2425,311.2745765019208,8.0
H,terminal_value_shifted,193,-0.05617975065414,-0.00936329177569,0.05617975065414,0.0799999999999962,0.08,13,0.013333333333333336,0.011547005383792518,0.9969794758700123,0.003020524129987656,5.2425,311.2745765019208,8.0
H,terminal_value_shifted,194,-0.05617975065414,0.00936329177569,-0.05617975065414,0.0799999999999962,0.08,13,0.013333333333333336,0.011547005383792518,0.9993803972880632,0.0006196027119368397,5.2425,311.2745765019208,8.0
H,terminal_value_shifted,195,-0.05617975065414,0.00936329177569,0.05617975065414,0.0799999999999962,0.08,13,0.013333333333333336,0.011547005383792518,0.9970405318790004,0.0029594681209995644,5.2425,311.2745765019208,8.0
H,terminal_value_shifted,196,-0.05617975065414,0.05617975065414,-0.00936329177569,0.0799999999999962,0.08,13,0.013333333333333336,0.011547005383792518,0.9992576051933331,0.000742394806666935,5.2425,311.2745765019208,8.0
H,terminal_value_shifted,197,-0.05617975065414,0.05617975065414,0.00936329177569,0.0799999999999962,0.08,13,0.013333333333333336,0.011547005383792518,0.9988102510668587,0.001189748933141277,5.2425,311.2745765019208,8.0
H,terminal_value_shifted,198,-0.05601120336112,-0.05601120336112,-0.01120224067222,0.07999999999999888,0.08,13,0.013333333333333336,0.011547005383792518,0.9986876442502002,0.0013123557497998206,5.2425,311.2745765019208,8.0
H,terminal_value_shifted,199,-0.05601120336112,-0.05601120336112,0.01120224067222,0.07999999999999888,0.08,13,0.013333333333333336,0.011547005383792518,0.9982744417304037,0.0017255582695963056,5.2425,311.2745765019208,8.0
H,terminal_value_shifted,200,-0.05601120336112,-0.01120224067222,-0.05601120336112,0.07999999999999888,0.08,13,0.013333333333333336,0.011547005383792518,0.9991936858738447,0.0008063141261552831,5.2425,311.2745765019208,8.0
H,terminal_value_shifted,201,-0.05601120336112,-0.01120224067222,0.05601120336112,0.07999999999999888,0.08,13,0.013333333333333336,0.011547005383792518,0.9969805550232564,0.003019444976743557,5.2425,311.2745765019208,8.0
H,terminal_value_shifted,202,-0.05601120336112,0.01120224067222,-0.05601120336112,0.07999999999999888,0.08,13,0.013333333333333336,0.011547005383792518,0.9993958090534585,0.0006041909465415163,5.2425,311.2745765019208,8.0
H,terminal_value_shifted,203,-0.05601120336112,0.01120224067222,0.05601120336112,0.07999999999999888,0.08,13,0.013333333333333336,0.011547005383792518,0.9970529390331153,0.0029470609668846848,5.2425,311.2745765019208,8.0
H,terminal_value_shifted,204,-0.05601120336112,0.05601120336112,-0.01120224067222,0.07999999999999888,0.08,13,0.013333333333333336,0.011547005383792518,0.9992920789791022,0.0007079210208977837,5.2425,311.2745765019208,8.0
H,terminal_value_shifted,205,-0.05601120336112,0.05601120336112,0.01120224067222,0.07999999999999888,0.08,13,0.013333333333333336,0.011547005383792518,0.9987574619126253,0.0012425380873747338,5.2425,311.2745765019208,8.0
H,terminal_value_shifted,206,-0.05505977612893,-0.05505977612893,-0.01835325870964,0.07999999999999223,0.08,13,0.013333333333333336,0.011547005383792518,0.9987853784917265,0.0012146215082734502,5.2425,311.2745765019208,8.0
H,terminal_value_shifted,207,-0.05505977612893,-0.05505977612893,0.01835325870964,0.07999999999999223,0.08,13,0.013333333333333336,0.011547005383792518,0.9981110429922796,0.0018889570077204043,5.2425,311.2745765019208,8.0
H,terminal_value_shifted,208,-0.05505977612893,-0.01835325870964,-0.05505977612893,0.07999999999999223,0.08,13,0.013333333333333336,0.011547005383792518,0.9991307118921139,0.0008692881078861125,5.2425,311.2745765019208,8.0
H,terminal_value_shifted,209,-0.05505977612893,-0.01835325870964,0.05505977612893,0.07999999999999223,0.08,13,0.013333333333333336,0.011547005383792518,0.9969986412273235,0.003001358772676488,5.2425,311.2745765019208,8.0
H,terminal_value_shifted,210,-0.05505977612893,0.01835325870964,-0.05505977612893,0.07999999999999223,0.08,13,0.013333333333333336,0.011547005383792518,0.9994512669918375,0.0005487330081624942,5.2425,311.2745765019208,8.0
H,terminal_value_shifted,211,-0.05505977612893,0.01835325870964,0.05505977612893,0.07999999999999223,0.08,13,0.013333333333333336,0.011547005383792518,0.9971111849275782,0.00288881507242178,5.2425,311.2745765019208,8.0
H,terminal_value_shifted,212,-0.05505977612893,0.05505977612893,-0.01835325870964,0.07999999999999223,0.08,13,0.013333333333333336,0.011547005383792518,0.999408632395769,0.0005913676042309524,5.2425,311.2745765019208,8.0
H,terminal_value_shifted,213,-0.05505977612893,0.05505977612893,0.01835325870964,0.07999999999999223,0.08,13,0.013333333333333336,0.011547005383792518,0.9985382607639341,0.001461739236065851,5.2425,311.2745765019208,8.0
H,terminal_value_shifted,214,-0.05470107670063,-0.04558423058386,-0.03646738446708,0.08000000000000344,0.08,13,0.013333333333333336,0.011547005383792518,0.9989546254527534,0.0010453745472466247,5.2425,311.2745765019208,8.0
H,terminal_value_shifted,215,-0.05470107670063,-0.04558423058386,0.03646738446708,0.08000000000000344,0.08,13,0.013333333333333336,0.011547005383792518,0.9976060350355027,0.002393964964497286,5.2425,311.2745765019208,8.0
H,terminal_value_shifted,216,-0.05470107670063,-0.03646738446708,-0.04558423058386,0.08000000000000344,0.08,13,0.013333333333333336,0.011547005383792518,0.9990186885365846,0.0009813114634154019,5.2425,311.2745765019208,8.0
H,terminal_value_shifted,217,-0.05470107670063,-0.03646738446708,0.04558423058386,0.08000000000000344,0.08,13,0.013333333333333336,0.011547005383792518,0.9973131488892821,0.0026868511107178694,5.2425,311.2745765019208,8.0
H,terminal_value_shifted,218,-0.05470107670063,0.03646738446708,-0.04558423058386,0.08000000000000344,0.08,13,0.013333333333333336,0.011547005383792518,0.9995824391574258,0.0004175608425741606,5.2425,311.2745765019208,8.0
H,terminal_value_shifted,219,-0.05470107670063,0.03646738446708,0.04558423058386,0.08000000000000344,0.08,13,0.013333333333333336,0.011547005383792518,0.9975419407945263,0.002458059205473706,5.2425,311.2745765019208,8.0
H,terminal_value_shifted,220,-0.05470107670063,0.04558423058386,-0.03646738446708,0.08000000000000344,0.08,13,0.013333333333333336,0.011547005383792518,0.9995862009348087,0.0004137990651913448,5.2425,311.2745765019208,8.0
H,terminal_value_shifted,221,-0.05470107670063,0.04558423058386,0.03646738446708,0.08000000000000344,0.08,13,0.013333333333333336,0.011547005383792518,0.9979081168369028,0.0020918831630971635,5.2425,311.2745765019208,8.0
H,terminal_value_shifted,222,-0.05443310539518,-0.05443310539518,-0.02177324215807,0.0799999999999969,0.08,13,0.013333333333333336,0.011547005383792518,0.998825694719419,0.001174305280581045,5.2425,311.2745765019208,8.0
H,terminal_value_shifted,223,-0.05443310539518,-0.05443310539518,0.02177324215807,0.0799999999999969,0.08,13,0.013333333333333336,0.011547005383792518,0.9980277499287666,0.0019722500712333613,5.2425,311.2745765019208,8.0
H,terminal_value_shifted,224,-0.05443310539518,-0.02177324215807,-0.05443310539518,0.0799999999999969,0.08,13,0.013333333333333336,0.011547005383792518,0.9991025836478322,0.0008974163521677792,5.2425,311.2745765019208,8.0
H,terminal_value_shifted,225,-0.05443310539518,-0.02177324215807,0.05443310539518,0.0799999999999969,0.08,13,0.013333333333333336,0.011547005383792518,0.9970156982645185,0.002984301735481476,5.2425,311.2745765019208,8.0
H,terminal_value_shifted,226,-0.05443310539518,0.02177324215807,-0.05443310539518,0.0799999999999969,0.08,13,0.013333333333333336,0.011547005383792518,0.9994747303687344,0.0005252696312656457,5.2425,311.2745765019208,8.0
H,terminal_value_shifted,227,-0.05443310539518,0.02177324215807,0.05443310539518,0.0799999999999969,0.08,13,0.013333333333333336,0.011547005383792518,0.9971445850030706,0.0028554149969294285,5.2425,311.2745765019208,8.0
H,terminal_value_shifted,228,-0.05443310539518,0.05443310539518,-0.02177324215807,0.0799999999999969,0.08,13,0.013333333333333336,0.011547005383792518,0.9994541125158983,0.0005458874841016703,5.2425,311.2745765019208,8.0
H,terminal_value_shifted,229,-0.05443310539518,0.05443310539518,0.02177324215807,0.0799999999999969,0.08,13,0.013333333333333336,0.011547005383792518,0.9984258652523632,0.0015741347476367906,5.2425,311.2745765019208,8.0
H,terminal_value_shifted,230,-0.05333333333333,-0.05333333333333,-0.02666666666667,0.07999999999999667,0.08,13,0.013333333333333336,0.011547005383792518,0.9988757438848955,0.0011242561151044717,5.2425,311.2745765019208,8.0
H,terminal_value_shifted,231,-0.05333333333333,-0.05333333333333,-0.01333333333333,0.07659416862050183,0.08,13,0.013333333333333336,0.011547005383792518,0.9987923033327145,0.001207696667285485,5.2425,311.2745765019208,8.0
H,terminal_value_shifted,232,-0.05333333333333,-0.05333333333333,0.0,0.07542472332656036,0.08,13,0.013333333333333336,0.011547005383792518,0.9986013654277573,0.0013986345722426519,5.2425,311.2745765019208,8.0
H,terminal_value_shifted,233,-0.05333333333333,-0.05333333333333,0.01333333333333,0.07659416862050183,0.08,13,0.013333333333333336,0.011547005383792518,0.9983044911972858,0.0016955088027141851,5.2425,311.2745765019208,8.0
H,terminal_value_shifted,234,-0.05333333333333,-0.05333333333333,0.02666666666667,0.07999999999999667,0.08,13,0.013333333333333336,0.011547005383792518,0.9979028349476967,0.0020971650523032848,5.2425,311.2745765019208,8.0
H,terminal_value_shifted,235,-0.05333333333333,-0.04,-0.04,0.07774602526460171,0.08,13,0.013333333333333336,0.011547005383792518,0.9990281862197885,0.0009718137802114946,5.2425,311.2745765019208,8.0
H,terminal_value_shifted,236,-0.05333333333333,-0.04,-0.02666666666667,0.07180219742845882,0.08,13,0.013333333333333336,0.011547005383792518,0.9990506916040062,0.0009493083959938309,5.2425,311.2745765019208,8.0
H,terminal_value_shifted,237,-0.05333333333333,-0.04,-0.01333333333333,0.06798692684790053,0.08,13,0.013333333333333336,0.011547005383792518,0.9989636402092846,0.0010363597907153688,5.2425,311.2745765019208,8.0
H,terminal_value_shifted,238,-0.05333333333333,-0.04,0.0,0.066666666666664,0.08,13,0.013333333333333336,0.011547005383792518,0.9987686602437114,0.0012313397562886408,5.2425,311.2745765019208,8.0
H,terminal_value_shifted,239,-0.05333333333333,-0.04,0.01333333333333,0.06798692684790053,0.08,13,0.013333333333333336,0.011547005383792518,0.998466988666221,0.001533011333779033,5.2425,311.2745765019208,8.0
H,terminal_value_shifted,240,-0.05333333333333,-0.04,0.02666666666667,0.07180219742845882,0.08,13,0.013333333333333336,0.011547005383792518,0.9980594761112349,0.0019405238887650889,5.2425,311.2745765019208,8.0
H,terminal_value_shifted,241,-0.05333333333333,-0.04,0.04,0.07774602526460171,0.08,13,0.013333333333333336,0.011547005383792518,0.9975465946779334,0.002453405322066615,5.2425,311.2745765019208,8.0
H,terminal_value_shifted,242,-0.05333333333333,-0.02666666666667,-0.05333333333333,0.07999999999999667,0.08,13,0.013333333333333336,0.011547005383792518,0.9990655206867408,0.0009344793132591844,5.2425,311.2745765019208,8.0
H,terminal_value_shifted,243,-0.05333333333333,-0.02666666666667,-0.04,0.07180219742845882,0.08,13,0.013333333333333336,0.011547005383792518,0.9991947444178254,0.000805255582174591,5.2425,311.2745765019208,8.0
H,terminal_value_shifted,244,-0.05333333333333,-0.02666666666667,-0.02666666666667,0.06531972647421809,0.08,13,0.013333333333333336,0.011547005383792518,0.9992126983810519,0.000787301618948133,5.2425,311.2745765019208,8.0
H,terminal_value_shifted,245,-0.05333333333333,-0.02666666666667,-0.01333333333333,0.06110100926607569,0.08,13,0.013333333333333336,0.011547005383792518,0.9991210377888553,0.000878962211144696,5.2425,311.2745765019208,8.0
H,terminal_value_shifted,246,-0.05333333333333,-0.02666666666667,0.0,0.059628479399992905,0.08,13,0.013333333333333336,0.011547005383792518,0.99892104487216,0.0010789551278399534,5.2425,311.2745765019208,8.0
H,terminal_value_shifted,247,-0.05333333333333,-0.02666666666667,0.01333333333333,0.06110100926607569,0.08,13,0.013333333333333336,0.011547005383792518,0.998613630460996,0.001386369539003951,5.2425,311.2745765019208,8.0
H,terminal_value_shifted,248,-0.05333333333333,-0.02666666666667,0.02666666666667,0.06531972647421809,0.08,13,0.013333333333333336,0.011547005383792518,0.9981993384920229,0.001800661507977086,5.2425,311.2745765019208,8.0
H,terminal_value_shifted,249,-0.05333333333333,-0.02666666666667,0.04,0.07180219742845882,0.08,13,0.013333333333333336,0.011547005383792518,0.9976783534037396,0.0023216465962604405,5.2425,311.2745765019208,8.0
H,terminal_value_shifted,250,-0.05333333333333,-0.02666666666667,0.05333333333333,0.07999999999999667,0.08,13,0.013333333333333336,0.011547005383792518,0.9970505104062195,0.0029494895937804966,5.2425,311.2745765019208,8.0
H,terminal_value_shifted,251,-0.05333333333333,-0.01333333333333,-0.05333333333333,0.07659416862050183,0.08,13,0.013333333333333336,0.011547005383792518,0.9992192340354965,0.0007807659645034937,5.2425,311.2745765019208,8.0
H,terminal_value_shifted,252,-0.05333333333333,-0.01333333333333,-0.04,0.06798692684790053,0.08,13,0.013333333333333336,0.011547005383792518,0.9993423950460761,0.0006576049539238626,5.2425,311.2745765019208,8.0
H,terminal_value_shifted,253,-0.05333333333333,-0.01333333333333,-0.02666666666667,0.06110100926607569,0.08,13,0.013333333333333336,0.011547005383792518,0.9993546407228595,0.0006453592771404892,5.2425,311.2745765019208,8.0
H,terminal_value_shifted,254,-0.05333333333333,-0.01333333333333,-0.01333333333333,0.05656854249491909,0.08,13,0.013333333333333336,0.011547005383792518,0.9992572595125706,0.0007427404874293941,5.2425,311.2745765019208,8.0
H,terminal_value_shifted,255,-0.05333333333333,-0.01333333333333,0.0,0.0549747416748981,0.08,13,0.013333333333333336,0.011547005383792518,0.9990511858828859,0.0009488141171141162,5.2425,311.2745765019208,8.0
H,terminal_value_shifted,256,-0.05333333333333,-0.01333333333333,0.01333333333333,0.05656854249491909,0.08,13,0.013333333333333336,0.011547005383792518,0.9987370016654156,0.001262998334584431,5.2425,311.2745765019208,8.0
H,terminal_value_shifted,257,-0.05333333333333,-0.01333333333333,0.02666666666667,0.06110100926607569,0.08,13,0.013333333333333336,0.011547005383792518,0.9983149403287304,0.0016850596712696397,5.2425,311.2745765019208,8.0
H,terminal_value_shifted,258,-0.05333333333333,-0.01333333333333,0.04,0.06798692684790053,0.08,13,0.013333333333333336,0.011547005383792518,0.997784894163584,0.0022151058364160425,5.2425,311.2745765019208,8.0
H,terminal_value_shifted,259,-0.05333333333333,-0.01333333333333,0.05333333333333,0.07659416862050183,0.08,13,0.013333333333333336,0.011547005383792518,0.997146424386305,0.0028535756136950363,5.2425,311.2745765019208,8.0
H,terminal_value_shifted,260,-0.05333333333333,0.0,-0.05333333333333,0.07542472332656036,0.08,13,0.013333333333333336,0.011547005383792518,0.9993482694370057,0.0006517305629942793,5.2425,311.2745765019208,8.0
H,terminal_value_shifted,261,-0.05333333333333,0.0,-0.04,0.066666666666664,0.08,13,0.013333333333333336,0.011547005383792518,0.9994640093169282,0.000535990683071752,5.2425,311.2745765019208,8.0
H,terminal_value_shifted,262,-0.05333333333333,0.0,-0.02666666666667,0.059628479399992905,0.08,13,0.013333333333333336,0.011547005383792518,0.9994692509491259,0.0005307490508741353,5.2425,311.2745765019208,8.0
H,terminal_value_shifted,263,-0.05333333333333,0.0,-0.01333333333333,0.0549747416748981,0.08,13,0.013333333333333336,0.011547005383792518,0.9993649147202228,0.0006350852797771811,5.2425,311.2745765019208,8.0
H,terminal_value_shifted,264,-0.05333333333333,0.0,0.0,0.05333333333333,0.08,13,0.013333333333333336,0.011547005383792518,0.9991515848351499,0.0008484151648501248,5.2425,311.2745765019208,8.0
H,terminal_value_shifted,265,-0.05333333333333,0.0,0.01333333333333,0.0549747416748981,0.08,13,0.013333333333333336,0.011547005383792518,0.9988295106057953,0.0011704893942047212,5.2425,311.2745765019208,8.0
H,terminal_value_shifted,266,-0.05333333333333,0.0,0.02666666666667,0.059628479399992905,0.08,13,0.013333333333333336,0.011547005383792518,0.9983986106751961,0.0016013893248039146,5.2425,311.2745765019208,8.0
H,terminal_value_shifted,267,-0.05333333333333,0.0,0.04,0.066666666666664,0.08,13,0.013333333333333336,0.011547005383792518,0.9978584801792387,0.002141519820761273,5.2425,311.2745765019208,8.0
H,terminal_value_shifted,268,-0.05333333333333,0.0,0.05333333333333,0.07542472332656036,0.08,13,0.013333333333333336,0.011547005383792518,0.9972084008693629,0.00279159913063709,5.2425,311.2745765019208,8.0
H,terminal_value_shifted,269,-0.05333333333333,0.01333333333333,-0.05333333333333,0.07659416862050183,0.08,13,0.013333333333333336,0.011547005383792518,0.9994455865915779,0.0005544134084221053,5.2425,311.2745765019208,8.0
H,terminal_value_shifted,270,-0.05333333333333,0.01333333333333,-0.04,0.06798692684790053,0.08,13,0.013333333333333336,0.011547005383792518,0.9995523835815714,0.0004476164184286091,5.2425,311.2745765019208,8.0
H,terminal_value_shifted,271,-0.05333333333333,0.01333333333333,-0.02666666666667,0.06110100926607569,0.08,13,0.013333333333333336,0.011547005383792518,0.9995491773804327,0.00045082261956730374,5.2425,311.2745765019208,8.0
H,terminal_value_shifted,272,-0.05333333333333,0.01333333333333,-0.01333333333333,0.05656854249491909,0.08,13,0.013333333333333336,0.011547005383792518,0.9994365184182299,0.0005634815817701089,5.2425,311.2745765019208,8.0
H,terminal_value_shifted,273,-0.05333333333333,0.01333333333333,0.0,0.0549747416748981,0.08,13,0.013333333333333336,0.011547005383792518,0.9992146375947601,0.0007853624052398533,5.2425,311.2745765019208,8.0
H,terminal_value_shifted,274,-0.05333333333333,0.01333333333333,0.01333333333333,0.05656854249491909,0.08,13,0.013333333333333336,0.011547005383792518,0.9988834476997502,0.0011165523002497624,5.2425,311.2745765019208,8.0
H,terminal_value_shifted,275,-0.05333333333333,0.01333333333333,0.02666666666667,0.06110100926607569,0.08,13,0.013333333333333336,0.011547005383792518,0.9984425477758724,0.00155745222412762,5.2425,311.2745765019208,8.0
H,terminal_value_shifted,276,-0.05333333333333,0.01333333333333,0.04,0.06798692684790053,0.08,13,0.013333333333333336,0.011547005383792518,0.9978912304447011,0.0021087695552989283,5.2425,311.2745765019208,8.0
H,terminal_value_shifted,277,-0.05333333333333,0.01333333333333,0.05333333333333,0.07659416862050183,0.08,13,0.013333333333333336,0.011547005383792518,0.9972284922350485,0.0027715077649514974,5.2425,311.2745765019208,8.0
H,terminal_value_shifted,278,-0.05333333333333,0.02666666666667,-0.05333333333333,0.07999999999999667,0.08,13,0.013333333333333336,0.011547005383792518,0.9995041259640742,0.0004958740359257696,5.2425,311.2745765019208,8.0
H,terminal_value_shifted,279,-0.05333333333333,0.02666666666667,-0.04,0.07180219742845882,0.08,13,0.013333333333333336,0.011547005383792518,0.9996002872493823,0.00039971275061767564,5.2425,311.2745765019208,8.0
H,terminal_value_shifted,280,-0.05333333333333,0.02666666666667,-0.02666666666667,0.06531972647421809,0.08,13,0.013333333333333336,0.011547005383792518,0.9995870322883885,0.00041296771161147827,5.2425,311.2745765019208,8.0
H,terminal_value_shifted,281,-0.05333333333333,0.02666666666667,-0.01333333333333,0.06110100926607569,0.08,13,0.013333333333333336,0.011547005383792518,0.9994645392377434,0.0005354607622566343,5.2425,311.2745765019208,8.0
H,terminal_value_shifted,282,-0.05333333333333,0.02666666666667,0.0,0.059628479399992905,0.08,13,0.013333333333333336,0.011547005383792518,0.9992326822886693,0.0007673177113306506,5.2425,311.2745765019208,8.0
H,terminal_value_shifted,283,-0.05333333333333,0.02666666666667,0.01333333333333,0.06110100926607569,0.08,13,0.013333333333333336,0.011547005383792518,0.9988910334060899,0.0011089665939101323,5.2425,311.2745765019208,8.0
H,terminal_value_shifted,284,-0.05333333333333,0.02666666666667,0.02666666666667,0.06531972647421809,0.08,13,0.013333333333333336,0.011547005383792518,0.9984388670189798,0.0015611329810202301,5.2425,311.2745765019208,8.0
H,terminal_value_shifted,285,-0.05333333333333,0.02666666666667,0.04,0.07180219742845882,0.08,13,0.013333333333333336,0.011547005383792518,0.9978751676986078,0.0021248323013921544,5.2425,311.2745765019208,8.0
H,terminal_value_shifted,286,-0.05333333333333,0.02666666666667,0.05333333333333,0.07999999999999667,0.08,13,0.013333333333333336,0.011547005383792518,0.9971986408784511,0.0028013591215488853,5.2425,311.2745765019208,8.0
H,terminal_value_shifted,287,-0.05333333333333,0.04,-0.04,0.07774602526460171,0.08,13,0.013333333333333336,0.011547005383792518,0.9996004972346688,0.00039950276533118334,5.2425,311.2745765019208,8.0
H,terminal_value_shifted,288,-0.05333333333333,0.04,-0.02666666666667,0.07180219742845882,0.08,13,0.013333333333333336,0.011547005383792518,0.9995754268465069,0.00042457315349309077,5.2425,311.2745765019208,8.0
H,terminal_value_shifted,289,-0.05333333333333,0.04,-0.01333333333333,0.06798692684790053,0.08,13,0.013333333333333336,0.011547005383792518,0.999441434886229,0.000558565113770948,5.2425,311.2745765019208,8.0
H,terminal_value_shifted,290,-0.05333333333333,0.04,0.0,0.066666666666664,0.08,13,0.013333333333333336,0.011547005383792518,0.9991980352618208,0.0008019647381791728,5.2425,311.2745765019208,8.0
H,terminal_value_shifted,291,-0.05333333333333,0.04,0.01333333333333,0.06798692684790053,0.08,13,0.013333333333333336,0.011547005383792518,0.9988444546984578,0.0011555453015421602,5.2425,311.2745765019208,8.0
H,terminal_value_shifted,292,-0.05333333333333,0.04,0.02666666666667,0.07180219742845882,0.08,13,0.013333333333333336,0.011547005383792518,0.9983796379444594,0.001620362055540614,5.2425,311.2745765019208,8.0
H,terminal_value_shifted,293,-0.05333333333333,0.04,0.04,0.07774602526460171,0.08,13,0.013333333333333336,0.011547005383792518,0.997802255989002,0.0021977440109980373,5.2425,311.2745765019208,8.0
H,terminal_value_shifted,294,-0.05333333333333,0.05333333333333,-0.02666666666667,0.07999999999999667,0.08,13,0.013333333333333336,0.011547005383792518,0.9995069927023382,0.0004930072976617739,5.2425,311.2745765019208,8.0
H,terminal_value_shifted,295,-0.05333333333333,0.05333333333333,-0.01333333333333,0.07659416862050183,0.08,13,0.013333333333333336,0.011547005383792518,0.9993596747627147,0.0006403252372852997,5.2425,311.2745765019208,8.0
H,terminal_value_shifted,296,-0.05333333333333,0.05333333333333,0.0,0.07542472332656036,0.08,13,0.013333333333333336,0.011547005383792518,0.9991030147526856,0.000896985247314408,5.2425,311.2745765019208,8.0
H,terminal_value_shifted,297,-0.05333333333333,0.05333333333333,0.01333333333333,0.07659416862050183,0.08,13,0.013333333333333336,0.011547005383792518,0.9987358898220506,0.0012641101779493624,5.2425,311.2745765019208,8.0
H,terminal_value_shifted,298,-0.05333333333333,0.05333333333333,0.02666666666667,0.07999999999999667,0.08,13,0.013333333333333336,0.011547005383792518,0.9982569101055748,0.001743089894425176,5.2425,311.2745765019208,8.0
H,terminal_value_shifted,299,-0.0529812942826,-0.04238503542608,-0.04238503542608,0.07999999999999735,0.08,13,0.013333333333333336,0.011547005383792518,0.9989849646986029,0.001015035301397127,5.2425,311.2745765019208,8.0
H,terminal_value_shifted,300,-0.0529812942826,-0.04238503542608,0.04238503542608,0.07999999999999735,0.08,13,0.013333333333333336,0.011547005383792518,0.9974246592955609,0.0025753407044390997,5.2425,311.2745765019208,8.0
H,terminal_value_shifted,301,-0.0529812942826,0.04238503542608,-0.04238503542608,0.07999999999999735,0.08,13,0.013333333333333336,0.011547005383792518,0.9995884298515034,0.00041157014849657614,5.2425,311.2745765019208,8.0
H,terminal_value_shifted,302,-0.0529812942826,0.04238503542608,0.04238503542608,0.07999999999999735,0.08,13,0.013333333333333336,0.011547005383792518,0.9976697114677199,0.0023302885322801226,5.2425,311.2745765019208,8.0
H,terminal_value_shifted,303,-0.05207556439233,-0.05207556439233,-0.0312453386354,0.08000000000000147,0.08,13,0.013333333333333336,0.011547005383792518,0.9989140194941092,0.0010859805058908156,5.2425,311.2745765019208,8.0
H,terminal_value_shifted,304,-0.05207556439233,-0.05207556439233,0.0312453386354,0.08000000000000147,0.08,13,0.013333333333333336,0.011547005383792518,0.9977798584343315,0.002220141565668521,5.2425,311.2745765019208,8.0
H,terminal_value_shifted,305,-0.05207556439233,-0.0312453386354,-0.05207556439233,0.08000000000000147,0.08,13,0.013333333333333336,0.011547005383792518,0.9990350849773109,0.000964915022689139,5.2425,311.2745765019208,8.0
H,terminal_value_shifted,306,-0.05207556439233,-0.0312453386354,0.05207556439233,0.08000000000000147,0.08,13,0.013333333333333336,0.011547005383792518,0.9970951460909866,0.002904853909013405,5.2425,311.2745765019208,8.0
H,terminal_value_shifted,307,-0.05207556439233,0.0312453386354,-0.05207556439233,0.08000000000000147,0.08,13,0.013333333333333336,0.011547005383792518,0.999526553250249,0.0004734467497510275,5.2425,311.2745765019208,8.0
H,terminal_value_shifted,308,-0.05207556439233,0.0312453386354,0.05207556439233,0.08000000000000147,0.08,13,0.013333333333333336,0.011547005383792518,0.9972560911722609,0.0027439088277391166,5.2425,311.2745765019208,8.0
H,terminal_value_shifted,309,-0.05207556439233,0.05207556439233,-0.0312453386354,0.08000000000000147,0.08,13,0.013333333333333336,0.011547005383792518,0.9995428227571346,0.00045717724286542527,5.2425,311.2745765019208,8.0
H,terminal_value_shifted,310,-0.05207556439233,0.05207556439233,0.0312453386354,0.08000000000000147,0.08,13,0.013333333333333336,0.011547005383792518,0.998090490336323,0.0019095096636769782,5.2425,311.2745765019208,8.0
H,terminal_value_shifted,311,-0.05175973113765,-0.04313310928138,-0.04313310928138,0.0800000000000047,0.08,13,0.013333333333333336,0.011547005383792518,0.9989827747806101,0.0010172252193898501,5.2425,311.2745765019208,8.0
H,terminal_value_shifted,312,-0.05175973113765,-0.04313310928138,0.04313310928138,0.0800000000000047,0.08,13,0.013333333333333336,0.011547005383792518,0.9974056860951188,0.0025943139048811847,5.2425,311.2745765019208,8.0
H,terminal_value_shifted,313,-0.05175973113765,0.04313310928138,-0.04313310928138,0.0800000000000047,0.08,13,0.013333333333333336,0.011547005383792518,0.9995837025871439,0.00041629741285609256,5.2425,311.2745765019208,8.0
H,terminal_value_shifted,314,-0.05175973113765,0.04313310928138,0.04313310928138,0.0800000000000047,0.08,13,0.013333333333333336,0.011547005383792518,0.9976358375208851,0.002364162479114862,5.2425,311.2745765019208,8.0
H,terminal_value_shifted,315,-0.05121475197316,-0.06145770236779,0.0,0.08000000000000099,0.08,13,0.013333333333333336,0.011547005383792518,0.9985349099678765,0.0014650900321234728,5.2425,311.2745765019208,8.0
H,terminal_value_shifted,316,-0.05121475197316,0.0,-0.06145770236779,0.08000000000000099,0.08,13,0.013333333333333336,0.011547005383792518,0.9992256523752953,0.0007743476247047409,5.2425,311.2745765019208,8.0
H,terminal_value_shifted,317,-0.05121475197316,0.0,0.06145770236779,0.08000000000000099,0.08,13,0.013333333333333336,0.011547005383792518,0.9967840346987251,0.0032159653012748812,5.2425,311.2745765019208,8.0
H,terminal_value_shifted,318,-0.05121475197316,0.06145770236779,0.0,0.08000000000000099,0.08,13,0.013333333333333336,0.011547005383792518,0.999022519879191,0.0009774801208090045,5.2425,311.2745765019208,8.0
H,terminal_value_shifted,319,-0.05116817192535,-0.05116817192535,-0.0341121146169,0.08000000000000547,0.08,13,0.013333333333333336,0.011547005383792518,0.9989335593410854,0.0010664406589145914,5.2425,311.2745765019208,8.0
H,terminal_value_shifted,320,-0.05116817192535,-0.05116817192535,0.0341121146169,0.08000000000000547,0.08,13,0.013333333333333336,0.011547005383792518,0.9976998598551949,0.002300140144805063,5.2425,311.2745765019208,8.0
H,terminal_value_shifted,321,-0.05116817192535,-0.0341121146169,-0.05116817192535,0.08000000000000547,0.08,13,0.013333333333333336,0.011547005383792518,0.999018518289519,0.0009814817104809581,5.2425,311.2745765019208,8.0
H,terminal_value_shifted,322,-0.05116817192535,-0.0341121146169,0.05116817192535,0.08000000000000547,0.08,13,0.013333333333333336,0.011547005383792518,0.9971295419110938,0.0028704580889061804,5.2425,311.2745765019208,8.0
H,terminal_value_shifted,323,-0.05116817192535,0.0341121146169,-0.05116817192535,0.08000000000000547,0.08,13,0.013333333333333336,0.011547005383792518,0.9995378101003408,0.0004621898996591822,5.2425,311.2745765019208,8.0
H,terminal_value_shifted,324,-0.05116817192535,0.0341121146169,0.05116817192535,0.08000000000000547,0.08,13,0.013333333333333336,0.011547005383792518,0.9972956081435636,0.00270439185643645,5.2425,311.2745765019208,8.0
H,terminal_value_shifted,325,-0.05116817192535,0.05116817192535,-0.0341121146169,0.08000000000000547,0.08,13,0.013333333333333336,0.011547005383792518,0.9995582007456303,0.00044179925436971246,5.2425,311.2745765019208,8.0
H,terminal_value_shifted,326,-0.05116817192535,0.05116817192535,0.0341121146169,0.08000000000000547,0.08,13,0.013333333333333336,0.011547005383792518,0.9979823616757894,0.0020176383242106466,5.2425,311.2745765019208,8.0
H,terminal_value_shifted,327,-0.05080005080008,-0.06096006096009,-0.01016001016002,0.08000000000000192,0.08,13,0.013333333333333336,0.011547005383792518,0.9987005673621072,0.0012994326378927834,5.2425,311.2745765019208,8.0
H,terminal_value_shifted,328,-0.05080005080008,-0.06096006096009,0.01016001016002,0.08000000000000192,0.08,13,0.013333333333333336,0.011547005383792518,0.9983357808800998,0.0016642191199002232,5.2425,311.2745765019208,8.0
H,terminal_value_shifted,329,-0.05080005080008,-0.01016001016002,-0.06096006096009,0.08000000000000192,0.08,13,0.013333333333333336,0.011547005383792518,0.9991395660674454,0.0008604339325546384,5.2425,311.2745765019208,8.0
H,terminal_value_shifted,330,-0.05080005080008,-0.01016001016002,0.06096006096009,0.08000000000000192,0.08,13,0.013333333333333336,0.011547005383792518,0.9967828862301789,0.003217113769821145,5.2425,311.2745765019208,8.0
H,terminal_value_shifted,331,-0.05080005080008,0.01016001016002,-0.06096006096009,0.08000000000000192,0.08,13,0.013333333333333336,0.011547005383792518,0.9993134657093478,0.0006865342906522409,5.2425,311.2745765019208,8.0
H,terminal_value_shifted,332,-0.05080005080008,0.01016001016002,0.06096006096009,0.08000000000000192,0.08,13,0.013333333333333336,0.011547005383792518,0.9968285823618356,0.00317141763816442,5.2425,311.2745765019208,8.0
H,terminal_value_shifted,333,-0.05080005080008,0.06096006096009,-0.01016001016002,0.08000000000000192,0.08,13,0.013333333333333336,0.011547005383792518,0.999240252652791,0.0007597473472089611,5.2425,311.2745765019208,8.0
H,terminal_value_shifted,334,-0.05080005080008,0.06096006096009,0.01016001016002,0.08000000000000192,0.08,13,0.013333333333333336,0.011547005383792518,0.99875702684305,0.0012429731569499891,5.2425,311.2745765019208,8.0
H,terminal_value_shifted,335,-0.04997560380435,-0.06246950475544,0.0,0.07999999999999564,0.08,13,0.013333333333333336,0.011547005383792518,0.9985451242401708,0.0014548757598291662,5.2425,311.2745765019208,8.0
H,terminal_value_shifted,336,-0.04997560380435,-0.04997560380435,-0.03748170285327,0.0799999999999972,0.08,13,0.013333333333333336,0.011547005383792518,0.9989519653275806,0.001048034672419429,5.2425,311.2745765019208,8.0
H,terminal_value_shifted,337,-0.04997560380435,-0.04997560380435,0.03748170285327,0.0799999999999972,0.08,13,0.013333333333333336,0.011547005383792518,0.9976028672540039,0.0023971327459960667,5.2425,311.2745765019208,8.0
H,terminal_value_shifted,338,-0.04997560380435,-0.03748170285327,-0.04997560380435,0.0799999999999972,0.08,13,0.013333333333333336,0.011547005383792518,0.9990018426812017,0.000998157318798265,5.2425,311.2745765019208,8.0
H,terminal_value_shifted,339,-0.04997560380435,-0.03748170285327,0.04997560380435,0.0799999999999972,0.08,13,0.013333333333333336,0.011547005383792518,0.9971768184518107,0.0028231815481892797,5.2425,311.2745765019208,8.0
H,terminal_value_shifted,340,-0.04997560380435,0.0,-0.06246950475544,0.07999999999999564,0.08,13,0.013333333333333336,0.011547005383792518,0.9992081429183093,0.0007918570816907167,5.2425,311.2745765019208,8.0
H,terminal_value_shifted,341,-0.04997560380435,0.0,0.06246950475544,0.07999999999999564,0.08,13,0.013333333333333336,0.011547005383792518,0.9967403310851826,0.0032596689148174374,5.2425,311.2745765019208,8.0
H,terminal_value_shifted,342,-0.04997560380435,0.03748170285327,-0.04997560380435,0.0799999999999972,0.08,13,0.013333333333333336,0.011547005383792518,0.9995480563879198,0.00045194361208023004,5.2425,311.2745765019208,8.0
H,terminal_value_shifted,343,-0.04997560380435,0.03748170285327,0.04997560380435,0.0799999999999972,0.08,13,0.013333333333333336,0.011547005383792518,0.9973457669912885,0.002654233008711482,5.2425,311.2745765019208,8.0
H,terminal_value_shifted,344,-0.04997560380435,0.04997560380435,-0.03748170285327,0.0799999999999972,0.08,13,0.013333333333333336,0.011547005383792518,0.9995690034509721,0.0004309965490278955,5.2425,311.2745765019208,8.0
H,terminal_value_shifted,345,-0.04997560380435,0.04997560380435,0.03748170285327,0.0799999999999972,0.08,13,0.013333333333333336,0.011547005383792518,0.9978515578666796,0.0021484421333204384,5.2425,311.2745765019208,8.0
H,terminal_value_shifted,346,-0.04997560380435,0.06246950475544,0.0,0.07999999999999564,0.08,13,0.013333333333333336,0.011547005383792518,0.9990155957290469,0.000984404270953143,5.2425,311.2745765019208,8.0
H,terminal_value_shifted,347,-0.04961389383568,-0.05953667260282,-0.01984555753427,0.07999999999999703,0.08,13,0.013333333333333336,0.011547005383792518,0.9988251123622732,0.0011748876377267736,5.2425,311.2745765019208,8.0
H,terminal_value_shifted,348,-0.04961389383568,-0.05953667260282,0.01984555753427,0.07999999999999703,0.08,13,0.013333333333333336,0.011547005383792518,0.9981162861997133,0.0018837138002867349,5.2425,311.2745765019208,8.0
H,terminal_value_shifted,349,-0.04961389383568,-0.01984555753427,-0.05953667260282,0.07999999999999703,0.08,13,0.013333333333333336,0.011547005383792518,0.9990664966110155,0.000933503388984458,5.2425,311.2745765019208,8.0
H,terminal_value_shifted,350,-0.04961389383568,-0.01984555753427,0.05953667260282,0.07999999999999703,0.08,13,0.013333333333333336,0.011547005383792518,0.9968268445296604,0.0031731554703395837,5.2425,311.2745765019208,8.0
H,terminal_value_shifted,351,-0.04961389383568,0.01984555753427,-0.05953667260282,0.07999999999999703,0.08,13,0.013333333333333336,0.011547005383792518,0.9993916529093703,0.000608347090629735,5.2425,311.2745765019208,8.0
H,terminal_value_shifted,352,-0.04961389383568,0.01984555753427,0.05953667260282,0.07999999999999703,0.08,13,0.013333333333333336,0.011547005383792518,0.9969088206110399,0.003091179388960086,5.2425,311.2745765019208,8.0
H,terminal_value_shifted,353,-0.04961389383568,0.05953667260282,-0.01984555753427,0.07999999999999703,0.08,13,0.013333333333333336,0.011547005383792518,0.9993989181141454,0.0006010818858546152,5.2425,311.2745765019208,8.0
H,terminal_value_shifted,354,-0.04961389383568,0.05953667260282,0.01984555753427,0.07999999999999703,0.08,13,0.013333333333333336,0.011547005383792518,0.9984631204471548,0.001536879552845205,5.2425,311.2745765019208,8.0
H,terminal_value_shifted,355,-0.04937707198787,-0.06172133998484,-0.01234426799697,0.08000000000000328,0.08,13,0.013333333333333336,0.011547005383792518,0.998740094167836,0.0012599058321639545,5.2425,311.2745765019208,8.0
H,terminal_value_shifted,356,-0.04937707198787,-0.06172133998484,0.01234426799697,0.08000000000000328,0.08,13,0.013333333333333336,0.011547005383792518,0.9982999953914564,0.0017000046085435816,5.2425,311.2745765019208,8.0
H,terminal_value_shifted,357,-0.04937707198787,-0.01234426799697,-0.06172133998484,0.08000000000000326,0.08,13,0.013333333333333336,0.011547005383792518,0.9991068479246672,0.0008931520753328037,5.2425,311.2745765019208,8.0
H,terminal_value_shifted,358,-0.04937707198787,-0.01234426799697,0.06172133998484,0.08000000000000326,0.08,13,0.013333333333333336,0.011547005383792518,0.9967487784598734,0.003251221540126581,5.2425,311.2745765019208,8.0
H,terminal_value_shifted,359,-0.04937707198787,0.01234426799697,-0.06172133998484,0.08000000000000326,0.08,13,0.013333333333333336,0.011547005383792518,0.9993138973265078,0.0006861026734922282,5.2425,311.2745765019208,8.0
H,terminal_value_shifted,360,-0.04937707198787,0.01234426799697,0.06172133998484,0.08000000000000326,0.08,13,0.013333333333333336,0.011547005383792518,0.9967982064287719,0.003201793571228073,5.2425,311.2745765019208,8.0
H,terminal_value_shifted,361,-0.04937707198787,0.06172133998484,-0.01234426799697,0.08000000000000328,0.08,13,0.013333333333333336,0.011547005383792518,0.9992734462048727,0.000726553795127316,5.2425,311.2745765019208,8.0
H,terminal_value_shifted,362,-0.04937707198787,0.06172133998484,0.01234426799697,0.08000000000000328,0.08,13,0.013333333333333336,0.011547005383792518,0.9986878524472652,0.0013121475527347881,5.2425,311.2745765019208,8.0
H,terminal_value_shifted,363,-0.04923659639173,-0.04923659639173,-0.03938927711339,0.07999999999999793,0.08,13,0.013333333333333336,0.011547005383792518,0.9989601207044471,0.0010398792955529368,5.2425,311.2745765019208,8.0
H,terminal_value_shifted,364,-0.04923659639173,-0.04923659639173,0.03938927711339,0.07999999999999793,0.08,13,0.013333333333333336,0.011547005383792518,0.9975465342470988,0.002453465752901174,5.2425,311.2745765019208,8.0
H,terminal_value_shifted,365,-0.04923659639173,-0.03938927711339,-0.04923659639173,0.07999999999999793,0.08,13,0.013333333333333336,0.011547005383792518,0.9989938661958849,0.0010061338041150725,5.2425,311.2745765019208,8.0
H,terminal_value_shifted,366,-0.04923659639173,-0.03938927711339,0.04923659639173,0.07999999999999793,0.08,13,0.013333333333333336,0.011547005383792518,0.9972070630062284,0.0027929369937715887,5.2425,311.2745765019208,8.0
H,terminal_value_shifted,367,-0.04923659639173,0.03938927711339,-0.04923659639173,0.07999999999999793,0.08,13,0.013333333333333336,0.011547005383792518,0.999552339526387,0.00044766047361299854,5.2425,311.2745765019208,8.0
H,terminal_value_shifted,368,-0.04923659639173,0.03938927711339,0.04923659639173,0.07999999999999793,0.08,13,0.013333333333333336,0.011547005383792518,0.997376046690459,0.002623953309541016,5.2425,311.2745765019208,8.0
H,terminal_value_shifted,369,-0.04923659639173,0.04923659639173,-0.03938927711339,0.07999999999999793,0.08,13,0.013333333333333336,0.011547005383792518,0.9995715057865595,0.000428494213440489,5.2425,311.2745765019208,8.0
H,terminal_value_shifted,370,-0.04923659639173,0.04923659639173,0.03938927711339,0.07999999999999793,0.08,13,0.013333333333333336,0.011547005383792518,0.9977757938822618,0.0022242061177382144,5.2425,311.2745765019208,8.0
H,terminal_value_shifted,371,-0.04873661592641,-0.04873661592641,-0.04061384660534,0.07999999999999306,0.08,13,0.013333333333333336,0.011547005383792518,0.9989644676321499,0.001035532367850145,5.2425,311.2745765019208,8.0
H,terminal_value_shifted,372,-0.04873661592641,-0.04873661592641,0.04061384660534,0.07999999999999306,0.08,13,0.013333333333333336,0.011547005383792518,0.9975098268883862,0.0024901731116138137,5.2425,311.2745765019208,8.0
H,terminal_value_shifted,373,-0.04873661592641,-0.04061384660534,-0.04873661592641,0.07999999999999306,0.08,13,0.013333333333333336,0.011547005383792518,0.998989340906633,0.0010106590933669501,5.2425,311.2745765019208,8.0
H,terminal_value_shifted,374,-0.04873661592641,-0.04061384660534,0.04873661592641,0.07999999999999306,0.08,13,0.013333333333333336,0.011547005383792518,0.997227870911997,0.0027721290880029503,5.2425,311.2745765019208,8.0
H,terminal_value_shifted,375,-0.04873661592641,0.04061384660534,-0.04873661592641,0.07999999999999306,0.08,13,0.013333333333333336,0.011547005383792518,0.9995544840105494,0.00044551598945063997,5.2425,311.2745765019208,8.0
H,terminal_value_shifted,376,-0.04873661592641,0.04061384660534,0.04873661592641,0.07999999999999306,0.08,13,0.013333333333333336,0.011547005383792518,0.9973962421756966,0.002603757824303443,5.2425,311.2745765019208,8.0
H,terminal_value_shifted,377,-0.04873661592641,0.04873661592641,-0.04061384660534,0.07999999999999306,0.08,13,0.013333333333333336,0.011547005383792518,0.9995716930019252,0.0004283069980748344,5.2425,311.2745765019208,8.0
H,terminal_value_shifted,378,-0.04873661592641,0.04873661592641,0.04061384660534,0.07999999999999306,0.08,13,0.013333333333333336,0.011547005383792518,0.9977265250235877,0.002273474976412282,5.2425,311.2745765019208,8.0
H,terminal_value_shifted,379,-0.04780914437338,-0.05737097324805,-0.02868548662403,0.08000000000000353,0.08,13,0.013333333333333336,0.011547005383792518,0.9989079326539465,0.0010920673460534935,5.2425,311.2745765019208,8.0
H,terminal_value_shifted,380,-0.04780914437338,-0.05737097324805,0.02868548662403,0.08000000000000353,0.08,13,0.013333333333333336,0.011547005383792518,0.9978913702923065,0.0021086297076935434,5.2425,311.2745765019208,8.0
H,terminal_value_shifted,381,-0.04780914437338,-0.02868548662403,-0.05737097324805,0.08000000000000353,0.08,13,0.013333333333333336,0.011547005383792518,0.999013605564514,0.0009863944354859822,5.2425,311.2745765019208,8.0
H,terminal_value_shifted,382,-0.04780914437338,-0.02868548662403,0.05737097324805,0.08000000000000353,0.08,13,0.013333333333333336,0.011547005383792518,0.9969107560052843,0.0030892439947156625,5.2425,311.2745765019208,8.0
H,terminal_value_shifted,383,-0.04780914437338,0.02868548662403,-0.05737097324805,0.08000000000000353,0.08,13,0.013333333333333336,0.011547005383792518,0.9994527207255464,0.0005472792744536381,5.2425,311.2745765019208,8.0
H,terminal_value_shifted,384,-0.04780914437338,0.02868548662403,0.05737097324805,0.08000000000000353,0.08,13,0.013333333333333336,0.011547005383792518,0.9970139427660042,0.002986057233995809,5.2425,311.2745765019208,8.0
H,terminal_value_shifted,385,-0.04780914437338,0.05737097324805,-0.02868548662403,0.08000000000000353,0.08,13,0.013333333333333336,0.011547005383792518,0.9994975755730306,0.0005024244269693501,5.2425,311.2745765019208,8.0
H,terminal_value_shifted,386,-0.04780914437338,0.05737097324805,0.02868548662403,0.08000000000000353,0.08,13,0.013333333333333336,0.011547005383792518,0.9981627133256965,0.0018372866743034955,5.2425,311.2745765019208,8.0
H,terminal_value_shifted,387,-0.04770278352,-0.05962847939999,-0.02385139176,0.08000000000000007,0.08,13,0.013333333333333336,0.011547005383792518,0.9988727907848254,0.0011272092151746183,5.2425,311.2745765019208,8.0
H,terminal_value_shifted,388,-0.04770278352,-0.05962847939999,0.02385139176,0.08000000000000007,0.08,13,0.013333333333333336,0.011547005383792518,0.9980287718698145,0.001971228130185465,5.2425,311.2745765019208,8.0
H,terminal_value_shifted,389,-0.04770278352,-0.02385139176,-0.05962847939999,0.08000000000000006,0.08,13,0.013333333333333336,0.011547005383792518,0.9990288950403501,0.0009711049596499155,5.2425,311.2745765019208,8.0
H,terminal_value_shifted,390,-0.04770278352,-0.02385139176,0.05962847939999,0.08000000000000006,0.08,13,0.013333333333333336,0.011547005383792518,0.9968243975209639,0.0031756024790361437,5.2425,311.2745765019208,8.0
H,terminal_value_shifted,391,-0.04770278352,0.02385139176,-0.05962847939999,0.08000000000000006,0.08,13,0.013333333333333336,0.011547005383792518,0.9994044288500032,0.0005955711499967542,5.2425,311.2745765019208,8.0
H,terminal_value_shifted,392,-0.04770278352,0.02385139176,0.05962847939999,0.08000000000000006,0.08,13,0.013333333333333336,0.011547005383792518,0.9969080493604257,0.003091950639574348,5.2425,311.2745765019208,8.0
H,terminal_value_shifted,393,-0.04770278352,0.05962847939999,-0.02385139176,0.08000000000000007,0.08,13,0.013333333333333336,0.011547005383792518,0.9994430305174019,0.0005569694825980909,5.2425,311.2745765019208,8.0
H,terminal_value_shifted,394,-0.04770278352,0.05962847939999,0.02385139176,0.08000000000000007,0.08,13,0.013333333333333336,0.011547005383792518,0.9983255577850829,0.0016744422149170823,5.2425,311.2745765019208,8.0
H,terminal_value_shifted,395,-0.04618802153517,-0.04618802153517,-0.04618802153517,0.0799999999999999,0.08,13,0.013333333333333336,0.011547005383792518,0.9989751124053159,0.0010248875946841096,5.2425,311.2745765019208,8.0
H,terminal_value_shifted,396,-0.04618802153517,-0.04618802153517,0.04618802153517,0.0799999999999999,0.08,13,0.013333333333333336,0.011547005383792518,0.9973373332092861,0.002662666790713919,5.2425,311.2745765019208,8.0
H,terminal_value_shifted,397,-0.04618802153517,0.04618802153517,-0.04618802153517,0.0799999999999999,0.08,13,0.013333333333333336,0.011547005383792518,0.9995578975197932,0.0004421024802068185,5.2425,311.2745765019208,8.0
H,terminal_value_shifted,398,-0.04618802153517,0.04618802153517,0.04618802153517,0.0799999999999999,0.08,13,0.013333333333333336,0.011547005383792518,0.9974963281984646,0.0025036718015354342,5.2425,311.2745765019208,8.0
H,terminal_value_shifted,399,-0.04558423058386,-0.05470107670063,-0.03646738446708,0.08000000000000344,0.08,13,0.013333333333333336,0.011547005383792518,0.998954271451881,0.0010457285481190182,5.2425,311.2745765019208,8.0
H,terminal_value_shifted,400,-0.04558423058386,-0.05470107670063,0.03646738446708,0.08000000000000344,0.08,13,0.013333333333333336,0.011547005383792518,0.9976741194636736,0.00232588053632643,5.2425,311.2745765019208,8.0
H,terminal_value_shifted,401,-0.04558423058386,-0.03646738446708,-0.05470107670063,0.08000000000000344,0.08,13,0.013333333333333336,0.011547005383792518,0.9989823699774919,0.001017630022508098,5.2425,311.2745765019208,8.0
H,terminal_value_shifted,402,-0.04558423058386,-0.03646738446708,0.05470107670063,0.08000000000000344,0.08,13,0.013333333333333336,0.011547005383792518,0.9970244459914996,0.0029755540085003584,5.2425,311.2745765019208,8.0
H,terminal_value_shifted,403,-0.04558423058386,0.03646738446708,-0.05470107670063,0.08000000000000344,0.08,13,0.013333333333333336,0.011547005383792518,0.9994943945973601,0.000505605402639886,5.2425,311.2745765019208,8.0
H,terminal_value_shifted,404,-0.04558423058386,0.03646738446708,0.05470107670063,0.08000000000000344,0.08,13,0.013333333333333336,0.011547005383792518,0.9971331206941748,0.0028668793058251874,5.2425,311.2745765019208,8.0
H,terminal_value_shifted,405,-0.04558423058386,0.05470107670063,-0.03646738446708,0.08000000000000344,0.08,13,0.013333333333333336,0.011547005383792518,0.9995438813198786,0.000456118680121409,5.2425,311.2745765019208,8.0
H,terminal_value_shifted,406,-0.04558423058386,0.05470107670063,0.03646738446708,0.08000000000000344,0.08,13,0.013333333333333336,0.011547005383792518,0.9978747079304595,0.0021252920695404853,5.2425,311.2745765019208,8.0
H,terminal_value_shifted,407,-0.04525483399594,-0.05656854249492,-0.03394112549695,0.07999999999999603,0.08,13,0.013333333333333336,0.011547005383792518,0.9989461973571016,0.0010538026428984493,5.2425,311.2745765019208,8.0
H,terminal_value_shifted,408,-0.04525483399594,-0.05656854249492,0.03394112549695,0.07999999999999603,0.08,13,0.013333333333333336,0.011547005383792518,0.9977579069729139,0.0022420930270861117,5.2425,311.2745765019208,8.0
H,terminal_value_shifted,409,-0.04525483399594,-0.03394112549695,-0.05656854249492,0.07999999999999603,0.08,13,0.013333333333333336,0.011547005383792518,0.9989829762876179,0.0010170237123821035,5.2425,311.2745765019208,8.0
H,terminal_value_shifted,410,-0.04525483399594,-0.03394112549695,0.05656854249492,0.07999999999999603,0.08,13,0.013333333333333336,0.011547005383792518,0.9969535896182523,0.0030464103817476884,5.2425,311.2745765019208,8.0
H,terminal_value_shifted,411,-0.04525483399594,0.03394112549695,-0.05656854249492,0.07999999999999603,0.08,13,0.013333333333333336,0.011547005383792518,0.9994687113322556,0.000531288667744434,5.2425,311.2745765019208,8.0
H,terminal_value_shifted,412,-0.04525483399594,0.03394112549695,0.05656854249492,0.07999999999999603,0.08,13,0.013333333333333336,0.011547005383792518,0.9970495454667627,0.002950454533237279,5.2425,311.2745765019208,8.0
H,terminal_value_shifted,413,-0.04525483399594,0.05656854249492,-0.03394112549695,0.07999999999999603,0.08,13,0.013333333333333336,0.011547005383792518,0.9995278705725991,0.0004721294274009358,5.2425,311.2745765019208,8.0
H,terminal_value_shifted,414,-0.04525483399594,0.05656854249492,0.03394112549695,0.07999999999999603,0.08,13,0.013333333333333336,0.011547005383792518,0.9979667810160646,0.002033218983935381,5.2425,311.2745765019208,8.0
H,terminal_value_shifted,415,-0.04437601569802,-0.06656402354703,0.0,0.08000000000000301,0.08,13,0.013333333333333336,0.011547005383792518,0.9985991800042308,0.0014008199957692424,5.2425,311.2745765019208,8.0
H,terminal_value_shifted,416,-0.04437601569802,0.0,-0.06656402354703,0.08000000000000301,0.08,13,0.013333333333333336,0.011547005383792518,0.9991268587237445,0.0008731412762554847,5.2425,311.2745765019208,8.0
H,terminal_value_shifted,417,-0.04437601569802,0.0,0.06656402354703,0.08000000000000301,0.08,13,0.013333333333333336,0.011547005383792518,0.9965641388948709,0.0034358611051290566,5.2425,311.2745765019208,8.0
H,terminal_value_shifted,418,-0.04437601569802,0.06656402354703,0.0,0.08000000000000301,0.08,13,0.013333333333333336,0.011547005383792518,0.9989884068258688,0.0010115931741312423,5.2425,311.2745765019208,8.0
H,terminal_value_shifted,419,-0.04395538046358,-0.06593307069537,-0.0109888451159,0.0799999999999998,0.08,13,0.013333333333333336,0.011547005383792518,0.9987685789887055,0.0012314210112944757,5.2425,311.2745765019208,8.0
H,terminal_value_shifted,420,-0.04395538046358,-0.06593307069537,0.0109888451159,0.0799999999999998,0.08,13,0.013333333333333336,0.011547005383792518,0.9983871799514659,0.001612820048534136,5.2425,311.2745765019208,8.0
H,terminal_value_shifted,421,-0.04395538046358,-0.0109888451159,-0.06593307069537,0.0799999999999998,0.08,13,0.013333333333333336,0.011547005383792518,0.9990446477228003,0.0009553522771996725,5.2425,311.2745765019208,8.0
H,terminal_value_shifted,422,-0.04395538046358,-0.0109888451159,0.06593307069537,0.0799999999999998,0.08,13,0.013333333333333336,0.011547005383792518,0.9965817515501157,0.0034182484498842536,5.2425,311.2745765019208,8.0
H,terminal_value_shifted,423,-0.04395538046358,0.0109888451159,-0.06593307069537,0.0799999999999998,0.08,13,0.013333333333333336,0.011547005383792518,0.9992192932346288,0.0007807067653712307,5.2425,311.2745765019208,8.0
H,terminal_value_shifted,424,-0.04395538046358,0.0109888451159,0.06593307069537,0.0799999999999998,0.08,13,0.013333333333333336,0.011547005383792518,0.9966059784455088,0.0033940215544912,5.2425,311.2745765019208,8.0
H,terminal_value_shifted,425,-0.04395538046358,0.06593307069537,-0.0109888451159,0.0799999999999998,0.08,13,0.013333333333333336,0.011547005383792518,0.9992210551264427,0.0007789448735573412,5.2425,311.2745765019208,8.0
H,terminal_value_shifted,426,-0.04395538046358,0.06593307069537,0.0109888451159,0.0799999999999998,0.08,13,0.013333333333333336,0.011547005383792518,0.9987024274495424,0.001297572550457593,5.2425,311.2745765019208,8.0
H,terminal_value_shifted,427,-0.04313310928138,-0.05175973113765,-0.04313310928138,0.0800000000000047,0.08,13,0.013333333333333336,0.011547005383792518,0.9989724390256076,0.001027560974392383,5.2425,311.2745765019208,8.0
H,terminal_value_shifted,428,-0.04313310928138,-0.05175973113765,0.04313310928138,0.0800000000000047,0.08,13,0.013333333333333336,0.011547005383792518,0.997473623293331,0.002526376706668998,5.2425,311.2745765019208,8.0
H,terminal_value_shifted,429,-0.04313310928138,-0.04313310928138,-0.05175973113765,0.0800000000000047,0.08,13,0.013333333333333336,0.011547005383792518,0.9989698484390852,0.0010301515609147938,5.2425,311.2745765019208,8.0
H,terminal_value_shifted,430,-0.04313310928138,-0.04313310928138,0.05175973113765,0.0800000000000047,0.08,13,0.013333333333333336,0.011547005383792518,0.9971560071596332,0.002843992840366849,5.2425,311.2745765019208,8.0
H,terminal_value_shifted,431,-0.04313310928138,0.04313310928138,-0.05175973113765,0.0800000000000047,0.08,13,0.013333333333333336,0.011547005383792518,0.9995184227991535,0.0004815772008465169,5.2425,311.2745765019208,8.0
H,terminal_value_shifted,432,-0.04313310928138,0.04313310928138,0.05175973113765,0.0800000000000047,0.08,13,0.013333333333333336,0.011547005383792518,0.9972574222553597,0.002742577744640262,5.2425,311.2745765019208,8.0
H,terminal_value_shifted,433,-0.04313310928138,0.05175973113765,-0.04313310928138,0.0800000000000047,0.08,13,0.013333333333333336,0.011547005383792518,0.9995499655365432,0.0004500344634568165,5.2425,311.2745765019208,8.0
H,terminal_value_shifted,434,-0.04313310928138,0.05175973113765,0.04313310928138,0.0800000000000047,0.08,13,0.013333333333333336,0.011547005383792518,0.997611850252127,0.0023881497478730473,5.2425,311.2745765019208,8.0
H,terminal_value_shifted,435,-0.04276179870599,-0.06414269805898,-0.02138089935299,0.07999999999999859,0.08,13,0.013333333333333336,0.011547005383792518,0.9988870382002991,0.0011129617997008845,5.2425,311.2745765019208,8.0
H,terminal_value_shifted,436,-0.04276179870599,-0.06414269805898,0.02138089935299,0.07999999999999859,0.08,13,0.013333333333333336,0.011547005383792518,0.9981492875173693,0.0018507124826306898,5.2425,311.2745765019208,8.0
H,terminal_value_shifted,437,-0.04276179870599,-0.02138089935299,-0.06414269805898,0.07999999999999859,0.08,13,0.013333333333333336,0.011547005383792518,0.9989844274029532,0.0010155725970467655,5.2425,311.2745765019208,8.0
H,terminal_value_shifted,438,-0.04276179870599,-0.02138089935299,0.06414269805898,0.07999999999999859,0.08,13,0.013333333333333336,0.011547005383792518,0.9966577262862529,0.003342273713747068,5.2425,311.2745765019208,8.0
H,terminal_value_shifted,439,-0.04276179870599,0.02138089935299,-0.06414269805898,0.07999999999999859,0.08,13,0.013333333333333336,0.011547005383792518,0.999307896183721,0.0006921038162790438,5.2425,311.2745765019208,8.0
H,terminal_value_shifted,440,-0.04276179870599,0.02138089935299,0.06414269805898,0.07999999999999859,0.08,13,0.013333333333333336,0.011547005383792518,0.9966981941578634,0.0033018058421365737,5.2425,311.2745765019208,8.0
H,terminal_value_shifted,441,-0.04276179870599,0.06414269805898,-0.02138089935299,0.07999999999999859,0.08,13,0.013333333333333336,0.011547005383792518,0.9993864477369332,0.0006135522630668078,5.2425,311.2745765019208,8.0
H,terminal_value_shifted,442,-0.04276179870599,0.06414269805898,0.02138089935299,0.07999999999999859,0.08,13,0.013333333333333336,0.011547005383792518,0.9983872501019035,0.001612749898096455,5.2425,311.2745765019208,8.0
H,terminal_value_shifted,443,-0.04238503542608,-0.0529812942826,-0.04238503542608,0.07999999999999735,0.08,13,0.013333333333333336,0.011547005383792518,0.9989735390834696,0.0010264609165303584,5.2425,311.2745765019208,8.0
H,terminal_value_shifted,444,-0.04238503542608,-0.0529812942826,0.04238503542608,0.07999999999999735,0.08,13,0.013333333333333336,0.011547005383792518,0.9975075270836674,0.0024924729163325887,5.2425,311.2745765019208,8.0
H,terminal_value_shifted,445,-0.04238503542608,-0.04238503542608,-0.0529812942826,0.07999999999999735,0.08,13,0.013333333333333336,0.011547005383792518,0.9989664355331435,0.0010335644668565402,5.2425,311.2745765019208,8.0
H,terminal_value_shifted,446,-0.04238503542608,-0.04238503542608,0.0529812942826,0.07999999999999735,0.08,13,0.013333333333333336,0.011547005383792518,0.9971150578573273,0.002884942142672653,5.2425,311.2745765019208,8.0
H,terminal_value_shifted,447,-0.04238503542608,0.04238503542608,-0.0529812942826,0.07999999999999735,0.08,13,0.013333333333333336,0.011547005383792518,0.999506074308009,0.0004939256919910262,5.2425,311.2745765019208,8.0
H,terminal_value_shifted,448,-0.04238503542608,0.04238503542608,0.0529812942826,0.07999999999999735,0.08,13,0.013333333333333336,0.011547005383792518,0.9972040159526382,0.0027959840473618103,5.2425,311.2745765019208,8.0
H,terminal_value_shifted,449,-0.04238503542608,0.0529812942826,-0.04238503542608,0.07999999999999735,0.08,13,0.013333333333333336,0.011547005383792518,0.9995465667864278,0.00045343321357216304,5.2425,311.2745765019208,8.0
H,terminal_value_shifted,450,-0.04238503542608,0.0529812942826,0.04238503542608,0.07999999999999735,0.08,13,0.013333333333333336,0.011547005383792518,0.9976396190499252,0.0023603809500748474,5.2425,311.2745765019208,8.0
H,terminal_value_shifted,451,-0.04097180157853,-0.06145770236779,-0.0307288511839,0.08000000000000354,0.08,13,0.013333333333333336,0.011547005383792518,0.9989563342324128,0.0010436657675871874,5.2425,311.2745765019208,8.0
H,terminal_value_shifted,452,-0.04097180157853,-0.06145770236779,0.0307288511839,0.08000000000000354,0.08,13,0.013333333333333336,0.011547005383792518,0.9979050594767562,0.0020949405232437712,5.2425,311.2745765019208,8.0
H,terminal_value_shifted,453,-0.04097180157853,-0.0307288511839,-0.06145770236779,0.08000000000000354,0.08,13,0.013333333333333336,0.011547005383792518,0.9989510369535268,0.0010489630464731725,5.2425,311.2745765019208,8.0
H,terminal_value_shifted,454,-0.04097180157853,-0.0307288511839,0.06145770236779,0.08000000000000354,0.08,13,0.013333333333333336,0.011547005383792518,0.9967810115610276,0.003218988438972392,5.2425,311.2745765019208,8.0
H,terminal_value_shifted,455,-0.04097180157853,0.0307288511839,-0.06145770236779,0.08000000000000354,0.08,13,0.013333333333333336,0.011547005383792518,0.9993819890868011,0.0006180109131989076,5.2425,311.2745765019208,8.0
H,terminal_value_shifted,456,-0.04097180157853,0.0307288511839,0.06145770236779,0.08000000000000354,0.08,13,0.013333333333333336,0.011547005383792518,0.9968255913527484,0.003174408647251603,5.2425,311.2745765019208,8.0
H,terminal_value_shifted,457,-0.04097180157853,0.06145770236779,-0.0307288511839,0.08000000000000354,0.08,13,0.013333333333333336,0.011547005383792518,0.9994841628406733,0.000515837159326682,5.2425,311.2745765019208,8.0
H,terminal_value_shifted,458,-0.04097180157853,0.06145770236779,0.0307288511839,0.08000000000000354,0.08,13,0.013333333333333336,0.011547005383792518,0.9980694258165899,0.0019305741834101386,5.2425,311.2745765019208,8.0
H,terminal_value_shifted,459,-0.04061384660534,-0.04873661592641,-0.04873661592641,0.07999999999999306,0.08,13,0.013333333333333336,0.011547005383792518,0.9989711034484504,0.0010288965515495851,5.2425,311.2745765019208,8.0
H,terminal_value_shifted,460,-0.04061384660534,-0.04873661592641,0.04873661592641,0.07999999999999306,0.08,13,0.013333333333333336,0.011547005383792518,0.9972946742057031,0.002705325794296942,5.2425,311.2745765019208,8.0
H,terminal_value_shifted,461,-0.04061384660534,0.04873661592641,-0.04873661592641,0.07999999999999306,0.08,13,0.013333333333333336,0.011547005383792518,0.9995284704874339,0.00047152951256612674,5.2425,311.2745765019208,8.0
H,terminal_value_shifted,462,-0.04061384660534,0.04873661592641,0.04873661592641,0.07999999999999306,0.08,13,0.013333333333333336,0.011547005383792518,0.997380428792604,0.0026195712073959765,5.2425,311.2745765019208,8.0
H,terminal_value_shifted,463,-0.04,-0.06666666666667,-0.01333333333333,0.07888106377466379,0.08,13,0.013333333333333336,0.011547005383792518,0.9988491375266837,0.0011508624733163053,5.2425,311.2745765019208,8.0
H,terminal_value_shifted,464,-0.04,-0.06666666666667,0.0,0.07774602526460686,0.08,13,0.013333333333333336,0.011547005383792518,0.9986746605451918,0.001325339454808172,5.2425,311.2745765019208,8.0
H,terminal_value_shifted,465,-0.04,-0.06666666666667,0.01333333333333,0.07888106377466379,0.08,13,0.013333333333333336,0.011547005383792518,0.9983947689943052,0.0016052310056947627,5.2425,311.2745765019208,8.0
H,terminal_value_shifted,466,-0.04,-0.05333333333333,-0.04,0.07774602526460171,0.08,13,0.013333333333333336,0.011547005383792518,0.9990147518010695,0.0009852481989305328,5.2425,311.2745765019208,8.0
H,terminal_value_shifted,467,-0.04,-0.05333333333333,-0.02666666666667,0.07180219742845882,0.08,13,0.013333333333333336,0.011547005383792518,0.999055139877757,0.0009448601222430408,5.2425,311.2745765019208,8.0
H,terminal_value_shifted,468,-0.04,-0.05333333333333,-0.01333333333333,0.06798692684790053,0.08,13,0.013333333333333336,0.011547005383792518,0.9989858588668352,0.001014141133164781,5.2425,311.2745765019208,8.0
H,terminal_value_shifted,469,-0.04,-0.05333333333333,0.0,0.066666666666664,0.08,13,0.013333333333333336,0.011547005383792518,0.9988088834176809,0.001191116582319074,5.2425,311.2745765019208,8.0
H,terminal_value_shifted,470,-0.04,-0.05333333333333,0.01333333333333,0.06798692684790053,0.08,13,0.013333333333333336,0.011547005383792518,0.9985257750127785,0.0014742249872214952,5.2425,311.2745765019208,8.0
H,terminal_value_shifted,471,-0.04,-0.05333333333333,0.02666666666667,0.07180219742845882,0.08,13,0.013333333333333336,0.011547005383792518,0.9981376870662565,0.001862312933743504,5.2425,311.2745765019208,8.0
H,terminal_value_shifted,472,-0.04,-0.05333333333333,0.04,0.07774602526460171,0.08,13,0.013333333333333336,0.011547005383792518,0.9976453729004866,0.0023546270995133955,5.2425,311.2745765019208,8.0
H,terminal_value_shifted,473,-0.04,-0.04,-0.05333333333333,0.07774602526460171,0.08,13,0.013333333333333336,0.011547005383792518,0.9990047524784617,0.000995247521538345,5.2425,311.2745765019208,8.0
H,terminal_value_shifted,474,-0.04,-0.04,-0.04,0.06928203230275509,0.08,13,0.013333333333333336,0.011547005383792518,0.9991538738777137,0.0008461261222862948,5.2425,311.2745765019208,8.0
H,terminal_value_shifted,475,-0.04,-0.04,-0.02666666666667,0.06253887679764715,0.08,13,0.013333333333333336,0.011547005383792518,0.9991912618031167,0.0008087381968833185,5.2425,311.2745765019208,8.0
H,terminal_value_shifted,476,-0.04,-0.04,-0.01333333333333,0.05811865258054155,0.08,13,0.013333333333333336,0.011547005383792518,0.999118934952298,0.0008810650477020232,5.2425,311.2745765019208,8.0
H,terminal_value_shifted,477,-0.04,-0.04,0.0,0.0565685424949238,0.08,13,0.013333333333333336,0.011547005383792518,0.9989385187045721,0.0010614812954279351,5.2425,311.2745765019208,8.0
H,terminal_value_shifted,478,-0.04,-0.04,0.01333333333333,0.05811865258054155,0.08,13,0.013333333333333336,0.011547005383792518,0.9986512466395027,0.0013487533604973345,5.2425,311.2745765019208,8.0
H,terminal_value_shifted,479,-0.04,-0.04,0.02666666666667,0.06253887679764715,0.08,13,0.013333333333333336,0.011547005383792518,0.9982579650187124,0.0017420349812875546,5.2425,311.2745765019208,8.0
H,terminal_value_shifted,480,-0.04,-0.04,0.04,0.06928203230275509,0.08,13,0.013333333333333336,0.011547005383792518,0.9977591401650378,0.00224085983496225,5.2425,311.2745765019208,8.0
H,terminal_value_shifted,481,-0.04,-0.04,0.05333333333333,0.07774602526460171,0.08,13,0.013333333333333336,0.011547005383792518,0.9971548687018371,0.002845131298162884,5.2425,311.2745765019208,8.0
H,terminal_value_shifted,482,-0.04,-0.02666666666667,-0.05333333333333,0.07180219742845882,0.08,13,0.013333333333333336,0.011547005383792518,0.9991405524517094,0.0008594475482905928,5.2425,311.2745765019208,8.0
H,terminal_value_shifted,483,-0.04,-0.02666666666667,-0.04,0.06253887679764715,0.08,13,0.013333333333333336,0.011547005383792518,0.9992852711731945,0.0007147288268054552,5.2425,311.2745765019208,8.0
H,terminal_value_shifted,484,-0.04,-0.02666666666667,-0.02666666666667,0.054974741674905375,0.08,13,0.013333333333333336,0.011547005383792518,0.9993185938211216,0.0006814061788783521,5.2425,311.2745765019208,8.0
H,terminal_value_shifted,485,-0.04,-0.02666666666667,-0.01333333333333,0.04988876515698678,0.08,13,0.013333333333333336,0.011547005383792518,0.9992421691206456,0.0007578308793544375,5.2425,311.2745765019208,8.0
H,terminal_value_shifted,486,-0.04,-0.02666666666667,0.0,0.04807401700618837,0.08,13,0.013333333333333336,0.011547005383792518,0.9990572731211915,0.0009427268788084753,5.2425,311.2745765019208,8.0
H,terminal_value_shifted,487,-0.04,-0.02666666666667,0.01333333333333,0.04988876515698678,0.08,13,0.013333333333333336,0.011547005383792518,0.9987648102778087,0.0012351897221912767,5.2425,311.2745765019208,8.0
H,terminal_value_shifted,488,-0.04,-0.02666666666667,0.02666666666667,0.054974741674905375,0.08,13,0.013333333333333336,0.011547005383792518,0.9983653174940503,0.0016346825059496695,5.2425,311.2745765019208,8.0
H,terminal_value_shifted,489,-0.04,-0.02666666666667,0.04,0.06253887679764715,0.08,13,0.013333333333333336,0.011547005383792518,0.9978589710839043,0.0021410289160956886,5.2425,311.2745765019208,8.0
H,terminal_value_shifted,490,-0.04,-0.02666666666667,0.05333333333333,0.07180219742845882,0.08,13,0.013333333333333336,0.011547005383792518,0.9972455966367555,0.0027544033632445064,5.2425,311.2745765019208,8.0
H,terminal_value_shifted,491,-0.04,-0.01333333333333,-0.06666666666667,0.07888106377466379,0.08,13,0.013333333333333336,0.011547005383792518,0.9990119066456532,0.0009880933543467973,5.2425,311.2745765019208,8.0
H,terminal_value_shifted,492,-0.04,-0.01333333333333,-0.05333333333333,0.06798692684790053,0.08,13,0.013333333333333336,0.011547005383792518,0.999263647088001,0.0007363529119990275,5.2425,311.2745765019208,8.0
H,terminal_value_shifted,493,-0.04,-0.01333333333333,-0.04,0.05811865258054155,0.08,13,0.013333333333333336,0.011547005383792518,0.9994027286835859,0.0005972713164140719,5.2425,311.2745765019208,8.0
H,terminal_value_shifted,494,-0.04,-0.01333333333333,-0.02666666666667,0.04988876515698678,0.08,13,0.013333333333333336,0.011547005383792518,0.9994307816415894,0.000569218358410617,5.2425,311.2745765019208,8.0
H,terminal_value_shifted,495,-0.04,-0.01333333333333,-0.01333333333333,0.044221663871403326,0.08,13,0.013333333333333336,0.011547005383792518,0.9993490850434238,0.0006509149565762096,5.2425,311.2745765019208,8.0
H,terminal_value_shifted,496,-0.04,-0.01333333333333,0.0,0.04216370213557734,0.08,13,0.013333333333333336,0.011547005383792518,0.9991585646575937,0.000841435342406327,5.2425,311.2745765019208,8.0
H,terminal_value_shifted,497,-0.04,-0.01333333333333,0.01333333333333,0.044221663871403326,0.08,13,0.013333333333333336,0.011547005383792518,0.9988597937625898,0.0011402062374101796,5.2425,311.2745765019208,8.0
H,terminal_value_shifted,498,-0.04,-0.01333333333333,0.02666666666667,0.04988876515698678,0.08,13,0.013333333333333336,0.011547005383792518,0.9984529969329152,0.0015470030670847734,5.2425,311.2745765019208,8.0
H,terminal_value_shifted,499,-0.04,-0.01333333333333,0.04,0.05811865258054155,0.08,13,0.013333333333333336,0.011547005383792518,0.9979380567676257,0.002061943232374297,5.2425,311.2745765019208,8.0
H,terminal_value_shifted,500,-0.04,-0.01333333333333,0.05333333333333,0.06798692684790053,0.08,13,0.013333333333333336,0.011547005383792518,0.9973145235649321,0.0026854764350678906,5.2425,311.2745765019208,8.0
H,terminal_value_shifted,501,-0.04,-0.01333333333333,0.06666666666667,0.07888106377466379,0.08,13,0.013333333333333336,0.011547005383792518,0.9965816279698488,0.003418372030151162,5.2425,311.2745765019208,8.0
H,terminal_value_shifted,502,-0.04,0.0,-0.06666666666667,0.07774602526460686,0.08,13,0.013333333333333336,0.011547005383792518,0.9991238897314648,0.0008761102685351796,5.2425,311.2745765019208,8.0
H,terminal_value_shifted,503,-0.04,0.0,-0.05333333333333,0.066666666666664,0.08,13,0.013333333333333336,0.011547005383792518,0.9993677919441595,0.0006322080558405219,5.2425,311.2745765019208,8.0
H,terminal_value_shifted,504,-0.04,0.0,-0.04,0.0565685424949238,0.08,13,0.013333333333333336,0.011547005383792518,0.9994998380082847,0.0005001619917153199,5.2425,311.2745765019208,8.0
H,terminal_value_shifted,505,-0.04,0.0,-0.02666666666667,0.04807401700618837,0.08,13,0.013333333333333336,0.011547005383792518,0.9995212698214148,0.0004787301785852405,5.2425,311.2745765019208,8.0
H,terminal_value_shifted,506,-0.04,0.0,-0.01333333333333,0.04216370213557734,0.08,13,0.013333333333333336,0.011547005383792518,0.9994329963525894,0.00056700364741058,5.2425,311.2745765019208,8.0
H,terminal_value_shifted,507,-0.04,0.0,0.0,0.04,0.08,13,0.013333333333333336,0.011547005383792518,0.9992355913994542,0.0007644086005458295,5.2425,311.2745765019208,8.0
H,terminal_value_shifted,508,-0.04,0.0,0.01333333333333,0.04216370213557734,0.08,13,0.013333333333333336,0.011547005383792518,0.9989292943353467,0.001070705664653282,5.2425,311.2745765019208,8.0
H,terminal_value_shifted,509,-0.04,0.0,0.02666666666667,0.04807401700618837,0.08,13,0.013333333333333336,0.011547005383792518,0.9985140138238102,0.0014859861761897797,5.2425,311.2745765019208,8.0
H,terminal_value_shifted,510,-0.04,0.0,0.04,0.0565685424949238,0.08,13,0.013333333333333336,0.011547005383792518,0.9979893345001443,0.002010665499855735,5.2425,311.2745765019208,8.0
H,terminal_value_shifted,511,-0.04,0.0,0.05333333333333,0.066666666666664,0.08,13,0.013333333333333336,0.011547005383792518,0.9973545266414896,0.0026454733585103973,5.2425,311.2745765019208,8.0
H,terminal_value_shifted,512,-0.04,0.0,0.06666666666667,0.07774602526460686,0.08,13,0.013333333333333336,0.011547005383792518,0.9966085588680225,0.003391441131977535,5.2425,311.2745765019208,8.0
H,terminal_value_shifted,513,-0.04,0.01333333333333,-0.06666666666667,0.07888106377466379,0.08,13,0.013333333333333336,0.011547005383792518,0.9992121835094667,0.0007878164905332774,5.2425,311.2745765019208,8.0
H,terminal_value_shifted,514,-0.04,0.01333333333333,-0.05333333333333,0.06798692684790053,0.08,13,0.013333333333333336,0.011547005383792518,0.9994466160703532,0.0005533839296467669,5.2425,311.2745765019208,8.0
H,terminal_value_shifted,515,-0.04,0.01333333333333,-0.04,0.05811865258054155,0.08,13,0.013333333333333336,0.011547005383792518,0.9995700574580108,0.00042994254198924775,5.2425,311.2745765019208,8.0
H,terminal_value_shifted,516,-0.04,0.01333333333333,-0.02666666666667,0.04988876515698678,0.08,13,0.013333333333333336,0.011547005383792518,0.9995833615015153,0.0004166384984847227,5.2425,311.2745765019208,8.0
H,terminal_value_shifted,517,-0.04,0.01333333333333,-0.01333333333333,0.044221663871403326,0.08,13,0.013333333333333336,0.011547005383792518,0.999487065957515,0.0005129340424849804,5.2425,311.2745765019208,8.0
H,terminal_value_shifted,518,-0.04,0.01333333333333,0.0,0.04216370213557734,0.08,13,0.013333333333333336,0.011547005383792518,0.999281390391435,0.0007186096085649574,5.2425,311.2745765019208,8.0
H,terminal_value_shifted,519,-0.04,0.01333333333333,0.01333333333333,0.044221663871403326,0.08,13,0.013333333333333336,0.011547005383792518,0.9989662370342411,0.0010337629657588554,5.2425,311.2745765019208,8.0
H,terminal_value_shifted,520,-0.04,0.01333333333333,0.02666666666667,0.04988876515698678,0.08,13,0.013333333333333336,0.011547005383792518,0.9985411946129524,0.0014588053870475681,5.2425,311.2745765019208,8.0
H,terminal_value_shifted,521,-0.04,0.01333333333333,0.04,0.05811865258054155,0.08,13,0.013333333333333336,0.011547005383792518,0.9980055451731005,0.0019944548268995277,5.2425,311.2745765019208,8.0
H,terminal_value_shifted,522,-0.04,0.01333333333333,0.05333333333333,0.06798692684790053,0.08,13,0.013333333333333336,0.011547005383792518,0.9973582739309714,0.0026417260690285715,5.2425,311.2745765019208,8.0
H,terminal_value_shifted,523,-0.04,0.01333333333333,0.06666666666667,0.07888106377466379,0.08,13,0.013333333333333336,0.011547005383792518,0.996598082212204,0.0034019177877959716,5.2425,311.2745765019208,8.0
H,terminal_value_shifted,524,-0.04,0.02666666666667,-0.05333333333333,0.07180219742845882,0.08,13,0.013333333333333336,0.011547005383792518,0.9994936698888819,0.000506330111118114,5.2425,311.2745765019208,8.0
H,terminal_value_shifted,525,-0.04,0.02666666666667,-0.04,0.06253887679764715,0.08,13,0.013333333333333336,0.011547005383792518,0.9996067599848254,0.0003932400151746007,5.2425,311.2745765019208,8.0
H,terminal_value_shifted,526,-0.04,0.02666666666667,-0.02666666666667,0.054974741674905375,0.08,13,0.013333333333333336,0.011547005383792518,0.9996102663499682,0.0003897336500318094,5.2425,311.2745765019208,8.0
H,terminal_value_shifted,527,-0.04,0.02666666666667,-0.01333333333333,0.04988876515698678,0.08,13,0.013333333333333336,0.011547005383792518,0.999504353976064,0.0004956460239360361,5.2425,311.2745765019208,8.0
H,terminal_value_shifted,528,-0.04,0.02666666666667,0.0,0.04807401700618837,0.08,13,0.013333333333333336,0.011547005383792518,0.9992888855429013,0.0007111144570987049,5.2425,311.2745765019208,8.0
H,terminal_value_shifted,529,-0.04,0.02666666666667,0.01333333333333,0.04988876515698678,0.08,13,0.013333333333333336,0.011547005383792518,0.998963422571914,0.0010365774280860496,5.2425,311.2745765019208,8.0
H,terminal_value_shifted,530,-0.04,0.02666666666667,0.02666666666667,0.054974741674905375,0.08,13,0.013333333333333336,0.011547005383792518,0.9985272295612686,0.0014727704387313967,5.2425,311.2745765019208,8.0
H,terminal_value_shifted,531,-0.04,0.02666666666667,0.04,0.06253887679764715,0.08,13,0.013333333333333336,0.011547005383792518,0.9979792811375601,0.0020207188624399297,5.2425,311.2745765019208,8.0
H,terminal_value_shifted,532,-0.04,0.02666666666667,0.05333333333333,0.07180219742845882,0.08,13,0.013333333333333336,0.011547005383792518,0.9973182722766654,0.002681727723334637,5.2425,311.2745765019208,8.0
H,terminal_value_shifted,533,-0.04,0.04,-0.05333333333333,0.07774602526460171,0.08,13,0.013333333333333336,0.011547005383792518,0.9995024596016678,0.0004975403983321636,5.2425,311.2745765019208,8.0
H,terminal_value_shifted,534,-0.04,0.04,-0.04,0.06928203230275509,0.08,13,0.013333333333333336,0.011547005383792518,0.9996032680712968,0.00039673192870315344,5.2425,311.2745765019208,8.0
H,terminal_value_shifted,535,-0.04,0.04,-0.02666666666667,0.06253887679764715,0.08,13,0.013333333333333336,0.011547005383792518,0.9995951359184853,0.0004048640815147442,5.2425,311.2745765019208,8.0
H,terminal_value_shifted,536,-0.04,0.04,-0.01333333333333,0.05811865258054155,0.08,13,0.013333333333333336,0.011547005383792518,0.9994778535535165,0.0005221464464835179,5.2425,311.2745765019208,8.0
H,terminal_value_shifted,537,-0.04,0.04,0.0,0.0565685424949238,0.08,13,0.013333333333333336,0.011547005383792518,0.9992509239129093,0.0007490760870907387,5.2425,311.2745765019208,8.0
H,terminal_value_shifted,538,-0.04,0.04,0.01333333333333,0.05811865258054155,0.08,13,0.013333333333333336,0.011547005383792518,0.9989135640976112,0.0010864359023887715,5.2425,311.2745765019208,8.0
H,terminal_value_shifted,539,-0.04,0.04,0.02666666666667,0.06253887679764715,0.08,13,0.013333333333333336,0.011547005383792518,0.9984647100011821,0.0015352899988179125,5.2425,311.2745765019208,8.0
H,terminal_value_shifted,540,-0.04,0.04,0.04,0.06928203230275509,0.08,13,0.013333333333333336,0.011547005383792518,0.9979030239783835,0.0020969760216165145,5.2425,311.2745765019208,8.0
H,terminal_value_shifted,541,-0.04,0.04,0.05333333333333,0.07774602526460171,0.08,13,0.013333333333333336,0.011547005383792518,0.9972269056198279,0.0027730943801721475,5.2425,311.2745765019208,8.0
H,terminal_value_shifted,542,-0.04,0.05333333333333,-0.04,0.07774602526460171,0.08,13,0.013333333333333336,0.011547005383792518,0.9995528751101974,0.0004471248898025859,5.2425,311.2745765019208,8.0
H,terminal_value_shifted,543,-0.04,0.05333333333333,-0.02666666666667,0.07180219742845882,0.08,13,0.013333333333333336,0.011547005383792518,0.9995310859988034,0.00046891400119664084,5.2425,311.2745765019208,8.0
H,terminal_value_shifted,544,-0.04,0.05333333333333,-0.01333333333333,0.06798692684790053,0.08,13,0.013333333333333336,0.011547005383792518,0.9994005142076209,0.0005994857923791175,5.2425,311.2745765019208,8.0
H,terminal_value_shifted,545,-0.04,0.05333333333333,0.0,0.066666666666664,0.08,13,0.013333333333333336,0.011547005383792518,0.9991603000610003,0.0008396999389996829,5.2425,311.2745765019208,8.0
H,terminal_value_shifted,546,-0.04,0.05333333333333,0.01333333333333,0.06798692684790053,0.08,13,0.013333333333333336,0.011547005383792518,0.9988093125749865,0.0011906874250134925,5.2425,311.2745765019208,8.0
H,terminal_value_shifted,547,-0.04,0.05333333333333,0.02666666666667,0.07180219742845882,0.08,13,0.013333333333333336,0.011547005383792518,0.9983461547659336,0.00165384523406642,5.2425,311.2745765019208,8.0
H,terminal_value_shifted,548,-0.04,0.05333333333333,0.04,0.07774602526460171,0.08,13,0.013333333333333336,0.011547005383792518,0.9977691720219116,0.002230827978088379,5.2425,311.2745765019208,8.0
H,terminal_value_shifted,549,-0.04,0.06666666666667,-0.01333333333333,0.07888106377466379,0.08,13,0.013333333333333336,0.011547005383792518,0.9992652527090327,0.0007347472909673414,5.2425,311.2745765019208,8.0
H,terminal_value_shifted,550,-0.04,0.06666666666667,0.0,0.07774602526460686,0.08,13,0.013333333333333336,0.011547005383792518,0.9990097685051795,0.0009902314948204705,5.2425,311.2745765019208,8.0
H,terminal_value_shifted,551,-0.04,0.06666666666667,0.01333333333333,0.07888106377466379,0.08,13,0.013333333333333336,0.011547005383792518,0.998643270845701,0.0013567291542989635,5.2425,311.2745765019208,8.0
H,terminal_value_shifted,552,-0.03938927711339,-0.04923659639173,-0.04923659639173,0.07999999999999793,0.08,13,0.013333333333333336,0.011547005383792518,0.9989706834940825,0.0010293165059175324,5.2425,311.2745765019208,8.0
H,terminal_value_shifted,553,-0.03938927711339,-0.04923659639173,0.04923659639173,0.07999999999999793,0.08,13,0.013333333333333336,0.011547005383792518,0.9972883017793901,0.002711698220609904,5.2425,311.2745765019208,8.0
H,terminal_value_shifted,554,-0.03938927711339,0.04923659639173,-0.04923659639173,0.07999999999999793,0.08,13,0.013333333333333336,0.011547005383792518,0.9995218668828836,0.00047813311711641937,5.2425,311.2745765019208,8.0
H,terminal_value_shifted,555,-0.03938927711339,0.04923659639173,0.04923659639173,0.07999999999999793,0.08,13,0.013333333333333336,0.011547005383792518,0.9973580289832147,0.002641971016785316,5.2425,311.2745765019208,8.0
H,terminal_value_shifted,556,-0.03893314107138,-0.06488856845231,-0.02595542738092,0.08000000000000193,0.08,13,0.013333333333333336,0.011547005383792518,0.9989493423690923,0.0010506576309077253,5.2425,311.2745765019208,8.0
H,terminal_value_shifted,557,-0.03893314107138,-0.06488856845231,0.02595542738092,0.08000000000000193,0.08,13,0.013333333333333336,0.011547005383792518,0.9980707365428494,0.0019292634571506095,5.2425,311.2745765019208,8.0
H,terminal_value_shifted,558,-0.03893314107138,-0.02595542738092,-0.06488856845231,0.08000000000000193,0.08,13,0.013333333333333336,0.011547005383792518,0.9989343236194969,0.0010656763805031444,5.2425,311.2745765019208,8.0
H,terminal_value_shifted,559,-0.03893314107138,-0.02595542738092,0.06488856845231,0.08000000000000193,0.08,13,0.013333333333333336,0.011547005383792518,0.9966461191381369,0.0033538808618630567,5.2425,311.2745765019208,8.0
H,terminal_value_shifted,560,-0.03893314107138,0.02595542738092,-0.06488856845231,0.08000000000000193,0.08,13,0.013333333333333336,0.011547005383792518,0.9993022755455914,0.0006977244544086325,5.2425,311.2745765019208,8.0
H,terminal_value_shifted,561,-0.03893314107138,0.02595542738092,0.06488856845231,0.08000000000000193,0.08,13,0.013333333333333336,0.011547005383792518,0.9966668907642896,0.0033331092357103964,5.2425,311.2745765019208,8.0
H,terminal_value_shifted,562,-0.03893314107138,0.06488856845231,-0.02595542738092,0.08000000000000193,0.08,13,0.013333333333333336,0.011547005383792518,0.9994286492638875,0.0005713507361124748,5.2425,311.2745765019208,8.0
H,terminal_value_shifted,563,-0.03893314107138,0.06488856845231,0.02595542738092,0.08000000000000193,0.08,13,0.013333333333333336,0.011547005383792518,0.9982282695253724,0.0017717304746276419,5.2425,311.2745765019208,8.0
H,terminal_value_shifted,564,-0.03880570000581,-0.05820855000872,-0.03880570000581,0.07999999999999688,0.08,13,0.013333333333333336,0.011547005383792518,0.9989856179896008,0.0010143820103991619,5.2425,311.2745765019208,8.0
H,terminal_value_shifted,565,-0.03880570000581,-0.05820855000872,0.03880570000581,0.07999999999999688,0.08,13,0.013333333333333336,0.011547005383792518,0.9976711777078924,0.002328822292107624,5.2425,311.2745765019208,8.0
H,terminal_value_shifted,566,-0.03880570000581,-0.03880570000581,-0.05820855000872,0.07999999999999688,0.08,13,0.013333333333333336,0.011547005383792518,0.9989420701733052,0.0010579298266948367,5.2425,311.2745765019208,8.0
H,terminal_value_shifted,567,-0.03880570000581,-0.03880570000581,0.05820855000872,0.07999999999999688,0.08,13,0.013333333333333336,0.011547005383792518,0.996934997850214,0.0030650021497860003,5.2425,311.2745765019208,8.0
H,terminal_value_shifted,568,-0.03880570000581,0.03880570000581,-0.05820855000872,0.07999999999999688,0.08,13,0.013333333333333336,0.011547005383792518,0.9994369270887743,0.0005630729112257038,5.2425,311.2745765019208,8.0
H,terminal_value_shifted,569,-0.03880570000581,0.03880570000581,0.05820855000872,0.07999999999999688,0.08,13,0.013333333333333336,0.011547005383792518,0.9969721324248292,0.0030278675751708173,5.2425,311.2745765019208,8.0
H,terminal_value_shifted,570,-0.03880570000581,0.05820855000872,-0.03880570000581,0.07999999999999688,0.08,13,0.013333333333333336,0.011547005383792518,0.9995245381555491,0.00047546184445090844,5.2425,311.2745765019208,8.0
H,terminal_value_shifted,571,-0.03880570000581,0.05820855000872,0.03880570000581,0.07999999999999688,0.08,13,0.013333333333333336,0.011547005383792518,0.9977705058925324,0.0022294941074676444,5.2425,311.2745765019208,8.0
H,terminal_value_shifted,572,-0.03748170285327,-0.04997560380435,-0.04997560380435,0.0799999999999972,0.08,13,0.013333333333333336,0.011547005383792518,0.9989703438402928,0.0010296561597071818,5.2425,311.2745765019208,8.0
H,terminal_value_shifted,573,-0.03748170285327,-0.04997560380435,0.04997560380435,0.0799999999999972,0.08,13,0.013333333333333336,0.011547005383792518,0.9972803437224436,0.002719656277556437,5.2425,311.2745765019208,8.0
H,terminal_value_shifted,574,-0.03748170285327,0.04997560380435,-0.04997560380435,0.0799999999999972,0.08,13,0.013333333333333336,0.011547005383792518,0.9995116125325075,0.0004883874674924682,5.2425,311.2745765019208,8.0
H,terminal_value_shifted,575,-0.03748170285327,0.04997560380435,0.04997560380435,0.0799999999999972,0.08,13,0.013333333333333336,0.011547005383792518,0.9973252826769228,0.0026747173230772248,5.2425,311.2745765019208,8.0
H,terminal_value_shifted,576,-0.03659965687983,-0.06099942813304,-0.03659965687983,0.08000000000000304,0.08,13,0.013333333333333336,0.011547005383792518,0.998997196819497,0.0010028031805030535,5.2425,311.2745765019208,8.0
H,terminal_value_shifted,577,-0.03659965687983,-0.06099942813304,0.03659965687983,0.08000000000000304,0.08,13,0.013333333333333336,0.011547005383792518,0.9977723809114035,0.0022276190885964775,5.2425,311.2745765019208,8.0
H,terminal_value_shifted,578,-0.03659965687983,-0.03659965687983,-0.06099942813304,0.08000000000000304,0.08,13,0.013333333333333336,0.011547005383792518,0.9989222559666184,0.0010777440333815669,5.2425,311.2745765019208,8.0
H,terminal_value_shifted,579,-0.03659965687983,-0.03659965687983,0.06099942813304,0.08000000000000304,0.08,13,0.013333333333333336,0.011547005383792518,0.9968357017504124,0.003164298249587638,5.2425,311.2745765019208,8.0
H,terminal_value_shifted,580,-0.03659965687983,0.03659965687983,-0.06099942813304,0.08000000000000304,0.08,13,0.013333333333333336,0.011547005383792518,0.9993883432386343,0.0006116567613656532,5.2425,311.2745765019208,8.0
H,terminal_value_shifted,581,-0.03659965687983,0.03659965687983,0.06099942813304,0.08000000000000304,0.08,13,0.013333333333333336,0.011547005383792518,0.9968466930646711,0.0031533069353288923,5.2425,311.2745765019208,8.0
H,terminal_value_shifted,582,-0.03659965687983,0.06099942813304,-0.03659965687983,0.08000000000000304,0.08,13,0.013333333333333336,0.011547005383792518,0.9995072839564503,0.0004927160435497235,5.2425,311.2745765019208,8.0
H,terminal_value_shifted,583,-0.03659965687983,0.06099942813304,0.03659965687983,0.08000000000000304,0.08,13,0.013333333333333336,0.011547005383792518,0.9978499417776849,0.0021500582223150655,5.2425,311.2745765019208,8.0
H,terminal_value_shifted,584,-0.03646738446708,-0.05470107670063,-0.04558423058386,0.08000000000000344,0.08,13,0.013333333333333336,0.011547005383792518,0.998986756048698,0.0010132439513019786,5.2425,311.2745765019208,8.0
H,terminal_value_shifted,585,-0.03646738446708,-0.05470107670063,0.04558423058386,0.08000000000000344,0.08,13,0.013333333333333336,0.011547005383792518,0.997458450429365,0.0025415495706350155,5.2425,311.2745765019208,8.0
H,terminal_value_shifted,586,-0.03646738446708,-0.04558423058386,-0.05470107670063,0.08000000000000344,0.08,13,0.013333333333333336,0.011547005383792518,0.9989509948952884,0.00104900510471162,5.2425,311.2745765019208,8.0
H,terminal_value_shifted,587,-0.03646738446708,-0.04558423058386,0.05470107670063,0.08000000000000344,0.08,13,0.013333333333333336,0.011547005383792518,0.9971029878642159,0.002897012135784083,5.2425,311.2745765019208,8.0
H,terminal_value_shifted,588,-0.03646738446708,0.04558423058386,-0.05470107670063,0.08000000000000344,0.08,13,0.013333333333333336,0.011547005383792518,0.9994731611862071,0.0005268388137928959,5.2425,311.2745765019208,8.0
H,terminal_value_shifted,589,-0.03646738446708,0.04558423058386,0.05470107670063,0.08000000000000344,0.08,13,0.013333333333333336,0.011547005383792518,0.9971245709761335,0.002875429023866505,5.2425,311.2745765019208,8.0
H,terminal_value_shifted,590,-0.03646738446708,0.05470107670063,-0.04558423058386,0.08000000000000344,0.08,13,0.013333333333333336,0.011547005383792518,0.9995227865366028,0.00047721346339724136,5.2425,311.2745765019208,8.0
H,terminal_value_shifted,591,-0.03646738446708,0.05470107670063,0.04558423058386,0.08000000000000344,0.08,13,0.013333333333333336,0.011547005383792518,0.9975035731297536,0.0024964268702464265,5.2425,311.2745765019208,8.0
H,terminal_value_shifted,592,-0.03577708764,-0.07155417527999,0.0,0.07999999999999859,0.08,13,0.013333333333333336,0.011547005383792518,0.9986995999053152,0.001300400094684795,5.2425,311.2745765019208,8.0
H,terminal_value_shifted,593,-0.03577708764,0.0,-0.07155417527999,0.07999999999999859,0.08,13,0.013333333333333336,0.011547005383792518,0.999002150158781,0.0009978498412189785,5.2425,311.2745765019208,8.0
H,terminal_value_shifted,594,-0.03577708764,0.0,0.07155417527999,0.07999999999999859,0.08,13,0.013333333333333336,0.011547005383792518,0.9963555556901205,0.0036444443098795354,5.2425,311.2745765019208,8.0
H,terminal_value_shifted,595,-0.03577708764,0.07155417527999,0.0,0.07999999999999859,0.08,13,0.013333333333333336,0.011547005383792518,0.998962302552246,0.0010376974477539491,5.2425,311.2745765019208,8.0
H,terminal_value_shifted,596,-0.03538606947718,-0.07077213895435,-0.01179535649239,0.08000000000000126,0.08,13,0.013333333333333336,0.011547005383792518,0.9988684232102194,0.0011315767897805973,5.2425,311.2745765019208,8.0
H,terminal_value_shifted,597,-0.03538606947718,-0.07077213895435,0.01179535649239,0.08000000000000126,0.08,13,0.013333333333333336,0.011547005383792518,0.9984757777850349,0.0015242222149650653,5.2425,311.2745765019208,8.0
H,terminal_value_shifted,598,-0.03538606947718,-0.01179535649239,-0.07077213895435,0.08000000000000126,0.08,13,0.013333333333333336,0.011547005383792518,0.9989280219840095,0.0010719780159904602,5.2425,311.2745765019208,8.0
H,terminal_value_shifted,599,-0.03538606947718,-0.01179535649239,0.07077213895435,0.08000000000000126,0.08,13,0.013333333333333336,0.011547005383792518,0.9963965183921961,0.0036034816078038823,5.2425,311.2745765019208,8.0
H,terminal_value_shifted,600,-0.03538606947718,0.01179535649239,-0.07077213895435,0.08000000000000126,0.08,13,0.013333333333333336,0.011547005383792518,0.9990993149337006,0.0009006850662993671,5.2425,311.2745765019208,8.0
H,terminal_value_shifted,601,-0.03538606947718,0.01179535649239,0.07077213895435,0.08000000000000126,0.08,13,0.013333333333333336,0.011547005383792518,0.9963931866032187,0.003606813396781261,5.2425,311.2745765019208,8.0
H,terminal_value_shifted,602,-0.03538606947718,0.07077213895435,-0.01179535649239,0.08000000000000126,0.08,13,0.013333333333333336,0.011547005383792518,0.9992077031517681,0.0007922968482318993,5.2425,311.2745765019208,8.0
H,terminal_value_shifted,603,-0.03538606947718,0.07077213895435,0.01179535649239,0.08000000000000126,0.08,13,0.013333333333333336,0.011547005383792518,0.9986576466828616,0.0013423533171383895,5.2425,311.2745765019208,8.0
H,terminal_value_shifted,604,-0.03428571428571,-0.06857142857143,-0.02285714285714,0.07999999999999857,0.08,13,0.013333333333333336,0.011547005383792518,0.998974036560038,0.0010259634399619744,5.2425,311.2745765019208,8.0
H,terminal_value_shifted,605,-0.03428571428571,-0.06857142857143,0.02285714285714,0.07999999999999857,0.08,13,0.013333333333333336,0.011547005383792518,0.9982179877632446,0.001782012236755448,5.2425,311.2745765019208,8.0
H,terminal_value_shifted,606,-0.03428571428571,-0.02285714285714,-0.06857142857143,0.07999999999999857,0.08,13,0.013333333333333336,0.011547005383792518,0.9988878220454687,0.0011121779545313348,5.2425,311.2745765019208,8.0
H,terminal_value_shifted,607,-0.03428571428571,-0.02285714285714,0.06857142857143,0.07999999999999857,0.08,13,0.013333333333333336,0.011547005383792518,0.9965103943989465,0.0034896056010534915,5.2425,311.2745765019208,8.0
H,terminal_value_shifted,608,-0.03428571428571,0.02285714285714,-0.06857142857143,0.07999999999999857,0.08,13,0.013333333333333336,0.011547005383792518,0.9992021831766611,0.0007978168233389038,5.2425,311.2745765019208,8.0
H,terminal_value_shifted,609,-0.03428571428571,0.02285714285714,0.06857142857143,0.07999999999999857,0.08,13,0.013333333333333336,0.011547005383792518,0.9964989727240795,0.0035010272759204986,5.2425,311.2745765019208,8.0
H,terminal_value_shifted,610,-0.03428571428571,0.06857142857143,-0.02285714285714,0.07999999999999857,0.08,13,0.013333333333333336,0.011547005383792518,0.9993772630215592,0.000622736978440841,5.2425,311.2745765019208,8.0
H,terminal_value_shifted,611,-0.03428571428571,0.06857142857143,0.02285714285714,0.07999999999999857,0.08,13,0.013333333333333336,0.011547005383792518,0.9983231090645848,0.0016768909354152317,5.2425,311.2745765019208,8.0
H,terminal_value_shifted,612,-0.0341121146169,-0.05116817192535,-0.05116817192535,0.08000000000000547,0.08,13,0.013333333333333336,0.011547005383792518,0.9989706451542104,0.0010293548457895874,5.2425,311.2745765019208,8.0
H,terminal_value_shifted,613,-0.0341121146169,-0.05116817192535,0.05116817192535,0.08000000000000547,0.08,13,0.013333333333333336,0.011547005383792518,0.9972717969544691,0.002728203045530897,5.2425,311.2745765019208,8.0
H,terminal_value_shifted,614,-0.0341121146169,0.05116817192535,-0.05116817192535,0.08000000000000547,0.08,13,0.013333333333333336,0.011547005383792518,0.9994938297985025,0.0005061702014974578,5.2425,311.2745765019208,8.0
H,terminal_value_shifted,615,-0.0341121146169,0.05116817192535,0.05116817192535,0.08000000000000547,0.08,13,0.013333333333333336,0.011547005383792518,0.997273723771816,0.002726276228183999,5.2425,311.2745765019208,8.0
H,terminal_value_shifted,616,-0.03394112549695,-0.05656854249492,-0.04525483399594,0.07999999999999603,0.08,13,0.013333333333333336,0.011547005383792518,0.9989975018923749,0.0010024981076250938,5.2425,311.2745765019208,8.0
H,terminal_value_shifted,617,-0.03394112549695,-0.05656854249492,0.04525483399594,0.07999999999999603,0.08,13,0.013333333333333336,0.011547005383792518,0.9975013933652931,0.0024986066347069125,5.2425,311.2745765019208,8.0
H,terminal_value_shifted,618,-0.03394112549695,-0.04525483399594,-0.05656854249492,0.07999999999999603,0.08,13,0.013333333333333336,0.011547005383792518,0.9989394771939597,0.0010605228060402982,5.2425,311.2745765019208,8.0
H,terminal_value_shifted,619,-0.03394112549695,-0.04525483399594,0.05656854249492,0.07999999999999603,0.08,13,0.013333333333333336,0.011547005383792518,0.9970524854002689,0.0029475145997310825,5.2425,311.2745765019208,8.0
H,terminal_value_shifted,620,-0.03394112549695,0.04525483399594,-0.05656854249492,0.07999999999999603,0.08,13,0.013333333333333336,0.011547005383792518,0.9994461972977338,0.0005538027022662373,5.2425,311.2745765019208,8.0
H,terminal_value_shifted,621,-0.03394112549695,0.04525483399594,0.05656854249492,0.07999999999999603,0.08,13,0.013333333333333336,0.011547005383792518,0.9970432535920152,0.0029567464079848227,5.2425,311.2745765019208,8.0
H,terminal_value_shifted,622,-0.03394112549695,0.05656854249492,-0.04525483399594,0.07999999999999603,0.08,13,0.013333333333333336,0.011547005383792518,0.9995148009660744,0.0004851990339256318,5.2425,311.2745765019208,8.0
H,terminal_value_shifted,623,-0.03394112549695,0.05656854249492,0.04525483399594,0.07999999999999603,0.08,13,0.013333333333333336,0.011547005383792518,0.997515191941203,0.002484808058797028,5.2425,311.2745765019208,8.0
H,terminal_value_shifted,624,-0.03265986323711,-0.06531972647422,-0.03265986323711,0.08000000000000235,0.08,13,0.013333333333333336,0.011547005383792518,0.9990225082065862,0.0009774917934137761,5.2425,311.2745765019208,8.0
H,terminal_value_shifted,625,-0.03265986323711,-0.06531972647422,0.03265986323711,0.08000000000000235,0.08,13,0.013333333333333336,0.011547005383792518,0.9979518358878181,0.002048164112181894,5.2425,311.2745765019208,8.0
H,terminal_value_shifted,626,-0.03265986323711,-0.03265986323711,-0.06531972647422,0.08000000000000236,0.08,13,0.013333333333333336,0.011547005383792518,0.9988815976711485,0.00111840232885152,5.2425,311.2745765019208,8.0
H,terminal_value_shifted,627,-0.03265986323711,-0.03265986323711,0.06531972647422,0.08000000000000236,0.08,13,0.013333333333333336,0.011547005383792518,0.9966778659351377,0.003322134064862259,5.2425,311.2745765019208,8.0
H,terminal_value_shifted,628,-0.03265986323711,0.03265986323711,-0.06531972647422,0.08000000000000236,0.08,13,0.013333333333333336,0.011547005383792518,0.999295085626349,0.0007049143736510555,5.2425,311.2745765019208,8.0
H,terminal_value_shifted,629,-0.03265986323711,0.03265986323711,0.06531972647422,0.08000000000000236,0.08,13,0.013333333333333336,0.011547005383792518,0.9966518485837665,0.003348151416233458,5.2425,311.2745765019208,8.0
H,terminal_value_shifted,630,-0.03265986323711,0.06531972647422,-0.03265986323711,0.08000000000000235,0.08,13,0.013333333333333336,0.011547005383792518,0.9994715907948515,0.0005284092051485167,5.2425,311.2745765019208,8.0
H,terminal_value_shifted,631,-0.03265986323711,0.06531972647422,0.03265986323711,0.08000000000000235,0.08,13,0.013333333333333336,0.011547005383792518,0.9979901590604018,0.0020098409395982175,5.2425,311.2745765019208,8.0
H,terminal_value_shifted,632,-0.0312453386354,-0.05207556439233,-0.05207556439233,0.08000000000000147,0.08,13,0.013333333333333336,0.011547005383792518,0.9989717666375844,0.0010282333624156426,5.2425,311.2745765019208,8.0
H,terminal_value_shifted,633,-0.0312453386354,-0.05207556439233,0.05207556439233,0.08000000000000147,0.08,13,0.013333333333333336,0.011547005383792518,0.9972696748069474,0.0027303251930526073,5.2425,311.2745765019208,8.0
H,terminal_value_shifted,634,-0.0312453386354,0.05207556439233,-0.05207556439233,0.08000000000000147,0.08,13,0.013333333333333336,0.011547005383792518,0.9994792818066504,0.0005207181933496452,5.2425,311.2745765019208,8.0
H,terminal_value_shifted,635,-0.0312453386354,0.05207556439233,0.05207556439233,0.08000000000000147,0.08,13,0.013333333333333336,0.011547005383792518,0.9972360503240714,0.002763949675928634,5.2425,311.2745765019208,8.0
H,terminal_value_shifted,636,-0.0307288511839,-0.06145770236779,-0.04097180157853,0.08000000000000354,0.08,13,0.013333333333333336,0.011547005383792518,0.9990285999176798,0.0009714000823202174,5.2425,311.2745765019208,8.0
H,terminal_value_shifted,637,-0.0307288511839,-0.06145770236779,0.04097180157853,0.08000000000000354,0.08,13,0.013333333333333336,0.011547005383792518,0.9976986917903834,0.0023013082096166038,5.2425,311.2745765019208,8.0
H,terminal_value_shifted,638,-0.0307288511839,-0.04097180157853,-0.06145770236779,0.08000000000000354,0.08,13,0.013333333333333336,0.011547005383792518,0.9989010387398146,0.0010989612601853826,5.2425,311.2745765019208,8.0
H,terminal_value_shifted,639,-0.0307288511839,-0.04097180157853,0.06145770236779,0.08000000000000354,0.08,13,0.013333333333333336,0.011547005383792518,0.9968744356324414,0.0031255643675586198,5.2425,311.2745765019208,8.0
H,terminal_value_shifted,640,-0.0307288511839,0.04097180157853,-0.06145770236779,0.08000000000000354,0.08,13,0.013333333333333336,0.011547005383792518,0.9993692192649835,0.0006307807350165451,5.2425,311.2745765019208,8.0
H,terminal_value_shifted,641,-0.0307288511839,0.04097180157853,0.06145770236779,0.08000000000000354,0.08,13,0.013333333333333336,0.011547005383792518,0.9968288615005416,0.0031711384994583813,5.2425,311.2745765019208,8.0
H,terminal_value_shifted,642,-0.0307288511839,0.06145770236779,-0.04097180157853,0.08000000000000354,0.08,13,0.013333333333333336,0.011547005383792518,0.9995043132342736,0.0004956867657264219,5.2425,311.2745765019208,8.0
H,terminal_value_shifted,643,-0.0307288511839,0.06145770236779,0.04097180157853,0.08000000000000354,0.08,13,0.013333333333333336,0.011547005383792518,0.9976828093478067,0.0023171906521932684,5.2425,311.2745765019208,8.0
H,terminal_value_shifted,644,-0.02868548662403,-0.05737097324805,-0.04780914437338,0.08000000000000353,0.08,13,0.013333333333333336,0.011547005383792518,0.9990084678588642,0.000991532141135787,5.2425,311.2745765019208,8.0
H,terminal_value_shifted,645,-0.02868548662403,-0.05737097324805,0.04780914437338,0.08000000000000353,0.08,13,0.013333333333333336,0.011547005383792518,0.9974714910775265,0.0025285089224734714,5.2425,311.2745765019208,8.0
H,terminal_value_shifted,646,-0.02868548662403,-0.04780914437338,-0.05737097324805,0.08000000000000353,0.08,13,0.013333333333333336,0.011547005383792518,0.9989352609559434,0.001064739044056573,5.2425,311.2745765019208,8.0
H,terminal_value_shifted,647,-0.02868548662403,-0.04780914437338,0.05737097324805,0.08000000000000353,0.08,13,0.013333333333333336,0.011547005383792518,0.9970785184318266,0.0029214815681734008,5.2425,311.2745765019208,8.0
H,terminal_value_shifted,648,-0.02868548662403,0.04780914437338,-0.05737097324805,0.08000000000000353,0.08,13,0.013333333333333336,0.011547005383792518,0.9994226577038114,0.0005773422961885544,5.2425,311.2745765019208,8.0
H,terminal_value_shifted,649,-0.02868548662403,0.04780914437338,0.05737097324805,0.08000000000000353,0.08,13,0.013333333333333336,0.011547005383792518,0.9970114304976315,0.0029885695023684766,5.2425,311.2745765019208,8.0
H,terminal_value_shifted,650,-0.02868548662403,0.05737097324805,-0.04780914437338,0.08000000000000353,0.08,13,0.013333333333333336,0.011547005383792518,0.9994939792257788,0.0005060207742212386,5.2425,311.2745765019208,8.0
H,terminal_value_shifted,651,-0.02868548662403,0.05737097324805,0.04780914437338,0.08000000000000353,0.08,13,0.013333333333333336,0.011547005383792518,0.9974140362158429,0.002585963784157097,5.2425,311.2745765019208,8.0
H,terminal_value_shifted,652,-0.02666666666667,-0.06666666666667,-0.02666666666667,0.07659416862051227,0.08,13,0.013333333333333336,0.011547005383792518,0.9990947500308571,0.0009052499691428739,5.2425,311.2745765019208,8.0
H,terminal_value_shifted,653,-0.02666666666667,-0.06666666666667,-0.01333333333333,0.0730296743340258,0.08,13,0.013333333333333336,0.011547005383792518,0.9990417975661506,0.0009582024338493644,5.2425,311.2745765019208,8.0
H,terminal_value_shifted,654,-0.02666666666667,-0.06666666666667,0.0,0.07180219742846439,0.08,13,0.013333333333333336,0.011547005383792518,0.9988811869011297,0.0011188130988702971,5.2425,311.2745765019208,8.0
H,terminal_value_shifted,655,-0.02666666666667,-0.06666666666667,0.01333333333333,0.0730296743340258,0.08,13,0.013333333333333336,0.011547005383792518,0.9986148132916279,0.001385186708372066,5.2425,311.2745765019208,8.0
H,terminal_value_shifted,656,-0.02666666666667,-0.06666666666667,0.02666666666667,0.07659416862051227,0.08,13,0.013333333333333336,0.011547005383792518,0.9982441406479741,0.0017558593520259347,5.2425,311.2745765019208,8.0
H,terminal_value_shifted,657,-0.02666666666667,-0.05333333333333,-0.05333333333333,0.07999999999999667,0.08,13,0.013333333333333336,0.011547005383792518,0.9989751165907185,0.0010248834092815295,5.2425,311.2745765019208,8.0
H,terminal_value_shifted,658,-0.02666666666667,-0.05333333333333,-0.04,0.07180219742845882,0.08,13,0.013333333333333336,0.011547005383792518,0.9991427579541359,0.0008572420458641261,5.2425,311.2745765019208,8.0
H,terminal_value_shifted,659,-0.02666666666667,-0.05333333333333,-0.02666666666667,0.06531972647421809,0.08,13,0.013333333333333336,0.011547005383792518,0.9991980408674215,0.0008019591325785225,5.2425,311.2745765019208,8.0
H,terminal_value_shifted,660,-0.02666666666667,-0.05333333333333,-0.01333333333333,0.06110100926607569,0.08,13,0.013333333333333336,0.011547005383792518,0.9991433572479924,0.0008566427520075859,5.2425,311.2745765019208,8.0
H,terminal_value_shifted,661,-0.02666666666667,-0.05333333333333,0.0,0.059628479399992905,0.08,13,0.013333333333333336,0.011547005383792518,0.9989806835318417,0.0010193164681583378,5.2425,311.2745765019208,8.0
H,terminal_value_shifted,662,-0.02666666666667,-0.05333333333333,0.01333333333333,0.06110100926607569,0.08,13,0.013333333333333336,0.011547005383792518,0.9987115823181765,0.0012884176818235282,5.2425,311.2745765019208,8.0
H,terminal_value_shifted,663,-0.02666666666667,-0.05333333333333,0.02666666666667,0.06531972647421809,0.08,13,0.013333333333333336,0.011547005383792518,0.998337207026396,0.0016627929736040548,5.2425,311.2745765019208,8.0
H,terminal_value_shifted,664,-0.02666666666667,-0.05333333333333,0.04,0.07180219742845882,0.08,13,0.013333333333333336,0.011547005383792518,0.9978583094701827,0.002141690529817275,5.2425,311.2745765019208,8.0
H,terminal_value_shifted,665,-0.02666666666667,-0.05333333333333,0.05333333333333,0.07999999999999667,0.08,13,0.013333333333333336,0.011547005383792518,0.9972752502849087,0.0027247497150912903,5.2425,311.2745765019208,8.0
H,terminal_value_shifted,666,-0.02666666666667,-0.04,-0.05333333333333,0.07180219742845882,0.08,13,0.013333333333333336,0.011547005383792518,0.999084311561582,0.0009156884384180497,5.2425,311.2745765019208,8.0
H,terminal_value_shifted,667,-0.02666666666667,-0.04,-0.04,0.06253887679764715,0.08,13,0.013333333333333336,0.011547005383792518,0.9992488658832963,0.0007511341167036889,5.2425,311.2745765019208,8.0
H,terminal_value_shifted,668,-0.02666666666667,-0.04,-0.02666666666667,0.054974741674905375,0.08,13,0.013333333333333336,0.011547005383792518,0.9993014403627836,0.0006985596372164338,5.2425,311.2745765019208,8.0
H,terminal_value_shifted,669,-0.02666666666667,-0.04,-0.01333333333333,0.04988876515698678,0.08,13,0.013333333333333336,0.011547005383792518,0.9992440508134717,0.0007559491865283263,5.2425,311.2745765019208,8.0
H,terminal_value_shifted,670,-0.02666666666667,-0.04,0.0,0.04807401700618837,0.08,13,0.013333333333333336,0.011547005383792518,0.9990783199267158,0.0009216800732841923,5.2425,311.2745765019208,8.0
H,terminal_value_shifted,671,-0.02666666666667,-0.04,0.01333333333333,0.04988876515698678,0.08,13,0.013333333333333336,0.011547005383792518,0.9988054782912749,0.001194521708725138,5.2425,311.2745765019208,8.0
H,terminal_value_shifted,672,-0.02666666666667,-0.04,0.02666666666667,0.054974741674905375,0.08,13,0.013333333333333336,0.011547005383792518,0.9984263684167447,0.0015736315832552972,5.2425,311.2745765019208,8.0
H,terminal_value_shifted,673,-0.02666666666667,-0.04,0.04,0.06253887679764715,0.08,13,0.013333333333333336,0.011547005383792518,0.9979414516912412,0.002058548308758845,5.2425,311.2745765019208,8.0
H,terminal_value_shifted,674,-0.02666666666667,-0.04,0.05333333333333,0.07180219742845882,0.08,13,0.013333333333333336,0.011547005383792518,0.9973508182327613,0.0026491817672387175,5.2425,311.2745765019208,8.0
H,terminal_value_shifted,675,-0.02666666666667,-0.02666666666667,-0.06666666666667,0.07659416862051227,0.08,13,0.013333333333333336,0.011547005383792518,0.9989165699466525,0.001083430053347545,5.2425,311.2745765019208,8.0
H,terminal_value_shifted,676,-0.02666666666667,-0.02666666666667,-0.05333333333333,0.06531972647421809,0.08,13,0.013333333333333336,0.011547005383792518,0.9991905630647016,0.0008094369352984465,5.2425,311.2745765019208,8.0
H,terminal_value_shifted,677,-0.02666666666667,-0.02666666666667,-0.04,0.054974741674905375,0.08,13,0.013333333333333336,0.011547005383792518,0.9993509385003583,0.0006490614996417232,5.2425,311.2745765019208,8.0
H,terminal_value_shifted,678,-0.02666666666667,-0.02666666666667,-0.02666666666667,0.04618802153517583,0.08,13,0.013333333333333336,0.011547005383792518,0.9993997077634414,0.0006002922365585528,5.2425,311.2745765019208,8.0
H,terminal_value_shifted,679,-0.02666666666667,-0.02666666666667,-0.01333333333333,0.04000000000000333,0.08,13,0.013333333333333336,0.011547005383792518,0.9993385127557826,0.0006614872442174402,5.2425,311.2745765019208,8.0
H,terminal_value_shifted,680,-0.02666666666667,-0.02666666666667,0.0,0.037712361663287244,0.08,13,0.013333333333333336,0.011547005383792518,0.9991686232655229,0.000831376734477085,5.2425,311.2745765019208,8.0
H,terminal_value_shifted,681,-0.02666666666667,-0.02666666666667,0.01333333333333,0.04000000000000333,0.08,13,0.013333333333333336,0.011547005383792518,0.9988909375338504,0.001109062466149613,5.2425,311.2745765019208,8.0
H,terminal_value_shifted,682,-0.02666666666667,-0.02666666666667,0.02666666666667,0.04618802153517583,0.08,13,0.013333333333333336,0.011547005383792518,0.9985059858216373,0.0014940141783627015,5.2425,311.2745765019208,8.0
H,terminal_value_shifted,683,-0.02666666666667,-0.02666666666667,0.04,0.054974741674905375,0.08,13,0.013333333333333336,0.011547005383792518,0.998013936930254,0.0019860630697460246,5.2425,311.2745765019208,8.0
H,terminal_value_shifted,684,-0.02666666666667,-0.02666666666667,0.05333333333333,0.06531972647421809,0.08,13,0.013333333333333336,0.011547005383792518,0.9974146076575692,0.0025853923424308256,5.2425,311.2745765019208,8.0
H,terminal_value_shifted,685,-0.02666666666667,-0.02666666666667,0.06666666666667,0.07659416862051227,0.08,13,0.013333333333333336,0.011547005383792518,0.9967074751965119,0.0032925248034880727,5.2425,311.2745765019208,8.0
H,terminal_value_shifted,686,-0.02666666666667,-0.01333333333333,-0.06666666666667,0.0730296743340258,0.08,13,0.013333333333333336,0.011547005383792518,0.999020842315017,0.000979157684983023,5.2425,311.2745765019208,8.0
H,terminal_value_shifted,687,-0.02666666666667,-0.01333333333333,-0.05333333333333,0.06110100926607569,0.08,13,0.013333333333333336,0.011547005383792518,0.9992886172505964,0.0007113827494036329,5.2425,311.2745765019208,8.0
H,terminal_value_shifted,688,-0.02666666666667,-0.01333333333333,-0.04,0.04988876515698678,0.08,13,0.013333333333333336,0.011547005383792518,0.9994435543055022,0.0005564456944977536,5.2425,311.2745765019208,8.0
H,terminal_value_shifted,689,-0.02666666666667,-0.01333333333333,-0.02666666666667,0.04000000000000333,0.08,13,0.013333333333333336,0.011547005383792518,0.9994872723393692,0.0005127276606308184,5.2425,311.2745765019208,8.0
H,terminal_value_shifted,690,-0.02666666666667,-0.01333333333333,-0.01333333333333,0.032659863237109045,0.08,13,0.013333333333333336,0.011547005383792518,0.9994210405673462,0.0005789594326538472,5.2425,311.2745765019208,8.0
H,terminal_value_shifted,691,-0.02666666666667,-0.01333333333333,0.0,0.029814239699998687,0.08,13,0.013333333333333336,0.011547005383792518,0.9992457758041342,0.0007542241958657936,5.2425,311.2745765019208,8.0
H,terminal_value_shifted,692,-0.02666666666667,-0.01333333333333,0.01333333333333,0.032659863237109045,0.08,13,0.013333333333333336,0.011547005383792518,0.9989620427555702,0.001037957244429788,5.2425,311.2745765019208,8.0
H,terminal_value_shifted,693,-0.02666666666667,-0.01333333333333,0.02666666666667,0.04000000000000333,0.08,13,0.013333333333333336,0.011547005383792518,0.9985700573097511,0.0014299426902488754,5.2425,311.2745765019208,8.0
H,terminal_value_shifted,694,-0.02666666666667,-0.01333333333333,0.04,0.04988876515698678,0.08,13,0.013333333333333336,0.011547005383792518,0.9980696928042612,0.001930307195738834,5.2425,311.2745765019208,8.0
H,terminal_value_shifted,695,-0.02666666666667,-0.01333333333333,0.05333333333333,0.06110100926607569,0.08,13,0.013333333333333336,0.011547005383792518,0.9974604892705733,0.0025395107294267083,5.2425,311.2745765019208,8.0
H,terminal_value_shifted,696,-0.02666666666667,-0.01333333333333,0.06666666666667,0.0730296743340258,0.08,13,0.013333333333333336,0.011547005383792518,0.9967416656805628,0.0032583343194372283,5.2425,311.2745765019208,8.0
H,terminal_value_shifted,697,-0.02666666666667,0.0,-0.06666666666667,0.07180219742846439,0.08,13,0.013333333333333336,0.011547005383792518,0.9991128762607191,0.0008871237392809039,5.2425,311.2745765019208,8.0
H,terminal_value_shifted,698,-0.02666666666667,0.0,-0.05333333333333,0.059628479399992905,0.08,13,0.013333333333333336,0.011547005383792518,0.9993729716590531,0.0006270283409468558,5.2425,311.2745765019208,8.0
H,terminal_value_shifted,699,-0.02666666666667,0.0,-0.04,0.04807401700618837,0.08,13,0.013333333333333336,0.011547005383792518,0.9995210378097028,0.0004789621902971941,5.2425,311.2745765019208,8.0
H,terminal_value_shifted,700,-0.02666666666667,0.0,-0.02666666666667,0.037712361663287244,0.08,13,0.013333333333333336,0.011547005383792518,0.9995583027383956,0.00044169726160436795,5.2425,311.2745765019208,8.0
H,terminal_value_shifted,701,-0.02666666666667,0.0,-0.01333333333333,0.029814239699998687,0.08,13,0.013333333333333336,0.011547005383792518,0.9994856633764632,0.0005143366235368374,5.2425,311.2745765019208,8.0
H,terminal_value_shifted,702,-0.02666666666667,0.0,0.0,0.02666666666667,0.08,13,0.013333333333333336,0.011547005383792518,0.9993036827317059,0.000696317268294111,5.2425,311.2745765019208,8.0
H,terminal_value_shifted,703,-0.02666666666667,0.0,0.01333333333333,0.029814239699998687,0.08,13,0.013333333333333336,0.011547005383792518,0.9990125900865517,0.0009874099134482561,5.2425,311.2745765019208,8.0
H,terminal_value_shifted,704,-0.02666666666667,0.0,0.02666666666667,0.037712361663287244,0.08,13,0.013333333333333336,0.011547005383792518,0.9986122841983702,0.0013877158016297741,5.2425,311.2745765019208,8.0
H,terminal_value_shifted,705,-0.02666666666667,0.0,0.04,0.04807401700618837,0.08,13,0.013333333333333336,0.011547005383792518,0.9981023394991961,0.001897660500803866,5.2425,311.2745765019208,8.0
H,terminal_value_shifted,706,-0.02666666666667,0.0,0.05333333333333,0.059628479399992905,0.08,13,0.013333333333333336,0.011547005383792518,0.9974820153142933,0.0025179846857067423,5.2425,311.2745765019208,8.0
H,terminal_value_shifted,707,-0.02666666666667,0.0,0.06666666666667,0.07180219742846439,0.08,13,0.013333333333333336,0.011547005383792518,0.9967502681405187,0.0032497318594812974,5.2425,311.2745765019208,8.0
H,terminal_value_shifted,708,-0.02666666666667,0.01333333333333,-0.06666666666667,0.0730296743340258,0.08,13,0.013333333333333336,0.011547005383792518,0.9991871758520536,0.0008128241479463671,5.2425,311.2745765019208,8.0
H,terminal_value_shifted,709,-0.02666666666667,0.01333333333333,-0.05333333333333,0.06110100926607569,0.08,13,0.013333333333333336,0.011547005383792518,0.9994379351022371,0.0005620648977628928,5.2425,311.2745765019208,8.0
H,terminal_value_shifted,710,-0.02666666666667,0.01333333333333,-0.04,0.04988876515698678,0.08,13,0.013333333333333336,0.011547005383792518,0.9995775191272875,0.0004224808727124607,5.2425,311.2745765019208,8.0
H,terminal_value_shifted,711,-0.02666666666667,0.01333333333333,-0.02666666666667,0.04000000000000333,0.08,13,0.013333333333333336,0.011547005383792518,0.9996067662186711,0.0003932337813289388,5.2425,311.2745765019208,8.0
H,terminal_value_shifted,712,-0.02666666666667,0.01333333333333,-0.01333333333333,0.032659863237109045,0.08,13,0.013333333333333336,0.011547005383792518,0.9995262007670671,0.00047379923293289217,5.2425,311.2745765019208,8.0
H,terminal_value_shifted,713,-0.02666666666667,0.01333333333333,0.0,0.029814239699998687,0.08,13,0.013333333333333336,0.011547005383792518,0.9993360305408345,0.0006639694591654699,5.2425,311.2745765019208,8.0
H,terminal_value_shifted,714,-0.02666666666667,0.01333333333333,0.01333333333333,0.032659863237109045,0.08,13,0.013333333333333336,0.011547005383792518,0.9990361469755206,0.000963853024479433,5.2425,311.2745765019208,8.0
H,terminal_value_shifted,715,-0.02666666666667,0.01333333333333,0.02666666666667,0.04000000000000333,0.08,13,0.013333333333333336,0.011547005383792518,0.9986261284704661,0.0013738715295339432,5.2425,311.2745765019208,8.0
H,terminal_value_shifted,716,-0.02666666666667,0.01333333333333,0.04,0.04988876515698678,0.08,13,0.013333333333333336,0.011547005383792518,0.9981052467087514,0.001894753291248552,5.2425,311.2745765019208,8.0
H,terminal_value_shifted,717,-0.02666666666667,0.01333333333333,0.05333333333333,0.06110100926607569,0.08,13,0.013333333333333336,0.011547005383792518,0.9974724760367164,0.0025275239632835955,5.2425,311.2745765019208,8.0
H,terminal_value_shifted,718,-0.02666666666667,0.01333333333333,0.06666666666667,0.0730296743340258,0.08,13,0.013333333333333336,0.011547005383792518,0.9967265059583315,0.0032734940416685454,5.2425,311.2745765019208,8.0
H,terminal_value_shifted,719,-0.02666666666667,0.02666666666667,-0.06666666666667,0.07659416862051227,0.08,13,0.013333333333333336,0.011547005383792518,0.9992381083983873,0.0007618916016126631,5.2425,311.2745765019208,8.0
H,terminal_value_shifted,720,-0.02666666666667,0.02666666666667,-0.05333333333333,0.06531972647421809,0.08,13,0.013333333333333336,0.011547005383792518,0.9994776755466683,0.0005223244533316684,5.2425,311.2745765019208,8.0
H,terminal_value_shifted,721,-0.02666666666667,0.02666666666667,-0.04,0.054974741674905375,0.08,13,0.013333333333333336,0.011547005383792518,0.9996069819007991,0.0003930180992008925,5.2425,311.2745765019208,8.0
H,terminal_value_shifted,722,-0.02666666666667,0.02666666666667,-0.02666666666667,0.04618802153517583,0.08,13,0.013333333333333336,0.011547005383792518,0.999626476575001,0.0003735234249989672,5.2425,311.2745765019208,8.0
H,terminal_value_shifted,723,-0.02666666666667,0.02666666666667,-0.01333333333333,0.04000000000000333,0.08,13,0.013333333333333336,0.011547005383792518,0.9995363106786121,0.00046368932138785013,5.2425,311.2745765019208,8.0
H,terminal_value_shifted,724,-0.02666666666667,0.02666666666667,0.0,0.037712361663287244,0.08,13,0.013333333333333336,0.011547005383792518,0.9993363348854865,0.0006636651145135453,5.2425,311.2745765019208,8.0
H,terminal_value_shifted,725,-0.02666666666667,0.02666666666667,0.01333333333333,0.04000000000000333,0.08,13,0.013333333333333336,0.011547005383792518,0.9990261000015548,0.0009738999984452157,5.2425,311.2745765019208,8.0
H,terminal_value_shifted,726,-0.02666666666667,0.02666666666667,0.02666666666667,0.04618802153517583,0.08,13,0.013333333333333336,0.011547005383792518,0.9986048605460671,0.001395139453932881,5.2425,311.2745765019208,8.0
H,terminal_value_shifted,727,-0.02666666666667,0.02666666666667,0.04,0.054974741674905375,0.08,13,0.013333333333333336,0.011547005383792518,0.9980715813801335,0.0019284186198664788,5.2425,311.2745765019208,8.0
H,terminal_value_shifted,728,-0.02666666666667,0.02666666666667,0.05333333333333,0.06531972647421809,0.08,13,0.013333333333333336,0.011547005383792518,0.9974249474338903,0.0025750525661096813,5.2425,311.2745765019208,8.0
H,terminal_value_shifted,729,-0.02666666666667,0.02666666666667,0.06666666666667,0.07659416862051227,0.08,13,0.013333333333333336,0.011547005383792518,0.9966633766003442,0.0033366233996557915,5.2425,311.2745765019208,8.0
H,terminal_value_shifted,730,-0.02666666666667,0.04,-0.05333333333333,0.07180219742845882,0.08,13,0.013333333333333336,0.011547005383792518,0.9994862550230423,0.0005137449769576641,5.2425,311.2745765019208,8.0
H,terminal_value_shifted,731,-0.02666666666667,0.04,-0.04,0.06253887679764715,0.08,13,0.013333333333333336,0.011547005383792518,0.9996032986623986,0.0003967013376013906,5.2425,311.2745765019208,8.0
H,terminal_value_shifted,732,-0.02666666666667,0.04,-0.02666666666667,0.054974741674905375,0.08,13,0.013333333333333336,0.011547005383792518,0.9996111299351307,0.00038887006486931774,5.2425,311.2745765019208,8.0
H,terminal_value_shifted,733,-0.02666666666667,0.04,-0.01333333333333,0.04988876515698678,0.08,13,0.013333333333333336,0.011547005383792518,0.9995095256305715,0.0004904743694285063,5.2425,311.2745765019208,8.0
H,terminal_value_shifted,734,-0.02666666666667,0.04,0.0,0.04807401700618837,0.08,13,0.013333333333333336,0.011547005383792518,0.9992979772360506,0.0007020227639493726,5.2425,311.2745765019208,8.0
H,terminal_value_shifted,735,-0.02666666666667,0.04,0.01333333333333,0.04988876515698678,0.08,13,0.013333333333333336,0.011547005383792518,0.9989756919699643,0.0010243080300357255,5.2425,311.2745765019208,8.0
H,terminal_value_shifted,736,-0.02666666666667,0.04,0.02666666666667,0.054974741674905375,0.08,13,0.013333333333333336,0.011547005383792518,0.998541596836172,0.0014584031638279482,5.2425,311.2745765019208,8.0
H,terminal_value_shifted,737,-0.02666666666667,0.04,0.04,0.06253887679764715,0.08,13,0.013333333333333336,0.011547005383792518,0.9979943457489965,0.002005654251003519,5.2425,311.2745765019208,8.0
H,terminal_value_shifted,738,-0.02666666666667,0.04,0.05333333333333,0.07180219742845882,0.08,13,0.013333333333333336,0.011547005383792518,0.997332329793643,0.0026676702063570534,5.2425,311.2745765019208,8.0
H,terminal_value_shifted,739,-0.02666666666667,0.05333333333333,-0.05333333333333,0.07999999999999667,0.08,13,0.013333333333333336,0.011547005383792518,0.9994576509984799,0.0005423490015200594,5.2425,311.2745765019208,8.0
H,terminal_value_shifted,740,-0.02666666666667,0.05333333333333,-0.04,0.07180219742845882,0.08,13,0.013333333333333336,0.011547005383792518,0.9995602531271737,0.00043974687282632985,5.2425,311.2745765019208,8.0
H,terminal_value_shifted,741,-0.02666666666667,0.05333333333333,-0.02666666666667,0.06531972647421809,0.08,13,0.013333333333333336,0.011547005383792518,0.9995543279785964,0.00044567202140355366,5.2425,311.2745765019208,8.0
H,terminal_value_shifted,742,-0.02666666666667,0.05333333333333,-0.01333333333333,0.06110100926607569,0.08,13,0.013333333333333336,0.011547005383792518,0.9994392768778854,0.0005607231221146369,5.2425,311.2745765019208,8.0
H,terminal_value_shifted,743,-0.02666666666667,0.05333333333333,0.0,0.059628479399992905,0.08,13,0.013333333333333336,0.011547005383792518,0.9992142299880291,0.0007857700119708877,5.2425,311.2745765019208,8.0
H,terminal_value_shifted,744,-0.02666666666667,0.05333333333333,0.01333333333333,0.06110100926607569,0.08,13,0.013333333333333336,0.011547005383792518,0.9988780479955518,0.0011219520044482012,5.2425,311.2745765019208,8.0
H,terminal_value_shifted,745,-0.02666666666667,0.05333333333333,0.02666666666667,0.06531972647421809,0.08,13,0.013333333333333336,0.011547005383792518,0.9984293268255787,0.0015706731744212776,5.2425,311.2745765019208,8.0
H,terminal_value_shifted,746,-0.02666666666667,0.05333333333333,0.04,0.07180219742845882,0.08,13,0.013333333333333336,0.011547005383792518,0.9978664054496214,0.002133594550378648,5.2425,311.2745765019208,8.0
H,terminal_value_shifted,747,-0.02666666666667,0.05333333333333,0.05333333333333,0.07999999999999667,0.08,13,0.013333333333333336,0.011547005383792518,0.9971873768626764,0.0028126231373235555,5.2425,311.2745765019208,8.0
H,terminal_value_shifted,748,-0.02666666666667,0.06666666666667,-0.02666666666667,0.07659416862051227,0.08,13,0.013333333333333336,0.011547005383792518,0.9994495885153002,0.0005504114846998087,5.2425,311.2745765019208,8.0
H,terminal_value_shifted,749,-0.02666666666667,0.06666666666667,-0.01333333333333,0.0730296743340258,0.08,13,0.013333333333333336,0.011547005383792518,0.999318906472223,0.0006810935277770103,5.2425,311.2745765019208,8.0
H,terminal_value_shifted,750,-0.02666666666667,0.06666666666667,0.0,0.07180219742846439,0.08,13,0.013333333333333336,0.011547005383792518,0.9990782700335181,0.0009217299664818768,5.2425,311.2745765019208,8.0
H,terminal_value_shifted,751,-0.02666666666667,0.06666666666667,0.01333333333333,0.0730296743340258,0.08,13,0.013333333333333336,0.011547005383792518,0.9987261906132143,0.0012738093867856737,5.2425,311.2745765019208,8.0
H,terminal_value_shifted,752,-0.02666666666667,0.06666666666667,0.02666666666667,0.07659416862051227,0.08,13,0.013333333333333336,0.011547005383792518,0.9982609297521071,0.0017390702478928821,5.2425,311.2745765019208,8.0
H,terminal_value_shifted,753,-0.02595542738092,-0.06488856845231,-0.03893314107138,0.08000000000000193,0.08,13,0.013333333333333336,0.011547005383792518,0.9990675977322511,0.000932402267748933,5.2425,311.2745765019208,8.0
H,terminal_value_shifted,754,-0.02595542738092,-0.06488856845231,0.03893314107138,0.08000000000000193,0.08,13,0.013333333333333336,0.011547005383792518,0.9978356184549886,0.002164381545011418,5.2425,311.2745765019208,8.0
H,terminal_value_shifted,755,-0.02595542738092,-0.03893314107138,-0.06488856845231,0.08000000000000193,0.08,13,0.013333333333333336,0.011547005383792518,0.9988608694504,0.0011391305496000204,5.2425,311.2745765019208,8.0
H,terminal_value_shifted,756,-0.02595542738092,-0.03893314107138,0.06488856845231,0.08000000000000193,0.08,13,0.013333333333333336,0.011547005383792518,0.9967683536243451,0.003231646375654873,5.2425,311.2745765019208,8.0
H,terminal_value_shifted,757,-0.02595542738092,0.03893314107138,-0.06488856845231,0.08000000000000193,0.08,13,0.013333333333333336,0.011547005383792518,0.9992944012324322,0.0007055987675678166,5.2425,311.2745765019208,8.0
H,terminal_value_shifted,758,-0.02595542738092,0.03893314107138,0.06488856845231,0.08000000000000193,0.08,13,0.013333333333333336,0.011547005383792518,0.9966807284341672,0.003319271565832782,5.2425,311.2745765019208,8.0
H,terminal_value_shifted,759,-0.02595542738092,0.06488856845231,-0.03893314107138,0.08000000000000193,0.08,13,0.013333333333333336,0.011547005383792518,0.9994898476606944,0.0005101523393056251,5.2425,311.2745765019208,8.0
H,terminal_value_shifted,760,-0.02595542738092,0.06488856845231,0.03893314107138,0.08000000000000193,0.08,13,0.013333333333333336,0.011547005383792518,0.9977649698004724,0.0022350301995276434,5.2425,311.2745765019208,8.0
H,terminal_value_shifted,761,-0.02529822128135,-0.07589466384404,0.0,0.07999999999999989,0.08,13,0.013333333333333336,0.011547005383792518,0.9988353047956812,0.001164695204318833,5.2425,311.2745765019208,8.0
H,terminal_value_shifted,762,-0.02529822128135,0.0,-0.07589466384404,0.07999999999999989,0.08,13,0.013333333333333336,0.011547005383792518,0.9988635081599312,0.0011364918400688095,5.2425,311.2745765019208,8.0
H,terminal_value_shifted,763,-0.02529822128135,0.0,0.07589466384404,0.07999999999999989,0.08,13,0.013333333333333336,0.011547005383792518,0.9961923894290657,0.003807610570934261,5.2425,311.2745765019208,8.0
H,terminal_value_shifted,764,-0.02529822128135,0.07589466384404,0.0,0.07999999999999989,0.08,13,0.013333333333333336,0.011547005383792518,0.998958440519248,0.001041559480752019,5.2425,311.2745765019208,8.0
H,terminal_value_shifted,765,-0.02498780190218,-0.07496340570653,-0.01249390095109,0.08000000000000033,0.08,13,0.013333333333333336,0.011547005383792518,0.9989977103617466,0.0010022896382534396,5.2425,311.2745765019208,8.0
H,terminal_value_shifted,766,-0.02498780190218,-0.07496340570653,0.01249390095109,0.08000000000000033,0.08,13,0.013333333333333336,0.011547005383792518,0.9986026904059087,0.001397309594091345,5.2425,311.2745765019208,8.0
H,terminal_value_shifted,767,-0.02498780190218,-0.01249390095109,-0.07496340570653,0.08000000000000033,0.08,13,0.013333333333333336,0.011547005383792518,0.998801454110154,0.0011985458898460255,5.2425,311.2745765019208,8.0
H,terminal_value_shifted,768,-0.02498780190218,-0.01249390095109,0.07496340570653,0.08000000000000033,0.08,13,0.013333333333333336,0.011547005383792518,0.9962589883661105,0.0037410116338895127,5.2425,311.2745765019208,8.0
H,terminal_value_shifted,769,-0.02498780190218,0.01249390095109,-0.07496340570653,0.08000000000000033,0.08,13,0.013333333333333336,0.011547005383792518,0.9989651621565041,0.001034837843495895,5.2425,311.2745765019208,8.0
H,terminal_value_shifted,770,-0.02498780190218,0.01249390095109,0.07496340570653,0.08000000000000033,0.08,13,0.013333333333333336,0.011547005383792518,0.9962239359708989,0.003776064029101134,5.2425,311.2745765019208,8.0
H,terminal_value_shifted,771,-0.02498780190218,0.07496340570653,-0.01249390095109,0.08000000000000033,0.08,13,0.013333333333333336,0.011547005383792518,0.9992117211902823,0.0007882788097176574,5.2425,311.2745765019208,8.0
H,terminal_value_shifted,772,-0.02498780190218,0.07496340570653,0.01249390095109,0.08000000000000033,0.08,13,0.013333333333333336,0.011547005383792518,0.9986391353141627,0.001360864685837293,5.2425,311.2745765019208,8.0
H,terminal_value_shifted,773,-0.02412090756622,-0.07236272269866,-0.02412090756622,0.07999999999999638,0.08,13,0.013333333333333336,0.011547005383792518,0.9990831574652462,0.0009168425347537701,5.2425,311.2745765019208,8.0
H,terminal_value_shifted,774,-0.02412090756622,-0.07236272269866,0.02412090756622,0.07999999999999638,0.08,13,0.013333333333333336,0.011547005383792518,0.9983254135149671,0.0016745864850329362,5.2425,311.2745765019208,8.0
H,terminal_value_shifted,775,-0.02412090756622,-0.02412090756622,-0.07236272269866,0.07999999999999638,0.08,13,0.013333333333333336,0.011547005383792518,0.9987872815080139,0.00121271849198612,5.2425,311.2745765019208,8.0
H,terminal_value_shifted,776,-0.02412090756622,-0.02412090756622,0.07236272269866,0.07999999999999638,0.08,13,0.013333333333333336,0.011547005383792518,0.9964119435369017,0.0035880564630983436,5.2425,311.2745765019208,8.0
H,terminal_value_shifted,777,-0.02412090756622,0.02412090756622,-0.07236272269866,0.07999999999999638,0.08,13,0.013333333333333336,0.011547005383792518,0.9990854312249596,0.0009145687750403697,5.2425,311.2745765019208,8.0
H,terminal_value_shifted,778,-0.02412090756622,0.02412090756622,0.07236272269866,0.07999999999999638,0.08,13,0.013333333333333336,0.011547005383792518,0.9963421707892123,0.003657829210787722,5.2425,311.2745765019208,8.0
H,terminal_value_shifted,779,-0.02412090756622,0.07236272269866,-0.02412090756622,0.07999999999999638,0.08,13,0.013333333333333336,0.011547005383792518,0.9993803968402635,0.0006196031597365259,5.2425,311.2745765019208,8.0
H,terminal_value_shifted,780,-0.02412090756622,0.07236272269866,0.02412090756622,0.07999999999999638,0.08,13,0.013333333333333336,0.011547005383792518,0.9982883171601225,0.0017116828398775485,5.2425,311.2745765019208,8.0
H,terminal_value_shifted,781,-0.02385139176,-0.05962847939999,-0.04770278352,0.08000000000000007,0.08,13,0.013333333333333336,0.011547005383792518,0.9990332129216778,0.0009667870783222066,5.2425,311.2745765019208,8.0
H,terminal_value_shifted,782,-0.02385139176,-0.05962847939999,0.04770278352,0.08000000000000007,0.08,13,0.013333333333333336,0.011547005383792518,0.99754004331312,0.002459956686880038,5.2425,311.2745765019208,8.0
H,terminal_value_shifted,783,-0.02385139176,-0.04770278352,-0.05962847939999,0.08000000000000007,0.08,13,0.013333333333333336,0.011547005383792518,0.998918193092358,0.0010818069076420356,5.2425,311.2745765019208,8.0
H,terminal_value_shifted,784,-0.02385139176,-0.04770278352,0.05962847939999,0.08000000000000007,0.08,13,0.013333333333333336,0.011547005383792518,0.9970374997237523,0.0029625002762476704,5.2425,311.2745765019208,8.0
H,terminal_value_shifted,785,-0.02385139176,0.04770278352,-0.05962847939999,0.08000000000000007,0.08,13,0.013333333333333336,0.011547005383792518,0.9993811776491583,0.0006188223508416524,5.2425,311.2745765019208,8.0
H,terminal_value_shifted,786,-0.02385139176,0.04770278352,0.05962847939999,0.08000000000000007,0.08,13,0.013333333333333336,0.011547005383792518,0.9969203909707662,0.0030796090292337652,5.2425,311.2745765019208,8.0
H,terminal_value_shifted,787,-0.02385139176,0.05962847939999,-0.04770278352,0.08000000000000007,0.08,13,0.013333333333333336,0.011547005383792518,0.9994838915330798,0.0005161084669201843,5.2425,311.2745765019208,8.0
H,terminal_value_shifted,788,-0.02385139176,0.05962847939999,0.04770278352,0.08000000000000007,0.08,13,0.013333333333333336,0.011547005383792518,0.9974256716798275,0.0025743283201724587,5.2425,311.2745765019208,8.0
H,terminal_value_shifted,789,-0.02285714285714,-0.06857142857143,-0.03428571428571,0.07999999999999857,0.08,13,0.013333333333333336,0.011547005383792518,0.9991040296089995,0.0008959703910005334,5.2425,311.2745765019208,8.0
H,terminal_value_shifted,790,-0.02285714285714,-0.06857142857143,0.03428571428571,0.07999999999999857,0.08,13,0.013333333333333336,0.011547005383792518,0.9980362024519114,0.0019637975480886194,5.2425,311.2745765019208,8.0
H,terminal_value_shifted,791,-0.02285714285714,-0.03428571428571,-0.06857142857143,0.07999999999999857,0.08,13,0.013333333333333336,0.011547005383792518,0.9988137284472891,0.0011862715527108936,5.2425,311.2745765019208,8.0
H,terminal_value_shifted,792,-0.02285714285714,-0.03428571428571,0.06857142857143,0.07999999999999857,0.08,13,0.013333333333333336,0.011547005383792518,0.9966222860855922,0.003377713914407776,5.2425,311.2745765019208,8.0
H,terminal_value_shifted,793,-0.02285714285714,0.03428571428571,-0.06857142857143,0.07999999999999857,0.08,13,0.013333333333333336,0.011547005383792518,0.9992018149018718,0.0007981850981282346,5.2425,311.2745765019208,8.0
H,terminal_value_shifted,794,-0.02285714285714,0.03428571428571,0.06857142857143,0.07999999999999857,0.08,13,0.013333333333333336,0.011547005383792518,0.9965193962726641,0.0034806037273359403,5.2425,311.2745765019208,8.0
H,terminal_value_shifted,795,-0.02285714285714,0.06857142857143,-0.03428571428571,0.07999999999999857,0.08,13,0.013333333333333336,0.011547005383792518,0.9994670893054215,0.0005329106945785034,5.2425,311.2745765019208,8.0
H,terminal_value_shifted,796,-0.02285714285714,0.06857142857143,0.03428571428571,0.07999999999999857,0.08,13,0.013333333333333336,0.011547005383792518,0.9979424653587301,0.002057534641269898,5.2425,311.2745765019208,8.0
H,terminal_value_shifted,797,-0.02177324215807,-0.05443310539518,-0.05443310539518,0.0799999999999969,0.08,13,0.013333333333333336,0.011547005383792518,0.998980705559886,0.0010192944401139492,5.2425,311.2745765019208,8.0
H,terminal_value_shifted,798,-0.02177324215807,-0.05443310539518,0.05443310539518,0.0799999999999969,0.08,13,0.013333333333333336,0.011547005383792518,0.9972922867298565,0.002707713270143519,5.2425,311.2745765019208,8.0
H,terminal_value_shifted,799,-0.02177324215807,0.05443310539518,-0.05443310539518,0.0799999999999969,0.08,13,0.013333333333333336,0.011547005383792518,0.9994372794431295,0.0005627205568704552,5.2425,311.2745765019208,8.0
H,terminal_value_shifted,800,-0.02177324215807,0.05443310539518,0.05443310539518,0.0799999999999969,0.08,13,0.013333333333333336,0.011547005383792518,0.9971505262035195,0.002849473796480484,5.2425,311.2745765019208,8.0
H,terminal_value_shifted,801,-0.02138089935299,-0.06414269805898,-0.04276179870599,0.07999999999999859,0.08,13,0.013333333333333336,0.011547005383792518,0.9990820211089829,0.0009179788910170794,5.2425,311.2745765019208,8.0
H,terminal_value_shifted,802,-0.02138089935299,-0.06414269805898,0.04276179870599,0.07999999999999859,0.08,13,0.013333333333333336,0.011547005383792518,0.9977620218704315,0.0022379781295684964,5.2425,311.2745765019208,8.0
H,terminal_value_shifted,803,-0.02138089935299,-0.04276179870599,-0.06414269805898,0.07999999999999859,0.08,13,0.013333333333333336,0.011547005383792518,0.9988650500082886,0.001134949991711376,5.2425,311.2745765019208,8.0
H,terminal_value_shifted,804,-0.02138089935299,-0.04276179870599,0.06414269805898,0.07999999999999859,0.08,13,0.013333333333333336,0.011547005383792518,0.9968574841726321,0.003142515827367909,5.2425,311.2745765019208,8.0
H,terminal_value_shifted,805,-0.02138089935299,0.04276179870599,-0.06414269805898,0.07999999999999859,0.08,13,0.013333333333333336,0.011547005383792518,0.9992995898412799,0.0007004101587201328,5.2425,311.2745765019208,8.0
H,terminal_value_shifted,806,-0.02138089935299,0.04276179870599,0.06414269805898,0.07999999999999859,0.08,13,0.013333333333333336,0.011547005383792518,0.9967249423170629,0.0032750576829371214,5.2425,311.2745765019208,8.0
H,terminal_value_shifted,807,-0.02138089935299,0.06414269805898,-0.04276179870599,0.07999999999999859,0.08,13,0.013333333333333336,0.011547005383792518,0.9994893480001624,0.0005106519998375747,5.2425,311.2745765019208,8.0
H,terminal_value_shifted,808,-0.02138089935299,0.06414269805898,0.04276179870599,0.07999999999999859,0.08,13,0.013333333333333336,0.011547005383792518,0.9976280270172931,0.0023719729827068603,5.2425,311.2745765019208,8.0
H,terminal_value_shifted,809,-0.01984555753427,-0.05953667260282,-0.04961389383568,0.07999999999999703,0.08,13,0.013333333333333336,0.011547005383792518,0.9990377453349062,0.0009622546650938091,5.2425,311.2745765019208,8.0
H,terminal_value_shifted,810,-0.01984555753427,-0.05953667260282,0.04961389383568,0.07999999999999703,0.08,13,0.013333333333333336,0.011547005383792518,0.997518341968084,0.002481658031916023,5.2425,311.2745765019208,8.0
H,terminal_value_shifted,811,-0.01984555753427,-0.04961389383568,-0.05953667260282,0.07999999999999703,0.08,13,0.013333333333333336,0.011547005383792518,0.9989258972176562,0.0010741027823437665,5.2425,311.2745765019208,8.0
H,terminal_value_shifted,812,-0.01984555753427,-0.04961389383568,0.05953667260282,0.07999999999999703,0.08,13,0.013333333333333336,0.011547005383792518,0.9970919777838917,0.002908022216108308,5.2425,311.2745765019208,8.0
H,terminal_value_shifted,813,-0.01984555753427,0.04961389383568,-0.05953667260282,0.07999999999999703,0.08,13,0.013333333333333336,0.011547005383792518,0.9993735662430974,0.0006264337569026335,5.2425,311.2745765019208,8.0
H,terminal_value_shifted,814,-0.01984555753427,0.04961389383568,0.05953667260282,0.07999999999999703,0.08,13,0.013333333333333336,0.011547005383792518,0.9969346971351754,0.0030653028648246483,5.2425,311.2745765019208,8.0
H,terminal_value_shifted,815,-0.01984555753427,0.05953667260282,-0.04961389383568,0.07999999999999703,0.08,13,0.013333333333333336,0.011547005383792518,0.9994690499157134,0.0005309500842866077,5.2425,311.2745765019208,8.0
H,terminal_value_shifted,816,-0.01984555753427,0.05953667260282,0.04961389383568,0.07999999999999703,0.08,13,0.013333333333333336,0.011547005383792518,0.9973577962189693,0.0026422037810307497,5.2425,311.2745765019208,8.0
H,terminal_value_shifted,817,-0.01835325870964,-0.05505977612893,-0.05505977612893,0.07999999999999223,0.08,13,0.013333333333333336,0.011547005383792518,0.9989857943205078,0.001014205679492175,5.2425,311.2745765019208,8.0
H,terminal_value_shifted,818,-0.01835325870964,-0.05505977612893,0.05505977612893,0.07999999999999223,0.08,13,0.013333333333333336,0.011547005383792518,0.9973103872739346,0.0026896127260653824,5.2425,311.2745765019208,8.0
H,terminal_value_shifted,819,-0.01835325870964,0.05505977612893,-0.05505977612893,0.07999999999999223,0.08,13,0.013333333333333336,0.011547005383792518,0.9994249826742581,0.0005750173257419444,5.2425,311.2745765019208,8.0
H,terminal_value_shifted,820,-0.01835325870964,0.05505977612893,0.05505977612893,0.07999999999999223,0.08,13,0.013333333333333336,0.011547005383792518,0.9971337884194551,0.0028662115805448973,5.2425,311.2745765019208,8.0
H,terminal_value_shifted,821,-0.01333333333333,-0.06666666666667,-0.04,0.07888106377466379,0.08,13,0.013333333333333336,0.011547005383792518,0.9991636474727598,0.0008363525272402361,5.2425,311.2745765019208,8.0
H,terminal_value_shifted,822,-0.01333333333333,-0.06666666666667,-0.02666666666667,0.0730296743340258,0.08,13,0.013333333333333336,0.011547005383792518,0.9992359188276133,0.000764081172386688,5.2425,311.2745765019208,8.0
H,terminal_value_shifted,823,-0.01333333333333,-0.06666666666667,-0.01333333333333,0.06928203230275701,0.08,13,0.013333333333333336,0.011547005383792518,0.9991977397195576,0.0008022602804423906,5.2425,311.2745765019208,8.0
H,terminal_value_shifted,824,-0.01333333333333,-0.06666666666667,0.0,0.06798692684790641,0.08,13,0.013333333333333336,0.011547005383792518,0.9990514495287031,0.0009485504712969384,5.2425,311.2745765019208,8.0
H,terminal_value_shifted,825,-0.01333333333333,-0.06666666666667,0.01333333333333,0.06928203230275701,0.08,13,0.013333333333333336,0.011547005383792518,0.9987989500588351,0.0012010499411648778,5.2425,311.2745765019208,8.0
H,terminal_value_shifted,826,-0.01333333333333,-0.06666666666667,0.02666666666667,0.0730296743340258,0.08,13,0.013333333333333336,0.011547005383792518,0.99844171054718,0.0015582894528199942,5.2425,311.2745765019208,8.0
H,terminal_value_shifted,827,-0.01333333333333,-0.06666666666667,0.04,0.07888106377466379,0.08,13,0.013333333333333336,0.011547005383792518,0.9979807756243725,0.0020192243756275152,5.2425,311.2745765019208,8.0
H,terminal_value_shifted,828,-0.01333333333333,-0.05333333333333,-0.05333333333333,0.07659416862050183,0.08,13,0.013333333333333336,0.011547005383792518,0.9990558028506371,0.0009441971493628909,5.2425,311.2745765019208,8.0
H,terminal_value_shifted,829,-0.01333333333333,-0.05333333333333,-0.04,0.06798692684790053,0.08,13,0.013333333333333336,0.011547005383792518,0.9992391429560139,0.0007608570439860962,5.2425,311.2745765019208,8.0
H,terminal_value_shifted,830,-0.01333333333333,-0.05333333333333,-0.02666666666667,0.06110100926607569,0.08,13,0.013333333333333336,0.011547005383792518,0.9993097358088054,0.0006902641911945562,5.2425,311.2745765019208,8.0
H,terminal_value_shifted,831,-0.01333333333333,-0.05333333333333,-0.01333333333333,0.05656854249491909,0.08,13,0.013333333333333336,0.011547005383792518,0.9992699748087401,0.0007300251912598643,5.2425,311.2745765019208,8.0
H,terminal_value_shifted,832,-0.01333333333333,-0.05333333333333,0.0,0.0549747416748981,0.08,13,0.013333333333333336,0.011547005383792518,0.9991218379895641,0.00087816201043589,5.2425,311.2745765019208,8.0
H,terminal_value_shifted,833,-0.01333333333333,-0.05333333333333,0.01333333333333,0.05656854249491909,0.08,13,0.013333333333333336,0.011547005383792518,0.9988668891526895,0.0011331108473104923,5.2425,311.2745765019208,8.0
H,terminal_value_shifted,834,-0.01333333333333,-0.05333333333333,0.02666666666667,0.06110100926607569,0.08,13,0.013333333333333336,0.011547005383792518,0.9985062820613682,0.0014937179386318444,5.2425,311.2745765019208,8.0
H,terminal_value_shifted,835,-0.01333333333333,-0.05333333333333,0.04,0.06798692684790053,0.08,13,0.013333333333333336,0.011547005383792518,0.9980407675958004,0.0019592324041995957,5.2425,311.2745765019208,8.0
H,terminal_value_shifted,836,-0.01333333333333,-0.05333333333333,0.05333333333333,0.07659416862050183,0.08,13,0.013333333333333336,0.011547005383792518,0.9974707038014162,0.0025292961985837747,5.2425,311.2745765019208,8.0
H,terminal_value_shifted,837,-0.01333333333333,-0.04,-0.06666666666667,0.07888106377466379,0.08,13,0.013333333333333336,0.011547005383792518,0.9988427582582904,0.0011572417417096137,5.2425,311.2745765019208,8.0
H,terminal_value_shifted,838,-0.01333333333333,-0.04,-0.05333333333333,0.06798692684790053,0.08,13,0.013333333333333336,0.011547005383792518,0.9991377241012008,0.0008622758987991697,5.2425,311.2745765019208,8.0
H,terminal_value_shifted,839,-0.01333333333333,-0.04,-0.04,0.05811865258054155,0.08,13,0.013333333333333336,0.011547005383792518,0.999317980475093,0.0006820195249069849,5.2425,311.2745765019208,8.0
H,terminal_value_shifted,840,-0.01333333333333,-0.04,-0.02666666666667,0.04988876515698678,0.08,13,0.013333333333333336,0.011547005383792518,0.9993859295345655,0.0006140704654344908,5.2425,311.2745765019208,8.0
H,terminal_value_shifted,841,-0.01333333333333,-0.04,-0.01333333333333,0.044221663871403326,0.08,13,0.013333333333333336,0.011547005383792518,0.9993435834473937,0.0006564165526062871,5.2425,311.2745765019208,8.0
H,terminal_value_shifted,842,-0.01333333333333,-0.04,0.0,0.04216370213557734,0.08,13,0.013333333333333336,0.011547005383792518,0.9991925617421761,0.0008074382578239225,5.2425,311.2745765019208,8.0
H,terminal_value_shifted,843,-0.01333333333333,-0.04,0.01333333333333,0.044221663871403326,0.08,13,0.013333333333333336,0.011547005383792518,0.9989340918077037,0.0010659081922963498,5.2425,311.2745765019208,8.0
H,terminal_value_shifted,844,-0.01333333333333,-0.04,0.02666666666667,0.04988876515698678,0.08,13,0.013333333333333336,0.011547005383792518,0.9985690124412988,0.001430987558701191,5.2425,311.2745765019208,8.0
H,terminal_value_shifted,845,-0.01333333333333,-0.04,0.04,0.05811865258054155,0.08,13,0.013333333333333336,0.011547005383792518,0.9980977803726105,0.0019022196273894565,5.2425,311.2745765019208,8.0
H,terminal_value_shifted,846,-0.01333333333333,-0.04,0.05333333333333,0.06798692684790053,0.08,13,0.013333333333333336,0.011547005383792518,0.9975204797188014,0.0024795202811985773,5.2425,311.2745765019208,8.0
H,terminal_value_shifted,847,-0.01333333333333,-0.04,0.06666666666667,0.07888106377466379,0.08,13,0.013333333333333336,0.011547005383792518,0.9968368343562383,0.003163165643761734,5.2425,311.2745765019208,8.0
H,terminal_value_shifted,848,-0.01333333333333,-0.02666666666667,-0.06666666666667,0.0730296743340258,0.08,13,0.013333333333333336,0.011547005383792518,0.9989298929150915,0.0010701070849085115,5.2425,311.2745765019208,8.0
H,terminal_value_shifted,849,-0.01333333333333,-0.02666666666667,-0.05333333333333,0.06110100926607569,0.08,13,0.013333333333333336,0.011547005383792518,0.999219859466328,0.0007801405336720357,5.2425,311.2745765019208,8.0
H,terminal_value_shifted,850,-0.01333333333333,-0.02666666666667,-0.04,0.04988876515698678,0.08,13,0.013333333333333336,0.011547005383792518,0.9993959339834124,0.0006040660165875789,5.2425,311.2745765019208,8.0
H,terminal_value_shifted,851,-0.01333333333333,-0.02666666666667,-0.02666666666667,0.04000000000000333,0.08,13,0.013333333333333336,0.011547005383792518,0.9994601187477122,0.0005398812522877661,5.2425,311.2745765019208,8.0
H,terminal_value_shifted,852,-0.01333333333333,-0.02666666666667,-0.01333333333333,0.032659863237109045,0.08,13,0.013333333333333336,0.011547005383792518,0.9994140478458664,0.0005859521541335955,5.2425,311.2745765019208,8.0
H,terminal_value_shifted,853,-0.01333333333333,-0.02666666666667,0.0,0.029814239699998687,0.08,13,0.013333333333333336,0.011547005383792518,0.9992589840874302,0.000741015912569809,5.2425,311.2745765019208,8.0
H,terminal_value_shifted,854,-0.01333333333333,-0.02666666666667,0.01333333333333,0.032659863237109045,0.08,13,0.013333333333333336,0.011547005383792518,0.9989958190407067,0.0010041809592933326,5.2425,311.2745765019208,8.0
H,terminal_value_shifted,855,-0.01333333333333,-0.02666666666667,0.02666666666667,0.04000000000000333,0.08,13,0.013333333333333336,0.011547005383792518,0.9986250761107092,0.0013749238892908355,5.2425,311.2745765019208,8.0
H,terminal_value_shifted,856,-0.01333333333333,-0.02666666666667,0.04,0.04988876515698678,0.08,13,0.013333333333333336,0.011547005383792518,0.9981469166101514,0.0018530833898485755,5.2425,311.2745765019208,8.0
H,terminal_value_shifted,857,-0.01333333333333,-0.02666666666667,0.05333333333333,0.06110100926607569,0.08,13,0.013333333333333336,0.011547005383792518,0.9975611488015547,0.0024388511984453354,5.2425,311.2745765019208,8.0
H,terminal_value_shifted,858,-0.01333333333333,-0.02666666666667,0.06666666666667,0.0730296743340258,0.08,13,0.013333333333333336,0.011547005383792518,0.996867239915203,0.003132760084797015,5.2425,311.2745765019208,8.0
H,terminal_value_shifted,859,-0.01333333333333,-0.01333333333333,-0.06666666666667,0.06928203230275702,0.08,13,0.013333333333333336,0.011547005383792518,0.9990140779506865,0.0009859220493134702,5.2425,311.2745765019208,8.0
H,terminal_value_shifted,860,-0.01333333333333,-0.01333333333333,-0.05333333333333,0.05656854249491909,0.08,13,0.013333333333333336,0.011547005383792518,0.9992977757593352,0.0007022242406647949,5.2425,311.2745765019208,8.0
H,terminal_value_shifted,861,-0.01333333333333,-0.01333333333333,-0.04,0.044221663871403326,0.08,13,0.013333333333333336,0.011547005383792518,0.9994683916116109,0.0005316083883890599,5.2425,311.2745765019208,8.0
H,terminal_value_shifted,862,-0.01333333333333,-0.01333333333333,-0.02666666666667,0.032659863237109045,0.08,13,0.013333333333333336,0.011547005383792518,0.9995275315599077,0.0004724684400922996,5.2425,311.2745765019208,8.0
H,terminal_value_shifted,863,-0.01333333333333,-0.01333333333333,-0.01333333333333,0.023094010767579255,0.08,13,0.013333333333333336,0.011547005383792518,0.9994764537744595,0.0005235462255405166,5.2425,311.2745765019208,8.0
H,terminal_value_shifted,864,-0.01333333333333,-0.01333333333333,0.0,0.01885618083163655,0.08,13,0.013333333333333336,0.011547005383792518,0.9993160652014779,0.0006839347985221345,5.2425,311.2745765019208,8.0
H,terminal_value_shifted,865,-0.01333333333333,-0.01333333333333,0.01333333333333,0.023094010767579255,0.08,13,0.013333333333333336,0.011547005383792518,0.9990469213116033,0.0009530786883966691,5.2425,311.2745765019208,8.0
H,terminal_value_shifted,866,-0.01333333333333,-0.01333333333333,0.02666666666667,0.032659863237109045,0.08,13,0.013333333333333336,0.011547005383792518,0.9986692288876103,0.0013307711123896615,5.2425,311.2745765019208,8.0
H,terminal_value_shifted,867,-0.01333333333333,-0.01333333333333,0.04,0.044221663871403326,0.08,13,0.013333333333333336,0.011547005383792518,0.9981828518251108,0.0018171481748892049,5.2425,311.2745765019208,8.0
H,terminal_value_shifted,868,-0.01333333333333,-0.01333333333333,0.05333333333333,0.05656854249491909,0.08,13,0.013333333333333336,0.011547005383792518,0.9975873199448014,0.0024126800551985683,5.2425,311.2745765019208,8.0
H,terminal_value_shifted,869,-0.01333333333333,-0.01333333333333,0.06666666666667,0.06928203230275702,0.08,13,0.013333333333333336,0.011547005383792518,0.9968818408390459,0.003118159160954148,5.2425,311.2745765019208,8.0
H,terminal_value_shifted,870,-0.01333333333333,0.0,-0.06666666666667,0.06798692684790641,0.08,13,0.013333333333333336,0.011547005383792518,0.9990907685355543,0.0009092314644456589,5.2425,311.2745765019208,8.0
H,terminal_value_shifted,871,-0.01333333333333,0.0,-0.05333333333333,0.0549747416748981,0.08,13,0.013333333333333336,0.011547005383792518,0.9993667269591737,0.0006332730408262766,5.2425,311.2745765019208,8.0
H,terminal_value_shifted,872,-0.01333333333333,0.0,-0.04,0.04216370213557734,0.08,13,0.013333333333333336,0.011547005383792518,0.9995304244825804,0.0004695755174195515,5.2425,311.2745765019208,8.0
H,terminal_value_shifted,873,-0.01333333333333,0.0,-0.02666666666667,0.029814239699998687,0.08,13,0.013333333333333336,0.011547005383792518,0.9995830736743163,0.00041692632568368637,5.2425,311.2745765019208,8.0
H,terminal_value_shifted,874,-0.01333333333333,0.0,-0.01333333333333,0.01885618083163655,0.08,13,0.013333333333333336,0.011547005383792518,0.999525558107787,0.0004744418922130178,5.2425,311.2745765019208,8.0
H,terminal_value_shifted,875,-0.01333333333333,0.0,0.0,0.01333333333333,0.08,13,0.013333333333333336,0.011547005383792518,0.9993584289354134,0.0006415710645866213,5.2425,311.2745765019208,8.0
H,terminal_value_shifted,876,-0.01333333333333,0.0,0.01333333333333,0.01885618083163655,0.08,13,0.013333333333333336,0.011547005383792518,0.9990819045301806,0.0009180954698193577,5.2425,311.2745765019208,8.0
H,terminal_value_shifted,877,-0.01333333333333,0.0,0.02666666666667,0.029814239699998687,0.08,13,0.013333333333333336,0.011547005383792518,0.9986958731669016,0.0013041268330984401,5.2425,311.2745765019208,8.0
H,terminal_value_shifted,878,-0.01333333333333,0.0,0.04,0.04216370213557734,0.08,13,0.013333333333333336,0.011547005383792518,0.9981998987380676,0.0018001012619324186,5.2425,311.2745765019208,8.0
H,terminal_value_shifted,879,-0.01333333333333,0.0,0.05333333333333,0.0549747416748981,0.08,13,0.013333333333333336,0.011547005383792518,0.997593229521675,0.0024067704783250488,5.2425,311.2745765019208,8.0
H,terminal_value_shifted,880,-0.01333333333333,0.0,0.06666666666667,0.06798692684790641,0.08,13,0.013333333333333336,0.011547005383792518,0.9968748100402405,0.0031251899597595223,5.2425,311.2745765019208,8.0
H,terminal_value_shifted,881,-0.01333333333333,0.01333333333333,-0.06666666666667,0.06928203230275702,0.08,13,0.013333333333333336,0.011547005383792518,0.9991551692552374,0.0008448307447626036,5.2425,311.2745765019208,8.0
H,terminal_value_shifted,882,-0.01333333333333,0.01333333333333,-0.05333333333333,0.05656854249491909,0.08,13,0.013333333333333336,0.011547005383792518,0.9994217134765212,0.0005782865234787993,5.2425,311.2745765019208,8.0
H,terminal_value_shifted,883,-0.01333333333333,0.01333333333333,-0.04,0.044221663871403326,0.08,13,0.013333333333333336,0.011547005383792518,0.9995768457107969,0.0004231542892031426,5.2425,311.2745765019208,8.0
H,terminal_value_shifted,884,-0.01333333333333,0.01333333333333,-0.02666666666667,0.032659863237109045,0.08,13,0.013333333333333336,0.011547005383792518,0.9996213870439538,0.00037861295604624257,5.2425,311.2745765019208,8.0
H,terminal_value_shifted,885,-0.01333333333333,0.01333333333333,-0.01333333333333,0.023094010767579255,0.08,13,0.013333333333333336,0.011547005383792518,0.9995558470853969,0.0004441529146030909,5.2425,311.2745765019208,8.0
H,terminal_value_shifted,886,-0.01333333333333,0.01333333333333,0.0,0.01885618083163655,0.08,13,0.013333333333333336,0.011547005383792518,0.9993804206376506,0.000619579362349354,5.2425,311.2745765019208,8.0
H,terminal_value_shifted,887,-0.01333333333333,0.01333333333333,0.01333333333333,0.023094010767579255,0.08,13,0.013333333333333336,0.011547005383792518,0.9990949874147906,0.0009050125852093638,5.2425,311.2745765019208,8.0
H,terminal_value_shifted,888,-0.01333333333333,0.01333333333333,0.02666666666667,0.032659863237109045,0.08,13,0.013333333333333336,0.011547005383792518,0.9986991148036317,0.0013008851963682844,5.2425,311.2745765019208,8.0
H,terminal_value_shifted,889,-0.01333333333333,0.01333333333333,0.04,0.044221663871403326,0.08,13,0.013333333333333336,0.011547005383792518,0.9981920636820429,0.0018079363179570596,5.2425,311.2745765019208,8.0
H,terminal_value_shifted,890,-0.01333333333333,0.01333333333333,0.05333333333333,0.05656854249491909,0.08,13,0.013333333333333336,0.011547005383792518,0.9975727973289601,0.0024272026710399075,5.2425,311.2745765019208,8.0
H,terminal_value_shifted,891,-0.01333333333333,0.01333333333333,0.06666666666667,0.06928203230275702,0.08,13,0.013333333333333336,0.011547005383792518,0.9968399934800627,0.0031600065199373084,5.2425,311.2745765019208,8.0
H,terminal_value_shifted,892,-0.01333333333333,0.02666666666667,-0.06666666666667,0.0730296743340258,0.08,13,0.013333333333333336,0.011547005383792518,0.999202281853056,0.0007977181469439598,5.2425,311.2745765019208,8.0
H,terminal_value_shifted,893,-0.01333333333333,0.02666666666667,-0.05333333333333,0.06110100926607569,0.08,13,0.013333333333333336,0.011547005383792518,0.9994575299983051,0.0005424700016949391,5.2425,311.2745765019208,8.0
H,terminal_value_shifted,894,-0.01333333333333,0.02666666666667,-0.04,0.04988876515698678,0.08,13,0.013333333333333336,0.011547005383792518,0.9996022582884345,0.0003977417115654802,5.2425,311.2745765019208,8.0
H,terminal_value_shifted,895,-0.01333333333333,0.02666666666667,-0.02666666666667,0.04000000000000333,0.08,13,0.013333333333333336,0.011547005383792518,0.9996368977543064,0.00036310224569358063,5.2425,311.2745765019208,8.0
H,terminal_value_shifted,896,-0.01333333333333,0.02666666666667,-0.01333333333333,0.032659863237109045,0.08,13,0.013333333333333336,0.011547005383792518,0.9995615841598513,0.00043841584014869817,5.2425,311.2745765019208,8.0
H,terminal_value_shifted,897,-0.01333333333333,0.02666666666667,0.0,0.029814239699998687,0.08,13,0.013333333333333336,0.011547005383792518,0.9993761549493966,0.0006238450506034221,5.2425,311.2745765019208,8.0
H,terminal_value_shifted,898,-0.01333333333333,0.02666666666667,0.01333333333333,0.032659863237109045,0.08,13,0.013333333333333336,0.011547005383792518,0.9990801492288701,0.000919850771129882,5.2425,311.2745765019208,8.0
H,terminal_value_shifted,899,-0.01333333333333,0.02666666666667,0.02666666666667,0.04000000000000333,0.08,13,0.013333333333333336,0.011547005383792518,0.9986728107947813,0.0013271892052186818,5.2425,311.2745765019208,8.0
H,terminal_value_shifted,900,-0.01333333333333,0.02666666666667,0.04,0.04988876515698678,0.08,13,0.013333333333333336,0.011547005383792518,0.9981530942431118,0.001846905756888173,5.2425,311.2745765019208,8.0
H,terminal_value_shifted,901,-0.01333333333333,0.02666666666667,0.05333333333333,0.06110100926607569,0.08,13,0.013333333333333336,0.011547005383792518,0.9975196742082109,0.0024803257917891397,5.2425,311.2745765019208,8.0
H,terminal_value_shifted,902,-0.01333333333333,0.02666666666667,0.06666666666667,0.0730296743340258,0.08,13,0.013333333333333336,0.011547005383792518,0.9967709577988064,0.003229042201193577,5.2425,311.2745765019208,8.0
H,terminal_value_shifted,903,-0.01333333333333,0.04,-0.06666666666667,0.07888106377466379,0.08,13,0.013333333333333336,0.011547005383792518,0.9992269401899084,0.0007730598100915698,5.2425,311.2745765019208,8.0
H,terminal_value_shifted,904,-0.01333333333333,0.04,-0.05333333333333,0.06798692684790053,0.08,13,0.013333333333333336,0.011547005383792518,0.9994688009055397,0.0005311990944603107,5.2425,311.2745765019208,8.0
H,terminal_value_shifted,905,-0.01333333333333,0.04,-0.04,0.05811865258054155,0.08,13,0.013333333333333336,0.011547005383792518,0.9996010909301902,0.0003989090698097719,5.2425,311.2745765019208,8.0
H,terminal_value_shifted,906,-0.01333333333333,0.04,-0.02666666666667,0.04988876515698678,0.08,13,0.013333333333333336,0.011547005383792518,0.9996238522757226,0.00037614772427740917,5.2425,311.2745765019208,8.0
H,terminal_value_shifted,907,-0.01333333333333,0.04,-0.01333333333333,0.044221663871403326,0.08,13,0.013333333333333336,0.011547005383792518,0.9995368466478842,0.0004631533521157749,5.2425,311.2745765019208,8.0
H,terminal_value_shifted,908,-0.01333333333333,0.04,0.0,0.04216370213557734,0.08,13,0.013333333333333336,0.011547005383792518,0.9993395528552514,0.0006604471447485549,5.2425,311.2745765019208,8.0
H,terminal_value_shifted,909,-0.01333333333333,0.04,0.01333333333333,0.044221663871403326,0.08,13,0.013333333333333336,0.011547005383792518,0.9990311672401342,0.000968832759865812,5.2425,311.2745765019208,8.0
H,terminal_value_shifted,910,-0.01333333333333,0.04,0.02666666666667,0.04988876515698678,0.08,13,0.013333333333333336,0.011547005383792518,0.9986106071635558,0.0013893928364442365,5.2425,311.2745765019208,8.0
H,terminal_value_shifted,911,-0.01333333333333,0.04,0.04,0.05811865258054155,0.08,13,0.013333333333333336,0.011547005383792518,0.9980765175925375,0.00192348240746254,5.2425,311.2745765019208,8.0
H,terminal_value_shifted,912,-0.01333333333333,0.04,0.05333333333333,0.06798692684790053,0.08,13,0.013333333333333336,0.011547005383792518,0.9974272808536276,0.0025727191463723598,5.2425,311.2745765019208,8.0
H,terminal_value_shifted,913,-0.01333333333333,0.04,0.06666666666667,0.07888106377466379,0.08,13,0.013333333333333336,0.011547005383792518,0.9966610296313071,0.003338970368692906,5.2425,311.2745765019208,8.0
H,terminal_value_shifted,914,-0.01333333333333,0.05333333333333,-0.05333333333333,0.07659416862050183,0.08,13,0.013333333333333336,0.011547005383792518,0.9994500026611438,0.0005499973388561896,5.2425,311.2745765019208,8.0
H,terminal_value_shifted,915,-0.01333333333333,0.05333333333333,-0.04,0.06798692684790053,0.08,13,0.013333333333333336,0.011547005383792518,0.9995676213363268,0.000432378663673183,5.2425,311.2745765019208,8.0
H,terminal_value_shifted,916,-0.01333333333333,0.05333333333333,-0.02666666666667,0.06110100926607569,0.08,13,0.013333333333333336,0.011547005383792518,0.9995763416043753,0.0004236583956247486,5.2425,311.2745765019208,8.0
H,terminal_value_shifted,917,-0.01333333333333,0.05333333333333,-0.01333333333333,0.05656854249491909,0.08,13,0.013333333333333336,0.011547005383792518,0.9994755507590363,0.0005244492409637314,5.2425,311.2745765019208,8.0
H,terminal_value_shifted,918,-0.01333333333333,0.05333333333333,0.0,0.0549747416748981,0.08,13,0.013333333333333336,0.011547005383792518,0.9992643676154342,0.0007356323845657542,5.2425,311.2745765019208,8.0
H,terminal_value_shifted,919,-0.01333333333333,0.05333333333333,0.01333333333333,0.05656854249491909,0.08,13,0.013333333333333336,0.011547005383792518,0.9989416435774358,0.001058356422564244,5.2425,311.2745765019208,8.0
H,terminal_value_shifted,920,-0.01333333333333,0.05333333333333,0.02666666666667,0.06110100926607569,0.08,13,0.013333333333333336,0.011547005383792518,0.9985059667660723,0.0014940332339277163,5.2425,311.2745765019208,8.0
H,terminal_value_shifted,921,-0.01333333333333,0.05333333333333,0.04,0.06798692684790053,0.08,13,0.013333333333333336,0.011547005383792518,0.997955669271644,0.0020443307283559697,5.2425,311.2745765019208,8.0
H,terminal_value_shifted,922,-0.01333333333333,0.05333333333333,0.05333333333333,0.07659416862050183,0.08,13,0.013333333333333336,0.011547005383792518,0.997288837605654,0.0027111623943459895,5.2425,311.2745765019208,8.0
H,terminal_value_shifted,923,-0.01333333333333,0.06666666666667,-0.04,0.07888106377466379,0.08,13,0.013333333333333336,0.011547005383792518,0.9994959867308182,0.0005040132691818133,5.2425,311.2745765019208,8.0
H,terminal_value_shifted,924,-0.01333333333333,0.06666666666667,-0.02666666666667,0.0730296743340258,0.08,13,0.013333333333333336,0.011547005383792518,0.9994883131920768,0.0005116868079232395,5.2425,311.2745765019208,8.0
H,terminal_value_shifted,925,-0.01333333333333,0.06666666666667,-0.01333333333333,0.06928203230275701,0.08,13,0.013333333333333336,0.011547005383792518,0.9993714649419849,0.0006285350580150784,5.2425,311.2745765019208,8.0
H,terminal_value_shifted,926,-0.01333333333333,0.06666666666667,0.0,0.06798692684790641,0.08,13,0.013333333333333336,0.011547005383792518,0.9991441995561972,0.0008558004438028455,5.2425,311.2745765019208,8.0
H,terminal_value_shifted,927,-0.01333333333333,0.06666666666667,0.01333333333333,0.06928203230275701,0.08,13,0.013333333333333336,0.011547005383792518,0.9988050214947075,0.0011949785052924877,5.2425,311.2745765019208,8.0
H,terminal_value_shifted,928,-0.01333333333333,0.06666666666667,0.02666666666667,0.0730296743340258,0.08,13,0.013333333333333336,0.011547005383792518,0.9983521870592693,0.0016478129407306863,5.2425,311.2745765019208,8.0
H,terminal_value_shifted,929,-0.01333333333333,0.06666666666667,0.04,0.07888106377466379,0.08,13,0.013333333333333336,0.011547005383792518,0.997783712494299,0.00221628750570102,5.2425,311.2745765019208,8.0
H,terminal_value_shifted,930,-0.01315191898443,-0.07891151390657,0.0,0.07999999999999875,0.08,13,0.013333333333333336,0.011547005383792518,0.998993109333285,0.001006890666714999,5.2425,311.2745765019208,8.0
H,terminal_value_shifted,931,-0.01315191898443,0.0,-0.07891151390657,0.07999999999999875,0.08,13,0.013333333333333336,0.011547005383792518,0.998736576512273,0.0012634234877270112,5.2425,311.2745765019208,8.0
H,terminal_value_shifted,932,-0.01315191898443,0.0,0.07891151390657,0.07999999999999875,0.08,13,0.013333333333333336,0.011547005383792518,0.9961171955826645,0.0038828044173354614,5.2425,311.2745765019208,8.0
H,terminal_value_shifted,933,-0.01315191898443,0.07891151390657,0.0,0.07999999999999875,0.08,13,0.013333333333333336,0.011547005383792518,0.9989897692190267,0.0010102307809732869,5.2425,311.2745765019208,8.0
H,terminal_value_shifted,934,-0.01297771369046,-0.07786628214277,-0.01297771369046,0.08000000000000354,0.08,13,0.013333333333333336,0.011547005383792518,0.9991429436453618,0.0008570563546381749,5.2425,311.2745765019208,8.0
H,terminal_value_shifted,935,-0.01297771369046,-0.07786628214277,0.01297771369046,0.08000000000000354,0.08,13,0.013333333333333336,0.011547005383792518,0.9987575646663049,0.0012424353336950578,5.2425,311.2745765019208,8.0
H,terminal_value_shifted,936,-0.01297771369046,-0.01297771369046,-0.07786628214277,0.08000000000000354,0.08,13,0.013333333333333336,0.011547005383792518,0.9986885890156216,0.0013114109843783694,5.2425,311.2745765019208,8.0
H,terminal_value_shifted,937,-0.01297771369046,-0.01297771369046,0.07786628214277,0.08000000000000354,0.08,13,0.013333333333333336,0.011547005383792518,0.9962070639641872,0.003792936035812766,5.2425,311.2745765019208,8.0
H,terminal_value_shifted,938,-0.01297771369046,0.01297771369046,-0.07786628214277,0.08000000000000354,0.08,13,0.013333333333333336,0.011547005383792518,0.9988413169173784,0.00115868308262157,5.2425,311.2745765019208,8.0
H,terminal_value_shifted,939,-0.01297771369046,0.01297771369046,0.07786628214277,0.08000000000000354,0.08,13,0.013333333333333336,0.011547005383792518,0.9961404025956349,0.003859597404365145,5.2425,311.2745765019208,8.0
H,terminal_value_shifted,940,-0.01297771369046,0.07786628214277,-0.01297771369046,0.08000000000000354,0.08,13,0.013333333333333336,0.011547005383792518,0.9992431855273253,0.0007568144726747272,5.2425,311.2745765019208,8.0
H,terminal_value_shifted,941,-0.01297771369046,0.07786628214277,0.01297771369046,0.08000000000000354,0.08,13,0.013333333333333336,0.011547005383792518,0.9986624159969002,0.001337584003099801,5.2425,311.2745765019208,8.0
H,terminal_value_shifted,942,-0.01249390095109,-0.07496340570653,-0.02498780190218,0.08000000000000033,0.08,13,0.013333333333333336,0.011547005383792518,0.9992031775165349,0.0007968224834651316,5.2425,311.2745765019208,8.0
H,terminal_value_shifted,943,-0.01249390095109,-0.07496340570653,0.02498780190218,0.08000000000000033,0.08,13,0.013333333333333336,0.011547005383792518,0.9984653105081842,0.0015346894918157883,5.2425,311.2745765019208,8.0
H,terminal_value_shifted,944,-0.01249390095109,-0.02498780190218,-0.07496340570653,0.08000000000000033,0.08,13,0.013333333333333336,0.011547005383792518,0.9987017651073595,0.0012982348926404708,5.2425,311.2745765019208,8.0
H,terminal_value_shifted,945,-0.01249390095109,-0.02498780190218,0.07496340570653,0.08000000000000033,0.08,13,0.013333333333333336,0.011547005383792518,0.9963920376905098,0.0036079623094902313,5.2425,311.2745765019208,8.0
H,terminal_value_shifted,946,-0.01249390095109,0.02498780190218,-0.07496340570653,0.08000000000000033,0.08,13,0.013333333333333336,0.011547005383792518,0.9989785678583163,0.001021432141683709,5.2425,311.2745765019208,8.0
H,terminal_value_shifted,947,-0.01249390095109,0.02498780190218,0.07496340570653,0.08000000000000033,0.08,13,0.013333333333333336,0.011547005383792518,0.9962651328519606,0.003734867148039389,5.2425,311.2745765019208,8.0
H,terminal_value_shifted,948,-0.01249390095109,0.07496340570653,-0.02498780190218,0.08000000000000033,0.08,13,0.013333333333333336,0.011547005383792518,0.9994036814633176,0.0005963185366824053,5.2425,311.2745765019208,8.0
H,terminal_value_shifted,949,-0.01249390095109,0.07496340570653,0.02498780190218,0.08000000000000033,0.08,13,0.013333333333333336,0.011547005383792518,0.9982997594648484,0.0017002405351516092,5.2425,311.2745765019208,8.0
H,terminal_value_shifted,950,-0.01234426799697,-0.06172133998484,-0.04937707198787,0.08000000000000328,0.08,13,0.013333333333333336,0.011547005383792518,0.9990794267219745,0.0009205732780255271,5.2425,311.2745765019208,8.0
H,terminal_value_shifted,951,-0.01234426799697,-0.06172133998484,0.04937707198787,0.08000000000000328,0.08,13,0.013333333333333336,0.011547005383792518,0.9976300318873992,0.0023699681126008176,5.2425,311.2745765019208,8.0
H,terminal_value_shifted,952,-0.01234426799697,-0.04937707198787,-0.06172133998484,0.08000000000000328,0.08,13,0.013333333333333336,0.011547005383792518,0.9989096495587798,0.0010903504412201892,5.2425,311.2745765019208,8.0
H,terminal_value_shifted,953,-0.01234426799697,-0.04937707198787,0.06172133998484,0.08000000000000328,0.08,13,0.013333333333333336,0.011547005383792518,0.9970858392385393,0.0029141607614606713,5.2425,311.2745765019208,8.0
H,terminal_value_shifted,954,-0.01234426799697,0.04937707198787,-0.06172133998484,0.08000000000000328,0.08,13,0.013333333333333336,0.011547005383792518,0.9993248533259464,0.0006751466740535506,5.2425,311.2745765019208,8.0
H,terminal_value_shifted,955,-0.01234426799697,0.04937707198787,0.06172133998484,0.08000000000000328,0.08,13,0.013333333333333336,0.011547005383792518,0.9968660582426224,0.0031339417573775785,5.2425,311.2745765019208,8.0
H,terminal_value_shifted,956,-0.01234426799697,0.06172133998484,-0.04937707198787,0.08000000000000328,0.08,13,0.013333333333333336,0.011547005383792518,0.999463854127597,0.0005361458724030266,5.2425,311.2745765019208,8.0
H,terminal_value_shifted,957,-0.01234426799697,0.06172133998484,0.04937707198787,0.08000000000000328,0.08,13,0.013333333333333336,0.011547005383792518,0.9973962879652809,0.0026037120347190967,5.2425,311.2745765019208,8.0
H,terminal_value_shifted,958,-0.01179535649239,-0.07077213895435,-0.03538606947718,0.08000000000000126,0.08,13,0.013333333333333336,0.011547005383792518,0.9991933982683763,0.000806601731623724,5.2425,311.2745765019208,8.0
H,terminal_value_shifted,959,-0.01179535649239,-0.07077213895435,0.03538606947718,0.08000000000000126,0.08,13,0.013333333333333336,0.011547005383792518,0.9981557758199154,0.0018442241800845638,5.2425,311.2745765019208,8.0
H,terminal_value_shifted,960,-0.01179535649239,-0.03538606947718,-0.07077213895435,0.08000000000000126,0.08,13,0.013333333333333336,0.011547005383792518,0.9987605534012345,0.0012394465987655146,5.2425,311.2745765019208,8.0
H,terminal_value_shifted,961,-0.01179535649239,-0.03538606947718,0.07077213895435,0.08000000000000126,0.08,13,0.013333333333333336,0.011547005383792518,0.9966346943680121,0.0033653056319878916,5.2425,311.2745765019208,8.0
H,terminal_value_shifted,962,-0.01179535649239,0.03538606947718,-0.07077213895435,0.08000000000000126,0.08,13,0.013333333333333336,0.011547005383792518,0.9991184921935186,0.0008815078064814408,5.2425,311.2745765019208,8.0
H,terminal_value_shifted,963,-0.01179535649239,0.03538606947718,0.07077213895435,0.08000000000000126,0.08,13,0.013333333333333336,0.011547005383792518,0.9964583026744513,0.003541697325548654,5.2425,311.2745765019208,8.0
H,terminal_value_shifted,964,-0.01179535649239,0.07077213895435,-0.03538606947718,0.08000000000000126,0.08,13,0.013333333333333336,0.011547005383792518,0.999477204387568,0.0005227956124319588,5.2425,311.2745765019208,8.0
H,terminal_value_shifted,965,-0.01179535649239,0.07077213895435,0.03538606947718,0.08000000000000126,0.08,13,0.013333333333333336,0.011547005383792518,0.9979430451238798,0.0020569548761202316,5.2425,311.2745765019208,8.0
H,terminal_value_shifted,966,-0.01120224067222,-0.05601120336112,-0.05601120336112,0.07999999999999888,0.08,13,0.013333333333333336,0.011547005383792518,0.9989995112427257,0.0010004887572743204,5.2425,311.2745765019208,8.0
H,terminal_value_shifted,967,-0.01120224067222,-0.05601120336112,0.05601120336112,0.07999999999999888,0.08,13,0.013333333333333336,0.011547005383792518,0.9973631454079912,0.002636854592008797,5.2425,311.2745765019208,8.0
H,terminal_value_shifted,968,-0.01120224067222,0.05601120336112,-0.05601120336112,0.07999999999999888,0.08,13,0.013333333333333336,0.011547005383792518,0.9994049132083056,0.0005950867916943992,5.2425,311.2745765019208,8.0
H,terminal_value_shifted,969,-0.01120224067222,0.05601120336112,0.05601120336112,0.07999999999999888,0.08,13,0.013333333333333336,0.011547005383792518,0.9971218777576111,0.0028781222423889252,5.2425,311.2745765019208,8.0
H,terminal_value_shifted,970,-0.0109888451159,-0.06593307069537,-0.04395538046358,0.0799999999999998,0.08,13,0.013333333333333336,0.011547005383792518,0.9991421394190805,0.0008578605809195228,5.2425,311.2745765019208,8.0
H,terminal_value_shifted,971,-0.0109888451159,-0.06593307069537,0.04395538046358,0.0799999999999998,0.08,13,0.013333333333333336,0.011547005383792518,0.9978615527870969,0.0021384472129031273,5.2425,311.2745765019208,8.0
H,terminal_value_shifted,972,-0.0109888451159,-0.04395538046358,-0.06593307069537,0.0799999999999998,0.08,13,0.013333333333333336,0.011547005383792518,0.998841844355951,0.0011581556440489749,5.2425,311.2745765019208,8.0
H,terminal_value_shifted,973,-0.0109888451159,-0.04395538046358,0.06593307069537,0.0799999999999998,0.08,13,0.013333333333333336,0.011547005383792518,0.9968964913879919,0.0031035086120081434,5.2425,311.2745765019208,8.0
H,terminal_value_shifted,974,-0.0109888451159,0.04395538046358,-0.06593307069537,0.0799999999999998,0.08,13,0.013333333333333336,0.011547005383792518,0.9992398420426658,0.0007601579573341954,5.2425,311.2745765019208,8.0
H,terminal_value_shifted,975,-0.0109888451159,0.04395538046358,0.06593307069537,0.0799999999999998,0.08,13,0.013333333333333336,0.011547005383792518,0.9966828338668482,0.0033171661331518054,5.2425,311.2745765019208,8.0
H,terminal_value_shifted,976,-0.0109888451159,0.06593307069537,-0.04395538046358,0.0799999999999998,0.08,13,0.013333333333333336,0.011547005383792518,0.999485584626113,0.0005144153738869672,5.2425,311.2745765019208,8.0
H,terminal_value_shifted,977,-0.0109888451159,0.06593307069537,0.04395538046358,0.0799999999999998,0.08,13,0.013333333333333336,0.011547005383792518,0.9976214058549036,0.0023785941450964465,5.2425,311.2745765019208,8.0
H,terminal_value_shifted,978,-0.01016001016002,-0.06096006096009,-0.05080005080008,0.08000000000000192,0.08,13,0.013333333333333336,0.011547005383792518,0.9990737613302076,0.0009262386697923564,5.2425,311.2745765019208,8.0
H,terminal_value_shifted,979,-0.01016001016002,-0.06096006096009,0.05080005080008,0.08000000000000192,0.08,13,0.013333333333333336,0.011547005383792518,0.997600930771674,0.0023990692283260007,5.2425,311.2745765019208,8.0
H,terminal_value_shifted,980,-0.01016001016002,-0.05080005080008,-0.06096006096009,0.08000000000000192,0.08,13,0.013333333333333336,0.011547005383792518,0.9989265802829203,0.0010734197170797488,5.2425,311.2745765019208,8.0
H,terminal_value_shifted,981,-0.01016001016002,-0.05080005080008,0.06096006096009,0.08000000000000192,0.08,13,0.013333333333333336,0.011547005383792518,0.9971497661685498,0.002850233831450222,5.2425,311.2745765019208,8.0
H,terminal_value_shifted,982,-0.01016001016002,0.05080005080008,-0.06096006096009,0.08000000000000192,0.08,13,0.013333333333333336,0.011547005383792518,0.9993339261037695,0.0006660738962305235,5.2425,311.2745765019208,8.0
H,terminal_value_shifted,983,-0.01016001016002,0.05080005080008,0.06096006096009,0.08000000000000192,0.08,13,0.013333333333333336,0.011547005383792518,0.9969102310764653,0.0030897689235347414,5.2425,311.2745765019208,8.0
H,terminal_value_shifted,984,-0.01016001016002,0.06096006096009,-0.05080005080008,0.08000000000000192,0.08,13,0.013333333333333336,0.011547005383792518,0.9994535841144865,0.0005464158855135182,5.2425,311.2745765019208,8.0
H,terminal_value_shifted,985,-0.01016001016002,0.06096006096009,0.05080005080008,0.08000000000000192,0.08,13,0.013333333333333336,0.011547005383792518,0.9973479425986653,0.002652057401334673,5.2425,311.2745765019208,8.0
H,terminal_value_shifted,986,-0.00936329177569,-0.05617975065414,-0.05617975065414,0.0799999999999962,0.08,13,0.013333333333333336,0.011547005383792518,0.9990037130813032,0.0009962869186967982,5.2425,311.2745765019208,8.0
H,terminal_value_shifted,987,-0.00936329177569,-0.05617975065414,0.05617975065414,0.0799999999999962,0.08,13,0.013333333333333336,0.011547005383792518,0.9973797449028037,0.0026202550971963223,5.2425,311.2745765019208,8.0
H,terminal_value_shifted,988,-0.00936329177569,0.05617975065414,-0.05617975065414,0.0799999999999962,0.08,13,0.013333333333333336,0.011547005383792518,0.9994010303962276,0.0005989696037723702,5.2425,311.2745765019208,8.0
H,terminal_value_shifted,989,-0.00936329177569,0.05617975065414,0.05617975065414,0.0799999999999962,0.08,13,0.013333333333333336,0.011547005383792518,0.9971237127253723,0.0028762872746277424,5.2425,311.2745765019208,8.0
H,terminal_value_shifted,990,0.0,-0.08,0.0,0.08,0.08,13,0.013333333333333336,0.011547005383792518,0.9991492930451422,0.0008507069548577828,5.2425,311.2745765019208,8.0
H,terminal_value_shifted,991,0.0,-0.07891151390657,-0.01315191898443,0.07999999999999875,0.08,13,0.013333333333333336,0.011547005383792518,0.9992820970389659,0.0007179029610341336,5.2425,311.2745765019208,8.0
H,terminal_value_shifted,992,0.0,-0.07891151390657,0.01315191898443,0.07999999999999875,0.08,13,0.013333333333333336,0.011547005383792518,0.998919242618994,0.0010807573810059923,5.2425,311.2745765019208,8.0
H,terminal_value_shifted,993,0.0,-0.07589466384404,-0.02529822128135,0.07999999999999989,0.08,13,0.013333333333333336,0.011547005383792518,0.9993172648437614,0.000682735156238623,5.2425,311.2745765019208,8.0
H,terminal_value_shifted,994,0.0,-0.07589466384404,0.02529822128135,0.07999999999999989,0.08,13,0.013333333333333336,0.011547005383792518,0.9986217663565101,0.001378233643489879,5.2425,311.2745765019208,8.0
H,terminal_value_shifted,995,0.0,-0.07155417527999,-0.03577708764,0.07999999999999859,0.08,13,0.013333333333333336,0.011547005383792518,0.9992800991006309,0.0007199008993691303,5.2425,311.2745765019208,8.0
H,terminal_value_shifted,996,0.0,-0.07155417527999,0.03577708764,0.07999999999999859,0.08,13,0.013333333333333336,0.011547005383792518,0.9983001868550945,0.0016998131449055265,5.2425,311.2745765019208,8.0
H,terminal_value_shifted,997,0.0,-0.06666666666667,-0.04,0.07774602526460686,0.08,13,0.013333333333333336,0.011547005383792518,0.9992570009291425,0.0007429990708575085,5.2425,311.2745765019208,8.0
H,terminal_value_shifted,998,0.0,-0.06666666666667,-0.02666666666667,0.07180219742846439,0.08,13,0.013333333333333336,0.011547005383792518,0.9993450338282841,0.0006549661717158983,5.2425,311.2745765019208,8.0
H,terminal_value_shifted,999,0.0,-0.06666666666667,-0.01333333333333,0.06798692684790641,0.08,13,0.013333333333333336,0.011547005383792518,0.9993220667281825,0.0006779332718175324,5.2425,311.2745765019208,8.0
H,terminal_value_shifted,1000,0.0,-0.06666666666667,0.0,0.06666666666667,0.08,13,0.013333333333333336,0.011547005383792518,0.9991904458718428,0.0008095541281571972,5.2425,311.2745765019208,8.0
H,terminal_value_shifted,1001,0.0,-0.06666666666667,0.01333333333333,0.06798692684790641,0.08,13,0.013333333333333336,0.011547005383792518,0.9989520794616527,0.0010479205383473467,5.2425,311.2745765019208,8.0
H,terminal_value_shifted,1002,0.0,-0.06666666666667,0.02666666666667,0.07180219742846439,0.08,13,0.013333333333333336,0.011547005383792518,0.9986084421892589,0.001391557810741073,5.2425,311.2745765019208,8.0
H,terminal_value_shifted,1003,0.0,-0.06666666666667,0.04,0.07774602526460686,0.08,13,0.013333333333333336,0.011547005383792518,0.9981605827678662,0.0018394172321337665,5.2425,311.2745765019208,8.0
H,terminal_value_shifted,1004,0.0,-0.06656402354703,-0.04437601569802,0.08000000000000301,0.08,13,0.013333333333333336,0.011547005383792518,0.9992038320144109,0.0007961679855891246,5.2425,311.2745765019208,8.0
H,terminal_value_shifted,1005,0.0,-0.06656402354703,0.04437601569802,0.08000000000000301,0.08,13,0.013333333333333336,0.011547005383792518,0.997991262050341,0.0020087379496589453,5.2425,311.2745765019208,8.0
H,terminal_value_shifted,1006,0.0,-0.06246950475544,-0.04997560380435,0.07999999999999564,0.08,13,0.013333333333333336,0.011547005383792518,0.9991329223615851,0.0008670776384148704,5.2425,311.2745765019208,8.0
H,terminal_value_shifted,1007,0.0,-0.06246950475544,0.04997560380435,0.07999999999999564,0.08,13,0.013333333333333336,0.011547005383792518,0.9977679120997495,0.0022320879002505345,5.2425,311.2745765019208,8.0
H,terminal_value_shifted,1008,0.0,-0.06145770236779,-0.05121475197316,0.08000000000000099,0.08,13,0.013333333333333336,0.011547005383792518,0.9991150749580036,0.0008849250419964427,5.2425,311.2745765019208,8.0
H,terminal_value_shifted,1009,0.0,-0.06145770236779,0.05121475197316,0.08000000000000099,0.08,13,0.013333333333333336,0.011547005383792518,0.9977160736586296,0.0022839263413704236,5.2425,311.2745765019208,8.0
H,terminal_value_shifted,1010,0.0,-0.05656854249492,-0.05656854249492,0.07999999999999463,0.08,13,0.013333333333333336,0.011547005383792518,0.9990295508748746,0.0009704491251254499,5.2425,311.2745765019208,8.0
H,terminal_value_shifted,1011,0.0,-0.05656854249492,0.05656854249492,0.07999999999999463,0.08,13,0.013333333333333336,0.011547005383792518,0.9974817797264811,0.0025182202735188897,5.2425,311.2745765019208,8.0
H,terminal_value_shifted,1012,0.0,-0.05333333333333,-0.05333333333333,0.07542472332656036,0.08,13,0.013333333333333336,0.011547005383792518,0.999109285524245,0.0008907144757549501,5.2425,311.2745765019208,8.0
H,terminal_value_shifted,1013,0.0,-0.05333333333333,-0.04,0.066666666666664,0.08,13,0.013333333333333336,0.011547005383792518,0.9993086997703887,0.0006913002296112802,5.2425,311.2745765019208,8.0
H,terminal_value_shifted,1014,0.0,-0.05333333333333,-0.02666666666667,0.059628479399992905,0.08,13,0.013333333333333336,0.011547005383792518,0.9993948986648398,0.0006051013351602297,5.2425,311.2745765019208,8.0
H,terminal_value_shifted,1015,0.0,-0.05333333333333,-0.01333333333333,0.0549747416748981,0.08,13,0.013333333333333336,0.011547005383792518,0.9993702759736948,0.0006297240263052339,5.2425,311.2745765019208,8.0
H,terminal_value_shifted,1016,0.0,-0.05333333333333,0.0,0.05333333333333,0.08,13,0.013333333333333336,0.011547005383792518,0.99923681053325,0.000763189466750025,5.2425,311.2745765019208,8.0
H,terminal_value_shifted,1017,0.0,-0.05333333333333,0.01333333333333,0.0549747416748981,0.08,13,0.013333333333333336,0.011547005383792518,0.9989960668450815,0.0010039331549185349,5.2425,311.2745765019208,8.0
H,terminal_value_shifted,1018,0.0,-0.05333333333333,0.02666666666667,0.059628479399992905,0.08,13,0.013333333333333336,0.011547005383792518,0.998649198784724,0.0013508012152759763,5.2425,311.2745765019208,8.0
H,terminal_value_shifted,1019,0.0,-0.05333333333333,0.04,0.066666666666664,0.08,13,0.013333333333333336,0.011547005383792518,0.9981969563199828,0.0018030436800171579,5.2425,311.2745765019208,8.0
H,terminal_value_shifted,1020,0.0,-0.05333333333333,0.05333333333333,0.07542472332656036,0.08,13,0.013333333333333336,0.011547005383792518,0.9976396951670797,0.002360304832920268,5.2425,311.2745765019208,8.0
H,terminal_value_shifted,1021,0.0,-0.05121475197316,-0.06145770236779,0.08000000000000099,0.08,13,0.013333333333333336,0.011547005383792518,0.9989406555426883,0.0010593444573117061,5.2425,311.2745765019208,8.0
H,terminal_value_shifted,1022,0.0,-0.05121475197316,0.06145770236779,0.08000000000000099,0.08,13,0.013333333333333336,0.011547005383792518,0.9972525881440435,0.0027474118559565053,5.2425,311.2745765019208,8.0
H,terminal_value_shifted,1023,0.0,-0.04997560380435,-0.06246950475544,0.07999999999999564,0.08,13,0.013333333333333336,0.011547005383792518,0.9989211575820048,0.0010788424179951628,5.2425,311.2745765019208,8.0
H,terminal_value_shifted,1024,0.0,-0.04997560380435,0.06246950475544,0.07999999999999564,0.08,13,0.013333333333333336,0.011547005383792518,0.9972032438751016,0.0027967561248983808,5.2425,311.2745765019208,8.0
H,terminal_value_shifted,1025,0.0,-0.04437601569802,-0.06656402354703,0.08000000000000301,0.08,13,0.013333333333333336,0.011547005383792518,0.9988393031807516,0.0011606968192483524,5.2425,311.2745765019208,8.0
H,terminal_value_shifted,1026,0.0,-0.04437601569802,0.06656402354703,0.08000000000000301,0.08,13,0.013333333333333336,0.011547005383792518,0.9969963659038749,0.0030036340961251407,5.2425,311.2745765019208,8.0
H,terminal_value_shifted,1027,0.0,-0.04,-0.06666666666667,0.07774602526460686,0.08,13,0.013333333333333336,0.011547005383792518,0.9988581160149094,0.0011418839850906304,5.2425,311.2745765019208,8.0
H,terminal_value_shifted,1028,0.0,-0.04,-0.05333333333333,0.066666666666664,0.08,13,0.013333333333333336,0.011547005383792518,0.9991693207807131,0.0008306792192869228,5.2425,311.2745765019208,8.0
H,terminal_value_shifted,1029,0.0,-0.04,-0.04,0.0565685424949238,0.08,13,0.013333333333333336,0.011547005383792518,0.9993654242975282,0.000634575702471829,5.2425,311.2745765019208,8.0
H,terminal_value_shifted,1030,0.0,-0.04,-0.02666666666667,0.04807401700618837,0.08,13,0.013333333333333336,0.011547005383792518,0.9994488222884089,0.0005511777115910776,5.2425,311.2745765019208,8.0
H,terminal_value_shifted,1031,0.0,-0.04,-0.01333333333333,0.04216370213557734,0.08,13,0.013333333333333336,0.011547005383792518,0.9994215218737306,0.0005784781262694327,5.2425,311.2745765019208,8.0
H,terminal_value_shifted,1032,0.0,-0.04,0.0,0.04,0.08,13,0.013333333333333336,0.011547005383792518,0.9992851383231378,0.0007148616768621885,5.2425,311.2745765019208,8.0
H,terminal_value_shifted,1033,0.0,-0.04,0.01333333333333,0.04216370213557734,0.08,13,0.013333333333333336,0.011547005383792518,0.9990408950126031,0.0009591049873969304,5.2425,311.2745765019208,8.0
H,terminal_value_shifted,1034,0.0,-0.04,0.02666666666667,0.04807401700618837,0.08,13,0.013333333333333336,0.011547005383792518,0.9986896264798244,0.0013103735201756006,5.2425,311.2745765019208,8.0
H,terminal_value_shifted,1035,0.0,-0.04,0.04,0.0565685424949238,0.08,13,0.013333333333333336,0.011547005383792518,0.9982317845006216,0.001768215499378445,5.2425,311.2745765019208,8.0
H,terminal_value_shifted,1036,0.0,-0.04,0.05333333333333,0.066666666666664,0.08,13,0.013333333333333336,0.011547005383792518,0.9976674471387397,0.0023325528612603286,5.2425,311.2745765019208,8.0
H,terminal_value_shifted,1037,0.0,-0.04,0.06666666666667,0.07774602526460686,0.08,13,0.013333333333333336,0.011547005383792518,0.996996330750968,0.0030036692490319483,5.2425,311.2745765019208,8.0
H,terminal_value_shifted,1038,0.0,-0.03577708764,-0.07155417527999,0.07999999999999859,0.08,13,0.013333333333333336,0.011547005383792518,0.998736644454934,0.0012633555450659584,5.2425,311.2745765019208,8.0
H,terminal_value_shifted,1039,0.0,-0.03577708764,0.07155417527999,0.07999999999999859,0.08,13,0.013333333333333336,0.011547005383792518,0.9967266614356122,0.0032733385643878288,5.2425,311.2745765019208,8.0
H,terminal_value_shifted,1040,0.0,-0.02666666666667,-0.06666666666667,0.07180219742846439,0.08,13,0.013333333333333336,0.011547005383792518,0.9989262151994771,0.0010737848005228923,5.2425,311.2745765019208,8.0
H,terminal_value_shifted,1041,0.0,-0.02666666666667,-0.05333333333333,0.059628479399992905,0.08,13,0.013333333333333336,0.011547005383792518,0.9992321406896225,0.0007678593103774833,5.2425,311.2745765019208,8.0
H,terminal_value_shifted,1042,0.0,-0.02666666666667,-0.04,0.04807401700618837,0.08,13,0.013333333333333336,0.011547005383792518,0.99942383889702,0.0005761611029799774,5.2425,311.2745765019208,8.0
H,terminal_value_shifted,1043,0.0,-0.02666666666667,-0.02666666666667,0.037712361663287244,0.08,13,0.013333333333333336,0.011547005383792518,0.9995033009144476,0.0004966990855523878,5.2425,311.2745765019208,8.0
H,terminal_value_shifted,1044,0.0,-0.02666666666667,-0.01333333333333,0.029814239699998687,0.08,13,0.013333333333333336,0.011547005383792518,0.9994721513663056,0.0005278486336943722,5.2425,311.2745765019208,8.0
H,terminal_value_shifted,1045,0.0,-0.02666666666667,0.0,0.02666666666667,0.08,13,0.013333333333333336,0.011547005383792518,0.9993316447287187,0.0006683552712812846,5.2425,311.2745765019208,8.0
H,terminal_value_shifted,1046,0.0,-0.02666666666667,0.01333333333333,0.029814239699998687,0.08,13,0.013333333333333336,0.011547005383792518,0.9990826648173343,0.0009173351826656795,5.2425,311.2745765019208,8.0
H,terminal_value_shifted,1047,0.0,-0.02666666666667,0.02666666666667,0.037712361663287244,0.08,13,0.013333333333333336,0.011547005383792518,0.9987257273632686,0.0012742726367314106,5.2425,311.2745765019208,8.0
H,terminal_value_shifted,1048,0.0,-0.02666666666667,0.04,0.04807401700618837,0.08,13,0.013333333333333336,0.011547005383792518,0.9982609856248034,0.0017390143751966347,5.2425,311.2745765019208,8.0
H,terminal_value_shifted,1049,0.0,-0.02666666666667,0.05333333333333,0.059628479399992905,0.08,13,0.013333333333333336,0.011547005383792518,0.9976882390098758,0.002311760990124201,5.2425,311.2745765019208,8.0
H,terminal_value_shifted,1050,0.0,-0.02666666666667,0.06666666666667,0.07180219742846439,0.08,13,0.013333333333333336,0.011547005383792518,0.9970069447114032,0.0029930552885968353,5.2425,311.2745765019208,8.0
H,terminal_value_shifted,1051,0.0,-0.02529822128135,-0.07589466384404,0.07999999999999989,0.08,13,0.013333333333333336,0.011547005383792518,0.9986539490048981,0.0013460509951018773,5.2425,311.2745765019208,8.0
H,terminal_value_shifted,1052,0.0,-0.02529822128135,0.07589466384404,0.07999999999999989,0.08,13,0.013333333333333336,0.011547005383792518,0.9964709534816059,0.003529046518394141,5.2425,311.2745765019208,8.0
H,terminal_value_shifted,1053,0.0,-0.01333333333333,-0.06666666666667,0.06798692684790641,0.08,13,0.013333333333333336,0.011547005383792518,0.9989947633108393,0.001005236689160749,5.2425,311.2745765019208,8.0
H,terminal_value_shifted,1054,0.0,-0.01333333333333,-0.05333333333333,0.0549747416748981,0.08,13,0.013333333333333336,0.011547005383792518,0.9992941505206703,0.0007058494793297232,5.2425,311.2745765019208,8.0
H,terminal_value_shifted,1055,0.0,-0.01333333333333,-0.04,0.04216370213557734,0.08,13,0.013333333333333336,0.011547005383792518,0.9994801582126505,0.0005198417873495398,5.2425,311.2745765019208,8.0
H,terminal_value_shifted,1056,0.0,-0.01333333333333,-0.02666666666667,0.029814239699998687,0.08,13,0.013333333333333336,0.011547005383792518,0.9995543774861024,0.00044562251389757,5.2425,311.2745765019208,8.0
H,terminal_value_shifted,1057,0.0,-0.01333333333333,-0.01333333333333,0.01885618083163655,0.08,13,0.013333333333333336,0.011547005383792518,0.9995180536166255,0.0004819463833745097,5.2425,311.2745765019208,8.0
H,terminal_value_shifted,1058,0.0,-0.01333333333333,0.0,0.01333333333333,0.08,13,0.013333333333333336,0.011547005383792518,0.9993720821127197,0.0006279178872803381,5.2425,311.2745765019208,8.0
H,terminal_value_shifted,1059,0.0,-0.01333333333333,0.01333333333333,0.01885618083163655,0.08,13,0.013333333333333336,0.011547005383792518,0.9991170079087094,0.0008829920912906131,5.2425,311.2745765019208,8.0
H,terminal_value_shifted,1060,0.0,-0.01333333333333,0.02666666666667,0.029814239699998687,0.08,13,0.013333333333333336,0.011547005383792518,0.9987530276399489,0.001246972360051113,5.2425,311.2745765019208,8.0
H,terminal_value_shifted,1061,0.0,-0.01333333333333,0.04,0.04216370213557734,0.08,13,0.013333333333333336,0.011547005383792518,0.9982799949712207,0.0017200050287793367,5.2425,311.2745765019208,8.0
H,terminal_value_shifted,1062,0.0,-0.01333333333333,0.05333333333333,0.0549747416748981,0.08,13,0.013333333333333336,0.011547005383792518,0.9976974289743439,0.0023025710256561194,5.2425,311.2745765019208,8.0
H,terminal_value_shifted,1063,0.0,-0.01333333333333,0.06666666666667,0.06798692684790641,0.08,13,0.013333333333333336,0.011547005383792518,0.9970045255755404,0.0029954744244595766,5.2425,311.2745765019208,8.0
H,terminal_value_shifted,1064,0.0,-0.01315191898443,-0.07891151390657,0.07999999999999875,0.08,13,0.013333333333333336,0.011547005383792518,0.9986193199581092,0.0013806800418908471,5.2425,311.2745765019208,8.0
H,terminal_value_shifted,1065,0.0,-0.01315191898443,0.07891151390657,0.07999999999999875,0.08,13,0.013333333333333336,0.011547005383792518,0.996269721411579,0.00373027858842101,5.2425,311.2745765019208,8.0
H,terminal_value_shifted,1066,0.0,0.0,-0.08,0.08,0.08,13,0.013333333333333336,0.011547005383792518,0.9986545670571404,0.0013454329428596035,5.2425,311.2745765019208,8.0
H,terminal_value_shifted,1067,0.0,0.0,-0.06666666666667,0.06666666666667,0.08,13,0.013333333333333336,0.011547005383792518,0.9990599983893583,0.000940001610641672,5.2425,311.2745765019208,8.0
H,terminal_value_shifted,1068,0.0,0.0,-0.05333333333333,0.05333333333333,0.08,13,0.013333333333333336,0.011547005383792518,0.9993513761725199,0.0006486238274800993,5.2425,311.2745765019208,8.0
H,terminal_value_shifted,1069,0.0,0.0,-0.04,0.04,0.08,13,0.013333333333333336,0.011547005383792518,0.9995302146483227,0.00046978535167729873,5.2425,311.2745765019208,8.0
H,terminal_value_shifted,1070,0.0,0.0,-0.02666666666667,0.02666666666667,0.08,13,0.013333333333333336,0.011547005383792518,0.9995977086392659,0.0004022913607341083,5.2425,311.2745765019208,8.0
H,terminal_value_shifted,1071,0.0,0.0,-0.01333333333333,0.01333333333333,0.08,13,0.013333333333333336,0.011547005383792518,0.9995547263528564,0.00044527364714364026,5.2425,311.2745765019208,8.0
H,terminal_value_shifted,1072,0.0,0.0,0.0,0.0,0.08,13,0.013333333333333336,0.011547005383792518,0.999401805348392,0.0005981946516080416,5.2425,311.2745765019208,8.0
H,terminal_value_shifted,1073,0.0,0.0,0.01333333333333,0.01333333333333,0.08,13,0.013333333333333336,0.011547005383792518,0.9991391516139652,0.0008608483860348404,5.2425,311.2745765019208,8.0
H,terminal_value_shifted,1074,0.0,0.0,0.02666666666667,0.02666666666667,0.08,13,0.013333333333333336,0.011547005383792518,0.9987666417234992,0.00123335827650084,5.2425,311.2745765019208,8.0
H,terminal_value_shifted,1075,0.0,0.0,0.04,0.04,0.08,13,0.013333333333333336,0.011547005383792518,0.9982838280663854,0.0017161719336146186,5.2425,311.2745765019208,8.0
H,terminal_value_shifted,1076,0.0,0.0,0.05333333333333,0.05333333333333,0.08,13,0.013333333333333336,0.011547005383792518,0.9976899471650265,0.0023100528349735416,5.2425,311.2745765019208,8.0
H,terminal_value_shifted,1077,0.0,0.0,0.06666666666667,0.06666666666667,0.08,13,0.013333333333333336,0.011547005383792518,0.9969839311177009,0.0030160688822991055,5.2425,311.2745765019208,8.0
H,terminal_value_shifted,1078,0.0,0.0,0.08,0.08,0.08,13,0.013333333333333336,0.011547005383792518,0.9961644222250615,0.003835577774938481,5.2425,311.2745765019208,8.0
H,terminal_value_shifted,1079,0.0,0.01315191898443,-0.07891151390657,0.07999999999999875,0.08,13,0.013333333333333336,0.011547005383792518,0.9987589608639017,0.0012410391360982986,5.2425,311.2745765019208,8.0
H,terminal_value_shifted,1080,0.0,0.01315191898443,0.07891151390657,0.07999999999999875,0.08,13,0.013333333333333336,0.011547005383792518,0.9961770377866304,0.0038229622133696406,5.2425,311.2745765019208,8.0
H,terminal_value_shifted,1081,0.0,0.01333333333333,-0.06666666666667,0.06798692684790641,0.08,13,0.013333333333333336,0.011547005383792518,0.9991178393249057,0.000882160675094279,5.2425,311.2745765019208,8.0
H,terminal_value_shifted,1082,0.0,0.01333333333333,-0.05333333333333,0.0549747416748981,0.08,13,0.013333333333333336,0.011547005383792518,0.9993995227191417,0.0006004772808583247,5.2425,311.2745765019208,8.0
H,terminal_value_shifted,1083,0.0,0.01333333333333,-0.04,0.04216370213557734,0.08,13,0.013333333333333336,0.011547005383792518,0.9995695166805522,0.0004304833194478386,5.2425,311.2745765019208,8.0
H,terminal_value_shifted,1084,0.0,0.01333333333333,-0.02666666666667,0.029814239699998687,0.08,13,0.013333333333333336,0.011547005383792518,0.9996286227018895,0.0003713772981105423,5.2425,311.2745765019208,8.0
H,terminal_value_shifted,1085,0.0,0.01333333333333,-0.01333333333333,0.01885618083163655,0.08,13,0.013333333333333336,0.011547005383792518,0.9995773334909633,0.00042266650903666214,5.2425,311.2745765019208,8.0
H,terminal_value_shifted,1086,0.0,0.01333333333333,0.0,0.01333333333333,0.08,13,0.013333333333333336,0.011547005383792518,0.9994158290253836,0.0005841709746163826,5.2425,311.2745765019208,8.0
H,terminal_value_shifted,1087,0.0,0.01333333333333,0.01333333333333,0.01885618083163655,0.08,13,0.013333333333333336,0.011547005383792518,0.9991439756960824,0.0008560243039176241,5.2425,311.2745765019208,8.0
H,terminal_value_shifted,1088,0.0,0.01333333333333,0.02666666666667,0.029814239699998687,0.08,13,0.013333333333333336,0.011547005383792518,0.9987613285315607,0.0012386714684392564,5.2425,311.2745765019208,8.0
H,terminal_value_shifted,1089,0.0,0.01333333333333,0.04,0.04216370213557734,0.08,13,0.013333333333333336,0.011547005383792518,0.9982671365153627,0.0017328634846373037,5.2425,311.2745765019208,8.0
H,terminal_value_shifted,1090,0.0,0.01333333333333,0.05333333333333,0.0549747416748981,0.08,13,0.013333333333333336,0.011547005383792518,0.9976603510297042,0.0023396489702958156,5.2425,311.2745765019208,8.0
H,terminal_value_shifted,1091,0.0,0.01333333333333,0.06666666666667,0.06798692684790641,0.08,13,0.013333333333333336,0.011547005383792518,0.9969396374778802,0.0030603625221198305,5.2425,311.2745765019208,8.0
H,terminal_value_shifted,1092,0.0,0.02529822128135,-0.07589466384404,0.07999999999999989,0.08,13,0.013333333333333336,0.011547005383792518,0.9989067415214118,0.0010932584785882105,5.2425,311.2745765019208,8.0
H,terminal_value_shifted,1093,0.0,0.02529822128135,0.07589466384404,0.07999999999999989,0.08,13,0.013333333333333336,0.011547005383792518,0.9962973889034861,0.0037026110965139303,5.2425,311.2745765019208,8.0
H,terminal_value_shifted,1094,0.0,0.02666666666667,-0.06666666666667,0.07180219742846439,0.08,13,0.013333333333333336,0.011547005383792518,0.9991639334929849,0.0008360665070150652,5.2425,311.2745765019208,8.0
H,terminal_value_shifted,1095,0.0,0.02666666666667,-0.05333333333333,0.059628479399992905,0.08,13,0.013333333333333336,0.011547005383792518,0.9994340221587724,0.0005659778412275829,5.2425,311.2745765019208,8.0
H,terminal_value_shifted,1096,0.0,0.02666666666667,-0.04,0.04807401700618837,0.08,13,0.013333333333333336,0.011547005383792518,0.9995932966553898,0.0004067033446102375,5.2425,311.2745765019208,8.0
H,terminal_value_shifted,1097,0.0,0.02666666666667,-0.02666666666667,0.037712361663287244,0.08,13,0.013333333333333336,0.011547005383792518,0.9996421674897537,0.00035783251024634755,5.2425,311.2745765019208,8.0
H,terminal_value_shifted,1098,0.0,0.02666666666667,-0.01333333333333,0.029814239699998687,0.08,13,0.013333333333333336,0.011547005383792518,0.9995807528948037,0.0004192471051962521,5.2425,311.2745765019208,8.0
H,terminal_value_shifted,1099,0.0,0.02666666666667,0.0,0.02666666666667,0.08,13,0.013333333333333336,0.011547005383792518,0.9994088751530779,0.000591124846922142,5.2425,311.2745765019208,8.0
H,terminal_value_shifted,1100,0.0,0.02666666666667,0.01333333333333,0.029814239699998687,0.08,13,0.013333333333333336,0.011547005383792518,0.9991260599915643,0.0008739400084356586,5.2425,311.2745765019208,8.0
H,terminal_value_shifted,1101,0.0,0.02666666666667,0.02666666666667,0.037712361663287244,0.08,13,0.013333333333333336,0.011547005383792518,0.9987315390602196,0.0012684609397803914,5.2425,311.2745765019208,8.0
H,terminal_value_shifted,1102,0.0,0.02666666666667,0.04,0.04807401700618837,0.08,13,0.013333333333333336,0.011547005383792518,0.9982242555248639,0.0017757444751360651,5.2425,311.2745765019208,8.0
H,terminal_value_shifted,1103,0.0,0.02666666666667,0.05333333333333,0.059628479399992905,0.08,13,0.013333333333333336,0.011547005383792518,0.9976028728233265,0.002397127176673508,5.2425,311.2745765019208,8.0
H,terminal_value_shifted,1104,0.0,0.02666666666667,0.06666666666667,0.07180219742846439,0.08,13,0.013333333333333336,0.011547005383792518,0.9968657866510078,0.003134213348992221,5.2425,311.2745765019208,8.0
H,terminal_value_shifted,1105,0.0,0.03577708764,-0.07155417527999,0.07999999999999859,0.08,13,0.013333333333333336,0.011547005383792518,0.9990629886465421,0.0009370113534579172,5.2425,311.2745765019208,8.0
H,terminal_value_shifted,1106,0.0,0.03577708764,0.07155417527999,0.07999999999999859,0.08,13,0.013333333333333336,0.011547005383792518,0.9964908399306456,0.0035091600693544223,5.2425,311.2745765019208,8.0
H,terminal_value_shifted,1107,0.0,0.04,-0.06666666666667,0.07774602526460686,0.08,13,0.013333333333333336,0.011547005383792518,0.9991936922245567,0.0008063077754433268,5.2425,311.2745765019208,8.0
H,terminal_value_shifted,1108,0.0,0.04,-0.05333333333333,0.066666666666664,0.08,13,0.013333333333333336,0.011547005383792518,0.9994500693269989,0.0005499306730011311,5.2425,311.2745765019208,8.0
H,terminal_value_shifted,1109,0.0,0.04,-0.04,0.0565685424949238,0.08,13,0.013333333333333336,0.011547005383792518,0.999596547110088,0.0004034528899119483,5.2425,311.2745765019208,8.0
H,terminal_value_shifted,1110,0.0,0.04,-0.02666666666667,0.04807401700618837,0.08,13,0.013333333333333336,0.011547005383792518,0.9996331470142134,0.0003668529857866476,5.2425,311.2745765019208,8.0
H,terminal_value_shifted,1111,0.0,0.04,-0.01333333333333,0.04216370213557734,0.08,13,0.013333333333333336,0.011547005383792518,0.9995596134586151,0.0004403865413848962,5.2425,311.2745765019208,8.0
H,terminal_value_shifted,1112,0.0,0.04,0.0,0.04,0.08,13,0.013333333333333336,0.011547005383792518,0.9993754106165338,0.000624589383466212,5.2425,311.2745765019208,8.0
H,terminal_value_shifted,1113,0.0,0.04,0.01333333333333,0.04216370213557734,0.08,13,0.013333333333333336,0.011547005383792518,0.999079722247467,0.0009202777525330053,5.2425,311.2745765019208,8.0
H,terminal_value_shifted,1114,0.0,0.04,0.02666666666667,0.04807401700618837,0.08,13,0.013333333333333336,0.011547005383792518,0.9986714546175754,0.0013285453824245508,5.2425,311.2745765019208,8.0
H,terminal_value_shifted,1115,0.0,0.04,0.04,0.0565685424949238,0.08,13,0.013333333333333336,0.011547005383792518,0.9981492425554819,0.0018507574445181252,5.2425,311.2745765019208,8.0
H,terminal_value_shifted,1116,0.0,0.04,0.05333333333333,0.066666666666664,0.08,13,0.013333333333333336,0.011547005383792518,0.9975114587065801,0.0024885412934199103,5.2425,311.2745765019208,8.0
H,terminal_value_shifted,1117,0.0,0.04,0.06666666666667,0.07774602526460686,0.08,13,0.013333333333333336,0.011547005383792518,0.9967562260639113,0.0032437739360886564,5.2425,311.2745765019208,8.0
H,terminal_value_shifted,1118,0.0,0.04437601569802,-0.06656402354703,0.08000000000000301,0.08,13,0.013333333333333336,0.011547005383792518,0.99920144614572,0.0007985538542799597,5.2425,311.2745765019208,8.0
H,terminal_value_shifted,1119,0.0,0.04437601569802,0.06656402354703,0.08000000000000301,0.08,13,0.013333333333333336,0.011547005383792518,0.9967177257737466,0.003282274226253379,5.2425,311.2745765019208,8.0
H,terminal_value_shifted,1120,0.0,0.04997560380435,-0.06246950475544,0.07999999999999564,0.08,13,0.013333333333333336,0.011547005383792518,0.999291172632748,0.000708827367251974,5.2425,311.2745765019208,8.0
H,terminal_value_shifted,1121,0.0,0.04997560380435,0.06246950475544,0.07999999999999564,0.08,13,0.013333333333333336,0.011547005383792518,0.9969024052094748,0.003097594790525182,5.2425,311.2745765019208,8.0
H,terminal_value_shifted,1122,0.0,0.05121475197316,-0.06145770236779,0.08000000000000099,0.08,13,0.013333333333333336,0.011547005383792518,0.9993104860732509,0.0006895139267490968,5.2425,311.2745765019208,8.0
H,terminal_value_shifted,1123,0.0,0.05121475197316,0.06145770236779,0.08000000000000099,0.08,13,0.013333333333333336,0.011547005383792518,0.9969475994308405,0.0030524005691594525,5.2425,311.2745765019208,8.0
H,terminal_value_shifted,1124,0.0,0.05333333333333,-0.05333333333333,0.07542472332656036,0.08,13,0.013333333333333336,0.011547005383792518,0.9994426453331675,0.000557354666832488,5.2425,311.2745765019208,8.0
H,terminal_value_shifted,1125,0.0,0.05333333333333,-0.04,0.066666666666664,0.08,13,0.013333333333333336,0.011547005383792518,0.9995740450435004,0.0004259549564995524,5.2425,311.2745765019208,8.0
H,terminal_value_shifted,1126,0.0,0.05333333333333,-0.02666666666667,0.059628479399992905,0.08,13,0.013333333333333336,0.011547005383792518,0.999596146587128,0.0004038534128719684,5.2425,311.2745765019208,8.0
H,terminal_value_shifted,1127,0.0,0.05333333333333,-0.01333333333333,0.0549747416748981,0.08,13,0.013333333333333336,0.011547005383792518,0.9995083210546267,0.0004916789453732751,5.2425,311.2745765019208,8.0
H,terminal_value_shifted,1128,0.0,0.05333333333333,0.0,0.05333333333333,0.08,13,0.013333333333333336,0.011547005383792518,0.9993096739815894,0.0006903260184105697,5.2425,311.2745765019208,8.0
H,terminal_value_shifted,1129,0.0,0.05333333333333,0.01333333333333,0.0549747416748981,0.08,13,0.013333333333333336,0.011547005383792518,0.9989990458044283,0.0010009541955716683,5.2425,311.2745765019208,8.0
H,terminal_value_shifted,1130,0.0,0.05333333333333,0.02666666666667,0.059628479399992905,0.08,13,0.013333333333333336,0.011547005383792518,0.9985750154097357,0.0014249845902643,5.2425,311.2745765019208,8.0
H,terminal_value_shifted,1131,0.0,0.05333333333333,0.04,0.066666666666664,0.08,13,0.013333333333333336,0.011547005383792518,0.9980359068392707,0.001964093160729319,5.2425,311.2745765019208,8.0
H,terminal_value_shifted,1132,0.0,0.05333333333333,0.05333333333333,0.07542472332656036,0.08,13,0.013333333333333336,0.011547005383792518,0.9973797992262456,0.0026202007737543553,5.2425,311.2745765019208,8.0
H,terminal_value_shifted,1133,0.0,0.05656854249492,-0.05656854249492,0.07999999999999463,0.08,13,0.013333333333333336,0.011547005383792518,0.999389417552663,0.0006105824473370269,5.2425,311.2745765019208,8.0
H,terminal_value_shifted,1134,0.0,0.05656854249492,0.05656854249492,0.07999999999999463,0.08,13,0.013333333333333336,0.011547005383792518,0.9971627674333884,0.002837232566611614,5.2425,311.2745765019208,8.0
H,terminal_value_shifted,1135,0.0,0.06145770236779,-0.05121475197316,0.08000000000000099,0.08,13,0.013333333333333336,0.011547005383792518,0.9994508726564983,0.0005491273435016542,5.2425,311.2745765019208,8.0
H,terminal_value_shifted,1136,0.0,0.06145770236779,0.05121475197316,0.08000000000000099,0.08,13,0.013333333333333336,0.011547005383792518,0.9973912127151066,0.0026087872848934435,5.2425,311.2745765019208,8.0
H,terminal_value_shifted,1137,0.0,0.06246950475544,-0.04997560380435,0.07999999999999564,0.08,13,0.013333333333333336,0.011547005383792518,0.9994616634106712,0.0005383365893287806,5.2425,311.2745765019208,8.0
H,terminal_value_shifted,1138,0.0,0.06246950475544,0.04997560380435,0.07999999999999564,0.08,13,0.013333333333333336,0.011547005383792518,0.9974428969072526,0.0025571030927473704,5.2425,311.2745765019208,8.0
H,terminal_value_shifted,1139,0.0,0.06656402354703,-0.04437601569802,0.08000000000000301,0.08,13,0.013333333333333336,0.011547005383792518,0.9994954389741989,0.000504561025801098,5.2425,311.2745765019208,8.0
H,terminal_value_shifted,1140,0.0,0.06656402354703,0.04437601569802,0.08000000000000301,0.08,13,0.013333333333333336,0.011547005383792518,0.9976704298461289,0.002329570153871141,5.2425,311.2745765019208,8.0
H,terminal_value_shifted,1141,0.0,0.06666666666667,-0.04,0.07774602526460686,0.08,13,0.013333333333333336,0.011547005383792518,0.9995203639529796,0.0004796360470203931,5.2425,311.2745765019208,8.0
H,terminal_value_shifted,1142,0.0,0.06666666666667,-0.02666666666667,0.07180219742846439,0.08,13,0.013333333333333336,0.011547005383792518,0.9995255461863125,0.00047445381368749207,5.2425,311.2745765019208,8.0
H,terminal_value_shifted,1143,0.0,0.06666666666667,-0.01333333333333,0.06798692684790641,0.08,13,0.013333333333333336,0.011547005383792518,0.9994210732511333,0.000578926748866726,5.2425,311.2745765019208,8.0
H,terminal_value_shifted,1144,0.0,0.06666666666667,0.0,0.06666666666667,0.08,13,0.013333333333333336,0.011547005383792518,0.9992056915928677,0.0007943084071323492,5.2425,311.2745765019208,8.0
H,terminal_value_shifted,1145,0.0,0.06666666666667,0.01333333333333,0.06798692684790641,0.08,13,0.013333333333333336,0.011547005383792518,0.9988778971042628,0.0011221028957372203,5.2425,311.2745765019208,8.0
H,terminal_value_shifted,1146,0.0,0.06666666666667,0.02666666666667,0.07180219742846439,0.08,13,0.013333333333333336,0.011547005383792518,0.9984359394891029,0.0015640605108970806,5.2425,311.2745765019208,8.0
H,terminal_value_shifted,1147,0.0,0.06666666666667,0.04,0.07774602526460686,0.08,13,0.013333333333333336,0.011547005383792518,0.9978778298003785,0.002122170199621465,5.2425,311.2745765019208,8.0
H,terminal_value_shifted,1148,0.0,0.07155417527999,-0.03577708764,0.07999999999999859,0.08,13,0.013333333333333336,0.011547005383792518,0.9995030224830785,0.0004969775169214596,5.2425,311.2745765019208,8.0
H,terminal_value_shifted,1149,0.0,0.07155417527999,0.03577708764,0.07999999999999859,0.08,13,0.013333333333333336,0.011547005383792518,0.997999265226845,0.0020007347731549885,5.2425,311.2745765019208,8.0
H,terminal_value_shifted,1150,0.0,0.07589466384404,-0.02529822128135,0.07999999999999989,0.08,13,0.013333333333333336,0.011547005383792518,0.9994469636611076,0.0005530363388923654,5.2425,311.2745765019208,8.0
H,terminal_value_shifted,1151,0.0,0.07589466384404,0.02529822128135,0.07999999999999989,0.08,13,0.013333333333333336,0.011547005383792518,0.9983634283571914,0.0016365716428086152,5.2425,311.2745765019208,8.0
H,terminal_value_shifted,1152,0.0,0.07891151390657,-0.01315191898443,0.07999999999999875,0.08,13,0.013333333333333336,0.011547005383792518,0.9993017110984879,0.0006982889015121341,5.2425,311.2745765019208,8.0
H,terminal_value_shifted,1153,0.0,0.07891151390657,0.01315191898443,0.07999999999999875,0.08,13,0.013333333333333336,0.011547005383792518,0.9987310244183553,0.001268975581644738,5.2425,311.2745765019208,8.0
H,terminal_value_shifted,1154,0.0,0.08,0.0,0.08,0.08,13,0.013333333333333336,0.011547005383792518,0.999057283254005,0.0009427167459949981,5.2425,311.2745765019208,8.0
H,terminal_value_shifted,1155,0.00936329177569,-0.05617975065414,-0.05617975065414,0.0799999999999962,0.08,13,0.013333333333333336,0.011547005383792518,0.999063440710546,0.0009365592894540198,5.2425,311.2745765019208,8.0
H,terminal_value_shifted,1156,0.00936329177569,-0.05617975065414,0.05617975065414,0.0799999999999962,0.08,13,0.013333333333333336,0.011547005383792518,0.9976106699385974,0.002389330061402628,5.2425,311.2745765019208,8.0
H,terminal_value_shifted,1157,0.00936329177569,0.05617975065414,-0.05617975065414,0.0799999999999962,0.08,13,0.013333333333333336,0.011547005383792518,0.999390875262712,0.0006091247372880249,5.2425,311.2745765019208,8.0
H,terminal_value_shifted,1158,0.00936329177569,0.05617975065414,0.05617975065414,0.0799999999999962,0.08,13,0.013333333333333336,0.011547005383792518,0.9972490925812609,0.002750907418739068,5.2425,311.2745765019208,8.0
H,terminal_value_shifted,1159,0.01016001016002,-0.06096006096009,-0.05080005080008,0.08000000000000192,0.08,13,0.013333333333333336,0.011547005383792518,0.9991602068031545,0.0008397931968454619,5.2425,311.2745765019208,8.0
H,terminal_value_shifted,1160,0.01016001016002,-0.06096006096009,0.05080005080008,0.08000000000000192,0.08,13,0.013333333333333336,0.011547005383792518,0.997855673007751,0.0021443269922489794,5.2425,311.2745765019208,8.0
H,terminal_value_shifted,1161,0.01016001016002,-0.05080005080008,-0.06096006096009,0.08000000000000192,0.08,13,0.013333333333333336,0.011547005383792518,0.9989700091768289,0.001029990823171123,5.2425,311.2745765019208,8.0
H,terminal_value_shifted,1162,0.01016001016002,-0.05080005080008,0.06096006096009,0.08000000000000192,0.08,13,0.013333333333333336,0.011547005383792518,0.9973941865847638,0.0026058134152362467,5.2425,311.2745765019208,8.0
H,terminal_value_shifted,1163,0.01016001016002,0.05080005080008,-0.06096006096009,0.08000000000000192,0.08,13,0.013333333333333336,0.011547005383792518,0.9993060463997729,0.0006939536002270597,5.2425,311.2745765019208,8.0
H,terminal_value_shifted,1164,0.01016001016002,0.05080005080008,0.06096006096009,0.08000000000000192,0.08,13,0.013333333333333336,0.011547005383792518,0.9970457688162935,0.002954231183706524,5.2425,311.2745765019208,8.0
H,terminal_value_shifted,1165,0.01016001016002,0.06096006096009,-0.05080005080008,0.08000000000000192,0.08,13,0.013333333333333336,0.011547005383792518,0.9994603360646565,0.0005396639353435484,5.2425,311.2745765019208,8.0
H,terminal_value_shifted,1166,0.01016001016002,0.06096006096009,0.05080005080008,0.08000000000000192,0.08,13,0.013333333333333336,0.011547005383792518,0.9974846718442615,0.0025153281557385165,5.2425,311.2745765019208,8.0
H,terminal_value_shifted,1167,0.0109888451159,-0.06593307069537,-0.04395538046358,0.0799999999999998,0.08,13,0.013333333333333336,0.011547005383792518,0.9992627572249406,0.0007372427750593769,5.2425,311.2745765019208,8.0
H,terminal_value_shifted,1168,0.0109888451159,-0.06593307069537,0.04395538046358,0.0799999999999998,0.08,13,0.013333333333333336,0.011547005383792518,0.9981399109004966,0.0018600890995034147,5.2425,311.2745765019208,8.0
H,terminal_value_shifted,1169,0.0109888451159,-0.04395538046358,-0.06593307069537,0.0799999999999998,0.08,13,0.013333333333333336,0.011547005383792518,0.998862399942591,0.0011376000574090384,5.2425,311.2745765019208,8.0
H,terminal_value_shifted,1170,0.0109888451159,-0.04395538046358,0.06593307069537,0.0799999999999998,0.08,13,0.013333333333333336,0.011547005383792518,0.9971511193807976,0.0028488806192024096,5.2425,311.2745765019208,8.0
H,terminal_value_shifted,1171,0.0109888451159,0.04395538046358,-0.06593307069537,0.0799999999999998,0.08,13,0.013333333333333336,0.011547005383792518,0.9991906170887559,0.0008093829112441053,5.2425,311.2745765019208,8.0
H,terminal_value_shifted,1172,0.0109888451159,0.04395538046358,0.06593307069537,0.0799999999999998,0.08,13,0.013333333333333336,0.011547005383792518,0.9968301006667016,0.003169899333298365,5.2425,311.2745765019208,8.0
H,terminal_value_shifted,1173,0.0109888451159,0.06593307069537,-0.04395538046358,0.0799999999999998,0.08,13,0.013333333333333336,0.011547005383792518,0.9995159830682122,0.0004840169317877896,5.2425,311.2745765019208,8.0
H,terminal_value_shifted,1174,0.0109888451159,0.06593307069537,0.04395538046358,0.0799999999999998,0.08,13,0.013333333333333336,0.011547005383792518,0.9977703590598495,0.0022296409401505457,5.2425,311.2745765019208,8.0
H,terminal_value_shifted,1175,0.01120224067222,-0.05601120336112,-0.05601120336112,0.07999999999999888,0.08,13,0.013333333333333336,0.011547005383792518,0.9990711410312347,0.0009288589687652671,5.2425,311.2745765019208,8.0
H,terminal_value_shifted,1176,0.01120224067222,-0.05601120336112,0.05601120336112,0.07999999999999888,0.08,13,0.013333333333333336,0.011547005383792518,0.9976389160577551,0.0023610839422448793,5.2425,311.2745765019208,8.0
H,terminal_value_shifted,1177,0.01120224067222,0.05601120336112,-0.05601120336112,0.07999999999999888,0.08,13,0.013333333333333336,0.011547005383792518,0.9993925841276082,0.00060741587239177,5.2425,311.2745765019208,8.0
H,terminal_value_shifted,1178,0.01120224067222,0.05601120336112,0.05601120336112,0.07999999999999888,0.08,13,0.013333333333333336,0.011547005383792518,0.9972713368584223,0.002728663141577714,5.2425,311.2745765019208,8.0
H,terminal_value_shifted,1179,0.01179535649239,-0.07077213895435,-0.03538606947718,0.08000000000000126,0.08,13,0.013333333333333336,0.011547005383792518,0.9993553898299268,0.0006446101700732232,5.2425,311.2745765019208,8.0
H,terminal_value_shifted,1180,0.01179535649239,-0.07077213895435,0.03538606947718,0.08000000000000126,0.08,13,0.013333333333333336,0.011547005383792518,0.998454217565284,0.0015457824347160365,5.2425,311.2745765019208,8.0
H,terminal_value_shifted,1181,0.01179535649239,-0.03538606947718,-0.07077213895435,0.08000000000000126,0.08,13,0.013333333333333336,0.011547005383792518,0.998751706955006,0.0012482930449939644,5.2425,311.2745765019208,8.0
H,terminal_value_shifted,1182,0.01179535649239,-0.03538606947718,0.07077213895435,0.08000000000000126,0.08,13,0.013333333333333336,0.011547005383792518,0.9968936684614135,0.0031063315385865264,5.2425,311.2745765019208,8.0
H,terminal_value_shifted,1183,0.01179535649239,0.03538606947718,-0.07077213895435,0.08000000000000126,0.08,13,0.013333333333333336,0.011547005383792518,0.9990464607666298,0.0009535392333701598,5.2425,311.2745765019208,8.0
H,terminal_value_shifted,1184,0.01179535649239,0.03538606947718,0.07077213895435,0.08000000000000126,0.08,13,0.013333333333333336,0.011547005383792518,0.996619674387314,0.003380325612685975,5.2425,311.2745765019208,8.0
H,terminal_value_shifted,1185,0.01179535649239,0.07077213895435,-0.03538606947718,0.08000000000000126,0.08,13,0.013333333333333336,0.011547005383792518,0.9995380744791615,0.0004619255208384576,5.2425,311.2745765019208,8.0
H,terminal_value_shifted,1186,0.01179535649239,0.07077213895435,0.03538606947718,0.08000000000000126,0.08,13,0.013333333333333336,0.011547005383792518,0.9981036322797071,0.0018963677202928908,5.2425,311.2745765019208,8.0
H,terminal_value_shifted,1187,0.01234426799697,-0.06172133998484,-0.04937707198787,0.08000000000000328,0.08,13,0.013333333333333336,0.011547005383792518,0.9991903265553743,0.0008096734446256804,5.2425,311.2745765019208,8.0
H,terminal_value_shifted,1188,0.01234426799697,-0.06172133998484,0.04937707198787,0.08000000000000328,0.08,13,0.013333333333333336,0.011547005383792518,0.9979396733676067,0.0020603266323933056,5.2425,311.2745765019208,8.0
H,terminal_value_shifted,1189,0.01234426799697,-0.04937707198787,-0.06172133998484,0.08000000000000328,0.08,13,0.013333333333333336,0.011547005383792518,0.9989571100869484,0.00104288991305157,5.2425,311.2745765019208,8.0
H,terminal_value_shifted,1190,0.01234426799697,-0.04937707198787,0.06172133998484,0.08000000000000328,0.08,13,0.013333333333333336,0.011547005383792518,0.9973802721645856,0.0026197278354144204,5.2425,311.2745765019208,8.0
H,terminal_value_shifted,1191,0.01234426799697,0.04937707198787,-0.06172133998484,0.08000000000000328,0.08,13,0.013333333333333336,0.011547005383792518,0.999286701273322,0.0007132987266780244,5.2425,311.2745765019208,8.0
H,terminal_value_shifted,1192,0.01234426799697,0.04937707198787,0.06172133998484,0.08000000000000328,0.08,13,0.013333333333333336,0.011547005383792518,0.9970301252891195,0.0029698747108805046,5.2425,311.2745765019208,8.0
H,terminal_value_shifted,1193,0.01234426799697,0.06172133998484,-0.04937707198787,0.08000000000000328,0.08,13,0.013333333333333336,0.011547005383792518,0.9994764437420962,0.00052355625790379,5.2425,311.2745765019208,8.0
H,terminal_value_shifted,1194,0.01234426799697,0.06172133998484,0.04937707198787,0.08000000000000328,0.08,13,0.013333333333333336,0.011547005383792518,0.9975617891647341,0.0024382108352658527,5.2425,311.2745765019208,8.0
H,terminal_value_shifted,1195,0.01249390095109,-0.07496340570653,-0.02498780190218,0.08000000000000033,0.08,13,0.013333333333333336,0.011547005383792518,0.9994110716522036,0.0005889283477964469,5.2425,311.2745765019208,8.0
H,terminal_value_shifted,1196,0.01249390095109,-0.07496340570653,0.02498780190218,0.08000000000000033,0.08,13,0.013333333333333336,0.011547005383792518,0.998775322047019,0.0012246779529809793,5.2425,311.2745765019208,8.0
H,terminal_value_shifted,1197,0.01249390095109,-0.02498780190218,-0.07496340570653,0.08000000000000033,0.08,13,0.013333333333333336,0.011547005383792518,0.9986595120740427,0.0013404879259573121,5.2425,311.2745765019208,8.0
H,terminal_value_shifted,1198,0.01249390095109,-0.02498780190218,0.07496340570653,0.08000000000000033,0.08,13,0.013333333333333336,0.011547005383792518,0.9966470807310253,0.003352919268974741,5.2425,311.2745765019208,8.0
H,terminal_value_shifted,1199,0.01249390095109,0.02498780190218,-0.07496340570653,0.08000000000000033,0.08,13,0.013333333333333336,0.011547005383792518,0.9988869897081493,0.0011130102918507356,5.2425,311.2745765019208,8.0
H,terminal_value_shifted,1200,0.01249390095109,0.02498780190218,0.07496340570653,0.08000000000000033,0.08,13,0.013333333333333336,0.011547005383792518,0.9964439065257188,0.003556093474281208,5.2425,311.2745765019208,8.0
H,terminal_value_shifted,1201,0.01249390095109,0.07496340570653,-0.02498780190218,0.08000000000000033,0.08,13,0.013333333333333336,0.011547005383792518,0.9994994913937895,0.0005005086062105368,5.2425,311.2745765019208,8.0
H,terminal_value_shifted,1202,0.01249390095109,0.07496340570653,0.02498780190218,0.08000000000000033,0.08,13,0.013333333333333336,0.011547005383792518,0.998468302695469,0.0015316973045309545,5.2425,311.2745765019208,8.0
H,terminal_value_shifted,1203,0.01297771369046,-0.07786628214277,-0.01297771369046,0.08000000000000354,0.08,13,0.013333333333333336,0.011547005383792518,0.9993954176679734,0.0006045823320266486,5.2425,311.2745765019208,8.0
H,terminal_value_shifted,1204,0.01297771369046,-0.07786628214277,0.01297771369046,0.08000000000000354,0.08,13,0.013333333333333336,0.011547005383792518,0.9990651396094353,0.0009348603905646735,5.2425,311.2745765019208,8.0
H,terminal_value_shifted,1205,0.01297771369046,-0.01297771369046,-0.07786628214277,0.08000000000000354,0.08,13,0.013333333333333336,0.011547005383792518,0.9986148549481256,0.0013851450518743702,5.2425,311.2745765019208,8.0
H,terminal_value_shifted,1206,0.01297771369046,-0.01297771369046,0.07786628214277,0.08000000000000354,0.08,13,0.013333333333333336,0.011547005383792518,0.9964491129189165,0.0035508870810835313,5.2425,311.2745765019208,8.0
H,terminal_value_shifted,1207,0.01297771369046,0.01297771369046,-0.07786628214277,0.08000000000000354,0.08,13,0.013333333333333336,0.011547005383792518,0.9987401437648575,0.0012598562351424647,5.2425,311.2745765019208,8.0
H,terminal_value_shifted,1208,0.01297771369046,0.01297771369046,0.07786628214277,0.08000000000000354,0.08,13,0.013333333333333336,0.011547005383792518,0.9963400458627798,0.0036599541372202005,5.2425,311.2745765019208,8.0
H,terminal_value_shifted,1209,0.01297771369046,0.07786628214277,-0.01297771369046,0.08000000000000354,0.08,13,0.013333333333333336,0.011547005383792518,0.9993728698893242,0.0006271301106758331,5.2425,311.2745765019208,8.0
H,terminal_value_shifted,1210,0.01297771369046,0.07786628214277,0.01297771369046,0.08000000000000354,0.08,13,0.013333333333333336,0.011547005383792518,0.9988306211057423,0.0011693788942577221,5.2425,311.2745765019208,8.0
H,terminal_value_shifted,1211,0.01315191898443,-0.07891151390657,0.0,0.07999999999999875,0.08,13,0.013333333333333336,0.011547005383792518,0.9992809569985899,0.0007190430014101246,5.2425,311.2745765019208,8.0
H,terminal_value_shifted,1212,0.01315191898443,0.0,-0.07891151390657,0.07999999999999875,0.08,13,0.013333333333333336,0.011547005383792518,0.9986412737881222,0.0013587262118778254,5.2425,311.2745765019208,8.0
H,terminal_value_shifted,1213,0.01315191898443,0.0,0.07891151390657,0.07999999999999875,0.08,13,0.013333333333333336,0.011547005383792518,0.9963393080352387,0.0036606919647612646,5.2425,311.2745765019208,8.0
H,terminal_value_shifted,1214,0.01315191898443,0.07891151390657,0.0,0.07999999999999875,0.08,13,0.013333333333333336,0.011547005383792518,0.9991451581474908,0.0008548418525091694,5.2425,311.2745765019208,8.0
H,terminal_value_shifted,1215,0.01333333333333,-0.06666666666667,-0.04,0.07888106377466379,0.08,13,0.013333333333333336,0.011547005383792518,0.9993225416353446,0.0006774583646553811,5.2425,311.2745765019208,8.0
H,terminal_value_shifted,1216,0.01333333333333,-0.06666666666667,-0.02666666666667,0.0730296743340258,0.08,13,0.013333333333333336,0.011547005383792518,0.9994267416872322,0.0005732583127677771,5.2425,311.2745765019208,8.0
H,terminal_value_shifted,1217,0.01333333333333,-0.06666666666667,-0.01333333333333,0.06928203230275701,0.08,13,0.013333333333333336,0.011547005383792518,0.9994193124902584,0.0005806875097416064,5.2425,311.2745765019208,8.0
H,terminal_value_shifted,1218,0.01333333333333,-0.06666666666667,0.0,0.06798692684790641,0.08,13,0.013333333333333336,0.011547005383792518,0.9993026060867747,0.0006973939132253193,5.2425,311.2745765019208,8.0
H,terminal_value_shifted,1219,0.01333333333333,-0.06666666666667,0.01333333333333,0.06928203230275701,0.08,13,0.013333333333333336,0.011547005383792518,0.999078536339563,0.0009214636604369941,5.2425,311.2745765019208,8.0
H,terminal_value_shifted,1220,0.01333333333333,-0.06666666666667,0.02666666666667,0.0730296743340258,0.08,13,0.013333333333333336,0.011547005383792518,0.9987485829522877,0.0012514170477122555,5.2425,311.2745765019208,8.0
H,terminal_value_shifted,1221,0.01333333333333,-0.06666666666667,0.04,0.07888106377466379,0.08,13,0.013333333333333336,0.011547005383792518,0.9983137985500957,0.0016862014499042788,5.2425,311.2745765019208,8.0
H,terminal_value_shifted,1222,0.01333333333333,-0.05333333333333,-0.05333333333333,0.07659416862050183,0.08,13,0.013333333333333336,0.011547005383792518,0.9991399228949458,0.0008600771050542022,5.2425,311.2745765019208,8.0
H,terminal_value_shifted,1223,0.01333333333333,-0.05333333333333,-0.04,0.06798692684790053,0.08,13,0.013333333333333336,0.011547005383792518,0.9993556575065914,0.0006443424934086117,5.2425,311.2745765019208,8.0
H,terminal_value_shifted,1224,0.01333333333333,-0.05333333333333,-0.02666666666667,0.06110100926607569,0.08,13,0.013333333333333336,0.011547005383792518,0.9994576398759724,0.000542360124027641,5.2425,311.2745765019208,8.0
H,terminal_value_shifted,1225,0.01333333333333,-0.05333333333333,-0.01333333333333,0.05656854249491909,0.08,13,0.013333333333333336,0.011547005383792518,0.9994482623827432,0.0005517376172567978,5.2425,311.2745765019208,8.0
H,terminal_value_shifted,1226,0.01333333333333,-0.05333333333333,0.0,0.0549747416748981,0.08,13,0.013333333333333336,0.011547005383792518,0.9993295032539996,0.000670496746000393,5.2425,311.2745765019208,8.0
H,terminal_value_shifted,1227,0.01333333333333,-0.05333333333333,0.01333333333333,0.05656854249491909,0.08,13,0.013333333333333336,0.011547005383792518,0.9991029265917835,0.0008970734082165421,5.2425,311.2745765019208,8.0
H,terminal_value_shifted,1228,0.01333333333333,-0.05333333333333,0.02666666666667,0.06110100926607569,0.08,13,0.013333333333333336,0.011547005383792518,0.9987696855721728,0.0012303144278271727,5.2425,311.2745765019208,8.0
H,terminal_value_shifted,1229,0.01333333333333,-0.05333333333333,0.04,0.06798692684790053,0.08,13,0.013333333333333336,0.011547005383792518,0.9983305287076643,0.0016694712923357446,5.2425,311.2745765019208,8.0
H,terminal_value_shifted,1230,0.01333333333333,-0.05333333333333,0.05333333333333,0.07659416862050183,0.08,13,0.013333333333333336,0.011547005383792518,0.9977858090969207,0.002214190903079283,5.2425,311.2745765019208,8.0
H,terminal_value_shifted,1231,0.01333333333333,-0.04,-0.06666666666667,0.07888106377466379,0.08,13,0.013333333333333336,0.011547005383792518,0.9988553533556792,0.0011446466443207903,5.2425,311.2745765019208,8.0
H,terminal_value_shifted,1232,0.01333333333333,-0.04,-0.05333333333333,0.06798692684790053,0.08,13,0.013333333333333336,0.011547005383792518,0.9991828752792506,0.0008171247207493515,5.2425,311.2745765019208,8.0
H,terminal_value_shifted,1233,0.01333333333333,-0.04,-0.04,0.05811865258054155,0.08,13,0.013333333333333336,0.011547005383792518,0.9993948465749772,0.0006051534250227641,5.2425,311.2745765019208,8.0
H,terminal_value_shifted,1234,0.01333333333333,-0.04,-0.02666666666667,0.04988876515698678,0.08,13,0.013333333333333336,0.011547005383792518,0.9994936541375339,0.0005063458624661177,5.2425,311.2745765019208,8.0
H,terminal_value_shifted,1235,0.01333333333333,-0.04,-0.01333333333333,0.044221663871403326,0.08,13,0.013333333333333336,0.011547005383792518,0.999481297994626,0.000518702005373961,5.2425,311.2745765019208,8.0
H,terminal_value_shifted,1236,0.01333333333333,-0.04,0.0,0.04216370213557734,0.08,13,0.013333333333333336,0.011547005383792518,0.9993593874356543,0.0006406125643456662,5.2425,311.2745765019208,8.0
H,terminal_value_shifted,1237,0.01333333333333,-0.04,0.01333333333333,0.044221663871403326,0.08,13,0.013333333333333336,0.011547005383792518,0.9991291404031362,0.0008708595968638377,5.2425,311.2745765019208,8.0
H,terminal_value_shifted,1238,0.01333333333333,-0.04,0.02666666666667,0.04988876515698678,0.08,13,0.013333333333333336,0.011547005383792518,0.9987913860362156,0.0012086139637843551,5.2425,311.2745765019208,8.0
H,terminal_value_shifted,1239,0.01333333333333,-0.04,0.04,0.05811865258054155,0.08,13,0.013333333333333336,0.011547005383792518,0.9983465702851085,0.0016534297148914634,5.2425,311.2745765019208,8.0
H,terminal_value_shifted,1240,0.01333333333333,-0.04,0.05333333333333,0.06798692684790053,0.08,13,0.013333333333333336,0.011547005383792518,0.9977947645453058,0.002205235454694199,5.2425,311.2745765019208,8.0
H,terminal_value_shifted,1241,0.01333333333333,-0.04,0.06666666666667,0.07888106377466379,0.08,13,0.013333333333333336,0.011547005383792518,0.99713567729019,0.0028643227098099633,5.2425,311.2745765019208,8.0
H,terminal_value_shifted,1242,0.01333333333333,-0.02666666666667,-0.06666666666667,0.0730296743340258,0.08,13,0.013333333333333336,0.011547005383792518,0.998908815103869,0.0010911848961310255,5.2425,311.2745765019208,8.0
H,terminal_value_shifted,1243,0.01333333333333,-0.02666666666667,-0.05333333333333,0.06110100926607569,0.08,13,0.013333333333333336,0.011547005383792518,0.9992305548939886,0.0007694451060114016,5.2425,311.2745765019208,8.0
H,terminal_value_shifted,1244,0.01333333333333,-0.02666666666667,-0.04,0.04988876515698678,0.08,13,0.013333333333333336,0.011547005383792518,0.9994376828949614,0.0005623171050386233,5.2425,311.2745765019208,8.0
H,terminal_value_shifted,1245,0.01333333333333,-0.02666666666667,-0.02666666666667,0.04000000000000333,0.08,13,0.013333333333333336,0.011547005383792518,0.9995321763817367,0.00046782361826325225,5.2425,311.2745765019208,8.0
H,terminal_value_shifted,1246,0.01333333333333,-0.02666666666667,-0.01333333333333,0.032659863237109045,0.08,13,0.013333333333333336,0.011547005383792518,0.9995156482177954,0.0004843517822046284,5.2425,311.2745765019208,8.0
H,terminal_value_shifted,1247,0.01333333333333,-0.02666666666667,0.0,0.029814239699998687,0.08,13,0.013333333333333336,0.011547005383792518,0.9993893425560395,0.0006106574439604939,5.2425,311.2745765019208,8.0
H,terminal_value_shifted,1248,0.01333333333333,-0.02666666666667,0.01333333333333,0.032659863237109045,0.08,13,0.013333333333333336,0.011547005383792518,0.9991541337606172,0.0008458662393827643,5.2425,311.2745765019208,8.0
H,terminal_value_shifted,1249,0.01333333333333,-0.02666666666667,0.02666666666667,0.04000000000000333,0.08,13,0.013333333333333336,0.011547005383792518,0.9988105284667236,0.0011894715332764205,5.2425,311.2745765019208,8.0
H,terminal_value_shifted,1250,0.01333333333333,-0.02666666666667,0.04,0.04988876515698678,0.08,13,0.013333333333333336,0.011547005383792518,0.998358670722727,0.001641329277273007,5.2425,311.2745765019208,8.0
H,terminal_value_shifted,1251,0.01333333333333,-0.02666666666667,0.05333333333333,0.06110100926607569,0.08,13,0.013333333333333336,0.011547005383792518,0.9977983501865912,0.002201649813408757,5.2425,311.2745765019208,8.0
H,terminal_value_shifted,1252,0.01333333333333,-0.02666666666667,0.06666666666667,0.0730296743340258,0.08,13,0.013333333333333336,0.011547005383792518,0.9971290133758673,0.0028709866241326543,5.2425,311.2745765019208,8.0
H,terminal_value_shifted,1253,0.01333333333333,-0.01333333333333,-0.06666666666667,0.06928203230275702,0.08,13,0.013333333333333336,0.011547005383792518,0.9989655038998093,0.001034496100190685,5.2425,311.2745765019208,8.0
H,terminal_value_shifted,1254,0.01333333333333,-0.01333333333333,-0.05333333333333,0.05656854249491909,0.08,13,0.013333333333333336,0.011547005383792518,0.9992802238149128,0.0007197761850872286,5.2425,311.2745765019208,8.0
H,terminal_value_shifted,1255,0.01333333333333,-0.01333333333333,-0.04,0.044221663871403326,0.08,13,0.013333333333333336,0.011547005383792518,0.9994812250251109,0.000518774974889058,5.2425,311.2745765019208,8.0
H,terminal_value_shifted,1256,0.01333333333333,-0.01333333333333,-0.02666666666667,0.032659863237109045,0.08,13,0.013333333333333336,0.011547005383792518,0.9995700808542574,0.000429919145742641,5.2425,311.2745765019208,8.0
H,terminal_value_shifted,1257,0.01333333333333,-0.01333333333333,-0.01333333333333,0.023094010767579255,0.08,13,0.013333333333333336,0.011547005383792518,0.9995480211725627,0.0004519788274373049,5.2425,311.2745765019208,8.0
H,terminal_value_shifted,1258,0.01333333333333,-0.01333333333333,0.0,0.01885618083163655,0.08,13,0.013333333333333336,0.011547005383792518,0.99941592783566,0.0005840721643399771,5.2425,311.2745765019208,8.0
H,terminal_value_shifted,1259,0.01333333333333,-0.01333333333333,0.01333333333333,0.023094010767579255,0.08,13,0.013333333333333336,0.011547005383792518,0.9991743333091183,0.0008256666908816879,5.2425,311.2745765019208,8.0
H,terminal_value_shifted,1260,0.01333333333333,-0.01333333333333,0.02666666666667,0.032659863237109045,0.08,13,0.013333333333333336,0.011547005383792518,0.9988234224215148,0.0011765775784852162,5.2425,311.2745765019208,8.0
H,terminal_value_shifted,1261,0.01333333333333,-0.01333333333333,0.04,0.044221663871403326,0.08,13,0.013333333333333336,0.011547005383792518,0.998363037214244,0.0016369627857559799,5.2425,311.2745765019208,8.0
H,terminal_value_shifted,1262,0.01333333333333,-0.01333333333333,0.05333333333333,0.05656854249491909,0.08,13,0.013333333333333336,0.011547005383792518,0.9977926848814909,0.0022073151185091344,5.2425,311.2745765019208,8.0
H,terminal_value_shifted,1263,0.01333333333333,-0.01333333333333,0.06666666666667,0.06928203230275702,0.08,13,0.013333333333333336,0.011547005383792518,0.9971115488186506,0.002888451181349394,5.2425,311.2745765019208,8.0
H,terminal_value_shifted,1264,0.01333333333333,0.0,-0.06666666666667,0.06798692684790641,0.08,13,0.013333333333333336,0.011547005383792518,0.9990224578034868,0.000977542196513248,5.2425,311.2745765019208,8.0
H,terminal_value_shifted,1265,0.01333333333333,0.0,-0.05333333333333,0.0549747416748981,0.08,13,0.013333333333333336,0.011547005383792518,0.9993286961360723,0.0006713038639276636,5.2425,311.2745765019208,8.0
H,terminal_value_shifted,1266,0.01333333333333,0.0,-0.04,0.04216370213557734,0.08,13,0.013333333333333336,0.011547005383792518,0.9995220820691153,0.00047791793088469703,5.2425,311.2745765019208,8.0
H,terminal_value_shifted,1267,0.01333333333333,0.0,-0.02666666666667,0.029814239699998687,0.08,13,0.013333333333333336,0.011547005383792518,0.9996037897049448,0.00039621029505521044,5.2425,311.2745765019208,8.0
H,terminal_value_shifted,1268,0.01333333333333,0.0,-0.01333333333333,0.01885618083163655,0.08,13,0.013333333333333336,0.011547005383792518,0.9995746692057015,0.0004253307942985174,5.2425,311.2745765019208,8.0
H,terminal_value_shifted,1269,0.01333333333333,0.0,0.0,0.01333333333333,0.08,13,0.013333333333333336,0.011547005383792518,0.9994352421419854,0.0005647578580145751,5.2425,311.2745765019208,8.0
H,terminal_value_shifted,1270,0.01333333333333,0.0,0.01333333333333,0.01885618083163655,0.08,13,0.013333333333333336,0.011547005383792518,0.9991856999971509,0.0008143000028490999,5.2425,311.2745765019208,8.0
H,terminal_value_shifted,1271,0.01333333333333,0.0,0.02666666666667,0.029814239699998687,0.08,13,0.013333333333333336,0.011547005383792518,0.9988259057947093,0.0011740942052906878,5.2425,311.2745765019208,8.0
H,terminal_value_shifted,1272,0.01333333333333,0.0,0.04,0.04216370213557734,0.08,13,0.013333333333333336,0.011547005383792518,0.9983553988391369,0.0016446011608630684,5.2425,311.2745765019208,8.0
H,terminal_value_shifted,1273,0.01333333333333,0.0,0.05333333333333,0.0549747416748981,0.08,13,0.013333333333333336,0.011547005383792518,0.997773402583313,0.0022265974166869595,5.2425,311.2745765019208,8.0
H,terminal_value_shifted,1274,0.01333333333333,0.0,0.06666666666667,0.06798692684790641,0.08,13,0.013333333333333336,0.011547005383792518,0.9970788356581953,0.0029211643418046718,5.2425,311.2745765019208,8.0
H,terminal_value_shifted,1275,0.01333333333333,0.01333333333333,-0.06666666666667,0.06928203230275702,0.08,13,0.013333333333333336,0.011547005383792518,0.9990763248679682,0.0009236751320318426,5.2425,311.2745765019208,8.0
H,terminal_value_shifted,1276,0.01333333333333,0.01333333333333,-0.05333333333333,0.05656854249491909,0.08,13,0.013333333333333336,0.011547005383792518,0.9993723956784164,0.0006276043215835969,5.2425,311.2745765019208,8.0
H,terminal_value_shifted,1277,0.01333333333333,0.01333333333333,-0.04,0.044221663871403326,0.08,13,0.013333333333333336,0.011547005383792518,0.9995564711930209,0.0004435288069790655,5.2425,311.2745765019208,8.0
H,terminal_value_shifted,1278,0.01333333333333,0.01333333333333,-0.02666666666667,0.032659863237109045,0.08,13,0.013333333333333336,0.011547005383792518,0.999629330228885,0.00037066977111499533,5.2425,311.2745765019208,8.0
H,terminal_value_shifted,1279,0.01333333333333,0.01333333333333,-0.01333333333333,0.023094010767579255,0.08,13,0.013333333333333336,0.011547005383792518,0.999591445789094,0.0004085542109060203,5.2425,311.2745765019208,8.0
H,terminal_value_shifted,1280,0.01333333333333,0.01333333333333,0.0,0.01885618083163655,0.08,13,0.013333333333333336,0.011547005383792518,0.9994429804967757,0.0005570195032242875,5.2425,311.2745765019208,8.0
H,terminal_value_shifted,1281,0.01333333333333,0.01333333333333,0.01333333333333,0.023094010767579255,0.08,13,0.013333333333333336,0.011547005383792518,0.9991837851599854,0.0008162148400145952,5.2425,311.2745765019208,8.0
H,terminal_value_shifted,1282,0.01333333333333,0.01333333333333,0.02666666666667,0.032659863237109045,0.08,13,0.013333333333333336,0.011547005383792518,0.9988134004574982,0.0011865995425017761,5.2425,311.2745765019208,8.0
H,terminal_value_shifted,1283,0.01333333333333,0.01333333333333,0.04,0.044221663871403326,0.08,13,0.013333333333333336,0.011547005383792518,0.9983310617562047,0.001668938243795326,5.2425,311.2745765019208,8.0
H,terminal_value_shifted,1284,0.01333333333333,0.01333333333333,0.05333333333333,0.05656854249491909,0.08,13,0.013333333333333336,0.011547005383792518,0.9977357070914368,0.0022642929085632257,5.2425,311.2745765019208,8.0
H,terminal_value_shifted,1285,0.01333333333333,0.01333333333333,0.06666666666667,0.06928203230275702,0.08,13,0.013333333333333336,0.011547005383792518,0.9970259883614794,0.002974011638520624,5.2425,311.2745765019208,8.0
H,terminal_value_shifted,1286,0.01333333333333,0.02666666666667,-0.06666666666667,0.0730296743340258,0.08,13,0.013333333333333336,0.011547005383792518,0.9991234105858269,0.0008765894141731234,5.2425,311.2745765019208,8.0
H,terminal_value_shifted,1287,0.01333333333333,0.02666666666667,-0.05333333333333,0.06110100926607569,0.08,13,0.013333333333333336,0.011547005383792518,0.9994074035687177,0.0005925964312822884,5.2425,311.2745765019208,8.0
H,terminal_value_shifted,1288,0.01333333333333,0.02666666666667,-0.04,0.04988876515698678,0.08,13,0.013333333333333336,0.011547005383792518,0.9995802652667757,0.00041973473322431953,5.2425,311.2745765019208,8.0
H,terminal_value_shifted,1289,0.01333333333333,0.02666666666667,-0.02666666666667,0.04000000000000333,0.08,13,0.013333333333333336,0.011547005383792518,0.9996423825169887,0.0003576174830113299,5.2425,311.2745765019208,8.0
H,terminal_value_shifted,1290,0.01333333333333,0.02666666666667,-0.01333333333333,0.032659863237109045,0.08,13,0.013333333333333336,0.011547005383792518,0.9995938531409594,0.00040614685904061254,5.2425,311.2745765019208,8.0
H,terminal_value_shifted,1291,0.01333333333333,0.02666666666667,0.0,0.029814239699998687,0.08,13,0.013333333333333336,0.011547005383792518,0.9994344816435173,0.0005655183564826638,5.2425,311.2745765019208,8.0
H,terminal_value_shifted,1292,0.01333333333333,0.02666666666667,0.01333333333333,0.032659863237109045,0.08,13,0.013333333333333336,0.011547005383792518,0.9991637780216163,0.0008362219783837332,5.2425,311.2745765019208,8.0
H,terminal_value_shifted,1293,0.01333333333333,0.02666666666667,0.02666666666667,0.04000000000000333,0.08,13,0.013333333333333336,0.011547005383792518,0.9987809596944612,0.0012190403055387655,5.2425,311.2745765019208,8.0
H,terminal_value_shifted,1294,0.01333333333333,0.02666666666667,0.04,0.04988876515698678,0.08,13,0.013333333333333336,0.011547005383792518,0.9982849565842757,0.00171504341572426,5.2425,311.2745765019208,8.0
H,terminal_value_shifted,1295,0.01333333333333,0.02666666666667,0.05333333333333,0.06110100926607569,0.08,13,0.013333333333333336,0.011547005383792518,0.9976744193953936,0.0023255806046064142,5.2425,311.2745765019208,8.0
H,terminal_value_shifted,1296,0.01333333333333,0.02666666666667,0.06666666666667,0.0730296743340258,0.08,13,0.013333333333333336,0.011547005383792518,0.9969477311568966,0.0030522688431033895,5.2425,311.2745765019208,8.0
H,terminal_value_shifted,1297,0.01333333333333,0.04,-0.06666666666667,0.07888106377466379,0.08,13,0.013333333333333336,0.011547005383792518,0.9991597138316684,0.0008402861683316498,5.2425,311.2745765019208,8.0
H,terminal_value_shifted,1298,0.01333333333333,0.04,-0.05333333333333,0.06798692684790053,0.08,13,0.013333333333333336,0.011547005383792518,0.9994294946177683,0.0005705053822316897,5.2425,311.2745765019208,8.0
H,terminal_value_shifted,1299,0.01333333333333,0.04,-0.04,0.05811865258054155,0.08,13,0.013333333333333336,0.011547005383792518,0.9995890296394117,0.00041097036058834746,5.2425,311.2745765019208,8.0
H,terminal_value_shifted,1300,0.01333333333333,0.04,-0.02666666666667,0.04988876515698678,0.08,13,0.013333333333333336,0.011547005383792518,0.9996383166022358,0.000361683397764212,5.2425,311.2745765019208,8.0
H,terminal_value_shifted,1301,0.01333333333333,0.04,-0.01333333333333,0.044221663871403326,0.08,13,0.013333333333333336,0.011547005383792518,0.9995770797289203,0.00042292027107970753,5.2425,311.2745765019208,8.0
H,terminal_value_shifted,1302,0.01333333333333,0.04,0.0,0.04216370213557734,0.08,13,0.013333333333333336,0.011547005383792518,0.9994047659036476,0.0005952340963524261,5.2425,311.2745765019208,8.0
H,terminal_value_shifted,1303,0.01333333333333,0.04,0.01333333333333,0.044221663871403326,0.08,13,0.013333333333333336,0.011547005383792518,0.9991205439098951,0.0008794560901048687,5.2425,311.2745765019208,8.0
H,terminal_value_shifted,1304,0.01333333333333,0.04,0.02666666666667,0.04988876515698678,0.08,13,0.013333333333333336,0.011547005383792518,0.9987233067916435,0.0012766932083565496,5.2425,311.2745765019208,8.0
H,terminal_value_shifted,1305,0.01333333333333,0.04,0.04,0.05811865258054155,0.08,13,0.013333333333333336,0.011547005383792518,0.9982116773843734,0.0017883226156265586,5.2425,311.2745765019208,8.0
H,terminal_value_shifted,1306,0.01333333333333,0.04,0.05333333333333,0.06798692684790053,0.08,13,0.013333333333333336,0.011547005383792518,0.9975840170781842,0.0024159829218157736,5.2425,311.2745765019208,8.0
H,terminal_value_shifted,1307,0.01333333333333,0.04,0.06666666666667,0.07888106377466379,0.08,13,0.013333333333333336,0.011547005383792518,0.9968384378905639,0.003161562109436078,5.2425,311.2745765019208,8.0
H,terminal_value_shifted,1308,0.01333333333333,0.05333333333333,-0.05333333333333,0.07659416862050183,0.08,13,0.013333333333333336,0.011547005383792518,0.9994341618201346,0.000565838179865441,5.2425,311.2745765019208,8.0
H,terminal_value_shifted,1309,0.01333333333333,0.05333333333333,-0.04,0.06798692684790053,0.08,13,0.013333333333333336,0.011547005383792518,0.9995780474368486,0.0004219525631513621,5.2425,311.2745765019208,8.0
H,terminal_value_shifted,1310,0.01333333333333,0.05333333333333,-0.02666666666667,0.06110100926607569,0.08,13,0.013333333333333336,0.011547005383792518,0.9996122185535534,0.00038778144644657786,5.2425,311.2745765019208,8.0
H,terminal_value_shifted,1311,0.01333333333333,0.05333333333333,-0.01333333333333,0.05656854249491909,0.08,13,0.013333333333333336,0.011547005383792518,0.9995360271661675,0.0004639728338324822,5.2425,311.2745765019208,8.0
H,terminal_value_shifted,1312,0.01333333333333,0.05333333333333,0.0,0.0549747416748981,0.08,13,0.013333333333333336,0.011547005383792518,0.9993485628883645,0.0006514371116355111,5.2425,311.2745765019208,8.0
H,terminal_value_shifted,1313,0.01333333333333,0.05333333333333,0.01333333333333,0.05656854249491909,0.08,13,0.013333333333333336,0.011547005383792518,0.9990486528034684,0.0009513471965315601,5.2425,311.2745765019208,8.0
H,terminal_value_shifted,1314,0.01333333333333,0.05333333333333,0.02666666666667,0.06110100926607569,0.08,13,0.013333333333333336,0.011547005383792518,0.9986348644431466,0.0013651355568533585,5.2425,311.2745765019208,8.0
H,terminal_value_shifted,1315,0.01333333333333,0.05333333333333,0.04,0.06798692684790053,0.08,13,0.013333333333333336,0.011547005383792518,0.9981055119544768,0.0018944880455231683,5.2425,311.2745765019208,8.0
H,terminal_value_shifted,1316,0.01333333333333,0.05333333333333,0.05333333333333,0.07659416862050183,0.08,13,0.013333333333333336,0.011547005383792518,0.9974586655307066,0.002541334469293388,5.2425,311.2745765019208,8.0
H,terminal_value_shifted,1317,0.01333333333333,0.06666666666667,-0.04,0.07888106377466379,0.08,13,0.013333333333333336,0.011547005383792518,0.9995423331610664,0.000457666838933557,5.2425,311.2745765019208,8.0
H,terminal_value_shifted,1318,0.01333333333333,0.06666666666667,-0.02666666666667,0.0730296743340258,0.08,13,0.013333333333333336,0.011547005383792518,0.9995589053437826,0.0004410946562174445,5.2425,311.2745765019208,8.0
H,terminal_value_shifted,1319,0.01333333333333,0.06666666666667,-0.01333333333333,0.06928203230275701,0.08,13,0.013333333333333336,0.011547005383792518,0.9994653263711839,0.0005346736288160958,5.2425,311.2745765019208,8.0
H,terminal_value_shifted,1320,0.01333333333333,0.06666666666667,0.0,0.06798692684790641,0.08,13,0.013333333333333336,0.011547005383792518,0.9992603289768363,0.000739671023163746,5.2425,311.2745765019208,8.0
H,terminal_value_shifted,1321,0.01333333333333,0.06666666666667,0.01333333333333,0.06928203230275701,0.08,13,0.013333333333333336,0.011547005383792518,0.9989423981580207,0.0010576018419793387,5.2425,311.2745765019208,8.0
H,terminal_value_shifted,1322,0.01333333333333,0.06666666666667,0.02666666666667,0.0730296743340258,0.08,13,0.013333333333333336,0.011547005383792518,0.9985097749568346,0.0014902250431654274,5.2425,311.2745765019208,8.0
H,terminal_value_shifted,1323,0.01333333333333,0.06666666666667,0.04,0.07888106377466379,0.08,13,0.013333333333333336,0.011547005383792518,0.9979604634470929,0.0020395365529071174,5.2425,311.2745765019208,8.0
H,terminal_value_shifted,1324,0.01835325870964,-0.05505977612893,-0.05505977612893,0.07999999999999223,0.08,13,0.013333333333333336,0.011547005383792518,0.9991046825968635,0.0008953174031365307,5.2425,311.2745765019208,8.0
H,terminal_value_shifted,1325,0.01835325870964,-0.05505977612893,0.05505977612893,0.07999999999999223,0.08,13,0.013333333333333336,0.011547005383792518,0.9977574616258992,0.002242538374100822,5.2425,311.2745765019208,8.0
H,terminal_value_shifted,1326,0.01835325870964,0.05505977612893,-0.05505977612893,0.07999999999999223,0.08,13,0.013333333333333336,0.011547005383792518,0.9994032339642789,0.0005967660357211191,5.2425,311.2745765019208,8.0
H,terminal_value_shifted,1327,0.01835325870964,0.05505977612893,0.05505977612893,0.07999999999999223,0.08,13,0.013333333333333336,0.011547005383792518,0.9973736896062769,0.0026263103937230747,5.2425,311.2745765019208,8.0
H,terminal_value_shifted,1328,0.01984555753427,-0.05953667260282,-0.04961389383568,0.07999999999999703,0.08,13,0.013333333333333336,0.011547005383792518,0.9992078254348307,0.0007921745651693346,5.2425,311.2745765019208,8.0
H,terminal_value_shifted,1329,0.01984555753427,-0.05953667260282,0.04961389383568,0.07999999999999703,0.08,13,0.013333333333333336,0.011547005383792518,0.9980086954611971,0.0019913045388029182,5.2425,311.2745765019208,8.0
H,terminal_value_shifted,1330,0.01984555753427,-0.04961389383568,-0.05953667260282,0.07999999999999703,0.08,13,0.013333333333333336,0.011547005383792518,0.9990140323261733,0.0009859676738267487,5.2425,311.2745765019208,8.0
H,terminal_value_shifted,1331,0.01984555753427,-0.04961389383568,0.05953667260282,0.07999999999999703,0.08,13,0.013333333333333336,0.011547005383792518,0.9975626005523662,0.00243739944763377,5.2425,311.2745765019208,8.0
H,terminal_value_shifted,1332,0.01984555753427,0.04961389383568,-0.05953667260282,0.07999999999999703,0.08,13,0.013333333333333336,0.011547005383792518,0.9993186704764175,0.0006813295235824635,5.2425,311.2745765019208,8.0
H,terminal_value_shifted,1333,0.01984555753427,0.04961389383568,0.05953667260282,0.07999999999999703,0.08,13,0.013333333333333336,0.011547005383792518,0.9971929984758058,0.0028070015241942192,5.2425,311.2745765019208,8.0
H,terminal_value_shifted,1334,0.01984555753427,0.05953667260282,-0.04961389383568,0.07999999999999703,0.08,13,0.013333333333333336,0.011547005383792518,0.9994780854609081,0.0005219145390918944,5.2425,311.2745765019208,8.0
H,terminal_value_shifted,1335,0.01984555753427,0.05953667260282,0.04961389383568,0.07999999999999703,0.08,13,0.013333333333333336,0.011547005383792518,0.9976164877271715,0.002383512272828514,5.2425,311.2745765019208,8.0
H,terminal_value_shifted,1336,0.02138089935299,-0.06414269805898,-0.04276179870599,0.07999999999999859,0.08,13,0.013333333333333336,0.011547005383792518,0.9993166822618883,0.0006833177381116995,5.2425,311.2745765019208,8.0
H,terminal_value_shifted,1337,0.02138089935299,-0.06414269805898,0.04276179870599,0.07999999999999859,0.08,13,0.013333333333333336,0.011547005383792518,0.9982944283544565,0.0017055716455435244,5.2425,311.2745765019208,8.0
H,terminal_value_shifted,1338,0.02138089935299,-0.04276179870599,-0.06414269805898,0.07999999999999859,0.08,13,0.013333333333333336,0.011547005383792518,0.9989106129076666,0.001089387092333416,5.2425,311.2745765019208,8.0
H,terminal_value_shifted,1339,0.02138089935299,-0.04276179870599,0.06414269805898,0.07999999999999859,0.08,13,0.013333333333333336,0.011547005383792518,0.9973448688071735,0.0026551311928264543,5.2425,311.2745765019208,8.0
H,terminal_value_shifted,1340,0.02138089935299,0.04276179870599,-0.06414269805898,0.07999999999999859,0.08,13,0.013333333333333336,0.011547005383792518,0.9992058846367586,0.0007941153632413656,5.2425,311.2745765019208,8.0
H,terminal_value_shifted,1341,0.02138089935299,0.04276179870599,0.06414269805898,0.07999999999999859,0.08,13,0.013333333333333336,0.011547005383792518,0.9970046434024298,0.00299535659757022,5.2425,311.2745765019208,8.0
H,terminal_value_shifted,1342,0.02138089935299,0.06414269805898,-0.04276179870599,0.07999999999999859,0.08,13,0.013333333333333336,0.011547005383792518,0.9995407023550511,0.00045929764494889724,5.2425,311.2745765019208,8.0
H,terminal_value_shifted,1343,0.02138089935299,0.06414269805898,0.04276179870599,0.07999999999999859,0.08,13,0.013333333333333336,0.011547005383792518,0.9979059088545428,0.002094091145457222,5.2425,311.2745765019208,8.0
H,terminal_value_shifted,1344,0.02177324215807,-0.05443310539518,-0.05443310539518,0.0799999999999969,0.08,13,0.013333333333333336,0.011547005383792518,0.9991228867539351,0.0008771132460648756,5.2425,311.2745765019208,8.0
H,terminal_value_shifted,1345,0.02177324215807,-0.05443310539518,0.05443310539518,0.0799999999999969,0.08,13,0.013333333333333336,0.011547005383792518,0.9978189280669871,0.002181071933012868,5.2425,311.2745765019208,8.0
H,terminal_value_shifted,1346,0.02177324215807,0.05443310539518,-0.05443310539518,0.0799999999999969,0.08,13,0.013333333333333336,0.011547005383792518,0.9994103881754228,0.0005896118245771742,5.2425,311.2745765019208,8.0
H,terminal_value_shifted,1347,0.02177324215807,0.05443310539518,0.05443310539518,0.0799999999999969,0.08,13,0.013333333333333336,0.011547005383792518,0.997431335288101,0.0025686647118989825,5.2425,311.2745765019208,8.0
H,terminal_value_shifted,1348,0.02285714285714,-0.06857142857143,-0.03428571428571,0.07999999999999857,0.08,13,0.013333333333333336,0.011547005383792518,0.9994157769421057,0.0005842230578942953,5.2425,311.2745765019208,8.0
H,terminal_value_shifted,1349,0.02285714285714,-0.06857142857143,0.03428571428571,0.07999999999999857,0.08,13,0.013333333333333336,0.011547005383792518,0.9986033415057005,0.0013966584942994853,5.2425,311.2745765019208,8.0
H,terminal_value_shifted,1350,0.02285714285714,-0.03428571428571,-0.06857142857143,0.07999999999999857,0.08,13,0.013333333333333336,0.011547005383792518,0.998805252848046,0.001194747151954001,5.2425,311.2745765019208,8.0
H,terminal_value_shifted,1351,0.02285714285714,-0.03428571428571,0.06857142857143,0.07999999999999857,0.08,13,0.013333333333333336,0.011547005383792518,0.9971151110666885,0.0028848889333115135,5.2425,311.2745765019208,8.0
H,terminal_value_shifted,1352,0.02285714285714,0.03428571428571,-0.06857142857143,0.07999999999999857,0.08,13,0.013333333333333336,0.011547005383792518,0.999068049044428,0.0009319509555719696,5.2425,311.2745765019208,8.0
H,terminal_value_shifted,1353,0.02285714285714,0.03428571428571,0.06857142857143,0.07999999999999857,0.08,13,0.013333333333333336,0.011547005383792518,0.9968250972265462,0.0031749027734537805,5.2425,311.2745765019208,8.0
H,terminal_value_shifted,1354,0.02285714285714,0.06857142857143,-0.03428571428571,0.07999999999999857,0.08,13,0.013333333333333336,0.011547005383792518,0.9995721461093164,0.0004278538906835605,5.2425,311.2745765019208,8.0
H,terminal_value_shifted,1355,0.02285714285714,0.06857142857143,0.03428571428571,0.07999999999999857,0.08,13,0.013333333333333336,0.011547005383792518,0.9982371166830235,0.0017628833169764935,5.2425,311.2745765019208,8.0
H,terminal_value_shifted,1356,0.02385139176,-0.05962847939999,-0.04770278352,0.08000000000000007,0.08,13,0.013333333333333336,0.011547005383792518,0.9992490918099763,0.000750908190023658,5.2425,311.2745765019208,8.0
H,terminal_value_shifted,1357,0.02385139176,-0.05962847939999,0.04770278352,0.08000000000000007,0.08,13,0.013333333333333336,0.011547005383792518,0.9981256056454128,0.00187439435458725,5.2425,311.2745765019208,8.0
H,terminal_value_shifted,1358,0.02385139176,-0.04770278352,-0.05962847939999,0.08000000000000007,0.08,13,0.013333333333333336,0.011547005383792518,0.9990159109803504,0.0009840890196496366,5.2425,311.2745765019208,8.0
H,terminal_value_shifted,1359,0.02385139176,-0.04770278352,0.05962847939999,0.08000000000000007,0.08,13,0.013333333333333336,0.011547005383792518,0.997594607229588,0.0024053927704119626,5.2425,311.2745765019208,8.0
H,terminal_value_shifted,1360,0.02385139176,0.04770278352,-0.05962847939999,0.08000000000000007,0.08,13,0.013333333333333336,0.011547005383792518,0.9993075945022054,0.0006924054977945904,5.2425,311.2745765019208,8.0
H,terminal_value_shifted,1361,0.02385139176,0.04770278352,0.05962847939999,0.08000000000000007,0.08,13,0.013333333333333336,0.011547005383792518,0.9972266668718811,0.0027733331281188933,5.2425,311.2745765019208,8.0
H,terminal_value_shifted,1362,0.02385139176,0.05962847939999,-0.04770278352,0.08000000000000007,0.08,13,0.013333333333333336,0.011547005383792518,0.9995005974951365,0.0004994025048634665,5.2425,311.2745765019208,8.0
H,terminal_value_shifted,1363,0.02385139176,0.05962847939999,0.04770278352,0.08000000000000007,0.08,13,0.013333333333333336,0.011547005383792518,0.9977307138458658,0.0022692861541342424,5.2425,311.2745765019208,8.0
H,terminal_value_shifted,1364,0.02412090756622,-0.07236272269866,-0.02412090756622,0.07999999999999638,0.08,13,0.013333333333333336,0.011547005383792518,0.9994793365903506,0.0005206634096494023,5.2425,311.2745765019208,8.0
H,terminal_value_shifted,1365,0.02412090756622,-0.07236272269866,0.02412090756622,0.07999999999999638,0.08,13,0.013333333333333336,0.011547005383792518,0.9989112566170479,0.001088743382952062,5.2425,311.2745765019208,8.0
H,terminal_value_shifted,1366,0.02412090756622,-0.02412090756622,-0.07236272269866,0.07999999999999638,0.08,13,0.013333333333333336,0.011547005383792518,0.9987179455988054,0.0012820544011945545,5.2425,311.2745765019208,8.0
H,terminal_value_shifted,1367,0.02412090756622,-0.02412090756622,0.07236272269866,0.07999999999999638,0.08,13,0.013333333333333336,0.011547005383792518,0.9968949340447406,0.0031050659552593896,5.2425,311.2745765019208,8.0
H,terminal_value_shifted,1368,0.02412090756622,0.02412090756622,-0.07236272269866,0.07999999999999638,0.08,13,0.013333333333333336,0.011547005383792518,0.9989189654844979,0.0010810345155021217,5.2425,311.2745765019208,8.0
H,terminal_value_shifted,1369,0.02412090756622,0.02412090756622,0.07236272269866,0.07999999999999638,0.08,13,0.013333333333333336,0.011547005383792518,0.9966801986883294,0.003319801311670645,5.2425,311.2745765019208,8.0
H,terminal_value_shifted,1370,0.02412090756622,0.07236272269866,-0.02412090756622,0.07999999999999638,0.08,13,0.013333333333333336,0.011547005383792518,0.9995464537294488,0.0004535462705511639,5.2425,311.2745765019208,8.0
H,terminal_value_shifted,1371,0.02412090756622,0.07236272269866,0.02412090756622,0.07999999999999638,0.08,13,0.013333333333333336,0.011547005383792518,0.9985921053152135,0.001407894684786526,5.2425,311.2745765019208,8.0
H,terminal_value_shifted,1372,0.02498780190218,-0.07496340570653,-0.01249390095109,0.08000000000000033,0.08,13,0.013333333333333336,0.011547005383792518,0.9994752209435702,0.0005247790564297805,5.2425,311.2745765019208,8.0
H,terminal_value_shifted,1373,0.02498780190218,-0.07496340570653,0.01249390095109,0.08000000000000033,0.08,13,0.013333333333333336,0.011547005383792518,0.9991819750545914,0.000818024945408613,5.2425,311.2745765019208,8.0
H,terminal_value_shifted,1374,0.02498780190218,-0.01249390095109,-0.07496340570653,0.08000000000000033,0.08,13,0.013333333333333336,0.011547005383792518,0.9986747138019614,0.0013252861980386221,5.2425,311.2745765019208,8.0
H,terminal_value_shifted,1375,0.02498780190218,-0.01249390095109,0.07496340570653,0.08000000000000033,0.08,13,0.013333333333333336,0.011547005383792518,0.9967160002811017,0.003283999718898256,5.2425,311.2745765019208,8.0
H,terminal_value_shifted,1376,0.02498780190218,0.01249390095109,-0.07496340570653,0.08000000000000033,0.08,13,0.013333333333333336,0.011547005383792518,0.9987846888662179,0.0012153111337821487,5.2425,311.2745765019208,8.0
H,terminal_value_shifted,1377,0.02498780190218,0.01249390095109,0.07496340570653,0.08000000000000033,0.08,13,0.013333333333333336,0.011547005383792518,0.996600870783704,0.0033991292162960374,5.2425,311.2745765019208,8.0
H,terminal_value_shifted,1378,0.02498780190218,0.07496340570653,-0.01249390095109,0.08000000000000033,0.08,13,0.013333333333333336,0.011547005383792518,0.9994371663173316,0.0005628336826684066,5.2425,311.2745765019208,8.0
H,terminal_value_shifted,1379,0.02498780190218,0.07496340570653,0.01249390095109,0.08000000000000033,0.08,13,0.013333333333333336,0.011547005383792518,0.9989373346305717,0.0010626653694283394,5.2425,311.2745765019208,8.0
H,terminal_value_shifted,1380,0.02529822128135,-0.07589466384404,0.0,0.07999999999999989,0.08,13,0.013333333333333336,0.011547005383792518,0.9993774926287622,0.0006225073712378126,5.2425,311.2745765019208,8.0
H,terminal_value_shifted,1381,0.02529822128135,0.0,-0.07589466384404,0.07999999999999989,0.08,13,0.013333333333333336,0.011547005383792518,0.9986963803148026,0.0013036196851974324,5.2425,311.2745765019208,8.0
H,terminal_value_shifted,1382,0.02529822128135,0.0,0.07589466384404,0.07999999999999989,0.08,13,0.013333333333333336,0.011547005383792518,0.9966114210047767,0.003388578995223268,5.2425,311.2745765019208,8.0
H,terminal_value_shifted,1383,0.02529822128135,0.07589466384404,0.0,0.07999999999999989,0.08,13,0.013333333333333336,0.011547005383792518,0.999230489049329,0.0007695109506710152,5.2425,311.2745765019208,8.0
H,terminal_value_shifted,1384,0.02595542738092,-0.06488856845231,-0.03893314107138,0.08000000000000193,0.08,13,0.013333333333333336,0.011547005383792518,0.9993787980009741,0.0006212019990259332,5.2425,311.2745765019208,8.0
H,terminal_value_shifted,1385,0.02595542738092,-0.06488856845231,0.03893314107138,0.08000000000000193,0.08,13,0.013333333333333336,0.011547005383792518,0.9984754958543918,0.0015245041456082298,5.2425,311.2745765019208,8.0
H,terminal_value_shifted,1386,0.02595542738092,-0.03893314107138,-0.06488856845231,0.08000000000000193,0.08,13,0.013333333333333336,0.011547005383792518,0.9988948060060073,0.0011051939939926703,5.2425,311.2745765019208,8.0
H,terminal_value_shifted,1387,0.02595542738092,-0.03893314107138,0.06488856845231,0.08000000000000193,0.08,13,0.013333333333333336,0.011547005383792518,0.9973426404484724,0.0026573595515275716,5.2425,311.2745765019208,8.0
H,terminal_value_shifted,1388,0.02595542738092,0.03893314107138,-0.06488856845231,0.08000000000000193,0.08,13,0.013333333333333336,0.011547005383792518,0.9991669702754836,0.0008330297245163765,5.2425,311.2745765019208,8.0
H,terminal_value_shifted,1389,0.02595542738092,0.03893314107138,0.06488856845231,0.08000000000000193,0.08,13,0.013333333333333336,0.011547005383792518,0.9970180590775919,0.0029819409224081106,5.2425,311.2745765019208,8.0
H,terminal_value_shifted,1390,0.02595542738092,0.06488856845231,-0.03893314107138,0.08000000000000193,0.08,13,0.013333333333333336,0.011547005383792518,0.9995685622926481,0.00043143770735187825,5.2425,311.2745765019208,8.0
H,terminal_value_shifted,1391,0.02595542738092,0.06488856845231,0.03893314107138,0.08000000000000193,0.08,13,0.013333333333333336,0.011547005383792518,0.9980930741882966,0.001906925811703375,5.2425,311.2745765019208,8.0
H,terminal_value_shifted,1392,0.02666666666667,-0.06666666666667,-0.02666666666667,0.07659416862051227,0.08,13,0.013333333333333336,0.011547005383792518,0.9994851705682324,0.0005148294317676161,5.2425,311.2745765019208,8.0
H,terminal_value_shifted,1393,0.02666666666667,-0.06666666666667,-0.01333333333333,0.0730296743340258,0.08,13,0.013333333333333336,0.011547005383792518,0.9994934912748624,0.0005065087251375777,5.2425,311.2745765019208,8.0
H,terminal_value_shifted,1394,0.02666666666667,-0.06666666666667,0.0,0.07180219742846439,0.08,13,0.013333333333333336,0.011547005383792518,0.9993918400336671,0.0006081599663328996,5.2425,311.2745765019208,8.0
H,terminal_value_shifted,1395,0.02666666666667,-0.06666666666667,0.01333333333333,0.0730296743340258,0.08,13,0.013333333333333336,0.011547005383792518,0.9991821350251879,0.0008178649748120659,5.2425,311.2745765019208,8.0
H,terminal_value_shifted,1396,0.02666666666667,-0.06666666666667,0.02666666666667,0.07659416862051227,0.08,13,0.013333333333333336,0.011547005383792518,0.9988658599376206,0.0011341400623794406,5.2425,311.2745765019208,8.0
H,terminal_value_shifted,1397,0.02666666666667,-0.05333333333333,-0.05333333333333,0.07999999999999667,0.08,13,0.013333333333333336,0.011547005383792518,0.9991515650695626,0.0008484349304374028,5.2425,311.2745765019208,8.0
H,terminal_value_shifted,1398,0.02666666666667,-0.05333333333333,-0.04,0.07180219742845882,0.08,13,0.013333333333333336,0.011547005383792518,0.9993837347350543,0.0006162652649457367,5.2425,311.2745765019208,8.0
H,terminal_value_shifted,1399,0.02666666666667,-0.05333333333333,-0.02666666666667,0.06531972647421809,0.08,13,0.013333333333333336,0.011547005383792518,0.999501557437523,0.0004984425624769973,5.2425,311.2745765019208,8.0
H,terminal_value_shifted,1400,0.02666666666667,-0.05333333333333,-0.01333333333333,0.06110100926607569,0.08,13,0.013333333333333336,0.011547005383792518,0.999507421772058,0.0004925782279420199,5.2425,311.2745765019208,8.0
H,terminal_value_shifted,1401,0.02666666666667,-0.05333333333333,0.0,0.059628479399992905,0.08,13,0.013333333333333336,0.011547005383792518,0.9994033033195506,0.0005966966804493712,5.2425,311.2745765019208,8.0
H,terminal_value_shifted,1402,0.02666666666667,-0.05333333333333,0.01333333333333,0.06110100926607569,0.08,13,0.013333333333333336,0.011547005383792518,0.9991907640762709,0.000809235923729057,5.2425,311.2745765019208,8.0
H,terminal_value_shifted,1403,0.02666666666667,-0.05333333333333,0.02666666666667,0.06531972647421809,0.08,13,0.013333333333333336,0.011547005383792518,0.9988709551179683,0.0011290448820316934,5.2425,311.2745765019208,8.0
H,terminal_value_shifted,1404,0.02666666666667,-0.05333333333333,0.04,0.07180219742845882,0.08,13,0.013333333333333336,0.011547005383792518,0.9984446223859005,0.001555377614099518,5.2425,311.2745765019208,8.0
H,terminal_value_shifted,1405,0.02666666666667,-0.05333333333333,0.05333333333333,0.07999999999999667,0.08,13,0.013333333333333336,0.011547005383792518,0.9979121155147208,0.00208788448527919,5.2425,311.2745765019208,8.0
H,terminal_value_shifted,1406,0.02666666666667,-0.04,-0.05333333333333,0.07180219742845882,0.08,13,0.013333333333333336,0.011547005383792518,0.9991816595286855,0.0008183404713144604,5.2425,311.2745765019208,8.0
H,terminal_value_shifted,1407,0.02666666666667,-0.04,-0.04,0.06253887679764715,0.08,13,0.013333333333333336,0.011547005383792518,0.999409392170732,0.0005906078292680084,5.2425,311.2745765019208,8.0
H,terminal_value_shifted,1408,0.02666666666667,-0.04,-0.02666666666667,0.054974741674905375,0.08,13,0.013333333333333336,0.011547005383792518,0.999523454032722,0.0004765459672779748,5.2425,311.2745765019208,8.0
H,terminal_value_shifted,1409,0.02666666666667,-0.04,-0.01333333333333,0.04988876515698678,0.08,13,0.013333333333333336,0.011547005383792518,0.9995258353599303,0.0004741646400696631,5.2425,311.2745765019208,8.0
H,terminal_value_shifted,1410,0.02666666666667,-0.04,0.0,0.04807401700618837,0.08,13,0.013333333333333336,0.011547005383792518,0.9994181371133866,0.0005818628866134379,5.2425,311.2745765019208,8.0
H,terminal_value_shifted,1411,0.02666666666667,-0.04,0.01333333333333,0.04988876515698678,0.08,13,0.013333333333333336,0.011547005383792518,0.9992015697713357,0.0007984302286643263,5.2425,311.2745765019208,8.0
H,terminal_value_shifted,1412,0.02666666666667,-0.04,0.02666666666667,0.054974741674905375,0.08,13,0.013333333333333336,0.011547005383792518,0.9988769553408768,0.0011230446591231624,5.2425,311.2745765019208,8.0
H,terminal_value_shifted,1413,0.02666666666667,-0.04,0.04,0.06253887679764715,0.08,13,0.013333333333333336,0.011547005383792518,0.998444732494894,0.0015552675051060394,5.2425,311.2745765019208,8.0
H,terminal_value_shifted,1414,0.02666666666667,-0.04,0.05333333333333,0.07180219742845882,0.08,13,0.013333333333333336,0.011547005383792518,0.9979049647795157,0.002095035220484265,5.2425,311.2745765019208,8.0
H,terminal_value_shifted,1415,0.02666666666667,-0.02666666666667,-0.06666666666667,0.07659416862051227,0.08,13,0.013333333333333336,0.011547005383792518,0.9988804784494012,0.001119521550598801,5.2425,311.2745765019208,8.0
H,terminal_value_shifted,1416,0.02666666666667,-0.02666666666667,-0.05333333333333,0.06531972647421809,0.08,13,0.013333333333333336,0.011547005383792518,0.9992177545178405,0.0007822454821595493,5.2425,311.2745765019208,8.0
H,terminal_value_shifted,1417,0.02666666666667,-0.02666666666667,-0.04,0.054974741674905375,0.08,13,0.013333333333333336,0.011547005383792518,0.9994399970370083,0.0005600029629917458,5.2425,311.2745765019208,8.0
H,terminal_value_shifted,1418,0.02666666666667,-0.02666666666667,-0.02666666666667,0.04618802153517583,0.08,13,0.013333333333333336,0.011547005383792518,0.9995491661733191,0.00045083382668087424,5.2425,311.2745765019208,8.0
H,terminal_value_shifted,1419,0.02666666666667,-0.02666666666667,-0.01333333333333,0.04000000000000333,0.08,13,0.013333333333333336,0.011547005383792518,0.9995468600852627,0.0004531399147372772,5.2425,311.2745765019208,8.0
H,terminal_value_shifted,1420,0.02666666666667,-0.02666666666667,0.0,0.037712361663287244,0.08,13,0.013333333333333336,0.011547005383792518,0.9994343099827802,0.0005656900172198442,5.2425,311.2745765019208,8.0
H,terminal_value_shifted,1421,0.02666666666667,-0.02666666666667,0.01333333333333,0.04000000000000333,0.08,13,0.013333333333333336,0.011547005383792518,0.9992123784644494,0.0007876215355505645,5.2425,311.2745765019208,8.0
H,terminal_value_shifted,1422,0.02666666666667,-0.02666666666667,0.02666666666667,0.04618802153517583,0.08,13,0.013333333333333336,0.011547005383792518,0.9988815610462888,0.0011184389537112205,5.2425,311.2745765019208,8.0
H,terminal_value_shifted,1423,0.02666666666667,-0.02666666666667,0.04,0.054974741674905375,0.08,13,0.013333333333333336,0.011547005383792518,0.9984419908233012,0.0015580091766987936,5.2425,311.2745765019208,8.0
H,terminal_value_shifted,1424,0.02666666666667,-0.02666666666667,0.05333333333333,0.06531972647421809,0.08,13,0.013333333333333336,0.011547005383792518,0.9978934462326771,0.0021065537673229384,5.2425,311.2745765019208,8.0
H,terminal_value_shifted,1425,0.02666666666667,-0.02666666666667,0.06666666666667,0.07659416862051227,0.08,13,0.013333333333333336,0.011547005383792518,0.9972353619151164,0.002764638084883586,5.2425,311.2745765019208,8.0
H,terminal_value_shifted,1426,0.02666666666667,-0.01333333333333,-0.06666666666667,0.0730296743340258,0.08,13,0.013333333333333336,0.011547005383792518,0.9989284183169072,0.0010715816830928482,5.2425,311.2745765019208,8.0
H,terminal_value_shifted,1427,0.02666666666667,-0.01333333333333,-0.05333333333333,0.06110100926607569,0.08,13,0.013333333333333336,0.011547005383792518,0.9992579875670711,0.000742012432928929,5.2425,311.2745765019208,8.0
H,terminal_value_shifted,1428,0.02666666666667,-0.01333333333333,-0.04,0.04988876515698678,0.08,13,0.013333333333333336,0.011547005383792518,0.9994734694813193,0.000526530518680679,5.2425,311.2745765019208,8.0
H,terminal_value_shifted,1429,0.02666666666667,-0.01333333333333,-0.02666666666667,0.04000000000000333,0.08,13,0.013333333333333336,0.011547005383792518,0.9995764161241321,0.0004235838758679389,5.2425,311.2745765019208,8.0
H,terminal_value_shifted,1430,0.02666666666667,-0.01333333333333,-0.01333333333333,0.032659863237109045,0.08,13,0.013333333333333336,0.011547005383792518,0.9995680388017818,0.00043196119821820034,5.2425,311.2745765019208,8.0
H,terminal_value_shifted,1431,0.02666666666667,-0.01333333333333,0.0,0.029814239699998687,0.08,13,0.013333333333333336,0.011547005383792518,0.9994492028674364,0.000550797132563563,5.2425,311.2745765019208,8.0
H,terminal_value_shifted,1432,0.02666666666667,-0.01333333333333,0.01333333333333,0.032659863237109045,0.08,13,0.013333333333333336,0.011547005383792518,0.9992204257639683,0.0007795742360316993,5.2425,311.2745765019208,8.0
H,terminal_value_shifted,1433,0.02666666666667,-0.01333333333333,0.02666666666667,0.04000000000000333,0.08,13,0.013333333333333336,0.011547005383792518,0.9988818782448391,0.0011181217551609057,5.2425,311.2745765019208,8.0
H,terminal_value_shifted,1434,0.02666666666667,-0.01333333333333,0.04,0.04988876515698678,0.08,13,0.013333333333333336,0.011547005383792518,0.9984333887385453,0.0015666112614547423,5.2425,311.2745765019208,8.0
H,terminal_value_shifted,1435,0.02666666666667,-0.01333333333333,0.05333333333333,0.06110100926607569,0.08,13,0.013333333333333336,0.011547005383792518,0.9978744508475194,0.0021255491524806436,5.2425,311.2745765019208,8.0
H,terminal_value_shifted,1436,0.02666666666667,-0.01333333333333,0.06666666666667,0.0730296743340258,0.08,13,0.013333333333333336,0.011547005383792518,0.9972042339974542,0.0027957660025458297,5.2425,311.2745765019208,8.0
H,terminal_value_shifted,1437,0.02666666666667,0.0,-0.06666666666667,0.07180219742846439,0.08,13,0.013333333333333336,0.011547005383792518,0.9989795565218567,0.0010204434781433402,5.2425,311.2745765019208,8.0
H,terminal_value_shifted,1438,0.02666666666667,0.0,-0.05333333333333,0.059628479399992905,0.08,13,0.013333333333333336,0.011547005383792518,0.9992999777971235,0.0007000222028764602,5.2425,311.2745765019208,8.0
H,terminal_value_shifted,1439,0.02666666666667,0.0,-0.04,0.04807401700618837,0.08,13,0.013333333333333336,0.011547005383792518,0.9995072112466818,0.0004927887533181519,5.2425,311.2745765019208,8.0
H,terminal_value_shifted,1440,0.02666666666667,0.0,-0.02666666666667,0.037712361663287244,0.08,13,0.013333333333333336,0.011547005383792518,0.9996024066155519,0.0003975933844481139,5.2425,311.2745765019208,8.0
H,terminal_value_shifted,1441,0.02666666666667,0.0,-0.01333333333333,0.029814239699998687,0.08,13,0.013333333333333336,0.011547005383792518,0.9995863926894791,0.0004136073105208693,5.2425,311.2745765019208,8.0
H,terminal_value_shifted,1442,0.02666666666667,0.0,0.0,0.02666666666667,0.08,13,0.013333333333333336,0.011547005383792518,0.9994596720146461,0.0005403279853538612,5.2425,311.2745765019208,8.0
H,terminal_value_shifted,1443,0.02666666666667,0.0,0.01333333333333,0.029814239699998687,0.08,13,0.013333333333333336,0.011547005383792518,0.9992224188210048,0.0007775811789951792,5.2425,311.2745765019208,8.0
H,terminal_value_shifted,1444,0.02666666666667,0.0,0.02666666666667,0.037712361663287244,0.08,13,0.013333333333333336,0.011547005383792518,0.998874480114456,0.0011255198855439907,5.2425,311.2745765019208,8.0
H,terminal_value_shifted,1445,0.02666666666667,0.0,0.04,0.04807401700618837,0.08,13,0.013333333333333336,0.011547005383792518,0.9984153799260098,0.001584620073990184,5.2425,311.2745765019208,8.0
H,terminal_value_shifted,1446,0.02666666666667,0.0,0.05333333333333,0.059628479399992905,0.08,13,0.013333333333333336,0.011547005383792518,0.9978443267290946,0.0021556732709053783,5.2425,311.2745765019208,8.0
H,terminal_value_shifted,1447,0.02666666666667,0.0,0.06666666666667,0.07180219742846439,0.08,13,0.013333333333333336,0.011547005383792518,0.9971602240587938,0.002839775941206213,5.2425,311.2745765019208,8.0
H,terminal_value_shifted,1448,0.02666666666667,0.01333333333333,-0.06666666666667,0.0730296743340258,0.08,13,0.013333333333333336,0.011547005383792518,0.9990312859806124,0.0009687140193875843,5.2425,311.2745765019208,8.0
H,terminal_value_shifted,1449,0.02666666666667,0.01333333333333,-0.05333333333333,0.06110100926607569,0.08,13,0.013333333333333336,0.011547005383792518,0.9993408826582746,0.0006591173417254126,5.2425,311.2745765019208,8.0
H,terminal_value_shifted,1450,0.02666666666667,0.01333333333333,-0.04,0.04988876515698678,0.08,13,0.013333333333333336,0.011547005383792518,0.9995381622716877,0.00046183772831231984,5.2425,311.2745765019208,8.0
H,terminal_value_shifted,1451,0.02666666666667,0.01333333333333,-0.02666666666667,0.04000000000000333,0.08,13,0.013333333333333336,0.011547005383792518,0.9996238772139824,0.0003761227860176186,5.2425,311.2745765019208,8.0
H,terminal_value_shifted,1452,0.02666666666667,0.01333333333333,-0.01333333333333,0.032659863237109045,0.08,13,0.013333333333333336,0.011547005383792518,0.9995984773239172,0.00040152267608284387,5.2425,311.2745765019208,8.0
H,terminal_value_shifted,1453,0.02666666666667,0.01333333333333,0.0,0.029814239699998687,0.08,13,0.013333333333333336,0.011547005383792518,0.9994621046937227,0.0005378953062773473,5.2425,311.2745765019208,8.0
H,terminal_value_shifted,1454,0.02666666666667,0.01333333333333,0.01333333333333,0.032659863237109045,0.08,13,0.013333333333333336,0.011547005383792518,0.9992145916518049,0.0007854083481950713,5.2425,311.2745765019208,8.0
H,terminal_value_shifted,1455,0.02666666666667,0.01333333333333,0.02666666666667,0.04000000000000333,0.08,13,0.013333333333333336,0.011547005383792518,0.998855461908662,0.0011445380913379655,5.2425,311.2745765019208,8.0
H,terminal_value_shifted,1456,0.02666666666667,0.01333333333333,0.04,0.04988876515698678,0.08,13,0.013333333333333336,0.011547005383792518,0.9983839348750343,0.0016160651249657043,5.2425,311.2745765019208,8.0
H,terminal_value_shifted,1457,0.02666666666667,0.01333333333333,0.05333333333333,0.06110100926607569,0.08,13,0.013333333333333336,0.011547005383792518,0.9977989331820207,0.002201066817979269,5.2425,311.2745765019208,8.0
H,terminal_value_shifted,1458,0.02666666666667,0.01333333333333,0.06666666666667,0.0730296743340258,0.08,13,0.013333333333333336,0.011547005383792518,0.9970990934530686,0.0029009065469314255,5.2425,311.2745765019208,8.0
H,terminal_value_shifted,1459,0.02666666666667,0.02666666666667,-0.06666666666667,0.07659416862051227,0.08,13,0.013333333333333336,0.011547005383792518,0.9990805838647783,0.0009194161352217289,5.2425,311.2745765019208,8.0
H,terminal_value_shifted,1460,0.02666666666667,0.02666666666667,-0.05333333333333,0.06531972647421809,0.08,13,0.013333333333333336,0.011547005383792518,0.9993774452495842,0.000622554750415838,5.2425,311.2745765019208,8.0
H,terminal_value_shifted,1461,0.02666666666667,0.02666666666667,-0.04,0.054974741674905375,0.08,13,0.013333333333333336,0.011547005383792518,0.9995628480957819,0.0004371519042181138,5.2425,311.2745765019208,8.0
H,terminal_value_shifted,1462,0.02666666666667,0.02666666666667,-0.02666666666667,0.04618802153517583,0.08,13,0.013333333333333336,0.011547005383792518,0.9996371517547595,0.00036284824524046577,5.2425,311.2745765019208,8.0
H,terminal_value_shifted,1463,0.02666666666667,0.02666666666667,-0.01333333333333,0.04000000000000333,0.08,13,0.013333333333333336,0.011547005383792518,0.9996004300940935,0.000399569905906505,5.2425,311.2745765019208,8.0
H,terminal_value_shifted,1464,0.02666666666667,0.02666666666667,0.0,0.037712361663287244,0.08,13,0.013333333333333336,0.011547005383792518,0.9994524665706102,0.000547533429389846,5.2425,311.2745765019208,8.0
H,terminal_value_shifted,1465,0.02666666666667,0.02666666666667,0.01333333333333,0.04000000000000333,0.08,13,0.013333333333333336,0.011547005383792518,0.9991927524541641,0.0008072475458359429,5.2425,311.2745765019208,8.0
H,terminal_value_shifted,1466,0.02666666666667,0.02666666666667,0.02666666666667,0.04618802153517583,0.08,13,0.013333333333333336,0.011547005383792518,0.9988204882118228,0.0011795117881772121,5.2425,311.2745765019208,8.0
H,terminal_value_shifted,1467,0.02666666666667,0.02666666666667,0.04,0.054974741674905375,0.08,13,0.013333333333333336,0.011547005383792518,0.9983345880806733,0.0016654119193266759,5.2425,311.2745765019208,8.0
H,terminal_value_shifted,1468,0.02666666666667,0.02666666666667,0.05333333333333,0.06531972647421809,0.08,13,0.013333333333333336,0.011547005383792518,0.9977336878757921,0.0022663121242079143,5.2425,311.2745765019208,8.0
H,terminal_value_shifted,1469,0.02666666666667,0.02666666666667,0.06666666666667,0.07659416862051227,0.08,13,0.013333333333333336,0.011547005383792518,0.9970161560977002,0.0029838439022997765,5.2425,311.2745765019208,8.0
H,terminal_value_shifted,1470,0.02666666666667,0.04,-0.05333333333333,0.07180219742845882,0.08,13,0.013333333333333336,0.011547005383792518,0.9994060311159144,0.0005939688840855828,5.2425,311.2745765019208,8.0
H,terminal_value_shifted,1471,0.02666666666667,0.04,-0.04,0.06253887679764715,0.08,13,0.013333333333333336,0.011547005383792518,0.9995774170490656,0.000422582950934447,5.2425,311.2745765019208,8.0
H,terminal_value_shifted,1472,0.02666666666667,0.04,-0.02666666666667,0.054974741674905375,0.08,13,0.013333333333333336,0.011547005383792518,0.9996381758949937,0.00036182410500629203,5.2425,311.2745765019208,8.0
H,terminal_value_shifted,1473,0.02666666666667,0.04,-0.01333333333333,0.04988876515698678,0.08,13,0.013333333333333336,0.011547005383792518,0.9995880081008228,0.0004119918991771776,5.2425,311.2745765019208,8.0
H,terminal_value_shifted,1474,0.02666666666667,0.04,0.0,0.04807401700618837,0.08,13,0.013333333333333336,0.011547005383792518,0.9994263399454083,0.0005736600545916959,5.2425,311.2745765019208,8.0
H,terminal_value_shifted,1475,0.02666666666667,0.04,0.01333333333333,0.04988876515698678,0.08,13,0.013333333333333336,0.011547005383792518,0.999152322187575,0.0008476778124250073,5.2425,311.2745765019208,8.0
H,terminal_value_shifted,1476,0.02666666666667,0.04,0.02666666666667,0.054974741674905375,0.08,13,0.013333333333333336,0.011547005383792518,0.9987648318741424,0.0012351681258575553,5.2425,311.2745765019208,8.0
H,terminal_value_shifted,1477,0.02666666666667,0.04,0.04,0.06253887679764715,0.08,13,0.013333333333333336,0.011547005383792518,0.9982624773533116,0.0017375226466883609,5.2425,311.2745765019208,8.0
H,terminal_value_shifted,1478,0.02666666666667,0.04,0.05333333333333,0.07180219742845882,0.08,13,0.013333333333333336,0.011547005383792518,0.9976436065551084,0.00235639344489158,5.2425,311.2745765019208,8.0
H,terminal_value_shifted,1479,0.02666666666667,0.05333333333333,-0.05333333333333,0.07999999999999667,0.08,13,0.013333333333333336,0.011547005383792518,0.9994226538086408,0.0005773461913591849,5.2425,311.2745765019208,8.0
H,terminal_value_shifted,1480,0.02666666666667,0.05333333333333,-0.04,0.07180219742845882,0.08,13,0.013333333333333336,0.011547005383792518,0.9995776665810481,0.00042233341895192567,5.2425,311.2745765019208,8.0
H,terminal_value_shifted,1481,0.02666666666667,0.05333333333333,-0.02666666666667,0.06531972647421809,0.08,13,0.013333333333333336,0.011547005383792518,0.999622544205533,0.0003774557944670187,5.2425,311.2745765019208,8.0
H,terminal_value_shifted,1482,0.02666666666667,0.05333333333333,-0.01333333333333,0.06110100926607569,0.08,13,0.013333333333333336,0.011547005383792518,0.9995566160158114,0.0004433839841886389,5.2425,311.2745765019208,8.0
H,terminal_value_shifted,1483,0.02666666666667,0.05333333333333,0.0,0.059628479399992905,0.08,13,0.013333333333333336,0.011547005383792518,0.9993789523900949,0.0006210476099051121,5.2425,311.2745765019208,8.0
H,terminal_value_shifted,1484,0.02666666666667,0.05333333333333,0.01333333333333,0.06110100926607569,0.08,13,0.013333333333333336,0.011547005383792518,0.9990883640077736,0.0009116359922264339,5.2425,311.2745765019208,8.0
H,terminal_value_shifted,1485,0.02666666666667,0.05333333333333,0.02666666666667,0.06531972647421809,0.08,13,0.013333333333333336,0.011547005383792518,0.9986834042666877,0.0013165957333123313,5.2425,311.2745765019208,8.0
H,terminal_value_shifted,1486,0.02666666666667,0.05333333333333,0.04,0.07180219742845882,0.08,13,0.013333333333333336,0.011547005383792518,0.9981623749222448,0.0018376250777552006,5.2425,311.2745765019208,8.0
H,terminal_value_shifted,1487,0.02666666666667,0.05333333333333,0.05333333333333,0.07999999999999667,0.08,13,0.013333333333333336,0.011547005383792518,0.997523335023424,0.0024766649765759485,5.2425,311.2745765019208,8.0
H,terminal_value_shifted,1488,0.02666666666667,0.06666666666667,-0.02666666666667,0.07659416862051227,0.08,13,0.013333333333333336,0.011547005383792518,0.9995855165917504,0.0004144834082495663,5.2425,311.2745765019208,8.0
H,terminal_value_shifted,1489,0.02666666666667,0.06666666666667,-0.01333333333333,0.0730296743340258,0.08,13,0.013333333333333336,0.011547005383792518,0.999501323737039,0.000498676262960962,5.2425,311.2745765019208,8.0
H,terminal_value_shifted,1490,0.02666666666667,0.06666666666667,0.0,0.07180219742846439,0.08,13,0.013333333333333336,0.011547005383792518,0.9993051956643308,0.0006948043356691525,5.2425,311.2745765019208,8.0
H,terminal_value_shifted,1491,0.02666666666667,0.06666666666667,0.01333333333333,0.0730296743340258,0.08,13,0.013333333333333336,0.011547005383792518,0.9989956034720524,0.001004396527947593,5.2425,311.2745765019208,8.0
H,terminal_value_shifted,1492,0.02666666666667,0.06666666666667,0.02666666666667,0.07659416862051227,0.08,13,0.013333333333333336,0.011547005383792518,0.9985707768076504,0.0014292231923496157,5.2425,311.2745765019208,8.0
H,terminal_value_shifted,1493,0.02868548662403,-0.05737097324805,-0.04780914437338,0.08000000000000353,0.08,13,0.013333333333333336,0.011547005383792518,0.9992564777763527,0.0007435222236472638,5.2425,311.2745765019208,8.0
H,terminal_value_shifted,1494,0.02868548662403,-0.05737097324805,0.04780914437338,0.08000000000000353,0.08,13,0.013333333333333336,0.011547005383792518,0.9981639689516139,0.0018360310483861442,5.2425,311.2745765019208,8.0
H,terminal_value_shifted,1495,0.02868548662403,-0.04780914437338,-0.05737097324805,0.08000000000000353,0.08,13,0.013333333333333336,0.011547005383792518,0.9990694331491934,0.0009305668508066134,5.2425,311.2745765019208,8.0
H,terminal_value_shifted,1496,0.02868548662403,-0.04780914437338,0.05737097324805,0.08000000000000353,0.08,13,0.013333333333333336,0.011547005383792518,0.9977434896689844,0.002256510331015593,5.2425,311.2745765019208,8.0
H,terminal_value_shifted,1497,0.02868548662403,0.04780914437338,-0.05737097324805,0.08000000000000353,0.08,13,0.013333333333333336,0.011547005383792518,0.9993432132515896,0.0006567867484104095,5.2425,311.2745765019208,8.0
H,terminal_value_shifted,1498,0.02868548662403,0.04780914437338,0.05737097324805,0.08000000000000353,0.08,13,0.013333333333333336,0.011547005383792518,0.9973712041636917,0.002628795836308262,5.2425,311.2745765019208,8.0
H,terminal_value_shifted,1499,0.02868548662403,0.05737097324805,-0.04780914437338,0.08000000000000353,0.08,13,0.013333333333333336,0.011547005383792518,0.9994991341417184,0.0005008658582815739,5.2425,311.2745765019208,8.0
H,terminal_value_shifted,1500,0.02868548662403,0.05737097324805,0.04780914437338,0.08000000000000353,0.08,13,0.013333333333333336,0.011547005383792518,0.9977704203931008,0.002229579606899179,5.2425,311.2745765019208,8.0
H,terminal_value_shifted,1501,0.0307288511839,-0.06145770236779,-0.04097180157853,0.08000000000000354,0.08,13,0.013333333333333336,0.011547005383792518,0.9993650440014109,0.0006349559985890929,5.2425,311.2745765019208,8.0
H,terminal_value_shifted,1502,0.0307288511839,-0.06145770236779,0.04097180157853,0.08000000000000354,0.08,13,0.013333333333333336,0.011547005383792518,0.998443465034875,0.0015565349651249782,5.2425,311.2745765019208,8.0
H,terminal_value_shifted,1503,0.0307288511839,-0.04097180157853,-0.06145770236779,0.08000000000000354,0.08,13,0.013333333333333336,0.011547005383792518,0.9989778688520758,0.0010221311479241546,5.2425,311.2745765019208,8.0
H,terminal_value_shifted,1504,0.0307288511839,-0.04097180157853,0.06145770236779,0.08000000000000354,0.08,13,0.013333333333333336,0.011547005383792518,0.9975571757512054,0.002442824248794606,5.2425,311.2745765019208,8.0
H,terminal_value_shifted,1505,0.0307288511839,0.04097180157853,-0.06145770236779,0.08000000000000354,0.08,13,0.013333333333333336,0.011547005383792518,0.9992399305349725,0.0007600694650274908,5.2425,311.2745765019208,8.0
H,terminal_value_shifted,1506,0.0307288511839,0.04097180157853,0.06145770236779,0.08000000000000354,0.08,13,0.013333333333333336,0.011547005383792518,0.9972167229287581,0.0027832770712419297,5.2425,311.2745765019208,8.0
H,terminal_value_shifted,1507,0.0307288511839,0.06145770236779,-0.04097180157853,0.08000000000000354,0.08,13,0.013333333333333336,0.011547005383792518,0.999563327406408,0.0004366725935920357,5.2425,311.2745765019208,8.0
H,terminal_value_shifted,1508,0.0307288511839,0.06145770236779,0.04097180157853,0.08000000000000354,0.08,13,0.013333333333333336,0.011547005383792518,0.9980579889511894,0.0019420110488106435,5.2425,311.2745765019208,8.0
H,terminal_value_shifted,1509,0.0312453386354,-0.05207556439233,-0.05207556439233,0.08000000000000147,0.08,13,0.013333333333333336,0.011547005383792518,0.9991813695350634,0.0008186304649365761,5.2425,311.2745765019208,8.0
H,terminal_value_shifted,1510,0.0312453386354,-0.05207556439233,0.05207556439233,0.08000000000000147,0.08,13,0.013333333333333336,0.011547005383792518,0.9980048211750167,0.0019951788249833458,5.2425,311.2745765019208,8.0
H,terminal_value_shifted,1511,0.0312453386354,0.05207556439233,-0.05207556439233,0.08000000000000147,0.08,13,0.013333333333333336,0.011547005383792518,0.9994360174393022,0.0005639825606977844,5.2425,311.2745765019208,8.0
H,terminal_value_shifted,1512,0.0312453386354,0.05207556439233,0.05207556439233,0.08000000000000147,0.08,13,0.013333333333333336,0.011547005383792518,0.9976193808724317,0.002380619127568262,5.2425,311.2745765019208,8.0
H,terminal_value_shifted,1513,0.03265986323711,-0.06531972647422,-0.03265986323711,0.08000000000000235,0.08,13,0.013333333333333336,0.011547005383792518,0.999462333766653,0.0005376662333469451,5.2425,311.2745765019208,8.0
H,terminal_value_shifted,1514,0.03265986323711,-0.06531972647422,0.03265986323711,0.08000000000000235,0.08,13,0.013333333333333336,0.011547005383792518,0.9987377120643054,0.001262287935694606,5.2425,311.2745765019208,8.0
H,terminal_value_shifted,1515,0.03265986323711,-0.03265986323711,-0.06531972647422,0.08000000000000236,0.08,13,0.013333333333333336,0.011547005383792518,0.9988869638108635,0.001113036189136496,5.2425,311.2745765019208,8.0
H,terminal_value_shifted,1516,0.03265986323711,-0.03265986323711,0.06531972647422,0.08000000000000236,0.08,13,0.013333333333333336,0.011547005383792518,0.9973625451909008,0.00263745480909916,5.2425,311.2745765019208,8.0
H,terminal_value_shifted,1517,0.03265986323711,0.03265986323711,-0.06531972647422,0.08000000000000236,0.08,13,0.013333333333333336,0.011547005383792518,0.9991170331111155,0.0008829668888844511,5.2425,311.2745765019208,8.0
H,terminal_value_shifted,1518,0.03265986323711,0.03265986323711,0.06531972647422,0.08000000000000236,0.08,13,0.013333333333333336,0.011547005383792518,0.9970743712238916,0.0029256287761083577,5.2425,311.2745765019208,8.0
H,terminal_value_shifted,1519,0.03265986323711,0.06531972647422,-0.03265986323711,0.08000000000000235,0.08,13,0.013333333333333336,0.011547005383792518,0.9995975484794355,0.0004024515205645063,5.2425,311.2745765019208,8.0
H,terminal_value_shifted,1520,0.03265986323711,0.06531972647422,0.03265986323711,0.08000000000000235,0.08,13,0.013333333333333336,0.011547005383792518,0.9983787518816469,0.0016212481183530691,5.2425,311.2745765019208,8.0
H,terminal_value_shifted,1521,0.03394112549695,-0.05656854249492,-0.04525483399594,0.07999999999999603,0.08,13,0.013333333333333336,0.011547005383792518,0.9993068318092551,0.0006931681907449416,5.2425,311.2745765019208,8.0
H,terminal_value_shifted,1522,0.03394112549695,-0.05656854249492,0.04525483399594,0.07999999999999603,0.08,13,0.013333333333333336,0.011547005383792518,0.9983073065263792,0.0016926934736207766,5.2425,311.2745765019208,8.0
H,terminal_value_shifted,1523,0.03394112549695,-0.04525483399594,-0.05656854249492,0.07999999999999603,0.08,13,0.013333333333333336,0.011547005383792518,0.999089941772733,0.0009100582272669744,5.2425,311.2745765019208,8.0
H,terminal_value_shifted,1524,0.03394112549695,-0.04525483399594,0.05656854249492,0.07999999999999603,0.08,13,0.013333333333333336,0.011547005383792518,0.9978200200450638,0.0021799799549362397,5.2425,311.2745765019208,8.0
H,terminal_value_shifted,1525,0.03394112549695,0.04525483399594,-0.05656854249492,0.07999999999999603,0.08,13,0.013333333333333336,0.011547005383792518,0.999343661906815,0.0006563380931849938,5.2425,311.2745765019208,8.0
H,terminal_value_shifted,1526,0.03394112549695,0.04525483399594,0.05656854249492,0.07999999999999603,0.08,13,0.013333333333333336,0.011547005383792518,0.9974580457904149,0.00254195420958514,5.2425,311.2745765019208,8.0
H,terminal_value_shifted,1527,0.03394112549695,0.05656854249492,-0.04525483399594,0.07999999999999603,0.08,13,0.013333333333333336,0.011547005383792518,0.9995256260294779,0.0004743739705220795,5.2425,311.2745765019208,8.0
H,terminal_value_shifted,1528,0.03394112549695,0.05656854249492,0.04525483399594,0.07999999999999603,0.08,13,0.013333333333333336,0.011547005383792518,0.9979207568124635,0.0020792431875364947,5.2425,311.2745765019208,8.0
H,terminal_value_shifted,1529,0.0341121146169,-0.05116817192535,-0.05116817192535,0.08000000000000547,0.08,13,0.013333333333333336,0.011547005383792518,0.9992015613723096,0.0007984386276903566,5.2425,311.2745765019208,8.0
H,terminal_value_shifted,1530,0.0341121146169,-0.05116817192535,0.05116817192535,0.08000000000000547,0.08,13,0.013333333333333336,0.011547005383792518,0.9980655593107222,0.0019344406892778387,5.2425,311.2745765019208,8.0
H,terminal_value_shifted,1531,0.0341121146169,0.05116817192535,-0.05116817192535,0.08000000000000547,0.08,13,0.013333333333333336,0.011547005383792518,0.9994451769404533,0.000554823059546683,5.2425,311.2745765019208,8.0
H,terminal_value_shifted,1532,0.0341121146169,0.05116817192535,0.05116817192535,0.08000000000000547,0.08,13,0.013333333333333336,0.011547005383792518,0.9976843581876282,0.0023156418123717604,5.2425,311.2745765019208,8.0
H,terminal_value_shifted,1533,0.03428571428571,-0.06857142857143,-0.02285714285714,0.07999999999999857,0.08,13,0.013333333333333336,0.011547005383792518,0.9995250567793135,0.00047494322068653005,5.2425,311.2745765019208,8.0
H,terminal_value_shifted,1534,0.03428571428571,-0.06857142857143,0.02285714285714,0.07999999999999857,0.08,13,0.013333333333333336,0.011547005383792518,0.9990232430099233,0.0009767569900767104,5.2425,311.2745765019208,8.0
H,terminal_value_shifted,1535,0.03428571428571,-0.02285714285714,-0.06857142857143,0.07999999999999857,0.08,13,0.013333333333333336,0.011547005383792518,0.9988136970324095,0.0011863029675904802,5.2425,311.2745765019208,8.0
H,terminal_value_shifted,1536,0.03428571428571,-0.02285714285714,0.06857142857143,0.07999999999999857,0.08,13,0.013333333333333336,0.011547005383792518,0.9971769530903083,0.0028230469096917066,5.2425,311.2745765019208,8.0
H,terminal_value_shifted,1537,0.03428571428571,0.02285714285714,-0.06857142857143,0.07999999999999857,0.08,13,0.013333333333333336,0.011547005383792518,0.998987430806255,0.0010125691937450387,5.2425,311.2745765019208,8.0
H,terminal_value_shifted,1538,0.03428571428571,0.02285714285714,0.06857142857143,0.07999999999999857,0.08,13,0.013333333333333336,0.011547005383792518,0.9969649923744383,0.0030350076255617475,5.2425,311.2745765019208,8.0
H,terminal_value_shifted,1539,0.03428571428571,0.06857142857143,-0.02285714285714,0.07999999999999857,0.08,13,0.013333333333333336,0.011547005383792518,0.9995784091692508,0.0004215908307492189,5.2425,311.2745765019208,8.0
H,terminal_value_shifted,1540,0.03428571428571,0.06857142857143,0.02285714285714,0.07999999999999857,0.08,13,0.013333333333333336,0.011547005383792518,0.9987138635998548,0.001286136400145188,5.2425,311.2745765019208,8.0
H,terminal_value_shifted,1541,0.03538606947718,-0.07077213895435,-0.01179535649239,0.08000000000000126,0.08,13,0.013333333333333336,0.011547005383792518,0.9995254219641819,0.000474578035818074,5.2425,311.2745765019208,8.0
H,terminal_value_shifted,1542,0.03538606947718,-0.07077213895435,0.01179535649239,0.08000000000000126,0.08,13,0.013333333333333336,0.011547005383792518,0.9992681624835549,0.0007318375164451218,5.2425,311.2745765019208,8.0
H,terminal_value_shifted,1543,0.03538606947718,-0.01179535649239,-0.07077213895435,0.08000000000000126,0.08,13,0.013333333333333336,0.011547005383792518,0.9987788028453406,0.0012211971546594036,5.2425,311.2745765019208,8.0
H,terminal_value_shifted,1544,0.03538606947718,-0.01179535649239,0.07077213895435,0.08000000000000126,0.08,13,0.013333333333333336,0.011547005383792518,0.997024785104575,0.00297521489542496,5.2425,311.2745765019208,8.0
H,terminal_value_shifted,1545,0.03538606947718,0.01179535649239,-0.07077213895435,0.08000000000000126,0.08,13,0.013333333333333336,0.011547005383792518,0.9988729594593799,0.0011270405406200723,5.2425,311.2745765019208,8.0
H,terminal_value_shifted,1546,0.03538606947718,0.01179535649239,0.07077213895435,0.08000000000000126,0.08,13,0.013333333333333336,0.011547005383792518,0.9969117002279495,0.0030882997720504957,5.2425,311.2745765019208,8.0
H,terminal_value_shifted,1547,0.03538606947718,0.07077213895435,-0.01179535649239,0.08000000000000126,0.08,13,0.013333333333333336,0.011547005383792518,0.999482662418121,0.000517337581878996,5.2425,311.2745765019208,8.0
H,terminal_value_shifted,1548,0.03538606947718,0.07077213895435,0.01179535649239,0.08000000000000126,0.08,13,0.013333333333333336,0.011547005383792518,0.9990323541183466,0.0009676458816534339,5.2425,311.2745765019208,8.0
H,terminal_value_shifted,1549,0.03577708764,-0.07155417527999,0.0,0.07999999999999859,0.08,13,0.013333333333333336,0.011547005383792518,0.999441302245403,0.0005586977545970484,5.2425,311.2745765019208,8.0
H,terminal_value_shifted,1550,0.03577708764,0.0,-0.07155417527999,0.07999999999999859,0.08,13,0.013333333333333336,0.011547005383792518,0.9987981557882173,0.00120184421178271,5.2425,311.2745765019208,8.0
H,terminal_value_shifted,1551,0.03577708764,0.0,0.07155417527999,0.07999999999999859,0.08,13,0.013333333333333336,0.011547005383792518,0.9969311708634111,0.003068829136588902,5.2425,311.2745765019208,8.0
H,terminal_value_shifted,1552,0.03577708764,0.07155417527999,0.0,0.07999999999999859,0.08,13,0.013333333333333336,0.011547005383792518,0.9992979518991489,0.0007020481008510604,5.2425,311.2745765019208,8.0
H,terminal_value_shifted,1553,0.03646738446708,-0.05470107670063,-0.04558423058386,0.08000000000000344,0.08,13,0.013333333333333336,0.011547005383792518,0.9993043977559097,0.0006956022440902654,5.2425,311.2745765019208,8.0
H,terminal_value_shifted,1554,0.03646738446708,-0.05470107670063,0.04558423058386,0.08000000000000344,0.08,13,0.013333333333333336,0.011547005383792518,0.9983124802249477,0.0016875197750523263,5.2425,311.2745765019208,8.0
H,terminal_value_shifted,1555,0.03646738446708,-0.04558423058386,-0.05470107670063,0.08000000000000344,0.08,13,0.013333333333333336,0.011547005383792518,0.9991312032229492,0.0008687967770507621,5.2425,311.2745765019208,8.0
H,terminal_value_shifted,1556,0.03646738446708,-0.04558423058386,0.05470107670063,0.08000000000000344,0.08,13,0.013333333333333336,0.011547005383792518,0.9979237608410474,0.0020762391589526086,5.2425,311.2745765019208,8.0
H,terminal_value_shifted,1557,0.03646738446708,0.04558423058386,-0.05470107670063,0.08000000000000344,0.08,13,0.013333333333333336,0.011547005383792518,0.9993737936640801,0.000626206335919921,5.2425,311.2745765019208,8.0
H,terminal_value_shifted,1558,0.03646738446708,0.04558423058386,0.05470107670063,0.08000000000000344,0.08,13,0.013333333333333336,0.011547005383792518,0.9975618711147265,0.002438128885273505,5.2425,311.2745765019208,8.0
H,terminal_value_shifted,1559,0.03646738446708,0.05470107670063,-0.04558423058386,0.08000000000000344,0.08,13,0.013333333333333336,0.011547005383792518,0.9995194722381572,0.0004805277618428194,5.2425,311.2745765019208,8.0
H,terminal_value_shifted,1560,0.03646738446708,0.05470107670063,0.04558423058386,0.08000000000000344,0.08,13,0.013333333333333336,0.011547005383792518,0.9979310031619057,0.0020689968380942503,5.2425,311.2745765019208,8.0
H,terminal_value_shifted,1561,0.03659965687983,-0.06099942813304,-0.03659965687983,0.08000000000000304,0.08,13,0.013333333333333336,0.011547005383792518,0.9994313031764894,0.0005686968235105727,5.2425,311.2745765019208,8.0
H,terminal_value_shifted,1562,0.03659965687983,-0.06099942813304,0.03659965687983,0.08000000000000304,0.08,13,0.013333333333333336,0.011547005383792518,0.9986397250249338,0.001360274975066189,5.2425,311.2745765019208,8.0
H,terminal_value_shifted,1563,0.03659965687983,-0.03659965687983,-0.06099942813304,0.08000000000000304,0.08,13,0.013333333333333336,0.011547005383792518,0.9989905691320491,0.0010094308679509112,5.2425,311.2745765019208,8.0
H,terminal_value_shifted,1564,0.03659965687983,-0.03659965687983,0.06099942813304,0.08000000000000304,0.08,13,0.013333333333333336,0.011547005383792518,0.9976162844263878,0.0023837155736121662,5.2425,311.2745765019208,8.0
H,terminal_value_shifted,1565,0.03659965687983,0.03659965687983,-0.06099942813304,0.08000000000000304,0.08,13,0.013333333333333336,0.011547005383792518,0.9992222940441517,0.0007777059558482513,5.2425,311.2745765019208,8.0
H,terminal_value_shifted,1566,0.03659965687983,0.03659965687983,0.06099942813304,0.08000000000000304,0.08,13,0.013333333333333336,0.011547005383792518,0.9973008515396306,0.0026991484603694493,5.2425,311.2745765019208,8.0
H,terminal_value_shifted,1567,0.03659965687983,0.06099942813304,-0.03659965687983,0.08000000000000304,0.08,13,0.013333333333333336,0.011547005383792518,0.9995922562496924,0.0004077437503076098,5.2425,311.2745765019208,8.0
H,terminal_value_shifted,1568,0.03659965687983,0.06099942813304,0.03659965687983,0.08000000000000304,0.08,13,0.013333333333333336,0.011547005383792518,0.9982720013719799,0.0017279986280200887,5.2425,311.2745765019208,8.0
H,terminal_value_shifted,1569,0.03748170285327,-0.04997560380435,-0.04997560380435,0.0799999999999972,0.08,13,0.013333333333333336,0.011547005383792518,0.9992268476955548,0.0007731523044451905,5.2425,311.2745765019208,8.0
H,terminal_value_shifted,1570,0.03748170285327,-0.04997560380435,0.04997560380435,0.0799999999999972,0.08,13,0.013333333333333336,0.011547005383792518,0.9981395998370262,0.001860400162973841,5.2425,311.2745765019208,8.0
H,terminal_value_shifted,1571,0.03748170285327,0.04997560380435,-0.04997560380435,0.0799999999999972,0.08,13,0.013333333333333336,0.011547005383792518,0.9994565998070694,0.0005434001929306431,5.2425,311.2745765019208,8.0
H,terminal_value_shifted,1572,0.03748170285327,0.04997560380435,0.04997560380435,0.0799999999999972,0.08,13,0.013333333333333336,0.011547005383792518,0.9977654710418306,0.002234528958169446,5.2425,311.2745765019208,8.0
H,terminal_value_shifted,1573,0.03880570000581,-0.05820855000872,-0.03880570000581,0.07999999999999688,0.08,13,0.013333333333333336,0.011547005383792518,0.9994078111726781,0.0005921888273219267,5.2425,311.2745765019208,8.0
H,terminal_value_shifted,1574,0.03880570000581,-0.05820855000872,0.03880570000581,0.07999999999999688,0.08,13,0.013333333333333336,0.011547005383792518,0.9985794091235966,0.0014205908764034492,5.2425,311.2745765019208,8.0
H,terminal_value_shifted,1575,0.03880570000581,-0.03880570000581,-0.05820855000872,0.07999999999999688,0.08,13,0.013333333333333336,0.011547005383792518,0.9990551749516756,0.0009448250483243825,5.2425,311.2745765019208,8.0
H,terminal_value_shifted,1576,0.03880570000581,-0.03880570000581,0.05820855000872,0.07999999999999688,0.08,13,0.013333333333333336,0.011547005383792518,0.9977693267522921,0.0022306732477078706,5.2425,311.2745765019208,8.0
H,terminal_value_shifted,1577,0.03880570000581,0.03880570000581,-0.05820855000872,0.07999999999999688,0.08,13,0.013333333333333336,0.011547005383792518,0.9992836869519772,0.0007163130480227764,5.2425,311.2745765019208,8.0
H,terminal_value_shifted,1578,0.03880570000581,0.03880570000581,0.05820855000872,0.07999999999999688,0.08,13,0.013333333333333336,0.011547005383792518,0.997441539585332,0.0025584604146680068,5.2425,311.2745765019208,8.0
H,terminal_value_shifted,1579,0.03880570000581,0.05820855000872,-0.03880570000581,0.07999999999999688,0.08,13,0.013333333333333336,0.011547005383792518,0.9995803873092728,0.0004196126907272113,5.2425,311.2745765019208,8.0
H,terminal_value_shifted,1580,0.03880570000581,0.05820855000872,0.03880570000581,0.07999999999999688,0.08,13,0.013333333333333336,0.011547005383792518,0.9982103462602793,0.0017896537397207313,5.2425,311.2745765019208,8.0
H,terminal_value_shifted,1581,0.03893314107138,-0.06488856845231,-0.02595542738092,0.08000000000000193,0.08,13,0.013333333333333336,0.011547005383792518,0.9995261040004059,0.00047389599959413164,5.2425,311.2745765019208,8.0
H,terminal_value_shifted,1582,0.03893314107138,-0.06488856845231,0.02595542738092,0.08000000000000193,0.08,13,0.013333333333333336,0.011547005383792518,0.9989742962436072,0.0010257037563927707,5.2425,311.2745765019208,8.0
H,terminal_value_shifted,1583,0.03893314107138,-0.02595542738092,-0.06488856845231,0.08000000000000193,0.08,13,0.013333333333333336,0.011547005383792518,0.998902385645869,0.0010976143541310268,5.2425,311.2745765019208,8.0
H,terminal_value_shifted,1584,0.03893314107138,-0.02595542738092,0.06488856845231,0.08000000000000193,0.08,13,0.013333333333333336,0.011547005383792518,0.9974114511257878,0.0025885488742122265,5.2425,311.2745765019208,8.0
H,terminal_value_shifted,1585,0.03893314107138,0.02595542738092,-0.06488856845231,0.08000000000000193,0.08,13,0.013333333333333336,0.011547005383792518,0.9990835574811059,0.0009164425188941117,5.2425,311.2745765019208,8.0
H,terminal_value_shifted,1586,0.03893314107138,0.02595542738092,0.06488856845231,0.08000000000000193,0.08,13,0.013333333333333336,0.011547005383792518,0.9971728786052029,0.0028271213947971274,5.2425,311.2745765019208,8.0
H,terminal_value_shifted,1587,0.03893314107138,0.06488856845231,-0.02595542738092,0.08000000000000193,0.08,13,0.013333333333333336,0.011547005383792518,0.9996043335916401,0.00039566640835986266,5.2425,311.2745765019208,8.0
H,terminal_value_shifted,1588,0.03893314107138,0.06488856845231,0.02595542738092,0.08000000000000193,0.08,13,0.013333333333333336,0.011547005383792518,0.9986533099410299,0.0013466900589701458,5.2425,311.2745765019208,8.0
H,terminal_value_shifted,1589,0.03938927711339,-0.04923659639173,-0.04923659639173,0.07999999999999793,0.08,13,0.013333333333333336,0.011547005383792518,0.9992419173247502,0.0007580826752497938,5.2425,311.2745765019208,8.0
H,terminal_value_shifted,1590,0.03938927711339,-0.04923659639173,0.04923659639173,0.07999999999999793,0.08,13,0.013333333333333336,0.011547005383792518,0.9981827879055812,0.001817212094418763,5.2425,311.2745765019208,8.0
H,terminal_value_shifted,1591,0.03938927711339,0.04923659639173,-0.04923659639173,0.07999999999999793,0.08,13,0.013333333333333336,0.011547005383792518,0.9994633347440732,0.0005366652559267715,5.2425,311.2745765019208,8.0
H,terminal_value_shifted,1592,0.03938927711339,0.04923659639173,0.04923659639173,0.07999999999999793,0.08,13,0.013333333333333336,0.011547005383792518,0.9978136597801748,0.0021863402198252224,5.2425,311.2745765019208,8.0
H,terminal_value_shifted,1593,0.04,-0.06666666666667,-0.01333333333333,0.07888106377466379,0.08,13,0.013333333333333336,0.011547005383792518,0.9995481461134995,0.0004518538865004862,5.2425,311.2745765019208,8.0
H,terminal_value_shifted,1594,0.04,-0.06666666666667,0.0,0.07774602526460686,0.08,13,0.013333333333333336,0.011547005383792518,0.9994615836027944,0.0005384163972056433,5.2425,311.2745765019208,8.0
H,terminal_value_shifted,1595,0.04,-0.06666666666667,0.01333333333333,0.07888106377466379,0.08,13,0.013333333333333336,0.011547005383792518,0.999266213649419,0.0007337863505809672,5.2425,311.2745765019208,8.0
H,terminal_value_shifted,1596,0.04,-0.05333333333333,-0.04,0.07774602526460171,0.08,13,0.013333333333333336,0.011547005383792518,0.9993961910619837,0.0006038089380162592,5.2425,311.2745765019208,8.0
H,terminal_value_shifted,1597,0.04,-0.05333333333333,-0.02666666666667,0.07180219742845882,0.08,13,0.013333333333333336,0.011547005383792518,0.9995297864346052,0.00047021356539478365,5.2425,311.2745765019208,8.0
H,terminal_value_shifted,1598,0.04,-0.05333333333333,-0.01333333333333,0.06798692684790053,0.08,13,0.013333333333333336,0.011547005383792518,0.999550775504734,0.0004492244952659652,5.2425,311.2745765019208,8.0
H,terminal_value_shifted,1599,0.04,-0.05333333333333,0.0,0.066666666666664,0.08,13,0.013333333333333336,0.011547005383792518,0.9994611285375321,0.0005388714624678936,5.2425,311.2745765019208,8.0
H,terminal_value_shifted,1600,0.04,-0.05333333333333,0.01333333333333,0.06798692684790053,0.08,13,0.013333333333333336,0.011547005383792518,0.9992624031030503,0.0007375968969497437,5.2425,311.2745765019208,8.0
H,terminal_value_shifted,1601,0.04,-0.05333333333333,0.02666666666667,0.07180219742845882,0.08,13,0.013333333333333336,0.011547005383792518,0.9989557461787064,0.0010442538212935837,5.2425,311.2745765019208,8.0
H,terminal_value_shifted,1602,0.04,-0.05333333333333,0.04,0.07774602526460171,0.08,13,0.013333333333333336,0.011547005383792518,0.9985418994373397,0.0014581005626602694,5.2425,311.2745765019208,8.0
H,terminal_value_shifted,1603,0.04,-0.04,-0.05333333333333,0.07774602526460171,0.08,13,0.013333333333333336,0.011547005383792518,0.9991684964240797,0.0008315035759203226,5.2425,311.2745765019208,8.0
H,terminal_value_shifted,1604,0.04,-0.04,-0.04,0.06928203230275509,0.08,13,0.013333333333333336,0.011547005383792518,0.9994117523344699,0.0005882476655301172,5.2425,311.2745765019208,8.0
H,terminal_value_shifted,1605,0.04,-0.04,-0.02666666666667,0.06253887679764715,0.08,13,0.013333333333333336,0.011547005383792518,0.9995407931732521,0.00045920682674793767,5.2425,311.2745765019208,8.0
H,terminal_value_shifted,1606,0.04,-0.04,-0.01333333333333,0.05811865258054155,0.08,13,0.013333333333333336,0.011547005383792518,0.9995575960701983,0.0004424039298016602,5.2425,311.2745765019208,8.0
H,terminal_value_shifted,1607,0.04,-0.04,0.0,0.0565685424949238,0.08,13,0.013333333333333336,0.011547005383792518,0.9994637506831363,0.0005362493168636906,5.2425,311.2745765019208,8.0
H,terminal_value_shifted,1608,0.04,-0.04,0.01333333333333,0.05811865258054155,0.08,13,0.013333333333333336,0.011547005383792518,0.9992604573842214,0.0007395426157785767,5.2425,311.2745765019208,8.0
H,terminal_value_shifted,1609,0.04,-0.04,0.02666666666667,0.06253887679764715,0.08,13,0.013333333333333336,0.011547005383792518,0.9989485287188211,0.001051471281178884,5.2425,311.2745765019208,8.0
H,terminal_value_shifted,1610,0.04,-0.04,0.04,0.06928203230275509,0.08,13,0.013333333333333336,0.011547005383792518,0.9985283940484492,0.001471605951550825,5.2425,311.2745765019208,8.0
H,terminal_value_shifted,1611,0.04,-0.04,0.05333333333333,0.07774602526460171,0.08,13,0.013333333333333336,0.011547005383792518,0.9980001073194286,0.0019998926805714357,5.2425,311.2745765019208,8.0
H,terminal_value_shifted,1612,0.04,-0.02666666666667,-0.05333333333333,0.07180219742845882,0.08,13,0.013333333333333336,0.011547005383792518,0.999195948304225,0.000804051695775021,5.2425,311.2745765019208,8.0
H,terminal_value_shifted,1613,0.04,-0.02666666666667,-0.04,0.06253887679764715,0.08,13,0.013333333333333336,0.011547005383792518,0.9994328639535996,0.0005671360464003516,5.2425,311.2745765019208,8.0
H,terminal_value_shifted,1614,0.04,-0.02666666666667,-0.02666666666667,0.054974741674905375,0.08,13,0.013333333333333336,0.011547005383792518,0.9995562385416805,0.00044376145831948044,5.2425,311.2745765019208,8.0
H,terminal_value_shifted,1615,0.04,-0.02666666666667,-0.01333333333333,0.04988876515698678,0.08,13,0.013333333333333336,0.011547005383792518,0.9995676519413417,0.00043234805865832726,5.2425,311.2745765019208,8.0
H,terminal_value_shifted,1616,0.04,-0.02666666666667,0.0,0.04807401700618837,0.08,13,0.013333333333333336,0.011547005383792518,0.9994683191771341,0.0005316808228659209,5.2425,311.2745765019208,8.0
H,terminal_value_shifted,1617,0.04,-0.02666666666667,0.01333333333333,0.04988876515698678,0.08,13,0.013333333333333336,0.011547005383792518,0.99925908815861,0.000740911841390024,5.2425,311.2745765019208,8.0
H,terminal_value_shifted,1618,0.04,-0.02666666666667,0.02666666666667,0.054974741674905375,0.08,13,0.013333333333333336,0.011547005383792518,0.9989404406626302,0.0010595593373697865,5.2425,311.2745765019208,8.0
H,terminal_value_shifted,1619,0.04,-0.02666666666667,0.04,0.06253887679764715,0.08,13,0.013333333333333336,0.011547005383792518,0.9985124965026712,0.001487503497328846,5.2425,311.2745765019208,8.0
H,terminal_value_shifted,1620,0.04,-0.02666666666667,0.05333333333333,0.07180219742845882,0.08,13,0.013333333333333336,0.011547005383792518,0.9979750208510358,0.0020249791489641566,5.2425,311.2745765019208,8.0
H,terminal_value_shifted,1621,0.04,-0.01333333333333,-0.06666666666667,0.07888106377466379,0.08,13,0.013333333333333336,0.011547005383792518,0.9988851916193633,0.0011148083806367115,5.2425,311.2745765019208,8.0
H,terminal_value_shifted,1622,0.04,-0.01333333333333,-0.05333333333333,0.06798692684790053,0.08,13,0.013333333333333336,0.011547005383792518,0.9992289949335849,0.0007710050664151424,5.2425,311.2745765019208,8.0
H,terminal_value_shifted,1623,0.04,-0.01333333333333,-0.04,0.05811865258054155,0.08,13,0.013333333333333336,0.011547005383792518,0.9994583253491096,0.0005416746508903891,5.2425,311.2745765019208,8.0
H,terminal_value_shifted,1624,0.04,-0.01333333333333,-0.02666666666667,0.04988876515698678,0.08,13,0.013333333333333336,0.011547005383792518,0.9995747095440908,0.0004252904559092219,5.2425,311.2745765019208,8.0
H,terminal_value_shifted,1625,0.04,-0.01333333333333,-0.01333333333333,0.044221663871403326,0.08,13,0.013333333333333336,0.011547005383792518,0.999579336470716,0.0004206635292840488,5.2425,311.2745765019208,8.0
H,terminal_value_shifted,1626,0.04,-0.01333333333333,0.0,0.04216370213557734,0.08,13,0.013333333333333336,0.011547005383792518,0.9994730515098094,0.0005269484901906374,5.2425,311.2745765019208,8.0
H,terminal_value_shifted,1627,0.04,-0.01333333333333,0.01333333333333,0.044221663871403326,0.08,13,0.013333333333333336,0.011547005383792518,0.9992563539183482,0.0007436460816517831,5.2425,311.2745765019208,8.0
H,terminal_value_shifted,1628,0.04,-0.01333333333333,0.02666666666667,0.04988876515698678,0.08,13,0.013333333333333336,0.011547005383792518,0.9989293975077527,0.00107060249224733,5.2425,311.2745765019208,8.0
H,terminal_value_shifted,1629,0.04,-0.01333333333333,0.04,0.05811865258054155,0.08,13,0.013333333333333336,0.011547005383792518,0.9984919945158269,0.0015080054841730695,5.2425,311.2745765019208,8.0
H,terminal_value_shifted,1630,0.04,-0.01333333333333,0.05333333333333,0.06798692684790053,0.08,13,0.013333333333333336,0.011547005383792518,0.9979436226607749,0.002056377339225146,5.2425,311.2745765019208,8.0
H,terminal_value_shifted,1631,0.04,-0.01333333333333,0.06666666666667,0.07888106377466379,0.08,13,0.013333333333333336,0.011547005383792518,0.9972834353909114,0.0027165646090886453,5.2425,311.2745765019208,8.0
H,terminal_value_shifted,1632,0.04,0.0,-0.06666666666667,0.07774602526460686,0.08,13,0.013333333333333336,0.011547005383792518,0.998932275120103,0.0010677248798970362,5.2425,311.2745765019208,8.0
H,terminal_value_shifted,1633,0.04,0.0,-0.05333333333333,0.066666666666664,0.08,13,0.013333333333333336,0.011547005383792518,0.9992660775994406,0.0007339224005593614,5.2425,311.2745765019208,8.0
H,terminal_value_shifted,1634,0.04,0.0,-0.04,0.0565685424949238,0.08,13,0.013333333333333336,0.011547005383792518,0.999486347127543,0.0005136528724569711,5.2425,311.2745765019208,8.0
H,terminal_value_shifted,1635,0.04,0.0,-0.02666666666667,0.04807401700618837,0.08,13,0.013333333333333336,0.011547005383792518,0.9995942048180056,0.0004057951819943506,5.2425,311.2745765019208,8.0
H,terminal_value_shifted,1636,0.04,0.0,-0.01333333333333,0.04216370213557734,0.08,13,0.013333333333333336,0.011547005383792518,0.99959045412092,0.00040954587908004214,5.2425,311.2745765019208,8.0
H,terminal_value_shifted,1637,0.04,0.0,0.0,0.04,0.08,13,0.013333333333333336,0.011547005383792518,0.9994755749029842,0.0005244250970157793,5.2425,311.2745765019208,8.0
H,terminal_value_shifted,1638,0.04,0.0,0.01333333333333,0.04216370213557734,0.08,13,0.013333333333333336,0.011547005383792518,0.9992497207816256,0.00075027921837445,5.2425,311.2745765019208,8.0
H,terminal_value_shifted,1639,0.04,0.0,0.02666666666667,0.04807401700618837,0.08,13,0.013333333333333336,0.011547005383792518,0.9989127196763083,0.0010872803236916528,5.2425,311.2745765019208,8.0
H,terminal_value_shifted,1640,0.04,0.0,0.04,0.0565685424949238,0.08,13,0.013333333333333336,0.011547005383792518,0.998464077563112,0.0015359224368880486,5.2425,311.2745765019208,8.0
H,terminal_value_shifted,1641,0.04,0.0,0.05333333333333,0.066666666666664,0.08,13,0.013333333333333336,0.011547005383792518,0.9979029854417476,0.002097014558252397,5.2425,311.2745765019208,8.0
H,terminal_value_shifted,1642,0.04,0.0,0.06666666666667,0.07774602526460686,0.08,13,0.013333333333333336,0.011547005383792518,0.9972283295469859,0.0027716704530140746,5.2425,311.2745765019208,8.0
H,terminal_value_shifted,1643,0.04,0.01333333333333,-0.06666666666667,0.07888106377466379,0.08,13,0.013333333333333336,0.011547005383792518,0.9989829570612969,0.0010170429387030833,5.2425,311.2745765019208,8.0
H,terminal_value_shifted,1644,0.04,0.01333333333333,-0.05333333333333,0.06798692684790053,0.08,13,0.013333333333333336,0.011547005383792518,0.9993051028339004,0.0006948971660996062,5.2425,311.2745765019208,8.0
H,terminal_value_shifted,1645,0.04,0.01333333333333,-0.04,0.05811865258054155,0.08,13,0.013333333333333336,0.011547005383792518,0.9995146066205796,0.00048539337942044014,5.2425,311.2745765019208,8.0
H,terminal_value_shifted,1646,0.04,0.01333333333333,-0.02666666666667,0.04988876515698678,0.08,13,0.013333333333333336,0.011547005383792518,0.9996121900096878,0.00038780999031218233,5.2425,311.2745765019208,8.0
H,terminal_value_shifted,1647,0.04,0.01333333333333,-0.01333333333333,0.044221663871403326,0.08,13,0.013333333333333336,0.011547005383792518,0.9995982755897354,0.0004017244102646478,5.2425,311.2745765019208,8.0
H,terminal_value_shifted,1648,0.04,0.01333333333333,0.0,0.04216370213557734,0.08,13,0.013333333333333336,0.011547005383792518,0.9994729811259275,0.0005270188740724713,5.2425,311.2745765019208,8.0
H,terminal_value_shifted,1649,0.04,0.01333333333333,0.01333333333333,0.044221663871403326,0.08,13,0.013333333333333336,0.011547005383792518,0.9992361169574334,0.0007638830425665821,5.2425,311.2745765019208,8.0
H,terminal_value_shifted,1650,0.04,0.01333333333333,0.02666666666667,0.04988876515698678,0.08,13,0.013333333333333336,0.011547005383792518,0.9988871866022233,0.0011128133977766907,5.2425,311.2745765019208,8.0
H,terminal_value_shifted,1651,0.04,0.01333333333333,0.04,0.05811865258054155,0.08,13,0.013333333333333336,0.011547005383792518,0.9984253905769214,0.0015746094230786323,5.2425,311.2745765019208,8.0
H,terminal_value_shifted,1652,0.04,0.01333333333333,0.05333333333333,0.06798692684790053,0.08,13,0.013333333333333336,0.011547005383792518,0.9978496334599317,0.0021503665400682825,5.2425,311.2745765019208,8.0
H,terminal_value_shifted,1653,0.04,0.01333333333333,0.06666666666667,0.07888106377466379,0.08,13,0.013333333333333336,0.011547005383792518,0.9971585342463747,0.0028414657536253163,5.2425,311.2745765019208,8.0
H,terminal_value_shifted,1654,0.04,0.02666666666667,-0.05333333333333,0.07180219742845882,0.08,13,0.013333333333333336,0.011547005383792518,0.9993434893699789,0.0006565106300211454,5.2425,311.2745765019208,8.0
H,terminal_value_shifted,1655,0.04,0.02666666666667,-0.04,0.06253887679764715,0.08,13,0.013333333333333336,0.011547005383792518,0.9995402949597627,0.0004597050402372904,5.2425,311.2745765019208,8.0
H,terminal_value_shifted,1656,0.04,0.02666666666667,-0.02666666666667,0.054974741674905375,0.08,13,0.013333333333333336,0.011547005383792518,0.999625644903884,0.00037435509611605244,5.2425,311.2745765019208,8.0
H,terminal_value_shifted,1657,0.04,0.02666666666667,-0.01333333333333,0.04988876515698678,0.08,13,0.013333333333333336,0.011547005383792518,0.9995995849475497,0.00040041505245025366,5.2425,311.2745765019208,8.0
H,terminal_value_shifted,1658,0.04,0.02666666666667,0.0,0.04807401700618837,0.08,13,0.013333333333333336,0.011547005383792518,0.9994618736080848,0.0005381263919151946,5.2425,311.2745765019208,8.0
H,terminal_value_shifted,1659,0.04,0.02666666666667,0.01333333333333,0.04988876515698678,0.08,13,0.013333333333333336,0.011547005383792518,0.9992119798150003,0.0007880201849996826,5.2425,311.2745765019208,8.0
H,terminal_value_shifted,1660,0.04,0.02666666666667,0.02666666666667,0.054974741674905375,0.08,13,0.013333333333333336,0.011547005383792518,0.9988490837511732,0.0011509162488267943,5.2425,311.2745765019208,8.0
H,terminal_value_shifted,1661,0.04,0.02666666666667,0.04,0.06253887679764715,0.08,13,0.013333333333333336,0.011547005383792518,0.9983720809222291,0.001627919077770934,5.2425,311.2745765019208,8.0
H,terminal_value_shifted,1662,0.04,0.02666666666667,0.05333333333333,0.07180219742845882,0.08,13,0.013333333333333336,0.011547005383792518,0.9977795894996755,0.00222041050032451,5.2425,311.2745765019208,8.0
H,terminal_value_shifted,1663,0.04,0.04,-0.05333333333333,0.07774602526460171,0.08,13,0.013333333333333336,0.011547005383792518,0.9993782052962141,0.0006217947037858718,5.2425,311.2745765019208,8.0
H,terminal_value_shifted,1664,0.04,0.04,-0.04,0.06928203230275509,0.08,13,0.013333333333333336,0.011547005383792518,0.9995601546275786,0.0004398453724213658,5.2425,311.2745765019208,8.0
H,terminal_value_shifted,1665,0.04,0.04,-0.02666666666667,0.06253887679764715,0.08,13,0.013333333333333336,0.011547005383792518,0.9996311013374706,0.0003688986625294266,5.2425,311.2745765019208,8.0
H,terminal_value_shifted,1666,0.04,0.04,-0.01333333333333,0.05811865258054155,0.08,13,0.013333333333333336,0.011547005383792518,0.9995907178924026,0.00040928210759738626,5.2425,311.2745765019208,8.0
H,terminal_value_shifted,1667,0.04,0.04,0.0,0.0565685424949238,0.08,13,0.013333333333333336,0.011547005383792518,0.9994384060259844,0.0005615939740155618,5.2425,311.2745765019208,8.0
H,terminal_value_shifted,1668,0.04,0.04,0.01333333333333,0.05811865258054155,0.08,13,0.013333333333333336,0.011547005383792518,0.9991732948033938,0.0008267051966062144,5.2425,311.2745765019208,8.0
H,terminal_value_shifted,1669,0.04,0.04,0.02666666666667,0.06253887679764715,0.08,13,0.013333333333333336,0.011547005383792518,0.9987942418829385,0.0012057581170614728,5.2425,311.2745765019208,8.0
H,terminal_value_shifted,1670,0.04,0.04,0.04,0.06928203230275509,0.08,13,0.013333333333333336,0.011547005383792518,0.9982998380196851,0.0017001619803148627,5.2425,311.2745765019208,8.0
H,terminal_value_shifted,1671,0.04,0.04,0.05333333333333,0.07774602526460171,0.08,13,0.013333333333333336,0.011547005383792518,0.9976884148722692,0.0023115851277307753,5.2425,311.2745765019208,8.0
H,terminal_value_shifted,1672,0.04,0.05333333333333,-0.04,0.07774602526460171,0.08,13,0.013333333333333336,0.011547005383792518,0.9995705068054078,0.0004294931945921787,5.2425,311.2745765019208,8.0
H,terminal_value_shifted,1673,0.04,0.05333333333333,-0.02666666666667,0.07180219742845882,0.08,13,0.013333333333333336,0.011547005383792518,0.9996246712838676,0.00037532871613243923,5.2425,311.2745765019208,8.0
H,terminal_value_shifted,1674,0.04,0.05333333333333,-0.01333333333333,0.06798692684790053,0.08,13,0.013333333333333336,0.011547005383792518,0.9995675905720867,0.00043240942791333836,5.2425,311.2745765019208,8.0
H,terminal_value_shifted,1675,0.04,0.05333333333333,0.0,0.066666666666664,0.08,13,0.013333333333333336,0.011547005383792518,0.9993983118724286,0.0006016881275714425,5.2425,311.2745765019208,8.0
H,terminal_value_shifted,1676,0.04,0.05333333333333,0.01333333333333,0.06798692684790053,0.08,13,0.013333333333333336,0.011547005383792518,0.999115625784276,0.0008843742157239598,5.2425,311.2745765019208,8.0
H,terminal_value_shifted,1677,0.04,0.05333333333333,0.02666666666667,0.07180219742845882,0.08,13,0.013333333333333336,0.011547005383792518,0.9987180681701227,0.0012819318298773474,5.2425,311.2745765019208,8.0
H,terminal_value_shifted,1678,0.04,0.05333333333333,0.04,0.07774602526460171,0.08,13,0.013333333333333336,0.011547005383792518,0.998203925277561,0.0017960747224390339,5.2425,311.2745765019208,8.0
H,terminal_value_shifted,1679,0.04,0.06666666666667,-0.01333333333333,0.07888106377466379,0.08,13,0.013333333333333336,0.011547005383792518,0.9995257187743158,0.00047428122568415887,5.2425,311.2745765019208,8.0
H,terminal_value_shifted,1680,0.04,0.06666666666667,0.0,0.07774602526460686,0.08,13,0.013333333333333336,0.011547005383792518,0.9993369248529607,0.0006630751470393381,5.2425,311.2745765019208,8.0
H,terminal_value_shifted,1681,0.04,0.06666666666667,0.01333333333333,0.07888106377466379,0.08,13,0.013333333333333336,0.011547005383792518,0.9990341366629812,0.0009658633370187575,5.2425,311.2745765019208,8.0
H,terminal_value_shifted,1682,0.04061384660534,-0.04873661592641,-0.04873661592641,0.07999999999999306,0.08,13,0.013333333333333336,0.011547005383792518,0.9992518803512074,0.0007481196487926223,5.2425,311.2745765019208,8.0
H,terminal_value_shifted,1683,0.04061384660534,-0.04873661592641,0.04873661592641,0.07999999999999306,0.08,13,0.013333333333333336,0.011547005383792518,0.9982109995949885,0.0017890004050115094,5.2425,311.2745765019208,8.0
H,terminal_value_shifted,1684,0.04061384660534,0.04873661592641,-0.04873661592641,0.07999999999999306,0.08,13,0.013333333333333336,0.011547005383792518,0.9994677458144747,0.0005322541855252716,5.2425,311.2745765019208,8.0
H,terminal_value_shifted,1685,0.04061384660534,0.04873661592641,0.04873661592641,0.07999999999999306,0.08,13,0.013333333333333336,0.011547005383792518,0.9978454616327976,0.0021545383672023632,5.2425,311.2745765019208,8.0
H,terminal_value_shifted,1686,0.04097180157853,-0.06145770236779,-0.0307288511839,0.08000000000000354,0.08,13,0.013333333333333336,0.011547005383792518,0.9994978313616104,0.0005021686383895885,5.2425,311.2745765019208,8.0
H,terminal_value_shifted,1687,0.04097180157853,-0.06145770236779,0.0307288511839,0.08000000000000354,0.08,13,0.013333333333333336,0.011547005383792518,0.9988528893944191,0.0011471106055809255,5.2425,311.2745765019208,8.0
H,terminal_value_shifted,1688,0.04097180157853,-0.0307288511839,-0.06145770236779,0.08000000000000354,0.08,13,0.013333333333333336,0.011547005383792518,0.9989822907857704,0.0010177092142296118,5.2425,311.2745765019208,8.0
H,terminal_value_shifted,1689,0.04097180157853,-0.0307288511839,0.06145770236779,0.08000000000000354,0.08,13,0.013333333333333336,0.011547005383792518,0.997610025804536,0.0023899741954640508,5.2425,311.2745765019208,8.0
H,terminal_value_shifted,1690,0.04097180157853,0.0307288511839,-0.06145770236779,0.08000000000000354,0.08,13,0.013333333333333336,0.011547005383792518,0.999179601040728,0.0008203989592719951,5.2425,311.2745765019208,8.0
H,terminal_value_shifted,1691,0.04097180157853,0.0307288511839,0.06145770236779,0.08000000000000354,0.08,13,0.013333333333333336,0.011547005383792518,0.9973353169111565,0.002664683088843489,5.2425,311.2745765019208,8.0
H,terminal_value_shifted,1692,0.04097180157853,0.06145770236779,-0.0307288511839,0.08000000000000354,0.08,13,0.013333333333333336,0.011547005383792518,0.9996119634355886,0.0003880365644114425,5.2425,311.2745765019208,8.0
H,terminal_value_shifted,1693,0.04097180157853,0.06145770236779,0.0307288511839,0.08000000000000354,0.08,13,0.013333333333333336,0.011547005383792518,0.9985132978893019,0.0014867021106981237,5.2425,311.2745765019208,8.0
H,terminal_value_shifted,1694,0.04238503542608,-0.0529812942826,-0.04238503542608,0.07999999999999735,0.08,13,0.013333333333333336,0.011547005383792518,0.999360853317462,0.0006391466825379499,5.2425,311.2745765019208,8.0
H,terminal_value_shifted,1695,0.04238503542608,-0.0529812942826,0.04238503542608,0.07999999999999735,0.08,13,0.013333333333333336,0.011547005383792518,0.9984723571494211,0.0015276428505789363,5.2425,311.2745765019208,8.0
H,terminal_value_shifted,1696,0.04238503542608,-0.04238503542608,-0.0529812942826,0.07999999999999735,0.08,13,0.013333333333333336,0.011547005383792518,0.9991690871840861,0.0008309128159138535,5.2425,311.2745765019208,8.0
H,terminal_value_shifted,1697,0.04238503542608,-0.04238503542608,0.0529812942826,0.07999999999999735,0.08,13,0.013333333333333336,0.011547005383792518,0.9980353429564959,0.0019646570435041255,5.2425,311.2745765019208,8.0
H,terminal_value_shifted,1698,0.04238503542608,0.04238503542608,-0.0529812942826,0.07999999999999735,0.08,13,0.013333333333333336,0.011547005383792518,0.9993846531430305,0.000615346856969512,5.2425,311.2745765019208,8.0
H,terminal_value_shifted,1699,0.04238503542608,0.04238503542608,0.0529812942826,0.07999999999999735,0.08,13,0.013333333333333336,0.011547005383792518,0.9976935352971625,0.002306464702837463,5.2425,311.2745765019208,8.0
H,terminal_value_shifted,1700,0.04238503542608,0.0529812942826,-0.04238503542608,0.07999999999999735,0.08,13,0.013333333333333336,0.011547005383792518,0.9995464075728744,0.0004535924271256153,5.2425,311.2745765019208,8.0
H,terminal_value_shifted,1701,0.04238503542608,0.0529812942826,0.04238503542608,0.07999999999999735,0.08,13,0.013333333333333336,0.011547005383792518,0.9981082565137817,0.0018917434862183446,5.2425,311.2745765019208,8.0
H,terminal_value_shifted,1702,0.04276179870599,-0.06414269805898,-0.02138089935299,0.07999999999999859,0.08,13,0.013333333333333336,0.011547005383792518,0.9995543060532727,0.0004456939467273324,5.2425,311.2745765019208,8.0
H,terminal_value_shifted,1703,0.04276179870599,-0.06414269805898,0.02138089935299,0.07999999999999859,0.08,13,0.013333333333333336,0.011547005383792518,0.9991115452834987,0.0008884547165013412,5.2425,311.2745765019208,8.0
H,terminal_value_shifted,1704,0.04276179870599,-0.02138089935299,-0.06414269805898,0.07999999999999859,0.08,13,0.013333333333333336,0.011547005383792518,0.9989259080435753,0.0010740919564247164,5.2425,311.2745765019208,8.0
H,terminal_value_shifted,1705,0.04276179870599,-0.02138089935299,0.06414269805898,0.07999999999999859,0.08,13,0.013333333333333336,0.011547005383792518,0.9974590946365468,0.002540905363453194,5.2425,311.2745765019208,8.0
H,terminal_value_shifted,1706,0.04276179870599,0.02138089935299,-0.06414269805898,0.07999999999999859,0.08,13,0.013333333333333336,0.011547005383792518,0.9990726906127421,0.0009273093872579352,5.2425,311.2745765019208,8.0
H,terminal_value_shifted,1707,0.04276179870599,0.02138089935299,0.06414269805898,0.07999999999999859,0.08,13,0.013333333333333336,0.011547005383792518,0.997258866389443,0.002741133610556945,5.2425,311.2745765019208,8.0
H,terminal_value_shifted,1708,0.04276179870599,0.06414269805898,-0.02138089935299,0.07999999999999859,0.08,13,0.013333333333333336,0.011547005383792518,0.9995942646689869,0.00040573533101306847,5.2425,311.2745765019208,8.0
H,terminal_value_shifted,1709,0.04276179870599,0.06414269805898,0.02138089935299,0.07999999999999859,0.08,13,0.013333333333333336,0.011547005383792518,0.9988215279933694,0.001178472006630571,5.2425,311.2745765019208,8.0
H,terminal_value_shifted,1710,0.04313310928138,-0.05175973113765,-0.04313310928138,0.0800000000000047,0.08,13,0.013333333333333336,0.011547005383792518,0.999349731976201,0.0006502680237989722,5.2425,311.2745765019208,8.0
H,terminal_value_shifted,1711,0.04313310928138,-0.05175973113765,0.04313310928138,0.0800000000000047,0.08,13,0.013333333333333336,0.011547005383792518,0.9984484183296973,0.0015515816703026708,5.2425,311.2745765019208,8.0
H,terminal_value_shifted,1712,0.04313310928138,-0.04313310928138,-0.05175973113765,0.0800000000000047,0.08,13,0.013333333333333336,0.011547005383792518,0.9991941572947806,0.0008058427052194395,5.2425,311.2745765019208,8.0
H,terminal_value_shifted,1713,0.04313310928138,-0.04313310928138,0.05175973113765,0.0800000000000047,0.08,13,0.013333333333333336,0.011547005383792518,0.9980938604240683,0.0019061395759316646,5.2425,311.2745765019208,8.0
H,terminal_value_shifted,1714,0.04313310928138,0.04313310928138,-0.05175973113765,0.0800000000000047,0.08,13,0.013333333333333336,0.011547005383792518,0.9994056068723838,0.0005943931276162218,5.2425,311.2745765019208,8.0
H,terminal_value_shifted,1715,0.04313310928138,0.04313310928138,0.05175973113765,0.0800000000000047,0.08,13,0.013333333333333336,0.011547005383792518,0.9977502833186649,0.002249716681335112,5.2425,311.2745765019208,8.0
H,terminal_value_shifted,1716,0.04313310928138,0.05175973113765,-0.04313310928138,0.0800000000000047,0.08,13,0.013333333333333336,0.011547005383792518,0.9995368679463572,0.00046313205364278964,5.2425,311.2745765019208,8.0
H,terminal_value_shifted,1717,0.04313310928138,0.05175973113765,0.04313310928138,0.0800000000000047,0.08,13,0.013333333333333336,0.011547005383792518,0.9980867260765579,0.0019132739234420937,5.2425,311.2745765019208,8.0
H,terminal_value_shifted,1718,0.04395538046358,-0.06593307069537,-0.0109888451159,0.0799999999999998,0.08,13,0.013333333333333336,0.011547005383792518,0.9995544806951807,0.00044551930481928625,5.2425,311.2745765019208,8.0
H,terminal_value_shifted,1719,0.04395538046358,-0.06593307069537,0.0109888451159,0.0799999999999998,0.08,13,0.013333333333333336,0.011547005383792518,0.9993288771070381,0.0006711228929618951,5.2425,311.2745765019208,8.0
H,terminal_value_shifted,1720,0.04395538046358,-0.0109888451159,-0.06593307069537,0.0799999999999998,0.08,13,0.013333333333333336,0.011547005383792518,0.9989011527579643,0.0010988472420356832,5.2425,311.2745765019208,8.0
H,terminal_value_shifted,1721,0.04395538046358,-0.0109888451159,0.06593307069537,0.0799999999999998,0.08,13,0.013333333333333336,0.011547005383792518,0.9973342379831638,0.002665762016836215,5.2425,311.2745765019208,8.0
H,terminal_value_shifted,1722,0.04395538046358,0.0109888451159,-0.06593307069537,0.0799999999999998,0.08,13,0.013333333333333336,0.011547005383792518,0.9989798644909145,0.001020135509085529,5.2425,311.2745765019208,8.0
H,terminal_value_shifted,1723,0.04395538046358,0.0109888451159,0.06593307069537,0.0799999999999998,0.08,13,0.013333333333333336,0.011547005383792518,0.9972281100824659,0.002771889917534076,5.2425,311.2745765019208,8.0
H,terminal_value_shifted,1724,0.04395538046358,0.06593307069537,-0.0109888451159,0.0799999999999998,0.08,13,0.013333333333333336,0.011547005383792518,0.9995083592037233,0.0004916407962767266,5.2425,311.2745765019208,8.0
H,terminal_value_shifted,1725,0.04395538046358,0.06593307069537,0.0109888451159,0.0799999999999998,0.08,13,0.013333333333333336,0.011547005383792518,0.9991082682184138,0.0008917317815861914,5.2425,311.2745765019208,8.0
H,terminal_value_shifted,1726,0.04437601569802,-0.06656402354703,0.0,0.08000000000000301,0.08,13,0.013333333333333336,0.011547005383792518,0.9994807054569113,0.0005192945430887441,5.2425,311.2745765019208,8.0
H,terminal_value_shifted,1727,0.04437601569802,0.0,-0.06656402354703,0.08000000000000301,0.08,13,0.013333333333333336,0.011547005383792518,0.9989189534047633,0.0010810465952366677,5.2425,311.2745765019208,8.0
H,terminal_value_shifted,1728,0.04437601569802,0.0,0.06656402354703,0.08000000000000301,0.08,13,0.013333333333333336,0.011547005383792518,0.9972533740092465,0.002746625990753482,5.2425,311.2745765019208,8.0
H,terminal_value_shifted,1729,0.04437601569802,0.06656402354703,0.0,0.08000000000000301,0.08,13,0.013333333333333336,0.011547005383792518,0.9993443809658977,0.0006556190341022727,5.2425,311.2745765019208,8.0
H,terminal_value_shifted,1730,0.04525483399594,-0.05656854249492,-0.03394112549695,0.07999999999999603,0.08,13,0.013333333333333336,0.011547005383792518,0.9994734586555734,0.0005265413444266454,5.2425,311.2745765019208,8.0
H,terminal_value_shifted,1731,0.04525483399594,-0.05656854249492,0.03394112549695,0.07999999999999603,0.08,13,0.013333333333333336,0.011547005383792518,0.9987788779333568,0.0012211220666431544,5.2425,311.2745765019208,8.0
H,terminal_value_shifted,1732,0.04525483399594,-0.03394112549695,-0.05656854249492,0.07999999999999603,0.08,13,0.013333333333333336,0.011547005383792518,0.9990937949357608,0.0009062050642392183,5.2425,311.2745765019208,8.0
H,terminal_value_shifted,1733,0.04525483399594,-0.03394112549695,0.05656854249492,0.07999999999999603,0.08,13,0.013333333333333336,0.011547005383792518,0.9978761584451794,0.0021238415548205936,5.2425,311.2745765019208,8.0
H,terminal_value_shifted,1734,0.04525483399594,0.03394112549695,-0.05656854249492,0.07999999999999603,0.08,13,0.013333333333333336,0.011547005383792518,0.9992857552545811,0.0007142447454189238,5.2425,311.2745765019208,8.0
H,terminal_value_shifted,1735,0.04525483399594,0.03394112549695,0.05656854249492,0.07999999999999603,0.08,13,0.013333333333333336,0.011547005383792518,0.9975828624778805,0.0024171375221194724,5.2425,311.2745765019208,8.0
H,terminal_value_shifted,1736,0.04525483399594,0.05656854249492,-0.03394112549695,0.07999999999999603,0.08,13,0.013333333333333336,0.011547005383792518,0.999604754401092,0.0003952455989080228,5.2425,311.2745765019208,8.0
H,terminal_value_shifted,1737,0.04525483399594,0.05656854249492,0.03394112549695,0.07999999999999603,0.08,13,0.013333333333333336,0.011547005383792518,0.9984381432990518,0.0015618567009482165,5.2425,311.2745765019208,8.0
H,terminal_value_shifted,1738,0.04558423058386,-0.05470107670063,-0.03646738446708,0.08000000000000344,0.08,13,0.013333333333333336,0.011547005383792518,0.9994449161966924,0.0005550838033075989,5.2425,311.2745765019208,8.0
H,terminal_value_shifted,1739,0.04558423058386,-0.05470107670063,0.03646738446708,0.08000000000000344,0.08,13,0.013333333333333336,0.011547005383792518,0.9986985900475011,0.0013014099524989442,5.2425,311.2745765019208,8.0
H,terminal_value_shifted,1740,0.04558423058386,-0.03646738446708,-0.05470107670063,0.08000000000000344,0.08,13,0.013333333333333336,0.011547005383792518,0.9991339223608028,0.0008660776391972158,5.2425,311.2745765019208,8.0
H,terminal_value_shifted,1741,0.04558423058386,-0.03646738446708,0.05470107670063,0.08000000000000344,0.08,13,0.013333333333333336,0.011547005383792518,0.9979681585911919,0.002031841408808077,5.2425,311.2745765019208,8.0
H,terminal_value_shifted,1742,0.04558423058386,0.03646738446708,-0.05470107670063,0.08000000000000344,0.08,13,0.013333333333333336,0.011547005383792518,0.9993295947839851,0.0006704052160149132,5.2425,311.2745765019208,8.0
H,terminal_value_shifted,1743,0.04558423058386,0.03646738446708,0.05470107670063,0.08000000000000344,0.08,13,0.013333333333333336,0.011547005383792518,0.9976603110363415,0.0023396889636585483,5.2425,311.2745765019208,8.0
H,terminal_value_shifted,1744,0.04558423058386,0.05470107670063,-0.03646738446708,0.08000000000000344,0.08,13,0.013333333333333336,0.011547005383792518,0.9995912582775731,0.00040874172242688633,5.2425,311.2745765019208,8.0
H,terminal_value_shifted,1745,0.04558423058386,0.05470107670063,0.03646738446708,0.08000000000000344,0.08,13,0.013333333333333336,0.011547005383792518,0.9983525511926761,0.0016474488073239257,5.2425,311.2745765019208,8.0
H,terminal_value_shifted,1746,0.04618802153517,-0.04618802153517,-0.04618802153517,0.0799999999999999,0.08,13,0.013333333333333336,0.011547005383792518,0.9993000673464625,0.0006999326535375161,5.2425,311.2745765019208,8.0
H,terminal_value_shifted,1747,0.04618802153517,-0.04618802153517,0.04618802153517,0.0799999999999999,0.08,13,0.013333333333333336,0.011547005383792518,0.998344281689971,0.0016557183100289752,5.2425,311.2745765019208,8.0
H,terminal_value_shifted,1748,0.04618802153517,0.04618802153517,-0.04618802153517,0.0799999999999999,0.08,13,0.013333333333333336,0.011547005383792518,0.9994884833905371,0.0005115166094629142,5.2425,311.2745765019208,8.0
H,terminal_value_shifted,1749,0.04618802153517,0.04618802153517,0.04618802153517,0.0799999999999999,0.08,13,0.013333333333333336,0.011547005383792518,0.9979988721415946,0.0020011278584054493,5.2425,311.2745765019208,8.0
H,terminal_value_shifted,1750,0.04770278352,-0.05962847939999,-0.02385139176,0.08000000000000007,0.08,13,0.013333333333333336,0.011547005383792518,0.9995548506809571,0.00044514931904293675,5.2425,311.2745765019208,8.0
H,terminal_value_shifted,1751,0.04770278352,-0.05962847939999,0.02385139176,0.08000000000000007,0.08,13,0.013333333333333336,0.011547005383792518,0.9990763741254166,0.0009236258745833892,5.2425,311.2745765019208,8.0
H,terminal_value_shifted,1752,0.04770278352,-0.02385139176,-0.05962847939999,0.08000000000000006,0.08,13,0.013333333333333336,0.011547005383792518,0.9990307552611136,0.0009692447388863767,5.2425,311.2745765019208,8.0
H,terminal_value_shifted,1753,0.04770278352,-0.02385139176,0.05962847939999,0.08000000000000006,0.08,13,0.013333333333333336,0.011547005383792518,0.9977184702897557,0.002281529710244312,5.2425,311.2745765019208,8.0
H,terminal_value_shifted,1754,0.04770278352,0.02385139176,-0.05962847939999,0.08000000000000006,0.08,13,0.013333333333333336,0.011547005383792518,0.9991772893325569,0.0008227106674431051,5.2425,311.2745765019208,8.0
H,terminal_value_shifted,1755,0.04770278352,0.02385139176,0.05962847939999,0.08000000000000006,0.08,13,0.013333333333333336,0.011547005383792518,0.9974999350429361,0.0025000649570638966,5.2425,311.2745765019208,8.0
H,terminal_value_shifted,1756,0.04770278352,0.05962847939999,-0.02385139176,0.08000000000000007,0.08,13,0.013333333333333336,0.011547005383792518,0.9996119927066986,0.0003880072933013512,5.2425,311.2745765019208,8.0
H,terminal_value_shifted,1757,0.04770278352,0.05962847939999,0.02385139176,0.08000000000000007,0.08,13,0.013333333333333336,0.011547005383792518,0.9987825947067583,0.001217405293241658,5.2425,311.2745765019208,8.0
H,terminal_value_shifted,1758,0.04780914437338,-0.05737097324805,-0.02868548662403,0.08000000000000353,0.08,13,0.013333333333333336,0.011547005383792518,0.9995247894160245,0.00047521058397548277,5.2425,311.2745765019208,8.0
H,terminal_value_shifted,1759,0.04780914437338,-0.05737097324805,0.02868548662403,0.08000000000000353,0.08,13,0.013333333333333336,0.011547005383792518,0.9989484825513031,0.0010515174486969148,5.2425,311.2745765019208,8.0
H,terminal_value_shifted,1760,0.04780914437338,-0.02868548662403,-0.05737097324805,0.08000000000000353,0.08,13,0.013333333333333336,0.011547005383792518,0.9990783919796304,0.0009216080203695576,5.2425,311.2745765019208,8.0
H,terminal_value_shifted,1761,0.04780914437338,-0.02868548662403,0.05737097324805,0.08000000000000353,0.08,13,0.013333333333333336,0.011547005383792518,0.9978400732105304,0.002159926789469635,5.2425,311.2745765019208,8.0
H,terminal_value_shifted,1762,0.04780914437338,0.02868548662403,-0.05737097324805,0.08000000000000353,0.08,13,0.013333333333333336,0.011547005383792518,0.9992444065302031,0.0007555934697969224,5.2425,311.2745765019208,8.0
H,terminal_value_shifted,1763,0.04780914437338,0.02868548662403,0.05737097324805,0.08000000000000353,0.08,13,0.013333333333333336,0.011547005383792518,0.9975848842710211,0.0024151157289789005,5.2425,311.2745765019208,8.0
H,terminal_value_shifted,1764,0.04780914437338,0.05737097324805,-0.02868548662403,0.08000000000000353,0.08,13,0.013333333333333336,0.011547005383792518,0.9996170323584253,0.0003829676415747496,5.2425,311.2745765019208,8.0
H,terminal_value_shifted,1765,0.04780914437338,0.05737097324805,0.02868548662403,0.08000000000000353,0.08,13,0.013333333333333336,0.011547005383792518,0.998633047449333,0.0013669525506669888,5.2425,311.2745765019208,8.0
H,terminal_value_shifted,1766,0.04873661592641,-0.04873661592641,-0.04061384660534,0.07999999999999306,0.08,13,0.013333333333333336,0.011547005383792518,0.9993909632717944,0.0006090367282055587,5.2425,311.2745765019208,8.0
H,terminal_value_shifted,1767,0.04873661592641,-0.04873661592641,0.04061384660534,0.07999999999999306,0.08,13,0.013333333333333336,0.011547005383792518,0.9985690387708652,0.001430961229134775,5.2425,311.2745765019208,8.0
H,terminal_value_shifted,1768,0.04873661592641,-0.04061384660534,-0.04873661592641,0.07999999999999306,0.08,13,0.013333333333333336,0.011547005383792518,0.9992541556741855,0.000745844325814482,5.2425,311.2745765019208,8.0
H,terminal_value_shifted,1769,0.04873661592641,-0.04061384660534,0.04873661592641,0.07999999999999306,0.08,13,0.013333333333333336,0.011547005383792518,0.9982482888935988,0.0017517111064011548,5.2425,311.2745765019208,8.0
H,terminal_value_shifted,1770,0.04873661592641,0.04061384660534,-0.04873661592641,0.07999999999999306,0.08,13,0.013333333333333336,0.011547005383792518,0.999435552747219,0.0005644472527810418,5.2425,311.2745765019208,8.0
H,terminal_value_shifted,1771,0.04873661592641,0.04061384660534,0.04873661592641,0.07999999999999306,0.08,13,0.013333333333333336,0.011547005383792518,0.9979269597730951,0.0020730402269049097,5.2425,311.2745765019208,8.0
H,terminal_value_shifted,1772,0.04873661592641,0.04873661592641,-0.04061384660534,0.07999999999999306,0.08,13,0.013333333333333336,0.011547005383792518,0.9995505982797852,0.00044940172021479263,5.2425,311.2745765019208,8.0
H,terminal_value_shifted,1773,0.04873661592641,0.04873661592641,0.04061384660534,0.07999999999999306,0.08,13,0.013333333333333336,0.011547005383792518,0.9982307123982649,0.0017692876017351145,5.2425,311.2745765019208,8.0
H,terminal_value_shifted,1774,0.04923659639173,-0.04923659639173,-0.03938927711339,0.07999999999999793,0.08,13,0.013333333333333336,0.011547005383792518,0.9994087836271687,0.0005912163728313269,5.2425,311.2745765019208,8.0
H,terminal_value_shifted,1775,0.04923659639173,-0.04923659639173,0.03938927711339,0.07999999999999793,0.08,13,0.013333333333333336,0.011547005383792518,0.9986150998151604,0.0013849001848396103,5.2425,311.2745765019208,8.0
H,terminal_value_shifted,1776,0.04923659639173,-0.03938927711339,-0.04923659639173,0.07999999999999793,0.08,13,0.013333333333333336,0.011547005383792518,0.9992447821039959,0.000755217896004079,5.2425,311.2745765019208,8.0
H,terminal_value_shifted,1777,0.04923659639173,-0.03938927711339,0.04923659639173,0.07999999999999793,0.08,13,0.013333333333333336,0.011547005383792518,0.9982282936321609,0.0017717063678390765,5.2425,311.2745765019208,8.0
H,terminal_value_shifted,1778,0.04923659639173,0.03938927711339,-0.04923659639173,0.07999999999999793,0.08,13,0.013333333333333336,0.011547005383792518,0.9994236937596941,0.0005763062403059127,5.2425,311.2745765019208,8.0
H,terminal_value_shifted,1779,0.04923659639173,0.03938927711339,0.04923659639173,0.07999999999999793,0.08,13,0.013333333333333336,0.011547005383792518,0.9979131928601733,0.002086807139826674,5.2425,311.2745765019208,8.0
H,terminal_value_shifted,1780,0.04923659639173,0.04923659639173,-0.03938927711339,0.07999999999999793,0.08,13,0.013333333333333336,0.011547005383792518,0.9995614671015741,0.0004385328984258807,5.2425,311.2745765019208,8.0
H,terminal_value_shifted,1781,0.04923659639173,0.04923659639173,0.03938927711339,0.07999999999999793,0.08,13,0.013333333333333336,0.011547005383792518,0.9982793732140164,0.0017206267859836144,5.2425,311.2745765019208,8.0
H,terminal_value_shifted,1782,0.04937707198787,-0.06172133998484,-0.01234426799697,0.08000000000000328,0.08,13,0.013333333333333336,0.011547005383792518,0.9995730017958887,0.0004269982041112952,5.2425,311.2745765019208,8.0
H,terminal_value_shifted,1783,0.04937707198787,-0.06172133998484,0.01234426799697,0.08000000000000328,0.08,13,0.013333333333333336,0.011547005383792518,0.9993286314351603,0.0006713685648397361,5.2425,311.2745765019208,8.0
H,terminal_value_shifted,1784,0.04937707198787,-0.01234426799697,-0.06172133998484,0.08000000000000326,0.08,13,0.013333333333333336,0.011547005383792518,0.9989992209400501,0.0010007790599498856,5.2425,311.2745765019208,8.0
H,terminal_value_shifted,1785,0.04937707198787,-0.01234426799697,0.06172133998484,0.08000000000000326,0.08,13,0.013333333333333336,0.011547005383792518,0.997583021219631,0.00241697878036895,5.2425,311.2745765019208,8.0
H,terminal_value_shifted,1786,0.04937707198787,0.01234426799697,-0.06172133998484,0.08000000000000326,0.08,13,0.013333333333333336,0.011547005383792518,0.999079177777595,0.0009208222224049711,5.2425,311.2745765019208,8.0
H,terminal_value_shifted,1787,0.04937707198787,0.01234426799697,0.06172133998484,0.08000000000000326,0.08,13,0.013333333333333336,0.011547005383792518,0.9974653138953884,0.0025346861046116054,5.2425,311.2745765019208,8.0
H,terminal_value_shifted,1788,0.04937707198787,0.06172133998484,-0.01234426799697,0.08000000000000328,0.08,13,0.013333333333333336,0.011547005383792518,0.9995394259374681,0.00046057406253185995,5.2425,311.2745765019208,8.0
H,terminal_value_shifted,1789,0.04937707198787,0.06172133998484,0.01234426799697,0.08000000000000328,0.08,13,0.013333333333333336,0.011547005383792518,0.999106608864836,0.0008933911351639567,5.2425,311.2745765019208,8.0
H,terminal_value_shifted,1790,0.04961389383568,-0.05953667260282,-0.01984555753427,0.07999999999999703,0.08,13,0.013333333333333336,0.011547005383792518,0.9995724906272833,0.00042750937271673894,5.2425,311.2745765019208,8.0
H,terminal_value_shifted,1791,0.04961389383568,-0.05953667260282,0.01984555753427,0.07999999999999703,0.08,13,0.013333333333333336,0.011547005383792518,0.9991795988773909,0.0008204011226090602,5.2425,311.2745765019208,8.0
H,terminal_value_shifted,1792,0.04961389383568,-0.01984555753427,-0.05953667260282,0.07999999999999703,0.08,13,0.013333333333333336,0.011547005383792518,0.9990374663422595,0.0009625336577404608,5.2425,311.2745765019208,8.0
H,terminal_value_shifted,1793,0.04961389383568,-0.01984555753427,0.05953667260282,0.07999999999999703,0.08,13,0.013333333333333336,0.011547005383792518,0.9977193423917929,0.0022806576082070595,5.2425,311.2745765019208,8.0
H,terminal_value_shifted,1794,0.04961389383568,0.01984555753427,-0.05953667260282,0.07999999999999703,0.08,13,0.013333333333333336,0.011547005383792518,0.9991591030359137,0.0008408969640862907,5.2425,311.2745765019208,8.0
H,terminal_value_shifted,1795,0.04961389383568,0.01984555753427,0.05953667260282,0.07999999999999703,0.08,13,0.013333333333333336,0.011547005383792518,0.9975351486206173,0.002464851379382682,5.2425,311.2745765019208,8.0
H,terminal_value_shifted,1796,0.04961389383568,0.05953667260282,-0.01984555753427,0.07999999999999703,0.08,13,0.013333333333333336,0.011547005383792518,0.9995979309103662,0.0004020690896338053,5.2425,311.2745765019208,8.0
H,terminal_value_shifted,1797,0.04961389383568,0.05953667260282,0.01984555753427,0.07999999999999703,0.08,13,0.013333333333333336,0.011547005383792518,0.9989115117008596,0.0010884882991404332,5.2425,311.2745765019208,8.0
H,terminal_value_shifted,1798,0.04997560380435,-0.06246950475544,0.0,0.07999999999999564,0.08,13,0.013333333333333336,0.011547005383792518,0.9995002553845433,0.0004997446154566543,5.2425,311.2745765019208,8.0
H,terminal_value_shifted,1799,0.04997560380435,-0.04997560380435,-0.03748170285327,0.0799999999999972,0.08,13,0.013333333333333336,0.011547005383792518,0.9994349487670853,0.0005650512329147261,5.2425,311.2745765019208,8.0
H,terminal_value_shifted,1800,0.04997560380435,-0.04997560380435,0.03748170285327,0.0799999999999972,0.08,13,0.013333333333333336,0.011547005383792518,0.9986845295666946,0.0013154704333053768,5.2425,311.2745765019208,8.0
H,terminal_value_shifted,1801,0.04997560380435,-0.03748170285327,-0.04997560380435,0.0799999999999972,0.08,13,0.013333333333333336,0.011547005383792518,0.999230770339373,0.00076922966062698,5.2425,311.2745765019208,8.0
H,terminal_value_shifted,1802,0.04997560380435,-0.03748170285327,0.04997560380435,0.0799999999999972,0.08,13,0.013333333333333336,0.011547005383792518,0.9981979322309281,0.00180206776907188,5.2425,311.2745765019208,8.0
H,terminal_value_shifted,1803,0.04997560380435,0.0,-0.06246950475544,0.07999999999999564,0.08,13,0.013333333333333336,0.011547005383792518,0.9990147976109982,0.0009852023890017936,5.2425,311.2745765019208,8.0
H,terminal_value_shifted,1804,0.04997560380435,0.0,0.06246950475544,0.07999999999999564,0.08,13,0.013333333333333336,0.011547005383792518,0.9974932291331287,0.002506770866871344,5.2425,311.2745765019208,8.0
H,terminal_value_shifted,1805,0.04997560380435,0.03748170285327,-0.04997560380435,0.0799999999999972,0.08,13,0.013333333333333336,0.011547005383792518,0.9994052078714578,0.0005947921285421875,5.2425,311.2745765019208,8.0
H,terminal_value_shifted,1806,0.04997560380435,0.03748170285327,0.04997560380435,0.0799999999999972,0.08,13,0.013333333333333336,0.011547005383792518,0.997893158494197,0.002106841505802981,5.2425,311.2745765019208,8.0
H,terminal_value_shifted,1807,0.04997560380435,0.04997560380435,-0.03748170285327,0.0799999999999972,0.08,13,0.013333333333333336,0.011547005383792518,0.9995764122452461,0.00042358775475392907,5.2425,311.2745765019208,8.0
H,terminal_value_shifted,1808,0.04997560380435,0.04997560380435,0.03748170285327,0.0799999999999972,0.08,13,0.013333333333333336,0.011547005383792518,0.9983535359888037,0.0016464640111962803,5.2425,311.2745765019208,8.0
H,terminal_value_shifted,1809,0.04997560380435,0.06246950475544,0.0,0.07999999999999564,0.08,13,0.013333333333333336,0.011547005383792518,0.9993690378168095,0.0006309621831904755,5.2425,311.2745765019208,8.0
H,terminal_value_shifted,1810,0.05080005080008,-0.06096006096009,-0.01016001016002,0.08000000000000192,0.08,13,0.013333333333333336,0.011547005383792518,0.9995700412218591,0.0004299587781408931,5.2425,311.2745765019208,8.0
H,terminal_value_shifted,1811,0.05080005080008,-0.06096006096009,0.01016001016002,0.08000000000000192,0.08,13,0.013333333333333336,0.011547005383792518,0.9993708000120507,0.0006291999879493027,5.2425,311.2745765019208,8.0
H,terminal_value_shifted,1812,0.05080005080008,-0.01016001016002,-0.06096006096009,0.08000000000000192,0.08,13,0.013333333333333336,0.011547005383792518,0.9990215498627444,0.0009784501372556154,5.2425,311.2745765019208,8.0
H,terminal_value_shifted,1813,0.05080005080008,-0.01016001016002,0.06096006096009,0.08000000000000192,0.08,13,0.013333333333333336,0.011547005383792518,0.99761839846096,0.0023816015390399903,5.2425,311.2745765019208,8.0
H,terminal_value_shifted,1814,0.05080005080008,0.01016001016002,-0.06096006096009,0.08000000000000192,0.08,13,0.013333333333333336,0.011547005383792518,0.9990860984201393,0.0009139015798607097,5.2425,311.2745765019208,8.0
H,terminal_value_shifted,1815,0.05080005080008,0.01016001016002,0.06096006096009,0.08000000000000192,0.08,13,0.013333333333333336,0.011547005383792518,0.9975214395247815,0.0024785604752185497,5.2425,311.2745765019208,8.0
H,terminal_value_shifted,1816,0.05080005080008,0.06096006096009,-0.01016001016002,0.08000000000000192,0.08,13,0.013333333333333336,0.011547005383792518,0.9995193171465808,0.0004806828534191787,5.2425,311.2745765019208,8.0
H,terminal_value_shifted,1817,0.05080005080008,0.06096006096009,0.01016001016002,0.08000000000000192,0.08,13,0.013333333333333336,0.011547005383792518,0.9991659272321742,0.0008340727678257664,5.2425,311.2745765019208,8.0
H,terminal_value_shifted,1818,0.05116817192535,-0.05116817192535,-0.0341121146169,0.08000000000000547,0.08,13,0.013333333333333336,0.011547005383792518,0.9994763220849961,0.0005236779150038506,5.2425,311.2745765019208,8.0
H,terminal_value_shifted,1819,0.05116817192535,-0.05116817192535,0.0341121146169,0.08000000000000547,0.08,13,0.013333333333333336,0.011547005383792518,0.9988003707486444,0.0011996292513556384,5.2425,311.2745765019208,8.0
H,terminal_value_shifted,1820,0.05116817192535,-0.0341121146169,-0.05116817192535,0.08000000000000547,0.08,13,0.013333333333333336,0.011547005383792518,0.9992079142142755,0.0007920857857245389,5.2425,311.2745765019208,8.0
H,terminal_value_shifted,1821,0.05116817192535,-0.0341121146169,0.05116817192535,0.08000000000000547,0.08,13,0.013333333333333336,0.011547005383792518,0.9981466514754841,0.0018533485245159076,5.2425,311.2745765019208,8.0
H,terminal_value_shifted,1822,0.05116817192535,0.0341121146169,-0.05116817192535,0.08000000000000547,0.08,13,0.013333333333333336,0.011547005383792518,0.999372805124482,0.000627194875517989,5.2425,311.2745765019208,8.0
H,terminal_value_shifted,1823,0.05116817192535,0.0341121146169,0.05116817192535,0.08000000000000547,0.08,13,0.013333333333333336,0.011547005383792518,0.9978618762286839,0.0021381237713160584,5.2425,311.2745765019208,8.0
H,terminal_value_shifted,1824,0.05116817192535,0.05116817192535,-0.0341121146169,0.08000000000000547,0.08,13,0.013333333333333336,0.011547005383792518,0.9995969206814548,0.0004030793185452186,5.2425,311.2745765019208,8.0
H,terminal_value_shifted,1825,0.05116817192535,0.05116817192535,0.0341121146169,0.08000000000000547,0.08,13,0.013333333333333336,0.011547005383792518,0.9984796397152554,0.0015203602847445596,5.2425,311.2745765019208,8.0
H,terminal_value_shifted,1826,0.05121475197316,-0.06145770236779,0.0,0.08000000000000099,0.08,13,0.013333333333333336,0.011547005383792518,0.9995039291941222,0.0004960708058777685,5.2425,311.2745765019208,8.0
H,terminal_value_shifted,1827,0.05121475197316,0.0,-0.06145770236779,0.08000000000000099,0.08,13,0.013333333333333336,0.011547005383792518,0.9990377188131303,0.0009622811868696957,5.2425,311.2745765019208,8.0
H,terminal_value_shifted,1828,0.05121475197316,0.0,0.06145770236779,0.08000000000000099,0.08,13,0.013333333333333336,0.011547005383792518,0.9975496328074982,0.002450367192501801,5.2425,311.2745765019208,8.0
H,terminal_value_shifted,1829,0.05121475197316,0.06145770236779,0.0,0.08000000000000099,0.08,13,0.013333333333333336,0.011547005383792518,0.9993738535338258,0.0006261464661742044,5.2425,311.2745765019208,8.0
H,terminal_value_shifted,1830,0.05175973113765,-0.04313310928138,-0.04313310928138,0.0800000000000047,0.08,13,0.013333333333333336,0.011547005383792518,0.999352671207172,0.000647328792828028,5.2425,311.2745765019208,8.0
H,terminal_value_shifted,1831,0.05175973113765,-0.04313310928138,0.04313310928138,0.0800000000000047,0.08,13,0.013333333333333336,0.011547005383792518,0.998485679517874,0.0015143204821259637,5.2425,311.2745765019208,8.0
H,terminal_value_shifted,1832,0.05175973113765,0.04313310928138,-0.04313310928138,0.0800000000000047,0.08,13,0.013333333333333336,0.011547005383792518,0.9995097542648387,0.000490245735161321,5.2425,311.2745765019208,8.0
H,terminal_value_shifted,1833,0.05175973113765,0.04313310928138,0.04313310928138,0.0800000000000047,0.08,13,0.013333333333333336,0.011547005383792518,0.9981667776838182,0.0018332223161817707,5.2425,311.2745765019208,8.0
H,terminal_value_shifted,1834,0.05207556439233,-0.05207556439233,-0.0312453386354,0.08000000000000147,0.08,13,0.013333333333333336,0.011547005383792518,0.9995065376136523,0.0004934623863477317,5.2425,311.2745765019208,8.0
H,terminal_value_shifted,1835,0.05207556439233,-0.05207556439233,0.0312453386354,0.08000000000000147,0.08,13,0.013333333333333336,0.011547005383792518,0.9988922111824966,0.0011077888175033967,5.2425,311.2745765019208,8.0
H,terminal_value_shifted,1836,0.05207556439233,-0.0312453386354,-0.05207556439233,0.08000000000000147,0.08,13,0.013333333333333336,0.011547005383792518,0.9991905209375042,0.0008094790624958437,5.2425,311.2745765019208,8.0
H,terminal_value_shifted,1837,0.05207556439233,-0.0312453386354,0.05207556439233,0.08000000000000147,0.08,13,0.013333333333333336,0.011547005383792518,0.9981054046817709,0.0018945953182291086,5.2425,311.2745765019208,8.0
H,terminal_value_shifted,1838,0.05207556439233,0.0312453386354,-0.05207556439233,0.08000000000000147,0.08,13,0.013333333333333336,0.011547005383792518,0.999345812405846,0.000654187594154032,5.2425,311.2745765019208,8.0
H,terminal_value_shifted,1839,0.05207556439233,0.0312453386354,0.05207556439233,0.08000000000000147,0.08,13,0.013333333333333336,0.011547005383792518,0.9978392824876205,0.002160717512379451,5.2425,311.2745765019208,8.0
H,terminal_value_shifted,1840,0.05207556439233,0.05207556439233,-0.0312453386354,0.08000000000000147,0.08,13,0.013333333333333336,0.011547005383792518,0.9996084722121604,0.000391527787839574,5.2425,311.2745765019208,8.0
H,terminal_value_shifted,1841,0.05207556439233,0.05207556439233,0.0312453386354,0.08000000000000147,0.08,13,0.013333333333333336,0.011547005383792518,0.9985819697640446,0.0014180302359554364,5.2425,311.2745765019208,8.0
H,terminal_value_shifted,1842,0.0529812942826,-0.04238503542608,-0.04238503542608,0.07999999999999735,0.08,13,0.013333333333333336,0.011547005383792518,0.9993647407395226,0.000635259260477361,5.2425,311.2745765019208,8.0
H,terminal_value_shifted,1843,0.0529812942826,-0.04238503542608,0.04238503542608,0.07999999999999735,0.08,13,0.013333333333333336,0.011547005383792518,0.998517814309664,0.0014821856903359798,5.2425,311.2745765019208,8.0
H,terminal_value_shifted,1844,0.0529812942826,0.04238503542608,-0.04238503542608,0.07999999999999735,0.08,13,0.013333333333333336,0.011547005383792518,0.99951440770013,0.00048559229986999686,5.2425,311.2745765019208,8.0
H,terminal_value_shifted,1845,0.0529812942826,0.04238503542608,0.04238503542608,0.07999999999999735,0.08,13,0.013333333333333336,0.011547005383792518,0.9982056203833246,0.00179437961667539,5.2425,311.2745765019208,8.0
H,terminal_value_shifted,1846,0.05333333333333,-0.05333333333333,-0.02666666666667,0.07999999999999667,0.08,13,0.013333333333333336,0.011547005383792518,0.9995450459758226,0.0004549540241773897,5.2425,311.2745765019208,8.0
H,terminal_value_shifted,1847,0.05333333333333,-0.05333333333333,-0.01333333333333,0.07659416862050183,0.08,13,0.013333333333333336,0.011547005383792518,0.9995809237307314,0.0004190762692686256,5.2425,311.2745765019208,8.0
H,terminal_value_shifted,1848,0.05333333333333,-0.05333333333333,0.0,0.07542472332656036,0.08,13,0.013333333333333336,0.011547005383792518,0.9995054707713331,0.0004945292286668845,5.2425,311.2745765019208,8.0
H,terminal_value_shifted,1849,0.05333333333333,-0.05333333333333,0.01333333333333,0.07659416862050183,0.08,13,0.013333333333333336,0.011547005383792518,0.9993202373002865,0.000679762699713482,5.2425,311.2745765019208,8.0
H,terminal_value_shifted,1850,0.05333333333333,-0.05333333333333,0.02666666666667,0.07999999999999667,0.08,13,0.013333333333333336,0.011547005383792518,0.9990263635944756,0.0009736364055243918,5.2425,311.2745765019208,8.0
H,terminal_value_shifted,1851,0.05333333333333,-0.04,-0.04,0.07774602526460171,0.08,13,0.013333333333333336,0.011547005383792518,0.99940421204898,0.0005957879510199993,5.2425,311.2745765019208,8.0
H,terminal_value_shifted,1852,0.05333333333333,-0.04,-0.02666666666667,0.07180219742845882,0.08,13,0.013333333333333336,0.011547005383792518,0.9995478306846179,0.00045216931538205607,5.2425,311.2745765019208,8.0
H,terminal_value_shifted,1853,0.05333333333333,-0.04,-0.01333333333333,0.06798692684790053,0.08,13,0.013333333333333336,0.011547005383792518,0.9995786248060804,0.0004213751939196042,5.2425,311.2745765019208,8.0
H,terminal_value_shifted,1854,0.05333333333333,-0.04,0.0,0.066666666666664,0.08,13,0.013333333333333336,0.011547005383792518,0.9994981691683787,0.0005018308316212527,5.2425,311.2745765019208,8.0
H,terminal_value_shifted,1855,0.05333333333333,-0.04,0.01333333333333,0.06798692684790053,0.08,13,0.013333333333333336,0.011547005383792518,0.9993076507854903,0.0006923492145096688,5.2425,311.2745765019208,8.0
H,terminal_value_shifted,1856,0.05333333333333,-0.04,0.02666666666667,0.07180219742845882,0.08,13,0.013333333333333336,0.011547005383792518,0.9990078698148146,0.0009921301851854025,5.2425,311.2745765019208,8.0
H,terminal_value_shifted,1857,0.05333333333333,-0.04,0.04,0.07774602526460171,0.08,13,0.013333333333333336,0.011547005383792518,0.9985992436888269,0.0014007563111730903,5.2425,311.2745765019208,8.0
H,terminal_value_shifted,1858,0.05333333333333,-0.02666666666667,-0.05333333333333,0.07999999999999667,0.08,13,0.013333333333333336,0.011547005383792518,0.9991669490774419,0.0008330509225581428,5.2425,311.2745765019208,8.0
H,terminal_value_shifted,1859,0.05333333333333,-0.02666666666667,-0.04,0.07180219742845882,0.08,13,0.013333333333333336,0.011547005383792518,0.9994179640666335,0.000582035933366476,5.2425,311.2745765019208,8.0
H,terminal_value_shifted,1860,0.05333333333333,-0.02666666666667,-0.02666666666667,0.06531972647421809,0.08,13,0.013333333333333336,0.011547005383792518,0.9995549536438911,0.0004450463561088691,5.2425,311.2745765019208,8.0
H,terminal_value_shifted,1861,0.05333333333333,-0.02666666666667,-0.01333333333333,0.06110100926607569,0.08,13,0.013333333333333336,0.011547005383792518,0.9995794751906169,0.0004205248093831493,5.2425,311.2745765019208,8.0
H,terminal_value_shifted,1862,0.05333333333333,-0.02666666666667,0.0,0.059628479399992905,0.08,13,0.013333333333333336,0.011547005383792518,0.9994927236902897,0.0005072763097102584,5.2425,311.2745765019208,8.0
H,terminal_value_shifted,1863,0.05333333333333,-0.02666666666667,0.01333333333333,0.06110100926607569,0.08,13,0.013333333333333336,0.011547005383792518,0.9992955288382974,0.0007044711617025801,5.2425,311.2745765019208,8.0
H,terminal_value_shifted,1864,0.05333333333333,-0.02666666666667,0.02666666666667,0.06531972647421809,0.08,13,0.013333333333333336,0.011547005383792518,0.9989883554617653,0.0010116445382346573,5.2425,311.2745765019208,8.0
H,terminal_value_shifted,1865,0.05333333333333,-0.02666666666667,0.04,0.07180219742845882,0.08,13,0.013333333333333336,0.011547005383792518,0.9985713071844569,0.0014286928155431422,5.2425,311.2745765019208,8.0
H,terminal_value_shifted,1866,0.05333333333333,-0.02666666666667,0.05333333333333,0.07999999999999667,0.08,13,0.013333333333333336,0.011547005383792518,0.9980441332996607,0.001955866700339315,5.2425,311.2745765019208,8.0
H,terminal_value_shifted,1867,0.05333333333333,-0.01333333333333,-0.05333333333333,0.07659416862050183,0.08,13,0.013333333333333336,0.011547005383792518,0.9991944070893379,0.0008055929106620674,5.2425,311.2745765019208,8.0
H,terminal_value_shifted,1868,0.05333333333333,-0.01333333333333,-0.04,0.06798692684790053,0.08,13,0.013333333333333336,0.011547005383792518,0.999436828085843,0.0005631719141570013,5.2425,311.2745765019208,8.0
H,terminal_value_shifted,1869,0.05333333333333,-0.01333333333333,-0.02666666666667,0.06110100926607569,0.08,13,0.013333333333333336,0.011547005383792518,0.999565883075536,0.00043411692446404526,5.2425,311.2745765019208,8.0
H,terminal_value_shifted,1870,0.05333333333333,-0.01333333333333,-0.01333333333333,0.05656854249491909,0.08,13,0.013333333333333336,0.011547005383792518,0.9995827342538639,0.00041726574613609735,5.2425,311.2745765019208,8.0
H,terminal_value_shifted,1871,0.05333333333333,-0.01333333333333,0.0,0.0549747416748981,0.08,13,0.013333333333333336,0.011547005383792518,0.9994882029558108,0.0005117970441892439,5.2425,311.2745765019208,8.0
H,terminal_value_shifted,1872,0.05333333333333,-0.01333333333333,0.01333333333333,0.05656854249491909,0.08,13,0.013333333333333336,0.011547005383792518,0.9992827664944646,0.0007172335055354306,5.2425,311.2745765019208,8.0
H,terminal_value_shifted,1873,0.05333333333333,-0.01333333333333,0.02666666666667,0.06110100926607569,0.08,13,0.013333333333333336,0.011547005383792518,0.9989665582860676,0.0010334417139323815,5.2425,311.2745765019208,8.0
H,terminal_value_shifted,1874,0.05333333333333,-0.01333333333333,0.04,0.06798692684790053,0.08,13,0.013333333333333336,0.011547005383792518,0.9985393712220765,0.0014606287779235227,5.2425,311.2745765019208,8.0
H,terminal_value_shifted,1875,0.05333333333333,-0.01333333333333,0.05333333333333,0.07659416862050183,0.08,13,0.013333333333333336,0.011547005383792518,0.9980006642741739,0.0019993357258261124,5.2425,311.2745765019208,8.0
H,terminal_value_shifted,1876,0.05333333333333,0.0,-0.05333333333333,0.07542472332656036,0.08,13,0.013333333333333336,0.011547005383792518,0.9992274635439533,0.0007725364560466907,5.2425,311.2745765019208,8.0
H,terminal_value_shifted,1877,0.05333333333333,0.0,-0.04,0.066666666666664,0.08,13,0.013333333333333336,0.011547005383792518,0.9994598398448675,0.0005401601551324742,5.2425,311.2745765019208,8.0
H,terminal_value_shifted,1878,0.05333333333333,0.0,-0.02666666666667,0.059628479399992905,0.08,13,0.013333333333333336,0.011547005383792518,0.9995794288811749,0.0004205711188250971,5.2425,311.2745765019208,8.0
H,terminal_value_shifted,1879,0.05333333333333,0.0,-0.01333333333333,0.0549747416748981,0.08,13,0.013333333333333336,0.011547005383792518,0.9995870042063512,0.0004129957936488404,5.2425,311.2745765019208,8.0
H,terminal_value_shifted,1880,0.05333333333333,0.0,0.0,0.05333333333333,0.08,13,0.013333333333333336,0.011547005383792518,0.9994830187568602,0.0005169812431398135,5.2425,311.2745765019208,8.0
H,terminal_value_shifted,1881,0.05333333333333,0.0,0.01333333333333,0.0549747416748981,0.08,13,0.013333333333333336,0.011547005383792518,0.9992676015889761,0.0007323984110239046,5.2425,311.2745765019208,8.0
H,terminal_value_shifted,1882,0.05333333333333,0.0,0.02666666666667,0.059628479399992905,0.08,13,0.013333333333333336,0.011547005383792518,0.9989405578836447,0.0010594421163553358,5.2425,311.2745765019208,8.0
H,terminal_value_shifted,1883,0.05333333333333,0.0,0.04,0.066666666666664,0.08,13,0.013333333333333336,0.011547005383792518,0.9985013722035396,0.0014986277964603723,5.2425,311.2745765019208,8.0
H,terminal_value_shifted,1884,0.05333333333333,0.0,0.05333333333333,0.07542472332656036,0.08,13,0.013333333333333336,0.011547005383792518,0.9979492150096058,0.0020507849903942388,5.2425,311.2745765019208,8.0
H,terminal_value_shifted,1885,0.05333333333333,0.01333333333333,-0.05333333333333,0.07659416862050183,0.08,13,0.013333333333333336,0.011547005383792518,0.999264789843952,0.0007352101560480495,5.2425,311.2745765019208,8.0
H,terminal_value_shifted,1886,0.05333333333333,0.01333333333333,-0.04,0.06798692684790053,0.08,13,0.013333333333333336,0.011547005383792518,0.9994854290034227,0.0005145709965772571,5.2425,311.2745765019208,8.0
H,terminal_value_shifted,1887,0.05333333333333,0.01333333333333,-0.02666666666667,0.06110100926607569,0.08,13,0.013333333333333336,0.011547005383792518,0.999593796887275,0.0004062031127249899,5.2425,311.2745765019208,8.0
H,terminal_value_shifted,1888,0.05333333333333,0.01333333333333,-0.01333333333333,0.05656854249491909,0.08,13,0.013333333333333336,0.011547005383792518,0.9995902841552555,0.00040971584474447376,5.2425,311.2745765019208,8.0
H,terminal_value_shifted,1889,0.05333333333333,0.01333333333333,0.0,0.0549747416748981,0.08,13,0.013333333333333336,0.011547005383792518,0.9994749798600621,0.0005250201399379373,5.2425,311.2745765019208,8.0
H,terminal_value_shifted,1890,0.05333333333333,0.01333333333333,0.01333333333333,0.05656854249491909,0.08,13,0.013333333333333336,0.011547005383792518,0.9992476682563896,0.000752331743610446,5.2425,311.2745765019208,8.0
H,terminal_value_shifted,1891,0.05333333333333,0.01333333333333,0.02666666666667,0.06110100926607569,0.08,13,0.013333333333333336,0.011547005383792518,0.9989078288638054,0.0010921711361946418,5.2425,311.2745765019208,8.0
H,terminal_value_shifted,1892,0.05333333333333,0.01333333333333,0.04,0.06798692684790053,0.08,13,0.013333333333333336,0.011547005383792518,0.9984546397895364,0.0015453602104635866,5.2425,311.2745765019208,8.0
H,terminal_value_shifted,1893,0.05333333333333,0.01333333333333,0.05333333333333,0.07659416862050183,0.08,13,0.013333333333333336,0.011547005383792518,0.9978869843380085,0.002113015661991513,5.2425,311.2745765019208,8.0
H,terminal_value_shifted,1894,0.05333333333333,0.02666666666667,-0.05333333333333,0.07999999999999667,0.08,13,0.013333333333333336,0.011547005383792518,0.9993044946212148,0.0006955053787851551,5.2425,311.2745765019208,8.0
H,terminal_value_shifted,1895,0.05333333333333,0.02666666666667,-0.04,0.07180219742845882,0.08,13,0.013333333333333336,0.011547005383792518,0.9995114657803779,0.0004885342196221387,5.2425,311.2745765019208,8.0
H,terminal_value_shifted,1896,0.05333333333333,0.02666666666667,-0.02666666666667,0.06531972647421809,0.08,13,0.013333333333333336,0.011547005383792518,0.9996066355744518,0.0003933644255481594,5.2425,311.2745765019208,8.0
H,terminal_value_shifted,1897,0.05333333333333,0.02666666666667,-0.01333333333333,0.06110100926607569,0.08,13,0.013333333333333336,0.011547005383792518,0.9995900168728591,0.00040998312714091156,5.2425,311.2745765019208,8.0
H,terminal_value_shifted,1898,0.05333333333333,0.02666666666667,0.0,0.059628479399992905,0.08,13,0.013333333333333336,0.011547005383792518,0.9994613387774703,0.0005386612225296572,5.2425,311.2745765019208,8.0
H,terminal_value_shifted,1899,0.05333333333333,0.02666666666667,0.01333333333333,0.06110100926607569,0.08,13,0.013333333333333336,0.011547005383792518,0.9992200436811242,0.0007799563188758407,5.2425,311.2745765019208,8.0
H,terminal_value_shifted,1900,0.05333333333333,0.02666666666667,0.02666666666667,0.06531972647421809,0.08,13,0.013333333333333336,0.011547005383792518,0.9988652875693073,0.0011347124306927414,5.2425,311.2745765019208,8.0
H,terminal_value_shifted,1901,0.05333333333333,0.02666666666667,0.04,0.07180219742845882,0.08,13,0.013333333333333336,0.011547005383792518,0.9983959435911718,0.0016040564088282139,5.2425,311.2745765019208,8.0
H,terminal_value_shifted,1902,0.05333333333333,0.02666666666667,0.05333333333333,0.07999999999999667,0.08,13,0.013333333333333336,0.011547005383792518,0.9978106089445543,0.0021893910554456886,5.2425,311.2745765019208,8.0
H,terminal_value_shifted,1903,0.05333333333333,0.04,-0.04,0.07774602526460171,0.08,13,0.013333333333333336,0.011547005383792518,0.9995352987996479,0.0004647012003521356,5.2425,311.2745765019208,8.0
H,terminal_value_shifted,1904,0.05333333333333,0.04,-0.02666666666667,0.07180219742845882,0.08,13,0.013333333333333336,0.011547005383792518,0.999615074293366,0.000384925706633954,5.2425,311.2745765019208,8.0
H,terminal_value_shifted,1905,0.05333333333333,0.04,-0.01333333333333,0.06798692684790053,0.08,13,0.013333333333333336,0.011547005383792518,0.9995831273572906,0.0004168726427093983,5.2425,311.2745765019208,8.0
H,terminal_value_shifted,1906,0.05333333333333,0.04,0.0,0.066666666666664,0.08,13,0.013333333333333336,0.011547005383792518,0.9994388306590625,0.0005611693409375285,5.2425,311.2745765019208,8.0
H,terminal_value_shifted,1907,0.05333333333333,0.04,0.01333333333333,0.06798692684790053,0.08,13,0.013333333333333336,0.011547005383792518,0.9991812873195353,0.0008187126804647393,5.2425,311.2745765019208,8.0
H,terminal_value_shifted,1908,0.05333333333333,0.04,0.02666666666667,0.07180219742845882,0.08,13,0.013333333333333336,0.011547005383792518,0.998809331635456,0.0011906683645439564,5.2425,311.2745765019208,8.0
H,terminal_value_shifted,1909,0.05333333333333,0.04,0.04,0.07774602526460171,0.08,13,0.013333333333333336,0.011547005383792518,0.9983215330819307,0.0016784669180692768,5.2425,311.2745765019208,8.0
H,terminal_value_shifted,1910,0.05333333333333,0.05333333333333,-0.02666666666667,0.07999999999999667,0.08,13,0.013333333333333336,0.011547005383792518,0.9996157523223649,0.0003842476776351189,5.2425,311.2745765019208,8.0
H,terminal_value_shifted,1911,0.05333333333333,0.05333333333333,-0.01333333333333,0.07659416862050183,0.08,13,0.013333333333333336,0.011547005383792518,0.9995660526046865,0.00043394739531354976,5.2425,311.2745765019208,8.0
H,terminal_value_shifted,1912,0.05333333333333,0.05333333333333,0.0,0.07542472332656036,0.08,13,0.013333333333333336,0.011547005383792518,0.9994037037863033,0.0005962962136967231,5.2425,311.2745765019208,8.0
H,terminal_value_shifted,1913,0.05333333333333,0.05333333333333,0.01333333333333,0.07659416862050183,0.08,13,0.013333333333333336,0.011547005383792518,0.9991274721292664,0.0008725278707335526,5.2425,311.2745765019208,8.0
H,terminal_value_shifted,1914,0.05333333333333,0.05333333333333,0.02666666666667,0.07999999999999667,0.08,13,0.013333333333333336,0.011547005383792518,0.9987358719760585,0.001264128023941491,5.2425,311.2745765019208,8.0
H,terminal_value_shifted,1915,0.05443310539518,-0.05443310539518,-0.02177324215807,0.0799999999999969,0.08,13,0.013333333333333336,0.011547005383792518,0.9995726169812433,0.0004273830187566663,5.2425,311.2745765019208,8.0
H,terminal_value_shifted,1916,0.05443310539518,-0.05443310539518,0.02177324215807,0.0799999999999969,0.08,13,0.013333333333333336,0.011547005383792518,0.999153066076935,0.0008469339230650075,5.2425,311.2745765019208,8.0
H,terminal_value_shifted,1917,0.05443310539518,-0.02177324215807,-0.05443310539518,0.0799999999999969,0.08,13,0.013333333333333336,0.011547005383792518,0.9991478136645817,0.0008521863354182813,5.2425,311.2745765019208,8.0
H,terminal_value_shifted,1918,0.05443310539518,-0.02177324215807,0.05443310539518,0.0799999999999969,0.08,13,0.013333333333333336,0.011547005383792518,0.9979850410627376,0.0020149589372624455,5.2425,311.2745765019208,8.0
H,terminal_value_shifted,1919,0.05443310539518,0.02177324215807,-0.05443310539518,0.0799999999999969,0.08,13,0.013333333333333336,0.011547005383792518,0.9992636714978074,0.0007363285021926291,5.2425,311.2745765019208,8.0
H,terminal_value_shifted,1920,0.05443310539518,0.02177324215807,0.05443310539518,0.0799999999999969,0.08,13,0.013333333333333336,0.011547005383792518,0.9977896766618038,0.002210323338196152,5.2425,311.2745765019208,8.0
H,terminal_value_shifted,1921,0.05443310539518,0.05443310539518,-0.02177324215807,0.0799999999999969,0.08,13,0.013333333333333336,0.011547005383792518,0.9996084732250541,0.00039152677494591615,5.2425,311.2745765019208,8.0
H,terminal_value_shifted,1922,0.05443310539518,0.05443310539518,0.02177324215807,0.0799999999999969,0.08,13,0.013333333333333336,0.011547005383792518,0.9988872526072138,0.0011127473927862175,5.2425,311.2745765019208,8.0
H,terminal_value_shifted,1923,0.05470107670063,-0.04558423058386,-0.03646738446708,0.08000000000000344,0.08,13,0.013333333333333336,0.011547005383792518,0.9994493015411592,0.0005506984588408148,5.2425,311.2745765019208,8.0
H,terminal_value_shifted,1924,0.05470107670063,-0.04558423058386,0.03646738446708,0.08000000000000344,0.08,13,0.013333333333333336,0.011547005383792518,0.9987348964950002,0.0012651035049997539,5.2425,311.2745765019208,8.0
H,terminal_value_shifted,1925,0.05470107670063,-0.03646738446708,-0.04558423058386,0.08000000000000344,0.08,13,0.013333333333333336,0.011547005383792518,0.9993118985526865,0.0006881014473134606,5.2425,311.2745765019208,8.0
H,terminal_value_shifted,1926,0.05470107670063,-0.03646738446708,0.04558423058386,0.08000000000000344,0.08,13,0.013333333333333336,0.011547005383792518,0.9983944541268781,0.0016055458731218941,5.2425,311.2745765019208,8.0
H,terminal_value_shifted,1927,0.05470107670063,0.03646738446708,-0.04558423058386,0.08000000000000344,0.08,13,0.013333333333333336,0.011547005383792518,0.9994574751963387,0.0005425248036613484,5.2425,311.2745765019208,8.0
H,terminal_value_shifted,1928,0.05470107670063,0.03646738446708,0.04558423058386,0.08000000000000344,0.08,13,0.013333333333333336,0.011547005383792518,0.9981077120195937,0.0018922879804063042,5.2425,311.2745765019208,8.0
H,terminal_value_shifted,1929,0.05470107670063,0.04558423058386,-0.03646738446708,0.08000000000000344,0.08,13,0.013333333333333336,0.011547005383792518,0.9995713551029972,0.0004286448970027834,5.2425,311.2745765019208,8.0
H,terminal_value_shifted,1930,0.05470107670063,0.04558423058386,0.03646738446708,0.08000000000000344,0.08,13,0.013333333333333336,0.011547005383792518,0.9984286536389408,0.001571346361059156,5.2425,311.2745765019208,8.0
H,terminal_value_shifted,1931,0.05505977612893,-0.05505977612893,-0.01835325870964,0.07999999999999223,0.08,13,0.013333333333333336,0.011547005383792518,0.9995833704453057,0.0004166295546943477,5.2425,311.2745765019208,8.0
H,terminal_value_shifted,1932,0.05505977612893,-0.05505977612893,0.01835325870964,0.07999999999999223,0.08,13,0.013333333333333336,0.011547005383792518,0.9992315957793505,0.000768404220649499,5.2425,311.2745765019208,8.0
H,terminal_value_shifted,1933,0.05505977612893,-0.01835325870964,-0.05505977612893,0.07999999999999223,0.08,13,0.013333333333333336,0.011547005383792518,0.9991383068991061,0.000861693100893901,5.2425,311.2745765019208,8.0
H,terminal_value_shifted,1934,0.05505977612893,-0.01835325870964,0.05505977612893,0.07999999999999223,0.08,13,0.013333333333333336,0.011547005383792518,0.9979477610668394,0.002052238933160644,5.2425,311.2745765019208,8.0
H,terminal_value_shifted,1935,0.05505977612893,0.01835325870964,-0.05505977612893,0.07999999999999223,0.08,13,0.013333333333333336,0.011547005383792518,0.999237662943797,0.0007623370562029885,5.2425,311.2745765019208,8.0
H,terminal_value_shifted,1936,0.05505977612893,0.01835325870964,0.05505977612893,0.07999999999999223,0.08,13,0.013333333333333336,0.011547005383792518,0.9977807843549341,0.002219215645065886,5.2425,311.2745765019208,8.0
H,terminal_value_shifted,1937,0.05505977612893,0.05505977612893,-0.01835325870964,0.07999999999999223,0.08,13,0.013333333333333336,0.011547005383792518,0.999594235574781,0.0004057644252190018,5.2425,311.2745765019208,8.0
H,terminal_value_shifted,1938,0.05505977612893,0.05505977612893,0.01835325870964,0.07999999999999223,0.08,13,0.013333333333333336,0.011547005383792518,0.9989849226804164,0.0010150773195836127,5.2425,311.2745765019208,8.0
H,terminal_value_shifted,1939,0.05601120336112,-0.05601120336112,-0.01120224067222,0.07999999999999888,0.08,13,0.013333333333333336,0.011547005383792518,0.9995827075961574,0.00041729240384258404,5.2425,311.2745765019208,8.0
H,terminal_value_shifted,1940,0.05601120336112,-0.05601120336112,0.01120224067222,0.07999999999999888,0.08,13,0.013333333333333336,0.011547005383792518,0.99936971577203,0.0006302842279699572,5.2425,311.2745765019208,8.0
H,terminal_value_shifted,1941,0.05601120336112,-0.01120224067222,-0.05601120336112,0.07999999999999888,0.08,13,0.013333333333333336,0.011547005383792518,0.999128981369739,0.0008710186302609557,5.2425,311.2745765019208,8.0
H,terminal_value_shifted,1942,0.05601120336112,-0.01120224067222,0.05601120336112,0.07999999999999888,0.08,13,0.013333333333333336,0.011547005383792518,0.9978808699647774,0.0021191300352225717,5.2425,311.2745765019208,8.0
H,terminal_value_shifted,1943,0.05601120336112,0.01120224067222,-0.05601120336112,0.07999999999999888,0.08,13,0.013333333333333336,0.011547005383792518,0.9991911876840639,0.0008088123159361027,5.2425,311.2745765019208,8.0
H,terminal_value_shifted,1944,0.05601120336112,0.01120224067222,0.05601120336112,0.07999999999999888,0.08,13,0.013333333333333336,0.011547005383792518,0.9977767835909466,0.00222321640905343,5.2425,311.2745765019208,8.0
H,terminal_value_shifted,1945,0.05601120336112,0.05601120336112,-0.01120224067222,0.07999999999999888,0.08,13,0.013333333333333336,0.011547005383792518,0.9995404329661263,0.0004595670338737312,5.2425,311.2745765019208,8.0
H,terminal_value_shifted,1946,0.05601120336112,0.05601120336112,0.01120224067222,0.07999999999999888,0.08,13,0.013333333333333336,0.011547005383792518,0.9991672262729874,0.0008327737270126256,5.2425,311.2745765019208,8.0
H,terminal_value_shifted,1947,0.05617975065414,-0.05617975065414,-0.00936329177569,0.0799999999999962,0.08,13,0.013333333333333336,0.011547005383792518,0.9995773939852766,0.00042260601472343673,5.2425,311.2745765019208,8.0
H,terminal_value_shifted,1948,0.05617975065414,-0.05617975065414,0.00936329177569,0.0799999999999962,0.08,13,0.013333333333333336,0.011547005383792518,0.9993996194479319,0.0006003805520681249,5.2425,311.2745765019208,8.0
H,terminal_value_shifted,1949,0.05617975065414,-0.00936329177569,-0.05617975065414,0.0799999999999962,0.08,13,0.013333333333333336,0.011547005383792518,0.9991289109566328,0.0008710890433671903,5.2425,311.2745765019208,8.0
H,terminal_value_shifted,1950,0.05617975065414,-0.00936329177569,0.05617975065414,0.0799999999999962,0.08,13,0.013333333333333336,0.011547005383792518,0.997866160309766,0.002133839690233952,5.2425,311.2745765019208,8.0
H,terminal_value_shifted,1951,0.05617975065414,0.00936329177569,-0.05617975065414,0.0799999999999962,0.08,13,0.013333333333333336,0.011547005383792518,0.9991811358638092,0.0008188641361908111,5.2425,311.2745765019208,8.0
H,terminal_value_shifted,1952,0.05617975065414,0.00936329177569,0.05617975065414,0.0799999999999962,0.08,13,0.013333333333333336,0.011547005383792518,0.9977788353052747,0.0022211646947253305,5.2425,311.2745765019208,8.0
H,terminal_value_shifted,1953,0.05617975065414,0.05617975065414,-0.00936329177569,0.0799999999999962,0.08,13,0.013333333333333336,0.011547005383792518,0.9995213952948838,0.00047860470511618125,5.2425,311.2745765019208,8.0
H,terminal_value_shifted,1954,0.05617975065414,0.05617975065414,0.00936329177569,0.0799999999999962,0.08,13,0.013333333333333336,0.011547005383792518,0.9992092583632843,0.0007907416367156639,5.2425,311.2745765019208,8.0
H,terminal_value_shifted,1955,0.05656854249492,-0.05656854249492,0.0,0.07999999999999463,0.08,13,0.013333333333333336,0.011547005383792518,0.9995170051201493,0.00048299487985070666,5.2425,311.2745765019208,8.0
H,terminal_value_shifted,1956,0.05656854249492,-0.04525483399594,-0.03394112549695,0.07999999999999603,0.08,13,0.013333333333333336,0.011547005383792518,0.9994798467008663,0.0005201532991336855,5.2425,311.2745765019208,8.0
H,terminal_value_shifted,1957,0.05656854249492,-0.04525483399594,0.03394112549695,0.07999999999999603,0.08,13,0.013333333333333336,0.011547005383792518,0.9988225494172133,0.001177450582786732,5.2425,311.2745765019208,8.0
H,terminal_value_shifted,1958,0.05656854249492,-0.03394112549695,-0.04525483399594,0.07999999999999603,0.08,13,0.013333333333333336,0.011547005383792518,0.9993178523115627,0.000682147688437329,5.2425,311.2745765019208,8.0
H,terminal_value_shifted,1959,0.05656854249492,-0.03394112549695,0.04525483399594,0.07999999999999603,0.08,13,0.013333333333333336,0.011547005383792518,0.9984095602631726,0.001590439736827376,5.2425,311.2745765019208,8.0
H,terminal_value_shifted,1960,0.05656854249492,0.0,-0.05656854249492,0.07999999999999463,0.08,13,0.013333333333333336,0.011547005383792518,0.9991432125069182,0.0008567874930818231,5.2425,311.2745765019208,8.0
H,terminal_value_shifted,1961,0.05656854249492,0.0,0.05656854249492,0.07999999999999463,0.08,13,0.013333333333333336,0.011547005383792518,0.9978078417703019,0.0021921582296980935,5.2425,311.2745765019208,8.0
H,terminal_value_shifted,1962,0.05656854249492,0.03394112549695,-0.04525483399594,0.07999999999999603,0.08,13,0.013333333333333336,0.011547005383792518,0.9994513037264036,0.0005486962735964385,5.2425,311.2745765019208,8.0
H,terminal_value_shifted,1963,0.05656854249492,0.03394112549695,0.04525483399594,0.07999999999999603,0.08,13,0.013333333333333336,0.011547005383792518,0.9981402325732988,0.001859767426701242,5.2425,311.2745765019208,8.0
H,terminal_value_shifted,1964,0.05656854249492,0.04525483399594,-0.03394112549695,0.07999999999999603,0.08,13,0.013333333333333336,0.011547005383792518,0.9995843405625511,0.0004156594374489231,5.2425,311.2745765019208,8.0
H,terminal_value_shifted,1965,0.05656854249492,0.04525483399594,0.03394112549695,0.07999999999999603,0.08,13,0.013333333333333336,0.011547005383792518,0.998528679762561,0.001471320237439011,5.2425,311.2745765019208,8.0
H,terminal_value_shifted,1966,0.05656854249492,0.05656854249492,0.0,0.07999999999999463,0.08,13,0.013333333333333336,0.011547005383792518,0.9993919797762704,0.0006080202237296328,5.2425,311.2745765019208,8.0
H,terminal_value_shifted,1967,0.05737097324805,-0.04780914437338,-0.02868548662403,0.08000000000000353,0.08,13,0.013333333333333336,0.011547005383792518,0.9995316751673495,0.00046832483265046854,5.2425,311.2745765019208,8.0
H,terminal_value_shifted,1968,0.05737097324805,-0.04780914437338,0.02868548662403,0.08000000000000353,0.08,13,0.013333333333333336,0.011547005383792518,0.9989826611344049,0.0010173388655950744,5.2425,311.2745765019208,8.0
H,terminal_value_shifted,1969,0.05737097324805,-0.02868548662403,-0.04780914437338,0.08000000000000353,0.08,13,0.013333333333333336,0.011547005383792518,0.9992738098992647,0.0007261901007352689,5.2425,311.2745765019208,8.0
H,terminal_value_shifted,1970,0.05737097324805,-0.02868548662403,0.04780914437338,0.08000000000000353,0.08,13,0.013333333333333336,0.011547005383792518,0.9982992173084633,0.0017007826915367286,5.2425,311.2745765019208,8.0
H,terminal_value_shifted,1971,0.05737097324805,0.02868548662403,-0.04780914437338,0.08000000000000353,0.08,13,0.013333333333333336,0.011547005383792518,0.9993972145129413,0.0006027854870587213,5.2425,311.2745765019208,8.0
H,terminal_value_shifted,1972,0.05737097324805,0.02868548662403,0.04780914437338,0.08000000000000353,0.08,13,0.013333333333333336,0.011547005383792518,0.9980606236007448,0.0019393763992552326,5.2425,311.2745765019208,8.0
H,terminal_value_shifted,1973,0.05737097324805,0.04780914437338,-0.02868548662403,0.08000000000000353,0.08,13,0.013333333333333336,0.011547005383792518,0.9996067644369759,0.0003932355630240636,5.2425,311.2745765019208,8.0
H,terminal_value_shifted,1974,0.05737097324805,0.04780914437338,0.02868548662403,0.08000000000000353,0.08,13,0.013333333333333336,0.011547005383792518,0.9987021660115027,0.0012978339884972545,5.2425,311.2745765019208,8.0
H,terminal_value_shifted,1975,0.05820855000872,-0.03880570000581,-0.03880570000581,0.07999999999999688,0.08,13,0.013333333333333336,0.011547005383792518,0.9994181164127042,0.0005818835872958283,5.2425,311.2745765019208,8.0
H,terminal_value_shifted,1976,0.05820855000872,-0.03880570000581,0.03880570000581,0.07999999999999688,0.08,13,0.013333333333333336,0.011547005383792518,0.9986602131031629,0.001339786896837114,5.2425,311.2745765019208,8.0
H,terminal_value_shifted,1977,0.05820855000872,0.03880570000581,-0.03880570000581,0.07999999999999688,0.08,13,0.013333333333333336,0.011547005383792518,0.9995338564225587,0.00046614357744134693,5.2425,311.2745765019208,8.0
H,terminal_value_shifted,1978,0.05820855000872,0.03880570000581,0.03880570000581,0.07999999999999688,0.08,13,0.013333333333333336,0.011547005383792518,0.9983806618454674,0.0016193381545326346,5.2425,311.2745765019208,8.0
H,terminal_value_shifted,1979,0.05953667260282,-0.04961389383568,-0.01984555753427,0.07999999999999703,0.08,13,0.013333333333333336,0.011547005383792518,0.9995830797542729,0.00041692024572714814,5.2425,311.2745765019208,8.0
H,terminal_value_shifted,1980,0.05953667260282,-0.04961389383568,0.01984555753427,0.07999999999999703,0.08,13,0.013333333333333336,0.011547005383792518,0.9992103499174915,0.0007896500825085306,5.2425,311.2745765019208,8.0
H,terminal_value_shifted,1981,0.05953667260282,-0.01984555753427,-0.04961389383568,0.07999999999999703,0.08,13,0.013333333333333336,0.011547005383792518,0.9992456100767777,0.0007543899232222984,5.2425,311.2745765019208,8.0
H,terminal_value_shifted,1982,0.05953667260282,-0.01984555753427,0.04961389383568,0.07999999999999703,0.08,13,0.013333333333333336,0.011547005383792518,0.9982065617058038,0.0017934382941962035,5.2425,311.2745765019208,8.0
H,terminal_value_shifted,1983,0.05953667260282,0.01984555753427,-0.04961389383568,0.07999999999999703,0.08,13,0.013333333333333336,0.011547005383792518,0.9993358367307671,0.0006641632692329091,5.2425,311.2745765019208,8.0
H,terminal_value_shifted,1984,0.05953667260282,0.01984555753427,0.04961389383568,0.07999999999999703,0.08,13,0.013333333333333336,0.011547005383792518,0.9980337510840052,0.0019662489159948393,5.2425,311.2745765019208,8.0
H,terminal_value_shifted,1985,0.05953667260282,0.04961389383568,-0.01984555753427,0.07999999999999703,0.08,13,0.013333333333333336,0.011547005383792518,0.9995997488782321,0.0004002511217678917,5.2425,311.2745765019208,8.0
H,terminal_value_shifted,1986,0.05953667260282,0.04961389383568,0.01984555753427,0.07999999999999703,0.08,13,0.013333333333333336,0.011547005383792518,0.9989704276931259,0.0010295723068740603,5.2425,311.2745765019208,8.0
H,terminal_value_shifted,1987,0.05962847939999,-0.04770278352,-0.02385139176,0.08000000000000007,0.08,13,0.013333333333333336,0.011547005383792518,0.9995657633581575,0.0004342366418425003,5.2425,311.2745765019208,8.0
H,terminal_value_shifted,1988,0.05962847939999,-0.04770278352,0.02385139176,0.08000000000000007,0.08,13,0.013333333333333336,0.011547005383792518,0.9991160296996295,0.0008839703003704624,5.2425,311.2745765019208,8.0
H,terminal_value_shifted,1989,0.05962847939999,-0.02385139176,-0.04770278352,0.08000000000000006,0.08,13,0.013333333333333336,0.011547005383792518,0.9992779436118983,0.0007220563881017439,5.2425,311.2745765019208,8.0
H,terminal_value_shifted,1990,0.05962847939999,-0.02385139176,0.04770278352,0.08000000000000006,0.08,13,0.013333333333333336,0.011547005383792518,0.9982979935571988,0.0017020064428011628,5.2425,311.2745765019208,8.0
H,terminal_value_shifted,1991,0.05962847939999,0.02385139176,-0.04770278352,0.08000000000000006,0.08,13,0.013333333333333336,0.011547005383792518,0.9993795742067326,0.0006204257932673762,5.2425,311.2745765019208,8.0
H,terminal_value_shifted,1992,0.05962847939999,0.02385139176,0.04770278352,0.08000000000000006,0.08,13,0.013333333333333336,0.011547005383792518,0.9980962073581805,0.0019037926418195017,5.2425,311.2745765019208,8.0
H,terminal_value_shifted,1993,0.05962847939999,0.04770278352,-0.02385139176,0.08000000000000007,0.08,13,0.013333333333333336,0.011547005383792518,0.9996076282511364,0.00039237174886364024,5.2425,311.2745765019208,8.0
H,terminal_value_shifted,1994,0.05962847939999,0.04770278352,0.02385139176,0.08000000000000007,0.08,13,0.013333333333333336,0.011547005383792518,0.9988606233270488,0.0011393766729511645,5.2425,311.2745765019208,8.0
H,terminal_value_shifted,1995,0.06096006096009,-0.05080005080008,-0.01016001016002,0.08000000000000192,0.08,13,0.013333333333333336,0.011547005383792518,0.9995854176965089,0.0004145823034911178,5.2425,311.2745765019208,8.0
H,terminal_value_shifted,1996,0.06096006096009,-0.05080005080008,0.01016001016002,0.08000000000000192,0.08,13,0.013333333333333336,0.011547005383792518,0.9993969429105898,0.0006030570894102194,5.2425,311.2745765019208,8.0
H,terminal_value_shifted,1997,0.06096006096009,-0.01016001016002,-0.05080005080008,0.08000000000000192,0.08,13,0.013333333333333336,0.011547005383792518,0.9992349880275786,0.0007650119724214033,5.2425,311.2745765019208,8.0
H,terminal_value_shifted,1998,0.06096006096009,-0.01016001016002,0.05080005080008,0.08000000000000192,0.08,13,0.013333333333333336,0.011547005383792518,0.9981254873253165,0.0018745126746835261,5.2425,311.2745765019208,8.0
H,terminal_value_shifted,1999,0.06096006096009,0.01016001016002,-0.05080005080008,0.08000000000000192,0.08,13,0.013333333333333336,0.011547005383792518,0.9992827711624037,0.0007172288375962843,5.2425,311.2745765019208,8.0
H,terminal_value_shifted,2000,0.06096006096009,0.01016001016002,0.05080005080008,0.08000000000000192,0.08,13,0.013333333333333336,0.011547005383792518,0.9980342980710782,0.001965701928921759,5.2425,311.2745765019208,8.0
H,terminal_value_shifted,2001,0.06096006096009,0.05080005080008,-0.01016001016002,0.08000000000000192,0.08,13,0.013333333333333336,0.011547005383792518,0.9995352446036573,0.0004647553963427198,5.2425,311.2745765019208,8.0
H,terminal_value_shifted,2002,0.06096006096009,0.05080005080008,0.01016001016002,0.08000000000000192,0.08,13,0.013333333333333336,0.011547005383792518,0.9992118196963922,0.0007881803036078328,5.2425,311.2745765019208,8.0
H,terminal_value_shifted,2003,0.06099942813304,-0.03659965687983,-0.03659965687983,0.08000000000000304,0.08,13,0.013333333333333336,0.011547005383792518,0.9994473689036836,0.0005526310963164249,5.2425,311.2745765019208,8.0
H,terminal_value_shifted,2004,0.06099942813304,-0.03659965687983,0.03659965687983,0.08000000000000304,0.08,13,0.013333333333333336,0.011547005383792518,0.9987397171918319,0.001260282808168145,5.2425,311.2745765019208,8.0
H,terminal_value_shifted,2005,0.06099942813304,0.03659965687983,-0.03659965687983,0.08000000000000304,0.08,13,0.013333333333333336,0.011547005383792518,0.9995436382195092,0.00045636178049079934,5.2425,311.2745765019208,8.0
H,terminal_value_shifted,2006,0.06099942813304,0.03659965687983,0.03659965687983,0.08000000000000304,0.08,13,0.013333333333333336,0.011547005383792518,0.9984804437466517,0.0015195562533483198,5.2425,311.2745765019208,8.0
H,terminal_value_shifted,2007,0.06145770236779,-0.05121475197316,0.0,0.08000000000000099,0.08,13,0.013333333333333336,0.011547005383792518,0.999524720713645,0.0004752792863550459,5.2425,311.2745765019208,8.0
H,terminal_value_shifted,2008,0.06145770236779,-0.04097180157853,-0.0307288511839,0.08000000000000354,0.08,13,0.013333333333333336,0.011547005383792518,0.9995133452680265,0.0004866547319735126,5.2425,311.2745765019208,8.0
H,terminal_value_shifted,2009,0.06145770236779,-0.04097180157853,0.0307288511839,0.08000000000000354,0.08,13,0.013333333333333336,0.011547005383792518,0.9989297488089024,0.0010702511910976042,5.2425,311.2745765019208,8.0
H,terminal_value_shifted,2010,0.06145770236779,-0.0307288511839,-0.04097180157853,0.08000000000000354,0.08,13,0.013333333333333336,0.011547005383792518,0.9993868433411843,0.0006131566588156723,5.2425,311.2745765019208,8.0
H,terminal_value_shifted,2011,0.06145770236779,-0.0307288511839,0.04097180157853,0.08000000000000354,0.08,13,0.013333333333333336,0.011547005383792518,0.9985787171150293,0.001421282884970676,5.2425,311.2745765019208,8.0
H,terminal_value_shifted,2012,0.06145770236779,0.0,-0.05121475197316,0.08000000000000099,0.08,13,0.013333333333333336,0.011547005383792518,0.9992472943272608,0.0007527056727392178,5.2425,311.2745765019208,8.0
H,terminal_value_shifted,2013,0.06145770236779,0.0,0.05121475197316,0.08000000000000099,0.08,13,0.013333333333333336,0.011547005383792518,0.9980656331252326,0.0019343668747674458,5.2425,311.2745765019208,8.0
H,terminal_value_shifted,2014,0.06145770236779,0.0307288511839,-0.04097180157853,0.08000000000000354,0.08,13,0.013333333333333336,0.011547005383792518,0.9994866913935347,0.000513308606465257,5.2425,311.2745765019208,8.0
H,terminal_value_shifted,2015,0.06145770236779,0.0307288511839,0.04097180157853,0.08000000000000354,0.08,13,0.013333333333333336,0.011547005383792518,0.9983423376015599,0.0016576623984401184,5.2425,311.2745765019208,8.0
H,terminal_value_shifted,2016,0.06145770236779,0.04097180157853,-0.0307288511839,0.08000000000000354,0.08,13,0.013333333333333336,0.011547005383792518,0.9995869005877043,0.00041309941229572544,5.2425,311.2745765019208,8.0
H,terminal_value_shifted,2017,0.06145770236779,0.04097180157853,0.0307288511839,0.08000000000000354,0.08,13,0.013333333333333336,0.011547005383792518,0.9986699785897106,0.0013300214102893726,5.2425,311.2745765019208,8.0
H,terminal_value_shifted,2018,0.06145770236779,0.05121475197316,0.0,0.08000000000000099,0.08,13,0.013333333333333336,0.011547005383792518,0.9994049377585279,0.0005950622414720996,5.2425,311.2745765019208,8.0
H,terminal_value_shifted,2019,0.06172133998484,-0.04937707198787,-0.01234426799697,0.08000000000000328,0.08,13,0.013333333333333336,0.011547005383792518,0.9995905416173687,0.0004094583826312892,5.2425,311.2745765019208,8.0
H,terminal_value_shifted,2020,0.06172133998484,-0.04937707198787,0.01234426799697,0.08000000000000328,0.08,13,0.013333333333333336,0.011547005383792518,0.9993619886663387,0.0006380113336612592,5.2425,311.2745765019208,8.0
H,terminal_value_shifted,2021,0.06172133998484,-0.01234426799697,-0.04937707198787,0.08000000000000326,0.08,13,0.013333333333333336,0.011547005383792518,0.9992581773821069,0.0007418226178931286,5.2425,311.2745765019208,8.0
H,terminal_value_shifted,2022,0.06172133998484,-0.01234426799697,0.04937707198787,0.08000000000000326,0.08,13,0.013333333333333336,0.011547005383792518,0.9981965120954188,0.0018034879045811802,5.2425,311.2745765019208,8.0
H,terminal_value_shifted,2023,0.06172133998484,0.01234426799697,-0.04937707198787,0.08000000000000326,0.08,13,0.013333333333333336,0.011547005383792518,0.9993134501052406,0.0006865498947593585,5.2425,311.2745765019208,8.0
H,terminal_value_shifted,2024,0.06172133998484,0.01234426799697,0.04937707198787,0.08000000000000326,0.08,13,0.013333333333333336,0.011547005383792518,0.9980873662883494,0.0019126337116506242,5.2425,311.2745765019208,8.0
H,terminal_value_shifted,2025,0.06172133998484,0.04937707198787,-0.01234426799697,0.08000000000000328,0.08,13,0.013333333333333336,0.011547005383792518,0.9995551906351512,0.0004448093648488083,5.2425,311.2745765019208,8.0
H,terminal_value_shifted,2026,0.06172133998484,0.04937707198787,0.01234426799697,0.08000000000000328,0.08,13,0.013333333333333336,0.011547005383792518,0.9991665863507929,0.000833413649207082,5.2425,311.2745765019208,8.0
H,terminal_value_shifted,2027,0.06246950475544,-0.04997560380435,0.0,0.07999999999999564,0.08,13,0.013333333333333336,0.011547005383792518,0.9995257633073337,0.00047423669266632995,5.2425,311.2745765019208,8.0
H,terminal_value_shifted,2028,0.06246950475544,0.0,-0.04997560380435,0.07999999999999564,0.08,13,0.013333333333333336,0.011547005383792518,0.9992695168721182,0.0007304831278818202,5.2425,311.2745765019208,8.0
H,terminal_value_shifted,2029,0.06246950475544,0.0,0.04997560380435,0.07999999999999564,0.08,13,0.013333333333333336,0.011547005383792518,0.9981218396933094,0.001878160306690635,5.2425,311.2745765019208,8.0
H,terminal_value_shifted,2030,0.06246950475544,0.04997560380435,0.0,0.07999999999999564,0.08,13,0.013333333333333336,0.011547005383792518,0.9994072414803516,0.0005927585196483509,5.2425,311.2745765019208,8.0
H,terminal_value_shifted,2031,0.06414269805898,-0.04276179870599,-0.02138089935299,0.07999999999999859,0.08,13,0.013333333333333336,0.011547005383792518,0.9995779489253865,0.0004220510746134609,5.2425,311.2745765019208,8.0
H,terminal_value_shifted,2032,0.06414269805898,-0.04276179870599,0.02138089935299,0.07999999999999859,0.08,13,0.013333333333333336,0.011547005383792518,0.9991812069255195,0.0008187930744805172,5.2425,311.2745765019208,8.0
H,terminal_value_shifted,2033,0.06414269805898,-0.02138089935299,-0.04276179870599,0.07999999999999859,0.08,13,0.013333333333333336,0.011547005383792518,0.9993619982499723,0.0006380017500277058,5.2425,311.2745765019208,8.0
H,terminal_value_shifted,2034,0.06414269805898,-0.02138089935299,0.04276179870599,0.07999999999999859,0.08,13,0.013333333333333336,0.011547005383792518,0.9984956967960467,0.0015043032039533388,5.2425,311.2745765019208,8.0
H,terminal_value_shifted,2035,0.06414269805898,0.02138089935299,-0.04276179870599,0.07999999999999859,0.08,13,0.013333333333333336,0.011547005383792518,0.9994358834393695,0.0005641165606304899,5.2425,311.2745765019208,8.0
H,terminal_value_shifted,2036,0.06414269805898,0.02138089935299,0.04276179870599,0.07999999999999859,0.08,13,0.013333333333333336,0.011547005383792518,0.9983219374224672,0.0016780625775327795,5.2425,311.2745765019208,8.0
H,terminal_value_shifted,2037,0.06414269805898,0.04276179870599,-0.02138089935299,0.07999999999999859,0.08,13,0.013333333333333336,0.011547005383792518,0.9995969137428513,0.0004030862571486882,5.2425,311.2745765019208,8.0
H,terminal_value_shifted,2038,0.06414269805898,0.04276179870599,0.02138089935299,0.07999999999999859,0.08,13,0.013333333333333336,0.011547005383792518,0.9989564133832668,0.0010435866167332053,5.2425,311.2745765019208,8.0
H,terminal_value_shifted,2039,0.06488856845231,-0.03893314107138,-0.02595542738092,0.08000000000000193,0.08,13,0.013333333333333336,0.011547005383792518,0.9995520117111498,0.0004479882888501763,5.2425,311.2745765019208,8.0
H,terminal_value_shifted,2040,0.06488856845231,-0.03893314107138,0.02595542738092,0.08000000000000193,0.08,13,0.013333333333333336,0.011547005383792518,0.9990664840063992,0.0009335159936008086,5.2425,311.2745765019208,8.0
H,terminal_value_shifted,2041,0.06488856845231,-0.02595542738092,-0.03893314107138,0.08000000000000193,0.08,13,0.013333333333333336,0.011547005383792518,0.9994164145699055,0.0005835854300945131,5.2425,311.2745765019208,8.0
H,terminal_value_shifted,2042,0.06488856845231,-0.02595542738092,0.03893314107138,0.08000000000000193,0.08,13,0.013333333333333336,0.011547005383792518,0.9986480361962151,0.0013519638037848836,5.2425,311.2745765019208,8.0
H,terminal_value_shifted,2043,0.06488856845231,0.02595542738092,-0.03893314107138,0.08000000000000193,0.08,13,0.013333333333333336,0.011547005383792518,0.9994912837038095,0.0005087162961905367,5.2425,311.2745765019208,8.0
H,terminal_value_shifted,2044,0.06488856845231,0.02595542738092,0.03893314107138,0.08000000000000193,0.08,13,0.013333333333333336,0.011547005383792518,0.9984492234719846,0.0015507765280153851,5.2425,311.2745765019208,8.0
H,terminal_value_shifted,2045,0.06488856845231,0.03893314107138,-0.02595542738092,0.08000000000000193,0.08,13,0.013333333333333336,0.011547005383792518,0.9995930404700485,0.00040695952995151163,5.2425,311.2745765019208,8.0
H,terminal_value_shifted,2046,0.06488856845231,0.03893314107138,0.02595542738092,0.08000000000000193,0.08,13,0.013333333333333336,0.011547005383792518,0.9988364590280153,0.0011635409719846779,5.2425,311.2745765019208,8.0
H,terminal_value_shifted,2047,0.06531972647422,-0.03265986323711,-0.03265986323711,0.08000000000000236,0.08,13,0.013333333333333336,0.011547005383792518,0.9994924867698891,0.0005075132301108898,5.2425,311.2745765019208,8.0
H,terminal_value_shifted,2048,0.06531972647422,-0.03265986323711,0.03265986323711,0.08000000000000236,0.08,13,0.013333333333333336,0.011547005383792518,0.9988682570009696,0.001131742999030405,5.2425,311.2745765019208,8.0
H,terminal_value_shifted,2049,0.06531972647422,0.03265986323711,-0.03265986323711,0.08000000000000236,0.08,13,0.013333333333333336,0.011547005383792518,0.9995571579879462,0.00044284201205380125,5.2425,311.2745765019208,8.0
H,terminal_value_shifted,2050,0.06531972647422,0.03265986323711,0.03265986323711,0.08000000000000236,0.08,13,0.013333333333333336,0.011547005383792518,0.9986449382010996,0.0013550617989004365,5.2425,311.2745765019208,8.0
H,terminal_value_shifted,2051,0.06593307069537,-0.04395538046358,-0.0109888451159,0.0799999999999998,0.08,13,0.013333333333333336,0.011547005383792518,0.9995890120549964,0.0004109879450036047,5.2425,311.2745765019208,8.0
H,terminal_value_shifted,2052,0.06593307069537,-0.04395538046358,0.0109888451159,0.0799999999999998,0.08,13,0.013333333333333336,0.011547005383792518,0.9993882454298674,0.0006117545701326277,5.2425,311.2745765019208,8.0
H,terminal_value_shifted,2053,0.06593307069537,-0.0109888451159,-0.04395538046358,0.0799999999999998,0.08,13,0.013333333333333336,0.011547005383792518,0.999351283578416,0.0006487164215840391,5.2425,311.2745765019208,8.0
H,terminal_value_shifted,2054,0.06593307069537,-0.0109888451159,0.04395538046358,0.0799999999999998,0.08,13,0.013333333333333336,0.011547005383792518,0.9984195835934557,0.0015804164065442716,5.2425,311.2745765019208,8.0
H,terminal_value_shifted,2055,0.06593307069537,0.0109888451159,-0.04395538046358,0.0799999999999998,0.08,13,0.013333333333333336,0.011547005383792518,0.9993906790090052,0.000609320990994755,5.2425,311.2745765019208,8.0
H,terminal_value_shifted,2056,0.06593307069537,0.0109888451159,0.04395538046358,0.0799999999999998,0.08,13,0.013333333333333336,0.011547005383792518,0.998326914189225,0.0016730858107749658,5.2425,311.2745765019208,8.0
H,terminal_value_shifted,2057,0.06593307069537,0.04395538046358,-0.0109888451159,0.0799999999999998,0.08,13,0.013333333333333336,0.011547005383792518,0.999543953815095,0.00045604618490502347,5.2425,311.2745765019208,8.0
H,terminal_value_shifted,2058,0.06593307069537,0.04395538046358,0.0109888451159,0.0799999999999998,0.08,13,0.013333333333333336,0.011547005383792518,0.9992138108783477,0.000786189121652292,5.2425,311.2745765019208,8.0
H,terminal_value_shifted,2059,0.06656402354703,-0.04437601569802,0.0,0.08000000000000301,0.08,13,0.013333333333333336,0.011547005383792518,0.9995277598401977,0.00047224015980229517,5.2425,311.2745765019208,8.0
H,terminal_value_shifted,2060,0.06656402354703,0.0,-0.04437601569802,0.08000000000000301,0.08,13,0.013333333333333336,0.011547005383792518,0.9993606050745869,0.0006393949254130948,5.2425,311.2745765019208,8.0
H,terminal_value_shifted,2061,0.06656402354703,0.0,0.04437601569802,0.08000000000000301,0.08,13,0.013333333333333336,0.011547005383792518,0.9983605096611168,0.0016394903388832205,5.2425,311.2745765019208,8.0
H,terminal_value_shifted,2062,0.06656402354703,0.04437601569802,0.0,0.08000000000000301,0.08,13,0.013333333333333336,0.011547005383792518,0.9994155476488067,0.0005844523511933097,5.2425,311.2745765019208,8.0
H,terminal_value_shifted,2063,0.06666666666667,-0.04,-0.01333333333333,0.07888106377466379,0.08,13,0.013333333333333336,0.011547005383792518,0.999590589075783,0.00040941092421697967,5.2425,311.2745765019208,8.0
H,terminal_value_shifted,2064,0.06666666666667,-0.04,0.0,0.07774602526460686,0.08,13,0.013333333333333336,0.011547005383792518,0.999522950196259,0.00047704980374096984,5.2425,311.2745765019208,8.0
H,terminal_value_shifted,2065,0.06666666666667,-0.04,0.01333333333333,0.07888106377466379,0.08,13,0.013333333333333336,0.011547005383792518,0.9993446083771711,0.0006553916228289047,5.2425,311.2745765019208,8.0
H,terminal_value_shifted,2066,0.06666666666667,-0.02666666666667,-0.02666666666667,0.07659416862051227,0.08,13,0.013333333333333336,0.011547005383792518,0.9995465036468905,0.0004534963531095393,5.2425,311.2745765019208,8.0
H,terminal_value_shifted,2067,0.06666666666667,-0.02666666666667,-0.01333333333333,0.0730296743340258,0.08,13,0.013333333333333336,0.011547005383792518,0.9995834065653877,0.00041659343461231124,5.2425,311.2745765019208,8.0
H,terminal_value_shifted,2068,0.06666666666667,-0.02666666666667,0.0,0.07180219742846439,0.08,13,0.013333333333333336,0.011547005383792518,0.9995084961486767,0.0004915038513233494,5.2425,311.2745765019208,8.0
H,terminal_value_shifted,2069,0.06666666666667,-0.02666666666667,0.01333333333333,0.0730296743340258,0.08,13,0.013333333333333336,0.011547005383792518,0.999322579760674,0.0006774202393260431,5.2425,311.2745765019208,8.0
H,terminal_value_shifted,2070,0.06666666666667,-0.02666666666667,0.02666666666667,0.07659416862051227,0.08,13,0.013333333333333336,0.011547005383792518,0.9990261014852776,0.0009738985147224044,5.2425,311.2745765019208,8.0
H,terminal_value_shifted,2071,0.06666666666667,-0.01333333333333,-0.04,0.07888106377466379,0.08,13,0.013333333333333336,0.011547005383792518,0.999409654787418,0.0005903452125820552,5.2425,311.2745765019208,8.0
H,terminal_value_shifted,2072,0.06666666666667,-0.01333333333333,-0.02666666666667,0.0730296743340258,0.08,13,0.013333333333333336,0.011547005383792518,0.9995504932716106,0.00044950672838939276,5.2425,311.2745765019208,8.0
H,terminal_value_shifted,2073,0.06666666666667,-0.01333333333333,-0.01333333333333,0.06928203230275702,0.08,13,0.013333333333333336,0.011547005383792518,0.9995786801383959,0.00042131986160409696,5.2425,311.2745765019208,8.0
H,terminal_value_shifted,2074,0.06666666666667,-0.01333333333333,0.0,0.06798692684790641,0.08,13,0.013333333333333336,0.011547005383792518,0.999495008018911,0.000504991981088998,5.2425,311.2745765019208,8.0
H,terminal_value_shifted,2075,0.06666666666667,-0.01333333333333,0.01333333333333,0.06928203230275702,0.08,13,0.013333333333333336,0.011547005383792518,0.9992999279461035,0.0007000720538965499,5.2425,311.2745765019208,8.0
H,terminal_value_shifted,2076,0.06666666666667,-0.01333333333333,0.02666666666667,0.0730296743340258,0.08,13,0.013333333333333336,0.011547005383792518,0.9989935489159272,0.0010064510840728236,5.2425,311.2745765019208,8.0
H,terminal_value_shifted,2077,0.06666666666667,-0.01333333333333,0.04,0.07888106377466379,0.08,13,0.013333333333333336,0.011547005383792518,0.998575640751985,0.0014243592480149836,5.2425,311.2745765019208,8.0
H,terminal_value_shifted,2078,0.06666666666667,0.0,-0.04,0.07774602526460686,0.08,13,0.013333333333333336,0.011547005383792518,0.9994276835751805,0.0005723164248194745,5.2425,311.2745765019208,8.0
H,terminal_value_shifted,2079,0.06666666666667,0.0,-0.02666666666667,0.07180219742846439,0.08,13,0.013333333333333336,0.011547005383792518,0.9995579604161163,0.0004420395838836688,5.2425,311.2745765019208,8.0
H,terminal_value_shifted,2080,0.06666666666667,0.0,-0.01333333333333,0.06798692684790641,0.08,13,0.013333333333333336,0.011547005383792518,0.9995758240142921,0.0004241759857078753,5.2425,311.2745765019208,8.0
H,terminal_value_shifted,2081,0.06666666666667,0.0,0.0,0.06666666666667,0.08,13,0.013333333333333336,0.011547005383792518,0.9994816955558433,0.0005183044441566809,5.2425,311.2745765019208,8.0
H,terminal_value_shifted,2082,0.06666666666667,0.0,0.01333333333333,0.06798692684790641,0.08,13,0.013333333333333336,0.011547005383792518,0.9992756750211046,0.0007243249788954076,5.2425,311.2745765019208,8.0
H,terminal_value_shifted,2083,0.06666666666667,0.0,0.02666666666667,0.07180219742846439,0.08,13,0.013333333333333336,0.011547005383792518,0.9989575406376727,0.0010424593623272749,5.2425,311.2745765019208,8.0
H,terminal_value_shifted,2084,0.06666666666667,0.0,0.04,0.07774602526460686,0.08,13,0.013333333333333336,0.011547005383792518,0.998526751637155,0.0014732483628450144,5.2425,311.2745765019208,8.0
H,terminal_value_shifted,2085,0.06666666666667,0.01333333333333,-0.04,0.07888106377466379,0.08,13,0.013333333333333336,0.011547005383792518,0.9994499002831143,0.000550099716885688,5.2425,311.2745765019208,8.0
H,terminal_value_shifted,2086,0.06666666666667,0.01333333333333,-0.02666666666667,0.0730296743340258,0.08,13,0.013333333333333336,0.011547005383792518,0.9995678652645464,0.00043213473545355985,5.2425,311.2745765019208,8.0
H,terminal_value_shifted,2087,0.06666666666667,0.01333333333333,-0.01333333333333,0.06928203230275702,0.08,13,0.013333333333333336,0.011547005383792518,0.9995735790612652,0.00042642093873479503,5.2425,311.2745765019208,8.0
H,terminal_value_shifted,2088,0.06666666666667,0.01333333333333,0.0,0.06798692684790641,0.08,13,0.013333333333333336,0.011547005383792518,0.9994670970719729,0.0005329029280271014,5.2425,311.2745765019208,8.0
H,terminal_value_shifted,2089,0.06666666666667,0.01333333333333,0.01333333333333,0.06928203230275702,0.08,13,0.013333333333333336,0.011547005383792518,0.9992481728158469,0.0007518271841531199,5.2425,311.2745765019208,8.0
H,terminal_value_shifted,2090,0.06666666666667,0.01333333333333,0.02666666666667,0.0730296743340258,0.08,13,0.013333333333333336,0.011547005383792518,0.9989162574530941,0.001083742546905908,5.2425,311.2745765019208,8.0
H,terminal_value_shifted,2091,0.06666666666667,0.01333333333333,0.04,0.07888106377466379,0.08,13,0.013333333333333336,0.011547005383792518,0.9984705026122815,0.0015294973877184592,5.2425,311.2745765019208,8.0
H,terminal_value_shifted,2092,0.06666666666667,0.02666666666667,-0.02666666666667,0.07659416862051227,0.08,13,0.013333333333333336,0.011547005383792518,0.9995785380842959,0.0004214619157041355,5.2425,311.2745765019208,8.0
H,terminal_value_shifted,2093,0.06666666666667,0.02666666666667,-0.01333333333333,0.0730296743340258,0.08,13,0.013333333333333336,0.011547005383792518,0.9995700590969567,0.0004299409030432688,5.2425,311.2745765019208,8.0
H,terminal_value_shifted,2094,0.06666666666667,0.02666666666667,0.0,0.07180219742846439,0.08,13,0.013333333333333336,0.011547005383792518,0.9994491257820453,0.0005508742179547443,5.2425,311.2745765019208,8.0
H,terminal_value_shifted,2095,0.06666666666667,0.02666666666667,0.01333333333333,0.0730296743340258,0.08,13,0.013333333333333336,0.011547005383792518,0.9992151492523665,0.0007848507476334587,5.2425,311.2745765019208,8.0
H,terminal_value_shifted,2096,0.06666666666667,0.02666666666667,0.02666666666667,0.07659416862051227,0.08,13,0.013333333333333336,0.011547005383792518,0.9988672568339226,0.0011327431660773657,5.2425,311.2745765019208,8.0
H,terminal_value_shifted,2097,0.06666666666667,0.04,-0.01333333333333,0.07888106377466379,0.08,13,0.013333333333333336,0.011547005383792518,0.9995627896927513,0.00043721030724874765,5.2425,311.2745765019208,8.0
H,terminal_value_shifted,2098,0.06666666666667,0.04,0.0,0.07774602526460686,0.08,13,0.013333333333333336,0.011547005383792518,0.9994251089465453,0.0005748910534546514,5.2425,311.2745765019208,8.0
H,terminal_value_shifted,2099,0.06666666666667,0.04,0.01333333333333,0.07888106377466379,0.08,13,0.013333333333333336,0.011547005383792518,0.9991737478216414,0.000826252178358633,5.2425,311.2745765019208,8.0
H,terminal_value_shifted,2100,0.06857142857143,-0.03428571428571,-0.02285714285714,0.07999999999999857,0.08,13,0.013333333333333336,0.011547005383792518,0.9995685501514823,0.0004314498485177287,5.2425,311.2745765019208,8.0
H,terminal_value_shifted,2101,0.06857142857143,-0.03428571428571,0.02285714285714,0.07999999999999857,0.08,13,0.013333333333333336,0.011547005383792518,0.9991431950992589,0.0008568049007411371,5.2425,311.2745765019208,8.0
H,terminal_value_shifted,2102,0.06857142857143,-0.02285714285714,-0.03428571428571,0.07999999999999857,0.08,13,0.013333333333333336,0.011547005383792518,0.9994739108951125,0.0005260891048874949,5.2425,311.2745765019208,8.0
H,terminal_value_shifted,2103,0.06857142857143,-0.02285714285714,0.03428571428571,0.07999999999999857,0.08,13,0.013333333333333336,0.011547005383792518,0.9988013427348628,0.0011986572651372374,5.2425,311.2745765019208,8.0
H,terminal_value_shifted,2104,0.06857142857143,0.02285714285714,-0.03428571428571,0.07999999999999857,0.08,13,0.013333333333333336,0.011547005383792518,0.9995221587165612,0.0004778412834387513,5.2425,311.2745765019208,8.0
H,terminal_value_shifted,2105,0.06857142857143,0.02285714285714,0.03428571428571,0.07999999999999857,0.08,13,0.013333333333333336,0.011547005383792518,0.9986345160466826,0.0013654839533173702,5.2425,311.2745765019208,8.0
H,terminal_value_shifted,2106,0.06857142857143,0.03428571428571,-0.02285714285714,0.07999999999999857,0.08,13,0.013333333333333336,0.011547005383792518,0.9995858621124125,0.0004141378875874846,5.2425,311.2745765019208,8.0
H,terminal_value_shifted,2107,0.06857142857143,0.03428571428571,0.02285714285714,0.07999999999999857,0.08,13,0.013333333333333336,0.011547005383792518,0.9989469851125152,0.0010530148874847711,5.2425,311.2745765019208,8.0
H,terminal_value_shifted,2108,0.07077213895435,-0.03538606947718,-0.01179535649239,0.08000000000000126,0.08,13,0.013333333333333336,0.011547005383792518,0.9995871625649004,0.0004128374350995667,5.2425,311.2745765019208,8.0
H,terminal_value_shifted,2109,0.07077213895435,-0.03538606947718,0.01179535649239,0.08000000000000126,0.08,13,0.013333333333333336,0.011547005383792518,0.9993716153988393,0.0006283846011606586,5.2425,311.2745765019208,8.0
H,terminal_value_shifted,2110,0.07077213895435,-0.01179535649239,-0.03538606947718,0.08000000000000126,0.08,13,0.013333333333333336,0.011547005383792518,0.9994641766867896,0.0005358233132104484,5.2425,311.2745765019208,8.0
H,terminal_value_shifted,2111,0.07077213895435,-0.01179535649239,0.03538606947718,0.08000000000000126,0.08,13,0.013333333333333336,0.011547005383792518,0.9987356557490474,0.0012643442509525649,5.2425,311.2745765019208,8.0
H,terminal_value_shifted,2112,0.07077213895435,0.01179535649239,-0.03538606947718,0.08000000000000126,0.08,13,0.013333333333333336,0.011547005383792518,0.99948994333107,0.0005100566689300035,5.2425,311.2745765019208,8.0
H,terminal_value_shifted,2113,0.07077213895435,0.01179535649239,0.03538606947718,0.08000000000000126,0.08,13,0.013333333333333336,0.011547005383792518,0.9986456069064589,0.0013543930935411286,5.2425,311.2745765019208,8.0
H,terminal_value_shifted,2114,0.07077213895435,0.03538606947718,-0.01179535649239,0.08000000000000126,0.08,13,0.013333333333333336,0.011547005383792518,0.9995476089908728,0.00045239100912719543,5.2425,311.2745765019208,8.0
H,terminal_value_shifted,2115,0.07077213895435,0.03538606947718,0.01179535649239,0.08000000000000126,0.08,13,0.013333333333333336,0.011547005383792518,0.9992176402421852,0.0007823597578148211,5.2425,311.2745765019208,8.0
H,terminal_value_shifted,2116,0.07155417527999,-0.03577708764,0.0,0.07999999999999859,0.08,13,0.013333333333333336,0.011547005383792518,0.9995242027530501,0.000475797246949905,5.2425,311.2745765019208,8.0
H,terminal_value_shifted,2117,0.07155417527999,0.0,-0.03577708764,0.07999999999999859,0.08,13,0.013333333333333336,0.011547005383792518,0.9994690542229805,0.0005309457770195092,5.2425,311.2745765019208,8.0
H,terminal_value_shifted,2118,0.07155417527999,0.0,0.03577708764,0.07999999999999859,0.08,13,0.013333333333333336,0.011547005383792518,0.9986807165673012,0.0013192834326988256,5.2425,311.2745765019208,8.0
H,terminal_value_shifted,2119,0.07155417527999,0.03577708764,0.0,0.07999999999999859,0.08,13,0.013333333333333336,0.011547005383792518,0.9994247431450642,0.0005752568549357573,5.2425,311.2745765019208,8.0
H,terminal_value_shifted,2120,0.07236272269866,-0.02412090756622,-0.02412090756622,0.07999999999999638,0.08,13,0.013333333333333336,0.011547005383792518,0.9995572367489634,0.0004427632510366486,5.2425,311.2745765019208,8.0
H,terminal_value_shifted,2121,0.07236272269866,-0.02412090756622,0.02412090756622,0.07999999999999638,0.08,13,0.013333333333333336,0.011547005383792518,0.9990970335632904,0.000902966436709618,5.2425,311.2745765019208,8.0
H,terminal_value_shifted,2122,0.07236272269866,0.02412090756622,-0.02412090756622,0.07999999999999638,0.08,13,0.013333333333333336,0.011547005383792518,0.9995697456794723,0.00043025432052767876,5.2425,311.2745765019208,8.0
H,terminal_value_shifted,2123,0.07236272269866,0.02412090756622,0.02412090756622,0.07999999999999638,0.08,13,0.013333333333333336,0.011547005383792518,0.9989480800638713,0.0010519199361287423,5.2425,311.2745765019208,8.0
H,terminal_value_shifted,2124,0.07496340570653,-0.02498780190218,-0.01249390095109,0.08000000000000033,0.08,13,0.013333333333333336,0.011547005383792518,0.9995798086756659,0.0004201913243341293,5.2425,311.2745765019208,8.0
H,terminal_value_shifted,2125,0.07496340570653,-0.02498780190218,0.01249390095109,0.08000000000000033,0.08,13,0.013333333333333336,0.011547005383792518,0.9993459617197755,0.0006540382802244782,5.2425,311.2745765019208,8.0
H,terminal_value_shifted,2126,0.07496340570653,-0.01249390095109,-0.02498780190218,0.08000000000000033,0.08,13,0.013333333333333336,0.011547005383792518,0.9995483081976761,0.0004516918023238503,5.2425,311.2745765019208,8.0
H,terminal_value_shifted,2127,0.07496340570653,-0.01249390095109,0.02498780190218,0.08000000000000033,0.08,13,0.013333333333333336,0.011547005383792518,0.9990466735337202,0.0009533264662797691,5.2425,311.2745765019208,8.0
H,terminal_value_shifted,2128,0.07496340570653,0.01249390095109,-0.02498780190218,0.08000000000000033,0.08,13,0.013333333333333336,0.011547005383792518,0.9995546095140233,0.0004453904859766933,5.2425,311.2745765019208,8.0
H,terminal_value_shifted,2129,0.07496340570653,0.01249390095109,0.02498780190218,0.08000000000000033,0.08,13,0.013333333333333336,0.011547005383792518,0.9989652504283315,0.0010347495716684918,5.2425,311.2745765019208,8.0
H,terminal_value_shifted,2130,0.07496340570653,0.02498780190218,-0.01249390095109,0.08000000000000033,0.08,13,0.013333333333333336,0.011547005383792518,0.9995485524571056,0.0004514475428943898,5.2425,311.2745765019208,8.0
H,terminal_value_shifted,2131,0.07496340570653,0.02498780190218,0.01249390095109,0.08000000000000033,0.08,13,0.013333333333333336,0.011547005383792518,0.9992274103342539,0.0007725896657461151,5.2425,311.2745765019208,8.0
H,terminal_value_shifted,2132,0.07589466384404,-0.02529822128135,0.0,0.07999999999999989,0.08,13,0.013333333333333336,0.011547005383792518,0.9995126340023994,0.0004873659976005751,5.2425,311.2745765019208,8.0
H,terminal_value_shifted,2133,0.07589466384404,0.0,-0.02529822128135,0.07999999999999989,0.08,13,0.013333333333333336,0.011547005383792518,0.9995466353139703,0.00045336468602974467,5.2425,311.2745765019208,8.0
H,terminal_value_shifted,2134,0.07589466384404,0.0,0.02529822128135,0.07999999999999989,0.08,13,0.013333333333333336,0.011547005383792518,0.9989998023594976,0.0010001976405024093,5.2425,311.2745765019208,8.0
H,terminal_value_shifted,2135,0.07589466384404,0.02529822128135,0.0,0.07999999999999989,0.08,13,0.013333333333333336,0.011547005383792518,0.9994352193408316,0.000564780659168429,5.2425,311.2745765019208,8.0
H,terminal_value_shifted,2136,0.07786628214277,-0.01297771369046,-0.01297771369046,0.08000000000000354,0.08,13,0.013333333333333336,0.011547005383792518,0.9995687635355774,0.0004312364644225575,5.2425,311.2745765019208,8.0
H,terminal_value_shifted,2137,0.07786628214277,-0.01297771369046,0.01297771369046,0.08000000000000354,0.08,13,0.013333333333333336,0.011547005383792518,0.9993127362934626,0.0006872637065373777,5.2425,311.2745765019208,8.0
H,terminal_value_shifted,2138,0.07786628214277,0.01297771369046,-0.01297771369046,0.08000000000000354,0.08,13,0.013333333333333336,0.011547005383792518,0.9995509127904634,0.00044908720953662495,5.2425,311.2745765019208,8.0
H,terminal_value_shifted,2139,0.07786628214277,0.01297771369046,0.01297771369046,0.08000000000000354,0.08,13,0.013333333333333336,0.011547005383792518,0.9992471507858237,0.0007528492141762877,5.2425,311.2745765019208,8.0
H,terminal_value_shifted,2140,0.07891151390657,-0.01315191898443,0.0,0.07999999999999875,0.08,13,0.013333333333333336,0.011547005383792518,0.9994936181970918,0.0005063818029081846,5.2425,311.2745765019208,8.0
H,terminal_value_shifted,2141,0.07891151390657,0.0,-0.01315191898443,0.07999999999999875,0.08,13,0.013333333333333336,0.011547005383792518,0.9995578574935235,0.0004421425064764506,5.2425,311.2745765019208,8.0
H,terminal_value_shifted,2142,0.07891151390657,0.0,0.01315191898443,0.07999999999999875,0.08,13,0.013333333333333336,0.011547005383792518,0.9992772771069829,0.0007227228930171137,5.2425,311.2745765019208,8.0
H,terminal_value_shifted,2143,0.07891151390657,0.01315191898443,0.0,0.07999999999999875,0.08,13,0.013333333333333336,0.011547005383792518,0.9994503151061229,0.0005496848938770782,5.2425,311.2745765019208,8.0
H,terminal_value_shifted,2144,0.08,0.0,0.0,0.08,0.08,13,0.013333333333333336,0.011547005383792518,0.9994709518805756,0.0005290481194244467,5.2425,311.2745765019208,8.0
