system,controller,eval_strength,noise_case,gamma_phi,gamma_relax,seed,final_fidelity,final_leakage,max_leakage,tail_infidelity_mean,final_purity,pulse_energy,segments,training_seconds,training_objective,optimizer_iterations,optimizer_success,full_pulse_label,reference_stages,leakage_cap,cap_weight,mean_leakage_weight,worst_weight,tail_target_weight,trust_radius,slew_weight,pulse_slew_rms,pulse_slew_max,pulse_abs_max
five_level_weak_anharmonic,fullpulse_target_push_reference,0.03,static_only,0.0,0.0,10,0.8941265268902663,0.00017552123258035568,0.08054472987971151,0.08258916311230323,0.9999970212515041,0.003248596247933023,120,104.35055383224972,0.2609877501479827,1917,False,target-push reference,"a=0.8,lw=1.5,r=0.04,w=0.25; a=1,lw=0.8,r=0.02,w=0.25; a=1,lw=0.5,r=0.015,w=0.25",,,,,,,,0.025261931713638646,0.1,0.12
five_level_weak_anharmonic,fullpulse_target_push_reference,0.03,static_only,0.0,0.0,11,0.9277408118405542,0.0008738127540028895,0.09205215391700505,0.08339311959424776,0.9999963845453586,0.003248596247933023,120,104.35055383224972,0.2609877501479827,1917,False,target-push reference,"a=0.8,lw=1.5,r=0.04,w=0.25; a=1,lw=0.8,r=0.02,w=0.25; a=1,lw=0.5,r=0.015,w=0.25",,,,,,,,0.025261931713638646,0.1,0.12
five_level_weak_anharmonic,fullpulse_target_push_reference,0.03,static_only,0.0,0.0,12,0.971037618338041,0.0010055977576547415,0.0825022513327307,0.0484473405010724,0.9999966714405917,0.003248596247933023,120,104.35055383224972,0.2609877501479827,1917,False,target-push reference,"a=0.8,lw=1.5,r=0.04,w=0.25; a=1,lw=0.8,r=0.02,w=0.25; a=1,lw=0.5,r=0.015,w=0.25",,,,,,,,0.025261931713638646,0.1,0.12
five_level_weak_anharmonic,fullpulse_target_push_reference,0.03,static_only,0.0,0.0,13,0.8967202009630825,0.0005035650655058621,0.07728407313567875,0.12178802240812488,0.9999973890139453,0.003248596247933023,120,104.35055383224972,0.2609877501479827,1917,False,target-push reference,"a=0.8,lw=1.5,r=0.04,w=0.25; a=1,lw=0.8,r=0.02,w=0.25; a=1,lw=0.5,r=0.015,w=0.25",,,,,,,,0.025261931713638646,0.1,0.12
five_level_weak_anharmonic,fullpulse_target_push_reference,0.03,static_only,0.0,0.0,14,0.9147952206636982,0.001062576493798928,0.0684320633894242,0.09749666786621106,0.9999971424977797,0.003248596247933023,120,104.35055383224972,0.2609877501479827,1917,False,target-push reference,"a=0.8,lw=1.5,r=0.04,w=0.25; a=1,lw=0.8,r=0.02,w=0.25; a=1,lw=0.5,r=0.015,w=0.25",,,,,,,,0.025261931713638646,0.1,0.12
five_level_weak_anharmonic,fullpulse_target_push_reference,0.03,static_only,0.0,0.0,15,0.993700302412272,0.0009835164388484197,0.08827048129721593,0.0027248553369756756,0.9999967937697264,0.003248596247933023,120,104.35055383224972,0.2609877501479827,1917,False,target-push reference,"a=0.8,lw=1.5,r=0.04,w=0.25; a=1,lw=0.8,r=0.02,w=0.25; a=1,lw=0.5,r=0.015,w=0.25",,,,,,,,0.025261931713638646,0.1,0.12
five_level_weak_anharmonic,fullpulse_target_push_reference,0.03,static_only,0.0,0.0,16,0.981941761201738,0.0004494124186613657,0.09594904065392718,0.030947357385931795,0.9999966427890461,0.003248596247933023,120,104.35055383224972,0.2609877501479827,1917,False,target-push reference,"a=0.8,lw=1.5,r=0.04,w=0.25; a=1,lw=0.8,r=0.02,w=0.25; a=1,lw=0.5,r=0.015,w=0.25",,,,,,,,0.025261931713638646,0.1,0.12
five_level_weak_anharmonic,fullpulse_target_push_reference,0.03,static_only,0.0,0.0,17,0.9173302738108107,0.0009307630625698948,0.07150995915925829,0.04953037993203746,0.9999977016897901,0.003248596247933023,120,104.35055383224972,0.2609877501479827,1917,False,target-push reference,"a=0.8,lw=1.5,r=0.04,w=0.25; a=1,lw=0.8,r=0.02,w=0.25; a=1,lw=0.5,r=0.015,w=0.25",,,,,,,,0.025261931713638646,0.1,0.12
five_level_weak_anharmonic,fullpulse_target_push_reference,0.03,static_only,0.0,0.0,18,0.9833052255608559,0.0009618947008092071,0.07686657910819572,0.007206136577823119,0.9999971596495074,0.003248596247933023,120,104.35055383224972,0.2609877501479827,1917,False,target-push reference,"a=0.8,lw=1.5,r=0.04,w=0.25; a=1,lw=0.8,r=0.02,w=0.25; a=1,lw=0.5,r=0.015,w=0.25",,,,,,,,0.025261931713638646,0.1,0.12
five_level_weak_anharmonic,fullpulse_target_push_reference,0.03,static_only,0.0,0.0,19,0.9699380352863575,0.0007526476224348766,0.07164639314348642,0.045898659131150994,0.9999967167020389,0.003248596247933023,120,104.35055383224972,0.2609877501479827,1917,False,target-push reference,"a=0.8,lw=1.5,r=0.04,w=0.25; a=1,lw=0.8,r=0.02,w=0.25; a=1,lw=0.5,r=0.015,w=0.25",,,,,,,,0.025261931713638646,0.1,0.12
five_level_weak_anharmonic,fullpulse_target_push_reference,0.03,static_only,0.0,0.0,20,0.9291582074567339,0.0004593023778166616,0.08505512803812543,0.07130706486206256,0.9999971047535886,0.003248596247933023,120,104.35055383224972,0.2609877501479827,1917,False,target-push reference,"a=0.8,lw=1.5,r=0.04,w=0.25; a=1,lw=0.8,r=0.02,w=0.25; a=1,lw=0.5,r=0.015,w=0.25",,,,,,,,0.025261931713638646,0.1,0.12
five_level_weak_anharmonic,fullpulse_target_push_reference,0.03,static_only,0.0,0.0,21,0.9841980695606318,0.001443370984664294,0.0674648607018431,0.02036124557369616,0.9999970483055334,0.003248596247933023,120,104.35055383224972,0.2609877501479827,1917,False,target-push reference,"a=0.8,lw=1.5,r=0.04,w=0.25; a=1,lw=0.8,r=0.02,w=0.25; a=1,lw=0.5,r=0.015,w=0.25",,,,,,,,0.025261931713638646,0.1,0.12
five_level_weak_anharmonic,fullpulse_target_push_reference,0.03,static_only,0.0,0.0,22,0.9552618380440119,0.00048295233814255045,0.07870274232737606,0.05318136609432462,0.9999965287764909,0.003248596247933023,120,104.35055383224972,0.2609877501479827,1917,False,target-push reference,"a=0.8,lw=1.5,r=0.04,w=0.25; a=1,lw=0.8,r=0.02,w=0.25; a=1,lw=0.5,r=0.015,w=0.25",,,,,,,,0.025261931713638646,0.1,0.12
five_level_weak_anharmonic,fullpulse_target_push_reference,0.03,static_only,0.0,0.0,23,0.9897396291579456,0.0006393641069757372,0.07376812793274778,0.020417601437421745,0.9999970803429287,0.003248596247933023,120,104.35055383224972,0.2609877501479827,1917,False,target-push reference,"a=0.8,lw=1.5,r=0.04,w=0.25; a=1,lw=0.8,r=0.02,w=0.25; a=1,lw=0.5,r=0.015,w=0.25",,,,,,,,0.025261931713638646,0.1,0.12
five_level_weak_anharmonic,fullpulse_target_push_reference,0.03,static_only,0.0,0.0,24,0.9778996945662423,0.0006497014257651479,0.06815926319777077,0.02311739872021008,0.9999973889592036,0.003248596247933023,120,104.35055383224972,0.2609877501479827,1917,False,target-push reference,"a=0.8,lw=1.5,r=0.04,w=0.25; a=1,lw=0.8,r=0.02,w=0.25; a=1,lw=0.5,r=0.015,w=0.25",,,,,,,,0.025261931713638646,0.1,0.12
five_level_weak_anharmonic,fullpulse_target_push_reference,0.03,static_only,0.0,0.0,25,0.9727325300907698,0.0010200413791849883,0.07294770324264688,0.033454444474148165,0.9999969775467975,0.003248596247933023,120,104.35055383224972,0.2609877501479827,1917,False,target-push reference,"a=0.8,lw=1.5,r=0.04,w=0.25; a=1,lw=0.8,r=0.02,w=0.25; a=1,lw=0.5,r=0.015,w=0.25",,,,,,,,0.025261931713638646,0.1,0.12
five_level_weak_anharmonic,fullpulse_target_push_reference,0.03,static_only,0.0,0.0,26,0.9985575955978018,0.00043170535014502853,0.08693668544247835,0.003574063141161319,0.9999970383896901,0.003248596247933023,120,104.35055383224972,0.2609877501479827,1917,False,target-push reference,"a=0.8,lw=1.5,r=0.04,w=0.25; a=1,lw=0.8,r=0.02,w=0.25; a=1,lw=0.5,r=0.015,w=0.25",,,,,,,,0.025261931713638646,0.1,0.12
five_level_weak_anharmonic,fullpulse_target_push_reference,0.03,static_only,0.0,0.0,27,0.9691387566405949,0.000605093781167465,0.07132047438987144,0.0254080297374339,0.9999977234275662,0.003248596247933023,120,104.35055383224972,0.2609877501479827,1917,False,target-push reference,"a=0.8,lw=1.5,r=0.04,w=0.25; a=1,lw=0.8,r=0.02,w=0.25; a=1,lw=0.5,r=0.015,w=0.25",,,,,,,,0.025261931713638646,0.1,0.12
five_level_weak_anharmonic,fullpulse_target_push_reference,0.03,static_only,0.0,0.0,28,0.9507030033699075,0.0007684489194933475,0.09008782624300526,0.05628448697668748,0.9999967473192397,0.003248596247933023,120,104.35055383224972,0.2609877501479827,1917,False,target-push reference,"a=0.8,lw=1.5,r=0.04,w=0.25; a=1,lw=0.8,r=0.02,w=0.25; a=1,lw=0.5,r=0.015,w=0.25",,,,,,,,0.025261931713638646,0.1,0.12
five_level_weak_anharmonic,fullpulse_target_push_reference,0.03,static_only,0.0,0.0,29,0.980085800869786,0.000508017791808868,0.07093812383928622,0.020805663758319163,0.9999972067572604,0.003248596247933023,120,104.35055383224972,0.2609877501479827,1917,False,target-push reference,"a=0.8,lw=1.5,r=0.04,w=0.25; a=1,lw=0.8,r=0.02,w=0.25; a=1,lw=0.5,r=0.015,w=0.25",,,,,,,,0.025261931713638646,0.1,0.12
five_level_weak_anharmonic,fullpulse_target_push_reference,0.03,static_only,0.0,0.0,30,0.9858939891591754,0.0005378318651846348,0.06372097965256762,0.015529121965489993,0.9999974125254795,0.003248596247933023,120,104.35055383224972,0.2609877501479827,1917,False,target-push reference,"a=0.8,lw=1.5,r=0.04,w=0.25; a=1,lw=0.8,r=0.02,w=0.25; a=1,lw=0.5,r=0.015,w=0.25",,,,,,,,0.025261931713638646,0.1,0.12
five_level_weak_anharmonic,fullpulse_target_push_reference,0.03,static_only,0.0,0.0,31,0.9287166686932509,0.0015588359555412934,0.10049753467559386,0.07843008064632344,0.9999966408657803,0.003248596247933023,120,104.35055383224972,0.2609877501479827,1917,False,target-push reference,"a=0.8,lw=1.5,r=0.04,w=0.25; a=1,lw=0.8,r=0.02,w=0.25; a=1,lw=0.5,r=0.015,w=0.25",,,,,,,,0.025261931713638646,0.1,0.12
five_level_weak_anharmonic,fullpulse_target_push_reference,0.03,static_only,0.0,0.0,32,0.9598739761871358,0.00025310320607041525,0.0776386609754336,0.05023347082658325,0.9999964213076947,0.003248596247933023,120,104.35055383224972,0.2609877501479827,1917,False,target-push reference,"a=0.8,lw=1.5,r=0.04,w=0.25; a=1,lw=0.8,r=0.02,w=0.25; a=1,lw=0.5,r=0.015,w=0.25",,,,,,,,0.025261931713638646,0.1,0.12
five_level_weak_anharmonic,fullpulse_target_push_reference,0.03,static_only,0.0,0.0,33,0.9880614825050303,0.0013742855122964581,0.06966804608458288,0.009013579970814884,0.9999974706458813,0.003248596247933023,120,104.35055383224972,0.2609877501479827,1917,False,target-push reference,"a=0.8,lw=1.5,r=0.04,w=0.25; a=1,lw=0.8,r=0.02,w=0.25; a=1,lw=0.5,r=0.015,w=0.25",,,,,,,,0.025261931713638646,0.1,0.12
five_level_weak_anharmonic,fullpulse_target_push_reference,0.03,static_only,0.0,0.0,34,0.9967395382035414,0.0006495662092509402,0.09301143462883554,0.009550319567884826,0.9999970422047664,0.003248596247933023,120,104.35055383224972,0.2609877501479827,1917,False,target-push reference,"a=0.8,lw=1.5,r=0.04,w=0.25; a=1,lw=0.8,r=0.02,w=0.25; a=1,lw=0.5,r=0.015,w=0.25",,,,,,,,0.025261931713638646,0.1,0.12
five_level_weak_anharmonic,fullpulse_target_push_reference,0.03,static_only,0.0,0.0,35,0.9122853542706492,0.000535890386686666,0.0935439001195073,0.07098916459851201,0.9999970102366084,0.003248596247933023,120,104.35055383224972,0.2609877501479827,1917,False,target-push reference,"a=0.8,lw=1.5,r=0.04,w=0.25; a=1,lw=0.8,r=0.02,w=0.25; a=1,lw=0.5,r=0.015,w=0.25",,,,,,,,0.025261931713638646,0.1,0.12
five_level_weak_anharmonic,fullpulse_target_push_reference,0.03,static_only,0.0,0.0,36,0.9855644172882604,0.0004969306104333215,0.08299865369613257,0.023360130061226895,0.9999970817565357,0.003248596247933023,120,104.35055383224972,0.2609877501479827,1917,False,target-push reference,"a=0.8,lw=1.5,r=0.04,w=0.25; a=1,lw=0.8,r=0.02,w=0.25; a=1,lw=0.5,r=0.015,w=0.25",,,,,,,,0.025261931713638646,0.1,0.12
five_level_weak_anharmonic,fullpulse_target_push_reference,0.03,static_only,0.0,0.0,37,0.8223694790010928,7.862660559754264e-05,0.060830948995385103,0.12341834021563837,0.999997877485174,0.003248596247933023,120,104.35055383224972,0.2609877501479827,1917,False,target-push reference,"a=0.8,lw=1.5,r=0.04,w=0.25; a=1,lw=0.8,r=0.02,w=0.25; a=1,lw=0.5,r=0.015,w=0.25",,,,,,,,0.025261931713638646,0.1,0.12
five_level_weak_anharmonic,fullpulse_target_push_reference,0.03,static_only,0.0,0.0,38,0.9760046665296102,0.0012662506468394952,0.05323902293990357,0.03977110902557234,0.9999976691869149,0.003248596247933023,120,104.35055383224972,0.2609877501479827,1917,False,target-push reference,"a=0.8,lw=1.5,r=0.04,w=0.25; a=1,lw=0.8,r=0.02,w=0.25; a=1,lw=0.5,r=0.015,w=0.25",,,,,,,,0.025261931713638646,0.1,0.12
five_level_weak_anharmonic,fullpulse_target_push_reference,0.03,static_only,0.0,0.0,39,0.9860310822686899,0.0006959373897992283,0.0862445301941881,0.021220973569882017,0.9999968575883373,0.003248596247933023,120,104.35055383224972,0.2609877501479827,1917,False,target-push reference,"a=0.8,lw=1.5,r=0.04,w=0.25; a=1,lw=0.8,r=0.02,w=0.25; a=1,lw=0.5,r=0.015,w=0.25",,,,,,,,0.025261931713638646,0.1,0.12
five_level_weak_anharmonic,fullpulse_target_push_reference,0.03,static_only,0.0,0.0,40,0.991736337025767,0.00045111623869342754,0.08202588013927636,0.010979193864477379,0.9999967723133096,0.003248596247933023,120,104.35055383224972,0.2609877501479827,1917,False,target-push reference,"a=0.8,lw=1.5,r=0.04,w=0.25; a=1,lw=0.8,r=0.02,w=0.25; a=1,lw=0.5,r=0.015,w=0.25",,,,,,,,0.025261931713638646,0.1,0.12
five_level_weak_anharmonic,fullpulse_target_push_reference,0.03,static_only,0.0,0.0,41,0.9653343871614948,0.0005913784804649769,0.0800920342978001,0.04255430615743785,0.9999967143218674,0.003248596247933023,120,104.35055383224972,0.2609877501479827,1917,False,target-push reference,"a=0.8,lw=1.5,r=0.04,w=0.25; a=1,lw=0.8,r=0.02,w=0.25; a=1,lw=0.5,r=0.015,w=0.25",,,,,,,,0.025261931713638646,0.1,0.12
five_level_weak_anharmonic,fullpulse_target_push_reference,0.03,static_only,0.0,0.0,42,0.9816743598745781,4.496538802467587e-05,0.08108564871704149,0.023336503331914518,0.9999969833935431,0.003248596247933023,120,104.35055383224972,0.2609877501479827,1917,False,target-push reference,"a=0.8,lw=1.5,r=0.04,w=0.25; a=1,lw=0.8,r=0.02,w=0.25; a=1,lw=0.5,r=0.015,w=0.25",,,,,,,,0.025261931713638646,0.1,0.12
five_level_weak_anharmonic,fullpulse_target_push_reference,0.03,static_only,0.0,0.0,43,0.9666644429955925,0.0003887749163329346,0.06754262548471346,0.03427588186374392,0.9999972615927356,0.003248596247933023,120,104.35055383224972,0.2609877501479827,1917,False,target-push reference,"a=0.8,lw=1.5,r=0.04,w=0.25; a=1,lw=0.8,r=0.02,w=0.25; a=1,lw=0.5,r=0.015,w=0.25",,,,,,,,0.025261931713638646,0.1,0.12
five_level_weak_anharmonic,fullpulse_target_push_reference,0.03,static_only,0.0,0.0,44,0.9691589122470073,0.000540689509244463,0.06584028728205427,0.039325429204260166,0.9999975582268993,0.003248596247933023,120,104.35055383224972,0.2609877501479827,1917,False,target-push reference,"a=0.8,lw=1.5,r=0.04,w=0.25; a=1,lw=0.8,r=0.02,w=0.25; a=1,lw=0.5,r=0.015,w=0.25",,,,,,,,0.025261931713638646,0.1,0.12
five_level_weak_anharmonic,fullpulse_target_push_reference,0.03,static_only,0.0,0.0,45,0.9982724578425567,0.0002552362885394066,0.09050870954933798,0.008478761334162574,0.999997186466767,0.003248596247933023,120,104.35055383224972,0.2609877501479827,1917,False,target-push reference,"a=0.8,lw=1.5,r=0.04,w=0.25; a=1,lw=0.8,r=0.02,w=0.25; a=1,lw=0.5,r=0.015,w=0.25",,,,,,,,0.025261931713638646,0.1,0.12
five_level_weak_anharmonic,fullpulse_target_push_reference,0.03,static_only,0.0,0.0,46,0.9885523692682788,0.0005634114880670449,0.07050320848408564,0.02300981758197986,0.9999966960311119,0.003248596247933023,120,104.35055383224972,0.2609877501479827,1917,False,target-push reference,"a=0.8,lw=1.5,r=0.04,w=0.25; a=1,lw=0.8,r=0.02,w=0.25; a=1,lw=0.5,r=0.015,w=0.25",,,,,,,,0.025261931713638646,0.1,0.12
five_level_weak_anharmonic,fullpulse_target_push_reference,0.03,static_only,0.0,0.0,47,0.9869955567663791,0.0014849472790813278,0.07320777997440775,0.013461702962802411,0.9999970416702723,0.003248596247933023,120,104.35055383224972,0.2609877501479827,1917,False,target-push reference,"a=0.8,lw=1.5,r=0.04,w=0.25; a=1,lw=0.8,r=0.02,w=0.25; a=1,lw=0.5,r=0.015,w=0.25",,,,,,,,0.025261931713638646,0.1,0.12
five_level_weak_anharmonic,fullpulse_target_push_reference,0.03,static_only,0.0,0.0,48,0.9023967573037079,0.00029524961517490844,0.08384032707024669,0.10302492153335056,0.9999959276903538,0.003248596247933023,120,104.35055383224972,0.2609877501479827,1917,False,target-push reference,"a=0.8,lw=1.5,r=0.04,w=0.25; a=1,lw=0.8,r=0.02,w=0.25; a=1,lw=0.5,r=0.015,w=0.25",,,,,,,,0.025261931713638646,0.1,0.12
five_level_weak_anharmonic,fullpulse_target_push_reference,0.03,static_only,0.0,0.0,49,0.989977678324353,0.00100939842544423,0.08345704922532593,0.005010381355964513,0.9999970546959156,0.003248596247933023,120,104.35055383224972,0.2609877501479827,1917,False,target-push reference,"a=0.8,lw=1.5,r=0.04,w=0.25; a=1,lw=0.8,r=0.02,w=0.25; a=1,lw=0.5,r=0.015,w=0.25",,,,,,,,0.025261931713638646,0.1,0.12
five_level_weak_anharmonic,fullpulse_target_push_reference,0.03,static_only,0.0,0.0,50,0.977328505652453,0.0009138616772847996,0.08551088701506382,0.017530282887692938,0.9999975701817816,0.003248596247933023,120,104.35055383224972,0.2609877501479827,1917,False,target-push reference,"a=0.8,lw=1.5,r=0.04,w=0.25; a=1,lw=0.8,r=0.02,w=0.25; a=1,lw=0.5,r=0.015,w=0.25",,,,,,,,0.025261931713638646,0.1,0.12
five_level_weak_anharmonic,fullpulse_target_push_reference,0.03,static_only,0.0,0.0,51,0.9670652699144353,0.00017047736297526317,0.08547219230104697,0.022753595964017586,0.9999968503977051,0.003248596247933023,120,104.35055383224972,0.2609877501479827,1917,False,target-push reference,"a=0.8,lw=1.5,r=0.04,w=0.25; a=1,lw=0.8,r=0.02,w=0.25; a=1,lw=0.5,r=0.015,w=0.25",,,,,,,,0.025261931713638646,0.1,0.12
five_level_weak_anharmonic,fullpulse_target_push_reference,0.03,static_only,0.0,0.0,52,0.9756079512713636,0.00016367384833282372,0.07449235102472507,0.033366216844162314,0.9999967047149939,0.003248596247933023,120,104.35055383224972,0.2609877501479827,1917,False,target-push reference,"a=0.8,lw=1.5,r=0.04,w=0.25; a=1,lw=0.8,r=0.02,w=0.25; a=1,lw=0.5,r=0.015,w=0.25",,,,,,,,0.025261931713638646,0.1,0.12
five_level_weak_anharmonic,fullpulse_target_push_reference,0.03,static_only,0.0,0.0,53,0.9341443405169104,0.0012550270189276569,0.07468392288844372,0.07014417123397866,0.9999968357935041,0.003248596247933023,120,104.35055383224972,0.2609877501479827,1917,False,target-push reference,"a=0.8,lw=1.5,r=0.04,w=0.25; a=1,lw=0.8,r=0.02,w=0.25; a=1,lw=0.5,r=0.015,w=0.25",,,,,,,,0.025261931713638646,0.1,0.12
five_level_weak_anharmonic,fullpulse_target_push_reference,0.03,static_only,0.0,0.0,54,0.9558635844088884,0.0017935569285603137,0.08392034915507529,0.049438104787027426,0.9999969262134388,0.003248596247933023,120,104.35055383224972,0.2609877501479827,1917,False,target-push reference,"a=0.8,lw=1.5,r=0.04,w=0.25; a=1,lw=0.8,r=0.02,w=0.25; a=1,lw=0.5,r=0.015,w=0.25",,,,,,,,0.025261931713638646,0.1,0.12
five_level_weak_anharmonic,fullpulse_target_push_reference,0.03,static_only,0.0,0.0,55,0.9587499421912318,0.0005690103802836743,0.08860557854731677,0.050219022925079654,0.9999973279517426,0.003248596247933023,120,104.35055383224972,0.2609877501479827,1917,False,target-push reference,"a=0.8,lw=1.5,r=0.04,w=0.25; a=1,lw=0.8,r=0.02,w=0.25; a=1,lw=0.5,r=0.015,w=0.25",,,,,,,,0.025261931713638646,0.1,0.12
five_level_weak_anharmonic,fullpulse_target_push_reference,0.03,static_only,0.0,0.0,56,0.9573974760630607,0.0030023624389888814,0.07374116436838019,0.0509023310350045,0.9999966556769362,0.003248596247933023,120,104.35055383224972,0.2609877501479827,1917,False,target-push reference,"a=0.8,lw=1.5,r=0.04,w=0.25; a=1,lw=0.8,r=0.02,w=0.25; a=1,lw=0.5,r=0.015,w=0.25",,,,,,,,0.025261931713638646,0.1,0.12
five_level_weak_anharmonic,fullpulse_target_push_reference,0.03,static_only,0.0,0.0,57,0.8905960803816433,0.0016288796699046593,0.09761630270330279,0.06701664563481641,0.9999972620324129,0.003248596247933023,120,104.35055383224972,0.2609877501479827,1917,False,target-push reference,"a=0.8,lw=1.5,r=0.04,w=0.25; a=1,lw=0.8,r=0.02,w=0.25; a=1,lw=0.5,r=0.015,w=0.25",,,,,,,,0.025261931713638646,0.1,0.12
five_level_weak_anharmonic,fullpulse_target_push_reference,0.03,static_only,0.0,0.0,58,0.9934444378478163,0.0009140082753729128,0.06645571445999288,0.010136845363131143,0.9999972816812368,0.003248596247933023,120,104.35055383224972,0.2609877501479827,1917,False,target-push reference,"a=0.8,lw=1.5,r=0.04,w=0.25; a=1,lw=0.8,r=0.02,w=0.25; a=1,lw=0.5,r=0.015,w=0.25",,,,,,,,0.025261931713638646,0.1,0.12
five_level_weak_anharmonic,fullpulse_target_push_reference,0.03,static_only,0.0,0.0,59,0.9642157102223262,0.0009248283315470562,0.09672955297889185,0.04953810466774122,0.9999961313123301,0.003248596247933023,120,104.35055383224972,0.2609877501479827,1917,False,target-push reference,"a=0.8,lw=1.5,r=0.04,w=0.25; a=1,lw=0.8,r=0.02,w=0.25; a=1,lw=0.5,r=0.015,w=0.25",,,,,,,,0.025261931713638646,0.1,0.12
five_level_weak_anharmonic,fullpulse_target_push_reference,0.03,deph_0.001,0.001,0.0,10,0.8894451632251885,0.001381227525580897,0.08102111147086011,0.08765741024324913,0.9867941101928144,0.003248596247933023,120,104.35055383224972,0.2609877501479827,1917,False,target-push reference,"a=0.8,lw=1.5,r=0.04,w=0.25; a=1,lw=0.8,r=0.02,w=0.25; a=1,lw=0.5,r=0.015,w=0.25",,,,,,,,0.025261931713638646,0.1,0.12
five_level_weak_anharmonic,fullpulse_target_push_reference,0.03,deph_0.001,0.001,0.0,11,0.9231067931949283,0.0022375597895760713,0.09287114633477211,0.08781770282110336,0.986789700705659,0.003248596247933023,120,104.35055383224972,0.2609877501479827,1917,False,target-push reference,"a=0.8,lw=1.5,r=0.04,w=0.25; a=1,lw=0.8,r=0.02,w=0.25; a=1,lw=0.5,r=0.015,w=0.25",,,,,,,,0.025261931713638646,0.1,0.12
five_level_weak_anharmonic,fullpulse_target_push_reference,0.03,deph_0.001,0.001,0.0,12,0.9664723667517477,0.002211317609547514,0.08312043533791513,0.05261893061267477,0.9885463880219262,0.003248596247933023,120,104.35055383224972,0.2609877501479827,1917,False,target-push reference,"a=0.8,lw=1.5,r=0.04,w=0.25; a=1,lw=0.8,r=0.02,w=0.25; a=1,lw=0.5,r=0.015,w=0.25",,,,,,,,0.025261931713638646,0.1,0.12
five_level_weak_anharmonic,fullpulse_target_push_reference,0.03,deph_0.001,0.001,0.0,13,0.8911089366558949,0.0015609165550529713,0.07776650662507212,0.12682147326103352,0.979073862808992,0.003248596247933023,120,104.35055383224972,0.2609877501479827,1917,False,target-push reference,"a=0.8,lw=1.5,r=0.04,w=0.25; a=1,lw=0.8,r=0.02,w=0.25; a=1,lw=0.5,r=0.015,w=0.25",,,,,,,,0.025261931713638646,0.1,0.12
five_level_weak_anharmonic,fullpulse_target_push_reference,0.03,deph_0.001,0.001,0.0,14,0.9094564146441587,0.001993529471139621,0.0689159235877621,0.10247175701349359,0.982411321534044,0.003248596247933023,120,104.35055383224972,0.2609877501479827,1917,False,target-push reference,"a=0.8,lw=1.5,r=0.04,w=0.25; a=1,lw=0.8,r=0.02,w=0.25; a=1,lw=0.5,r=0.015,w=0.25",,,,,,,,0.025261931713638646,0.1,0.12
five_level_weak_anharmonic,fullpulse_target_push_reference,0.03,deph_0.001,0.001,0.0,15,0.9880803787916204,0.002530664823420792,0.08916343235274093,0.008579656185398448,0.9879997213397567,0.003248596247933023,120,104.35055383224972,0.2609877501479827,1917,False,target-push reference,"a=0.8,lw=1.5,r=0.04,w=0.25; a=1,lw=0.8,r=0.02,w=0.25; a=1,lw=0.5,r=0.015,w=0.25",,,,,,,,0.025261931713638646,0.1,0.12
five_level_weak_anharmonic,fullpulse_target_push_reference,0.03,deph_0.001,0.001,0.0,16,0.9765218290241435,0.0019472490078584759,0.0965024190344197,0.036179034853228764,0.9882896850047351,0.003248596247933023,120,104.35055383224972,0.2609877501479827,1917,False,target-push reference,"a=0.8,lw=1.5,r=0.04,w=0.25; a=1,lw=0.8,r=0.02,w=0.25; a=1,lw=0.5,r=0.015,w=0.25",,,,,,,,0.025261931713638646,0.1,0.12
five_level_weak_anharmonic,fullpulse_target_push_reference,0.03,deph_0.001,0.001,0.0,17,0.9133569218452027,0.0019422573448808489,0.07195032186276618,0.054390327364200255,0.985570875499696,0.003248596247933023,120,104.35055383224972,0.2609877501479827,1917,False,target-push reference,"a=0.8,lw=1.5,r=0.04,w=0.25; a=1,lw=0.8,r=0.02,w=0.25; a=1,lw=0.5,r=0.015,w=0.25",,,,,,,,0.025261931713638646,0.1,0.12
five_level_weak_anharmonic,fullpulse_target_push_reference,0.03,deph_0.001,0.001,0.0,18,0.9777602302903614,0.0021541740887356386,0.07760212659115195,0.01307149559181826,0.9873528840399162,0.003248596247933023,120,104.35055383224972,0.2609877501479827,1917,False,target-push reference,"a=0.8,lw=1.5,r=0.04,w=0.25; a=1,lw=0.8,r=0.02,w=0.25; a=1,lw=0.5,r=0.015,w=0.25",,,,,,,,0.025261931713638646,0.1,0.12
five_level_weak_anharmonic,fullpulse_target_push_reference,0.03,deph_0.001,0.001,0.0,19,0.9653312709807006,0.00199988200913781,0.0724117957882443,0.05020161800373305,0.9888174144802374,0.003248596247933023,120,104.35055383224972,0.2609877501479827,1917,False,target-push reference,"a=0.8,lw=1.5,r=0.04,w=0.25; a=1,lw=0.8,r=0.02,w=0.25; a=1,lw=0.5,r=0.015,w=0.25",,,,,,,,0.025261931713638646,0.1,0.12
five_level_weak_anharmonic,fullpulse_target_push_reference,0.03,deph_0.001,0.001,0.0,20,0.9249534488816044,0.0018650644582470788,0.08589305278739001,0.0755939314286845,0.9869153398282283,0.003248596247933023,120,104.35055383224972,0.2609877501479827,1917,False,target-push reference,"a=0.8,lw=1.5,r=0.04,w=0.25; a=1,lw=0.8,r=0.02,w=0.25; a=1,lw=0.5,r=0.015,w=0.25",,,,,,,,0.025261931713638646,0.1,0.12
five_level_weak_anharmonic,fullpulse_target_push_reference,0.03,deph_0.001,0.001,0.0,21,0.9793648873093276,0.002481849402703351,0.0680633289100534,0.025207236734152597,0.9895586812124694,0.003248596247933023,120,104.35055383224972,0.2609877501479827,1917,False,target-push reference,"a=0.8,lw=1.5,r=0.04,w=0.25; a=1,lw=0.8,r=0.02,w=0.25; a=1,lw=0.5,r=0.015,w=0.25",,,,,,,,0.025261931713638646,0.1,0.12
five_level_weak_anharmonic,fullpulse_target_push_reference,0.03,deph_0.001,0.001,0.0,22,0.9501167708909705,0.001763981240642587,0.07920031551628748,0.0581534425797614,0.9879671133949038,0.003248596247933023,120,104.35055383224972,0.2609877501479827,1917,False,target-push reference,"a=0.8,lw=1.5,r=0.04,w=0.25; a=1,lw=0.8,r=0.02,w=0.25; a=1,lw=0.5,r=0.015,w=0.25",,,,,,,,0.025261931713638646,0.1,0.12
five_level_weak_anharmonic,fullpulse_target_push_reference,0.03,deph_0.001,0.001,0.0,23,0.9841115005816398,0.001717509165445219,0.07427575154026922,0.02590563866645408,0.988338992829753,0.003248596247933023,120,104.35055383224972,0.2609877501479827,1917,False,target-push reference,"a=0.8,lw=1.5,r=0.04,w=0.25; a=1,lw=0.8,r=0.02,w=0.25; a=1,lw=0.5,r=0.015,w=0.25",,,,,,,,0.025261931713638646,0.1,0.12
five_level_weak_anharmonic,fullpulse_target_push_reference,0.03,deph_0.001,0.001,0.0,24,0.9725640079290081,0.001689678785197879,0.06866513650963657,0.028516325385184033,0.9865921881438916,0.003248596247933023,120,104.35055383224972,0.2609877501479827,1917,False,target-push reference,"a=0.8,lw=1.5,r=0.04,w=0.25; a=1,lw=0.8,r=0.02,w=0.25; a=1,lw=0.5,r=0.015,w=0.25",,,,,,,,0.025261931713638646,0.1,0.12
five_level_weak_anharmonic,fullpulse_target_push_reference,0.03,deph_0.001,0.001,0.0,25,0.9673829136551949,0.0020802148081625615,0.07356383601412353,0.038740193434358645,0.9861989321592499,0.003248596247933023,120,104.35055383224972,0.2609877501479827,1917,False,target-push reference,"a=0.8,lw=1.5,r=0.04,w=0.25; a=1,lw=0.8,r=0.02,w=0.25; a=1,lw=0.5,r=0.015,w=0.25",,,,,,,,0.025261931713638646,0.1,0.12
five_level_weak_anharmonic,fullpulse_target_push_reference,0.03,deph_0.001,0.001,0.0,26,0.9924435482757996,0.00178784613996108,0.08778661849630831,0.009712702022392801,0.9877791428752822,0.003248596247933023,120,104.35055383224972,0.2609877501479827,1917,False,target-push reference,"a=0.8,lw=1.5,r=0.04,w=0.25; a=1,lw=0.8,r=0.02,w=0.25; a=1,lw=0.5,r=0.015,w=0.25",,,,,,,,0.025261931713638646,0.1,0.12
five_level_weak_anharmonic,fullpulse_target_push_reference,0.03,deph_0.001,0.001,0.0,27,0.9637933842796044,0.0016687940959037029,0.07180571274554515,0.03097734258686605,0.9857720248046582,0.003248596247933023,120,104.35055383224972,0.2609877501479827,1917,False,target-push reference,"a=0.8,lw=1.5,r=0.04,w=0.25; a=1,lw=0.8,r=0.02,w=0.25; a=1,lw=0.5,r=0.015,w=0.25",,,,,,,,0.025261931713638646,0.1,0.12
five_level_weak_anharmonic,fullpulse_target_push_reference,0.03,deph_0.001,0.001,0.0,28,0.9457015359839366,0.002030872615765844,0.0908298202465514,0.06118966506779554,0.9878439214664113,0.003248596247933023,120,104.35055383224972,0.2609877501479827,1917,False,target-push reference,"a=0.8,lw=1.5,r=0.04,w=0.25; a=1,lw=0.8,r=0.02,w=0.25; a=1,lw=0.5,r=0.015,w=0.25",,,,,,,,0.025261931713638646,0.1,0.12
five_level_weak_anharmonic,fullpulse_target_push_reference,0.03,deph_0.001,0.001,0.0,29,0.9746564154411123,0.0015598409842088046,0.0716098651017214,0.02626634707178424,0.9886796632453919,0.003248596247933023,120,104.35055383224972,0.2609877501479827,1917,False,target-push reference,"a=0.8,lw=1.5,r=0.04,w=0.25; a=1,lw=0.8,r=0.02,w=0.25; a=1,lw=0.5,r=0.015,w=0.25",,,,,,,,0.025261931713638646,0.1,0.12
five_level_weak_anharmonic,fullpulse_target_push_reference,0.03,deph_0.001,0.001,0.0,30,0.9799258256289715,0.0015139654264981761,0.06423296995453287,0.021373529049476866,0.9858647854183255,0.003248596247933023,120,104.35055383224972,0.2609877501479827,1917,False,target-push reference,"a=0.8,lw=1.5,r=0.04,w=0.25; a=1,lw=0.8,r=0.02,w=0.25; a=1,lw=0.5,r=0.015,w=0.25",,,,,,,,0.025261931713638646,0.1,0.12
five_level_weak_anharmonic,fullpulse_target_push_reference,0.03,deph_0.001,0.001,0.0,31,0.9237535100605244,0.0028801802148238353,0.10097320232740059,0.0832995578283181,0.9865028702455393,0.003248596247933023,120,104.35055383224972,0.2609877501479827,1917,False,target-push reference,"a=0.8,lw=1.5,r=0.04,w=0.25; a=1,lw=0.8,r=0.02,w=0.25; a=1,lw=0.5,r=0.015,w=0.25",,,,,,,,0.025261931713638646,0.1,0.12
five_level_weak_anharmonic,fullpulse_target_push_reference,0.03,deph_0.001,0.001,0.0,32,0.9548250871975447,0.0014938599993639112,0.07815167713655824,0.055113188278106816,0.9877676698264959,0.003248596247933023,120,104.35055383224972,0.2609877501479827,1917,False,target-push reference,"a=0.8,lw=1.5,r=0.04,w=0.25; a=1,lw=0.8,r=0.02,w=0.25; a=1,lw=0.5,r=0.015,w=0.25",,,,,,,,0.025261931713638646,0.1,0.12
five_level_weak_anharmonic,fullpulse_target_push_reference,0.03,deph_0.001,0.001,0.0,33,0.9815708319896546,0.002509350072814609,0.07012799147120796,0.01547872545027686,0.9855600759046667,0.003248596247933023,120,104.35055383224972,0.2609877501479827,1917,False,target-push reference,"a=0.8,lw=1.5,r=0.04,w=0.25; a=1,lw=0.8,r=0.02,w=0.25; a=1,lw=0.5,r=0.015,w=0.25",,,,,,,,0.025261931713638646,0.1,0.12
five_level_weak_anharmonic,fullpulse_target_push_reference,0.03,deph_0.001,0.001,0.0,34,0.9901443059700189,0.002158433217865463,0.09345214547079828,0.01604423998938262,0.986344007798998,0.003248596247933023,120,104.35055383224972,0.2609877501479827,1917,False,target-push reference,"a=0.8,lw=1.5,r=0.04,w=0.25; a=1,lw=0.8,r=0.02,w=0.25; a=1,lw=0.5,r=0.015,w=0.25",,,,,,,,0.025261931713638646,0.1,0.12
five_level_weak_anharmonic,fullpulse_target_push_reference,0.03,deph_0.001,0.001,0.0,35,0.9082373888958574,0.002057474727267583,0.09401272006157768,0.07555263845412112,0.9859391889178051,0.003248596247933023,120,104.35055383224972,0.2609877501479827,1917,False,target-push reference,"a=0.8,lw=1.5,r=0.04,w=0.25; a=1,lw=0.8,r=0.02,w=0.25; a=1,lw=0.5,r=0.015,w=0.25",,,,,,,,0.025261931713638646,0.1,0.12
five_level_weak_anharmonic,fullpulse_target_push_reference,0.03,deph_0.001,0.001,0.0,36,0.9803384303980548,0.0016659210700816773,0.08348762446772917,0.028524006189642064,0.9887240544747675,0.003248596247933023,120,104.35055383224972,0.2609877501479827,1917,False,target-push reference,"a=0.8,lw=1.5,r=0.04,w=0.25; a=1,lw=0.8,r=0.02,w=0.25; a=1,lw=0.5,r=0.015,w=0.25",,,,,,,,0.025261931713638646,0.1,0.12
five_level_weak_anharmonic,fullpulse_target_push_reference,0.03,deph_0.001,0.001,0.0,37,0.8194061323236845,0.0010322283208668015,0.061285497953211365,0.12759481682873675,0.9815011323787929,0.003248596247933023,120,104.35055383224972,0.2609877501479827,1917,False,target-push reference,"a=0.8,lw=1.5,r=0.04,w=0.25; a=1,lw=0.8,r=0.02,w=0.25; a=1,lw=0.5,r=0.015,w=0.25",,,,,,,,0.025261931713638646,0.1,0.12
five_level_weak_anharmonic,fullpulse_target_push_reference,0.03,deph_0.001,0.001,0.0,38,0.969664716645469,0.0021469804516707214,0.053685516613298345,0.045599274827266695,0.9839734272322654,0.003248596247933023,120,104.35055383224972,0.2609877501479827,1917,False,target-push reference,"a=0.8,lw=1.5,r=0.04,w=0.25; a=1,lw=0.8,r=0.02,w=0.25; a=1,lw=0.5,r=0.015,w=0.25",,,,,,,,0.025261931713638646,0.1,0.12
five_level_weak_anharmonic,fullpulse_target_push_reference,0.03,deph_0.001,0.001,0.0,39,0.9804961063790516,0.0020102265624222238,0.0867415357622412,0.02671862721100601,0.9876256308984003,0.003248596247933023,120,104.35055383224972,0.2609877501479827,1917,False,target-push reference,"a=0.8,lw=1.5,r=0.04,w=0.25; a=1,lw=0.8,r=0.02,w=0.25; a=1,lw=0.5,r=0.015,w=0.25",,,,,,,,0.025261931713638646,0.1,0.12
five_level_weak_anharmonic,fullpulse_target_push_reference,0.03,deph_0.001,0.001,0.0,40,0.986339620853682,0.001670653331442784,0.08273641967473966,0.01642180833515342,0.9889766149674853,0.003248596247933023,120,104.35055383224972,0.2609877501479827,1917,False,target-push reference,"a=0.8,lw=1.5,r=0.04,w=0.25; a=1,lw=0.8,r=0.02,w=0.25; a=1,lw=0.5,r=0.015,w=0.25",,,,,,,,0.025261931713638646,0.1,0.12
five_level_weak_anharmonic,fullpulse_target_push_reference,0.03,deph_0.001,0.001,0.0,41,0.9606279282456748,0.0019277819856298173,0.0807966981001691,0.047132849335185655,0.9884420352657214,0.003248596247933023,120,104.35055383224972,0.2609877501479827,1917,False,target-push reference,"a=0.8,lw=1.5,r=0.04,w=0.25; a=1,lw=0.8,r=0.02,w=0.25; a=1,lw=0.5,r=0.015,w=0.25",,,,,,,,0.025261931713638646,0.1,0.12
five_level_weak_anharmonic,fullpulse_target_push_reference,0.03,deph_0.001,0.001,0.0,42,0.9752787963695424,0.0013534943624217144,0.08194872726873736,0.02955310998674675,0.9872066555797516,0.003248596247933023,120,104.35055383224972,0.2609877501479827,1917,False,target-push reference,"a=0.8,lw=1.5,r=0.04,w=0.25; a=1,lw=0.8,r=0.02,w=0.25; a=1,lw=0.5,r=0.015,w=0.25",,,,,,,,0.025261931713638646,0.1,0.12
five_level_weak_anharmonic,fullpulse_target_push_reference,0.03,deph_0.001,0.001,0.0,43,0.9619108873791907,0.0013774826102828097,0.06817488397922267,0.0391546606481748,0.987313816726045,0.003248596247933023,120,104.35055383224972,0.2609877501479827,1917,False,target-push reference,"a=0.8,lw=1.5,r=0.04,w=0.25; a=1,lw=0.8,r=0.02,w=0.25; a=1,lw=0.5,r=0.015,w=0.25",,,,,,,,0.025261931713638646,0.1,0.12
five_level_weak_anharmonic,fullpulse_target_push_reference,0.03,deph_0.001,0.001,0.0,44,0.9622559466652509,0.0014063940832717003,0.06626713022292674,0.045728219411174977,0.9845726509750201,0.003248596247933023,120,104.35055383224972,0.2609877501479827,1917,False,target-push reference,"a=0.8,lw=1.5,r=0.04,w=0.25; a=1,lw=0.8,r=0.02,w=0.25; a=1,lw=0.5,r=0.015,w=0.25",,,,,,,,0.025261931713638646,0.1,0.12
five_level_weak_anharmonic,fullpulse_target_push_reference,0.03,deph_0.001,0.001,0.0,45,0.9916918569465571,0.001679549525393953,0.09096662431819869,0.01492077606684227,0.9869990557461074,0.003248596247933023,120,104.35055383224972,0.2609877501479827,1917,False,target-push reference,"a=0.8,lw=1.5,r=0.04,w=0.25; a=1,lw=0.8,r=0.02,w=0.25; a=1,lw=0.5,r=0.015,w=0.25",,,,,,,,0.025261931713638646,0.1,0.12
five_level_weak_anharmonic,fullpulse_target_push_reference,0.03,deph_0.001,0.001,0.0,46,0.9837857176669716,0.0016731647183569898,0.07108945547154999,0.027576797362501623,0.9899583144572051,0.003248596247933023,120,104.35055383224972,0.2609877501479827,1917,False,target-push reference,"a=0.8,lw=1.5,r=0.04,w=0.25; a=1,lw=0.8,r=0.02,w=0.25; a=1,lw=0.5,r=0.015,w=0.25",,,,,,,,0.025261931713638646,0.1,0.12
five_level_weak_anharmonic,fullpulse_target_push_reference,0.03,deph_0.001,0.001,0.0,47,0.9823050549017524,0.0025145942189258585,0.07376867080201899,0.018271941302547213,0.9895580467448648,0.003248596247933023,120,104.35055383224972,0.2609877501479827,1917,False,target-push reference,"a=0.8,lw=1.5,r=0.04,w=0.25; a=1,lw=0.8,r=0.02,w=0.25; a=1,lw=0.5,r=0.015,w=0.25",,,,,,,,0.025261931713638646,0.1,0.12
five_level_weak_anharmonic,fullpulse_target_push_reference,0.03,deph_0.001,0.001,0.0,48,0.8986397929091231,0.001580910732569607,0.08464841788124966,0.10668552842953771,0.9867685032490583,0.003248596247933023,120,104.35055383224972,0.2609877501479827,1917,False,target-push reference,"a=0.8,lw=1.5,r=0.04,w=0.25; a=1,lw=0.8,r=0.02,w=0.25; a=1,lw=0.5,r=0.015,w=0.25",,,,,,,,0.025261931713638646,0.1,0.12
five_level_weak_anharmonic,fullpulse_target_push_reference,0.03,deph_0.001,0.001,0.0,49,0.9849664829015442,0.0022508563299633577,0.08391847287070764,0.010278222084649338,0.9888320416384241,0.003248596247933023,120,104.35055383224972,0.2609877501479827,1917,False,target-push reference,"a=0.8,lw=1.5,r=0.04,w=0.25; a=1,lw=0.8,r=0.02,w=0.25; a=1,lw=0.5,r=0.015,w=0.25",,,,,,,,0.025261931713638646,0.1,0.12
five_level_weak_anharmonic,fullpulse_target_push_reference,0.03,deph_0.001,0.001,0.0,50,0.9718362490310483,0.002098091937635882,0.08595080355765017,0.023263593207138826,0.9861099174230838,0.003248596247933023,120,104.35055383224972,0.2609877501479827,1917,False,target-push reference,"a=0.8,lw=1.5,r=0.04,w=0.25; a=1,lw=0.8,r=0.02,w=0.25; a=1,lw=0.5,r=0.015,w=0.25",,,,,,,,0.025261931713638646,0.1,0.12
five_level_weak_anharmonic,fullpulse_target_push_reference,0.03,deph_0.001,0.001,0.0,51,0.961969612071027,0.0016876539998480489,0.08631117681964251,0.028170610752513175,0.9877028404147092,0.003248596247933023,120,104.35055383224972,0.2609877501479827,1917,False,target-push reference,"a=0.8,lw=1.5,r=0.04,w=0.25; a=1,lw=0.8,r=0.02,w=0.25; a=1,lw=0.5,r=0.015,w=0.25",,,,,,,,0.025261931713638646,0.1,0.12
five_level_weak_anharmonic,fullpulse_target_push_reference,0.03,deph_0.001,0.001,0.0,52,0.9707861649437894,0.0014808688337474285,0.07495455405288998,0.03802457978147664,0.9889262921056511,0.003248596247933023,120,104.35055383224972,0.2609877501479827,1917,False,target-push reference,"a=0.8,lw=1.5,r=0.04,w=0.25; a=1,lw=0.8,r=0.02,w=0.25; a=1,lw=0.5,r=0.015,w=0.25",,,,,,,,0.025261931713638646,0.1,0.12
five_level_weak_anharmonic,fullpulse_target_push_reference,0.03,deph_0.001,0.001,0.0,53,0.9294144945837044,0.0023782842789724645,0.07541072232117596,0.07489427589033569,0.9841345580055274,0.003248596247933023,120,104.35055383224972,0.2609877501479827,1917,False,target-push reference,"a=0.8,lw=1.5,r=0.04,w=0.25; a=1,lw=0.8,r=0.02,w=0.25; a=1,lw=0.5,r=0.015,w=0.25",,,,,,,,0.025261931713638646,0.1,0.12
five_level_weak_anharmonic,fullpulse_target_push_reference,0.03,deph_0.001,0.001,0.0,54,0.9506101498609172,0.0030440135646451205,0.08436621024677882,0.05469648461829944,0.9856712662760807,0.003248596247933023,120,104.35055383224972,0.2609877501479827,1917,False,target-push reference,"a=0.8,lw=1.5,r=0.04,w=0.25; a=1,lw=0.8,r=0.02,w=0.25; a=1,lw=0.5,r=0.015,w=0.25",,,,,,,,0.025261931713638646,0.1,0.12
five_level_weak_anharmonic,fullpulse_target_push_reference,0.03,deph_0.001,0.001,0.0,55,0.9519889148906968,0.001735011976708667,0.08906748438732448,0.05658570715439317,0.9834725284792968,0.003248596247933023,120,104.35055383224972,0.2609877501479827,1917,False,target-push reference,"a=0.8,lw=1.5,r=0.04,w=0.25; a=1,lw=0.8,r=0.02,w=0.25; a=1,lw=0.5,r=0.015,w=0.25",,,,,,,,0.025261931713638646,0.1,0.12
five_level_weak_anharmonic,fullpulse_target_push_reference,0.03,deph_0.001,0.001,0.0,56,0.9524655536755405,0.004159057275097022,0.07446373371551929,0.05580222855883319,0.986917206736389,0.003248596247933023,120,104.35055383224972,0.2609877501479827,1917,False,target-push reference,"a=0.8,lw=1.5,r=0.04,w=0.25; a=1,lw=0.8,r=0.02,w=0.25; a=1,lw=0.5,r=0.015,w=0.25",,,,,,,,0.025261931713638646,0.1,0.12
five_level_weak_anharmonic,fullpulse_target_push_reference,0.03,deph_0.001,0.001,0.0,57,0.8866976672502002,0.0032305160510441855,0.09806348219140726,0.07202063456825124,0.9836994860894656,0.003248596247933023,120,104.35055383224972,0.2609877501479827,1917,False,target-push reference,"a=0.8,lw=1.5,r=0.04,w=0.25; a=1,lw=0.8,r=0.02,w=0.25; a=1,lw=0.5,r=0.015,w=0.25",,,,,,,,0.025261931713638646,0.1,0.12
five_level_weak_anharmonic,fullpulse_target_push_reference,0.03,deph_0.001,0.001,0.0,58,0.9883978532037686,0.00185682610903537,0.06690920573609427,0.015245625857555224,0.9892021083375508,0.003248596247933023,120,104.35055383224972,0.2609877501479827,1917,False,target-push reference,"a=0.8,lw=1.5,r=0.04,w=0.25; a=1,lw=0.8,r=0.02,w=0.25; a=1,lw=0.5,r=0.015,w=0.25",,,,,,,,0.025261931713638646,0.1,0.12
five_level_weak_anharmonic,fullpulse_target_push_reference,0.03,deph_0.001,0.001,0.0,59,0.9594623053534688,0.0023804066660090273,0.09721951030310971,0.054076006526323994,0.9880097513606819,0.003248596247933023,120,104.35055383224972,0.2609877501479827,1917,False,target-push reference,"a=0.8,lw=1.5,r=0.04,w=0.25; a=1,lw=0.8,r=0.02,w=0.25; a=1,lw=0.5,r=0.015,w=0.25",,,,,,,,0.025261931713638646,0.1,0.12
five_level_weak_anharmonic,fullpulse_target_push_reference,0.03,relax_0.0005,0.0,0.0005,10,0.8773346759156759,0.00018365652244223263,0.08032162191620706,0.0972440699357336,0.960317299248589,0.003248596247933023,120,104.35055383224972,0.2609877501479827,1917,False,target-push reference,"a=0.8,lw=1.5,r=0.04,w=0.25; a=1,lw=0.8,r=0.02,w=0.25; a=1,lw=0.5,r=0.015,w=0.25",,,,,,,,0.025261931713638646,0.1,0.12
five_level_weak_anharmonic,fullpulse_target_push_reference,0.03,relax_0.0005,0.0,0.0005,11,0.9093148231162789,0.0008612614513910932,0.09162454264118913,0.09871880301388664,0.9595429120464695,0.003248596247933023,120,104.35055383224972,0.2609877501479827,1917,False,target-push reference,"a=0.8,lw=1.5,r=0.04,w=0.25; a=1,lw=0.8,r=0.02,w=0.25; a=1,lw=0.5,r=0.015,w=0.25",,,,,,,,0.025261931713638646,0.1,0.12
five_level_weak_anharmonic,fullpulse_target_push_reference,0.03,relax_0.0005,0.0,0.0005,12,0.94886653576141,0.0009926982097501202,0.08207957085077533,0.06719333321250892,0.9576467613038564,0.003248596247933023,120,104.35055383224972,0.2609877501479827,1917,False,target-push reference,"a=0.8,lw=1.5,r=0.04,w=0.25; a=1,lw=0.8,r=0.02,w=0.25; a=1,lw=0.5,r=0.015,w=0.25",,,,,,,,0.025261931713638646,0.1,0.12
five_level_weak_anharmonic,fullpulse_target_push_reference,0.03,relax_0.0005,0.0,0.0005,13,0.8800407852463171,0.0005166511328188461,0.07704327904425368,0.13577029401390198,0.9702074678326157,0.003248596247933023,120,104.35055383224972,0.2609877501479827,1917,False,target-push reference,"a=0.8,lw=1.5,r=0.04,w=0.25; a=1,lw=0.8,r=0.02,w=0.25; a=1,lw=0.5,r=0.015,w=0.25",,,,,,,,0.025261931713638646,0.1,0.12
five_level_weak_anharmonic,fullpulse_target_push_reference,0.03,relax_0.0005,0.0,0.0005,14,0.8980504048869846,0.0010596705592758049,0.06824300577682052,0.11144342503799834,0.9659473974407401,0.003248596247933023,120,104.35055383224972,0.2609877501479827,1917,False,target-push reference,"a=0.8,lw=1.5,r=0.04,w=0.25; a=1,lw=0.8,r=0.02,w=0.25; a=1,lw=0.5,r=0.015,w=0.25",,,,,,,,0.025261931713638646,0.1,0.12
five_level_weak_anharmonic,fullpulse_target_push_reference,0.03,relax_0.0005,0.0,0.0005,15,0.9718972112325607,0.001022360732098715,0.08792415840487333,0.021271637323568755,0.958222397865949,0.003248596247933023,120,104.35055383224972,0.2609877501479827,1917,False,target-push reference,"a=0.8,lw=1.5,r=0.04,w=0.25; a=1,lw=0.8,r=0.02,w=0.25; a=1,lw=0.5,r=0.015,w=0.25",,,,,,,,0.025261931713638646,0.1,0.12
five_level_weak_anharmonic,fullpulse_target_push_reference,0.03,relax_0.0005,0.0,0.0005,16,0.9612309943899338,0.00046168381038946826,0.09563235564475758,0.04822094280140694,0.9576795914242847,0.003248596247933023,120,104.35055383224972,0.2609877501479827,1917,False,target-push reference,"a=0.8,lw=1.5,r=0.04,w=0.25; a=1,lw=0.8,r=0.02,w=0.25; a=1,lw=0.5,r=0.015,w=0.25",,,,,,,,0.025261931713638646,0.1,0.12
five_level_weak_anharmonic,fullpulse_target_push_reference,0.03,relax_0.0005,0.0,0.0005,17,0.8961110426586025,0.0009272474998466285,0.07130917580037921,0.06823171043830928,0.9614693552593182,0.003248596247933023,120,104.35055383224972,0.2609877501479827,1917,False,target-push reference,"a=0.8,lw=1.5,r=0.04,w=0.25; a=1,lw=0.8,r=0.02,w=0.25; a=1,lw=0.5,r=0.015,w=0.25",,,,,,,,0.025261931713638646,0.1,0.12
five_level_weak_anharmonic,fullpulse_target_push_reference,0.03,relax_0.0005,0.0,0.0005,18,0.9618869769907642,0.0009508615548424748,0.07653429458168226,0.025569274569582454,0.9593361158655023,0.003248596247933023,120,104.35055383224972,0.2609877501479827,1917,False,target-push reference,"a=0.8,lw=1.5,r=0.04,w=0.25; a=1,lw=0.8,r=0.02,w=0.25; a=1,lw=0.5,r=0.015,w=0.25",,,,,,,,0.025261931713638646,0.1,0.12
five_level_weak_anharmonic,fullpulse_target_push_reference,0.03,relax_0.0005,0.0,0.0005,19,0.948110758943358,0.0007606615423156882,0.07134414978250303,0.06437329669295022,0.9573506279051349,0.003248596247933023,120,104.35055383224972,0.2609877501479827,1917,False,target-push reference,"a=0.8,lw=1.5,r=0.04,w=0.25; a=1,lw=0.8,r=0.02,w=0.25; a=1,lw=0.5,r=0.015,w=0.25",,,,,,,,0.025261931713638646,0.1,0.12
five_level_weak_anharmonic,fullpulse_target_push_reference,0.03,relax_0.0005,0.0,0.0005,20,0.9082767547709021,0.00046587099183925673,0.08464037679884528,0.08912279886874863,0.9589896544712633,0.003248596247933023,120,104.35055383224972,0.2609877501479827,1917,False,target-push reference,"a=0.8,lw=1.5,r=0.04,w=0.25; a=1,lw=0.8,r=0.02,w=0.25; a=1,lw=0.5,r=0.015,w=0.25",,,,,,,,0.025261931713638646,0.1,0.12
five_level_weak_anharmonic,fullpulse_target_push_reference,0.03,relax_0.0005,0.0,0.0005,21,0.9624209445156879,0.0014075773853595708,0.0671498156387964,0.038863519600347604,0.956951107682778,0.003248596247933023,120,104.35055383224972,0.2609877501479827,1917,False,target-push reference,"a=0.8,lw=1.5,r=0.04,w=0.25; a=1,lw=0.8,r=0.02,w=0.25; a=1,lw=0.5,r=0.015,w=0.25",,,,,,,,0.025261931713638646,0.1,0.12
five_level_weak_anharmonic,fullpulse_target_push_reference,0.03,relax_0.0005,0.0,0.0005,22,0.9358101211355412,0.0004975700764023872,0.07849153010745835,0.06946985035731683,0.9585749560050238,0.003248596247933023,120,104.35055383224972,0.2609877501479827,1917,False,target-push reference,"a=0.8,lw=1.5,r=0.04,w=0.25; a=1,lw=0.8,r=0.02,w=0.25; a=1,lw=0.5,r=0.015,w=0.25",,,,,,,,0.025261931713638646,0.1,0.12
five_level_weak_anharmonic,fullpulse_target_push_reference,0.03,relax_0.0005,0.0,0.0005,23,0.9694703556374102,0.0006457709698024505,0.07353779056954823,0.037309649204503546,0.9586394619028807,0.003248596247933023,120,104.35055383224972,0.2609877501479827,1917,False,target-push reference,"a=0.8,lw=1.5,r=0.04,w=0.25; a=1,lw=0.8,r=0.02,w=0.25; a=1,lw=0.5,r=0.015,w=0.25",,,,,,,,0.025261931713638646,0.1,0.12
five_level_weak_anharmonic,fullpulse_target_push_reference,0.03,relax_0.0005,0.0,0.0005,24,0.9570472816351744,0.0006482408399692829,0.06799341107135781,0.04074783329095756,0.9609787218741066,0.003248596247933023,120,104.35055383224972,0.2609877501479827,1917,False,target-push reference,"a=0.8,lw=1.5,r=0.04,w=0.25; a=1,lw=0.8,r=0.02,w=0.25; a=1,lw=0.5,r=0.015,w=0.25",,,,,,,,0.025261931713638646,0.1,0.12
five_level_weak_anharmonic,fullpulse_target_push_reference,0.03,relax_0.0005,0.0,0.0005,25,0.9524363421881439,0.0010109617772867674,0.07262668429684382,0.050444867643619495,0.961150725031987,0.003248596247933023,120,104.35055383224972,0.2609877501479827,1917,False,target-push reference,"a=0.8,lw=1.5,r=0.04,w=0.25; a=1,lw=0.8,r=0.02,w=0.25; a=1,lw=0.5,r=0.015,w=0.25",,,,,,,,0.025261931713638646,0.1,0.12
five_level_weak_anharmonic,fullpulse_target_push_reference,0.03,relax_0.0005,0.0,0.0005,26,0.9776042967092388,0.0004359965654550102,0.08651151573212368,0.021243760485899186,0.9589941589183497,0.003248596247933023,120,104.35055383224972,0.2609877501479827,1917,False,target-push reference,"a=0.8,lw=1.5,r=0.04,w=0.25; a=1,lw=0.8,r=0.02,w=0.25; a=1,lw=0.5,r=0.015,w=0.25",,,,,,,,0.025261931713638646,0.1,0.12
five_level_weak_anharmonic,fullpulse_target_push_reference,0.03,relax_0.0005,0.0,0.0005,27,0.9479194035879259,0.0006189854952061147,0.0711120215924288,0.04349324546397243,0.9614136924627926,0.003248596247933023,120,104.35055383224972,0.2609877501479827,1917,False,target-push reference,"a=0.8,lw=1.5,r=0.04,w=0.25; a=1,lw=0.8,r=0.02,w=0.25; a=1,lw=0.5,r=0.015,w=0.25",,,,,,,,0.025261931713638646,0.1,0.12
five_level_weak_anharmonic,fullpulse_target_push_reference,0.03,relax_0.0005,0.0,0.0005,28,0.9313027188523809,0.000750045636495944,0.08976820163162191,0.07247356256781229,0.9587824288481579,0.003248596247933023,120,104.35055383224972,0.2609877501479827,1917,False,target-push reference,"a=0.8,lw=1.5,r=0.04,w=0.25; a=1,lw=0.8,r=0.02,w=0.25; a=1,lw=0.5,r=0.015,w=0.25",,,,,,,,0.025261931713638646,0.1,0.12
five_level_weak_anharmonic,fullpulse_target_push_reference,0.03,relax_0.0005,0.0,0.0005,29,0.9594218910796981,0.0005304650364270636,0.0705584344256367,0.03820634267949401,0.9587313736963724,0.003248596247933023,120,104.35055383224972,0.2609877501479827,1917,False,target-push reference,"a=0.8,lw=1.5,r=0.04,w=0.25; a=1,lw=0.8,r=0.02,w=0.25; a=1,lw=0.5,r=0.015,w=0.25",,,,,,,,0.025261931713638646,0.1,0.12
five_level_weak_anharmonic,fullpulse_target_push_reference,0.03,relax_0.0005,0.0,0.0005,30,0.9650960460337834,0.0005425796220354107,0.06344040187581546,0.03326995400878619,0.9619056281539912,0.003248596247933023,120,104.35055383224972,0.2609877501479827,1917,False,target-push reference,"a=0.8,lw=1.5,r=0.04,w=0.25; a=1,lw=0.8,r=0.02,w=0.25; a=1,lw=0.5,r=0.015,w=0.25",,,,,,,,0.025261931713638646,0.1,0.12
five_level_weak_anharmonic,fullpulse_target_push_reference,0.03,relax_0.0005,0.0,0.0005,31,0.9108239280062805,0.0015322420320729169,0.10019949110677384,0.09337562256129209,0.9599333666376378,0.003248596247933023,120,104.35055383224972,0.2609877501479827,1917,False,target-push reference,"a=0.8,lw=1.5,r=0.04,w=0.25; a=1,lw=0.8,r=0.02,w=0.25; a=1,lw=0.5,r=0.015,w=0.25",,,,,,,,0.025261931713638646,0.1,0.12
five_level_weak_anharmonic,fullpulse_target_push_reference,0.03,relax_0.0005,0.0,0.0005,32,0.9403398988596836,0.00027692138161428126,0.07744574551748618,0.06652717012585195,0.9588825744558843,0.003248596247933023,120,104.35055383224972,0.2609877501479827,1917,False,target-push reference,"a=0.8,lw=1.5,r=0.04,w=0.25; a=1,lw=0.8,r=0.02,w=0.25; a=1,lw=0.5,r=0.015,w=0.25",,,,,,,,0.025261931713638646,0.1,0.12
five_level_weak_anharmonic,fullpulse_target_push_reference,0.03,relax_0.0005,0.0,0.0005,33,0.9676741187760344,0.001358922341539115,0.06946443226177335,0.026626375625457242,0.9614990166428533,0.003248596247933023,120,104.35055383224972,0.2609877501479827,1917,False,target-push reference,"a=0.8,lw=1.5,r=0.04,w=0.25; a=1,lw=0.8,r=0.02,w=0.25; a=1,lw=0.5,r=0.015,w=0.25",,,,,,,,0.025261931713638646,0.1,0.12
five_level_weak_anharmonic,fullpulse_target_push_reference,0.03,relax_0.0005,0.0,0.0005,34,0.9764273965456352,0.0006566383106515472,0.09271026329980381,0.02665659009792344,0.9604008958665136,0.003248596247933023,120,104.35055383224972,0.2609877501479827,1917,False,target-push reference,"a=0.8,lw=1.5,r=0.04,w=0.25; a=1,lw=0.8,r=0.02,w=0.25; a=1,lw=0.5,r=0.015,w=0.25",,,,,,,,0.025261931713638646,0.1,0.12
five_level_weak_anharmonic,fullpulse_target_push_reference,0.03,relax_0.0005,0.0,0.0005,35,0.8915600037572785,0.0005444213219976124,0.0932351995354943,0.08897939240117889,0.9592794526413545,0.003248596247933023,120,104.35055383224972,0.2609877501479827,1917,False,target-push reference,"a=0.8,lw=1.5,r=0.04,w=0.25; a=1,lw=0.8,r=0.02,w=0.25; a=1,lw=0.5,r=0.015,w=0.25",,,,,,,,0.025261931713638646,0.1,0.12
five_level_weak_anharmonic,fullpulse_target_push_reference,0.03,relax_0.0005,0.0,0.0005,36,0.9649876802361751,0.0004997963350766854,0.08272707404773905,0.04058213502424564,0.958005096598902,0.003248596247933023,120,104.35055383224972,0.2609877501479827,1917,False,target-push reference,"a=0.8,lw=1.5,r=0.04,w=0.25; a=1,lw=0.8,r=0.02,w=0.25; a=1,lw=0.5,r=0.015,w=0.25",,,,,,,,0.025261931713638646,0.1,0.12
five_level_weak_anharmonic,fullpulse_target_push_reference,0.03,relax_0.0005,0.0,0.0005,37,0.8032775700376321,9.889467737933533e-05,0.06066586240793859,0.14086312509726195,0.9666193951558459,0.003248596247933023,120,104.35055383224972,0.2609877501479827,1917,False,target-push reference,"a=0.8,lw=1.5,r=0.04,w=0.25; a=1,lw=0.8,r=0.02,w=0.25; a=1,lw=0.5,r=0.015,w=0.25",,,,,,,,0.025261931713638646,0.1,0.12
five_level_weak_anharmonic,fullpulse_target_push_reference,0.03,relax_0.0005,0.0,0.0005,38,0.9565005439034306,0.0012692552584706585,0.05310008141665734,0.056193413577431066,0.964216459259487,0.003248596247933023,120,104.35055383224972,0.2609877501479827,1917,False,target-push reference,"a=0.8,lw=1.5,r=0.04,w=0.25; a=1,lw=0.8,r=0.02,w=0.25; a=1,lw=0.5,r=0.015,w=0.25",,,,,,,,0.025261931713638646,0.1,0.12
five_level_weak_anharmonic,fullpulse_target_push_reference,0.03,relax_0.0005,0.0,0.0005,39,0.9653842216858194,0.0007270570242512431,0.0860182973099275,0.038477852382132055,0.9590246864734375,0.003248596247933023,120,104.35055383224972,0.2609877501479827,1917,False,target-push reference,"a=0.8,lw=1.5,r=0.04,w=0.25; a=1,lw=0.8,r=0.02,w=0.25; a=1,lw=0.5,r=0.015,w=0.25",,,,,,,,0.025261931713638646,0.1,0.12
five_level_weak_anharmonic,fullpulse_target_push_reference,0.03,relax_0.0005,0.0,0.0005,40,0.9702807786097439,0.0004463085156150015,0.08163817200169077,0.02907686628941744,0.9577285456251163,0.003248596247933023,120,104.35055383224972,0.2609877501479827,1917,False,target-push reference,"a=0.8,lw=1.5,r=0.04,w=0.25; a=1,lw=0.8,r=0.02,w=0.25; a=1,lw=0.5,r=0.015,w=0.25",,,,,,,,0.025261931713638646,0.1,0.12
five_level_weak_anharmonic,fullpulse_target_push_reference,0.03,relax_0.0005,0.0,0.0005,41,0.9436868325497507,0.000584790384549172,0.07972353549544953,0.06092672969248537,0.9573313261596111,0.003248596247933023,120,104.35055383224972,0.2609877501479827,1917,False,target-push reference,"a=0.8,lw=1.5,r=0.04,w=0.25; a=1,lw=0.8,r=0.02,w=0.25; a=1,lw=0.5,r=0.015,w=0.25",,,,,,,,0.025261931713638646,0.1,0.12
five_level_weak_anharmonic,fullpulse_target_push_reference,0.03,relax_0.0005,0.0,0.0005,42,0.9628511907626236,6.926145394137162e-05,0.08067782033143489,0.0391743725087153,0.9600996292776887,0.003248596247933023,120,104.35055383224972,0.2609877501479827,1917,False,target-push reference,"a=0.8,lw=1.5,r=0.04,w=0.25; a=1,lw=0.8,r=0.02,w=0.25; a=1,lw=0.5,r=0.015,w=0.25",,,,,,,,0.025261931713638646,0.1,0.12
five_level_weak_anharmonic,fullpulse_target_push_reference,0.03,relax_0.0005,0.0,0.0005,43,0.9461445887338991,0.00040016708745960194,0.06723262635538796,0.05155008754008013,0.9598247058766097,0.003248596247933023,120,104.35055383224972,0.2609877501479827,1917,False,target-push reference,"a=0.8,lw=1.5,r=0.04,w=0.25; a=1,lw=0.8,r=0.02,w=0.25; a=1,lw=0.5,r=0.015,w=0.25",,,,,,,,0.025261931713638646,0.1,0.12
five_level_weak_anharmonic,fullpulse_target_push_reference,0.03,relax_0.0005,0.0,0.0005,44,0.9523023544049211,0.0005565035683454678,0.0656457036307746,0.053696125659167676,0.9640881374216075,0.003248596247933023,120,104.35055383224972,0.2609877501479827,1917,False,target-push reference,"a=0.8,lw=1.5,r=0.04,w=0.25; a=1,lw=0.8,r=0.02,w=0.25; a=1,lw=0.5,r=0.015,w=0.25",,,,,,,,0.025261931713638646,0.1,0.12
five_level_weak_anharmonic,fullpulse_target_push_reference,0.03,relax_0.0005,0.0,0.0005,45,0.9781679974922572,0.0002803177012140612,0.09024042261272691,0.02537536548421406,0.9600258861080598,0.003248596247933023,120,104.35055383224972,0.2609877501479827,1917,False,target-push reference,"a=0.8,lw=1.5,r=0.04,w=0.25; a=1,lw=0.8,r=0.02,w=0.25; a=1,lw=0.5,r=0.015,w=0.25",,,,,,,,0.025261931713638646,0.1,0.12
five_level_weak_anharmonic,fullpulse_target_push_reference,0.03,relax_0.0005,0.0,0.0005,46,0.9668287548221215,0.0005702945663409453,0.07016661060306484,0.04146694008897971,0.9565019728240252,0.003248596247933023,120,104.35055383224972,0.2609877501479827,1917,False,target-push reference,"a=0.8,lw=1.5,r=0.04,w=0.25; a=1,lw=0.8,r=0.02,w=0.25; a=1,lw=0.5,r=0.015,w=0.25",,,,,,,,0.025261931713638646,0.1,0.12
five_level_weak_anharmonic,fullpulse_target_push_reference,0.03,relax_0.0005,0.0,0.0005,47,0.9645788360409564,0.001442867170184714,0.07283774952697941,0.03265241656709898,0.9567451516221258,0.003248596247933023,120,104.35055383224972,0.2609877501479827,1917,False,target-push reference,"a=0.8,lw=1.5,r=0.04,w=0.25; a=1,lw=0.8,r=0.02,w=0.25; a=1,lw=0.5,r=0.015,w=0.25",,,,,,,,0.025261931713638646,0.1,0.12
five_level_weak_anharmonic,fullpulse_target_push_reference,0.03,relax_0.0005,0.0,0.0005,48,0.883793941281246,0.00030033300721554745,0.08346667912849326,0.11883590239294216,0.9594599625444225,0.003248596247933023,120,104.35055383224972,0.2609877501479827,1917,False,target-push reference,"a=0.8,lw=1.5,r=0.04,w=0.25; a=1,lw=0.8,r=0.02,w=0.25; a=1,lw=0.5,r=0.015,w=0.25",,,,,,,,0.025261931713638646,0.1,0.12
five_level_weak_anharmonic,fullpulse_target_push_reference,0.03,relax_0.0005,0.0,0.0005,49,0.9676018729961124,0.0010066109171137372,0.08322393211016732,0.024162168067951562,0.9571403836238311,0.003248596247933023,120,104.35055383224972,0.2609877501479827,1917,False,target-push reference,"a=0.8,lw=1.5,r=0.04,w=0.25; a=1,lw=0.8,r=0.02,w=0.25; a=1,lw=0.5,r=0.015,w=0.25",,,,,,,,0.025261931713638646,0.1,0.12
five_level_weak_anharmonic,fullpulse_target_push_reference,0.03,relax_0.0005,0.0,0.0005,50,0.9559572597396927,0.0009280930590152003,0.08525711944392,0.03571720449197038,0.9607626596887968,0.003248596247933023,120,104.35055383224972,0.2609877501479827,1917,False,target-push reference,"a=0.8,lw=1.5,r=0.04,w=0.25; a=1,lw=0.8,r=0.02,w=0.25; a=1,lw=0.5,r=0.015,w=0.25",,,,,,,,0.025261931713638646,0.1,0.12
five_level_weak_anharmonic,fullpulse_target_push_reference,0.03,relax_0.0005,0.0,0.0005,51,0.9453973097242507,0.00019606041038955357,0.08507524435833136,0.04138172096747507,0.9578723570765013,0.003248596247933023,120,104.35055383224972,0.2609877501479827,1917,False,target-push reference,"a=0.8,lw=1.5,r=0.04,w=0.25; a=1,lw=0.8,r=0.02,w=0.25; a=1,lw=0.5,r=0.015,w=0.25",,,,,,,,0.025261931713638646,0.1,0.12
five_level_weak_anharmonic,fullpulse_target_push_reference,0.03,relax_0.0005,0.0,0.0005,52,0.9538045016198616,0.00022195498591470741,0.07430408640440433,0.05182419782884505,0.9571322566997905,0.003248596247933023,120,104.35055383224972,0.2609877501479827,1917,False,target-push reference,"a=0.8,lw=1.5,r=0.04,w=0.25; a=1,lw=0.8,r=0.02,w=0.25; a=1,lw=0.5,r=0.015,w=0.25",,,,,,,,0.025261931713638646,0.1,0.12
five_level_weak_anharmonic,fullpulse_target_push_reference,0.03,relax_0.0005,0.0,0.0005,53,0.9146613425496939,0.001240655756202691,0.07436462405624855,0.08643477732073354,0.9632415639678449,0.003248596247933023,120,104.35055383224972,0.2609877501479827,1917,False,target-push reference,"a=0.8,lw=1.5,r=0.04,w=0.25; a=1,lw=0.8,r=0.02,w=0.25; a=1,lw=0.5,r=0.015,w=0.25",,,,,,,,0.025261931713638646,0.1,0.12
five_level_weak_anharmonic,fullpulse_target_push_reference,0.03,relax_0.0005,0.0,0.0005,54,0.9363130530730598,0.0017633146258971832,0.08366500934524235,0.06578382295459112,0.9613016496289672,0.003248596247933023,120,104.35055383224972,0.2609877501479827,1917,False,target-push reference,"a=0.8,lw=1.5,r=0.04,w=0.25; a=1,lw=0.8,r=0.02,w=0.25; a=1,lw=0.5,r=0.015,w=0.25",,,,,,,,0.025261931713638646,0.1,0.12
five_level_weak_anharmonic,fullpulse_target_push_reference,0.03,relax_0.0005,0.0,0.0005,55,0.9417762238231723,0.0005695388898139253,0.08832195414550181,0.06459876405741743,0.9646973223608256,0.003248596247933023,120,104.35055383224972,0.2609877501479827,1917,False,target-push reference,"a=0.8,lw=1.5,r=0.04,w=0.25; a=1,lw=0.8,r=0.02,w=0.25; a=1,lw=0.5,r=0.015,w=0.25",,,,,,,,0.025261931713638646,0.1,0.12
five_level_weak_anharmonic,fullpulse_target_push_reference,0.03,relax_0.0005,0.0,0.0005,56,0.9378191035239921,0.0029629073085826185,0.07341460884943829,0.06723599688880266,0.9596580733412882,0.003248596247933023,120,104.35055383224972,0.2609877501479827,1917,False,target-push reference,"a=0.8,lw=1.5,r=0.04,w=0.25; a=1,lw=0.8,r=0.02,w=0.25; a=1,lw=0.5,r=0.015,w=0.25",,,,,,,,0.025261931713638646,0.1,0.12
five_level_weak_anharmonic,fullpulse_target_push_reference,0.03,relax_0.0005,0.0,0.0005,57,0.869804087955226,0.0016313398406613278,0.09730390286434965,0.0855888467346495,0.9615364721535248,0.003248596247933023,120,104.35055383224972,0.2609877501479827,1917,False,target-push reference,"a=0.8,lw=1.5,r=0.04,w=0.25; a=1,lw=0.8,r=0.02,w=0.25; a=1,lw=0.5,r=0.015,w=0.25",,,,,,,,0.025261931713638646,0.1,0.12
five_level_weak_anharmonic,fullpulse_target_push_reference,0.03,relax_0.0005,0.0,0.0005,58,0.9721053802529135,0.0009061075811839236,0.06625487340732006,0.028149177460347584,0.9578481718521464,0.003248596247933023,120,104.35055383224972,0.2609877501479827,1917,False,target-push reference,"a=0.8,lw=1.5,r=0.04,w=0.25; a=1,lw=0.8,r=0.02,w=0.25; a=1,lw=0.5,r=0.015,w=0.25",,,,,,,,0.025261931713638646,0.1,0.12
five_level_weak_anharmonic,fullpulse_target_push_reference,0.03,relax_0.0005,0.0,0.0005,59,0.9433792661657565,0.0009205756149169853,0.0964244586268096,0.06716715028902656,0.9573875772288525,0.003248596247933023,120,104.35055383224972,0.2609877501479827,1917,False,target-push reference,"a=0.8,lw=1.5,r=0.04,w=0.25; a=1,lw=0.8,r=0.02,w=0.25; a=1,lw=0.5,r=0.015,w=0.25",,,,,,,,0.025261931713638646,0.1,0.12
five_level_weak_anharmonic,fullpulse_target_push_reference,0.03,combined,0.001,0.0005,10,0.8727820234533707,0.0013354359799060411,0.08079519179108696,0.10220135807706665,0.9479816454960608,0.003248596247933023,120,104.35055383224972,0.2609877501479827,1917,False,target-push reference,"a=0.8,lw=1.5,r=0.04,w=0.25; a=1,lw=0.8,r=0.02,w=0.25; a=1,lw=0.5,r=0.015,w=0.25",,,,,,,,0.025261931713638646,0.1,0.12
five_level_weak_anharmonic,fullpulse_target_push_reference,0.03,combined,0.001,0.0005,11,0.90481710578097,0.0021637675497991893,0.09243502073100784,0.10303572044603815,0.9472508545920842,0.003248596247933023,120,104.35055383224972,0.2609877501479827,1917,False,target-push reference,"a=0.8,lw=1.5,r=0.04,w=0.25; a=1,lw=0.8,r=0.02,w=0.25; a=1,lw=0.5,r=0.015,w=0.25",,,,,,,,0.025261931713638646,0.1,0.12
five_level_weak_anharmonic,fullpulse_target_push_reference,0.03,combined,0.001,0.0005,12,0.9444652284153857,0.0021446574076462444,0.08269115474937094,0.07123480950234759,0.9469251024819729,0.003248596247933023,120,104.35055383224972,0.2609877501479827,1917,False,target-push reference,"a=0.8,lw=1.5,r=0.04,w=0.25; a=1,lw=0.8,r=0.02,w=0.25; a=1,lw=0.5,r=0.015,w=0.25",,,,,,,,0.025261931713638646,0.1,0.12
five_level_weak_anharmonic,fullpulse_target_push_reference,0.03,combined,0.001,0.0005,13,0.8745497482431963,0.001526616423758731,0.07752294409130256,0.1407095307984431,0.9500578098083079,0.003248596247933023,120,104.35055383224972,0.2609877501479827,1917,False,target-push reference,"a=0.8,lw=1.5,r=0.04,w=0.25; a=1,lw=0.8,r=0.02,w=0.25; a=1,lw=0.5,r=0.015,w=0.25",,,,,,,,0.025261931713638646,0.1,0.12
five_level_weak_anharmonic,fullpulse_target_push_reference,0.03,combined,0.001,0.0005,14,0.8928218294544499,0.001949086181291304,0.06872396016376259,0.11633269811636567,0.949189000296045,0.003248596247933023,120,104.35055383224972,0.2609877501479827,1917,False,target-push reference,"a=0.8,lw=1.5,r=0.04,w=0.25; a=1,lw=0.8,r=0.02,w=0.25; a=1,lw=0.5,r=0.015,w=0.25",,,,,,,,0.025261931713638646,0.1,0.12
five_level_weak_anharmonic,fullpulse_target_push_reference,0.03,combined,0.001,0.0005,15,0.9664682587121151,0.002503730158582962,0.08880726146058437,0.026967645797580868,0.9469911618014689,0.003248596247933023,120,104.35055383224972,0.2609877501479827,1917,False,target-push reference,"a=0.8,lw=1.5,r=0.04,w=0.25; a=1,lw=0.8,r=0.02,w=0.25; a=1,lw=0.5,r=0.015,w=0.25",,,,,,,,0.025261931713638646,0.1,0.12
five_level_weak_anharmonic,fullpulse_target_push_reference,0.03,combined,0.001,0.0005,16,0.955984545320372,0.0018935158539375996,0.09618181501054235,0.053314271638220084,0.9468224722416975,0.003248596247933023,120,104.35055383224972,0.2609877501479827,1917,False,target-push reference,"a=0.8,lw=1.5,r=0.04,w=0.25; a=1,lw=0.8,r=0.02,w=0.25; a=1,lw=0.5,r=0.015,w=0.25",,,,,,,,0.025261931713638646,0.1,0.12
five_level_weak_anharmonic,fullpulse_target_push_reference,0.03,combined,0.001,0.0005,17,0.892290091302341,0.0018929783086932828,0.07174687242452438,0.07295517588697328,0.947721655144578,0.003248596247933023,120,104.35055383224972,0.2609877501479827,1917,False,target-push reference,"a=0.8,lw=1.5,r=0.04,w=0.25; a=1,lw=0.8,r=0.02,w=0.25; a=1,lw=0.5,r=0.015,w=0.25",,,,,,,,0.025261931713638646,0.1,0.12
five_level_weak_anharmonic,fullpulse_target_push_reference,0.03,combined,0.001,0.0005,18,0.9565156575933259,0.0020904847672972293,0.07726211124278981,0.03128815051923719,0.9474223183355859,0.003248596247933023,120,104.35055383224972,0.2609877501479827,1917,False,target-push reference,"a=0.8,lw=1.5,r=0.04,w=0.25; a=1,lw=0.8,r=0.02,w=0.25; a=1,lw=0.5,r=0.015,w=0.25",,,,,,,,0.025261931713638646,0.1,0.12
five_level_weak_anharmonic,fullpulse_target_push_reference,0.03,combined,0.001,0.0005,19,0.9436663519731769,0.001951916780858376,0.07210132668642666,0.06854641483958654,0.9469229408610309,0.003248596247933023,120,104.35055383224972,0.2609877501479827,1917,False,target-push reference,"a=0.8,lw=1.5,r=0.04,w=0.25; a=1,lw=0.8,r=0.02,w=0.25; a=1,lw=0.5,r=0.015,w=0.25",,,,,,,,0.025261931713638646,0.1,0.12
five_level_weak_anharmonic,fullpulse_target_push_reference,0.03,combined,0.001,0.0005,20,0.9042392076787861,0.0018095010055526606,0.08546999557106005,0.0932714296641106,0.9467058589654126,0.003248596247933023,120,104.35055383224972,0.2609877501479827,1917,False,target-push reference,"a=0.8,lw=1.5,r=0.04,w=0.25; a=1,lw=0.8,r=0.02,w=0.25; a=1,lw=0.5,r=0.015,w=0.25",,,,,,,,0.025261931713638646,0.1,0.12
five_level_weak_anharmonic,fullpulse_target_push_reference,0.03,combined,0.001,0.0005,21,0.9577423869313513,0.0023993214140988206,0.0677421670299364,0.043583051084932725,0.94723255770103,0.003248596247933023,120,104.35055383224972,0.2609877501479827,1917,False,target-push reference,"a=0.8,lw=1.5,r=0.04,w=0.25; a=1,lw=0.8,r=0.02,w=0.25; a=1,lw=0.5,r=0.015,w=0.25",,,,,,,,0.025261931713638646,0.1,0.12
five_level_weak_anharmonic,fullpulse_target_push_reference,0.03,combined,0.001,0.0005,22,0.9308169124176323,0.0017213726007673236,0.07898612298904939,0.07432201348943739,0.9473951163874424,0.003248596247933023,120,104.35055383224972,0.2609877501479827,1917,False,target-push reference,"a=0.8,lw=1.5,r=0.04,w=0.25; a=1,lw=0.8,r=0.02,w=0.25; a=1,lw=0.5,r=0.015,w=0.25",,,,,,,,0.025261931713638646,0.1,0.12
five_level_weak_anharmonic,fullpulse_target_push_reference,0.03,combined,0.001,0.0005,23,0.9639937782475594,0.001675877076687482,0.07404200099061176,0.04267765096659255,0.9477690367507675,0.003248596247933023,120,104.35055383224972,0.2609877501479827,1917,False,target-push reference,"a=0.8,lw=1.5,r=0.04,w=0.25; a=1,lw=0.8,r=0.02,w=0.25; a=1,lw=0.5,r=0.015,w=0.25",,,,,,,,0.025261931713638646,0.1,0.12
five_level_weak_anharmonic,fullpulse_target_push_reference,0.03,combined,0.001,0.0005,24,0.9518634070543595,0.001641429569585795,0.06849636275569249,0.04602413869831252,0.9482736888988172,0.003248596247933023,120,104.35055383224972,0.2609877501479827,1917,False,target-push reference,"a=0.8,lw=1.5,r=0.04,w=0.25; a=1,lw=0.8,r=0.02,w=0.25; a=1,lw=0.5,r=0.015,w=0.25",,,,,,,,0.025261931713638646,0.1,0.12
five_level_weak_anharmonic,fullpulse_target_push_reference,0.03,combined,0.001,0.0005,25,0.9472347129848648,0.002023632625034355,0.07323646894166691,0.05561387129419686,0.948106127884764,0.003248596247933023,120,104.35055383224972,0.2609877501479827,1917,False,target-push reference,"a=0.8,lw=1.5,r=0.04,w=0.25; a=1,lw=0.8,r=0.02,w=0.25; a=1,lw=0.5,r=0.015,w=0.25",,,,,,,,0.025261931713638646,0.1,0.12
five_level_weak_anharmonic,fullpulse_target_push_reference,0.03,combined,0.001,0.0005,26,0.9716718345569109,0.0017317512690776526,0.08735291374605536,0.0272347742376488,0.9475491225756045,0.003248596247933023,120,104.35055383224972,0.2609877501479827,1917,False,target-push reference,"a=0.8,lw=1.5,r=0.04,w=0.25; a=1,lw=0.8,r=0.02,w=0.25; a=1,lw=0.5,r=0.015,w=0.25",,,,,,,,0.025261931713638646,0.1,0.12
five_level_weak_anharmonic,fullpulse_target_push_reference,0.03,combined,0.001,0.0005,27,0.9427374451923493,0.001635068951747698,0.07157575610210876,0.048927479654605095,0.9478912835154135,0.003248596247933023,120,104.35055383224972,0.2609877501479827,1917,False,target-push reference,"a=0.8,lw=1.5,r=0.04,w=0.25; a=1,lw=0.8,r=0.02,w=0.25; a=1,lw=0.5,r=0.015,w=0.25",,,,,,,,0.025261931713638646,0.1,0.12
five_level_weak_anharmonic,fullpulse_target_push_reference,0.03,combined,0.001,0.0005,28,0.9264546860114544,0.0019563414237803167,0.09046237825949488,0.07725626364565884,0.9474704144279412,0.003248596247933023,120,104.35055383224972,0.2609877501479827,1917,False,target-push reference,"a=0.8,lw=1.5,r=0.04,w=0.25; a=1,lw=0.8,r=0.02,w=0.25; a=1,lw=0.5,r=0.015,w=0.25",,,,,,,,0.025261931713638646,0.1,0.12
five_level_weak_anharmonic,fullpulse_target_push_reference,0.03,combined,0.001,0.0005,29,0.954150241355424,0.0015363298354663657,0.0712235986878561,0.043540580978743436,0.9481424752275405,0.003248596247933023,120,104.35055383224972,0.2609877501479827,1917,False,target-push reference,"a=0.8,lw=1.5,r=0.04,w=0.25; a=1,lw=0.8,r=0.02,w=0.25; a=1,lw=0.5,r=0.015,w=0.25",,,,,,,,0.025261931713638646,0.1,0.12
five_level_weak_anharmonic,fullpulse_target_push_reference,0.03,combined,0.001,0.0005,30,0.9592868286335139,0.0014745446796916584,0.06394693927879214,0.03898691854866807,0.948453233745026,0.003248596247933023,120,104.35055383224972,0.2609877501479827,1917,False,target-push reference,"a=0.8,lw=1.5,r=0.04,w=0.25; a=1,lw=0.8,r=0.02,w=0.25; a=1,lw=0.5,r=0.015,w=0.25",,,,,,,,0.025261931713638646,0.1,0.12
five_level_weak_anharmonic,fullpulse_target_push_reference,0.03,combined,0.001,0.0005,31,0.9059971792324478,0.002794744531725346,0.10067213734570224,0.09813320098128368,0.947373415825541,0.003248596247933023,120,104.35055383224972,0.2609877501479827,1917,False,target-push reference,"a=0.8,lw=1.5,r=0.04,w=0.25; a=1,lw=0.8,r=0.02,w=0.25; a=1,lw=0.5,r=0.015,w=0.25",,,,,,,,0.025261931713638646,0.1,0.12
five_level_weak_anharmonic,fullpulse_target_push_reference,0.03,combined,0.001,0.0005,32,0.9354344726494582,0.0014616283852408873,0.07795564190661286,0.0712941442762072,0.9474934101095112,0.003248596247933023,120,104.35055383224972,0.2609877501479827,1917,False,target-push reference,"a=0.8,lw=1.5,r=0.04,w=0.25; a=1,lw=0.8,r=0.02,w=0.25; a=1,lw=0.5,r=0.015,w=0.25",,,,,,,,0.025261931713638646,0.1,0.12
five_level_weak_anharmonic,fullpulse_target_push_reference,0.03,combined,0.001,0.0005,33,0.9613544351018111,0.0024442890623916913,0.06992164703996329,0.03294828966614736,0.9478024244657901,0.003248596247933023,120,104.35055383224972,0.2609877501479827,1917,False,target-push reference,"a=0.8,lw=1.5,r=0.04,w=0.25; a=1,lw=0.8,r=0.02,w=0.25; a=1,lw=0.5,r=0.015,w=0.25",,,,,,,,0.025261931713638646,0.1,0.12
five_level_weak_anharmonic,fullpulse_target_push_reference,0.03,combined,0.001,0.0005,34,0.9700203262811089,0.002100010132973895,0.09314840128970958,0.0329969367049833,0.9475643633422098,0.003248596247933023,120,104.35055383224972,0.2609877501479827,1917,False,target-push reference,"a=0.8,lw=1.5,r=0.04,w=0.25; a=1,lw=0.8,r=0.02,w=0.25; a=1,lw=0.5,r=0.015,w=0.25",,,,,,,,0.025261931713638646,0.1,0.12
five_level_weak_anharmonic,fullpulse_target_push_reference,0.03,combined,0.001,0.0005,35,0.8876866677854826,0.0019983890688008987,0.09370092749489234,0.09339191281453395,0.9460590861784111,0.003248596247933023,120,104.35055383224972,0.2609877501479827,1917,False,target-push reference,"a=0.8,lw=1.5,r=0.04,w=0.25; a=1,lw=0.8,r=0.02,w=0.25; a=1,lw=0.5,r=0.015,w=0.25",,,,,,,,0.025261931713638646,0.1,0.12
five_level_weak_anharmonic,fullpulse_target_push_reference,0.03,combined,0.001,0.0005,36,0.9599120864123944,0.0016168766915520827,0.08321269116309415,0.0456244357348993,0.9475179466424061,0.003248596247933023,120,104.35055383224972,0.2609877501479827,1917,False,target-push reference,"a=0.8,lw=1.5,r=0.04,w=0.25; a=1,lw=0.8,r=0.02,w=0.25; a=1,lw=0.5,r=0.015,w=0.25",,,,,,,,0.025261931713638646,0.1,0.12
five_level_weak_anharmonic,fullpulse_target_push_reference,0.03,combined,0.001,0.0005,37,0.8004435978673197,0.0010099968975546547,0.061103914966053496,0.14491715833616403,0.9488055349208675,0.003248596247933023,120,104.35055383224972,0.2609877501479827,1917,False,target-push reference,"a=0.8,lw=1.5,r=0.04,w=0.25; a=1,lw=0.8,r=0.02,w=0.25; a=1,lw=0.5,r=0.015,w=0.25",,,,,,,,0.025261931713638646,0.1,0.12
five_level_weak_anharmonic,fullpulse_target_push_reference,0.03,combined,0.001,0.0005,38,0.9503040216453772,0.0021119204222951327,0.05354392477363623,0.06191057510229737,0.9489119234910314,0.003248596247933023,120,104.35055383224972,0.2609877501479827,1917,False,target-push reference,"a=0.8,lw=1.5,r=0.04,w=0.25; a=1,lw=0.8,r=0.02,w=0.25; a=1,lw=0.5,r=0.015,w=0.25",,,,,,,,0.025261931713638646,0.1,0.12
five_level_weak_anharmonic,fullpulse_target_push_reference,0.03,combined,0.001,0.0005,39,0.960014386725219,0.0019834149288883163,0.08651221852745128,0.04384353474249586,0.9474460706103487,0.003248596247933023,120,104.35055383224972,0.2609877501479827,1917,False,target-push reference,"a=0.8,lw=1.5,r=0.04,w=0.25; a=1,lw=0.8,r=0.02,w=0.25; a=1,lw=0.5,r=0.015,w=0.25",,,,,,,,0.025261931713638646,0.1,0.12
five_level_weak_anharmonic,fullpulse_target_push_reference,0.03,combined,0.001,0.0005,40,0.9650546806355957,0.0016115761006451068,0.08234144571491764,0.034381553680659184,0.9474462374483394,0.003248596247933023,120,104.35055383224972,0.2609877501479827,1917,False,target-push reference,"a=0.8,lw=1.5,r=0.04,w=0.25; a=1,lw=0.8,r=0.02,w=0.25; a=1,lw=0.5,r=0.015,w=0.25",,,,,,,,0.025261931713638646,0.1,0.12
five_level_weak_anharmonic,fullpulse_target_push_reference,0.03,combined,0.001,0.0005,41,0.9391493412997539,0.0018613916690572996,0.08042079554645787,0.06536958827474257,0.946550891780699,0.003248596247933023,120,104.35055383224972,0.2609877501479827,1917,False,target-push reference,"a=0.8,lw=1.5,r=0.04,w=0.25; a=1,lw=0.8,r=0.02,w=0.25; a=1,lw=0.5,r=0.015,w=0.25",,,,,,,,0.025261931713638646,0.1,0.12
five_level_weak_anharmonic,fullpulse_target_push_reference,0.03,combined,0.001,0.0005,42,0.9566155979065134,0.0013200783354337942,0.08153238303857702,0.04526203398773092,0.9481372597050471,0.003248596247933023,120,104.35055383224972,0.2609877501479827,1917,False,target-push reference,"a=0.8,lw=1.5,r=0.04,w=0.25; a=1,lw=0.8,r=0.02,w=0.25; a=1,lw=0.5,r=0.015,w=0.25",,,,,,,,0.025261931713638646,0.1,0.12
five_level_weak_anharmonic,fullpulse_target_push_reference,0.03,combined,0.001,0.0005,43,0.9415284420453355,0.0013439796049984354,0.06785840422284672,0.056318373854949345,0.9478827094202232,0.003248596247933023,120,104.35055383224972,0.2609877501479827,1917,False,target-push reference,"a=0.8,lw=1.5,r=0.04,w=0.25; a=1,lw=0.8,r=0.02,w=0.25; a=1,lw=0.5,r=0.015,w=0.25",,,,,,,,0.025261931713638646,0.1,0.12
five_level_weak_anharmonic,fullpulse_target_push_reference,0.03,combined,0.001,0.0005,44,0.9455255512162211,0.0013842142483240227,0.06607008316828233,0.059997540394650176,0.9494528144734158,0.003248596247933023,120,104.35055383224972,0.2609877501479827,1917,False,target-push reference,"a=0.8,lw=1.5,r=0.04,w=0.25; a=1,lw=0.8,r=0.02,w=0.25; a=1,lw=0.5,r=0.015,w=0.25",,,,,,,,0.025261931713638646,0.1,0.12
five_level_weak_anharmonic,fullpulse_target_push_reference,0.03,combined,0.001,0.0005,45,0.9717680523220792,0.001642759591501619,0.09069574241160572,0.031671299311046425,0.9478274531523905,0.003248596247933023,120,104.35055383224972,0.2609877501479827,1917,False,target-push reference,"a=0.8,lw=1.5,r=0.04,w=0.25; a=1,lw=0.8,r=0.02,w=0.25; a=1,lw=0.5,r=0.015,w=0.25",,,,,,,,0.025261931713638646,0.1,0.12
five_level_weak_anharmonic,fullpulse_target_push_reference,0.03,combined,0.001,0.0005,46,0.9622094417969446,0.0016307812668614474,0.07074649397665955,0.045914748966799104,0.9471904892227052,0.003248596247933023,120,104.35055383224972,0.2609877501479827,1917,False,target-push reference,"a=0.8,lw=1.5,r=0.04,w=0.25; a=1,lw=0.8,r=0.02,w=0.25; a=1,lw=0.5,r=0.015,w=0.25",,,,,,,,0.025261931713638646,0.1,0.12
five_level_weak_anharmonic,fullpulse_target_push_reference,0.03,combined,0.001,0.0005,47,0.9600459589626419,0.0024259016344847506,0.07339322698306283,0.03733107941042117,0.9469935456544145,0.003248596247933023,120,104.35055383224972,0.2609877501479827,1917,False,target-push reference,"a=0.8,lw=1.5,r=0.04,w=0.25; a=1,lw=0.8,r=0.02,w=0.25; a=1,lw=0.5,r=0.015,w=0.25",,,,,,,,0.025261931713638646,0.1,0.12
five_level_weak_anharmonic,fullpulse_target_push_reference,0.03,combined,0.001,0.0005,48,0.8801584846334245,0.0015276784400068966,0.08426617593270302,0.12239511637428492,0.9471208190204652,0.003248596247933023,120,104.35055383224972,0.2609877501479827,1917,False,target-push reference,"a=0.8,lw=1.5,r=0.04,w=0.25; a=1,lw=0.8,r=0.02,w=0.25; a=1,lw=0.5,r=0.015,w=0.25",,,,,,,,0.025261931713638646,0.1,0.12
five_level_weak_anharmonic,fullpulse_target_push_reference,0.03,combined,0.001,0.0005,49,0.9627643731868811,0.0021916729802301527,0.083682522238956,0.029284837481364477,0.946705216231308,0.003248596247933023,120,104.35055383224972,0.2609877501479827,1917,False,target-push reference,"a=0.8,lw=1.5,r=0.04,w=0.25; a=1,lw=0.8,r=0.02,w=0.25; a=1,lw=0.5,r=0.015,w=0.25",,,,,,,,0.025261931713638646,0.1,0.12
five_level_weak_anharmonic,fullpulse_target_push_reference,0.03,combined,0.001,0.0005,50,0.9506378989854076,0.002059431510163856,0.08569427900415072,0.041306998130524485,0.9476059521165546,0.003248596247933023,120,104.35055383224972,0.2609877501479827,1917,False,target-push reference,"a=0.8,lw=1.5,r=0.04,w=0.25; a=1,lw=0.8,r=0.02,w=0.25; a=1,lw=0.5,r=0.015,w=0.25",,,,,,,,0.025261931713638646,0.1,0.12
five_level_weak_anharmonic,fullpulse_target_push_reference,0.03,combined,0.001,0.0005,51,0.9404875741522614,0.0016458890892053768,0.08590560366325617,0.04664376742823457,0.9463584453400591,0.003248596247933023,120,104.35055383224972,0.2609877501479827,1917,False,target-push reference,"a=0.8,lw=1.5,r=0.04,w=0.25; a=1,lw=0.8,r=0.02,w=0.25; a=1,lw=0.5,r=0.015,w=0.25",,,,,,,,0.025261931713638646,0.1,0.12
five_level_weak_anharmonic,fullpulse_target_push_reference,0.03,combined,0.001,0.0005,52,0.9491510228851058,0.0014818045562204896,0.07476379859125482,0.05634888338175274,0.9468155398736307,0.003248596247933023,120,104.35055383224972,0.2609877501479827,1917,False,target-push reference,"a=0.8,lw=1.5,r=0.04,w=0.25; a=1,lw=0.8,r=0.02,w=0.25; a=1,lw=0.5,r=0.015,w=0.25",,,,,,,,0.025261931713638646,0.1,0.12
five_level_weak_anharmonic,fullpulse_target_push_reference,0.03,combined,0.001,0.0005,53,0.9100701161170562,0.002314801871617922,0.0750837628478267,0.09107492011183098,0.9481654902738252,0.003248596247933023,120,104.35055383224972,0.2609877501479827,1917,False,target-push reference,"a=0.8,lw=1.5,r=0.04,w=0.25; a=1,lw=0.8,r=0.02,w=0.25; a=1,lw=0.5,r=0.015,w=0.25",,,,,,,,0.025261931713638646,0.1,0.12
five_level_weak_anharmonic,fullpulse_target_push_reference,0.03,combined,0.001,0.0005,54,0.9312102546561086,0.002958807748494552,0.08410824880566392,0.07092056960388522,0.9477927931553198,0.003248596247933023,120,104.35055383224972,0.2609877501479827,1917,False,target-push reference,"a=0.8,lw=1.5,r=0.04,w=0.25; a=1,lw=0.8,r=0.02,w=0.25; a=1,lw=0.5,r=0.015,w=0.25",,,,,,,,0.025261931713638646,0.1,0.12
five_level_weak_anharmonic,fullpulse_target_push_reference,0.03,combined,0.001,0.0005,55,0.9351532354200162,0.001683981054842243,0.08878110976304154,0.0708527837364871,0.9490048171834873,0.003248596247933023,120,104.35055383224972,0.2609877501479827,1917,False,target-push reference,"a=0.8,lw=1.5,r=0.04,w=0.25; a=1,lw=0.8,r=0.02,w=0.25; a=1,lw=0.5,r=0.015,w=0.25",,,,,,,,0.025261931713638646,0.1,0.12
five_level_weak_anharmonic,fullpulse_target_push_reference,0.03,combined,0.001,0.0005,56,0.933025956199726,0.0040705070665884024,0.07412909043854621,0.07202476863268883,0.9474182771786912,0.003248596247933023,120,104.35055383224972,0.2609877501479827,1917,False,target-push reference,"a=0.8,lw=1.5,r=0.04,w=0.25; a=1,lw=0.8,r=0.02,w=0.25; a=1,lw=0.5,r=0.015,w=0.25",,,,,,,,0.025261931713638646,0.1,0.12
five_level_weak_anharmonic,fullpulse_target_push_reference,0.03,combined,0.001,0.0005,57,0.8660851892518776,0.003163182513658991,0.0977481633688434,0.09042983249800635,0.9460506919941581,0.003248596247933023,120,104.35055383224972,0.2609877501479827,1917,False,target-push reference,"a=0.8,lw=1.5,r=0.04,w=0.25; a=1,lw=0.8,r=0.02,w=0.25; a=1,lw=0.5,r=0.015,w=0.25",,,,,,,,0.025261931713638646,0.1,0.12
five_level_weak_anharmonic,fullpulse_target_push_reference,0.03,combined,0.001,0.0005,58,0.967203693324035,0.0018062956363815719,0.06670536304182795,0.033140757883060645,0.9477651181971327,0.003248596247933023,120,104.35055383224972,0.2609877501479827,1917,False,target-push reference,"a=0.8,lw=1.5,r=0.04,w=0.25; a=1,lw=0.8,r=0.02,w=0.25; a=1,lw=0.5,r=0.015,w=0.25",,,,,,,,0.025261931713638646,0.1,0.12
five_level_weak_anharmonic,fullpulse_target_push_reference,0.03,combined,0.001,0.0005,59,0.9387875284835773,0.002311133494251938,0.09691105102472419,0.07157076199410954,0.9462646026086783,0.003248596247933023,120,104.35055383224972,0.2609877501479827,1917,False,target-push reference,"a=0.8,lw=1.5,r=0.04,w=0.25; a=1,lw=0.8,r=0.02,w=0.25; a=1,lw=0.5,r=0.015,w=0.25",,,,,,,,0.025261931713638646,0.1,0.12
five_level_weak_anharmonic,fullpulse050_w120_tail02_worst05_slew10,0.03,static_only,0.0,0.0,10,0.9395768572609975,8.344414184313642e-05,0.06682674666153765,0.057410959253340416,0.9999978628676273,0.003182167450112266,120,149.3317121481523,0.08629438753888541,1997,False,"full pulse, cap 0.050, weight 120, tail 0.2, worst 0.5, slew 10","a=0.8,lw=1.5,r=0.04,w=0.25; a=1,lw=0.8,r=0.02,w=0.25; a=1,lw=0.5,r=0.015,w=0.25",0.05,120.0,0.2,0.5,0.2,0.015,10.0,0.01864766381778837,0.085,0.11448766122176407
five_level_weak_anharmonic,fullpulse050_w120_tail02_worst05_slew10,0.03,static_only,0.0,0.0,11,0.9146337128069154,0.0006865523856124378,0.08539182347929453,0.12850425360309972,0.9999974969819415,0.003182167450112266,120,149.3317121481523,0.08629438753888541,1997,False,"full pulse, cap 0.050, weight 120, tail 0.2, worst 0.5, slew 10","a=0.8,lw=1.5,r=0.04,w=0.25; a=1,lw=0.8,r=0.02,w=0.25; a=1,lw=0.5,r=0.015,w=0.25",0.05,120.0,0.2,0.5,0.2,0.015,10.0,0.01864766381778837,0.085,0.11448766122176407
five_level_weak_anharmonic,fullpulse050_w120_tail02_worst05_slew10,0.03,static_only,0.0,0.0,12,0.9962410235959562,0.0010603048194571807,0.08072225366322616,0.033791417476924684,0.9999977298965156,0.003182167450112266,120,149.3317121481523,0.08629438753888541,1997,False,"full pulse, cap 0.050, weight 120, tail 0.2, worst 0.5, slew 10","a=0.8,lw=1.5,r=0.04,w=0.25; a=1,lw=0.8,r=0.02,w=0.25; a=1,lw=0.5,r=0.015,w=0.25",0.05,120.0,0.2,0.5,0.2,0.015,10.0,0.01864766381778837,0.085,0.11448766122176407
five_level_weak_anharmonic,fullpulse050_w120_tail02_worst05_slew10,0.03,static_only,0.0,0.0,13,0.9430526080349325,0.0005869401336452418,0.06156419904890087,0.10875048176518817,0.9999981628538333,0.003182167450112266,120,149.3317121481523,0.08629438753888541,1997,False,"full pulse, cap 0.050, weight 120, tail 0.2, worst 0.5, slew 10","a=0.8,lw=1.5,r=0.04,w=0.25; a=1,lw=0.8,r=0.02,w=0.25; a=1,lw=0.5,r=0.015,w=0.25",0.05,120.0,0.2,0.5,0.2,0.015,10.0,0.01864766381778837,0.085,0.11448766122176407
five_level_weak_anharmonic,fullpulse050_w120_tail02_worst05_slew10,0.03,static_only,0.0,0.0,14,0.9381207229279941,0.0006477128624736705,0.058743554741003234,0.10878910387952276,0.9999980449989854,0.003182167450112266,120,149.3317121481523,0.08629438753888541,1997,False,"full pulse, cap 0.050, weight 120, tail 0.2, worst 0.5, slew 10","a=0.8,lw=1.5,r=0.04,w=0.25; a=1,lw=0.8,r=0.02,w=0.25; a=1,lw=0.5,r=0.015,w=0.25",0.05,120.0,0.2,0.5,0.2,0.015,10.0,0.01864766381778837,0.085,0.11448766122176407
five_level_weak_anharmonic,fullpulse050_w120_tail02_worst05_slew10,0.03,static_only,0.0,0.0,15,0.9862787311386556,0.0022221749626226694,0.08569902229127768,0.02239846819162164,0.9999977823430984,0.003182167450112266,120,149.3317121481523,0.08629438753888541,1997,False,"full pulse, cap 0.050, weight 120, tail 0.2, worst 0.5, slew 10","a=0.8,lw=1.5,r=0.04,w=0.25; a=1,lw=0.8,r=0.02,w=0.25; a=1,lw=0.5,r=0.015,w=0.25",0.05,120.0,0.2,0.5,0.2,0.015,10.0,0.01864766381778837,0.085,0.11448766122176407
five_level_weak_anharmonic,fullpulse050_w120_tail02_worst05_slew10,0.03,static_only,0.0,0.0,16,0.9862057052078262,0.000984539272617324,0.08480763450801332,0.05024626231203605,0.9999976135451982,0.003182167450112266,120,149.3317121481523,0.08629438753888541,1997,False,"full pulse, cap 0.050, weight 120, tail 0.2, worst 0.5, slew 10","a=0.8,lw=1.5,r=0.04,w=0.25; a=1,lw=0.8,r=0.02,w=0.25; a=1,lw=0.5,r=0.015,w=0.25",0.05,120.0,0.2,0.5,0.2,0.015,10.0,0.01864766381778837,0.085,0.11448766122176407
five_level_weak_anharmonic,fullpulse050_w120_tail02_worst05_slew10,0.03,static_only,0.0,0.0,17,0.912528796283248,0.00032439115761939696,0.05615601121408398,0.04379913395992324,0.9999984392100005,0.003182167450112266,120,149.3317121481523,0.08629438753888541,1997,False,"full pulse, cap 0.050, weight 120, tail 0.2, worst 0.5, slew 10","a=0.8,lw=1.5,r=0.04,w=0.25; a=1,lw=0.8,r=0.02,w=0.25; a=1,lw=0.5,r=0.015,w=0.25",0.05,120.0,0.2,0.5,0.2,0.015,10.0,0.01864766381778837,0.085,0.11448766122176407
five_level_weak_anharmonic,fullpulse050_w120_tail02_worst05_slew10,0.03,static_only,0.0,0.0,18,0.9793546524589332,0.0012360748436900382,0.07469834864252134,0.014661528522989577,0.9999980554041532,0.003182167450112266,120,149.3317121481523,0.08629438753888541,1997,False,"full pulse, cap 0.050, weight 120, tail 0.2, worst 0.5, slew 10","a=0.8,lw=1.5,r=0.04,w=0.25; a=1,lw=0.8,r=0.02,w=0.25; a=1,lw=0.5,r=0.015,w=0.25",0.05,120.0,0.2,0.5,0.2,0.015,10.0,0.01864766381778837,0.085,0.11448766122176407
five_level_weak_anharmonic,fullpulse050_w120_tail02_worst05_slew10,0.03,static_only,0.0,0.0,19,0.992441683965027,0.00018385414962940327,0.06759497848093765,0.040322714642801065,0.9999977361085638,0.003182167450112266,120,149.3317121481523,0.08629438753888541,1997,False,"full pulse, cap 0.050, weight 120, tail 0.2, worst 0.5, slew 10","a=0.8,lw=1.5,r=0.04,w=0.25; a=1,lw=0.8,r=0.02,w=0.25; a=1,lw=0.5,r=0.015,w=0.25",0.05,120.0,0.2,0.5,0.2,0.015,10.0,0.01864766381778837,0.085,0.11448766122176407
five_level_weak_anharmonic,fullpulse050_w120_tail02_worst05_slew10,0.03,static_only,0.0,0.0,20,0.9865546034373189,0.0007305363158636169,0.07869375157558944,0.027505674339607263,0.9999979137315438,0.003182167450112266,120,149.3317121481523,0.08629438753888541,1997,False,"full pulse, cap 0.050, weight 120, tail 0.2, worst 0.5, slew 10","a=0.8,lw=1.5,r=0.04,w=0.25; a=1,lw=0.8,r=0.02,w=0.25; a=1,lw=0.5,r=0.015,w=0.25",0.05,120.0,0.2,0.5,0.2,0.015,10.0,0.01864766381778837,0.085,0.11448766122176407
five_level_weak_anharmonic,fullpulse050_w120_tail02_worst05_slew10,0.03,static_only,0.0,0.0,21,0.9992957956889352,0.0002942073213473284,0.06273085617707808,0.020102820226630264,0.9999979632463152,0.003182167450112266,120,149.3317121481523,0.08629438753888541,1997,False,"full pulse, cap 0.050, weight 120, tail 0.2, worst 0.5, slew 10","a=0.8,lw=1.5,r=0.04,w=0.25; a=1,lw=0.8,r=0.02,w=0.25; a=1,lw=0.5,r=0.015,w=0.25",0.05,120.0,0.2,0.5,0.2,0.015,10.0,0.01864766381778837,0.085,0.11448766122176407
five_level_weak_anharmonic,fullpulse050_w120_tail02_worst05_slew10,0.03,static_only,0.0,0.0,22,0.9809657692876586,9.821671825616107e-05,0.06875994999350032,0.05779536532575535,0.9999975741700705,0.003182167450112266,120,149.3317121481523,0.08629438753888541,1997,False,"full pulse, cap 0.050, weight 120, tail 0.2, worst 0.5, slew 10","a=0.8,lw=1.5,r=0.04,w=0.25; a=1,lw=0.8,r=0.02,w=0.25; a=1,lw=0.5,r=0.015,w=0.25",0.05,120.0,0.2,0.5,0.2,0.015,10.0,0.01864766381778837,0.085,0.11448766122176407
five_level_weak_anharmonic,fullpulse050_w120_tail02_worst05_slew10,0.03,static_only,0.0,0.0,23,0.9890304558123049,0.0003893727686403725,0.06892692256077282,0.04510283427044663,0.9999979928849173,0.003182167450112266,120,149.3317121481523,0.08629438753888541,1997,False,"full pulse, cap 0.050, weight 120, tail 0.2, worst 0.5, slew 10","a=0.8,lw=1.5,r=0.04,w=0.25; a=1,lw=0.8,r=0.02,w=0.25; a=1,lw=0.5,r=0.015,w=0.25",0.05,120.0,0.2,0.5,0.2,0.015,10.0,0.01864766381778837,0.085,0.11448766122176407
five_level_weak_anharmonic,fullpulse050_w120_tail02_worst05_slew10,0.03,static_only,0.0,0.0,24,0.976415263058584,3.536098870837723e-05,0.0551671639466349,0.041455967011396345,0.9999982178108928,0.003182167450112266,120,149.3317121481523,0.08629438753888541,1997,False,"full pulse, cap 0.050, weight 120, tail 0.2, worst 0.5, slew 10","a=0.8,lw=1.5,r=0.04,w=0.25; a=1,lw=0.8,r=0.02,w=0.25; a=1,lw=0.5,r=0.015,w=0.25",0.05,120.0,0.2,0.5,0.2,0.015,10.0,0.01864766381778837,0.085,0.11448766122176407
five_level_weak_anharmonic,fullpulse050_w120_tail02_worst05_slew10,0.03,static_only,0.0,0.0,25,0.9728656384592671,0.0014608935068539664,0.07138796741737463,0.055563837000406006,0.99999798689933,0.003182167450112266,120,149.3317121481523,0.08629438753888541,1997,False,"full pulse, cap 0.050, weight 120, tail 0.2, worst 0.5, slew 10","a=0.8,lw=1.5,r=0.04,w=0.25; a=1,lw=0.8,r=0.02,w=0.25; a=1,lw=0.5,r=0.015,w=0.25",0.05,120.0,0.2,0.5,0.2,0.015,10.0,0.01864766381778837,0.085,0.11448766122176407
five_level_weak_anharmonic,fullpulse050_w120_tail02_worst05_slew10,0.03,static_only,0.0,0.0,26,0.9964141100820452,0.0020230523952846635,0.08163606515096355,0.020724486587483115,0.9999979293145634,0.003182167450112266,120,149.3317121481523,0.08629438753888541,1997,False,"full pulse, cap 0.050, weight 120, tail 0.2, worst 0.5, slew 10","a=0.8,lw=1.5,r=0.04,w=0.25; a=1,lw=0.8,r=0.02,w=0.25; a=1,lw=0.5,r=0.015,w=0.25",0.05,120.0,0.2,0.5,0.2,0.015,10.0,0.01864766381778837,0.085,0.11448766122176407
five_level_weak_anharmonic,fullpulse050_w120_tail02_worst05_slew10,0.03,static_only,0.0,0.0,27,0.9666722064747932,0.0004983027674845264,0.06145290368657996,0.03725033187491938,0.9999984408664706,0.003182167450112266,120,149.3317121481523,0.08629438753888541,1997,False,"full pulse, cap 0.050, weight 120, tail 0.2, worst 0.5, slew 10","a=0.8,lw=1.5,r=0.04,w=0.25; a=1,lw=0.8,r=0.02,w=0.25; a=1,lw=0.5,r=0.015,w=0.25",0.05,120.0,0.2,0.5,0.2,0.015,10.0,0.01864766381778837,0.085,0.11448766122176407
five_level_weak_anharmonic,fullpulse050_w120_tail02_worst05_slew10,0.03,static_only,0.0,0.0,28,0.9838092050078309,0.0006992019868679034,0.08256757377100044,0.0508076831084848,0.9999976950996394,0.003182167450112266,120,149.3317121481523,0.08629438753888541,1997,False,"full pulse, cap 0.050, weight 120, tail 0.2, worst 0.5, slew 10","a=0.8,lw=1.5,r=0.04,w=0.25; a=1,lw=0.8,r=0.02,w=0.25; a=1,lw=0.5,r=0.015,w=0.25",0.05,120.0,0.2,0.5,0.2,0.015,10.0,0.01864766381778837,0.085,0.11448766122176407
five_level_weak_anharmonic,fullpulse050_w120_tail02_worst05_slew10,0.03,static_only,0.0,0.0,29,0.9948581804564067,0.00025793533190765494,0.06690521075742706,0.021211271441081578,0.999998059926217,0.003182167450112266,120,149.3317121481523,0.08629438753888541,1997,False,"full pulse, cap 0.050, weight 120, tail 0.2, worst 0.5, slew 10","a=0.8,lw=1.5,r=0.04,w=0.25; a=1,lw=0.8,r=0.02,w=0.25; a=1,lw=0.5,r=0.015,w=0.25",0.05,120.0,0.2,0.5,0.2,0.015,10.0,0.01864766381778837,0.085,0.11448766122176407
five_level_weak_anharmonic,fullpulse050_w120_tail02_worst05_slew10,0.03,static_only,0.0,0.0,30,0.9863776133789092,0.0012340178424610215,0.06334370251770172,0.021054791876537277,0.9999982555489592,0.003182167450112266,120,149.3317121481523,0.08629438753888541,1997,False,"full pulse, cap 0.050, weight 120, tail 0.2, worst 0.5, slew 10","a=0.8,lw=1.5,r=0.04,w=0.25; a=1,lw=0.8,r=0.02,w=0.25; a=1,lw=0.5,r=0.015,w=0.25",0.05,120.0,0.2,0.5,0.2,0.015,10.0,0.01864766381778837,0.085,0.11448766122176407
five_level_weak_anharmonic,fullpulse050_w120_tail02_worst05_slew10,0.03,static_only,0.0,0.0,31,0.9364953732523728,0.00036280167770130767,0.08201570911276534,0.10676989400631179,0.9999976518480908,0.003182167450112266,120,149.3317121481523,0.08629438753888541,1997,False,"full pulse, cap 0.050, weight 120, tail 0.2, worst 0.5, slew 10","a=0.8,lw=1.5,r=0.04,w=0.25; a=1,lw=0.8,r=0.02,w=0.25; a=1,lw=0.5,r=0.015,w=0.25",0.05,120.0,0.2,0.5,0.2,0.015,10.0,0.01864766381778837,0.085,0.11448766122176407
five_level_weak_anharmonic,fullpulse050_w120_tail02_worst05_slew10,0.03,static_only,0.0,0.0,32,0.9429392880638693,0.0008486586679329333,0.07284323460431441,0.09510462015321208,0.9999975509980901,0.003182167450112266,120,149.3317121481523,0.08629438753888541,1997,False,"full pulse, cap 0.050, weight 120, tail 0.2, worst 0.5, slew 10","a=0.8,lw=1.5,r=0.04,w=0.25; a=1,lw=0.8,r=0.02,w=0.25; a=1,lw=0.5,r=0.015,w=0.25",0.05,120.0,0.2,0.5,0.2,0.015,10.0,0.01864766381778837,0.085,0.11448766122176407
five_level_weak_anharmonic,fullpulse050_w120_tail02_worst05_slew10,0.03,static_only,0.0,0.0,33,0.9837777653182572,0.0001744930092089092,0.06131044458569279,0.016263098785528715,0.9999982716213588,0.003182167450112266,120,149.3317121481523,0.08629438753888541,1997,False,"full pulse, cap 0.050, weight 120, tail 0.2, worst 0.5, slew 10","a=0.8,lw=1.5,r=0.04,w=0.25; a=1,lw=0.8,r=0.02,w=0.25; a=1,lw=0.5,r=0.015,w=0.25",0.05,120.0,0.2,0.5,0.2,0.015,10.0,0.01864766381778837,0.085,0.11448766122176407
five_level_weak_anharmonic,fullpulse050_w120_tail02_worst05_slew10,0.03,static_only,0.0,0.0,34,0.99480859072339,0.002835971986049457,0.08147002883685195,0.03502952507303638,0.9999979195234864,0.003182167450112266,120,149.3317121481523,0.08629438753888541,1997,False,"full pulse, cap 0.050, weight 120, tail 0.2, worst 0.5, slew 10","a=0.8,lw=1.5,r=0.04,w=0.25; a=1,lw=0.8,r=0.02,w=0.25; a=1,lw=0.5,r=0.015,w=0.25",0.05,120.0,0.2,0.5,0.2,0.015,10.0,0.01864766381778837,0.085,0.11448766122176407
five_level_weak_anharmonic,fullpulse050_w120_tail02_worst05_slew10,0.03,static_only,0.0,0.0,35,0.9565028304410926,0.0014415474811722007,0.07768469665876843,0.029736550886045165,0.9999978852667792,0.003182167450112266,120,149.3317121481523,0.08629438753888541,1997,False,"full pulse, cap 0.050, weight 120, tail 0.2, worst 0.5, slew 10","a=0.8,lw=1.5,r=0.04,w=0.25; a=1,lw=0.8,r=0.02,w=0.25; a=1,lw=0.5,r=0.015,w=0.25",0.05,120.0,0.2,0.5,0.2,0.015,10.0,0.01864766381778837,0.085,0.11448766122176407
five_level_weak_anharmonic,fullpulse050_w120_tail02_worst05_slew10,0.03,static_only,0.0,0.0,36,0.965976795209066,0.00027003696613359107,0.07310448012706616,0.06365821523908606,0.9999979778467163,0.003182167450112266,120,149.3317121481523,0.08629438753888541,1997,False,"full pulse, cap 0.050, weight 120, tail 0.2, worst 0.5, slew 10","a=0.8,lw=1.5,r=0.04,w=0.25; a=1,lw=0.8,r=0.02,w=0.25; a=1,lw=0.5,r=0.015,w=0.25",0.05,120.0,0.2,0.5,0.2,0.015,10.0,0.01864766381778837,0.085,0.11448766122176407
five_level_weak_anharmonic,fullpulse050_w120_tail02_worst05_slew10,0.03,static_only,0.0,0.0,37,0.8085342790691855,0.0011616406760712739,0.05769124812725246,0.11356026497497686,0.999998540360536,0.003182167450112266,120,149.3317121481523,0.08629438753888541,1997,False,"full pulse, cap 0.050, weight 120, tail 0.2, worst 0.5, slew 10","a=0.8,lw=1.5,r=0.04,w=0.25; a=1,lw=0.8,r=0.02,w=0.25; a=1,lw=0.5,r=0.015,w=0.25",0.05,120.0,0.2,0.5,0.2,0.015,10.0,0.01864766381778837,0.085,0.11448766122176407
five_level_weak_anharmonic,fullpulse050_w120_tail02_worst05_slew10,0.03,static_only,0.0,0.0,38,0.9897020745719859,0.0002485150390720836,0.04868368975988946,0.046703446272081006,0.9999983989889887,0.003182167450112266,120,149.3317121481523,0.08629438753888541,1997,False,"full pulse, cap 0.050, weight 120, tail 0.2, worst 0.5, slew 10","a=0.8,lw=1.5,r=0.04,w=0.25; a=1,lw=0.8,r=0.02,w=0.25; a=1,lw=0.5,r=0.015,w=0.25",0.05,120.0,0.2,0.5,0.2,0.015,10.0,0.01864766381778837,0.085,0.11448766122176407
five_level_weak_anharmonic,fullpulse050_w120_tail02_worst05_slew10,0.03,static_only,0.0,0.0,39,0.9762537512884171,0.0010601489672271702,0.07522026454703856,0.05234828389072905,0.9999978404312689,0.003182167450112266,120,149.3317121481523,0.08629438753888541,1997,False,"full pulse, cap 0.050, weight 120, tail 0.2, worst 0.5, slew 10","a=0.8,lw=1.5,r=0.04,w=0.25; a=1,lw=0.8,r=0.02,w=0.25; a=1,lw=0.5,r=0.015,w=0.25",0.05,120.0,0.2,0.5,0.2,0.015,10.0,0.01864766381778837,0.085,0.11448766122176407
five_level_weak_anharmonic,fullpulse050_w120_tail02_worst05_slew10,0.03,static_only,0.0,0.0,40,0.9979781668309425,0.0011198630688094013,0.0807414173155605,0.017325083128237044,0.999997754905646,0.003182167450112266,120,149.3317121481523,0.08629438753888541,1997,False,"full pulse, cap 0.050, weight 120, tail 0.2, worst 0.5, slew 10","a=0.8,lw=1.5,r=0.04,w=0.25; a=1,lw=0.8,r=0.02,w=0.25; a=1,lw=0.5,r=0.015,w=0.25",0.05,120.0,0.2,0.5,0.2,0.015,10.0,0.01864766381778837,0.085,0.11448766122176407
five_level_weak_anharmonic,fullpulse050_w120_tail02_worst05_slew10,0.03,static_only,0.0,0.0,41,0.9991675709846654,0.00043226547437635876,0.07597133316991334,0.022969578793548266,0.999997696553236,0.003182167450112266,120,149.3317121481523,0.08629438753888541,1997,False,"full pulse, cap 0.050, weight 120, tail 0.2, worst 0.5, slew 10","a=0.8,lw=1.5,r=0.04,w=0.25; a=1,lw=0.8,r=0.02,w=0.25; a=1,lw=0.5,r=0.015,w=0.25",0.05,120.0,0.2,0.5,0.2,0.015,10.0,0.01864766381778837,0.085,0.11448766122176407
five_level_weak_anharmonic,fullpulse050_w120_tail02_worst05_slew10,0.03,static_only,0.0,0.0,42,0.9892095363449499,0.0009548007203008524,0.07571130206365428,0.036775067463352136,0.9999978274743124,0.003182167450112266,120,149.3317121481523,0.08629438753888541,1997,False,"full pulse, cap 0.050, weight 120, tail 0.2, worst 0.5, slew 10","a=0.8,lw=1.5,r=0.04,w=0.25; a=1,lw=0.8,r=0.02,w=0.25; a=1,lw=0.5,r=0.015,w=0.25",0.05,120.0,0.2,0.5,0.2,0.015,10.0,0.01864766381778837,0.085,0.11448766122176407
five_level_weak_anharmonic,fullpulse050_w120_tail02_worst05_slew10,0.03,static_only,0.0,0.0,43,0.950576841784753,0.00038790065806448837,0.06423815431118385,0.07127769987873225,0.999998167498492,0.003182167450112266,120,149.3317121481523,0.08629438753888541,1997,False,"full pulse, cap 0.050, weight 120, tail 0.2, worst 0.5, slew 10","a=0.8,lw=1.5,r=0.04,w=0.25; a=1,lw=0.8,r=0.02,w=0.25; a=1,lw=0.5,r=0.015,w=0.25",0.05,120.0,0.2,0.5,0.2,0.015,10.0,0.01864766381778837,0.085,0.11448766122176407
five_level_weak_anharmonic,fullpulse050_w120_tail02_worst05_slew10,0.03,static_only,0.0,0.0,44,0.9779089214180053,0.0003214759490528518,0.05439994997128761,0.05025751729972331,0.999998276858188,0.003182167450112266,120,149.3317121481523,0.08629438753888541,1997,False,"full pulse, cap 0.050, weight 120, tail 0.2, worst 0.5, slew 10","a=0.8,lw=1.5,r=0.04,w=0.25; a=1,lw=0.8,r=0.02,w=0.25; a=1,lw=0.5,r=0.015,w=0.25",0.05,120.0,0.2,0.5,0.2,0.015,10.0,0.01864766381778837,0.085,0.11448766122176407
five_level_weak_anharmonic,fullpulse050_w120_tail02_worst05_slew10,0.03,static_only,0.0,0.0,45,0.9986780176116237,0.0009002760900779228,0.07466007994438817,0.02807053308700653,0.9999980123418185,0.003182167450112266,120,149.3317121481523,0.08629438753888541,1997,False,"full pulse, cap 0.050, weight 120, tail 0.2, worst 0.5, slew 10","a=0.8,lw=1.5,r=0.04,w=0.25; a=1,lw=0.8,r=0.02,w=0.25; a=1,lw=0.5,r=0.015,w=0.25",0.05,120.0,0.2,0.5,0.2,0.015,10.0,0.01864766381778837,0.085,0.11448766122176407
five_level_weak_anharmonic,fullpulse050_w120_tail02_worst05_slew10,0.03,static_only,0.0,0.0,46,0.9550530365524429,0.00011690141277020949,0.06727608057883872,0.06888011195983214,0.9999977651376429,0.003182167450112266,120,149.3317121481523,0.08629438753888541,1997,False,"full pulse, cap 0.050, weight 120, tail 0.2, worst 0.5, slew 10","a=0.8,lw=1.5,r=0.04,w=0.25; a=1,lw=0.8,r=0.02,w=0.25; a=1,lw=0.5,r=0.015,w=0.25",0.05,120.0,0.2,0.5,0.2,0.015,10.0,0.01864766381778837,0.085,0.11448766122176407
five_level_weak_anharmonic,fullpulse050_w120_tail02_worst05_slew10,0.03,static_only,0.0,0.0,47,0.9948378005389193,0.0006333489126926217,0.06845654436465698,0.010226487128231886,0.999997968033313,0.003182167450112266,120,149.3317121481523,0.08629438753888541,1997,False,"full pulse, cap 0.050, weight 120, tail 0.2, worst 0.5, slew 10","a=0.8,lw=1.5,r=0.04,w=0.25; a=1,lw=0.8,r=0.02,w=0.25; a=1,lw=0.5,r=0.015,w=0.25",0.05,120.0,0.2,0.5,0.2,0.015,10.0,0.01864766381778837,0.085,0.11448766122176407
five_level_weak_anharmonic,fullpulse050_w120_tail02_worst05_slew10,0.03,static_only,0.0,0.0,48,0.8279331058688444,0.0006032428654183519,0.07724553935847878,0.19662902306977528,0.9999972138035738,0.003182167450112266,120,149.3317121481523,0.08629438753888541,1997,False,"full pulse, cap 0.050, weight 120, tail 0.2, worst 0.5, slew 10","a=0.8,lw=1.5,r=0.04,w=0.25; a=1,lw=0.8,r=0.02,w=0.25; a=1,lw=0.5,r=0.015,w=0.25",0.05,120.0,0.2,0.5,0.2,0.015,10.0,0.01864766381778837,0.085,0.11448766122176407
five_level_weak_anharmonic,fullpulse050_w120_tail02_worst05_slew10,0.03,static_only,0.0,0.0,49,0.9862904095860675,0.0004330393801190713,0.06709153390418576,0.010618947302574394,0.9999979919568689,0.003182167450112266,120,149.3317121481523,0.08629438753888541,1997,False,"full pulse, cap 0.050, weight 120, tail 0.2, worst 0.5, slew 10","a=0.8,lw=1.5,r=0.04,w=0.25; a=1,lw=0.8,r=0.02,w=0.25; a=1,lw=0.5,r=0.015,w=0.25",0.05,120.0,0.2,0.5,0.2,0.015,10.0,0.01864766381778837,0.085,0.11448766122176407
five_level_weak_anharmonic,fullpulse050_w120_tail02_worst05_slew10,0.03,static_only,0.0,0.0,50,0.9731629922737378,0.0010619357669374718,0.06866006154815363,0.03156971134183392,0.9999983487690991,0.003182167450112266,120,149.3317121481523,0.08629438753888541,1997,False,"full pulse, cap 0.050, weight 120, tail 0.2, worst 0.5, slew 10","a=0.8,lw=1.5,r=0.04,w=0.25; a=1,lw=0.8,r=0.02,w=0.25; a=1,lw=0.5,r=0.015,w=0.25",0.05,120.0,0.2,0.5,0.2,0.015,10.0,0.01864766381778837,0.085,0.11448766122176407
five_level_weak_anharmonic,fullpulse050_w120_tail02_worst05_slew10,0.03,static_only,0.0,0.0,51,0.9782567607751965,0.001344799259329621,0.08075843955976825,0.012904002837358916,0.9999977720080194,0.003182167450112266,120,149.3317121481523,0.08629438753888541,1997,False,"full pulse, cap 0.050, weight 120, tail 0.2, worst 0.5, slew 10","a=0.8,lw=1.5,r=0.04,w=0.25; a=1,lw=0.8,r=0.02,w=0.25; a=1,lw=0.5,r=0.015,w=0.25",0.05,120.0,0.2,0.5,0.2,0.015,10.0,0.01864766381778837,0.085,0.11448766122176407
five_level_weak_anharmonic,fullpulse050_w120_tail02_worst05_slew10,0.03,static_only,0.0,0.0,52,0.9993892239099235,0.0002976665945050305,0.06758870708893872,0.02350292826044609,0.9999977503626751,0.003182167450112266,120,149.3317121481523,0.08629438753888541,1997,False,"full pulse, cap 0.050, weight 120, tail 0.2, worst 0.5, slew 10","a=0.8,lw=1.5,r=0.04,w=0.25; a=1,lw=0.8,r=0.02,w=0.25; a=1,lw=0.5,r=0.015,w=0.25",0.05,120.0,0.2,0.5,0.2,0.015,10.0,0.01864766381778837,0.085,0.11448766122176407
five_level_weak_anharmonic,fullpulse050_w120_tail02_worst05_slew10,0.03,static_only,0.0,0.0,53,0.9425189068540727,0.0011820399480900745,0.0741810596143333,0.09125695067664218,0.9999978914667532,0.003182167450112266,120,149.3317121481523,0.08629438753888541,1997,False,"full pulse, cap 0.050, weight 120, tail 0.2, worst 0.5, slew 10","a=0.8,lw=1.5,r=0.04,w=0.25; a=1,lw=0.8,r=0.02,w=0.25; a=1,lw=0.5,r=0.015,w=0.25",0.05,120.0,0.2,0.5,0.2,0.015,10.0,0.01864766381778837,0.085,0.11448766122176407
five_level_weak_anharmonic,fullpulse050_w120_tail02_worst05_slew10,0.03,static_only,0.0,0.0,54,0.9514744418540889,0.0008022921534180938,0.07403189080295425,0.08591457866868446,0.9999979003422909,0.003182167450112266,120,149.3317121481523,0.08629438753888541,1997,False,"full pulse, cap 0.050, weight 120, tail 0.2, worst 0.5, slew 10","a=0.8,lw=1.5,r=0.04,w=0.25; a=1,lw=0.8,r=0.02,w=0.25; a=1,lw=0.5,r=0.015,w=0.25",0.05,120.0,0.2,0.5,0.2,0.015,10.0,0.01864766381778837,0.085,0.11448766122176407
five_level_weak_anharmonic,fullpulse050_w120_tail02_worst05_slew10,0.03,static_only,0.0,0.0,55,0.9726926901560302,0.0014526521249574875,0.07156624082587038,0.05912400098696003,0.999998082350464,0.003182167450112266,120,149.3317121481523,0.08629438753888541,1997,False,"full pulse, cap 0.050, weight 120, tail 0.2, worst 0.5, slew 10","a=0.8,lw=1.5,r=0.04,w=0.25; a=1,lw=0.8,r=0.02,w=0.25; a=1,lw=0.5,r=0.015,w=0.25",0.05,120.0,0.2,0.5,0.2,0.015,10.0,0.01864766381778837,0.085,0.11448766122176407
five_level_weak_anharmonic,fullpulse050_w120_tail02_worst05_slew10,0.03,static_only,0.0,0.0,56,0.9371522243612743,0.001061380720033478,0.0710380445062152,0.10065606944185056,0.9999977265249161,0.003182167450112266,120,149.3317121481523,0.08629438753888541,1997,False,"full pulse, cap 0.050, weight 120, tail 0.2, worst 0.5, slew 10","a=0.8,lw=1.5,r=0.04,w=0.25; a=1,lw=0.8,r=0.02,w=0.25; a=1,lw=0.5,r=0.015,w=0.25",0.05,120.0,0.2,0.5,0.2,0.015,10.0,0.01864766381778837,0.085,0.11448766122176407
five_level_weak_anharmonic,fullpulse050_w120_tail02_worst05_slew10,0.03,static_only,0.0,0.0,57,0.8803825642673568,0.006122322755557241,0.08122279162282742,0.06335783703675131,0.9999980866466458,0.003182167450112266,120,149.3317121481523,0.08629438753888541,1997,False,"full pulse, cap 0.050, weight 120, tail 0.2, worst 0.5, slew 10","a=0.8,lw=1.5,r=0.04,w=0.25; a=1,lw=0.8,r=0.02,w=0.25; a=1,lw=0.5,r=0.015,w=0.25",0.05,120.0,0.2,0.5,0.2,0.015,10.0,0.01864766381778837,0.085,0.11448766122176407
five_level_weak_anharmonic,fullpulse050_w120_tail02_worst05_slew10,0.03,static_only,0.0,0.0,58,0.9759436920578486,0.00011467078351545812,0.06083435661468939,0.04357092127028995,0.9999981750516774,0.003182167450112266,120,149.3317121481523,0.08629438753888541,1997,False,"full pulse, cap 0.050, weight 120, tail 0.2, worst 0.5, slew 10","a=0.8,lw=1.5,r=0.04,w=0.25; a=1,lw=0.8,r=0.02,w=0.25; a=1,lw=0.5,r=0.015,w=0.25",0.05,120.0,0.2,0.5,0.2,0.015,10.0,0.01864766381778837,0.085,0.11448766122176407
five_level_weak_anharmonic,fullpulse050_w120_tail02_worst05_slew10,0.03,static_only,0.0,0.0,59,0.9335290342102097,0.0003177188089615868,0.07912709210155211,0.09584951341080064,0.9999973354458028,0.003182167450112266,120,149.3317121481523,0.08629438753888541,1997,False,"full pulse, cap 0.050, weight 120, tail 0.2, worst 0.5, slew 10","a=0.8,lw=1.5,r=0.04,w=0.25; a=1,lw=0.8,r=0.02,w=0.25; a=1,lw=0.5,r=0.015,w=0.25",0.05,120.0,0.2,0.5,0.2,0.015,10.0,0.01864766381778837,0.085,0.11448766122176407
five_level_weak_anharmonic,fullpulse050_w120_tail02_worst05_slew10,0.03,deph_0.001,0.001,0.0,10,0.9330921093223408,0.0016676277994595035,0.06759632297419826,0.06374784625076986,0.9850870906867073,0.003182167450112266,120,149.3317121481523,0.08629438753888541,1997,False,"full pulse, cap 0.050, weight 120, tail 0.2, worst 0.5, slew 10","a=0.8,lw=1.5,r=0.04,w=0.25; a=1,lw=0.8,r=0.02,w=0.25; a=1,lw=0.5,r=0.015,w=0.25",0.05,120.0,0.2,0.5,0.2,0.015,10.0,0.01864766381778837,0.085,0.11448766122176407
five_level_weak_anharmonic,fullpulse050_w120_tail02_worst05_slew10,0.03,deph_0.001,0.001,0.0,11,0.9087072649340816,0.0023332723687380374,0.0861657346696012,0.13349283812047014,0.9816376824852784,0.003182167450112266,120,149.3317121481523,0.08629438753888541,1997,False,"full pulse, cap 0.050, weight 120, tail 0.2, worst 0.5, slew 10","a=0.8,lw=1.5,r=0.04,w=0.25; a=1,lw=0.8,r=0.02,w=0.25; a=1,lw=0.5,r=0.015,w=0.25",0.05,120.0,0.2,0.5,0.2,0.015,10.0,0.01864766381778837,0.085,0.11448766122176407
five_level_weak_anharmonic,fullpulse050_w120_tail02_worst05_slew10,0.03,deph_0.001,0.001,0.0,12,0.9894463036542545,0.0026842117432439583,0.08123153133518612,0.03971292144362982,0.9861034013525806,0.003182167450112266,120,149.3317121481523,0.08629438753888541,1997,False,"full pulse, cap 0.050, weight 120, tail 0.2, worst 0.5, slew 10","a=0.8,lw=1.5,r=0.04,w=0.25; a=1,lw=0.8,r=0.02,w=0.25; a=1,lw=0.5,r=0.015,w=0.25",0.05,120.0,0.2,0.5,0.2,0.015,10.0,0.01864766381778837,0.085,0.11448766122176407
five_level_weak_anharmonic,fullpulse050_w120_tail02_worst05_slew10,0.03,deph_0.001,0.001,0.0,13,0.9346537582618848,0.002140362519443273,0.06208564376758152,0.11558591261970311,0.977039533465952,0.003182167450112266,120,149.3317121481523,0.08629438753888541,1997,False,"full pulse, cap 0.050, weight 120, tail 0.2, worst 0.5, slew 10","a=0.8,lw=1.5,r=0.04,w=0.25; a=1,lw=0.8,r=0.02,w=0.25; a=1,lw=0.5,r=0.015,w=0.25",0.05,120.0,0.2,0.5,0.2,0.015,10.0,0.01864766381778837,0.085,0.11448766122176407
five_level_weak_anharmonic,fullpulse050_w120_tail02_worst05_slew10,0.03,deph_0.001,0.001,0.0,14,0.9307920072955262,0.00194225756130173,0.059291267356839206,0.11481931192230567,0.9794994272401403,0.003182167450112266,120,149.3317121481523,0.08629438753888541,1997,False,"full pulse, cap 0.050, weight 120, tail 0.2, worst 0.5, slew 10","a=0.8,lw=1.5,r=0.04,w=0.25; a=1,lw=0.8,r=0.02,w=0.25; a=1,lw=0.5,r=0.015,w=0.25",0.05,120.0,0.2,0.5,0.2,0.015,10.0,0.01864766381778837,0.085,0.11448766122176407
five_level_weak_anharmonic,fullpulse050_w120_tail02_worst05_slew10,0.03,deph_0.001,0.001,0.0,15,0.9791430678780859,0.004444720219994536,0.08655157625474286,0.029263093777852956,0.9851635316747903,0.003182167450112266,120,149.3317121481523,0.08629438753888541,1997,False,"full pulse, cap 0.050, weight 120, tail 0.2, worst 0.5, slew 10","a=0.8,lw=1.5,r=0.04,w=0.25; a=1,lw=0.8,r=0.02,w=0.25; a=1,lw=0.5,r=0.015,w=0.25",0.05,120.0,0.2,0.5,0.2,0.015,10.0,0.01864766381778837,0.085,0.11448766122176407
five_level_weak_anharmonic,fullpulse050_w120_tail02_worst05_slew10,0.03,deph_0.001,0.001,0.0,16,0.9791336671751062,0.0028991312746861064,0.08569123562458036,0.05648817816701607,0.9843352214468709,0.003182167450112266,120,149.3317121481523,0.08629438753888541,1997,False,"full pulse, cap 0.050, weight 120, tail 0.2, worst 0.5, slew 10","a=0.8,lw=1.5,r=0.04,w=0.25; a=1,lw=0.8,r=0.02,w=0.25; a=1,lw=0.5,r=0.015,w=0.25",0.05,120.0,0.2,0.5,0.2,0.015,10.0,0.01864766381778837,0.085,0.11448766122176407
five_level_weak_anharmonic,fullpulse050_w120_tail02_worst05_slew10,0.03,deph_0.001,0.001,0.0,17,0.907809685438551,0.0018742152227281261,0.05680964726025117,0.04937602366516474,0.9861889065933545,0.003182167450112266,120,149.3317121481523,0.08629438753888541,1997,False,"full pulse, cap 0.050, weight 120, tail 0.2, worst 0.5, slew 10","a=0.8,lw=1.5,r=0.04,w=0.25; a=1,lw=0.8,r=0.02,w=0.25; a=1,lw=0.5,r=0.015,w=0.25",0.05,120.0,0.2,0.5,0.2,0.015,10.0,0.01864766381778837,0.085,0.11448766122176407
five_level_weak_anharmonic,fullpulse050_w120_tail02_worst05_slew10,0.03,deph_0.001,0.001,0.0,18,0.9726193474984764,0.003021724070422893,0.07533793108045117,0.02140456203513199,0.9860193629931152,0.003182167450112266,120,149.3317121481523,0.08629438753888541,1997,False,"full pulse, cap 0.050, weight 120, tail 0.2, worst 0.5, slew 10","a=0.8,lw=1.5,r=0.04,w=0.25; a=1,lw=0.8,r=0.02,w=0.25; a=1,lw=0.5,r=0.015,w=0.25",0.05,120.0,0.2,0.5,0.2,0.015,10.0,0.01864766381778837,0.085,0.11448766122176407
five_level_weak_anharmonic,fullpulse050_w120_tail02_worst05_slew10,0.03,deph_0.001,0.001,0.0,19,0.9857812943220717,0.0017639794626309602,0.06826897760636585,0.04610564726835897,0.9857838840817615,0.003182167450112266,120,149.3317121481523,0.08629438753888541,1997,False,"full pulse, cap 0.050, weight 120, tail 0.2, worst 0.5, slew 10","a=0.8,lw=1.5,r=0.04,w=0.25; a=1,lw=0.8,r=0.02,w=0.25; a=1,lw=0.5,r=0.015,w=0.25",0.05,120.0,0.2,0.5,0.2,0.015,10.0,0.01864766381778837,0.085,0.11448766122176407
five_level_weak_anharmonic,fullpulse050_w120_tail02_worst05_slew10,0.03,deph_0.001,0.001,0.0,20,0.9799058601770971,0.002552865011974381,0.0795061937717434,0.03373895194504651,0.9861449348359062,0.003182167450112266,120,149.3317121481523,0.08629438753888541,1997,False,"full pulse, cap 0.050, weight 120, tail 0.2, worst 0.5, slew 10","a=0.8,lw=1.5,r=0.04,w=0.25; a=1,lw=0.8,r=0.02,w=0.25; a=1,lw=0.5,r=0.015,w=0.25",0.05,120.0,0.2,0.5,0.2,0.015,10.0,0.01864766381778837,0.085,0.11448766122176407
five_level_weak_anharmonic,fullpulse050_w120_tail02_worst05_slew10,0.03,deph_0.001,0.001,0.0,21,0.9929431486313959,0.0016719200811926571,0.06323328794045002,0.02595444451939537,0.9872033168141858,0.003182167450112266,120,149.3317121481523,0.08629438753888541,1997,False,"full pulse, cap 0.050, weight 120, tail 0.2, worst 0.5, slew 10","a=0.8,lw=1.5,r=0.04,w=0.25; a=1,lw=0.8,r=0.02,w=0.25; a=1,lw=0.5,r=0.015,w=0.25",0.05,120.0,0.2,0.5,0.2,0.015,10.0,0.01864766381778837,0.085,0.11448766122176407
five_level_weak_anharmonic,fullpulse050_w120_tail02_worst05_slew10,0.03,deph_0.001,0.001,0.0,22,0.974008538621584,0.001693234932480303,0.06951055003624929,0.06382823938324372,0.9843524842142484,0.003182167450112266,120,149.3317121481523,0.08629438753888541,1997,False,"full pulse, cap 0.050, weight 120, tail 0.2, worst 0.5, slew 10","a=0.8,lw=1.5,r=0.04,w=0.25; a=1,lw=0.8,r=0.02,w=0.25; a=1,lw=0.5,r=0.015,w=0.25",0.05,120.0,0.2,0.5,0.2,0.015,10.0,0.01864766381778837,0.085,0.11448766122176407
five_level_weak_anharmonic,fullpulse050_w120_tail02_worst05_slew10,0.03,deph_0.001,0.001,0.0,23,0.9821420712400973,0.0018599730893863464,0.06952894642849528,0.05125946738647963,0.9848543135124388,0.003182167450112266,120,149.3317121481523,0.08629438753888541,1997,False,"full pulse, cap 0.050, weight 120, tail 0.2, worst 0.5, slew 10","a=0.8,lw=1.5,r=0.04,w=0.25; a=1,lw=0.8,r=0.02,w=0.25; a=1,lw=0.5,r=0.015,w=0.25",0.05,120.0,0.2,0.5,0.2,0.015,10.0,0.01864766381778837,0.085,0.11448766122176407
five_level_weak_anharmonic,fullpulse050_w120_tail02_worst05_slew10,0.03,deph_0.001,0.001,0.0,24,0.9700730215589995,0.0014329273367984507,0.05580266558167302,0.04730169572193629,0.9845930312525263,0.003182167450112266,120,149.3317121481523,0.08629438753888541,1997,False,"full pulse, cap 0.050, weight 120, tail 0.2, worst 0.5, slew 10","a=0.8,lw=1.5,r=0.04,w=0.25; a=1,lw=0.8,r=0.02,w=0.25; a=1,lw=0.5,r=0.015,w=0.25",0.05,120.0,0.2,0.5,0.2,0.015,10.0,0.01864766381778837,0.085,0.11448766122176407
five_level_weak_anharmonic,fullpulse050_w120_tail02_worst05_slew10,0.03,deph_0.001,0.001,0.0,25,0.9662638862118199,0.0028773338035080753,0.07185522479400142,0.06141476123666587,0.983529152300141,0.003182167450112266,120,149.3317121481523,0.08629438753888541,1997,False,"full pulse, cap 0.050, weight 120, tail 0.2, worst 0.5, slew 10","a=0.8,lw=1.5,r=0.04,w=0.25; a=1,lw=0.8,r=0.02,w=0.25; a=1,lw=0.5,r=0.015,w=0.25",0.05,120.0,0.2,0.5,0.2,0.015,10.0,0.01864766381778837,0.085,0.11448766122176407
five_level_weak_anharmonic,fullpulse050_w120_tail02_worst05_slew10,0.03,deph_0.001,0.001,0.0,26,0.9890158248385996,0.003916220396187886,0.08245626803745032,0.02765789991817632,0.9852664594205356,0.003182167450112266,120,149.3317121481523,0.08629438753888541,1997,False,"full pulse, cap 0.050, weight 120, tail 0.2, worst 0.5, slew 10","a=0.8,lw=1.5,r=0.04,w=0.25; a=1,lw=0.8,r=0.02,w=0.25; a=1,lw=0.5,r=0.015,w=0.25",0.05,120.0,0.2,0.5,0.2,0.015,10.0,0.01864766381778837,0.085,0.11448766122176407
five_level_weak_anharmonic,fullpulse050_w120_tail02_worst05_slew10,0.03,deph_0.001,0.001,0.0,27,0.960309938535179,0.0020919104810454003,0.06218202583202981,0.04347596456028585,0.9846992231420107,0.003182167450112266,120,149.3317121481523,0.08629438753888541,1997,False,"full pulse, cap 0.050, weight 120, tail 0.2, worst 0.5, slew 10","a=0.8,lw=1.5,r=0.04,w=0.25; a=1,lw=0.8,r=0.02,w=0.25; a=1,lw=0.5,r=0.015,w=0.25",0.05,120.0,0.2,0.5,0.2,0.015,10.0,0.01864766381778837,0.085,0.11448766122176407
five_level_weak_anharmonic,fullpulse050_w120_tail02_worst05_slew10,0.03,deph_0.001,0.001,0.0,28,0.9769390145598467,0.0023424551753513656,0.08333538891002168,0.056893586403162645,0.9850403489693287,0.003182167450112266,120,149.3317121481523,0.08629438753888541,1997,False,"full pulse, cap 0.050, weight 120, tail 0.2, worst 0.5, slew 10","a=0.8,lw=1.5,r=0.04,w=0.25; a=1,lw=0.8,r=0.02,w=0.25; a=1,lw=0.5,r=0.015,w=0.25",0.05,120.0,0.2,0.5,0.2,0.015,10.0,0.01864766381778837,0.085,0.11448766122176407
five_level_weak_anharmonic,fullpulse050_w120_tail02_worst05_slew10,0.03,deph_0.001,0.001,0.0,29,0.9881336559215922,0.0017008553237402024,0.06750913019262228,0.027561542755557365,0.9868271564230833,0.003182167450112266,120,149.3317121481523,0.08629438753888541,1997,False,"full pulse, cap 0.050, weight 120, tail 0.2, worst 0.5, slew 10","a=0.8,lw=1.5,r=0.04,w=0.25; a=1,lw=0.8,r=0.02,w=0.25; a=1,lw=0.5,r=0.015,w=0.25",0.05,120.0,0.2,0.5,0.2,0.015,10.0,0.01864766381778837,0.085,0.11448766122176407
five_level_weak_anharmonic,fullpulse050_w120_tail02_worst05_slew10,0.03,deph_0.001,0.001,0.0,30,0.979283133514167,0.00256941805362354,0.06370239023348945,0.027581489494991458,0.9848384672185639,0.003182167450112266,120,149.3317121481523,0.08629438753888541,1997,False,"full pulse, cap 0.050, weight 120, tail 0.2, worst 0.5, slew 10","a=0.8,lw=1.5,r=0.04,w=0.25; a=1,lw=0.8,r=0.02,w=0.25; a=1,lw=0.5,r=0.015,w=0.25",0.05,120.0,0.2,0.5,0.2,0.015,10.0,0.01864766381778837,0.085,0.11448766122176407
five_level_weak_anharmonic,fullpulse050_w120_tail02_worst05_slew10,0.03,deph_0.001,0.001,0.0,31,0.9299995659230736,0.0020439204075490824,0.08255323159659556,0.1124044591414281,0.9819420301077714,0.003182167450112266,120,149.3317121481523,0.08629438753888541,1997,False,"full pulse, cap 0.050, weight 120, tail 0.2, worst 0.5, slew 10","a=0.8,lw=1.5,r=0.04,w=0.25; a=1,lw=0.8,r=0.02,w=0.25; a=1,lw=0.5,r=0.015,w=0.25",0.05,120.0,0.2,0.5,0.2,0.015,10.0,0.01864766381778837,0.085,0.11448766122176407
five_level_weak_anharmonic,fullpulse050_w120_tail02_worst05_slew10,0.03,deph_0.001,0.001,0.0,32,0.9368013650635465,0.002364666705951479,0.07350752035958907,0.10039565070853479,0.9829724312882019,0.003182167450112266,120,149.3317121481523,0.08629438753888541,1997,False,"full pulse, cap 0.050, weight 120, tail 0.2, worst 0.5, slew 10","a=0.8,lw=1.5,r=0.04,w=0.25; a=1,lw=0.8,r=0.02,w=0.25; a=1,lw=0.5,r=0.015,w=0.25",0.05,120.0,0.2,0.5,0.2,0.015,10.0,0.01864766381778837,0.085,0.11448766122176407
five_level_weak_anharmonic,fullpulse050_w120_tail02_worst05_slew10,0.03,deph_0.001,0.001,0.0,33,0.9761152303693355,0.0019253137521130226,0.061776880725078476,0.0236293277620895,0.9843721896700652,0.003182167450112266,120,149.3317121481523,0.08629438753888541,1997,False,"full pulse, cap 0.050, weight 120, tail 0.2, worst 0.5, slew 10","a=0.8,lw=1.5,r=0.04,w=0.25; a=1,lw=0.8,r=0.02,w=0.25; a=1,lw=0.5,r=0.015,w=0.25",0.05,120.0,0.2,0.5,0.2,0.015,10.0,0.01864766381778837,0.085,0.11448766122176407
five_level_weak_anharmonic,fullpulse050_w120_tail02_worst05_slew10,0.03,deph_0.001,0.001,0.0,34,0.9867554548780023,0.0049881755003184924,0.08255236255866216,0.04231544098191737,0.9831809088529821,0.003182167450112266,120,149.3317121481523,0.08629438753888541,1997,False,"full pulse, cap 0.050, weight 120, tail 0.2, worst 0.5, slew 10","a=0.8,lw=1.5,r=0.04,w=0.25; a=1,lw=0.8,r=0.02,w=0.25; a=1,lw=0.5,r=0.015,w=0.25",0.05,120.0,0.2,0.5,0.2,0.015,10.0,0.01864766381778837,0.085,0.11448766122176407
five_level_weak_anharmonic,fullpulse050_w120_tail02_worst05_slew10,0.03,deph_0.001,0.001,0.0,35,0.9502074639681176,0.0035124043903236313,0.07868531231622389,0.036242022612758655,0.9857657644228359,0.003182167450112266,120,149.3317121481523,0.08629438753888541,1997,False,"full pulse, cap 0.050, weight 120, tail 0.2, worst 0.5, slew 10","a=0.8,lw=1.5,r=0.04,w=0.25; a=1,lw=0.8,r=0.02,w=0.25; a=1,lw=0.5,r=0.015,w=0.25",0.05,120.0,0.2,0.5,0.2,0.015,10.0,0.01864766381778837,0.085,0.11448766122176407
five_level_weak_anharmonic,fullpulse050_w120_tail02_worst05_slew10,0.03,deph_0.001,0.001,0.0,36,0.9598359148228115,0.001800973964532715,0.07382110483719961,0.06923622649749077,0.9847189678320669,0.003182167450112266,120,149.3317121481523,0.08629438753888541,1997,False,"full pulse, cap 0.050, weight 120, tail 0.2, worst 0.5, slew 10","a=0.8,lw=1.5,r=0.04,w=0.25; a=1,lw=0.8,r=0.02,w=0.25; a=1,lw=0.5,r=0.015,w=0.25",0.05,120.0,0.2,0.5,0.2,0.015,10.0,0.01864766381778837,0.085,0.11448766122176407
five_level_weak_anharmonic,fullpulse050_w120_tail02_worst05_slew10,0.03,deph_0.001,0.001,0.0,37,0.8053634700230634,0.002573566362609414,0.058196123842445546,0.11813729536978182,0.9833827814011056,0.003182167450112266,120,149.3317121481523,0.08629438753888541,1997,False,"full pulse, cap 0.050, weight 120, tail 0.2, worst 0.5, slew 10","a=0.8,lw=1.5,r=0.04,w=0.25; a=1,lw=0.8,r=0.02,w=0.25; a=1,lw=0.5,r=0.015,w=0.25",0.05,120.0,0.2,0.5,0.2,0.015,10.0,0.01864766381778837,0.085,0.11448766122176407
five_level_weak_anharmonic,fullpulse050_w120_tail02_worst05_slew10,0.03,deph_0.001,0.001,0.0,38,0.9818554370978726,0.0014848177093358395,0.04912188149397345,0.053332911698557355,0.982295953061136,0.003182167450112266,120,149.3317121481523,0.08629438753888541,1997,False,"full pulse, cap 0.050, weight 120, tail 0.2, worst 0.5, slew 10","a=0.8,lw=1.5,r=0.04,w=0.25; a=1,lw=0.8,r=0.02,w=0.25; a=1,lw=0.5,r=0.015,w=0.25",0.05,120.0,0.2,0.5,0.2,0.015,10.0,0.01864766381778837,0.085,0.11448766122176407
five_level_weak_anharmonic,fullpulse050_w120_tail02_worst05_slew10,0.03,deph_0.001,0.001,0.0,39,0.9694770350882765,0.002813737176566855,0.07603964203641667,0.05850128616490203,0.9839755036730166,0.003182167450112266,120,149.3317121481523,0.08629438753888541,1997,False,"full pulse, cap 0.050, weight 120, tail 0.2, worst 0.5, slew 10","a=0.8,lw=1.5,r=0.04,w=0.25; a=1,lw=0.8,r=0.02,w=0.25; a=1,lw=0.5,r=0.015,w=0.25",0.05,120.0,0.2,0.5,0.2,0.015,10.0,0.01864766381778837,0.085,0.11448766122176407
five_level_weak_anharmonic,fullpulse050_w120_tail02_worst05_slew10,0.03,deph_0.001,0.001,0.0,40,0.991191781391521,0.0027902217606881052,0.08133051835661964,0.023723955188821245,0.9865933968932092,0.003182167450112266,120,149.3317121481523,0.08629438753888541,1997,False,"full pulse, cap 0.050, weight 120, tail 0.2, worst 0.5, slew 10","a=0.8,lw=1.5,r=0.04,w=0.25; a=1,lw=0.8,r=0.02,w=0.25; a=1,lw=0.5,r=0.015,w=0.25",0.05,120.0,0.2,0.5,0.2,0.015,10.0,0.01864766381778837,0.085,0.11448766122176407
five_level_weak_anharmonic,fullpulse050_w120_tail02_worst05_slew10,0.03,deph_0.001,0.001,0.0,41,0.9923205034137776,0.0021094660528749865,0.07658955065540773,0.02911654487127354,0.9863140347728856,0.003182167450112266,120,149.3317121481523,0.08629438753888541,1997,False,"full pulse, cap 0.050, weight 120, tail 0.2, worst 0.5, slew 10","a=0.8,lw=1.5,r=0.04,w=0.25; a=1,lw=0.8,r=0.02,w=0.25; a=1,lw=0.5,r=0.015,w=0.25",0.05,120.0,0.2,0.5,0.2,0.015,10.0,0.01864766381778837,0.085,0.11448766122176407
five_level_weak_anharmonic,fullpulse050_w120_tail02_worst05_slew10,0.03,deph_0.001,0.001,0.0,42,0.9814924150362385,0.0026283799255129026,0.07652665952937321,0.04378519085023635,0.9841672621756615,0.003182167450112266,120,149.3317121481523,0.08629438753888541,1997,False,"full pulse, cap 0.050, weight 120, tail 0.2, worst 0.5, slew 10","a=0.8,lw=1.5,r=0.04,w=0.25; a=1,lw=0.8,r=0.02,w=0.25; a=1,lw=0.5,r=0.015,w=0.25",0.05,120.0,0.2,0.5,0.2,0.015,10.0,0.01864766381778837,0.085,0.11448766122176407
five_level_weak_anharmonic,fullpulse050_w120_tail02_worst05_slew10,0.03,deph_0.001,0.001,0.0,43,0.944936943629176,0.00174140715080906,0.06476144213902779,0.0764953749908208,0.9841390122055046,0.003182167450112266,120,149.3317121481523,0.08629438753888541,1997,False,"full pulse, cap 0.050, weight 120, tail 0.2, worst 0.5, slew 10","a=0.8,lw=1.5,r=0.04,w=0.25; a=1,lw=0.8,r=0.02,w=0.25; a=1,lw=0.5,r=0.015,w=0.25",0.05,120.0,0.2,0.5,0.2,0.015,10.0,0.01864766381778837,0.085,0.11448766122176407
five_level_weak_anharmonic,fullpulse050_w120_tail02_worst05_slew10,0.03,deph_0.001,0.001,0.0,44,0.9694201951882281,0.0015872342985572274,0.05497198051464225,0.057641873641417,0.9820606180563126,0.003182167450112266,120,149.3317121481523,0.08629438753888541,1997,False,"full pulse, cap 0.050, weight 120, tail 0.2, worst 0.5, slew 10","a=0.8,lw=1.5,r=0.04,w=0.25; a=1,lw=0.8,r=0.02,w=0.25; a=1,lw=0.5,r=0.015,w=0.25",0.05,120.0,0.2,0.5,0.2,0.015,10.0,0.01864766381778837,0.085,0.11448766122176407
five_level_weak_anharmonic,fullpulse050_w120_tail02_worst05_slew10,0.03,deph_0.001,0.001,0.0,45,0.9908306626596648,0.0028328159589088298,0.07564004596993201,0.03523054904490857,0.9841491410606136,0.003182167450112266,120,149.3317121481523,0.08629438753888541,1997,False,"full pulse, cap 0.050, weight 120, tail 0.2, worst 0.5, slew 10","a=0.8,lw=1.5,r=0.04,w=0.25; a=1,lw=0.8,r=0.02,w=0.25; a=1,lw=0.5,r=0.015,w=0.25",0.05,120.0,0.2,0.5,0.2,0.015,10.0,0.01864766381778837,0.085,0.11448766122176407
five_level_weak_anharmonic,fullpulse050_w120_tail02_worst05_slew10,0.03,deph_0.001,0.001,0.0,46,0.9493457916114845,0.001511392139300738,0.06775430997724918,0.07397480684903256,0.9853033695063066,0.003182167450112266,120,149.3317121481523,0.08629438753888541,1997,False,"full pulse, cap 0.050, weight 120, tail 0.2, worst 0.5, slew 10","a=0.8,lw=1.5,r=0.04,w=0.25; a=1,lw=0.8,r=0.02,w=0.25; a=1,lw=0.5,r=0.015,w=0.25",0.05,120.0,0.2,0.5,0.2,0.015,10.0,0.01864766381778837,0.085,0.11448766122176407
five_level_weak_anharmonic,fullpulse050_w120_tail02_worst05_slew10,0.03,deph_0.001,0.001,0.0,47,0.9887324654225613,0.002038870027340045,0.06891868589081818,0.016082471134480095,0.9878717284993449,0.003182167450112266,120,149.3317121481523,0.08629438753888541,1997,False,"full pulse, cap 0.050, weight 120, tail 0.2, worst 0.5, slew 10","a=0.8,lw=1.5,r=0.04,w=0.25; a=1,lw=0.8,r=0.02,w=0.25; a=1,lw=0.5,r=0.015,w=0.25",0.05,120.0,0.2,0.5,0.2,0.015,10.0,0.01864766381778837,0.085,0.11448766122176407
five_level_weak_anharmonic,fullpulse050_w120_tail02_worst05_slew10,0.03,deph_0.001,0.001,0.0,48,0.8238147639385511,0.002105328349583435,0.07799714395308377,0.20020496799667187,0.980256218404149,0.003182167450112266,120,149.3317121481523,0.08629438753888541,1997,False,"full pulse, cap 0.050, weight 120, tail 0.2, worst 0.5, slew 10","a=0.8,lw=1.5,r=0.04,w=0.25; a=1,lw=0.8,r=0.02,w=0.25; a=1,lw=0.5,r=0.015,w=0.25",0.05,120.0,0.2,0.5,0.2,0.015,10.0,0.01864766381778837,0.085,0.11448766122176407
five_level_weak_anharmonic,fullpulse050_w120_tail02_worst05_slew10,0.03,deph_0.001,0.001,0.0,49,0.9801161433729552,0.002127242168554755,0.06759396830060593,0.016782001921013992,0.9872269758458984,0.003182167450112266,120,149.3317121481523,0.08629438753888541,1997,False,"full pulse, cap 0.050, weight 120, tail 0.2, worst 0.5, slew 10","a=0.8,lw=1.5,r=0.04,w=0.25; a=1,lw=0.8,r=0.02,w=0.25; a=1,lw=0.5,r=0.015,w=0.25",0.05,120.0,0.2,0.5,0.2,0.015,10.0,0.01864766381778837,0.085,0.11448766122176407
five_level_weak_anharmonic,fullpulse050_w120_tail02_worst05_slew10,0.03,deph_0.001,0.001,0.0,50,0.9664953286874859,0.0028989216583816813,0.0691465166971652,0.03809051316120575,0.9846861361344793,0.003182167450112266,120,149.3317121481523,0.08629438753888541,1997,False,"full pulse, cap 0.050, weight 120, tail 0.2, worst 0.5, slew 10","a=0.8,lw=1.5,r=0.04,w=0.25; a=1,lw=0.8,r=0.02,w=0.25; a=1,lw=0.5,r=0.015,w=0.25",0.05,120.0,0.2,0.5,0.2,0.015,10.0,0.01864766381778837,0.085,0.11448766122176407
five_level_weak_anharmonic,fullpulse050_w120_tail02_worst05_slew10,0.03,deph_0.001,0.001,0.0,51,0.9716788883913411,0.0033299571981422194,0.08153677741155319,0.019562435178232508,0.9865160644906034,0.003182167450112266,120,149.3317121481523,0.08629438753888541,1997,False,"full pulse, cap 0.050, weight 120, tail 0.2, worst 0.5, slew 10","a=0.8,lw=1.5,r=0.04,w=0.25; a=1,lw=0.8,r=0.02,w=0.25; a=1,lw=0.5,r=0.015,w=0.25",0.05,120.0,0.2,0.5,0.2,0.015,10.0,0.01864766381778837,0.085,0.11448766122176407
five_level_weak_anharmonic,fullpulse050_w120_tail02_worst05_slew10,0.03,deph_0.001,0.001,0.0,52,0.9927322796385687,0.0019329194211159528,0.06830142542252537,0.029527805607798,0.9865753554618039,0.003182167450112266,120,149.3317121481523,0.08629438753888541,1997,False,"full pulse, cap 0.050, weight 120, tail 0.2, worst 0.5, slew 10","a=0.8,lw=1.5,r=0.04,w=0.25; a=1,lw=0.8,r=0.02,w=0.25; a=1,lw=0.5,r=0.015,w=0.25",0.05,120.0,0.2,0.5,0.2,0.015,10.0,0.01864766381778837,0.085,0.11448766122176407
five_level_weak_anharmonic,fullpulse050_w120_tail02_worst05_slew10,0.03,deph_0.001,0.001,0.0,53,0.9361552903832324,0.0027612608883248457,0.07476413209358623,0.096852029427418,0.9812547936344157,0.003182167450112266,120,149.3317121481523,0.08629438753888541,1997,False,"full pulse, cap 0.050, weight 120, tail 0.2, worst 0.5, slew 10","a=0.8,lw=1.5,r=0.04,w=0.25; a=1,lw=0.8,r=0.02,w=0.25; a=1,lw=0.5,r=0.015,w=0.25",0.05,120.0,0.2,0.5,0.2,0.015,10.0,0.01864766381778837,0.085,0.11448766122176407
five_level_weak_anharmonic,fullpulse050_w120_tail02_worst05_slew10,0.03,deph_0.001,0.001,0.0,54,0.9447947351860672,0.0026622102185518415,0.07494670328043118,0.09181128780867445,0.9817787302167944,0.003182167450112266,120,149.3317121481523,0.08629438753888541,1997,False,"full pulse, cap 0.050, weight 120, tail 0.2, worst 0.5, slew 10","a=0.8,lw=1.5,r=0.04,w=0.25; a=1,lw=0.8,r=0.02,w=0.25; a=1,lw=0.5,r=0.015,w=0.25",0.05,120.0,0.2,0.5,0.2,0.015,10.0,0.01864766381778837,0.085,0.11448766122176407
five_level_weak_anharmonic,fullpulse050_w120_tail02_worst05_slew10,0.03,deph_0.001,0.001,0.0,55,0.9641174927049082,0.003069748361485214,0.07207590743242254,0.06661017176555457,0.9807537397480137,0.003182167450112266,120,149.3317121481523,0.08629438753888541,1997,False,"full pulse, cap 0.050, weight 120, tail 0.2, worst 0.5, slew 10","a=0.8,lw=1.5,r=0.04,w=0.25; a=1,lw=0.8,r=0.02,w=0.25; a=1,lw=0.5,r=0.015,w=0.25",0.05,120.0,0.2,0.5,0.2,0.015,10.0,0.01864766381778837,0.085,0.11448766122176407
five_level_weak_anharmonic,fullpulse050_w120_tail02_worst05_slew10,0.03,deph_0.001,0.001,0.0,56,0.9309664144465267,0.0027049582179606846,0.07169708402187658,0.10611263312674002,0.9820340566483231,0.003182167450112266,120,149.3317121481523,0.08629438753888541,1997,False,"full pulse, cap 0.050, weight 120, tail 0.2, worst 0.5, slew 10","a=0.8,lw=1.5,r=0.04,w=0.25; a=1,lw=0.8,r=0.02,w=0.25; a=1,lw=0.5,r=0.015,w=0.25",0.05,120.0,0.2,0.5,0.2,0.015,10.0,0.01864766381778837,0.085,0.11448766122176407
five_level_weak_anharmonic,fullpulse050_w120_tail02_worst05_slew10,0.03,deph_0.001,0.001,0.0,57,0.8755098948720803,0.008373454164074534,0.0817299512662536,0.0693576663503133,0.98404072141254,0.003182167450112266,120,149.3317121481523,0.08629438753888541,1997,False,"full pulse, cap 0.050, weight 120, tail 0.2, worst 0.5, slew 10","a=0.8,lw=1.5,r=0.04,w=0.25; a=1,lw=0.8,r=0.02,w=0.25; a=1,lw=0.5,r=0.015,w=0.25",0.05,120.0,0.2,0.5,0.2,0.015,10.0,0.01864766381778837,0.085,0.11448766122176407
five_level_weak_anharmonic,fullpulse050_w120_tail02_worst05_slew10,0.03,deph_0.001,0.001,0.0,58,0.9700995368214681,0.0013931954212285103,0.061324383347591604,0.0490400344367767,0.9860485934825853,0.003182167450112266,120,149.3317121481523,0.08629438753888541,1997,False,"full pulse, cap 0.050, weight 120, tail 0.2, worst 0.5, slew 10","a=0.8,lw=1.5,r=0.04,w=0.25; a=1,lw=0.8,r=0.02,w=0.25; a=1,lw=0.5,r=0.015,w=0.25",0.05,120.0,0.2,0.5,0.2,0.015,10.0,0.01864766381778837,0.085,0.11448766122176407
five_level_weak_anharmonic,fullpulse050_w120_tail02_worst05_slew10,0.03,deph_0.001,0.001,0.0,59,0.927471175007877,0.002143750776395059,0.0800513143340672,0.1012260518133208,0.982704393929738,0.003182167450112266,120,149.3317121481523,0.08629438753888541,1997,False,"full pulse, cap 0.050, weight 120, tail 0.2, worst 0.5, slew 10","a=0.8,lw=1.5,r=0.04,w=0.25; a=1,lw=0.8,r=0.02,w=0.25; a=1,lw=0.5,r=0.015,w=0.25",0.05,120.0,0.2,0.5,0.2,0.015,10.0,0.01864766381778837,0.085,0.11448766122176407
five_level_weak_anharmonic,fullpulse050_w120_tail02_worst05_slew10,0.03,relax_0.0005,0.0,0.0005,10,0.9224314201360697,0.00013171612610995975,0.06658449529477073,0.07187968686444185,0.9628824690193716,0.003182167450112266,120,149.3317121481523,0.08629438753888541,1997,False,"full pulse, cap 0.050, weight 120, tail 0.2, worst 0.5, slew 10","a=0.8,lw=1.5,r=0.04,w=0.25; a=1,lw=0.8,r=0.02,w=0.25; a=1,lw=0.5,r=0.015,w=0.25",0.05,120.0,0.2,0.5,0.2,0.015,10.0,0.01864766381778837,0.085,0.11448766122176407
five_level_weak_anharmonic,fullpulse050_w120_tail02_worst05_slew10,0.03,relax_0.0005,0.0,0.0005,11,0.8977811509737299,0.000704367580027454,0.08502497458698655,0.14170884929689845,0.9651246244664926,0.003182167450112266,120,149.3317121481523,0.08629438753888541,1997,False,"full pulse, cap 0.050, weight 120, tail 0.2, worst 0.5, slew 10","a=0.8,lw=1.5,r=0.04,w=0.25; a=1,lw=0.8,r=0.02,w=0.25; a=1,lw=0.5,r=0.015,w=0.25",0.05,120.0,0.2,0.5,0.2,0.015,10.0,0.01864766381778837,0.085,0.11448766122176407
five_level_weak_anharmonic,fullpulse050_w120_tail02_worst05_slew10,0.03,relax_0.0005,0.0,0.0005,12,0.9761264619865058,0.0010590116959841023,0.08030178024274903,0.05066451418145174,0.9600744886848754,0.003182167450112266,120,149.3317121481523,0.08629438753888541,1997,False,"full pulse, cap 0.050, weight 120, tail 0.2, worst 0.5, slew 10","a=0.8,lw=1.5,r=0.04,w=0.25; a=1,lw=0.8,r=0.02,w=0.25; a=1,lw=0.5,r=0.015,w=0.25",0.05,120.0,0.2,0.5,0.2,0.015,10.0,0.01864766381778837,0.085,0.11448766122176407
five_level_weak_anharmonic,fullpulse050_w120_tail02_worst05_slew10,0.03,relax_0.0005,0.0,0.0005,13,0.927737855817381,0.0006397540158482595,0.06134447969927148,0.12126111727404151,0.9722773417467385,0.003182167450112266,120,149.3317121481523,0.08629438753888541,1997,False,"full pulse, cap 0.050, weight 120, tail 0.2, worst 0.5, slew 10","a=0.8,lw=1.5,r=0.04,w=0.25; a=1,lw=0.8,r=0.02,w=0.25; a=1,lw=0.5,r=0.015,w=0.25",0.05,120.0,0.2,0.5,0.2,0.015,10.0,0.01864766381778837,0.085,0.11448766122176407
five_level_weak_anharmonic,fullpulse050_w120_tail02_worst05_slew10,0.03,relax_0.0005,0.0,0.0005,14,0.9223932038359017,0.0006557189591023249,0.05850297795238901,0.12132475709451324,0.9695468063346466,0.003182167450112266,120,149.3317121481523,0.08629438753888541,1997,False,"full pulse, cap 0.050, weight 120, tail 0.2, worst 0.5, slew 10","a=0.8,lw=1.5,r=0.04,w=0.25; a=1,lw=0.8,r=0.02,w=0.25; a=1,lw=0.5,r=0.015,w=0.25",0.05,120.0,0.2,0.5,0.2,0.015,10.0,0.01864766381778837,0.085,0.11448766122176407
five_level_weak_anharmonic,fullpulse050_w120_tail02_worst05_slew10,0.03,relax_0.0005,0.0,0.0005,15,0.9663402612000088,0.002384815675266827,0.08538669721401715,0.039130293779991845,0.9612861379197263,0.003182167450112266,120,149.3317121481523,0.08629438753888541,1997,False,"full pulse, cap 0.050, weight 120, tail 0.2, worst 0.5, slew 10","a=0.8,lw=1.5,r=0.04,w=0.25; a=1,lw=0.8,r=0.02,w=0.25; a=1,lw=0.5,r=0.015,w=0.25",0.05,120.0,0.2,0.5,0.2,0.015,10.0,0.01864766381778837,0.085,0.11448766122176407
five_level_weak_anharmonic,fullpulse050_w120_tail02_worst05_slew10,0.03,relax_0.0005,0.0,0.0005,16,0.9669448126910015,0.0010272076816781883,0.08442805653284868,0.0657503247382189,0.9617815925976052,0.003182167450112266,120,149.3317121481523,0.08629438753888541,1997,False,"full pulse, cap 0.050, weight 120, tail 0.2, worst 0.5, slew 10","a=0.8,lw=1.5,r=0.04,w=0.25; a=1,lw=0.8,r=0.02,w=0.25; a=1,lw=0.5,r=0.015,w=0.25",0.05,120.0,0.2,0.5,0.2,0.015,10.0,0.01864766381778837,0.085,0.11448766122176407
five_level_weak_anharmonic,fullpulse050_w120_tail02_worst05_slew10,0.03,relax_0.0005,0.0,0.0005,17,0.8930433277555906,0.0003643855937535134,0.05595842112402871,0.061293018967332295,0.9614873248907946,0.003182167450112266,120,149.3317121481523,0.08629438753888541,1997,False,"full pulse, cap 0.050, weight 120, tail 0.2, worst 0.5, slew 10","a=0.8,lw=1.5,r=0.04,w=0.25; a=1,lw=0.8,r=0.02,w=0.25; a=1,lw=0.5,r=0.015,w=0.25",0.05,120.0,0.2,0.5,0.2,0.015,10.0,0.01864766381778837,0.085,0.11448766122176407
five_level_weak_anharmonic,fullpulse050_w120_tail02_worst05_slew10,0.03,relax_0.0005,0.0,0.0005,18,0.9596164923875405,0.001293819914273353,0.07438535290745396,0.03157101564796435,0.9613990916504719,0.003182167450112266,120,149.3317121481523,0.08629438753888541,1997,False,"full pulse, cap 0.050, weight 120, tail 0.2, worst 0.5, slew 10","a=0.8,lw=1.5,r=0.04,w=0.25; a=1,lw=0.8,r=0.02,w=0.25; a=1,lw=0.5,r=0.015,w=0.25",0.05,120.0,0.2,0.5,0.2,0.015,10.0,0.01864766381778837,0.085,0.11448766122176407
five_level_weak_anharmonic,fullpulse050_w120_tail02_worst05_slew10,0.03,relax_0.0005,0.0,0.0005,19,0.9723872216858968,0.00023126156048969282,0.06731975715612082,0.05696262096712031,0.9605182840313422,0.003182167450112266,120,149.3317121481523,0.08629438753888541,1997,False,"full pulse, cap 0.050, weight 120, tail 0.2, worst 0.5, slew 10","a=0.8,lw=1.5,r=0.04,w=0.25; a=1,lw=0.8,r=0.02,w=0.25; a=1,lw=0.5,r=0.015,w=0.25",0.05,120.0,0.2,0.5,0.2,0.015,10.0,0.01864766381778837,0.085,0.11448766122176407
five_level_weak_anharmonic,fullpulse050_w120_tail02_worst05_slew10,0.03,relax_0.0005,0.0,0.0005,20,0.9662941912550721,0.0007681991378372111,0.07833762721996418,0.04458019639396879,0.9604638699807594,0.003182167450112266,120,149.3317121481523,0.08629438753888541,1997,False,"full pulse, cap 0.050, weight 120, tail 0.2, worst 0.5, slew 10","a=0.8,lw=1.5,r=0.04,w=0.25; a=1,lw=0.8,r=0.02,w=0.25; a=1,lw=0.5,r=0.015,w=0.25",0.05,120.0,0.2,0.5,0.2,0.015,10.0,0.01864766381778837,0.085,0.11448766122176407
five_level_weak_anharmonic,fullpulse050_w120_tail02_worst05_slew10,0.03,relax_0.0005,0.0,0.0005,21,0.9788827592178947,0.0003053973956056444,0.06244608977589983,0.037081877827911,0.9599332520195527,0.003182167450112266,120,149.3317121481523,0.08629438753888541,1997,False,"full pulse, cap 0.050, weight 120, tail 0.2, worst 0.5, slew 10","a=0.8,lw=1.5,r=0.04,w=0.25; a=1,lw=0.8,r=0.02,w=0.25; a=1,lw=0.5,r=0.015,w=0.25",0.05,120.0,0.2,0.5,0.2,0.015,10.0,0.01864766381778837,0.085,0.11448766122176407
five_level_weak_anharmonic,fullpulse050_w120_tail02_worst05_slew10,0.03,relax_0.0005,0.0,0.0005,22,0.9621581192954114,0.0001447969081185274,0.06851415832156837,0.0728386367543493,0.96271345732216,0.003182167450112266,120,149.3317121481523,0.08629438753888541,1997,False,"full pulse, cap 0.050, weight 120, tail 0.2, worst 0.5, slew 10","a=0.8,lw=1.5,r=0.04,w=0.25; a=1,lw=0.8,r=0.02,w=0.25; a=1,lw=0.5,r=0.015,w=0.25",0.05,120.0,0.2,0.5,0.2,0.015,10.0,0.01864766381778837,0.085,0.11448766122176407
five_level_weak_anharmonic,fullpulse050_w120_tail02_worst05_slew10,0.03,relax_0.0005,0.0,0.0005,23,0.970040395186228,0.0004061908485887278,0.06861602448273318,0.060370855707364314,0.9626561830701529,0.003182167450112266,120,149.3317121481523,0.08629438753888541,1997,False,"full pulse, cap 0.050, weight 120, tail 0.2, worst 0.5, slew 10","a=0.8,lw=1.5,r=0.04,w=0.25; a=1,lw=0.8,r=0.02,w=0.25; a=1,lw=0.5,r=0.015,w=0.25",0.05,120.0,0.2,0.5,0.2,0.015,10.0,0.01864766381778837,0.085,0.11448766122176407
five_level_weak_anharmonic,fullpulse050_w120_tail02_worst05_slew10,0.03,relax_0.0005,0.0,0.0005,24,0.9569796648281306,6.12355837807943e-05,0.05496926160730908,0.05753738340172165,0.963286809001054,0.003182167450112266,120,149.3317121481523,0.08629438753888541,1997,False,"full pulse, cap 0.050, weight 120, tail 0.2, worst 0.5, slew 10","a=0.8,lw=1.5,r=0.04,w=0.25; a=1,lw=0.8,r=0.02,w=0.25; a=1,lw=0.5,r=0.015,w=0.25",0.05,120.0,0.2,0.5,0.2,0.015,10.0,0.01864766381778837,0.085,0.11448766122176407
five_level_weak_anharmonic,fullpulse050_w120_tail02_worst05_slew10,0.03,relax_0.0005,0.0,0.0005,25,0.9540204911571695,0.0014505395191453108,0.07105663360641357,0.07089217253949447,0.9643184370179564,0.003182167450112266,120,149.3317121481523,0.08629438753888541,1997,False,"full pulse, cap 0.050, weight 120, tail 0.2, worst 0.5, slew 10","a=0.8,lw=1.5,r=0.04,w=0.25; a=1,lw=0.8,r=0.02,w=0.25; a=1,lw=0.5,r=0.015,w=0.25",0.05,120.0,0.2,0.5,0.2,0.015,10.0,0.01864766381778837,0.085,0.11448766122176407
five_level_weak_anharmonic,fullpulse050_w120_tail02_worst05_slew10,0.03,relax_0.0005,0.0,0.0005,26,0.9770076556042041,0.0020496992170369044,0.08126940974079289,0.03679665075024992,0.9620683676727689,0.003182167450112266,120,149.3317121481523,0.08629438753888541,1997,False,"full pulse, cap 0.050, weight 120, tail 0.2, worst 0.5, slew 10","a=0.8,lw=1.5,r=0.04,w=0.25; a=1,lw=0.8,r=0.02,w=0.25; a=1,lw=0.5,r=0.015,w=0.25",0.05,120.0,0.2,0.5,0.2,0.015,10.0,0.01864766381778837,0.085,0.11448766122176407
five_level_weak_anharmonic,fullpulse050_w120_tail02_worst05_slew10,0.03,relax_0.0005,0.0,0.0005,27,0.9471930069130756,0.0005260230871123595,0.06119635562921677,0.05376923005947321,0.9629422470556435,0.003182167450112266,120,149.3317121481523,0.08629438753888541,1997,False,"full pulse, cap 0.050, weight 120, tail 0.2, worst 0.5, slew 10","a=0.8,lw=1.5,r=0.04,w=0.25; a=1,lw=0.8,r=0.02,w=0.25; a=1,lw=0.5,r=0.015,w=0.25",0.05,120.0,0.2,0.5,0.2,0.015,10.0,0.01864766381778837,0.085,0.11448766122176407
five_level_weak_anharmonic,fullpulse050_w120_tail02_worst05_slew10,0.03,relax_0.0005,0.0,0.0005,28,0.9648168383928399,0.0007189289759735873,0.0821831057001241,0.06600957000628419,0.9620371549491721,0.003182167450112266,120,149.3317121481523,0.08629438753888541,1997,False,"full pulse, cap 0.050, weight 120, tail 0.2, worst 0.5, slew 10","a=0.8,lw=1.5,r=0.04,w=0.25; a=1,lw=0.8,r=0.02,w=0.25; a=1,lw=0.5,r=0.015,w=0.25",0.05,120.0,0.2,0.5,0.2,0.015,10.0,0.01864766381778837,0.085,0.11448766122176407
five_level_weak_anharmonic,fullpulse050_w120_tail02_worst05_slew10,0.03,relax_0.0005,0.0,0.0005,29,0.9751699470738139,0.00028340651335567735,0.0665634433262372,0.03744522659054874,0.9611838034739827,0.003182167450112266,120,149.3317121481523,0.08629438753888541,1997,False,"full pulse, cap 0.050, weight 120, tail 0.2, worst 0.5, slew 10","a=0.8,lw=1.5,r=0.04,w=0.25; a=1,lw=0.8,r=0.02,w=0.25; a=1,lw=0.5,r=0.015,w=0.25",0.05,120.0,0.2,0.5,0.2,0.015,10.0,0.01864766381778837,0.085,0.11448766122176407
five_level_weak_anharmonic,fullpulse050_w120_tail02_worst05_slew10,0.03,relax_0.0005,0.0,0.0005,30,0.9673008620977068,0.001229794433718845,0.06303983476243769,0.03732156715730673,0.9634863260451686,0.003182167450112266,120,149.3317121481523,0.08629438753888541,1997,False,"full pulse, cap 0.050, weight 120, tail 0.2, worst 0.5, slew 10","a=0.8,lw=1.5,r=0.04,w=0.25; a=1,lw=0.8,r=0.02,w=0.25; a=1,lw=0.5,r=0.015,w=0.25",0.05,120.0,0.2,0.5,0.2,0.015,10.0,0.01864766381778837,0.085,0.11448766122176407
five_level_weak_anharmonic,fullpulse050_w120_tail02_worst05_slew10,0.03,relax_0.0005,0.0,0.0005,31,0.9193893158460127,0.000408967893885559,0.08173565250062187,0.12019548170546276,0.9648352261294335,0.003182167450112266,120,149.3317121481523,0.08629438753888541,1997,False,"full pulse, cap 0.050, weight 120, tail 0.2, worst 0.5, slew 10","a=0.8,lw=1.5,r=0.04,w=0.25; a=1,lw=0.8,r=0.02,w=0.25; a=1,lw=0.5,r=0.015,w=0.25",0.05,120.0,0.2,0.5,0.2,0.015,10.0,0.01864766381778837,0.085,0.11448766122176407
five_level_weak_anharmonic,fullpulse050_w120_tail02_worst05_slew10,0.03,relax_0.0005,0.0,0.0005,32,0.925000815450857,0.0008678655269644953,0.07255851507800926,0.10933666497178406,0.9639454148090947,0.003182167450112266,120,149.3317121481523,0.08629438753888541,1997,False,"full pulse, cap 0.050, weight 120, tail 0.2, worst 0.5, slew 10","a=0.8,lw=1.5,r=0.04,w=0.25; a=1,lw=0.8,r=0.02,w=0.25; a=1,lw=0.5,r=0.015,w=0.25",0.05,120.0,0.2,0.5,0.2,0.015,10.0,0.01864766381778837,0.085,0.11448766122176407
five_level_weak_anharmonic,fullpulse050_w120_tail02_worst05_slew10,0.03,relax_0.0005,0.0,0.0005,33,0.9652848342599241,0.0002430049691564129,0.060914770345476654,0.032362028671515344,0.963502165473815,0.003182167450112266,120,149.3317121481523,0.08629438753888541,1997,False,"full pulse, cap 0.050, weight 120, tail 0.2, worst 0.5, slew 10","a=0.8,lw=1.5,r=0.04,w=0.25; a=1,lw=0.8,r=0.02,w=0.25; a=1,lw=0.5,r=0.015,w=0.25",0.05,120.0,0.2,0.5,0.2,0.015,10.0,0.01864766381778837,0.085,0.11448766122176407
five_level_weak_anharmonic,fullpulse050_w120_tail02_worst05_slew10,0.03,relax_0.0005,0.0,0.0005,34,0.9761953681655327,0.002892037067435904,0.08116671878685633,0.05031023508590155,0.9638999628335185,0.003182167450112266,120,149.3317121481523,0.08629438753888541,1997,False,"full pulse, cap 0.050, weight 120, tail 0.2, worst 0.5, slew 10","a=0.8,lw=1.5,r=0.04,w=0.25; a=1,lw=0.8,r=0.02,w=0.25; a=1,lw=0.5,r=0.015,w=0.25",0.05,120.0,0.2,0.5,0.2,0.015,10.0,0.01864766381778837,0.085,0.11448766122176407
five_level_weak_anharmonic,fullpulse050_w120_tail02_worst05_slew10,0.03,relax_0.0005,0.0,0.0005,35,0.9365949546765283,0.0015053755970880767,0.07741534672698958,0.047039450041465564,0.9603482151610948,0.003182167450112266,120,149.3317121481523,0.08629438753888541,1997,False,"full pulse, cap 0.050, weight 120, tail 0.2, worst 0.5, slew 10","a=0.8,lw=1.5,r=0.04,w=0.25; a=1,lw=0.8,r=0.02,w=0.25; a=1,lw=0.5,r=0.015,w=0.25",0.05,120.0,0.2,0.5,0.2,0.015,10.0,0.01864766381778837,0.085,0.11448766122176407
five_level_weak_anharmonic,fullpulse050_w120_tail02_worst05_slew10,0.03,relax_0.0005,0.0,0.0005,36,0.9471939903360524,0.0002880005996390711,0.07277585897370509,0.07881737971849324,0.9622369626581865,0.003182167450112266,120,149.3317121481523,0.08629438753888541,1997,False,"full pulse, cap 0.050, weight 120, tail 0.2, worst 0.5, slew 10","a=0.8,lw=1.5,r=0.04,w=0.25; a=1,lw=0.8,r=0.02,w=0.25; a=1,lw=0.5,r=0.015,w=0.25",0.05,120.0,0.2,0.5,0.2,0.015,10.0,0.01864766381778837,0.085,0.11448766122176407
five_level_weak_anharmonic,fullpulse050_w120_tail02_worst05_slew10,0.03,relax_0.0005,0.0,0.0005,37,0.791439139572571,0.0011678011064801819,0.05742980756110305,0.12992281685112278,0.964899552871744,0.003182167450112266,120,149.3317121481523,0.08629438753888541,1997,False,"full pulse, cap 0.050, weight 120, tail 0.2, worst 0.5, slew 10","a=0.8,lw=1.5,r=0.04,w=0.25; a=1,lw=0.8,r=0.02,w=0.25; a=1,lw=0.5,r=0.015,w=0.25",0.05,120.0,0.2,0.5,0.2,0.015,10.0,0.01864766381778837,0.085,0.11448766122176407
five_level_weak_anharmonic,fullpulse050_w120_tail02_worst05_slew10,0.03,relax_0.0005,0.0,0.0005,38,0.9717340665409421,0.0002617114726235492,0.04845563168538447,0.061568129990381235,0.9665376606122631,0.003182167450112266,120,149.3317121481523,0.08629438753888541,1997,False,"full pulse, cap 0.050, weight 120, tail 0.2, worst 0.5, slew 10","a=0.8,lw=1.5,r=0.04,w=0.25; a=1,lw=0.8,r=0.02,w=0.25; a=1,lw=0.5,r=0.015,w=0.25",0.05,120.0,0.2,0.5,0.2,0.015,10.0,0.01864766381778837,0.085,0.11448766122176407
five_level_weak_anharmonic,fullpulse050_w120_tail02_worst05_slew10,0.03,relax_0.0005,0.0,0.0005,39,0.9571282600840616,0.0011381611105188982,0.07496405843305287,0.06784065218700278,0.9628218184148573,0.003182167450112266,120,149.3317121481523,0.08629438753888541,1997,False,"full pulse, cap 0.050, weight 120, tail 0.2, worst 0.5, slew 10","a=0.8,lw=1.5,r=0.04,w=0.25; a=1,lw=0.8,r=0.02,w=0.25; a=1,lw=0.5,r=0.015,w=0.25",0.05,120.0,0.2,0.5,0.2,0.015,10.0,0.01864766381778837,0.085,0.11448766122176407
five_level_weak_anharmonic,fullpulse050_w120_tail02_worst05_slew10,0.03,relax_0.0005,0.0,0.0005,40,0.9778764020401156,0.001132973973344109,0.08035590611142251,0.03398181620654235,0.9605726449813828,0.003182167450112266,120,149.3317121481523,0.08629438753888541,1997,False,"full pulse, cap 0.050, weight 120, tail 0.2, worst 0.5, slew 10","a=0.8,lw=1.5,r=0.04,w=0.25; a=1,lw=0.8,r=0.02,w=0.25; a=1,lw=0.5,r=0.015,w=0.25",0.05,120.0,0.2,0.5,0.2,0.015,10.0,0.01864766381778837,0.085,0.11448766122176407
five_level_weak_anharmonic,fullpulse050_w120_tail02_worst05_slew10,0.03,relax_0.0005,0.0,0.0005,41,0.9787353861447026,0.0004529129425903111,0.07562882182348385,0.040037521371141055,0.9600525815166554,0.003182167450112266,120,149.3317121481523,0.08629438753888541,1997,False,"full pulse, cap 0.050, weight 120, tail 0.2, worst 0.5, slew 10","a=0.8,lw=1.5,r=0.04,w=0.25; a=1,lw=0.8,r=0.02,w=0.25; a=1,lw=0.5,r=0.015,w=0.25",0.05,120.0,0.2,0.5,0.2,0.015,10.0,0.01864766381778837,0.085,0.11448766122176407
five_level_weak_anharmonic,fullpulse050_w120_tail02_worst05_slew10,0.03,relax_0.0005,0.0,0.0005,42,0.9714221266429093,0.0009661114735310949,0.07535761442282474,0.05132601435166048,0.9639376019849172,0.003182167450112266,120,149.3317121481523,0.08629438753888541,1997,False,"full pulse, cap 0.050, weight 120, tail 0.2, worst 0.5, slew 10","a=0.8,lw=1.5,r=0.04,w=0.25; a=1,lw=0.8,r=0.02,w=0.25; a=1,lw=0.5,r=0.015,w=0.25",0.05,120.0,0.2,0.5,0.2,0.015,10.0,0.01864766381778837,0.085,0.11448766122176407
five_level_weak_anharmonic,fullpulse050_w120_tail02_worst05_slew10,0.03,relax_0.0005,0.0,0.0005,43,0.9317933159422581,0.00039600045835952447,0.06394745528777224,0.08659731649857,0.9633112288809342,0.003182167450112266,120,149.3317121481523,0.08629438753888541,1997,False,"full pulse, cap 0.050, weight 120, tail 0.2, worst 0.5, slew 10","a=0.8,lw=1.5,r=0.04,w=0.25; a=1,lw=0.8,r=0.02,w=0.25; a=1,lw=0.5,r=0.015,w=0.25",0.05,120.0,0.2,0.5,0.2,0.015,10.0,0.01864766381778837,0.085,0.11448766122176407
five_level_weak_anharmonic,fullpulse050_w120_tail02_worst05_slew10,0.03,relax_0.0005,0.0,0.0005,44,0.9623457732806038,0.00034728956301832703,0.05416075393839315,0.06326373719380934,0.9673427037727999,0.003182167450112266,120,149.3317121481523,0.08629438753888541,1997,False,"full pulse, cap 0.050, weight 120, tail 0.2, worst 0.5, slew 10","a=0.8,lw=1.5,r=0.04,w=0.25; a=1,lw=0.8,r=0.02,w=0.25; a=1,lw=0.5,r=0.015,w=0.25",0.05,120.0,0.2,0.5,0.2,0.015,10.0,0.01864766381778837,0.085,0.11448766122176407
five_level_weak_anharmonic,fullpulse050_w120_tail02_worst05_slew10,0.03,relax_0.0005,0.0,0.0005,45,0.9799408183805582,0.0009686727581522669,0.0743687898646671,0.04343771640540519,0.9633125621220017,0.003182167450112266,120,149.3317121481523,0.08629438753888541,1997,False,"full pulse, cap 0.050, weight 120, tail 0.2, worst 0.5, slew 10","a=0.8,lw=1.5,r=0.04,w=0.25; a=1,lw=0.8,r=0.02,w=0.25; a=1,lw=0.5,r=0.015,w=0.25",0.05,120.0,0.2,0.5,0.2,0.015,10.0,0.01864766381778837,0.085,0.11448766122176407
five_level_weak_anharmonic,fullpulse050_w120_tail02_worst05_slew10,0.03,relax_0.0005,0.0,0.0005,46,0.9362437348166722,0.00014283699250006165,0.06695126193679501,0.0845064951990112,0.9612895477925336,0.003182167450112266,120,149.3317121481523,0.08629438753888541,1997,False,"full pulse, cap 0.050, weight 120, tail 0.2, worst 0.5, slew 10","a=0.8,lw=1.5,r=0.04,w=0.25; a=1,lw=0.8,r=0.02,w=0.25; a=1,lw=0.5,r=0.015,w=0.25",0.05,120.0,0.2,0.5,0.2,0.015,10.0,0.01864766381778837,0.085,0.11448766122176407
five_level_weak_anharmonic,fullpulse050_w120_tail02_worst05_slew10,0.03,relax_0.0005,0.0,0.0005,47,0.9740826212831787,0.0006340924182222096,0.06811566419449078,0.0278582716239521,0.9589933635680529,0.003182167450112266,120,149.3317121481523,0.08629438753888541,1997,False,"full pulse, cap 0.050, weight 120, tail 0.2, worst 0.5, slew 10","a=0.8,lw=1.5,r=0.04,w=0.25; a=1,lw=0.8,r=0.02,w=0.25; a=1,lw=0.5,r=0.015,w=0.25",0.05,120.0,0.2,0.5,0.2,0.015,10.0,0.01864766381778837,0.085,0.11448766122176407
five_level_weak_anharmonic,fullpulse050_w120_tail02_worst05_slew10,0.03,relax_0.0005,0.0,0.0005,48,0.8129165623692411,0.0006179810299605792,0.07692740343291948,0.2088153801580893,0.9661586900453506,0.003182167450112266,120,149.3317121481523,0.08629438753888541,1997,False,"full pulse, cap 0.050, weight 120, tail 0.2, worst 0.5, slew 10","a=0.8,lw=1.5,r=0.04,w=0.25; a=1,lw=0.8,r=0.02,w=0.25; a=1,lw=0.5,r=0.015,w=0.25",0.05,120.0,0.2,0.5,0.2,0.015,10.0,0.01864766381778837,0.085,0.11448766122176407
five_level_weak_anharmonic,fullpulse050_w120_tail02_worst05_slew10,0.03,relax_0.0005,0.0,0.0005,49,0.9656324462867517,0.00047479206247125205,0.066877004963943,0.028222409866247578,0.9593981567025351,0.003182167450112266,120,149.3317121481523,0.08629438753888541,1997,False,"full pulse, cap 0.050, weight 120, tail 0.2, worst 0.5, slew 10","a=0.8,lw=1.5,r=0.04,w=0.25; a=1,lw=0.8,r=0.02,w=0.25; a=1,lw=0.5,r=0.015,w=0.25",0.05,120.0,0.2,0.5,0.2,0.015,10.0,0.01864766381778837,0.085,0.11448766122176407
five_level_weak_anharmonic,fullpulse050_w120_tail02_worst05_slew10,0.03,relax_0.0005,0.0,0.0005,50,0.9534902297349253,0.0011340244848987435,0.06842643289978567,0.04818786739522185,0.9625878395478452,0.003182167450112266,120,149.3317121481523,0.08629438753888541,1997,False,"full pulse, cap 0.050, weight 120, tail 0.2, worst 0.5, slew 10","a=0.8,lw=1.5,r=0.04,w=0.25; a=1,lw=0.8,r=0.02,w=0.25; a=1,lw=0.5,r=0.015,w=0.25",0.05,120.0,0.2,0.5,0.2,0.015,10.0,0.01864766381778837,0.085,0.11448766122176407
five_level_weak_anharmonic,fullpulse050_w120_tail02_worst05_slew10,0.03,relax_0.0005,0.0,0.0005,51,0.9580992396219843,0.0013826275217841966,0.08040190918231949,0.030252034218793147,0.9599674761905908,0.003182167450112266,120,149.3317121481523,0.08629438753888541,1997,False,"full pulse, cap 0.050, weight 120, tail 0.2, worst 0.5, slew 10","a=0.8,lw=1.5,r=0.04,w=0.25; a=1,lw=0.8,r=0.02,w=0.25; a=1,lw=0.5,r=0.015,w=0.25",0.05,120.0,0.2,0.5,0.2,0.015,10.0,0.01864766381778837,0.085,0.11448766122176407
five_level_weak_anharmonic,fullpulse050_w120_tail02_worst05_slew10,0.03,relax_0.0005,0.0,0.0005,52,0.9789411860557885,0.0003701627441600186,0.0673656458498707,0.04051732118522699,0.9599001876055049,0.003182167450112266,120,149.3317121481523,0.08629438753888541,1997,False,"full pulse, cap 0.050, weight 120, tail 0.2, worst 0.5, slew 10","a=0.8,lw=1.5,r=0.04,w=0.25; a=1,lw=0.8,r=0.02,w=0.25; a=1,lw=0.5,r=0.015,w=0.25",0.05,120.0,0.2,0.5,0.2,0.015,10.0,0.01864766381778837,0.085,0.11448766122176407
five_level_weak_anharmonic,fullpulse050_w120_tail02_worst05_slew10,0.03,relax_0.0005,0.0,0.0005,53,0.9244518366328964,0.0012153492467436022,0.07385654070091852,0.10587371857557408,0.9663702594699146,0.003182167450112266,120,149.3317121481523,0.08629438753888541,1997,False,"full pulse, cap 0.050, weight 120, tail 0.2, worst 0.5, slew 10","a=0.8,lw=1.5,r=0.04,w=0.25; a=1,lw=0.8,r=0.02,w=0.25; a=1,lw=0.5,r=0.015,w=0.25",0.05,120.0,0.2,0.5,0.2,0.015,10.0,0.01864766381778837,0.085,0.11448766122176407
five_level_weak_anharmonic,fullpulse050_w120_tail02_worst05_slew10,0.03,relax_0.0005,0.0,0.0005,54,0.9334334271366238,0.0008869910166104944,0.07376206674373587,0.10037593794804753,0.9651298929747565,0.003182167450112266,120,149.3317121481523,0.08629438753888541,1997,False,"full pulse, cap 0.050, weight 120, tail 0.2, worst 0.5, slew 10","a=0.8,lw=1.5,r=0.04,w=0.25; a=1,lw=0.8,r=0.02,w=0.25; a=1,lw=0.5,r=0.015,w=0.25",0.05,120.0,0.2,0.5,0.2,0.015,10.0,0.01864766381778837,0.085,0.11448766122176407
five_level_weak_anharmonic,fullpulse050_w120_tail02_worst05_slew10,0.03,relax_0.0005,0.0,0.0005,55,0.9570385246776297,0.0014671453479961905,0.07130251456898384,0.07208149601822678,0.9679917805738285,0.003182167450112266,120,149.3317121481523,0.08629438753888541,1997,False,"full pulse, cap 0.050, weight 120, tail 0.2, worst 0.5, slew 10","a=0.8,lw=1.5,r=0.04,w=0.25; a=1,lw=0.8,r=0.02,w=0.25; a=1,lw=0.5,r=0.015,w=0.25",0.05,120.0,0.2,0.5,0.2,0.015,10.0,0.01864766381778837,0.085,0.11448766122176407
five_level_weak_anharmonic,fullpulse050_w120_tail02_worst05_slew10,0.03,relax_0.0005,0.0,0.0005,56,0.9194543300458335,0.001120761108990731,0.07074141542483992,0.11476965919186143,0.964639647131918,0.003182167450112266,120,149.3317121481523,0.08629438753888541,1997,False,"full pulse, cap 0.050, weight 120, tail 0.2, worst 0.5, slew 10","a=0.8,lw=1.5,r=0.04,w=0.25; a=1,lw=0.8,r=0.02,w=0.25; a=1,lw=0.5,r=0.015,w=0.25",0.05,120.0,0.2,0.5,0.2,0.015,10.0,0.01864766381778837,0.085,0.11448766122176407
five_level_weak_anharmonic,fullpulse050_w120_tail02_worst05_slew10,0.03,relax_0.0005,0.0,0.0005,57,0.8618031324781964,0.0061079147606002415,0.08092682432773679,0.08042660057483043,0.9620389841470246,0.003182167450112266,120,149.3317121481523,0.08629438753888541,1997,False,"full pulse, cap 0.050, weight 120, tail 0.2, worst 0.5, slew 10","a=0.8,lw=1.5,r=0.04,w=0.25; a=1,lw=0.8,r=0.02,w=0.25; a=1,lw=0.5,r=0.015,w=0.25",0.05,120.0,0.2,0.5,0.2,0.015,10.0,0.01864766381778837,0.085,0.11448766122176407
five_level_weak_anharmonic,fullpulse050_w120_tail02_worst05_slew10,0.03,relax_0.0005,0.0,0.0005,58,0.9564073941808285,0.00013160401063583294,0.06053777661227511,0.05961414489494588,0.9613649660932816,0.003182167450112266,120,149.3317121481523,0.08629438753888541,1997,False,"full pulse, cap 0.050, weight 120, tail 0.2, worst 0.5, slew 10","a=0.8,lw=1.5,r=0.04,w=0.25; a=1,lw=0.8,r=0.02,w=0.25; a=1,lw=0.5,r=0.015,w=0.25",0.05,120.0,0.2,0.5,0.2,0.015,10.0,0.01864766381778837,0.085,0.11448766122176407
five_level_weak_anharmonic,fullpulse050_w120_tail02_worst05_slew10,0.03,relax_0.0005,0.0,0.0005,59,0.9154954168500735,0.00037313514616899024,0.07885853559792633,0.1107037903938231,0.9626443190080509,0.003182167450112266,120,149.3317121481523,0.08629438753888541,1997,False,"full pulse, cap 0.050, weight 120, tail 0.2, worst 0.5, slew 10","a=0.8,lw=1.5,r=0.04,w=0.25; a=1,lw=0.8,r=0.02,w=0.25; a=1,lw=0.5,r=0.015,w=0.25",0.05,120.0,0.2,0.5,0.2,0.015,10.0,0.01864766381778837,0.085,0.11448766122176407
five_level_weak_anharmonic,fullpulse050_w120_tail02_worst05_slew10,0.03,combined,0.001,0.0005,10,0.9161370693229335,0.0016542295848490651,0.06734600294586213,0.07806668094167257,0.9489168995423414,0.003182167450112266,120,149.3317121481523,0.08629438753888541,1997,False,"full pulse, cap 0.050, weight 120, tail 0.2, worst 0.5, slew 10","a=0.8,lw=1.5,r=0.04,w=0.25; a=1,lw=0.8,r=0.02,w=0.25; a=1,lw=0.5,r=0.015,w=0.25",0.05,120.0,0.2,0.5,0.2,0.015,10.0,0.01864766381778837,0.085,0.11448766122176407
five_level_weak_anharmonic,fullpulse050_w120_tail02_worst05_slew10,0.03,combined,0.001,0.0005,11,0.8920278280824118,0.002285837565433768,0.08579052485893901,0.1465751876543785,0.9478167689649768,0.003182167450112266,120,149.3317121481523,0.08629438753888541,1997,False,"full pulse, cap 0.050, weight 120, tail 0.2, worst 0.5, slew 10","a=0.8,lw=1.5,r=0.04,w=0.25; a=1,lw=0.8,r=0.02,w=0.25; a=1,lw=0.5,r=0.015,w=0.25",0.05,120.0,0.2,0.5,0.2,0.015,10.0,0.01864766381778837,0.085,0.11448766122176407
five_level_weak_anharmonic,fullpulse050_w120_tail02_worst05_slew10,0.03,combined,0.001,0.0005,12,0.969540655818604,0.002619643370497804,0.08080539661333419,0.05642702999837191,0.9470847962180923,0.003182167450112266,120,149.3317121481523,0.08629438753888541,1997,False,"full pulse, cap 0.050, weight 120, tail 0.2, worst 0.5, slew 10","a=0.8,lw=1.5,r=0.04,w=0.25; a=1,lw=0.8,r=0.02,w=0.25; a=1,lw=0.5,r=0.015,w=0.25",0.05,120.0,0.2,0.5,0.2,0.015,10.0,0.01864766381778837,0.085,0.11448766122176407
five_level_weak_anharmonic,fullpulse050_w120_tail02_worst05_slew10,0.03,combined,0.001,0.0005,13,0.919508216943947,0.0021361591107978972,0.061862627255247604,0.1279709508571771,0.9501914430241454,0.003182167450112266,120,149.3317121481523,0.08629438753888541,1997,False,"full pulse, cap 0.050, weight 120, tail 0.2, worst 0.5, slew 10","a=0.8,lw=1.5,r=0.04,w=0.25; a=1,lw=0.8,r=0.02,w=0.25; a=1,lw=0.5,r=0.015,w=0.25",0.05,120.0,0.2,0.5,0.2,0.015,10.0,0.01864766381778837,0.085,0.11448766122176407
five_level_weak_anharmonic,fullpulse050_w120_tail02_worst05_slew10,0.03,combined,0.001,0.0005,14,0.9152212329236248,0.0019013122549559336,0.05904507460462738,0.12724298265543962,0.9499588534395947,0.003182167450112266,120,149.3317121481523,0.08629438753888541,1997,False,"full pulse, cap 0.050, weight 120, tail 0.2, worst 0.5, slew 10","a=0.8,lw=1.5,r=0.04,w=0.25; a=1,lw=0.8,r=0.02,w=0.25; a=1,lw=0.5,r=0.015,w=0.25",0.05,120.0,0.2,0.5,0.2,0.015,10.0,0.01864766381778837,0.085,0.11448766122176407
five_level_weak_anharmonic,fullpulse050_w120_tail02_worst05_slew10,0.03,combined,0.001,0.0005,15,0.9594485221821686,0.004520746083632954,0.08622933166754132,0.04580395828100594,0.9473826041758914,0.003182167450112266,120,149.3317121481523,0.08629438753888541,1997,False,"full pulse, cap 0.050, weight 120, tail 0.2, worst 0.5, slew 10","a=0.8,lw=1.5,r=0.04,w=0.25; a=1,lw=0.8,r=0.02,w=0.25; a=1,lw=0.5,r=0.015,w=0.25",0.05,120.0,0.2,0.5,0.2,0.015,10.0,0.01864766381778837,0.085,0.11448766122176407
five_level_weak_anharmonic,fullpulse050_w120_tail02_worst05_slew10,0.03,combined,0.001,0.0005,16,0.9600936099505895,0.0028674512729519597,0.0853029293094707,0.07182986188562421,0.9471279118316365,0.003182167450112266,120,149.3317121481523,0.08629438753888541,1997,False,"full pulse, cap 0.050, weight 120, tail 0.2, worst 0.5, slew 10","a=0.8,lw=1.5,r=0.04,w=0.25; a=1,lw=0.8,r=0.02,w=0.25; a=1,lw=0.5,r=0.015,w=0.25",0.05,120.0,0.2,0.5,0.2,0.015,10.0,0.01864766381778837,0.085,0.11448766122176407
five_level_weak_anharmonic,fullpulse050_w120_tail02_worst05_slew10,0.03,combined,0.001,0.0005,17,0.888514239168008,0.0018541935623673789,0.05660534885191426,0.0667035150229769,0.9484484340451547,0.003182167450112266,120,149.3317121481523,0.08629438753888541,1997,False,"full pulse, cap 0.050, weight 120, tail 0.2, worst 0.5, slew 10","a=0.8,lw=1.5,r=0.04,w=0.25; a=1,lw=0.8,r=0.02,w=0.25; a=1,lw=0.5,r=0.015,w=0.25",0.05,120.0,0.2,0.5,0.2,0.015,10.0,0.01864766381778837,0.085,0.11448766122176407
five_level_weak_anharmonic,fullpulse050_w120_tail02_worst05_slew10,0.03,combined,0.001,0.0005,18,0.9531023120073958,0.0030098525987657387,0.07501793936885148,0.03813417835187944,0.9482694552093022,0.003182167450112266,120,149.3317121481523,0.08629438753888541,1997,False,"full pulse, cap 0.050, weight 120, tail 0.2, worst 0.5, slew 10","a=0.8,lw=1.5,r=0.04,w=0.25; a=1,lw=0.8,r=0.02,w=0.25; a=1,lw=0.5,r=0.015,w=0.25",0.05,120.0,0.2,0.5,0.2,0.015,10.0,0.01864766381778837,0.085,0.11448766122176407
five_level_weak_anharmonic,fullpulse050_w120_tail02_worst05_slew10,0.03,combined,0.001,0.0005,19,0.965931363896736,0.0017484798942091206,0.067986218948199,0.0625919604959965,0.9472189773754709,0.003182167450112266,120,149.3317121481523,0.08629438753888541,1997,False,"full pulse, cap 0.050, weight 120, tail 0.2, worst 0.5, slew 10","a=0.8,lw=1.5,r=0.04,w=0.25; a=1,lw=0.8,r=0.02,w=0.25; a=1,lw=0.5,r=0.015,w=0.25",0.05,120.0,0.2,0.5,0.2,0.015,10.0,0.01864766381778837,0.085,0.11448766122176407
five_level_weak_anharmonic,fullpulse050_w120_tail02_worst05_slew10,0.03,combined,0.001,0.0005,20,0.9598730646075017,0.00251951411354967,0.0791416072335166,0.05063480780123136,0.9475084495469791,0.003182167450112266,120,149.3317121481523,0.08629438753888541,1997,False,"full pulse, cap 0.050, weight 120, tail 0.2, worst 0.5, slew 10","a=0.8,lw=1.5,r=0.04,w=0.25; a=1,lw=0.8,r=0.02,w=0.25; a=1,lw=0.5,r=0.015,w=0.25",0.05,120.0,0.2,0.5,0.2,0.015,10.0,0.01864766381778837,0.085,0.11448766122176407
five_level_weak_anharmonic,fullpulse050_w120_tail02_worst05_slew10,0.03,combined,0.001,0.0005,21,0.9727283191436907,0.001627907549313523,0.06294317228412927,0.04278246979411925,0.9479926696081156,0.003182167450112266,120,149.3317121481523,0.08629438753888541,1997,False,"full pulse, cap 0.050, weight 120, tail 0.2, worst 0.5, slew 10","a=0.8,lw=1.5,r=0.04,w=0.25; a=1,lw=0.8,r=0.02,w=0.25; a=1,lw=0.5,r=0.015,w=0.25",0.05,120.0,0.2,0.5,0.2,0.015,10.0,0.01864766381778837,0.085,0.11448766122176407
five_level_weak_anharmonic,fullpulse050_w120_tail02_worst05_slew10,0.03,combined,0.001,0.0005,22,0.9554048202738359,0.0016764927802428442,0.06925650468989697,0.07872428292253786,0.9480388089083472,0.003182167450112266,120,149.3317121481523,0.08629438753888541,1997,False,"full pulse, cap 0.050, weight 120, tail 0.2, worst 0.5, slew 10","a=0.8,lw=1.5,r=0.04,w=0.25; a=1,lw=0.8,r=0.02,w=0.25; a=1,lw=0.5,r=0.015,w=0.25",0.05,120.0,0.2,0.5,0.2,0.015,10.0,0.01864766381778837,0.085,0.11448766122176407
five_level_weak_anharmonic,fullpulse050_w120_tail02_worst05_slew10,0.03,combined,0.001,0.0005,23,0.9633479932009147,0.0018207749210860102,0.06921164714288508,0.06638274687769175,0.9484311272653146,0.003182167450112266,120,149.3317121481523,0.08629438753888541,1997,False,"full pulse, cap 0.050, weight 120, tail 0.2, worst 0.5, slew 10","a=0.8,lw=1.5,r=0.04,w=0.25; a=1,lw=0.8,r=0.02,w=0.25; a=1,lw=0.5,r=0.015,w=0.25",0.05,120.0,0.2,0.5,0.2,0.015,10.0,0.01864766381778837,0.085,0.11448766122176407
five_level_weak_anharmonic,fullpulse050_w120_tail02_worst05_slew10,0.03,combined,0.001,0.0005,24,0.9508259560853172,0.0014041559491076994,0.05559861626273788,0.06324125597405722,0.9487089525665449,0.003182167450112266,120,149.3317121481523,0.08629438753888541,1997,False,"full pulse, cap 0.050, weight 120, tail 0.2, worst 0.5, slew 10","a=0.8,lw=1.5,r=0.04,w=0.25; a=1,lw=0.8,r=0.02,w=0.25; a=1,lw=0.5,r=0.015,w=0.25",0.05,120.0,0.2,0.5,0.2,0.015,10.0,0.01864766381778837,0.085,0.11448766122176407
five_level_weak_anharmonic,fullpulse050_w120_tail02_worst05_slew10,0.03,combined,0.001,0.0005,25,0.9476080723761974,0.0028105292610387522,0.07151919726262523,0.07660430395667853,0.9487254108126038,0.003182167450112266,120,149.3317121481523,0.08629438753888541,1997,False,"full pulse, cap 0.050, weight 120, tail 0.2, worst 0.5, slew 10","a=0.8,lw=1.5,r=0.04,w=0.25; a=1,lw=0.8,r=0.02,w=0.25; a=1,lw=0.5,r=0.015,w=0.25",0.05,120.0,0.2,0.5,0.2,0.015,10.0,0.01864766381778837,0.085,0.11448766122176407
five_level_weak_anharmonic,fullpulse050_w120_tail02_worst05_slew10,0.03,combined,0.001,0.0005,26,0.9698368932953111,0.003870715559885607,0.08208089848033284,0.04355486840001097,0.9482428950465375,0.003182167450112266,120,149.3317121481523,0.08629438753888541,1997,False,"full pulse, cap 0.050, weight 120, tail 0.2, worst 0.5, slew 10","a=0.8,lw=1.5,r=0.04,w=0.25; a=1,lw=0.8,r=0.02,w=0.25; a=1,lw=0.5,r=0.015,w=0.25",0.05,120.0,0.2,0.5,0.2,0.015,10.0,0.01864766381778837,0.085,0.11448766122176407
five_level_weak_anharmonic,fullpulse050_w120_tail02_worst05_slew10,0.03,combined,0.001,0.0005,27,0.9410321424467768,0.002060907791415878,0.06191812587790135,0.059833912736276605,0.9484588094065871,0.003182167450112266,120,149.3317121481523,0.08629438753888541,1997,False,"full pulse, cap 0.050, weight 120, tail 0.2, worst 0.5, slew 10","a=0.8,lw=1.5,r=0.04,w=0.25; a=1,lw=0.8,r=0.02,w=0.25; a=1,lw=0.5,r=0.015,w=0.25",0.05,120.0,0.2,0.5,0.2,0.015,10.0,0.01864766381778837,0.085,0.11448766122176407
five_level_weak_anharmonic,fullpulse050_w120_tail02_worst05_slew10,0.03,combined,0.001,0.0005,28,0.9581556107715552,0.0022989108289640514,0.08294366091740712,0.07194223462545545,0.948042385758805,0.003182167450112266,120,149.3317121481523,0.08629438753888541,1997,False,"full pulse, cap 0.050, weight 120, tail 0.2, worst 0.5, slew 10","a=0.8,lw=1.5,r=0.04,w=0.25; a=1,lw=0.8,r=0.02,w=0.25; a=1,lw=0.5,r=0.015,w=0.25",0.05,120.0,0.2,0.5,0.2,0.015,10.0,0.01864766381778837,0.085,0.11448766122176407
five_level_weak_anharmonic,fullpulse050_w120_tail02_worst05_slew10,0.03,combined,0.001,0.0005,29,0.9686491935856939,0.0016737480437892804,0.06716118424252171,0.04363991779356404,0.9488647971852653,0.003182167450112266,120,149.3317121481523,0.08629438753888541,1997,False,"full pulse, cap 0.050, weight 120, tail 0.2, worst 0.5, slew 10","a=0.8,lw=1.5,r=0.04,w=0.25; a=1,lw=0.8,r=0.02,w=0.25; a=1,lw=0.5,r=0.015,w=0.25",0.05,120.0,0.2,0.5,0.2,0.015,10.0,0.01864766381778837,0.085,0.11448766122176407
five_level_weak_anharmonic,fullpulse050_w120_tail02_worst05_slew10,0.03,combined,0.001,0.0005,30,0.9604014738953983,0.0025114895212875465,0.06339478523979691,0.04369671511110841,0.9491175104659464,0.003182167450112266,120,149.3317121481523,0.08629438753888541,1997,False,"full pulse, cap 0.050, weight 120, tail 0.2, worst 0.5, slew 10","a=0.8,lw=1.5,r=0.04,w=0.25; a=1,lw=0.8,r=0.02,w=0.25; a=1,lw=0.5,r=0.015,w=0.25",0.05,120.0,0.2,0.5,0.2,0.015,10.0,0.01864766381778837,0.085,0.11448766122176407
five_level_weak_anharmonic,fullpulse050_w120_tail02_worst05_slew10,0.03,combined,0.001,0.0005,31,0.913076333792535,0.002025384016728915,0.08226954884263926,0.1256965607923015,0.9478296157580709,0.003182167450112266,120,149.3317121481523,0.08629438753888541,1997,False,"full pulse, cap 0.050, weight 120, tail 0.2, worst 0.5, slew 10","a=0.8,lw=1.5,r=0.04,w=0.25; a=1,lw=0.8,r=0.02,w=0.25; a=1,lw=0.5,r=0.015,w=0.25",0.05,120.0,0.2,0.5,0.2,0.015,10.0,0.01864766381778837,0.085,0.11448766122176407
five_level_weak_anharmonic,fullpulse050_w120_tail02_worst05_slew10,0.03,combined,0.001,0.0005,32,0.9190428030449962,0.002322634887731101,0.0732155996168391,0.11449993353434237,0.9479141511625142,0.003182167450112266,120,149.3317121481523,0.08629438753888541,1997,False,"full pulse, cap 0.050, weight 120, tail 0.2, worst 0.5, slew 10","a=0.8,lw=1.5,r=0.04,w=0.25; a=1,lw=0.8,r=0.02,w=0.25; a=1,lw=0.5,r=0.015,w=0.25",0.05,120.0,0.2,0.5,0.2,0.015,10.0,0.01864766381778837,0.085,0.11448766122176407
five_level_weak_anharmonic,fullpulse050_w120_tail02_worst05_slew10,0.03,combined,0.001,0.0005,33,0.957834118081697,0.0019281824091197386,0.06145838010762106,0.03955290895929054,0.9487186457762156,0.003182167450112266,120,149.3317121481523,0.08629438753888541,1997,False,"full pulse, cap 0.050, weight 120, tail 0.2, worst 0.5, slew 10","a=0.8,lw=1.5,r=0.04,w=0.25; a=1,lw=0.8,r=0.02,w=0.25; a=1,lw=0.5,r=0.015,w=0.25",0.05,120.0,0.2,0.5,0.2,0.015,10.0,0.01864766381778837,0.085,0.11448766122176407
five_level_weak_anharmonic,fullpulse050_w120_tail02_worst05_slew10,0.03,combined,0.001,0.0005,34,0.968374920294807,0.00496542610196804,0.08223746893259831,0.057418836440100304,0.9480371930918792,0.003182167450112266,120,149.3317121481523,0.08629438753888541,1997,False,"full pulse, cap 0.050, weight 120, tail 0.2, worst 0.5, slew 10","a=0.8,lw=1.5,r=0.04,w=0.25; a=1,lw=0.8,r=0.02,w=0.25; a=1,lw=0.5,r=0.015,w=0.25",0.05,120.0,0.2,0.5,0.2,0.015,10.0,0.01864766381778837,0.085,0.11448766122176407
five_level_weak_anharmonic,fullpulse050_w120_tail02_worst05_slew10,0.03,combined,0.001,0.0005,35,0.9305384114366707,0.003494338762061955,0.07840498011081576,0.05334701166537435,0.9470405759094355,0.003182167450112266,120,149.3317121481523,0.08629438753888541,1997,False,"full pulse, cap 0.050, weight 120, tail 0.2, worst 0.5, slew 10","a=0.8,lw=1.5,r=0.04,w=0.25; a=1,lw=0.8,r=0.02,w=0.25; a=1,lw=0.5,r=0.015,w=0.25",0.05,120.0,0.2,0.5,0.2,0.015,10.0,0.01864766381778837,0.085,0.11448766122176407
five_level_weak_anharmonic,fullpulse050_w120_tail02_worst05_slew10,0.03,combined,0.001,0.0005,36,0.9412376673896651,0.001760270589755475,0.07346471007109834,0.08425817940111852,0.9479012287541306,0.003182167450112266,120,149.3317121481523,0.08629438753888541,1997,False,"full pulse, cap 0.050, weight 120, tail 0.2, worst 0.5, slew 10","a=0.8,lw=1.5,r=0.04,w=0.25; a=1,lw=0.8,r=0.02,w=0.25; a=1,lw=0.5,r=0.015,w=0.25",0.05,120.0,0.2,0.5,0.2,0.015,10.0,0.01864766381778837,0.085,0.11448766122176407
five_level_weak_anharmonic,fullpulse050_w120_tail02_worst05_slew10,0.03,combined,0.001,0.0005,37,0.788422049290193,0.0025255321321369095,0.05793007398004124,0.1343530595419269,0.9490391786795305,0.003182167450112266,120,149.3317121481523,0.08629438753888541,1997,False,"full pulse, cap 0.050, weight 120, tail 0.2, worst 0.5, slew 10","a=0.8,lw=1.5,r=0.04,w=0.25; a=1,lw=0.8,r=0.02,w=0.25; a=1,lw=0.5,r=0.015,w=0.25",0.05,120.0,0.2,0.5,0.2,0.015,10.0,0.01864766381778837,0.085,0.11448766122176407
five_level_weak_anharmonic,fullpulse050_w120_tail02_worst05_slew10,0.03,combined,0.001,0.0005,38,0.9640678609747397,0.0014527330342998246,0.04888924960201191,0.06806531631980137,0.9496491595045885,0.003182167450112266,120,149.3317121481523,0.08629438753888541,1997,False,"full pulse, cap 0.050, weight 120, tail 0.2, worst 0.5, slew 10","a=0.8,lw=1.5,r=0.04,w=0.25; a=1,lw=0.8,r=0.02,w=0.25; a=1,lw=0.5,r=0.015,w=0.25",0.05,120.0,0.2,0.5,0.2,0.015,10.0,0.01864766381778837,0.085,0.11448766122176407
five_level_weak_anharmonic,fullpulse050_w120_tail02_worst05_slew10,0.03,combined,0.001,0.0005,39,0.9505605840133091,0.002822917789829793,0.07577458142428128,0.07383730776363855,0.9477446457192216,0.003182167450112266,120,149.3317121481523,0.08629438753888541,1997,False,"full pulse, cap 0.050, weight 120, tail 0.2, worst 0.5, slew 10","a=0.8,lw=1.5,r=0.04,w=0.25; a=1,lw=0.8,r=0.02,w=0.25; a=1,lw=0.5,r=0.015,w=0.25",0.05,120.0,0.2,0.5,0.2,0.015,10.0,0.01864766381778837,0.085,0.11448766122176407
five_level_weak_anharmonic,fullpulse050_w120_tail02_worst05_slew10,0.03,combined,0.001,0.0005,40,0.9713081785770186,0.002738432905539212,0.08093886930439242,0.040213041585603924,0.9480513756769545,0.003182167450112266,120,149.3317121481523,0.08629438753888541,1997,False,"full pulse, cap 0.050, weight 120, tail 0.2, worst 0.5, slew 10","a=0.8,lw=1.5,r=0.04,w=0.25; a=1,lw=0.8,r=0.02,w=0.25; a=1,lw=0.5,r=0.015,w=0.25",0.05,120.0,0.2,0.5,0.2,0.015,10.0,0.01864766381778837,0.085,0.11448766122176407
five_level_weak_anharmonic,fullpulse050_w120_tail02_worst05_slew10,0.03,combined,0.001,0.0005,41,0.9721093686449566,0.0020624805030249327,0.07624019489028144,0.04601668737601552,0.9472737735471793,0.003182167450112266,120,149.3317121481523,0.08629438753888541,1997,False,"full pulse, cap 0.050, weight 120, tail 0.2, worst 0.5, slew 10","a=0.8,lw=1.5,r=0.04,w=0.25; a=1,lw=0.8,r=0.02,w=0.25; a=1,lw=0.5,r=0.015,w=0.25",0.05,120.0,0.2,0.5,0.2,0.015,10.0,0.01864766381778837,0.085,0.11448766122176407
five_level_weak_anharmonic,fullpulse050_w120_tail02_worst05_slew10,0.03,combined,0.001,0.0005,42,0.9639078950084123,0.0025772888960030604,0.07616456066172217,0.058181355097040435,0.9490397987909659,0.003182167450112266,120,149.3317121481523,0.08629438753888541,1997,False,"full pulse, cap 0.050, weight 120, tail 0.2, worst 0.5, slew 10","a=0.8,lw=1.5,r=0.04,w=0.25; a=1,lw=0.8,r=0.02,w=0.25; a=1,lw=0.5,r=0.015,w=0.25",0.05,120.0,0.2,0.5,0.2,0.015,10.0,0.01864766381778837,0.085,0.11448766122176407
five_level_weak_anharmonic,fullpulse050_w120_tail02_worst05_slew10,0.03,combined,0.001,0.0005,43,0.9263268152941817,0.0016967814147001992,0.0644653326529202,0.09168600863415044,0.9483374569004466,0.003182167450112266,120,149.3317121481523,0.08629438753888541,1997,False,"full pulse, cap 0.050, weight 120, tail 0.2, worst 0.5, slew 10","a=0.8,lw=1.5,r=0.04,w=0.25; a=1,lw=0.8,r=0.02,w=0.25; a=1,lw=0.5,r=0.015,w=0.25",0.05,120.0,0.2,0.5,0.2,0.015,10.0,0.01864766381778837,0.085,0.11448766122176407
five_level_weak_anharmonic,fullpulse050_w120_tail02_worst05_slew10,0.03,combined,0.001,0.0005,44,0.9540222160034566,0.0015678018277140993,0.05472717259742821,0.07052161851193608,0.9502852994675971,0.003182167450112266,120,149.3317121481523,0.08629438753888541,1997,False,"full pulse, cap 0.050, weight 120, tail 0.2, worst 0.5, slew 10","a=0.8,lw=1.5,r=0.04,w=0.25; a=1,lw=0.8,r=0.02,w=0.25; a=1,lw=0.5,r=0.015,w=0.25",0.05,120.0,0.2,0.5,0.2,0.015,10.0,0.01864766381778837,0.085,0.11448766122176407
five_level_weak_anharmonic,fullpulse050_w120_tail02_worst05_slew10,0.03,combined,0.001,0.0005,45,0.9723156806763371,0.0028294702426487905,0.07533945916874984,0.05042876996138245,0.9483911777818107,0.003182167450112266,120,149.3317121481523,0.08629438753888541,1997,False,"full pulse, cap 0.050, weight 120, tail 0.2, worst 0.5, slew 10","a=0.8,lw=1.5,r=0.04,w=0.25; a=1,lw=0.8,r=0.02,w=0.25; a=1,lw=0.5,r=0.015,w=0.25",0.05,120.0,0.2,0.5,0.2,0.015,10.0,0.01864766381778837,0.085,0.11448766122176407
five_level_weak_anharmonic,fullpulse050_w120_tail02_worst05_slew10,0.03,combined,0.001,0.0005,46,0.9307059822997213,0.0014817882225254264,0.06742401589885716,0.08947394347107075,0.9475232099911158,0.003182167450112266,120,149.3317121481523,0.08629438753888541,1997,False,"full pulse, cap 0.050, weight 120, tail 0.2, worst 0.5, slew 10","a=0.8,lw=1.5,r=0.04,w=0.25; a=1,lw=0.8,r=0.02,w=0.25; a=1,lw=0.5,r=0.015,w=0.25",0.05,120.0,0.2,0.5,0.2,0.015,10.0,0.01864766381778837,0.085,0.11448766122176407
five_level_weak_anharmonic,fullpulse050_w120_tail02_worst05_slew10,0.03,combined,0.001,0.0005,47,0.9681770676893665,0.001982681610898318,0.06857335384441943,0.033556716444467984,0.9476949614937422,0.003182167450112266,120,149.3317121481523,0.08629438753888541,1997,False,"full pulse, cap 0.050, weight 120, tail 0.2, worst 0.5, slew 10","a=0.8,lw=1.5,r=0.04,w=0.25; a=1,lw=0.8,r=0.02,w=0.25; a=1,lw=0.5,r=0.015,w=0.25",0.05,120.0,0.2,0.5,0.2,0.015,10.0,0.01864766381778837,0.085,0.11448766122176407
five_level_weak_anharmonic,fullpulse050_w120_tail02_worst05_slew10,0.03,combined,0.001,0.0005,48,0.8089222422675826,0.002059152579367951,0.0776705626429306,0.21229990335017881,0.9475028373004557,0.003182167450112266,120,149.3317121481523,0.08629438753888541,1997,False,"full pulse, cap 0.050, weight 120, tail 0.2, worst 0.5, slew 10","a=0.8,lw=1.5,r=0.04,w=0.25; a=1,lw=0.8,r=0.02,w=0.25; a=1,lw=0.5,r=0.015,w=0.25",0.05,120.0,0.2,0.5,0.2,0.015,10.0,0.01864766381778837,0.085,0.11448766122176407
five_level_weak_anharmonic,fullpulse050_w120_tail02_worst05_slew10,0.03,combined,0.001,0.0005,49,0.9596733311178656,0.0021011122377893043,0.06737612927028569,0.034212896865230026,0.9474842462752138,0.003182167450112266,120,149.3317121481523,0.08629438753888541,1997,False,"full pulse, cap 0.050, weight 120, tail 0.2, worst 0.5, slew 10","a=0.8,lw=1.5,r=0.04,w=0.25; a=1,lw=0.8,r=0.02,w=0.25; a=1,lw=0.5,r=0.015,w=0.25",0.05,120.0,0.2,0.5,0.2,0.015,10.0,0.01864766381778837,0.085,0.11448766122176407
five_level_weak_anharmonic,fullpulse050_w120_tail02_worst05_slew10,0.03,combined,0.001,0.0005,50,0.9470402318046149,0.002901199284527034,0.068909643613416,0.054534860189567026,0.9481257139485244,0.003182167450112266,120,149.3317121481523,0.08629438753888541,1997,False,"full pulse, cap 0.050, weight 120, tail 0.2, worst 0.5, slew 10","a=0.8,lw=1.5,r=0.04,w=0.25; a=1,lw=0.8,r=0.02,w=0.25; a=1,lw=0.5,r=0.015,w=0.25",0.05,120.0,0.2,0.5,0.2,0.015,10.0,0.01864766381778837,0.085,0.11448766122176407
five_level_weak_anharmonic,fullpulse050_w120_tail02_worst05_slew10,0.03,combined,0.001,0.0005,51,0.9517553047392932,0.0032891718161791594,0.08117187930181669,0.036720913539526265,0.9473794745625242,0.003182167450112266,120,149.3317121481523,0.08629438753888541,1997,False,"full pulse, cap 0.050, weight 120, tail 0.2, worst 0.5, slew 10","a=0.8,lw=1.5,r=0.04,w=0.25; a=1,lw=0.8,r=0.02,w=0.25; a=1,lw=0.5,r=0.015,w=0.25",0.05,120.0,0.2,0.5,0.2,0.015,10.0,0.01864766381778837,0.085,0.11448766122176407
five_level_weak_anharmonic,fullpulse050_w120_tail02_worst05_slew10,0.03,combined,0.001,0.0005,52,0.9724972069496763,0.0019418220067206615,0.0680708143955292,0.046380654700207365,0.9473730610049012,0.003182167450112266,120,149.3317121481523,0.08629438753888541,1997,False,"full pulse, cap 0.050, weight 120, tail 0.2, worst 0.5, slew 10","a=0.8,lw=1.5,r=0.04,w=0.25; a=1,lw=0.8,r=0.02,w=0.25; a=1,lw=0.5,r=0.015,w=0.25",0.05,120.0,0.2,0.5,0.2,0.015,10.0,0.01864766381778837,0.085,0.11448766122176407
five_level_weak_anharmonic,fullpulse050_w120_tail02_worst05_slew10,0.03,combined,0.001,0.0005,53,0.9182754407578416,0.002734075357772481,0.07443337510190728,0.11132971030132476,0.948538457066163,0.003182167450112266,120,149.3317121481523,0.08629438753888541,1997,False,"full pulse, cap 0.050, weight 120, tail 0.2, worst 0.5, slew 10","a=0.8,lw=1.5,r=0.04,w=0.25; a=1,lw=0.8,r=0.02,w=0.25; a=1,lw=0.5,r=0.015,w=0.25",0.05,120.0,0.2,0.5,0.2,0.015,10.0,0.01864766381778837,0.085,0.11448766122176407
five_level_weak_anharmonic,fullpulse050_w120_tail02_worst05_slew10,0.03,combined,0.001,0.0005,54,0.9269510927513253,0.0026781759557212848,0.07466690900282846,0.10612802294238176,0.9478804335679646,0.003182167450112266,120,149.3317121481523,0.08629438753888541,1997,False,"full pulse, cap 0.050, weight 120, tail 0.2, worst 0.5, slew 10","a=0.8,lw=1.5,r=0.04,w=0.25; a=1,lw=0.8,r=0.02,w=0.25; a=1,lw=0.5,r=0.015,w=0.25",0.05,120.0,0.2,0.5,0.2,0.015,10.0,0.01864766381778837,0.085,0.11448766122176407
five_level_weak_anharmonic,fullpulse050_w120_tail02_worst05_slew10,0.03,combined,0.001,0.0005,55,0.9486424936882155,0.0030243709647972405,0.07180890185361455,0.07942964627091405,0.9496747548355228,0.003182167450112266,120,149.3317121481523,0.08629438753888541,1997,False,"full pulse, cap 0.050, weight 120, tail 0.2, worst 0.5, slew 10","a=0.8,lw=1.5,r=0.04,w=0.25; a=1,lw=0.8,r=0.02,w=0.25; a=1,lw=0.5,r=0.015,w=0.25",0.05,120.0,0.2,0.5,0.2,0.015,10.0,0.01864766381778837,0.085,0.11448766122176407
five_level_weak_anharmonic,fullpulse050_w120_tail02_worst05_slew10,0.03,combined,0.001,0.0005,56,0.9134518171386286,0.0027029488018955883,0.07139248931889652,0.12009310343129441,0.9476836188587551,0.003182167450112266,120,149.3317121481523,0.08629438753888541,1997,False,"full pulse, cap 0.050, weight 120, tail 0.2, worst 0.5, slew 10","a=0.8,lw=1.5,r=0.04,w=0.25; a=1,lw=0.8,r=0.02,w=0.25; a=1,lw=0.5,r=0.015,w=0.25",0.05,120.0,0.2,0.5,0.2,0.015,10.0,0.01864766381778837,0.085,0.11448766122176407
five_level_weak_anharmonic,fullpulse050_w120_tail02_worst05_slew10,0.03,combined,0.001,0.0005,57,0.8571511448050912,0.008268947464537213,0.08143046535384957,0.08622951265615023,0.9469766994765557,0.003182167450112266,120,149.3317121481523,0.08629438753888541,1997,False,"full pulse, cap 0.050, weight 120, tail 0.2, worst 0.5, slew 10","a=0.8,lw=1.5,r=0.04,w=0.25; a=1,lw=0.8,r=0.02,w=0.25; a=1,lw=0.5,r=0.015,w=0.25",0.05,120.0,0.2,0.5,0.2,0.015,10.0,0.01864766381778837,0.085,0.11448766122176407
five_level_weak_anharmonic,fullpulse050_w120_tail02_worst05_slew10,0.03,combined,0.001,0.0005,58,0.9507411220161797,0.0013601683537333153,0.06102285816987063,0.06494930374148863,0.948279696236334,0.003182167450112266,120,149.3317121481523,0.08629438753888541,1997,False,"full pulse, cap 0.050, weight 120, tail 0.2, worst 0.5, slew 10","a=0.8,lw=1.5,r=0.04,w=0.25; a=1,lw=0.8,r=0.02,w=0.25; a=1,lw=0.5,r=0.015,w=0.25",0.05,120.0,0.2,0.5,0.2,0.015,10.0,0.01864766381778837,0.085,0.11448766122176407
five_level_weak_anharmonic,fullpulse050_w120_tail02_worst05_slew10,0.03,combined,0.001,0.0005,59,0.9096252990917056,0.0021267538240654638,0.07975015738608537,0.11593501332523648,0.946405996721068,0.003182167450112266,120,149.3317121481523,0.08629438753888541,1997,False,"full pulse, cap 0.050, weight 120, tail 0.2, worst 0.5, slew 10","a=0.8,lw=1.5,r=0.04,w=0.25; a=1,lw=0.8,r=0.02,w=0.25; a=1,lw=0.5,r=0.015,w=0.25",0.05,120.0,0.2,0.5,0.2,0.015,10.0,0.01864766381778837,0.085,0.11448766122176407
five_level_weak_anharmonic,fullpulse055_w80_tail02_worst05_slew10,0.03,static_only,0.0,0.0,10,0.9415928752354328,7.85666059658352e-05,0.07196154835229862,0.05355502369809702,0.9999978155032972,0.0032456571278728385,120,163.59141607931815,0.08184946792512907,1993,True,"full pulse, cap 0.055, weight 80, tail 0.2, worst 0.5, slew 10","a=0.8,lw=1.5,r=0.04,w=0.25; a=1,lw=0.8,r=0.02,w=0.25; a=1,lw=0.5,r=0.015,w=0.25",0.055,80.0,0.2,0.5,0.2,0.02,10.0,0.015463790366418503,0.08000121104327541,0.11877664733257029
five_level_weak_anharmonic,fullpulse055_w80_tail02_worst05_slew10,0.03,static_only,0.0,0.0,11,0.913429436804819,0.0011136026534535048,0.0921701658989289,0.1195860208881685,0.9999974521225086,0.0032456571278728385,120,163.59141607931815,0.08184946792512907,1993,True,"full pulse, cap 0.055, weight 80, tail 0.2, worst 0.5, slew 10","a=0.8,lw=1.5,r=0.04,w=0.25; a=1,lw=0.8,r=0.02,w=0.25; a=1,lw=0.5,r=0.015,w=0.25",0.055,80.0,0.2,0.5,0.2,0.02,10.0,0.015463790366418503,0.08000121104327541,0.11877664733257029
five_level_weak_anharmonic,fullpulse055_w80_tail02_worst05_slew10,0.03,static_only,0.0,0.0,12,0.9947901171732875,0.0016041958197863249,0.08650366500399831,0.026959717359139598,0.9999976548871707,0.0032456571278728385,120,163.59141607931815,0.08184946792512907,1993,True,"full pulse, cap 0.055, weight 80, tail 0.2, worst 0.5, slew 10","a=0.8,lw=1.5,r=0.04,w=0.25; a=1,lw=0.8,r=0.02,w=0.25; a=1,lw=0.5,r=0.015,w=0.25",0.055,80.0,0.2,0.5,0.2,0.02,10.0,0.015463790366418503,0.08000121104327541,0.11877664733257029
five_level_weak_anharmonic,fullpulse055_w80_tail02_worst05_slew10,0.03,static_only,0.0,0.0,13,0.9487657275785619,0.0006105824540469929,0.065591528974982,0.09172639468631498,0.9999981669690277,0.0032456571278728385,120,163.59141607931815,0.08184946792512907,1993,True,"full pulse, cap 0.055, weight 80, tail 0.2, worst 0.5, slew 10","a=0.8,lw=1.5,r=0.04,w=0.25; a=1,lw=0.8,r=0.02,w=0.25; a=1,lw=0.5,r=0.015,w=0.25",0.055,80.0,0.2,0.5,0.2,0.02,10.0,0.015463790366418503,0.08000121104327541,0.11877664733257029
five_level_weak_anharmonic,fullpulse055_w80_tail02_worst05_slew10,0.03,static_only,0.0,0.0,14,0.939204721716419,0.0005235279423536632,0.06304165176083809,0.09795412325858827,0.9999980414022283,0.0032456571278728385,120,163.59141607931815,0.08184946792512907,1993,True,"full pulse, cap 0.055, weight 80, tail 0.2, worst 0.5, slew 10","a=0.8,lw=1.5,r=0.04,w=0.25; a=1,lw=0.8,r=0.02,w=0.25; a=1,lw=0.5,r=0.015,w=0.25",0.055,80.0,0.2,0.5,0.2,0.02,10.0,0.015463790366418503,0.08000121104327541,0.11877664733257029
five_level_weak_anharmonic,fullpulse055_w80_tail02_worst05_slew10,0.03,static_only,0.0,0.0,15,0.9860650668470973,0.0014962084558339805,0.09224781756038558,0.016891985283058908,0.9999977610843835,0.0032456571278728385,120,163.59141607931815,0.08184946792512907,1993,True,"full pulse, cap 0.055, weight 80, tail 0.2, worst 0.5, slew 10","a=0.8,lw=1.5,r=0.04,w=0.25; a=1,lw=0.8,r=0.02,w=0.25; a=1,lw=0.5,r=0.015,w=0.25",0.055,80.0,0.2,0.5,0.2,0.02,10.0,0.015463790366418503,0.08000121104327541,0.11877664733257029
five_level_weak_anharmonic,fullpulse055_w80_tail02_worst05_slew10,0.03,static_only,0.0,0.0,16,0.9862632868098387,0.0011355567319460969,0.09222951173167282,0.042280772224111106,0.9999975624636825,0.0032456571278728385,120,163.59141607931815,0.08184946792512907,1993,True,"full pulse, cap 0.055, weight 80, tail 0.2, worst 0.5, slew 10","a=0.8,lw=1.5,r=0.04,w=0.25; a=1,lw=0.8,r=0.02,w=0.25; a=1,lw=0.5,r=0.015,w=0.25",0.055,80.0,0.2,0.5,0.2,0.02,10.0,0.015463790366418503,0.08000121104327541,0.11877664733257029
five_level_weak_anharmonic,fullpulse055_w80_tail02_worst05_slew10,0.03,static_only,0.0,0.0,17,0.9115072301880713,0.00015098306425365138,0.060932035113413274,0.04619783271395321,0.9999984437621753,0.0032456571278728385,120,163.59141607931815,0.08184946792512907,1993,True,"full pulse, cap 0.055, weight 80, tail 0.2, worst 0.5, slew 10","a=0.8,lw=1.5,r=0.04,w=0.25; a=1,lw=0.8,r=0.02,w=0.25; a=1,lw=0.5,r=0.015,w=0.25",0.055,80.0,0.2,0.5,0.2,0.02,10.0,0.015463790366418503,0.08000121104327541,0.11877664733257029
five_level_weak_anharmonic,fullpulse055_w80_tail02_worst05_slew10,0.03,static_only,0.0,0.0,18,0.9792957608398132,0.001065917391873561,0.07993243679817152,0.012547467375818076,0.9999980553444636,0.0032456571278728385,120,163.59141607931815,0.08184946792512907,1993,True,"full pulse, cap 0.055, weight 80, tail 0.2, worst 0.5, slew 10","a=0.8,lw=1.5,r=0.04,w=0.25; a=1,lw=0.8,r=0.02,w=0.25; a=1,lw=0.5,r=0.015,w=0.25",0.055,80.0,0.2,0.5,0.2,0.02,10.0,0.015463790366418503,0.08000121104327541,0.11877664733257029
five_level_weak_anharmonic,fullpulse055_w80_tail02_worst05_slew10,0.03,static_only,0.0,0.0,19,0.9921467744373026,0.00016475201395838024,0.07406073801152224,0.03302616688784845,0.9999976761414023,0.0032456571278728385,120,163.59141607931815,0.08184946792512907,1993,True,"full pulse, cap 0.055, weight 80, tail 0.2, worst 0.5, slew 10","a=0.8,lw=1.5,r=0.04,w=0.25; a=1,lw=0.8,r=0.02,w=0.25; a=1,lw=0.5,r=0.015,w=0.25",0.055,80.0,0.2,0.5,0.2,0.02,10.0,0.015463790366418503,0.08000121104327541,0.11877664733257029
five_level_weak_anharmonic,fullpulse055_w80_tail02_worst05_slew10,0.03,static_only,0.0,0.0,20,0.9881817476796855,0.0005709111479262896,0.08672530642271581,0.021689209153087488,0.9999978452014819,0.0032456571278728385,120,163.59141607931815,0.08184946792512907,1993,True,"full pulse, cap 0.055, weight 80, tail 0.2, worst 0.5, slew 10","a=0.8,lw=1.5,r=0.04,w=0.25; a=1,lw=0.8,r=0.02,w=0.25; a=1,lw=0.5,r=0.015,w=0.25",0.055,80.0,0.2,0.5,0.2,0.02,10.0,0.015463790366418503,0.08000121104327541,0.11877664733257029
five_level_weak_anharmonic,fullpulse055_w80_tail02_worst05_slew10,0.03,static_only,0.0,0.0,21,0.9988998955474995,0.0003057931080594489,0.06824886362953475,0.015527844899574652,0.99999793175839,0.0032456571278728385,120,163.59141607931815,0.08184946792512907,1993,True,"full pulse, cap 0.055, weight 80, tail 0.2, worst 0.5, slew 10","a=0.8,lw=1.5,r=0.04,w=0.25; a=1,lw=0.8,r=0.02,w=0.25; a=1,lw=0.5,r=0.015,w=0.25",0.055,80.0,0.2,0.5,0.2,0.02,10.0,0.015463790366418503,0.08000121104327541,0.11877664733257029
five_level_weak_anharmonic,fullpulse055_w80_tail02_worst05_slew10,0.03,static_only,0.0,0.0,22,0.9810117610432987,0.00017354046151396574,0.07490687782046501,0.05047248037394702,0.9999975374686964,0.0032456571278728385,120,163.59141607931815,0.08184946792512907,1993,True,"full pulse, cap 0.055, weight 80, tail 0.2, worst 0.5, slew 10","a=0.8,lw=1.5,r=0.04,w=0.25; a=1,lw=0.8,r=0.02,w=0.25; a=1,lw=0.5,r=0.015,w=0.25",0.055,80.0,0.2,0.5,0.2,0.02,10.0,0.015463790366418503,0.08000121104327541,0.11877664733257029
five_level_weak_anharmonic,fullpulse055_w80_tail02_worst05_slew10,0.03,static_only,0.0,0.0,23,0.9885092171009495,0.0003781440362231603,0.07415290317844425,0.03923081652561385,0.9999979685837459,0.0032456571278728385,120,163.59141607931815,0.08184946792512907,1993,True,"full pulse, cap 0.055, weight 80, tail 0.2, worst 0.5, slew 10","a=0.8,lw=1.5,r=0.04,w=0.25; a=1,lw=0.8,r=0.02,w=0.25; a=1,lw=0.5,r=0.015,w=0.25",0.055,80.0,0.2,0.5,0.2,0.02,10.0,0.015463790366418503,0.08000121104327541,0.11877664733257029
five_level_weak_anharmonic,fullpulse055_w80_tail02_worst05_slew10,0.03,static_only,0.0,0.0,24,0.9775810420309061,7.017370384709842e-05,0.05902447856657289,0.034687598017281884,0.9999982189391446,0.0032456571278728385,120,163.59141607931815,0.08184946792512907,1993,True,"full pulse, cap 0.055, weight 80, tail 0.2, worst 0.5, slew 10","a=0.8,lw=1.5,r=0.04,w=0.25; a=1,lw=0.8,r=0.02,w=0.25; a=1,lw=0.5,r=0.015,w=0.25",0.055,80.0,0.2,0.5,0.2,0.02,10.0,0.015463790366418503,0.08000121104327541,0.11877664733257029
five_level_weak_anharmonic,fullpulse055_w80_tail02_worst05_slew10,0.03,static_only,0.0,0.0,25,0.9740856516180043,0.0015892757035481653,0.0759252606345755,0.047465360669844324,0.9999979928643402,0.0032456571278728385,120,163.59141607931815,0.08184946792512907,1993,True,"full pulse, cap 0.055, weight 80, tail 0.2, worst 0.5, slew 10","a=0.8,lw=1.5,r=0.04,w=0.25; a=1,lw=0.8,r=0.02,w=0.25; a=1,lw=0.5,r=0.015,w=0.25",0.055,80.0,0.2,0.5,0.2,0.02,10.0,0.015463790366418503,0.08000121104327541,0.11877664733257029
five_level_weak_anharmonic,fullpulse055_w80_tail02_worst05_slew10,0.03,static_only,0.0,0.0,26,0.9966121662410358,0.0018133132730672186,0.08831375191157731,0.015771743082388018,0.9999979101236508,0.0032456571278728385,120,163.59141607931815,0.08184946792512907,1993,True,"full pulse, cap 0.055, weight 80, tail 0.2, worst 0.5, slew 10","a=0.8,lw=1.5,r=0.04,w=0.25; a=1,lw=0.8,r=0.02,w=0.25; a=1,lw=0.5,r=0.015,w=0.25",0.055,80.0,0.2,0.5,0.2,0.02,10.0,0.015463790366418503,0.08000121104327541,0.11877664733257029
five_level_weak_anharmonic,fullpulse055_w80_tail02_worst05_slew10,0.03,static_only,0.0,0.0,27,0.967212704692642,0.00041396130380821905,0.06668359573448024,0.032527508534502335,0.9999984300996281,0.0032456571278728385,120,163.59141607931815,0.08184946792512907,1993,True,"full pulse, cap 0.055, weight 80, tail 0.2, worst 0.5, slew 10","a=0.8,lw=1.5,r=0.04,w=0.25; a=1,lw=0.8,r=0.02,w=0.25; a=1,lw=0.5,r=0.015,w=0.25",0.055,80.0,0.2,0.5,0.2,0.02,10.0,0.015463790366418503,0.08000121104327541,0.11877664733257029
five_level_weak_anharmonic,fullpulse055_w80_tail02_worst05_slew10,0.03,static_only,0.0,0.0,28,0.9844946074133076,0.000814926011048045,0.08793259672668063,0.043518095684269786,0.9999976602313989,0.0032456571278728385,120,163.59141607931815,0.08184946792512907,1993,True,"full pulse, cap 0.055, weight 80, tail 0.2, worst 0.5, slew 10","a=0.8,lw=1.5,r=0.04,w=0.25; a=1,lw=0.8,r=0.02,w=0.25; a=1,lw=0.5,r=0.015,w=0.25",0.055,80.0,0.2,0.5,0.2,0.02,10.0,0.015463790366418503,0.08000121104327541,0.11877664733257029
five_level_weak_anharmonic,fullpulse055_w80_tail02_worst05_slew10,0.03,static_only,0.0,0.0,29,0.9955842118568234,0.0004245236216712245,0.07195379282827552,0.017236077491799166,0.9999980056989612,0.0032456571278728385,120,163.59141607931815,0.08184946792512907,1993,True,"full pulse, cap 0.055, weight 80, tail 0.2, worst 0.5, slew 10","a=0.8,lw=1.5,r=0.04,w=0.25; a=1,lw=0.8,r=0.02,w=0.25; a=1,lw=0.5,r=0.015,w=0.25",0.055,80.0,0.2,0.5,0.2,0.02,10.0,0.015463790366418503,0.08000121104327541,0.11877664733257029
five_level_weak_anharmonic,fullpulse055_w80_tail02_worst05_slew10,0.03,static_only,0.0,0.0,30,0.9871391492010864,0.001260451013035624,0.06738556610859969,0.016287580705839202,0.9999982501935317,0.0032456571278728385,120,163.59141607931815,0.08184946792512907,1993,True,"full pulse, cap 0.055, weight 80, tail 0.2, worst 0.5, slew 10","a=0.8,lw=1.5,r=0.04,w=0.25; a=1,lw=0.8,r=0.02,w=0.25; a=1,lw=0.5,r=0.015,w=0.25",0.055,80.0,0.2,0.5,0.2,0.02,10.0,0.015463790366418503,0.08000121104327541,0.11877664733257029
five_level_weak_anharmonic,fullpulse055_w80_tail02_worst05_slew10,0.03,static_only,0.0,0.0,31,0.9363438076438355,0.0001669687066278014,0.08657449963654695,0.09757655895990429,0.9999976419581929,0.0032456571278728385,120,163.59141607931815,0.08184946792512907,1993,True,"full pulse, cap 0.055, weight 80, tail 0.2, worst 0.5, slew 10","a=0.8,lw=1.5,r=0.04,w=0.25; a=1,lw=0.8,r=0.02,w=0.25; a=1,lw=0.5,r=0.015,w=0.25",0.055,80.0,0.2,0.5,0.2,0.02,10.0,0.015463790366418503,0.08000121104327541,0.11877664733257029
five_level_weak_anharmonic,fullpulse055_w80_tail02_worst05_slew10,0.03,static_only,0.0,0.0,32,0.9425384894369682,0.001230149480124565,0.0782346661716753,0.08645703326412248,0.9999975126107057,0.0032456571278728385,120,163.59141607931815,0.08184946792512907,1993,True,"full pulse, cap 0.055, weight 80, tail 0.2, worst 0.5, slew 10","a=0.8,lw=1.5,r=0.04,w=0.25; a=1,lw=0.8,r=0.02,w=0.25; a=1,lw=0.5,r=0.015,w=0.25",0.055,80.0,0.2,0.5,0.2,0.02,10.0,0.015463790366418503,0.08000121104327541,0.11877664733257029
five_level_weak_anharmonic,fullpulse055_w80_tail02_worst05_slew10,0.03,static_only,0.0,0.0,33,0.9837443043109094,0.00018812497032938413,0.07035204762357039,0.012716626132203484,0.9999982638021304,0.0032456571278728385,120,163.59141607931815,0.08184946792512907,1993,True,"full pulse, cap 0.055, weight 80, tail 0.2, worst 0.5, slew 10","a=0.8,lw=1.5,r=0.04,w=0.25; a=1,lw=0.8,r=0.02,w=0.25; a=1,lw=0.5,r=0.015,w=0.25",0.055,80.0,0.2,0.5,0.2,0.02,10.0,0.015463790366418503,0.08000121104327541,0.11877664733257029
five_level_weak_anharmonic,fullpulse055_w80_tail02_worst05_slew10,0.03,static_only,0.0,0.0,34,0.9958148112098916,0.0023935799156283855,0.08903589886090213,0.026254119236095844,0.9999979096517226,0.0032456571278728385,120,163.59141607931815,0.08184946792512907,1993,True,"full pulse, cap 0.055, weight 80, tail 0.2, worst 0.5, slew 10","a=0.8,lw=1.5,r=0.04,w=0.25; a=1,lw=0.8,r=0.02,w=0.25; a=1,lw=0.5,r=0.015,w=0.25",0.055,80.0,0.2,0.5,0.2,0.02,10.0,0.015463790366418503,0.08000121104327541,0.11877664733257029
five_level_weak_anharmonic,fullpulse055_w80_tail02_worst05_slew10,0.03,static_only,0.0,0.0,35,0.9569149823305106,0.0011939843252863902,0.08534856117249379,0.02752011042281166,0.9999978657761012,0.0032456571278728385,120,163.59141607931815,0.08184946792512907,1993,True,"full pulse, cap 0.055, weight 80, tail 0.2, worst 0.5, slew 10","a=0.8,lw=1.5,r=0.04,w=0.25; a=1,lw=0.8,r=0.02,w=0.25; a=1,lw=0.5,r=0.015,w=0.25",0.055,80.0,0.2,0.5,0.2,0.02,10.0,0.015463790366418503,0.08000121104327541,0.11877664733257029
five_level_weak_anharmonic,fullpulse055_w80_tail02_worst05_slew10,0.03,static_only,0.0,0.0,36,0.9650847099720845,0.0004083020038319063,0.08067222357999038,0.05728052653994983,0.9999979486848448,0.0032456571278728385,120,163.59141607931815,0.08184946792512907,1993,True,"full pulse, cap 0.055, weight 80, tail 0.2, worst 0.5, slew 10","a=0.8,lw=1.5,r=0.04,w=0.25; a=1,lw=0.8,r=0.02,w=0.25; a=1,lw=0.5,r=0.015,w=0.25",0.055,80.0,0.2,0.5,0.2,0.02,10.0,0.015463790366418503,0.08000121104327541,0.11877664733257029
five_level_weak_anharmonic,fullpulse055_w80_tail02_worst05_slew10,0.03,static_only,0.0,0.0,37,0.8089860945927041,0.0009824768378833282,0.06123949505151072,0.11686047296421137,0.9999985337957068,0.0032456571278728385,120,163.59141607931815,0.08184946792512907,1993,True,"full pulse, cap 0.055, weight 80, tail 0.2, worst 0.5, slew 10","a=0.8,lw=1.5,r=0.04,w=0.25; a=1,lw=0.8,r=0.02,w=0.25; a=1,lw=0.5,r=0.015,w=0.25",0.055,80.0,0.2,0.5,0.2,0.02,10.0,0.015463790366418503,0.08000121104327541,0.11877664733257029
five_level_weak_anharmonic,fullpulse055_w80_tail02_worst05_slew10,0.03,static_only,0.0,0.0,38,0.9917049596925009,0.00016931967077882248,0.053589964999009254,0.03746228096717614,0.9999983877117845,0.0032456571278728385,120,163.59141607931815,0.08184946792512907,1993,True,"full pulse, cap 0.055, weight 80, tail 0.2, worst 0.5, slew 10","a=0.8,lw=1.5,r=0.04,w=0.25; a=1,lw=0.8,r=0.02,w=0.25; a=1,lw=0.5,r=0.015,w=0.25",0.055,80.0,0.2,0.5,0.2,0.02,10.0,0.015463790366418503,0.08000121104327541,0.11877664733257029
five_level_weak_anharmonic,fullpulse055_w80_tail02_worst05_slew10,0.03,static_only,0.0,0.0,39,0.9770722458252489,0.0013169241092729767,0.08044022783558247,0.04407151285737726,0.9999978323423732,0.0032456571278728385,120,163.59141607931815,0.08184946792512907,1993,True,"full pulse, cap 0.055, weight 80, tail 0.2, worst 0.5, slew 10","a=0.8,lw=1.5,r=0.04,w=0.25; a=1,lw=0.8,r=0.02,w=0.25; a=1,lw=0.5,r=0.015,w=0.25",0.055,80.0,0.2,0.5,0.2,0.02,10.0,0.015463790366418503,0.08000121104327541,0.11877664733257029
five_level_weak_anharmonic,fullpulse055_w80_tail02_worst05_slew10,0.03,static_only,0.0,0.0,40,0.9979304074688766,0.001137507516606795,0.08623949534791364,0.013097262044143512,0.999997700491319,0.0032456571278728385,120,163.59141607931815,0.08184946792512907,1993,True,"full pulse, cap 0.055, weight 80, tail 0.2, worst 0.5, slew 10","a=0.8,lw=1.5,r=0.04,w=0.25; a=1,lw=0.8,r=0.02,w=0.25; a=1,lw=0.5,r=0.015,w=0.25",0.055,80.0,0.2,0.5,0.2,0.02,10.0,0.015463790366418503,0.08000121104327541,0.11877664733257029
five_level_weak_anharmonic,fullpulse055_w80_tail02_worst05_slew10,0.03,static_only,0.0,0.0,41,0.9991713116238838,0.0007298860301906407,0.08324496408914706,0.01721192031075361,0.9999976265124463,0.0032456571278728385,120,163.59141607931815,0.08184946792512907,1993,True,"full pulse, cap 0.055, weight 80, tail 0.2, worst 0.5, slew 10","a=0.8,lw=1.5,r=0.04,w=0.25; a=1,lw=0.8,r=0.02,w=0.25; a=1,lw=0.5,r=0.015,w=0.25",0.055,80.0,0.2,0.5,0.2,0.02,10.0,0.015463790366418503,0.08000121104327541,0.11877664733257029
five_level_weak_anharmonic,fullpulse055_w80_tail02_worst05_slew10,0.03,static_only,0.0,0.0,42,0.988288863059764,0.0009114215727046293,0.0832258207568426,0.03215737474212029,0.999997779164564,0.0032456571278728385,120,163.59141607931815,0.08184946792512907,1993,True,"full pulse, cap 0.055, weight 80, tail 0.2, worst 0.5, slew 10","a=0.8,lw=1.5,r=0.04,w=0.25; a=1,lw=0.8,r=0.02,w=0.25; a=1,lw=0.5,r=0.015,w=0.25",0.055,80.0,0.2,0.5,0.2,0.02,10.0,0.015463790366418503,0.08000121104327541,0.11877664733257029
five_level_weak_anharmonic,fullpulse055_w80_tail02_worst05_slew10,0.03,static_only,0.0,0.0,43,0.9509232853694067,0.00039179207898665247,0.06858070371941827,0.06411907494153885,0.9999981595290924,0.0032456571278728385,120,163.59141607931815,0.08184946792512907,1993,True,"full pulse, cap 0.055, weight 80, tail 0.2, worst 0.5, slew 10","a=0.8,lw=1.5,r=0.04,w=0.25; a=1,lw=0.8,r=0.02,w=0.25; a=1,lw=0.5,r=0.015,w=0.25",0.055,80.0,0.2,0.5,0.2,0.02,10.0,0.015463790366418503,0.08000121104327541,0.11877664733257029
five_level_weak_anharmonic,fullpulse055_w80_tail02_worst05_slew10,0.03,static_only,0.0,0.0,44,0.9749884908094155,0.0003088837180084125,0.05816409041567272,0.045868153356813296,0.9999982630334179,0.0032456571278728385,120,163.59141607931815,0.08184946792512907,1993,True,"full pulse, cap 0.055, weight 80, tail 0.2, worst 0.5, slew 10","a=0.8,lw=1.5,r=0.04,w=0.25; a=1,lw=0.8,r=0.02,w=0.25; a=1,lw=0.5,r=0.015,w=0.25",0.055,80.0,0.2,0.5,0.2,0.02,10.0,0.015463790366418503,0.08000121104327541,0.11877664733257029
five_level_weak_anharmonic,fullpulse055_w80_tail02_worst05_slew10,0.03,static_only,0.0,0.0,45,0.9990092022882443,0.0007257321819417184,0.08085042902288753,0.02129003216701163,0.9999979917144955,0.0032456571278728385,120,163.59141607931815,0.08184946792512907,1993,True,"full pulse, cap 0.055, weight 80, tail 0.2, worst 0.5, slew 10","a=0.8,lw=1.5,r=0.04,w=0.25; a=1,lw=0.8,r=0.02,w=0.25; a=1,lw=0.5,r=0.015,w=0.25",0.055,80.0,0.2,0.5,0.2,0.02,10.0,0.015463790366418503,0.08000121104327541,0.11877664733257029
five_level_weak_anharmonic,fullpulse055_w80_tail02_worst05_slew10,0.03,static_only,0.0,0.0,46,0.9525905483386907,0.0002824645067150966,0.07330711259217693,0.06368194316348504,0.9999976959814716,0.0032456571278728385,120,163.59141607931815,0.08184946792512907,1993,True,"full pulse, cap 0.055, weight 80, tail 0.2, worst 0.5, slew 10","a=0.8,lw=1.5,r=0.04,w=0.25; a=1,lw=0.8,r=0.02,w=0.25; a=1,lw=0.5,r=0.015,w=0.25",0.055,80.0,0.2,0.5,0.2,0.02,10.0,0.015463790366418503,0.08000121104327541,0.11877664733257029
five_level_weak_anharmonic,fullpulse055_w80_tail02_worst05_slew10,0.03,static_only,0.0,0.0,47,0.993867812136436,0.0005556927776300125,0.07334014720891857,0.007529403130993297,0.9999979433082815,0.0032456571278728385,120,163.59141607931815,0.08184946792512907,1993,True,"full pulse, cap 0.055, weight 80, tail 0.2, worst 0.5, slew 10","a=0.8,lw=1.5,r=0.04,w=0.25; a=1,lw=0.8,r=0.02,w=0.25; a=1,lw=0.5,r=0.015,w=0.25",0.055,80.0,0.2,0.5,0.2,0.02,10.0,0.015463790366418503,0.08000121104327541,0.11877664733257029
five_level_weak_anharmonic,fullpulse055_w80_tail02_worst05_slew10,0.03,static_only,0.0,0.0,48,0.826640436769369,0.0010326003420363383,0.08352508248999446,0.18891844669055086,0.9999971384838214,0.0032456571278728385,120,163.59141607931815,0.08184946792512907,1993,True,"full pulse, cap 0.055, weight 80, tail 0.2, worst 0.5, slew 10","a=0.8,lw=1.5,r=0.04,w=0.25; a=1,lw=0.8,r=0.02,w=0.25; a=1,lw=0.5,r=0.015,w=0.25",0.055,80.0,0.2,0.5,0.2,0.02,10.0,0.015463790366418503,0.08000121104327541,0.11877664733257029
five_level_weak_anharmonic,fullpulse055_w80_tail02_worst05_slew10,0.03,static_only,0.0,0.0,49,0.9851240082483455,0.000334790740231905,0.07236734377848497,0.008743159495865042,0.9999980057821211,0.0032456571278728385,120,163.59141607931815,0.08184946792512907,1993,True,"full pulse, cap 0.055, weight 80, tail 0.2, worst 0.5, slew 10","a=0.8,lw=1.5,r=0.04,w=0.25; a=1,lw=0.8,r=0.02,w=0.25; a=1,lw=0.5,r=0.015,w=0.25",0.055,80.0,0.2,0.5,0.2,0.02,10.0,0.015463790366418503,0.08000121104327541,0.11877664733257029
five_level_weak_anharmonic,fullpulse055_w80_tail02_worst05_slew10,0.03,static_only,0.0,0.0,50,0.9730409085438307,0.0009425505868454476,0.07270660721360067,0.02752661942477835,0.9999983613164759,0.0032456571278728385,120,163.59141607931815,0.08184946792512907,1993,True,"full pulse, cap 0.055, weight 80, tail 0.2, worst 0.5, slew 10","a=0.8,lw=1.5,r=0.04,w=0.25; a=1,lw=0.8,r=0.02,w=0.25; a=1,lw=0.5,r=0.015,w=0.25",0.055,80.0,0.2,0.5,0.2,0.02,10.0,0.015463790366418503,0.08000121104327541,0.11877664733257029
five_level_weak_anharmonic,fullpulse055_w80_tail02_worst05_slew10,0.03,static_only,0.0,0.0,51,0.9779514013627778,0.001372950886261215,0.08853914262671325,0.011526088298018218,0.9999977311228238,0.0032456571278728385,120,163.59141607931815,0.08184946792512907,1993,True,"full pulse, cap 0.055, weight 80, tail 0.2, worst 0.5, slew 10","a=0.8,lw=1.5,r=0.04,w=0.25; a=1,lw=0.8,r=0.02,w=0.25; a=1,lw=0.5,r=0.015,w=0.25",0.055,80.0,0.2,0.5,0.2,0.02,10.0,0.015463790366418503,0.08000121104327541,0.11877664733257029
five_level_weak_anharmonic,fullpulse055_w80_tail02_worst05_slew10,0.03,static_only,0.0,0.0,52,0.9992539375527505,0.00038807768901127915,0.0727024544626802,0.017669990575130093,0.9999977241468943,0.0032456571278728385,120,163.59141607931815,0.08184946792512907,1993,True,"full pulse, cap 0.055, weight 80, tail 0.2, worst 0.5, slew 10","a=0.8,lw=1.5,r=0.04,w=0.25; a=1,lw=0.8,r=0.02,w=0.25; a=1,lw=0.5,r=0.015,w=0.25",0.055,80.0,0.2,0.5,0.2,0.02,10.0,0.015463790366418503,0.08000121104327541,0.11877664733257029
five_level_weak_anharmonic,fullpulse055_w80_tail02_worst05_slew10,0.03,static_only,0.0,0.0,53,0.9458900560338543,0.0010937906069404812,0.07956549070912544,0.07934379069972783,0.9999978804074164,0.0032456571278728385,120,163.59141607931815,0.08184946792512907,1993,True,"full pulse, cap 0.055, weight 80, tail 0.2, worst 0.5, slew 10","a=0.8,lw=1.5,r=0.04,w=0.25; a=1,lw=0.8,r=0.02,w=0.25; a=1,lw=0.5,r=0.015,w=0.25",0.055,80.0,0.2,0.5,0.2,0.02,10.0,0.015463790366418503,0.08000121104327541,0.11877664733257029
five_level_weak_anharmonic,fullpulse055_w80_tail02_worst05_slew10,0.03,static_only,0.0,0.0,54,0.9537996502545473,0.0006070669515066962,0.07997344553580443,0.07416677241657346,0.9999978929891105,0.0032456571278728385,120,163.59141607931815,0.08184946792512907,1993,True,"full pulse, cap 0.055, weight 80, tail 0.2, worst 0.5, slew 10","a=0.8,lw=1.5,r=0.04,w=0.25; a=1,lw=0.8,r=0.02,w=0.25; a=1,lw=0.5,r=0.015,w=0.25",0.055,80.0,0.2,0.5,0.2,0.02,10.0,0.015463790366418503,0.08000121104327541,0.11877664733257029
five_level_weak_anharmonic,fullpulse055_w80_tail02_worst05_slew10,0.03,static_only,0.0,0.0,55,0.9713491271892035,0.0017543315315421415,0.07492323975689175,0.052536297084114114,0.999998091308657,0.0032456571278728385,120,163.59141607931815,0.08184946792512907,1993,True,"full pulse, cap 0.055, weight 80, tail 0.2, worst 0.5, slew 10","a=0.8,lw=1.5,r=0.04,w=0.25; a=1,lw=0.8,r=0.02,w=0.25; a=1,lw=0.5,r=0.015,w=0.25",0.055,80.0,0.2,0.5,0.2,0.02,10.0,0.015463790366418503,0.08000121104327541,0.11877664733257029
five_level_weak_anharmonic,fullpulse055_w80_tail02_worst05_slew10,0.03,static_only,0.0,0.0,56,0.9368274479900158,0.0014644960935039641,0.07695464390856688,0.09162598799862966,0.9999976823424527,0.0032456571278728385,120,163.59141607931815,0.08184946792512907,1993,True,"full pulse, cap 0.055, weight 80, tail 0.2, worst 0.5, slew 10","a=0.8,lw=1.5,r=0.04,w=0.25; a=1,lw=0.8,r=0.02,w=0.25; a=1,lw=0.5,r=0.015,w=0.25",0.055,80.0,0.2,0.5,0.2,0.02,10.0,0.015463790366418503,0.08000121104327541,0.11877664733257029
five_level_weak_anharmonic,fullpulse055_w80_tail02_worst05_slew10,0.03,static_only,0.0,0.0,57,0.8756254595741447,0.0064434077587930405,0.08338893139498071,0.0690747517552871,0.9999981039080117,0.0032456571278728385,120,163.59141607931815,0.08184946792512907,1993,True,"full pulse, cap 0.055, weight 80, tail 0.2, worst 0.5, slew 10","a=0.8,lw=1.5,r=0.04,w=0.25; a=1,lw=0.8,r=0.02,w=0.25; a=1,lw=0.5,r=0.015,w=0.25",0.055,80.0,0.2,0.5,0.2,0.02,10.0,0.015463790366418503,0.08000121104327541,0.11877664733257029
five_level_weak_anharmonic,fullpulse055_w80_tail02_worst05_slew10,0.03,static_only,0.0,0.0,58,0.9747538120348732,5.9973234174171e-05,0.0658887285407671,0.03911916284280742,0.999998160233929,0.0032456571278728385,120,163.59141607931815,0.08184946792512907,1993,True,"full pulse, cap 0.055, weight 80, tail 0.2, worst 0.5, slew 10","a=0.8,lw=1.5,r=0.04,w=0.25; a=1,lw=0.8,r=0.02,w=0.25; a=1,lw=0.5,r=0.015,w=0.25",0.055,80.0,0.2,0.5,0.2,0.02,10.0,0.015463790366418503,0.08000121104327541,0.11877664733257029
five_level_weak_anharmonic,fullpulse055_w80_tail02_worst05_slew10,0.03,static_only,0.0,0.0,59,0.9337468574255936,0.0003449249603598714,0.08822744677061545,0.08702304774843643,0.9999973011221837,0.0032456571278728385,120,163.59141607931815,0.08184946792512907,1993,True,"full pulse, cap 0.055, weight 80, tail 0.2, worst 0.5, slew 10","a=0.8,lw=1.5,r=0.04,w=0.25; a=1,lw=0.8,r=0.02,w=0.25; a=1,lw=0.5,r=0.015,w=0.25",0.055,80.0,0.2,0.5,0.2,0.02,10.0,0.015463790366418503,0.08000121104327541,0.11877664733257029
five_level_weak_anharmonic,fullpulse055_w80_tail02_worst05_slew10,0.03,deph_0.001,0.001,0.0,10,0.9349509581899276,0.001683580771446369,0.07274051182190566,0.06005163143792985,0.9848212999147301,0.0032456571278728385,120,163.59141607931815,0.08184946792512907,1993,True,"full pulse, cap 0.055, weight 80, tail 0.2, worst 0.5, slew 10","a=0.8,lw=1.5,r=0.04,w=0.25; a=1,lw=0.8,r=0.02,w=0.25; a=1,lw=0.5,r=0.015,w=0.25",0.055,80.0,0.2,0.5,0.2,0.02,10.0,0.015463790366418503,0.08000121104327541,0.11877664733257029
five_level_weak_anharmonic,fullpulse055_w80_tail02_worst05_slew10,0.03,deph_0.001,0.001,0.0,11,0.9074120385965128,0.0028171974683068868,0.09294056099202164,0.12485553749089469,0.9813014645989279,0.0032456571278728385,120,163.59141607931815,0.08184946792512907,1993,True,"full pulse, cap 0.055, weight 80, tail 0.2, worst 0.5, slew 10","a=0.8,lw=1.5,r=0.04,w=0.25; a=1,lw=0.8,r=0.02,w=0.25; a=1,lw=0.5,r=0.015,w=0.25",0.055,80.0,0.2,0.5,0.2,0.02,10.0,0.015463790366418503,0.08000121104327541,0.11877664733257029
five_level_weak_anharmonic,fullpulse055_w80_tail02_worst05_slew10,0.03,deph_0.001,0.001,0.0,12,0.9878546844487497,0.0033197875464837656,0.08701417285034563,0.033193924662084456,0.9857998565178135,0.0032456571278728385,120,163.59141607931815,0.08184946792512907,1993,True,"full pulse, cap 0.055, weight 80, tail 0.2, worst 0.5, slew 10","a=0.8,lw=1.5,r=0.04,w=0.25; a=1,lw=0.8,r=0.02,w=0.25; a=1,lw=0.5,r=0.015,w=0.25",0.055,80.0,0.2,0.5,0.2,0.02,10.0,0.015463790366418503,0.08000121104327541,0.11877664733257029
five_level_weak_anharmonic,fullpulse055_w80_tail02_worst05_slew10,0.03,deph_0.001,0.001,0.0,13,0.940336705045301,0.002169625704646738,0.06644437407205295,0.0988833125456488,0.9774423314825303,0.0032456571278728385,120,163.59141607931815,0.08184946792512907,1993,True,"full pulse, cap 0.055, weight 80, tail 0.2, worst 0.5, slew 10","a=0.8,lw=1.5,r=0.04,w=0.25; a=1,lw=0.8,r=0.02,w=0.25; a=1,lw=0.5,r=0.015,w=0.25",0.055,80.0,0.2,0.5,0.2,0.02,10.0,0.015463790366418503,0.08000121104327541,0.11877664733257029
five_level_weak_anharmonic,fullpulse055_w80_tail02_worst05_slew10,0.03,deph_0.001,0.001,0.0,14,0.9318498410156284,0.0018609489540626356,0.06362208983635353,0.1042604322246698,0.979509361433387,0.0032456571278728385,120,163.59141607931815,0.08184946792512907,1993,True,"full pulse, cap 0.055, weight 80, tail 0.2, worst 0.5, slew 10","a=0.8,lw=1.5,r=0.04,w=0.25; a=1,lw=0.8,r=0.02,w=0.25; a=1,lw=0.5,r=0.015,w=0.25",0.055,80.0,0.2,0.5,0.2,0.02,10.0,0.015463790366418503,0.08000121104327541,0.11877664733257029
five_level_weak_anharmonic,fullpulse055_w80_tail02_worst05_slew10,0.03,deph_0.001,0.001,0.0,15,0.9788273254701064,0.003804262814037118,0.09310447988474702,0.023952540861594963,0.9850217434523547,0.0032456571278728385,120,163.59141607931815,0.08184946792512907,1993,True,"full pulse, cap 0.055, weight 80, tail 0.2, worst 0.5, slew 10","a=0.8,lw=1.5,r=0.04,w=0.25; a=1,lw=0.8,r=0.02,w=0.25; a=1,lw=0.5,r=0.015,w=0.25",0.055,80.0,0.2,0.5,0.2,0.02,10.0,0.015463790366418503,0.08000121104327541,0.11877664733257029
five_level_weak_anharmonic,fullpulse055_w80_tail02_worst05_slew10,0.03,deph_0.001,0.001,0.0,16,0.9790955023864217,0.0030992177270792176,0.09310826996014676,0.048754099143433365,0.9841262602624066,0.0032456571278728385,120,163.59141607931815,0.08184946792512907,1993,True,"full pulse, cap 0.055, weight 80, tail 0.2, worst 0.5, slew 10","a=0.8,lw=1.5,r=0.04,w=0.25; a=1,lw=0.8,r=0.02,w=0.25; a=1,lw=0.5,r=0.015,w=0.25",0.055,80.0,0.2,0.5,0.2,0.02,10.0,0.015463790366418503,0.08000121104327541,0.11877664733257029
five_level_weak_anharmonic,fullpulse055_w80_tail02_worst05_slew10,0.03,deph_0.001,0.001,0.0,17,0.9066699021704563,0.0017531510026831398,0.061609290830852204,0.05182232856373294,0.9861262972569864,0.0032456571278728385,120,163.59141607931815,0.08184946792512907,1993,True,"full pulse, cap 0.055, weight 80, tail 0.2, worst 0.5, slew 10","a=0.8,lw=1.5,r=0.04,w=0.25; a=1,lw=0.8,r=0.02,w=0.25; a=1,lw=0.5,r=0.015,w=0.25",0.055,80.0,0.2,0.5,0.2,0.02,10.0,0.015463790366418503,0.08000121104327541,0.11877664733257029
five_level_weak_anharmonic,fullpulse055_w80_tail02_worst05_slew10,0.03,deph_0.001,0.001,0.0,18,0.972440898989625,0.0029117312511947047,0.08058693229237757,0.01941727482053985,0.9859122000371526,0.0032456571278728385,120,163.59141607931815,0.08184946792512907,1993,True,"full pulse, cap 0.055, weight 80, tail 0.2, worst 0.5, slew 10","a=0.8,lw=1.5,r=0.04,w=0.25; a=1,lw=0.8,r=0.02,w=0.25; a=1,lw=0.5,r=0.015,w=0.25",0.055,80.0,0.2,0.5,0.2,0.02,10.0,0.015463790366418503,0.08000121104327541,0.11877664733257029
five_level_weak_anharmonic,fullpulse055_w80_tail02_worst05_slew10,0.03,deph_0.001,0.001,0.0,19,0.9853251517762697,0.0018201679847579255,0.0747482348788604,0.03912428809870021,0.985462857083154,0.0032456571278728385,120,163.59141607931815,0.08184946792512907,1993,True,"full pulse, cap 0.055, weight 80, tail 0.2, worst 0.5, slew 10","a=0.8,lw=1.5,r=0.04,w=0.25; a=1,lw=0.8,r=0.02,w=0.25; a=1,lw=0.5,r=0.015,w=0.25",0.055,80.0,0.2,0.5,0.2,0.02,10.0,0.015463790366418503,0.08000121104327541,0.11877664733257029
five_level_weak_anharmonic,fullpulse055_w80_tail02_worst05_slew10,0.03,deph_0.001,0.001,0.0,20,0.9813595308558508,0.002482220656573997,0.0874976989192151,0.02814017757378029,0.9859747562682092,0.0032456571278728385,120,163.59141607931815,0.08184946792512907,1993,True,"full pulse, cap 0.055, weight 80, tail 0.2, worst 0.5, slew 10","a=0.8,lw=1.5,r=0.04,w=0.25; a=1,lw=0.8,r=0.02,w=0.25; a=1,lw=0.5,r=0.015,w=0.25",0.055,80.0,0.2,0.5,0.2,0.02,10.0,0.015463790366418503,0.08000121104327541,0.11877664733257029
five_level_weak_anharmonic,fullpulse055_w80_tail02_worst05_slew10,0.03,deph_0.001,0.001,0.0,21,0.9924135167555448,0.0017317970961345797,0.06878430921592693,0.021601672936987296,0.9869086468089385,0.0032456571278728385,120,163.59141607931815,0.08184946792512907,1993,True,"full pulse, cap 0.055, weight 80, tail 0.2, worst 0.5, slew 10","a=0.8,lw=1.5,r=0.04,w=0.25; a=1,lw=0.8,r=0.02,w=0.25; a=1,lw=0.5,r=0.015,w=0.25",0.055,80.0,0.2,0.5,0.2,0.02,10.0,0.015463790366418503,0.08000121104327541,0.11877664733257029
five_level_weak_anharmonic,fullpulse055_w80_tail02_worst05_slew10,0.03,deph_0.001,0.001,0.0,22,0.9739248510580539,0.0018051299298421641,0.07567606698940677,0.05676680520189512,0.9840193141148038,0.0032456571278728385,120,163.59141607931815,0.08184946792512907,1993,True,"full pulse, cap 0.055, weight 80, tail 0.2, worst 0.5, slew 10","a=0.8,lw=1.5,r=0.04,w=0.25; a=1,lw=0.8,r=0.02,w=0.25; a=1,lw=0.5,r=0.015,w=0.25",0.055,80.0,0.2,0.5,0.2,0.02,10.0,0.015463790366418503,0.08000121104327541,0.11877664733257029
five_level_weak_anharmonic,fullpulse055_w80_tail02_worst05_slew10,0.03,deph_0.001,0.001,0.0,23,0.9815185887225285,0.0019132791593474696,0.07476967103824805,0.04558824720248394,0.9845923814306644,0.0032456571278728385,120,163.59141607931815,0.08184946792512907,1993,True,"full pulse, cap 0.055, weight 80, tail 0.2, worst 0.5, slew 10","a=0.8,lw=1.5,r=0.04,w=0.25; a=1,lw=0.8,r=0.02,w=0.25; a=1,lw=0.5,r=0.015,w=0.25",0.055,80.0,0.2,0.5,0.2,0.02,10.0,0.015463790366418503,0.08000121104327541,0.11877664733257029
five_level_weak_anharmonic,fullpulse055_w80_tail02_worst05_slew10,0.03,deph_0.001,0.001,0.0,24,0.9711778301783037,0.0014950608448964786,0.05972105489552382,0.04071527118780662,0.9846399203767239,0.0032456571278728385,120,163.59141607931815,0.08184946792512907,1993,True,"full pulse, cap 0.055, weight 80, tail 0.2, worst 0.5, slew 10","a=0.8,lw=1.5,r=0.04,w=0.25; a=1,lw=0.8,r=0.02,w=0.25; a=1,lw=0.5,r=0.015,w=0.25",0.055,80.0,0.2,0.5,0.2,0.02,10.0,0.015463790366418503,0.08000121104327541,0.11877664733257029
five_level_weak_anharmonic,fullpulse055_w80_tail02_worst05_slew10,0.03,deph_0.001,0.001,0.0,25,0.9673921642804857,0.0030558329965696407,0.07641276788197049,0.05355462032048506,0.9835023679932128,0.0032456571278728385,120,163.59141607931815,0.08184946792512907,1993,True,"full pulse, cap 0.055, weight 80, tail 0.2, worst 0.5, slew 10","a=0.8,lw=1.5,r=0.04,w=0.25; a=1,lw=0.8,r=0.02,w=0.25; a=1,lw=0.5,r=0.015,w=0.25",0.055,80.0,0.2,0.5,0.2,0.02,10.0,0.015463790366418503,0.08000121104327541,0.11877664733257029
five_level_weak_anharmonic,fullpulse055_w80_tail02_worst05_slew10,0.03,deph_0.001,0.001,0.0,26,0.9891313198414744,0.0037664161918594674,0.08912647936325624,0.022861029796628612,0.9851415300333308,0.0032456571278728385,120,163.59141607931815,0.08184946792512907,1993,True,"full pulse, cap 0.055, weight 80, tail 0.2, worst 0.5, slew 10","a=0.8,lw=1.5,r=0.04,w=0.25; a=1,lw=0.8,r=0.02,w=0.25; a=1,lw=0.5,r=0.015,w=0.25",0.055,80.0,0.2,0.5,0.2,0.02,10.0,0.015463790366418503,0.08000121104327541,0.11877664733257029
five_level_weak_anharmonic,fullpulse055_w80_tail02_worst05_slew10,0.03,deph_0.001,0.001,0.0,27,0.960771877001728,0.002056790873587122,0.06741664368767142,0.03889295871236278,0.9847601348942424,0.0032456571278728385,120,163.59141607931815,0.08184946792512907,1993,True,"full pulse, cap 0.055, weight 80, tail 0.2, worst 0.5, slew 10","a=0.8,lw=1.5,r=0.04,w=0.25; a=1,lw=0.8,r=0.02,w=0.25; a=1,lw=0.5,r=0.015,w=0.25",0.055,80.0,0.2,0.5,0.2,0.02,10.0,0.015463790366418503,0.08000121104327541,0.11877664733257029
five_level_weak_anharmonic,fullpulse055_w80_tail02_worst05_slew10,0.03,deph_0.001,0.001,0.0,28,0.9775099181457799,0.0025219930093458576,0.08863387426422242,0.04981500241507925,0.9847978862201081,0.0032456571278728385,120,163.59141607931815,0.08184946792512907,1993,True,"full pulse, cap 0.055, weight 80, tail 0.2, worst 0.5, slew 10","a=0.8,lw=1.5,r=0.04,w=0.25; a=1,lw=0.8,r=0.02,w=0.25; a=1,lw=0.5,r=0.015,w=0.25",0.055,80.0,0.2,0.5,0.2,0.02,10.0,0.015463790366418503,0.08000121104327541,0.11877664733257029
five_level_weak_anharmonic,fullpulse055_w80_tail02_worst05_slew10,0.03,deph_0.001,0.001,0.0,29,0.9887151173713377,0.0019487087209313358,0.07255683222639353,0.023752875392820245,0.9865563117572606,0.0032456571278728385,120,163.59141607931815,0.08184946792512907,1993,True,"full pulse, cap 0.055, weight 80, tail 0.2, worst 0.5, slew 10","a=0.8,lw=1.5,r=0.04,w=0.25; a=1,lw=0.8,r=0.02,w=0.25; a=1,lw=0.5,r=0.015,w=0.25",0.055,80.0,0.2,0.5,0.2,0.02,10.0,0.015463790366418503,0.08000121104327541,0.11877664733257029
five_level_weak_anharmonic,fullpulse055_w80_tail02_worst05_slew10,0.03,deph_0.001,0.001,0.0,30,0.9799526165120185,0.002637039043235867,0.06776914292828684,0.02301014682047811,0.9849098779533653,0.0032456571278728385,120,163.59141607931815,0.08184946792512907,1993,True,"full pulse, cap 0.055, weight 80, tail 0.2, worst 0.5, slew 10","a=0.8,lw=1.5,r=0.04,w=0.25; a=1,lw=0.8,r=0.02,w=0.25; a=1,lw=0.5,r=0.015,w=0.25",0.055,80.0,0.2,0.5,0.2,0.02,10.0,0.015463790366418503,0.08000121104327541,0.11877664733257029
five_level_weak_anharmonic,fullpulse055_w80_tail02_worst05_slew10,0.03,deph_0.001,0.001,0.0,31,0.9297698263691858,0.0019026898058669417,0.08746054459502284,0.10344797272867677,0.9816923685495867,0.0032456571278728385,120,163.59141607931815,0.08184946792512907,1993,True,"full pulse, cap 0.055, weight 80, tail 0.2, worst 0.5, slew 10","a=0.8,lw=1.5,r=0.04,w=0.25; a=1,lw=0.8,r=0.02,w=0.25; a=1,lw=0.5,r=0.015,w=0.25",0.055,80.0,0.2,0.5,0.2,0.02,10.0,0.015463790366418503,0.08000121104327541,0.11877664733257029
five_level_weak_anharmonic,fullpulse055_w80_tail02_worst05_slew10,0.03,deph_0.001,0.001,0.0,32,0.9363199866608453,0.0027706388147415995,0.07891935483416612,0.09201042782322168,0.9827010992645082,0.0032456571278728385,120,163.59141607931815,0.08184946792512907,1993,True,"full pulse, cap 0.055, weight 80, tail 0.2, worst 0.5, slew 10","a=0.8,lw=1.5,r=0.04,w=0.25; a=1,lw=0.8,r=0.02,w=0.25; a=1,lw=0.5,r=0.015,w=0.25",0.055,80.0,0.2,0.5,0.2,0.02,10.0,0.015463790366418503,0.08000121104327541,0.11877664733257029
five_level_weak_anharmonic,fullpulse055_w80_tail02_worst05_slew10,0.03,deph_0.001,0.001,0.0,33,0.9760023965489609,0.00197694951550631,0.07089439182833535,0.020228398263868814,0.9844153108487403,0.0032456571278728385,120,163.59141607931815,0.08184946792512907,1993,True,"full pulse, cap 0.055, weight 80, tail 0.2, worst 0.5, slew 10","a=0.8,lw=1.5,r=0.04,w=0.25; a=1,lw=0.8,r=0.02,w=0.25; a=1,lw=0.5,r=0.015,w=0.25",0.055,80.0,0.2,0.5,0.2,0.02,10.0,0.015463790366418503,0.08000121104327541,0.11877664733257029
five_level_weak_anharmonic,fullpulse055_w80_tail02_worst05_slew10,0.03,deph_0.001,0.001,0.0,34,0.987705648774139,0.004612454504058894,0.09010782959325048,0.03376126909029934,0.983186528126888,0.0032456571278728385,120,163.59141607931815,0.08184946792512907,1993,True,"full pulse, cap 0.055, weight 80, tail 0.2, worst 0.5, slew 10","a=0.8,lw=1.5,r=0.04,w=0.25; a=1,lw=0.8,r=0.02,w=0.25; a=1,lw=0.5,r=0.015,w=0.25",0.055,80.0,0.2,0.5,0.2,0.02,10.0,0.015463790366418503,0.08000121104327541,0.11877664733257029
five_level_weak_anharmonic,fullpulse055_w80_tail02_worst05_slew10,0.03,deph_0.001,0.001,0.0,35,0.9504702670203272,0.0033411044933806533,0.08633104682737347,0.03415568018813352,0.9856236961693197,0.0032456571278728385,120,163.59141607931815,0.08184946792512907,1993,True,"full pulse, cap 0.055, weight 80, tail 0.2, worst 0.5, slew 10","a=0.8,lw=1.5,r=0.04,w=0.25; a=1,lw=0.8,r=0.02,w=0.25; a=1,lw=0.5,r=0.015,w=0.25",0.055,80.0,0.2,0.5,0.2,0.02,10.0,0.015463790366418503,0.08000121104327541,0.11877664733257029
five_level_weak_anharmonic,fullpulse055_w80_tail02_worst05_slew10,0.03,deph_0.001,0.001,0.0,36,0.95887273929441,0.002000960700107357,0.08127829212299909,0.06303878263701694,0.9844820683404509,0.0032456571278728385,120,163.59141607931815,0.08184946792512907,1993,True,"full pulse, cap 0.055, weight 80, tail 0.2, worst 0.5, slew 10","a=0.8,lw=1.5,r=0.04,w=0.25; a=1,lw=0.8,r=0.02,w=0.25; a=1,lw=0.5,r=0.015,w=0.25",0.055,80.0,0.2,0.5,0.2,0.02,10.0,0.015463790366418503,0.08000121104327541,0.11877664733257029
five_level_weak_anharmonic,fullpulse055_w80_tail02_worst05_slew10,0.03,deph_0.001,0.001,0.0,37,0.8056932788146889,0.0024532110086809,0.06175344903478508,0.12145335530787879,0.9835357445996149,0.0032456571278728385,120,163.59141607931815,0.08184946792512907,1993,True,"full pulse, cap 0.055, weight 80, tail 0.2, worst 0.5, slew 10","a=0.8,lw=1.5,r=0.04,w=0.25; a=1,lw=0.8,r=0.02,w=0.25; a=1,lw=0.5,r=0.015,w=0.25",0.055,80.0,0.2,0.5,0.2,0.02,10.0,0.015463790366418503,0.08000121104327541,0.11877664733257029
five_level_weak_anharmonic,fullpulse055_w80_tail02_worst05_slew10,0.03,deph_0.001,0.001,0.0,38,0.9837921176387681,0.0014465811155882635,0.05405012928297215,0.0443542373989425,0.9824479754556059,0.0032456571278728385,120,163.59141607931815,0.08184946792512907,1993,True,"full pulse, cap 0.055, weight 80, tail 0.2, worst 0.5, slew 10","a=0.8,lw=1.5,r=0.04,w=0.25; a=1,lw=0.8,r=0.02,w=0.25; a=1,lw=0.5,r=0.015,w=0.25",0.055,80.0,0.2,0.5,0.2,0.02,10.0,0.015463790366418503,0.08000121104327541,0.11877664733257029
five_level_weak_anharmonic,fullpulse055_w80_tail02_worst05_slew10,0.03,deph_0.001,0.001,0.0,39,0.9702280716329853,0.0030832841062363725,0.08127644070131812,0.05041628580099646,0.9839199138278457,0.0032456571278728385,120,163.59141607931815,0.08184946792512907,1993,True,"full pulse, cap 0.055, weight 80, tail 0.2, worst 0.5, slew 10","a=0.8,lw=1.5,r=0.04,w=0.25; a=1,lw=0.8,r=0.02,w=0.25; a=1,lw=0.5,r=0.015,w=0.25",0.055,80.0,0.2,0.5,0.2,0.02,10.0,0.015463790366418503,0.08000121104327541,0.11877664733257029
five_level_weak_anharmonic,fullpulse055_w80_tail02_worst05_slew10,0.03,deph_0.001,0.001,0.0,40,0.9910017688911236,0.0028922179819641514,0.08682694308990979,0.019691966403125472,0.9863234147632878,0.0032456571278728385,120,163.59141607931815,0.08184946792512907,1993,True,"full pulse, cap 0.055, weight 80, tail 0.2, worst 0.5, slew 10","a=0.8,lw=1.5,r=0.04,w=0.25; a=1,lw=0.8,r=0.02,w=0.25; a=1,lw=0.5,r=0.015,w=0.25",0.055,80.0,0.2,0.5,0.2,0.02,10.0,0.015463790366418503,0.08000121104327541,0.11877664733257029
five_level_weak_anharmonic,fullpulse055_w80_tail02_worst05_slew10,0.03,deph_0.001,0.001,0.0,41,0.9921699157771223,0.0024596968433863164,0.08386402006080074,0.0236206351919254,0.986046963651266,0.0032456571278728385,120,163.59141607931815,0.08184946792512907,1993,True,"full pulse, cap 0.055, weight 80, tail 0.2, worst 0.5, slew 10","a=0.8,lw=1.5,r=0.04,w=0.25; a=1,lw=0.8,r=0.02,w=0.25; a=1,lw=0.5,r=0.015,w=0.25",0.055,80.0,0.2,0.5,0.2,0.02,10.0,0.015463790366418503,0.08000121104327541,0.11877664733257029
five_level_weak_anharmonic,fullpulse055_w80_tail02_worst05_slew10,0.03,deph_0.001,0.001,0.0,42,0.9805194388829953,0.0026444514430321586,0.08402612730006243,0.039318495215617234,0.9839388673933165,0.0032456571278728385,120,163.59141607931815,0.08184946792512907,1993,True,"full pulse, cap 0.055, weight 80, tail 0.2, worst 0.5, slew 10","a=0.8,lw=1.5,r=0.04,w=0.25; a=1,lw=0.8,r=0.02,w=0.25; a=1,lw=0.5,r=0.015,w=0.25",0.055,80.0,0.2,0.5,0.2,0.02,10.0,0.015463790366418503,0.08000121104327541,0.11877664733257029
five_level_weak_anharmonic,fullpulse055_w80_tail02_worst05_slew10,0.03,deph_0.001,0.001,0.0,43,0.9451995342247818,0.001803905452805954,0.06912403881655482,0.0695430535227698,0.9840223472882408,0.0032456571278728385,120,163.59141607931815,0.08184946792512907,1993,True,"full pulse, cap 0.055, weight 80, tail 0.2, worst 0.5, slew 10","a=0.8,lw=1.5,r=0.04,w=0.25; a=1,lw=0.8,r=0.02,w=0.25; a=1,lw=0.5,r=0.015,w=0.25",0.055,80.0,0.2,0.5,0.2,0.02,10.0,0.015463790366418503,0.08000121104327541,0.11877664733257029
five_level_weak_anharmonic,fullpulse055_w80_tail02_worst05_slew10,0.03,deph_0.001,0.001,0.0,44,0.9665546904894281,0.0016073225902328847,0.058749894082917864,0.05338566962636317,0.9819815006926523,0.0032456571278728385,120,163.59141607931815,0.08184946792512907,1993,True,"full pulse, cap 0.055, weight 80, tail 0.2, worst 0.5, slew 10","a=0.8,lw=1.5,r=0.04,w=0.25; a=1,lw=0.8,r=0.02,w=0.25; a=1,lw=0.5,r=0.015,w=0.25",0.055,80.0,0.2,0.5,0.2,0.02,10.0,0.015463790366418503,0.08000121104327541,0.11877664733257029
five_level_weak_anharmonic,fullpulse055_w80_tail02_worst05_slew10,0.03,deph_0.001,0.001,0.0,45,0.9911345731105521,0.0026779032853236906,0.08169982116749919,0.028604387006061636,0.9841583781699608,0.0032456571278728385,120,163.59141607931815,0.08184946792512907,1993,True,"full pulse, cap 0.055, weight 80, tail 0.2, worst 0.5, slew 10","a=0.8,lw=1.5,r=0.04,w=0.25; a=1,lw=0.8,r=0.02,w=0.25; a=1,lw=0.5,r=0.015,w=0.25",0.055,80.0,0.2,0.5,0.2,0.02,10.0,0.015463790366418503,0.08000121104327541,0.11877664733257029
five_level_weak_anharmonic,fullpulse055_w80_tail02_worst05_slew10,0.03,deph_0.001,0.001,0.0,46,0.9467763569043586,0.001739164718410735,0.07380150332078816,0.06904708894155014,0.9848839281289217,0.0032456571278728385,120,163.59141607931815,0.08184946792512907,1993,True,"full pulse, cap 0.055, weight 80, tail 0.2, worst 0.5, slew 10","a=0.8,lw=1.5,r=0.04,w=0.25; a=1,lw=0.8,r=0.02,w=0.25; a=1,lw=0.5,r=0.015,w=0.25",0.055,80.0,0.2,0.5,0.2,0.02,10.0,0.015463790366418503,0.08000121104327541,0.11877664733257029
five_level_weak_anharmonic,fullpulse055_w80_tail02_worst05_slew10,0.03,deph_0.001,0.001,0.0,47,0.9876281606238108,0.0020318833320562835,0.07382343473844044,0.013571825004574246,0.987600917576959,0.0032456571278728385,120,163.59141607931815,0.08184946792512907,1993,True,"full pulse, cap 0.055, weight 80, tail 0.2, worst 0.5, slew 10","a=0.8,lw=1.5,r=0.04,w=0.25; a=1,lw=0.8,r=0.02,w=0.25; a=1,lw=0.5,r=0.015,w=0.25",0.055,80.0,0.2,0.5,0.2,0.02,10.0,0.015463790366418503,0.08000121104327541,0.11877664733257029
five_level_weak_anharmonic,fullpulse055_w80_tail02_worst05_slew10,0.03,deph_0.001,0.001,0.0,48,0.822388905476567,0.002598956134062025,0.0842887554700198,0.19282034808757856,0.9798293664632393,0.0032456571278728385,120,163.59141607931815,0.08184946792512907,1993,True,"full pulse, cap 0.055, weight 80, tail 0.2, worst 0.5, slew 10","a=0.8,lw=1.5,r=0.04,w=0.25; a=1,lw=0.8,r=0.02,w=0.25; a=1,lw=0.5,r=0.015,w=0.25",0.055,80.0,0.2,0.5,0.2,0.02,10.0,0.015463790366418503,0.08000121104327541,0.11877664733257029
five_level_weak_anharmonic,fullpulse055_w80_tail02_worst05_slew10,0.03,deph_0.001,0.001,0.0,49,0.9788315555348367,0.0020876914658161105,0.07313595994645627,0.015055374385256455,0.9870467546421505,0.0032456571278728385,120,163.59141607931815,0.08184946792512907,1993,True,"full pulse, cap 0.055, weight 80, tail 0.2, worst 0.5, slew 10","a=0.8,lw=1.5,r=0.04,w=0.25; a=1,lw=0.8,r=0.02,w=0.25; a=1,lw=0.5,r=0.015,w=0.25",0.055,80.0,0.2,0.5,0.2,0.02,10.0,0.015463790366418503,0.08000121104327541,0.11877664733257029
five_level_weak_anharmonic,fullpulse055_w80_tail02_worst05_slew10,0.03,deph_0.001,0.001,0.0,50,0.9663132587919396,0.002804705781655148,0.0734847072177296,0.034157146001453746,0.9847384196314627,0.0032456571278728385,120,163.59141607931815,0.08184946792512907,1993,True,"full pulse, cap 0.055, weight 80, tail 0.2, worst 0.5, slew 10","a=0.8,lw=1.5,r=0.04,w=0.25; a=1,lw=0.8,r=0.02,w=0.25; a=1,lw=0.5,r=0.015,w=0.25",0.055,80.0,0.2,0.5,0.2,0.02,10.0,0.015463790366418503,0.08000121104327541,0.11877664733257029
five_level_weak_anharmonic,fullpulse055_w80_tail02_worst05_slew10,0.03,deph_0.001,0.001,0.0,51,0.9712272380069169,0.0034274659993847045,0.08930966312689925,0.01832162926569028,0.9863004541291673,0.0032456571278728385,120,163.59141607931815,0.08184946792512907,1993,True,"full pulse, cap 0.055, weight 80, tail 0.2, worst 0.5, slew 10","a=0.8,lw=1.5,r=0.04,w=0.25; a=1,lw=0.8,r=0.02,w=0.25; a=1,lw=0.5,r=0.015,w=0.25",0.055,80.0,0.2,0.5,0.2,0.02,10.0,0.015463790366418503,0.08000121104327541,0.11877664733257029
five_level_weak_anharmonic,fullpulse055_w80_tail02_worst05_slew10,0.03,deph_0.001,0.001,0.0,52,0.9924474638294067,0.0020854447174865065,0.07343390421039908,0.023951633908395605,0.9862985684054879,0.0032456571278728385,120,163.59141607931815,0.08184946792512907,1993,True,"full pulse, cap 0.055, weight 80, tail 0.2, worst 0.5, slew 10","a=0.8,lw=1.5,r=0.04,w=0.25; a=1,lw=0.8,r=0.02,w=0.25; a=1,lw=0.5,r=0.015,w=0.25",0.055,80.0,0.2,0.5,0.2,0.02,10.0,0.015463790366418503,0.08000121104327541,0.11877664733257029
five_level_weak_anharmonic,fullpulse055_w80_tail02_worst05_slew10,0.03,deph_0.001,0.001,0.0,53,0.9394043101123276,0.0027467090004680283,0.08016893773909184,0.08523725907587981,0.9812970493552063,0.0032456571278728385,120,163.59141607931815,0.08184946792512907,1993,True,"full pulse, cap 0.055, weight 80, tail 0.2, worst 0.5, slew 10","a=0.8,lw=1.5,r=0.04,w=0.25; a=1,lw=0.8,r=0.02,w=0.25; a=1,lw=0.5,r=0.015,w=0.25",0.055,80.0,0.2,0.5,0.2,0.02,10.0,0.015463790366418503,0.08000121104327541,0.11877664733257029
five_level_weak_anharmonic,fullpulse055_w80_tail02_worst05_slew10,0.03,deph_0.001,0.001,0.0,54,0.9470398094383347,0.00253850246352727,0.08089667023129299,0.08031726584059756,0.981756316156592,0.0032456571278728385,120,163.59141607931815,0.08184946792512907,1993,True,"full pulse, cap 0.055, weight 80, tail 0.2, worst 0.5, slew 10","a=0.8,lw=1.5,r=0.04,w=0.25; a=1,lw=0.8,r=0.02,w=0.25; a=1,lw=0.5,r=0.015,w=0.25",0.055,80.0,0.2,0.5,0.2,0.02,10.0,0.015463790366418503,0.08000121104327541,0.11877664733257029
five_level_weak_anharmonic,fullpulse055_w80_tail02_worst05_slew10,0.03,deph_0.001,0.001,0.0,55,0.9628678274031034,0.003342141042097735,0.07572672984711493,0.06012934576419088,0.9808286956727447,0.0032456571278728385,120,163.59141607931815,0.08184946792512907,1993,True,"full pulse, cap 0.055, weight 80, tail 0.2, worst 0.5, slew 10","a=0.8,lw=1.5,r=0.04,w=0.25; a=1,lw=0.8,r=0.02,w=0.25; a=1,lw=0.5,r=0.015,w=0.25",0.055,80.0,0.2,0.5,0.2,0.02,10.0,0.015463790366418503,0.08000121104327541,0.11877664733257029
five_level_weak_anharmonic,fullpulse055_w80_tail02_worst05_slew10,0.03,deph_0.001,0.001,0.0,56,0.9305578973088983,0.003167513479742645,0.07763926844434066,0.09731774337581316,0.9817692001485505,0.0032456571278728385,120,163.59141607931815,0.08184946792512907,1993,True,"full pulse, cap 0.055, weight 80, tail 0.2, worst 0.5, slew 10","a=0.8,lw=1.5,r=0.04,w=0.25; a=1,lw=0.8,r=0.02,w=0.25; a=1,lw=0.5,r=0.015,w=0.25",0.055,80.0,0.2,0.5,0.2,0.02,10.0,0.015463790366418503,0.08000121104327541,0.11877664733257029
five_level_weak_anharmonic,fullpulse055_w80_tail02_worst05_slew10,0.03,deph_0.001,0.001,0.0,57,0.8707363185155622,0.00869820379839159,0.08392727131130884,0.0750150779948987,0.9839275534688288,0.0032456571278728385,120,163.59141607931815,0.08184946792512907,1993,True,"full pulse, cap 0.055, weight 80, tail 0.2, worst 0.5, slew 10","a=0.8,lw=1.5,r=0.04,w=0.25; a=1,lw=0.8,r=0.02,w=0.25; a=1,lw=0.5,r=0.015,w=0.25",0.055,80.0,0.2,0.5,0.2,0.02,10.0,0.015463790366418503,0.08000121104327541,0.11877664733257029
five_level_weak_anharmonic,fullpulse055_w80_tail02_worst05_slew10,0.03,deph_0.001,0.001,0.0,58,0.9688231386009967,0.0014002113553053253,0.06639715065881058,0.0447713335679581,0.9857896655867394,0.0032456571278728385,120,163.59141607931815,0.08184946792512907,1993,True,"full pulse, cap 0.055, weight 80, tail 0.2, worst 0.5, slew 10","a=0.8,lw=1.5,r=0.04,w=0.25; a=1,lw=0.8,r=0.02,w=0.25; a=1,lw=0.5,r=0.015,w=0.25",0.055,80.0,0.2,0.5,0.2,0.02,10.0,0.015463790366418503,0.08000121104327541,0.11877664733257029
five_level_weak_anharmonic,fullpulse055_w80_tail02_worst05_slew10,0.03,deph_0.001,0.001,0.0,59,0.9275204673819697,0.0022696940040750624,0.08906021654006846,0.09273503201741307,0.9824054213240072,0.0032456571278728385,120,163.59141607931815,0.08184946792512907,1993,True,"full pulse, cap 0.055, weight 80, tail 0.2, worst 0.5, slew 10","a=0.8,lw=1.5,r=0.04,w=0.25; a=1,lw=0.8,r=0.02,w=0.25; a=1,lw=0.5,r=0.015,w=0.25",0.055,80.0,0.2,0.5,0.2,0.02,10.0,0.015463790366418503,0.08000121104327541,0.11877664733257029
five_level_weak_anharmonic,fullpulse055_w80_tail02_worst05_slew10,0.03,relax_0.0005,0.0,0.0005,10,0.9244821252317379,0.0001229326661442709,0.07167563909251873,0.06811294654283798,0.9630327177172768,0.0032456571278728385,120,163.59141607931815,0.08184946792512907,1993,True,"full pulse, cap 0.055, weight 80, tail 0.2, worst 0.5, slew 10","a=0.8,lw=1.5,r=0.04,w=0.25; a=1,lw=0.8,r=0.02,w=0.25; a=1,lw=0.5,r=0.015,w=0.25",0.055,80.0,0.2,0.5,0.2,0.02,10.0,0.015463790366418503,0.08000121104327541,0.11877664733257029
five_level_weak_anharmonic,fullpulse055_w80_tail02_worst05_slew10,0.03,relax_0.0005,0.0,0.0005,11,0.8965260465418498,0.0011160617758336766,0.09173175275953516,0.1330988754925036,0.9653607320466332,0.0032456571278728385,120,163.59141607931815,0.08184946792512907,1993,True,"full pulse, cap 0.055, weight 80, tail 0.2, worst 0.5, slew 10","a=0.8,lw=1.5,r=0.04,w=0.25; a=1,lw=0.8,r=0.02,w=0.25; a=1,lw=0.5,r=0.015,w=0.25",0.055,80.0,0.2,0.5,0.2,0.02,10.0,0.015463790366418503,0.08000121104327541,0.11877664733257029
five_level_weak_anharmonic,fullpulse055_w80_tail02_worst05_slew10,0.03,relax_0.0005,0.0,0.0005,12,0.9748285706162348,0.0015874444688224187,0.08603508174157803,0.04386565968239525,0.9601668355203484,0.0032456571278728385,120,163.59141607931815,0.08184946792512907,1993,True,"full pulse, cap 0.055, weight 80, tail 0.2, worst 0.5, slew 10","a=0.8,lw=1.5,r=0.04,w=0.25; a=1,lw=0.8,r=0.02,w=0.25; a=1,lw=0.5,r=0.015,w=0.25",0.055,80.0,0.2,0.5,0.2,0.02,10.0,0.015463790366418503,0.08000121104327541,0.11877664733257029
five_level_weak_anharmonic,fullpulse055_w80_tail02_worst05_slew10,0.03,relax_0.0005,0.0,0.0005,13,0.9331404459161295,0.0006557711442012337,0.0653278083873493,0.10461068422827617,0.9715921972441807,0.0032456571278728385,120,163.59141607931815,0.08184946792512907,1993,True,"full pulse, cap 0.055, weight 80, tail 0.2, worst 0.5, slew 10","a=0.8,lw=1.5,r=0.04,w=0.25; a=1,lw=0.8,r=0.02,w=0.25; a=1,lw=0.5,r=0.015,w=0.25",0.055,80.0,0.2,0.5,0.2,0.02,10.0,0.015463790366418503,0.08000121104327541,0.11877664733257029
five_level_weak_anharmonic,fullpulse055_w80_tail02_worst05_slew10,0.03,relax_0.0005,0.0,0.0005,14,0.923266690742877,0.0005383099441946815,0.06276874311438585,0.11083961251304744,0.9693589839055425,0.0032456571278728385,120,163.59141607931815,0.08184946792512907,1993,True,"full pulse, cap 0.055, weight 80, tail 0.2, worst 0.5, slew 10","a=0.8,lw=1.5,r=0.04,w=0.25; a=1,lw=0.8,r=0.02,w=0.25; a=1,lw=0.5,r=0.015,w=0.25",0.055,80.0,0.2,0.5,0.2,0.02,10.0,0.015463790366418503,0.08000121104327541,0.11877664733257029
five_level_weak_anharmonic,fullpulse055_w80_tail02_worst05_slew10,0.03,relax_0.0005,0.0,0.0005,15,0.9661555934486616,0.0016863240959810177,0.09188851921026431,0.03380955806623002,0.9612388453240919,0.0032456571278728385,120,163.59141607931815,0.08184946792512907,1993,True,"full pulse, cap 0.055, weight 80, tail 0.2, worst 0.5, slew 10","a=0.8,lw=1.5,r=0.04,w=0.25; a=1,lw=0.8,r=0.02,w=0.25; a=1,lw=0.5,r=0.015,w=0.25",0.055,80.0,0.2,0.5,0.2,0.02,10.0,0.015463790366418503,0.08000121104327541,0.11877664733257029
five_level_weak_anharmonic,fullpulse055_w80_tail02_worst05_slew10,0.03,relax_0.0005,0.0,0.0005,16,0.9669904532575736,0.0011655354805426565,0.09177519594308303,0.05802672832905845,0.9618931285725,0.0032456571278728385,120,163.59141607931815,0.08184946792512907,1993,True,"full pulse, cap 0.055, weight 80, tail 0.2, worst 0.5, slew 10","a=0.8,lw=1.5,r=0.04,w=0.25; a=1,lw=0.8,r=0.02,w=0.25; a=1,lw=0.5,r=0.015,w=0.25",0.055,80.0,0.2,0.5,0.2,0.02,10.0,0.015463790366418503,0.08000121104327541,0.11877664733257029
five_level_weak_anharmonic,fullpulse055_w80_tail02_worst05_slew10,0.03,relax_0.0005,0.0,0.0005,17,0.8921857827239579,0.00019222301933841113,0.060734538044530106,0.06362393736402447,0.961365074277433,0.0032456571278728385,120,163.59141607931815,0.08184946792512907,1993,True,"full pulse, cap 0.055, weight 80, tail 0.2, worst 0.5, slew 10","a=0.8,lw=1.5,r=0.04,w=0.25; a=1,lw=0.8,r=0.02,w=0.25; a=1,lw=0.5,r=0.015,w=0.25",0.055,80.0,0.2,0.5,0.2,0.02,10.0,0.015463790366418503,0.08000121104327541,0.11877664733257029
five_level_weak_anharmonic,fullpulse055_w80_tail02_worst05_slew10,0.03,relax_0.0005,0.0,0.0005,18,0.9596358866848763,0.0011308227224918754,0.07957901579166926,0.029513608857706094,0.9613179874254644,0.0032456571278728385,120,163.59141607931815,0.08184946792512907,1993,True,"full pulse, cap 0.055, weight 80, tail 0.2, worst 0.5, slew 10","a=0.8,lw=1.5,r=0.04,w=0.25; a=1,lw=0.8,r=0.02,w=0.25; a=1,lw=0.5,r=0.015,w=0.25",0.055,80.0,0.2,0.5,0.2,0.02,10.0,0.015463790366418503,0.08000121104327541,0.11877664733257029
five_level_weak_anharmonic,fullpulse055_w80_tail02_worst05_slew10,0.03,relax_0.0005,0.0,0.0005,19,0.9721905847223825,0.00021169566022549713,0.07373613478371033,0.04974929981605152,0.96067815036338,0.0032456571278728385,120,163.59141607931815,0.08184946792512907,1993,True,"full pulse, cap 0.055, weight 80, tail 0.2, worst 0.5, slew 10","a=0.8,lw=1.5,r=0.04,w=0.25; a=1,lw=0.8,r=0.02,w=0.25; a=1,lw=0.5,r=0.015,w=0.25",0.055,80.0,0.2,0.5,0.2,0.02,10.0,0.015463790366418503,0.08000121104327541,0.11877664733257029
five_level_weak_anharmonic,fullpulse055_w80_tail02_worst05_slew10,0.03,relax_0.0005,0.0,0.0005,20,0.9680195653608642,0.00060561043252505,0.08628452690114763,0.03881089481594834,0.9605049984089187,0.0032456571278728385,120,163.59141607931815,0.08184946792512907,1993,True,"full pulse, cap 0.055, weight 80, tail 0.2, worst 0.5, slew 10","a=0.8,lw=1.5,r=0.04,w=0.25; a=1,lw=0.8,r=0.02,w=0.25; a=1,lw=0.5,r=0.015,w=0.25",0.055,80.0,0.2,0.5,0.2,0.02,10.0,0.015463790366418503,0.08000121104327541,0.11877664733257029
five_level_weak_anharmonic,fullpulse055_w80_tail02_worst05_slew10,0.03,relax_0.0005,0.0,0.0005,21,0.9785696128116568,0.0003160386845642016,0.06791405330268596,0.0326202532202978,0.9600884881459323,0.0032456571278728385,120,163.59141607931815,0.08184946792512907,1993,True,"full pulse, cap 0.055, weight 80, tail 0.2, worst 0.5, slew 10","a=0.8,lw=1.5,r=0.04,w=0.25; a=1,lw=0.8,r=0.02,w=0.25; a=1,lw=0.5,r=0.015,w=0.25",0.055,80.0,0.2,0.5,0.2,0.02,10.0,0.015463790366418503,0.08000121104327541,0.11877664733257029
five_level_weak_anharmonic,fullpulse055_w80_tail02_worst05_slew10,0.03,relax_0.0005,0.0,0.0005,22,0.9622230983986486,0.00021873842479491756,0.07461676404148143,0.06572241131265423,0.962917426127574,0.0032456571278728385,120,163.59141607931815,0.08184946792512907,1993,True,"full pulse, cap 0.055, weight 80, tail 0.2, worst 0.5, slew 10","a=0.8,lw=1.5,r=0.04,w=0.25; a=1,lw=0.8,r=0.02,w=0.25; a=1,lw=0.5,r=0.015,w=0.25",0.055,80.0,0.2,0.5,0.2,0.02,10.0,0.015463790366418503,0.08000121104327541,0.11877664733257029
five_level_weak_anharmonic,fullpulse055_w80_tail02_worst05_slew10,0.03,relax_0.0005,0.0,0.0005,23,0.9694968416182507,0.0003973117905976542,0.07379517455991302,0.05472936638486974,0.9627650291646601,0.0032456571278728385,120,163.59141607931815,0.08184946792512907,1993,True,"full pulse, cap 0.055, weight 80, tail 0.2, worst 0.5, slew 10","a=0.8,lw=1.5,r=0.04,w=0.25; a=1,lw=0.8,r=0.02,w=0.25; a=1,lw=0.5,r=0.015,w=0.25",0.055,80.0,0.2,0.5,0.2,0.02,10.0,0.015463790366418503,0.08000121104327541,0.11877664733257029
five_level_weak_anharmonic,fullpulse055_w80_tail02_worst05_slew10,0.03,relax_0.0005,0.0,0.0005,24,0.9580695945152163,9.226216606605941e-05,0.0588585144264433,0.05103162808106504,0.9630601424725161,0.0032456571278728385,120,163.59141607931815,0.08184946792512907,1993,True,"full pulse, cap 0.055, weight 80, tail 0.2, worst 0.5, slew 10","a=0.8,lw=1.5,r=0.04,w=0.25; a=1,lw=0.8,r=0.02,w=0.25; a=1,lw=0.5,r=0.015,w=0.25",0.055,80.0,0.2,0.5,0.2,0.02,10.0,0.015463790366418503,0.08000121104327541,0.11877664733257029
five_level_weak_anharmonic,fullpulse055_w80_tail02_worst05_slew10,0.03,relax_0.0005,0.0,0.0005,25,0.9551406363626186,0.0015794695216889698,0.07556188218623094,0.06309340399666694,0.9641590358171985,0.0032456571278728385,120,163.59141607931815,0.08184946792512907,1993,True,"full pulse, cap 0.055, weight 80, tail 0.2, worst 0.5, slew 10","a=0.8,lw=1.5,r=0.04,w=0.25; a=1,lw=0.8,r=0.02,w=0.25; a=1,lw=0.5,r=0.015,w=0.25",0.055,80.0,0.2,0.5,0.2,0.02,10.0,0.015463790366418503,0.08000121104327541,0.11877664733257029
five_level_weak_anharmonic,fullpulse055_w80_tail02_worst05_slew10,0.03,relax_0.0005,0.0,0.0005,26,0.9772078454290157,0.0018424955404297005,0.08788738065737645,0.03201650187558969,0.9620041251240217,0.0032456571278728385,120,163.59141607931815,0.08184946792512907,1993,True,"full pulse, cap 0.055, weight 80, tail 0.2, worst 0.5, slew 10","a=0.8,lw=1.5,r=0.04,w=0.25; a=1,lw=0.8,r=0.02,w=0.25; a=1,lw=0.5,r=0.015,w=0.25",0.055,80.0,0.2,0.5,0.2,0.02,10.0,0.015463790366418503,0.08000121104327541,0.11877664733257029
five_level_weak_anharmonic,fullpulse055_w80_tail02_worst05_slew10,0.03,relax_0.0005,0.0,0.0005,27,0.9477486695317467,0.00043827372906579676,0.06637630798566296,0.049190382472632944,0.9626680547390017,0.0032456571278728385,120,163.59141607931815,0.08184946792512907,1993,True,"full pulse, cap 0.055, weight 80, tail 0.2, worst 0.5, slew 10","a=0.8,lw=1.5,r=0.04,w=0.25; a=1,lw=0.8,r=0.02,w=0.25; a=1,lw=0.5,r=0.015,w=0.25",0.055,80.0,0.2,0.5,0.2,0.02,10.0,0.015463790366418503,0.08000121104327541,0.11877664733257029
five_level_weak_anharmonic,fullpulse055_w80_tail02_worst05_slew10,0.03,relax_0.0005,0.0,0.0005,28,0.9654996407610985,0.0008252943710074234,0.08758367736848527,0.05894340850579481,0.9621413666432486,0.0032456571278728385,120,163.59141607931815,0.08184946792512907,1993,True,"full pulse, cap 0.055, weight 80, tail 0.2, worst 0.5, slew 10","a=0.8,lw=1.5,r=0.04,w=0.25; a=1,lw=0.8,r=0.02,w=0.25; a=1,lw=0.5,r=0.015,w=0.25",0.055,80.0,0.2,0.5,0.2,0.02,10.0,0.015463790366418503,0.08000121104327541,0.11877664733257029
five_level_weak_anharmonic,fullpulse055_w80_tail02_worst05_slew10,0.03,relax_0.0005,0.0,0.0005,29,0.9759547712009768,0.00044808936261797605,0.07155973951425332,0.033581995418479255,0.9612366565913093,0.0032456571278728385,120,163.59141607931815,0.08184946792512907,1993,True,"full pulse, cap 0.055, weight 80, tail 0.2, worst 0.5, slew 10","a=0.8,lw=1.5,r=0.04,w=0.25; a=1,lw=0.8,r=0.02,w=0.25; a=1,lw=0.5,r=0.015,w=0.25",0.055,80.0,0.2,0.5,0.2,0.02,10.0,0.015463790366418503,0.08000121104327541,0.11877664733257029
five_level_weak_anharmonic,fullpulse055_w80_tail02_worst05_slew10,0.03,relax_0.0005,0.0,0.0005,30,0.9680903802088828,0.0012594987736940233,0.06705472369431886,0.032653597167296516,0.96321912305852,0.0032456571278728385,120,163.59141607931815,0.08184946792512907,1993,True,"full pulse, cap 0.055, weight 80, tail 0.2, worst 0.5, slew 10","a=0.8,lw=1.5,r=0.04,w=0.25; a=1,lw=0.8,r=0.02,w=0.25; a=1,lw=0.5,r=0.015,w=0.25",0.055,80.0,0.2,0.5,0.2,0.02,10.0,0.015463790366418503,0.08000121104327541,0.11877664733257029
five_level_weak_anharmonic,fullpulse055_w80_tail02_worst05_slew10,0.03,relax_0.0005,0.0,0.0005,31,0.9191386602657851,0.0002168054339064529,0.08627583469821598,0.11133679800786134,0.9649944371300014,0.0032456571278728385,120,163.59141607931815,0.08184946792512907,1993,True,"full pulse, cap 0.055, weight 80, tail 0.2, worst 0.5, slew 10","a=0.8,lw=1.5,r=0.04,w=0.25; a=1,lw=0.8,r=0.02,w=0.25; a=1,lw=0.5,r=0.015,w=0.25",0.055,80.0,0.2,0.5,0.2,0.02,10.0,0.015463790366418503,0.08000121104327541,0.11877664733257029
five_level_weak_anharmonic,fullpulse055_w80_tail02_worst05_slew10,0.03,relax_0.0005,0.0,0.0005,32,0.9245278023701154,0.0012375621419857818,0.077910792216481,0.10102204350831044,0.9640775912967284,0.0032456571278728385,120,163.59141607931815,0.08184946792512907,1993,True,"full pulse, cap 0.055, weight 80, tail 0.2, worst 0.5, slew 10","a=0.8,lw=1.5,r=0.04,w=0.25; a=1,lw=0.8,r=0.02,w=0.25; a=1,lw=0.5,r=0.015,w=0.25",0.055,80.0,0.2,0.5,0.2,0.02,10.0,0.015463790366418503,0.08000121104327541,0.11877664733257029
five_level_weak_anharmonic,fullpulse055_w80_tail02_worst05_slew10,0.03,relax_0.0005,0.0,0.0005,33,0.9653216624811434,0.0002588518002519802,0.06992625847228917,0.028825715351386935,0.9632614671625847,0.0032456571278728385,120,163.59141607931815,0.08184946792512907,1993,True,"full pulse, cap 0.055, weight 80, tail 0.2, worst 0.5, slew 10","a=0.8,lw=1.5,r=0.04,w=0.25; a=1,lw=0.8,r=0.02,w=0.25; a=1,lw=0.5,r=0.015,w=0.25",0.055,80.0,0.2,0.5,0.2,0.02,10.0,0.015463790366418503,0.08000121104327541,0.11877664733257029
five_level_weak_anharmonic,fullpulse055_w80_tail02_worst05_slew10,0.03,relax_0.0005,0.0,0.0005,34,0.9771127233644649,0.0024588946686606716,0.08866820826007904,0.04180991707499523,0.9637009584315154,0.0032456571278728385,120,163.59141607931815,0.08184946792512907,1993,True,"full pulse, cap 0.055, weight 80, tail 0.2, worst 0.5, slew 10","a=0.8,lw=1.5,r=0.04,w=0.25; a=1,lw=0.8,r=0.02,w=0.25; a=1,lw=0.5,r=0.015,w=0.25",0.055,80.0,0.2,0.5,0.2,0.02,10.0,0.015463790366418503,0.08000121104327541,0.11877664733257029
five_level_weak_anharmonic,fullpulse055_w80_tail02_worst05_slew10,0.03,relax_0.0005,0.0,0.0005,35,0.9371450275303069,0.0012637803371225997,0.0849933442863684,0.044809050557042075,0.9603682221986454,0.0032456571278728385,120,163.59141607931815,0.08184946792512907,1993,True,"full pulse, cap 0.055, weight 80, tail 0.2, worst 0.5, slew 10","a=0.8,lw=1.5,r=0.04,w=0.25; a=1,lw=0.8,r=0.02,w=0.25; a=1,lw=0.5,r=0.015,w=0.25",0.055,80.0,0.2,0.5,0.2,0.02,10.0,0.015463790366418503,0.08000121104327541,0.11877664733257029
five_level_weak_anharmonic,fullpulse055_w80_tail02_worst05_slew10,0.03,relax_0.0005,0.0,0.0005,36,0.9462426142284286,0.00042069901364816253,0.0803384494353443,0.07272182972474202,0.9623130456574559,0.0032456571278728385,120,163.59141607931815,0.08184946792512907,1993,True,"full pulse, cap 0.055, weight 80, tail 0.2, worst 0.5, slew 10","a=0.8,lw=1.5,r=0.04,w=0.25; a=1,lw=0.8,r=0.02,w=0.25; a=1,lw=0.5,r=0.015,w=0.25",0.055,80.0,0.2,0.5,0.2,0.02,10.0,0.015463790366418503,0.08000121104327541,0.11877664733257029
five_level_weak_anharmonic,fullpulse055_w80_tail02_worst05_slew10,0.03,relax_0.0005,0.0,0.0005,37,0.7921066780422662,0.0009943840951363025,0.06094432457060517,0.1330386426767576,0.9645148601645918,0.0032456571278728385,120,163.59141607931815,0.08184946792512907,1993,True,"full pulse, cap 0.055, weight 80, tail 0.2, worst 0.5, slew 10","a=0.8,lw=1.5,r=0.04,w=0.25; a=1,lw=0.8,r=0.02,w=0.25; a=1,lw=0.5,r=0.015,w=0.25",0.055,80.0,0.2,0.5,0.2,0.02,10.0,0.015463790366418503,0.08000121104327541,0.11877664733257029
five_level_weak_anharmonic,fullpulse055_w80_tail02_worst05_slew10,0.03,relax_0.0005,0.0,0.0005,38,0.9736624179979078,0.00018647016186801313,0.053322271768665885,0.05252551239499425,0.966217558993301,0.0032456571278728385,120,163.59141607931815,0.08184946792512907,1993,True,"full pulse, cap 0.055, weight 80, tail 0.2, worst 0.5, slew 10","a=0.8,lw=1.5,r=0.04,w=0.25; a=1,lw=0.8,r=0.02,w=0.25; a=1,lw=0.5,r=0.015,w=0.25",0.055,80.0,0.2,0.5,0.2,0.02,10.0,0.015463790366418503,0.08000121104327541,0.11877664733257029
five_level_weak_anharmonic,fullpulse055_w80_tail02_worst05_slew10,0.03,relax_0.0005,0.0,0.0005,39,0.9578497475060729,0.0013812212702913884,0.0801426180708249,0.059890132772152195,0.9627293502612034,0.0032456571278728385,120,163.59141607931815,0.08184946792512907,1993,True,"full pulse, cap 0.055, weight 80, tail 0.2, worst 0.5, slew 10","a=0.8,lw=1.5,r=0.04,w=0.25; a=1,lw=0.8,r=0.02,w=0.25; a=1,lw=0.5,r=0.015,w=0.25",0.055,80.0,0.2,0.5,0.2,0.02,10.0,0.015463790366418503,0.08000121104327541,0.11877664733257029
five_level_weak_anharmonic,fullpulse055_w80_tail02_worst05_slew10,0.03,relax_0.0005,0.0,0.0005,40,0.9778786956973666,0.0011538805646825745,0.08580909102062584,0.02989311878081669,0.9606250058913897,0.0032456571278728385,120,163.59141607931815,0.08184946792512907,1993,True,"full pulse, cap 0.055, weight 80, tail 0.2, worst 0.5, slew 10","a=0.8,lw=1.5,r=0.04,w=0.25; a=1,lw=0.8,r=0.02,w=0.25; a=1,lw=0.5,r=0.015,w=0.25",0.055,80.0,0.2,0.5,0.2,0.02,10.0,0.015463790366418503,0.08000121104327541,0.11877664733257029
five_level_weak_anharmonic,fullpulse055_w80_tail02_worst05_slew10,0.03,relax_0.0005,0.0,0.0005,41,0.9788593530361022,0.0007369586281499307,0.08284521469408856,0.03434626598710786,0.9601940368833713,0.0032456571278728385,120,163.59141607931815,0.08184946792512907,1993,True,"full pulse, cap 0.055, weight 80, tail 0.2, worst 0.5, slew 10","a=0.8,lw=1.5,r=0.04,w=0.25; a=1,lw=0.8,r=0.02,w=0.25; a=1,lw=0.5,r=0.015,w=0.25",0.055,80.0,0.2,0.5,0.2,0.02,10.0,0.015463790366418503,0.08000121104327541,0.11877664733257029
five_level_weak_anharmonic,fullpulse055_w80_tail02_worst05_slew10,0.03,relax_0.0005,0.0,0.0005,42,0.9704706661075371,0.0009266093507216411,0.0828049473156085,0.046879195510283286,0.9639905972004098,0.0032456571278728385,120,163.59141607931815,0.08184946792512907,1993,True,"full pulse, cap 0.055, weight 80, tail 0.2, worst 0.5, slew 10","a=0.8,lw=1.5,r=0.04,w=0.25; a=1,lw=0.8,r=0.02,w=0.25; a=1,lw=0.5,r=0.015,w=0.25",0.055,80.0,0.2,0.5,0.2,0.02,10.0,0.015463790366418503,0.08000121104327541,0.11877664733257029
five_level_weak_anharmonic,fullpulse055_w80_tail02_worst05_slew10,0.03,relax_0.0005,0.0,0.0005,43,0.9320454023431883,0.00040244283151147364,0.06825144925742266,0.07975827286885218,0.9632477713511189,0.0032456571278728385,120,163.59141607931815,0.08184946792512907,1993,True,"full pulse, cap 0.055, weight 80, tail 0.2, worst 0.5, slew 10","a=0.8,lw=1.5,r=0.04,w=0.25; a=1,lw=0.8,r=0.02,w=0.25; a=1,lw=0.5,r=0.015,w=0.25",0.055,80.0,0.2,0.5,0.2,0.02,10.0,0.015463790366418503,0.08000121104327541,0.11877664733257029
five_level_weak_anharmonic,fullpulse055_w80_tail02_worst05_slew10,0.03,relax_0.0005,0.0,0.0005,44,0.9593562976131839,0.0003332110276120792,0.05788701146877229,0.05901576246819886,0.9672226184865134,0.0032456571278728385,120,163.59141607931815,0.08184946792512907,1993,True,"full pulse, cap 0.055, weight 80, tail 0.2, worst 0.5, slew 10","a=0.8,lw=1.5,r=0.04,w=0.25; a=1,lw=0.8,r=0.02,w=0.25; a=1,lw=0.5,r=0.015,w=0.25",0.055,80.0,0.2,0.5,0.2,0.02,10.0,0.015463790366418503,0.08000121104327541,0.11877664733257029
five_level_weak_anharmonic,fullpulse055_w80_tail02_worst05_slew10,0.03,relax_0.0005,0.0,0.0005,45,0.9802010744134142,0.0007863791180398039,0.0805718433337953,0.036900669136610505,0.963163870861642,0.0032456571278728385,120,163.59141607931815,0.08184946792512907,1993,True,"full pulse, cap 0.055, weight 80, tail 0.2, worst 0.5, slew 10","a=0.8,lw=1.5,r=0.04,w=0.25; a=1,lw=0.8,r=0.02,w=0.25; a=1,lw=0.5,r=0.015,w=0.25",0.055,80.0,0.2,0.5,0.2,0.02,10.0,0.015463790366418503,0.08000121104327541,0.11877664733257029
five_level_weak_anharmonic,fullpulse055_w80_tail02_worst05_slew10,0.03,relax_0.0005,0.0,0.0005,46,0.9338464977828925,0.0003050779189444075,0.07293507597314919,0.07944331626084225,0.9615561415399821,0.0032456571278728385,120,163.59141607931815,0.08184946792512907,1993,True,"full pulse, cap 0.055, weight 80, tail 0.2, worst 0.5, slew 10","a=0.8,lw=1.5,r=0.04,w=0.25; a=1,lw=0.8,r=0.02,w=0.25; a=1,lw=0.5,r=0.015,w=0.25",0.055,80.0,0.2,0.5,0.2,0.02,10.0,0.015463790366418503,0.08000121104327541,0.11877664733257029
five_level_weak_anharmonic,fullpulse055_w80_tail02_worst05_slew10,0.03,relax_0.0005,0.0,0.0005,47,0.9731967731174165,0.0005648515210551208,0.07294924313627738,0.025245460715294207,0.9590801618287809,0.0032456571278728385,120,163.59141607931815,0.08184946792512907,1993,True,"full pulse, cap 0.055, weight 80, tail 0.2, worst 0.5, slew 10","a=0.8,lw=1.5,r=0.04,w=0.25; a=1,lw=0.8,r=0.02,w=0.25; a=1,lw=0.5,r=0.015,w=0.25",0.055,80.0,0.2,0.5,0.2,0.02,10.0,0.015463790366418503,0.08000121104327541,0.11877664733257029
five_level_weak_anharmonic,fullpulse055_w80_tail02_worst05_slew10,0.03,relax_0.0005,0.0,0.0005,48,0.8116046743012876,0.0010349590518714535,0.08314594570190215,0.2013091493048946,0.966518466889663,0.0032456571278728385,120,163.59141607931815,0.08184946792512907,1993,True,"full pulse, cap 0.055, weight 80, tail 0.2, worst 0.5, slew 10","a=0.8,lw=1.5,r=0.04,w=0.25; a=1,lw=0.8,r=0.02,w=0.25; a=1,lw=0.5,r=0.015,w=0.25",0.055,80.0,0.2,0.5,0.2,0.02,10.0,0.015463790366418503,0.08000121104327541,0.11877664733257029
five_level_weak_anharmonic,fullpulse055_w80_tail02_worst05_slew10,0.03,relax_0.0005,0.0,0.0005,49,0.9645230547391681,0.00037792083265941745,0.07214007008536671,0.02645707373468349,0.9594367913892263,0.0032456571278728385,120,163.59141607931815,0.08184946792512907,1993,True,"full pulse, cap 0.055, weight 80, tail 0.2, worst 0.5, slew 10","a=0.8,lw=1.5,r=0.04,w=0.25; a=1,lw=0.8,r=0.02,w=0.25; a=1,lw=0.5,r=0.015,w=0.25",0.055,80.0,0.2,0.5,0.2,0.02,10.0,0.015463790366418503,0.08000121104327541,0.11877664733257029
five_level_weak_anharmonic,fullpulse055_w80_tail02_worst05_slew10,0.03,relax_0.0005,0.0,0.0005,50,0.9533842218840594,0.0010043314850549656,0.07245661183574903,0.044293101519154464,0.9623712766693345,0.0032456571278728385,120,163.59141607931815,0.08184946792512907,1993,True,"full pulse, cap 0.055, weight 80, tail 0.2, worst 0.5, slew 10","a=0.8,lw=1.5,r=0.04,w=0.25; a=1,lw=0.8,r=0.02,w=0.25; a=1,lw=0.5,r=0.015,w=0.25",0.055,80.0,0.2,0.5,0.2,0.02,10.0,0.015463790366418503,0.08000121104327541,0.11877664733257029
five_level_weak_anharmonic,fullpulse055_w80_tail02_worst05_slew10,0.03,relax_0.0005,0.0,0.0005,51,0.9579183617961433,0.0014111986355784811,0.08812076207237185,0.028880144741357253,0.9600164980749769,0.0032456571278728385,120,163.59141607931815,0.08184946792512907,1993,True,"full pulse, cap 0.055, weight 80, tail 0.2, worst 0.5, slew 10","a=0.8,lw=1.5,r=0.04,w=0.25; a=1,lw=0.8,r=0.02,w=0.25; a=1,lw=0.5,r=0.015,w=0.25",0.055,80.0,0.2,0.5,0.2,0.02,10.0,0.015463790366418503,0.08000121104327541,0.11877664733257029
five_level_weak_anharmonic,fullpulse055_w80_tail02_worst05_slew10,0.03,relax_0.0005,0.0,0.0005,52,0.9788738349473443,0.0004592972605578227,0.07244352944858667,0.0348013776024438,0.9599939219028515,0.0032456571278728385,120,163.59141607931815,0.08184946792512907,1993,True,"full pulse, cap 0.055, weight 80, tail 0.2, worst 0.5, slew 10","a=0.8,lw=1.5,r=0.04,w=0.25; a=1,lw=0.8,r=0.02,w=0.25; a=1,lw=0.5,r=0.015,w=0.25",0.055,80.0,0.2,0.5,0.2,0.02,10.0,0.015463790366418503,0.08000121104327541,0.11877664733257029
five_level_weak_anharmonic,fullpulse055_w80_tail02_worst05_slew10,0.03,relax_0.0005,0.0,0.0005,53,0.9276435692827192,0.001137596715616196,0.07920330433975831,0.09433983011012127,0.9660872818201643,0.0032456571278728385,120,163.59141607931815,0.08184946792512907,1993,True,"full pulse, cap 0.055, weight 80, tail 0.2, worst 0.5, slew 10","a=0.8,lw=1.5,r=0.04,w=0.25; a=1,lw=0.8,r=0.02,w=0.25; a=1,lw=0.5,r=0.015,w=0.25",0.055,80.0,0.2,0.5,0.2,0.02,10.0,0.015463790366418503,0.08000121104327541,0.11877664733257029
five_level_weak_anharmonic,fullpulse055_w80_tail02_worst05_slew10,0.03,relax_0.0005,0.0,0.0005,54,0.9355794594278561,0.0006904943076485592,0.07965225408736898,0.0890372884766344,0.9649395229222244,0.0032456571278728385,120,163.59141607931815,0.08184946792512907,1993,True,"full pulse, cap 0.055, weight 80, tail 0.2, worst 0.5, slew 10","a=0.8,lw=1.5,r=0.04,w=0.25; a=1,lw=0.8,r=0.02,w=0.25; a=1,lw=0.5,r=0.015,w=0.25",0.055,80.0,0.2,0.5,0.2,0.02,10.0,0.015463790366418503,0.08000121104327541,0.11877664733257029
five_level_weak_anharmonic,fullpulse055_w80_tail02_worst05_slew10,0.03,relax_0.0005,0.0,0.0005,55,0.9555497207508777,0.0017512059904843946,0.07463412898933952,0.065707449633343,0.9677185291571571,0.0032456571278728385,120,163.59141607931815,0.08184946792512907,1993,True,"full pulse, cap 0.055, weight 80, tail 0.2, worst 0.5, slew 10","a=0.8,lw=1.5,r=0.04,w=0.25; a=1,lw=0.8,r=0.02,w=0.25; a=1,lw=0.5,r=0.015,w=0.25",0.055,80.0,0.2,0.5,0.2,0.02,10.0,0.015463790366418503,0.08000121104327541,0.11877664733257029
five_level_weak_anharmonic,fullpulse055_w80_tail02_worst05_slew10,0.03,relax_0.0005,0.0,0.0005,56,0.9190496532487135,0.001515912512099482,0.0766148351194631,0.10606479248009673,0.9647343929523736,0.0032456571278728385,120,163.59141607931815,0.08184946792512907,1993,True,"full pulse, cap 0.055, weight 80, tail 0.2, worst 0.5, slew 10","a=0.8,lw=1.5,r=0.04,w=0.25; a=1,lw=0.8,r=0.02,w=0.25; a=1,lw=0.5,r=0.015,w=0.25",0.055,80.0,0.2,0.5,0.2,0.02,10.0,0.015463790366418503,0.08000121104327541,0.11877664733257029
five_level_weak_anharmonic,fullpulse055_w80_tail02_worst05_slew10,0.03,relax_0.0005,0.0,0.0005,57,0.8573157748679525,0.006411547987543287,0.0830954518971656,0.08596939921541821,0.961996936910974,0.0032456571278728385,120,163.59141607931815,0.08184946792512907,1993,True,"full pulse, cap 0.055, weight 80, tail 0.2, worst 0.5, slew 10","a=0.8,lw=1.5,r=0.04,w=0.25; a=1,lw=0.8,r=0.02,w=0.25; a=1,lw=0.5,r=0.015,w=0.25",0.055,80.0,0.2,0.5,0.2,0.02,10.0,0.015463790366418503,0.08000121104327541,0.11877664733257029
five_level_weak_anharmonic,fullpulse055_w80_tail02_worst05_slew10,0.03,relax_0.0005,0.0,0.0005,58,0.9552072834031128,8.212195395773669e-05,0.06553733329011147,0.05539168277041341,0.961454632284541,0.0032456571278728385,120,163.59141607931815,0.08184946792512907,1993,True,"full pulse, cap 0.055, weight 80, tail 0.2, worst 0.5, slew 10","a=0.8,lw=1.5,r=0.04,w=0.25; a=1,lw=0.8,r=0.02,w=0.25; a=1,lw=0.5,r=0.015,w=0.25",0.055,80.0,0.2,0.5,0.2,0.02,10.0,0.015463790366418503,0.08000121104327541,0.11877664733257029
five_level_weak_anharmonic,fullpulse055_w80_tail02_worst05_slew10,0.03,relax_0.0005,0.0,0.0005,59,0.9156939918560308,0.0004015820905995948,0.08791775850981187,0.10207458423605419,0.9628519357433039,0.0032456571278728385,120,163.59141607931815,0.08184946792512907,1993,True,"full pulse, cap 0.055, weight 80, tail 0.2, worst 0.5, slew 10","a=0.8,lw=1.5,r=0.04,w=0.25; a=1,lw=0.8,r=0.02,w=0.25; a=1,lw=0.5,r=0.015,w=0.25",0.055,80.0,0.2,0.5,0.2,0.02,10.0,0.015463790366418503,0.08000121104327541,0.11877664733257029
five_level_weak_anharmonic,fullpulse055_w80_tail02_worst05_slew10,0.03,combined,0.001,0.0005,10,0.9180332452410023,0.0016661780401643345,0.0724465421408731,0.07445408343360131,0.9488131231897593,0.0032456571278728385,120,163.59141607931815,0.08184946792512907,1993,True,"full pulse, cap 0.055, weight 80, tail 0.2, worst 0.5, slew 10","a=0.8,lw=1.5,r=0.04,w=0.25; a=1,lw=0.8,r=0.02,w=0.25; a=1,lw=0.5,r=0.015,w=0.25",0.055,80.0,0.2,0.5,0.2,0.02,10.0,0.015463790366418503,0.08000121104327541,0.11877664733257029
five_level_weak_anharmonic,fullpulse055_w80_tail02_worst05_slew10,0.03,combined,0.001,0.0005,11,0.8906873232813399,0.002752391287597966,0.0924938980420632,0.13823587284875719,0.9477203310534748,0.0032456571278728385,120,163.59141607931815,0.08184946792512907,1993,True,"full pulse, cap 0.055, weight 80, tail 0.2, worst 0.5, slew 10","a=0.8,lw=1.5,r=0.04,w=0.25; a=1,lw=0.8,r=0.02,w=0.25; a=1,lw=0.5,r=0.015,w=0.25",0.055,80.0,0.2,0.5,0.2,0.02,10.0,0.015463790366418503,0.08000121104327541,0.11877664733257029
five_level_weak_anharmonic,fullpulse055_w80_tail02_worst05_slew10,0.03,combined,0.001,0.0005,12,0.968108325618226,0.0032363879534405005,0.08653991264178784,0.04993038599626447,0.9468976286891863,0.0032456571278728385,120,163.59141607931815,0.08184946792512907,1993,True,"full pulse, cap 0.055, weight 80, tail 0.2, worst 0.5, slew 10","a=0.8,lw=1.5,r=0.04,w=0.25; a=1,lw=0.8,r=0.02,w=0.25; a=1,lw=0.5,r=0.015,w=0.25",0.055,80.0,0.2,0.5,0.2,0.02,10.0,0.015463790366418503,0.08000121104327541,0.11877664733257029
five_level_weak_anharmonic,fullpulse055_w80_tail02_worst05_slew10,0.03,combined,0.001,0.0005,13,0.9248850751076222,0.002158324845375481,0.06617206376189122,0.11163517518471061,0.9499156230579409,0.0032456571278728385,120,163.59141607931815,0.08184946792512907,1993,True,"full pulse, cap 0.055, weight 80, tail 0.2, worst 0.5, slew 10","a=0.8,lw=1.5,r=0.04,w=0.25; a=1,lw=0.8,r=0.02,w=0.25; a=1,lw=0.5,r=0.015,w=0.25",0.055,80.0,0.2,0.5,0.2,0.02,10.0,0.015463790366418503,0.08000121104327541,0.11877664733257029
five_level_weak_anharmonic,fullpulse055_w80_tail02_worst05_slew10,0.03,combined,0.001,0.0005,14,0.9160727591322909,0.0018255804197994108,0.06334327911947613,0.11702571970538347,0.9497838493907046,0.0032456571278728385,120,163.59141607931815,0.08184946792512907,1993,True,"full pulse, cap 0.055, weight 80, tail 0.2, worst 0.5, slew 10","a=0.8,lw=1.5,r=0.04,w=0.25; a=1,lw=0.8,r=0.02,w=0.25; a=1,lw=0.5,r=0.015,w=0.25",0.055,80.0,0.2,0.5,0.2,0.02,10.0,0.015463790366418503,0.08000121104327541,0.11877664733257029
five_level_weak_anharmonic,fullpulse055_w80_tail02_worst05_slew10,0.03,combined,0.001,0.0005,15,0.9591670858083652,0.0039052872371944103,0.0927352528854779,0.04066943255509603,0.9472078594644475,0.0032456571278728385,120,163.59141607931815,0.08184946792512907,1993,True,"full pulse, cap 0.055, weight 80, tail 0.2, worst 0.5, slew 10","a=0.8,lw=1.5,r=0.04,w=0.25; a=1,lw=0.8,r=0.02,w=0.25; a=1,lw=0.5,r=0.015,w=0.25",0.055,80.0,0.2,0.5,0.2,0.02,10.0,0.015463790366418503,0.08000121104327541,0.11877664733257029
five_level_weak_anharmonic,fullpulse055_w80_tail02_worst05_slew10,0.03,combined,0.001,0.0005,16,0.9600484834263264,0.003053707291020169,0.09264507025307878,0.06432815475424832,0.9470359747797336,0.0032456571278728385,120,163.59141607931815,0.08184946792512907,1993,True,"full pulse, cap 0.055, weight 80, tail 0.2, worst 0.5, slew 10","a=0.8,lw=1.5,r=0.04,w=0.25; a=1,lw=0.8,r=0.02,w=0.25; a=1,lw=0.5,r=0.015,w=0.25",0.055,80.0,0.2,0.5,0.2,0.02,10.0,0.015463790366418503,0.08000121104327541,0.11877664733257029
five_level_weak_anharmonic,fullpulse055_w80_tail02_worst05_slew10,0.03,combined,0.001,0.0005,17,0.8875412621261064,0.0017330266005814998,0.06140636203091998,0.06907739973773491,0.9482818194337231,0.0032456571278728385,120,163.59141607931815,0.08184946792512907,1993,True,"full pulse, cap 0.055, weight 80, tail 0.2, worst 0.5, slew 10","a=0.8,lw=1.5,r=0.04,w=0.25; a=1,lw=0.8,r=0.02,w=0.25; a=1,lw=0.5,r=0.015,w=0.25",0.055,80.0,0.2,0.5,0.2,0.02,10.0,0.015463790366418503,0.08000121104327541,0.11877664733257029
five_level_weak_anharmonic,fullpulse055_w80_tail02_worst05_slew10,0.03,combined,0.001,0.0005,18,0.9530060743005454,0.002905291740745275,0.08022639611658833,0.03619727733114359,0.9480969216509301,0.0032456571278728385,120,163.59141607931815,0.08184946792512907,1993,True,"full pulse, cap 0.055, weight 80, tail 0.2, worst 0.5, slew 10","a=0.8,lw=1.5,r=0.04,w=0.25; a=1,lw=0.8,r=0.02,w=0.25; a=1,lw=0.5,r=0.015,w=0.25",0.055,80.0,0.2,0.5,0.2,0.02,10.0,0.015463790366418503,0.08000121104327541,0.11877664733257029
five_level_weak_anharmonic,fullpulse055_w80_tail02_worst05_slew10,0.03,combined,0.001,0.0005,19,0.9655799348689292,0.0018017138592838489,0.07441599060094517,0.05568337565272948,0.9470761499446593,0.0032456571278728385,120,163.59141607931815,0.08184946792512907,1993,True,"full pulse, cap 0.055, weight 80, tail 0.2, worst 0.5, slew 10","a=0.8,lw=1.5,r=0.04,w=0.25; a=1,lw=0.8,r=0.02,w=0.25; a=1,lw=0.5,r=0.015,w=0.25",0.055,80.0,0.2,0.5,0.2,0.02,10.0,0.015463790366418503,0.08000121104327541,0.11877664733257029
five_level_weak_anharmonic,fullpulse055_w80_tail02_worst05_slew10,0.03,combined,0.001,0.0005,20,0.9614307060058418,0.002443246858043202,0.08704906565345671,0.04507479681930434,0.9473966433743101,0.0032456571278728385,120,163.59141607931815,0.08184946792512907,1993,True,"full pulse, cap 0.055, weight 80, tail 0.2, worst 0.5, slew 10","a=0.8,lw=1.5,r=0.04,w=0.25; a=1,lw=0.8,r=0.02,w=0.25; a=1,lw=0.5,r=0.015,w=0.25",0.055,80.0,0.2,0.5,0.2,0.02,10.0,0.015463790366418503,0.08000121104327541,0.11877664733257029
five_level_weak_anharmonic,fullpulse055_w80_tail02_worst05_slew10,0.03,combined,0.001,0.0005,21,0.9722860885412693,0.0016850333202933498,0.06844388294169423,0.03853416180681571,0.947866947741614,0.0032456571278728385,120,163.59141607931815,0.08184946792512907,1993,True,"full pulse, cap 0.055, weight 80, tail 0.2, worst 0.5, slew 10","a=0.8,lw=1.5,r=0.04,w=0.25; a=1,lw=0.8,r=0.02,w=0.25; a=1,lw=0.5,r=0.015,w=0.25",0.055,80.0,0.2,0.5,0.2,0.02,10.0,0.015463790366418503,0.08000121104327541,0.11877664733257029
five_level_weak_anharmonic,fullpulse055_w80_tail02_worst05_slew10,0.03,combined,0.001,0.0005,22,0.9553443935555542,0.0017859529132733254,0.07537755144905334,0.0718604251281797,0.9479185285154242,0.0032456571278728385,120,163.59141607931815,0.08184946792512907,1993,True,"full pulse, cap 0.055, weight 80, tail 0.2, worst 0.5, slew 10","a=0.8,lw=1.5,r=0.04,w=0.25; a=1,lw=0.8,r=0.02,w=0.25; a=1,lw=0.5,r=0.015,w=0.25",0.055,80.0,0.2,0.5,0.2,0.02,10.0,0.015463790366418503,0.08000121104327541,0.11877664733257029
five_level_weak_anharmonic,fullpulse055_w80_tail02_worst05_slew10,0.03,combined,0.001,0.0005,23,0.9627071589983397,0.0018740888847169623,0.07440545008837884,0.06093351955275974,0.9482853011231647,0.0032456571278728385,120,163.59141607931815,0.08184946792512907,1993,True,"full pulse, cap 0.055, weight 80, tail 0.2, worst 0.5, slew 10","a=0.8,lw=1.5,r=0.04,w=0.25; a=1,lw=0.8,r=0.02,w=0.25; a=1,lw=0.5,r=0.015,w=0.25",0.055,80.0,0.2,0.5,0.2,0.02,10.0,0.015463790366418503,0.08000121104327541,0.11877664733257029
five_level_weak_anharmonic,fullpulse055_w80_tail02_worst05_slew10,0.03,combined,0.001,0.0005,24,0.9518581631391196,0.0014618151750126485,0.0595495642848507,0.05690977536487557,0.9485339444449948,0.0032456571278728385,120,163.59141607931815,0.08184946792512907,1993,True,"full pulse, cap 0.055, weight 80, tail 0.2, worst 0.5, slew 10","a=0.8,lw=1.5,r=0.04,w=0.25; a=1,lw=0.8,r=0.02,w=0.25; a=1,lw=0.5,r=0.015,w=0.25",0.055,80.0,0.2,0.5,0.2,0.02,10.0,0.015463790366418503,0.08000121104327541,0.11877664733257029
five_level_weak_anharmonic,fullpulse055_w80_tail02_worst05_slew10,0.03,combined,0.001,0.0005,25,0.9486414635856834,0.0029879316605095907,0.07604452030390385,0.06903456661401039,0.9485444418153783,0.0032456571278728385,120,163.59141607931815,0.08184946792512907,1993,True,"full pulse, cap 0.055, weight 80, tail 0.2, worst 0.5, slew 10","a=0.8,lw=1.5,r=0.04,w=0.25; a=1,lw=0.8,r=0.02,w=0.25; a=1,lw=0.5,r=0.015,w=0.25",0.055,80.0,0.2,0.5,0.2,0.02,10.0,0.015463790366418503,0.08000121104327541,0.11877664733257029
five_level_weak_anharmonic,fullpulse055_w80_tail02_worst05_slew10,0.03,combined,0.001,0.0005,26,0.969958812306616,0.0037219255852208866,0.08869153360628834,0.03892263610809687,0.9480671845809108,0.0032456571278728385,120,163.59141607931815,0.08184946792512907,1993,True,"full pulse, cap 0.055, weight 80, tail 0.2, worst 0.5, slew 10","a=0.8,lw=1.5,r=0.04,w=0.25; a=1,lw=0.8,r=0.02,w=0.25; a=1,lw=0.5,r=0.015,w=0.25",0.055,80.0,0.2,0.5,0.2,0.02,10.0,0.015463790366418503,0.08000121104327541,0.11877664733257029
five_level_weak_anharmonic,fullpulse055_w80_tail02_worst05_slew10,0.03,combined,0.001,0.0005,27,0.941513257245003,0.002020931650371427,0.06710207552580827,0.05538793342909953,0.9482588737899861,0.0032456571278728385,120,163.59141607931815,0.08184946792512907,1993,True,"full pulse, cap 0.055, weight 80, tail 0.2, worst 0.5, slew 10","a=0.8,lw=1.5,r=0.04,w=0.25; a=1,lw=0.8,r=0.02,w=0.25; a=1,lw=0.5,r=0.015,w=0.25",0.055,80.0,0.2,0.5,0.2,0.02,10.0,0.015463790366418503,0.08000121104327541,0.11877664733257029
five_level_weak_anharmonic,fullpulse055_w80_tail02_worst05_slew10,0.03,combined,0.001,0.0005,28,0.9587283814039618,0.002467181846788735,0.08824161767675665,0.06507864114078096,0.9479137194551576,0.0032456571278728385,120,163.59141607931815,0.08184946792512907,1993,True,"full pulse, cap 0.055, weight 80, tail 0.2, worst 0.5, slew 10","a=0.8,lw=1.5,r=0.04,w=0.25; a=1,lw=0.8,r=0.02,w=0.25; a=1,lw=0.5,r=0.015,w=0.25",0.055,80.0,0.2,0.5,0.2,0.02,10.0,0.015463790366418503,0.08000121104327541,0.11877664733257029
five_level_weak_anharmonic,fullpulse055_w80_tail02_worst05_slew10,0.03,combined,0.001,0.0005,29,0.9692943323827605,0.0019167021028398956,0.07215666840113044,0.039935331305439345,0.9486656894050456,0.0032456571278728385,120,163.59141607931815,0.08184946792512907,1993,True,"full pulse, cap 0.055, weight 80, tail 0.2, worst 0.5, slew 10","a=0.8,lw=1.5,r=0.04,w=0.25; a=1,lw=0.8,r=0.02,w=0.25; a=1,lw=0.5,r=0.015,w=0.25",0.055,80.0,0.2,0.5,0.2,0.02,10.0,0.015463790366418503,0.08000121104327541,0.11877664733257029
five_level_weak_anharmonic,fullpulse055_w80_tail02_worst05_slew10,0.03,combined,0.001,0.0005,30,0.9611021364028066,0.0025810924083849995,0.06743436215417153,0.039217980270379746,0.9489342098115409,0.0032456571278728385,120,163.59141607931815,0.08184946792512907,1993,True,"full pulse, cap 0.055, weight 80, tail 0.2, worst 0.5, slew 10","a=0.8,lw=1.5,r=0.04,w=0.25; a=1,lw=0.8,r=0.02,w=0.25; a=1,lw=0.5,r=0.015,w=0.25",0.055,80.0,0.2,0.5,0.2,0.02,10.0,0.015463790366418503,0.08000121104327541,0.11877664733257029
five_level_weak_anharmonic,fullpulse055_w80_tail02_worst05_slew10,0.03,combined,0.001,0.0005,31,0.912752494103135,0.0018860767175802318,0.08715476003434264,0.1170657478236616,0.9477393816635175,0.0032456571278728385,120,163.59141607931815,0.08184946792512907,1993,True,"full pulse, cap 0.055, weight 80, tail 0.2, worst 0.5, slew 10","a=0.8,lw=1.5,r=0.04,w=0.25; a=1,lw=0.8,r=0.02,w=0.25; a=1,lw=0.5,r=0.015,w=0.25",0.055,80.0,0.2,0.5,0.2,0.02,10.0,0.015463790366418503,0.08000121104327541,0.11877664733257029
five_level_weak_anharmonic,fullpulse055_w80_tail02_worst05_slew10,0.03,combined,0.001,0.0005,32,0.9184934883629734,0.0027163095173636798,0.07858813368426543,0.10643761846203349,0.9477789905142604,0.0032456571278728385,120,163.59141607931815,0.08184946792512907,1993,True,"full pulse, cap 0.055, weight 80, tail 0.2, worst 0.5, slew 10","a=0.8,lw=1.5,r=0.04,w=0.25; a=1,lw=0.8,r=0.02,w=0.25; a=1,lw=0.5,r=0.015,w=0.25",0.055,80.0,0.2,0.5,0.2,0.02,10.0,0.015463790366418503,0.08000121104327541,0.11877664733257029
five_level_weak_anharmonic,fullpulse055_w80_tail02_worst05_slew10,0.03,combined,0.001,0.0005,33,0.9577946003181091,0.0019810423880753936,0.0704623812967462,0.03615733291270263,0.9485378953188087,0.0032456571278728385,120,163.59141607931815,0.08184946792512907,1993,True,"full pulse, cap 0.055, weight 80, tail 0.2, worst 0.5, slew 10","a=0.8,lw=1.5,r=0.04,w=0.25; a=1,lw=0.8,r=0.02,w=0.25; a=1,lw=0.5,r=0.015,w=0.25",0.055,80.0,0.2,0.5,0.2,0.02,10.0,0.015463790366418503,0.08000121104327541,0.11877664733257029
five_level_weak_anharmonic,fullpulse055_w80_tail02_worst05_slew10,0.03,combined,0.001,0.0005,34,0.9692420895311455,0.004597404205150202,0.08972873040422946,0.049129556901383147,0.9478553525933373,0.0032456571278728385,120,163.59141607931815,0.08184946792512907,1993,True,"full pulse, cap 0.055, weight 80, tail 0.2, worst 0.5, slew 10","a=0.8,lw=1.5,r=0.04,w=0.25; a=1,lw=0.8,r=0.02,w=0.25; a=1,lw=0.5,r=0.015,w=0.25",0.055,80.0,0.2,0.5,0.2,0.02,10.0,0.015463790366418503,0.08000121104327541,0.11877664733257029
five_level_weak_anharmonic,fullpulse055_w80_tail02_worst05_slew10,0.03,combined,0.001,0.0005,35,0.9309441507493027,0.003326932114102954,0.08597326592219001,0.05123955083037913,0.9469372724582995,0.0032456571278728385,120,163.59141607931815,0.08184946792512907,1993,True,"full pulse, cap 0.055, weight 80, tail 0.2, worst 0.5, slew 10","a=0.8,lw=1.5,r=0.04,w=0.25; a=1,lw=0.8,r=0.02,w=0.25; a=1,lw=0.5,r=0.015,w=0.25",0.055,80.0,0.2,0.5,0.2,0.02,10.0,0.015463790366418503,0.08000121104327541,0.11877664733257029
five_level_weak_anharmonic,fullpulse055_w80_tail02_worst05_slew10,0.03,combined,0.001,0.0005,36,0.9402206247236599,0.0019524468132885442,0.08093974278763483,0.07833385093126992,0.9477468999451356,0.0032456571278728385,120,163.59141607931815,0.08184946792512907,1993,True,"full pulse, cap 0.055, weight 80, tail 0.2, worst 0.5, slew 10","a=0.8,lw=1.5,r=0.04,w=0.25; a=1,lw=0.8,r=0.02,w=0.25; a=1,lw=0.5,r=0.015,w=0.25",0.055,80.0,0.2,0.5,0.2,0.02,10.0,0.015463790366418503,0.08000121104327541,0.11877664733257029
five_level_weak_anharmonic,fullpulse055_w80_tail02_worst05_slew10,0.03,combined,0.001,0.0005,37,0.7889690841630393,0.0024090344278230313,0.06145367374891331,0.13748192299225093,0.9488313713214762,0.0032456571278728385,120,163.59141607931815,0.08184946792512907,1993,True,"full pulse, cap 0.055, weight 80, tail 0.2, worst 0.5, slew 10","a=0.8,lw=1.5,r=0.04,w=0.25; a=1,lw=0.8,r=0.02,w=0.25; a=1,lw=0.5,r=0.015,w=0.25",0.055,80.0,0.2,0.5,0.2,0.02,10.0,0.015463790366418503,0.08000121104327541,0.11877664733257029
five_level_weak_anharmonic,fullpulse055_w80_tail02_worst05_slew10,0.03,combined,0.001,0.0005,38,0.9659338567727462,0.0014168290181829635,0.05377771051356617,0.05927770088457771,0.9494879801965608,0.0032456571278728385,120,163.59141607931815,0.08184946792512907,1993,True,"full pulse, cap 0.055, weight 80, tail 0.2, worst 0.5, slew 10","a=0.8,lw=1.5,r=0.04,w=0.25; a=1,lw=0.8,r=0.02,w=0.25; a=1,lw=0.5,r=0.015,w=0.25",0.055,80.0,0.2,0.5,0.2,0.02,10.0,0.015463790366418503,0.08000121104327541,0.11877664733257029
five_level_weak_anharmonic,fullpulse055_w80_tail02_worst05_slew10,0.03,combined,0.001,0.0005,39,0.9512186139003185,0.0030789353033253697,0.08096990263411308,0.06607023708140634,0.947598779941319,0.0032456571278728385,120,163.59141607931815,0.08184946792512907,1993,True,"full pulse, cap 0.055, weight 80, tail 0.2, worst 0.5, slew 10","a=0.8,lw=1.5,r=0.04,w=0.25; a=1,lw=0.8,r=0.02,w=0.25; a=1,lw=0.5,r=0.015,w=0.25",0.055,80.0,0.2,0.5,0.2,0.02,10.0,0.015463790366418503,0.08000121104327541,0.11877664733257029
five_level_weak_anharmonic,fullpulse055_w80_tail02_worst05_slew10,0.03,combined,0.001,0.0005,40,0.9711736958502752,0.0028407268015004927,0.08639043583873418,0.03631110202236672,0.9478516871989257,0.0032456571278728385,120,163.59141607931815,0.08184946792512907,1993,True,"full pulse, cap 0.055, weight 80, tail 0.2, worst 0.5, slew 10","a=0.8,lw=1.5,r=0.04,w=0.25; a=1,lw=0.8,r=0.02,w=0.25; a=1,lw=0.5,r=0.015,w=0.25",0.055,80.0,0.2,0.5,0.2,0.02,10.0,0.015463790366418503,0.08000121104327541,0.11877664733257029
five_level_weak_anharmonic,fullpulse055_w80_tail02_worst05_slew10,0.03,combined,0.001,0.0005,41,0.9720839590179012,0.0023974803042291493,0.08345749534617997,0.04057798041861813,0.9471638310508993,0.0032456571278728385,120,163.59141607931815,0.08184946792512907,1993,True,"full pulse, cap 0.055, weight 80, tail 0.2, worst 0.5, slew 10","a=0.8,lw=1.5,r=0.04,w=0.25; a=1,lw=0.8,r=0.02,w=0.25; a=1,lw=0.5,r=0.015,w=0.25",0.055,80.0,0.2,0.5,0.2,0.02,10.0,0.015463790366418503,0.08000121104327541,0.11877664733257029
five_level_weak_anharmonic,fullpulse055_w80_tail02_worst05_slew10,0.03,combined,0.001,0.0005,42,0.9629081167505448,0.002595125879566673,0.08359707790293491,0.05387857941970351,0.9488759714468468,0.0032456571278728385,120,163.59141607931815,0.08184946792512907,1993,True,"full pulse, cap 0.055, weight 80, tail 0.2, worst 0.5, slew 10","a=0.8,lw=1.5,r=0.04,w=0.25; a=1,lw=0.8,r=0.02,w=0.25; a=1,lw=0.5,r=0.015,w=0.25",0.055,80.0,0.2,0.5,0.2,0.02,10.0,0.015463790366418503,0.08000121104327541,0.11877664733257029
five_level_weak_anharmonic,fullpulse055_w80_tail02_worst05_slew10,0.03,combined,0.001,0.0005,43,0.9265003985865732,0.0017598036189356847,0.06878922005356702,0.08504356476483639,0.9481618840191154,0.0032456571278728385,120,163.59141607931815,0.08184946792512907,1993,True,"full pulse, cap 0.055, weight 80, tail 0.2, worst 0.5, slew 10","a=0.8,lw=1.5,r=0.04,w=0.25; a=1,lw=0.8,r=0.02,w=0.25; a=1,lw=0.5,r=0.015,w=0.25",0.055,80.0,0.2,0.5,0.2,0.02,10.0,0.015463790366418503,0.08000121104327541,0.11877664733257029
five_level_weak_anharmonic,fullpulse055_w80_tail02_worst05_slew10,0.03,combined,0.001,0.0005,44,0.9510893011533279,0.0015854202617996416,0.05846713382256341,0.06640275048126727,0.9500976929047099,0.0032456571278728385,120,163.59141607931815,0.08184946792512907,1993,True,"full pulse, cap 0.055, weight 80, tail 0.2, worst 0.5, slew 10","a=0.8,lw=1.5,r=0.04,w=0.25; a=1,lw=0.8,r=0.02,w=0.25; a=1,lw=0.5,r=0.015,w=0.25",0.055,80.0,0.2,0.5,0.2,0.02,10.0,0.015463790366418503,0.08000121104327541,0.11877664733257029
five_level_weak_anharmonic,fullpulse055_w80_tail02_worst05_slew10,0.03,combined,0.001,0.0005,45,0.9725520880717639,0.0026671793163880464,0.0814144039707696,0.04403839583012747,0.9482579651587834,0.0032456571278728385,120,163.59141607931815,0.08184946792512907,1993,True,"full pulse, cap 0.055, weight 80, tail 0.2, worst 0.5, slew 10","a=0.8,lw=1.5,r=0.04,w=0.25; a=1,lw=0.8,r=0.02,w=0.25; a=1,lw=0.5,r=0.015,w=0.25",0.055,80.0,0.2,0.5,0.2,0.02,10.0,0.015463790366418503,0.08000121104327541,0.11877664733257029
five_level_weak_anharmonic,fullpulse055_w80_tail02_worst05_slew10,0.03,combined,0.001,0.0005,46,0.9282078476267633,0.0017038460069387362,0.07342383943446451,0.08467067208847538,0.9473856131458569,0.0032456571278728385,120,163.59141607931815,0.08184946792512907,1993,True,"full pulse, cap 0.055, weight 80, tail 0.2, worst 0.5, slew 10","a=0.8,lw=1.5,r=0.04,w=0.25; a=1,lw=0.8,r=0.02,w=0.25; a=1,lw=0.5,r=0.015,w=0.25",0.055,80.0,0.2,0.5,0.2,0.02,10.0,0.015463790366418503,0.08000121104327541,0.11877664733257029
five_level_weak_anharmonic,fullpulse055_w80_tail02_worst05_slew10,0.03,combined,0.001,0.0005,47,0.9671621190819125,0.0019814982852225382,0.07342935475084766,0.031121847858747397,0.9475286719111154,0.0032456571278728385,120,163.59141607931815,0.08184946792512907,1993,True,"full pulse, cap 0.055, weight 80, tail 0.2, worst 0.5, slew 10","a=0.8,lw=1.5,r=0.04,w=0.25; a=1,lw=0.8,r=0.02,w=0.25; a=1,lw=0.5,r=0.015,w=0.25",0.055,80.0,0.2,0.5,0.2,0.02,10.0,0.015463790366418503,0.08000121104327541,0.11877664733257029
five_level_weak_anharmonic,fullpulse055_w80_tail02_worst05_slew10,0.03,combined,0.001,0.0005,48,0.8074840866162272,0.002538150853515053,0.08390118929187207,0.20510901056321557,0.9474427408951941,0.0032456571278728385,120,163.59141607931815,0.08184946792512907,1993,True,"full pulse, cap 0.055, weight 80, tail 0.2, worst 0.5, slew 10","a=0.8,lw=1.5,r=0.04,w=0.25; a=1,lw=0.8,r=0.02,w=0.25; a=1,lw=0.5,r=0.015,w=0.25",0.055,80.0,0.2,0.5,0.2,0.02,10.0,0.015463790366418503,0.08000121104327541,0.11877664733257029
five_level_weak_anharmonic,fullpulse055_w80_tail02_worst05_slew10,0.03,combined,0.001,0.0005,49,0.9584505593668591,0.0020612307544070063,0.07290249691336537,0.032588591501819544,0.9473533434201585,0.0032456571278728385,120,163.59141607931815,0.08184946792512907,1993,True,"full pulse, cap 0.055, weight 80, tail 0.2, worst 0.5, slew 10","a=0.8,lw=1.5,r=0.04,w=0.25; a=1,lw=0.8,r=0.02,w=0.25; a=1,lw=0.5,r=0.015,w=0.25",0.055,80.0,0.2,0.5,0.2,0.02,10.0,0.015463790366418503,0.08000121104327541,0.11877664733257029
five_level_weak_anharmonic,fullpulse055_w80_tail02_worst05_slew10,0.03,combined,0.001,0.0005,50,0.9468771241778099,0.0027968191736948977,0.0732285554845491,0.050744116501902,0.9479695596357424,0.0032456571278728385,120,163.59141607931815,0.08184946792512907,1993,True,"full pulse, cap 0.055, weight 80, tail 0.2, worst 0.5, slew 10","a=0.8,lw=1.5,r=0.04,w=0.25; a=1,lw=0.8,r=0.02,w=0.25; a=1,lw=0.5,r=0.015,w=0.25",0.055,80.0,0.2,0.5,0.2,0.02,10.0,0.015463790366418503,0.08000121104327541,0.11877664733257029
five_level_weak_anharmonic,fullpulse055_w80_tail02_worst05_slew10,0.03,combined,0.001,0.0005,51,0.9514328438828181,0.003384995510024691,0.08888305025836885,0.03547880240173011,0.9472319827239251,0.0032456571278728385,120,163.59141607931815,0.08184946792512907,1993,True,"full pulse, cap 0.055, weight 80, tail 0.2, worst 0.5, slew 10","a=0.8,lw=1.5,r=0.04,w=0.25; a=1,lw=0.8,r=0.02,w=0.25; a=1,lw=0.5,r=0.015,w=0.25",0.055,80.0,0.2,0.5,0.2,0.02,10.0,0.015463790366418503,0.08000121104327541,0.11877664733257029
five_level_weak_anharmonic,fullpulse055_w80_tail02_worst05_slew10,0.03,combined,0.001,0.0005,52,0.9722861843407622,0.0020911213791126038,0.07316724464566915,0.04091155663586618,0.9472077769097599,0.0032456571278728385,120,163.59141607931815,0.08184946792512907,1993,True,"full pulse, cap 0.055, weight 80, tail 0.2, worst 0.5, slew 10","a=0.8,lw=1.5,r=0.04,w=0.25; a=1,lw=0.8,r=0.02,w=0.25; a=1,lw=0.5,r=0.015,w=0.25",0.055,80.0,0.2,0.5,0.2,0.02,10.0,0.015463790366418503,0.08000121104327541,0.11877664733257029
five_level_weak_anharmonic,fullpulse055_w80_tail02_worst05_slew10,0.03,combined,0.001,0.0005,53,0.9213518701417549,0.0027276918293316355,0.07980029287444101,0.10008343437378965,0.9483042311976541,0.0032456571278728385,120,163.59141607931815,0.08184946792512907,1993,True,"full pulse, cap 0.055, weight 80, tail 0.2, worst 0.5, slew 10","a=0.8,lw=1.5,r=0.04,w=0.25; a=1,lw=0.8,r=0.02,w=0.25; a=1,lw=0.5,r=0.015,w=0.25",0.055,80.0,0.2,0.5,0.2,0.02,10.0,0.015463790366418503,0.08000121104327541,0.11877664733257029
five_level_weak_anharmonic,fullpulse055_w80_tail02_worst05_slew10,0.03,combined,0.001,0.0005,54,0.9290238353294784,0.0025512602675157314,0.08056546096104533,0.09503219265160791,0.9476738144461433,0.0032456571278728385,120,163.59141607931815,0.08184946792512907,1993,True,"full pulse, cap 0.055, weight 80, tail 0.2, worst 0.5, slew 10","a=0.8,lw=1.5,r=0.04,w=0.25; a=1,lw=0.8,r=0.02,w=0.25; a=1,lw=0.5,r=0.015,w=0.25",0.055,80.0,0.2,0.5,0.2,0.02,10.0,0.015463790366418503,0.08000121104327541,0.11877664733257029
five_level_weak_anharmonic,fullpulse055_w80_tail02_worst05_slew10,0.03,combined,0.001,0.0005,55,0.9472477325644364,0.003280903909420041,0.07543149533798776,0.07315967083801583,0.9494831920086632,0.0032456571278728385,120,163.59141607931815,0.08184946792512907,1993,True,"full pulse, cap 0.055, weight 80, tail 0.2, worst 0.5, slew 10","a=0.8,lw=1.5,r=0.04,w=0.25; a=1,lw=0.8,r=0.02,w=0.25; a=1,lw=0.5,r=0.015,w=0.25",0.055,80.0,0.2,0.5,0.2,0.02,10.0,0.015463790366418503,0.08000121104327541,0.11877664733257029
five_level_weak_anharmonic,fullpulse055_w80_tail02_worst05_slew10,0.03,combined,0.001,0.0005,56,0.9129691712716613,0.0031555166413985702,0.07729122405122968,0.1116136406568759,0.9475189704278753,0.0032456571278728385,120,163.59141607931815,0.08184946792512907,1993,True,"full pulse, cap 0.055, weight 80, tail 0.2, worst 0.5, slew 10","a=0.8,lw=1.5,r=0.04,w=0.25; a=1,lw=0.8,r=0.02,w=0.25; a=1,lw=0.5,r=0.015,w=0.25",0.055,80.0,0.2,0.5,0.2,0.02,10.0,0.015463790366418503,0.08000121104327541,0.11877664733257029
five_level_weak_anharmonic,fullpulse055_w80_tail02_worst05_slew10,0.03,combined,0.001,0.0005,57,0.8526475290060062,0.008577601741648011,0.08363012830344774,0.09171062893589044,0.9468429928399166,0.0032456571278728385,120,163.59141607931815,0.08184946792512907,1993,True,"full pulse, cap 0.055, weight 80, tail 0.2, worst 0.5, slew 10","a=0.8,lw=1.5,r=0.04,w=0.25; a=1,lw=0.8,r=0.02,w=0.25; a=1,lw=0.5,r=0.015,w=0.25",0.055,80.0,0.2,0.5,0.2,0.02,10.0,0.015463790366418503,0.08000121104327541,0.11877664733257029
five_level_weak_anharmonic,fullpulse055_w80_tail02_worst05_slew10,0.03,combined,0.001,0.0005,58,0.9494593599783637,0.0013701045348352148,0.06604062142982403,0.060900668687216976,0.9481189110781101,0.0032456571278728385,120,163.59141607931815,0.08184946792512907,1993,True,"full pulse, cap 0.055, weight 80, tail 0.2, worst 0.5, slew 10","a=0.8,lw=1.5,r=0.04,w=0.25; a=1,lw=0.8,r=0.02,w=0.25; a=1,lw=0.5,r=0.015,w=0.25",0.055,80.0,0.2,0.5,0.2,0.02,10.0,0.015463790366418503,0.08000121104327541,0.11877664733257029
five_level_weak_anharmonic,fullpulse055_w80_tail02_worst05_slew10,0.03,combined,0.001,0.0005,59,0.9096639589397943,0.0022503082870397595,0.08874353740149443,0.10762965100569374,0.9463229745457613,0.0032456571278728385,120,163.59141607931815,0.08184946792512907,1993,True,"full pulse, cap 0.055, weight 80, tail 0.2, worst 0.5, slew 10","a=0.8,lw=1.5,r=0.04,w=0.25; a=1,lw=0.8,r=0.02,w=0.25; a=1,lw=0.5,r=0.015,w=0.25",0.055,80.0,0.2,0.5,0.2,0.02,10.0,0.015463790366418503,0.08000121104327541,0.11877664733257029
