system,controller,eval_strength,noise_case,gamma_phi,gamma_relax,seed,final_fidelity,final_leakage,max_leakage,tail_infidelity_mean,final_purity,pulse_energy,segments,training_seconds,training_objective,optimizer_iterations,optimizer_success,training_set_label,train_seeds,eval_seeds,stage_description
five_level_weak_anharmonic,training_ensemble_path_seed,0.03,static_only,0.0,0.0,60,0.8329163714725133,0.04346757892310171,0.05400417860011808,0.10592845339743029,0.9999998186170493,0.0013843749999999998,120,66.76831745100208,,,,path seed,,60-109,
five_level_weak_anharmonic,training_ensemble_path_seed,0.03,static_only,0.0,0.0,61,0.8787499282269695,0.056324919666747686,0.056324919666747686,0.18721688861440738,0.9999999047151329,0.0013843749999999998,120,66.76831745100208,,,,path seed,,60-109,
five_level_weak_anharmonic,training_ensemble_path_seed,0.03,static_only,0.0,0.0,62,0.7887704664436395,0.06557128407854973,0.06557128407854973,0.29634309758767996,0.9999999217033366,0.0013843749999999998,120,66.76831745100208,,,,path seed,,60-109,
five_level_weak_anharmonic,training_ensemble_path_seed,0.03,static_only,0.0,0.0,63,0.8825507378067586,0.033001208841962004,0.03936910717683173,0.060431571419448354,0.9999998527728767,0.0013843749999999998,120,66.76831745100208,,,,path seed,,60-109,
five_level_weak_anharmonic,training_ensemble_path_seed,0.03,static_only,0.0,0.0,64,0.9115612073874787,0.032285482552928846,0.034165295020595954,0.17886252217600437,0.999999931238683,0.0013843749999999998,120,66.76831745100208,,,,path seed,,60-109,
five_level_weak_anharmonic,training_ensemble_path_seed,0.03,static_only,0.0,0.0,65,0.6553075469564227,0.028133473699815115,0.05055842269178368,0.2010389852855155,0.9999997817625427,0.0013843749999999998,120,66.76831745100208,,,,path seed,,60-109,
five_level_weak_anharmonic,training_ensemble_path_seed,0.03,static_only,0.0,0.0,66,0.8671810361458029,0.037717483312403766,0.040153414176993696,0.15429103851640522,0.9999998870775942,0.0013843749999999998,120,66.76831745100208,,,,path seed,,60-109,
five_level_weak_anharmonic,training_ensemble_path_seed,0.03,static_only,0.0,0.0,67,0.9399513114349725,0.05923852150565834,0.06466798645728977,0.08728895803613039,0.999999836254228,0.0013843749999999998,120,66.76831745100208,,,,path seed,,60-109,
five_level_weak_anharmonic,training_ensemble_path_seed,0.03,static_only,0.0,0.0,68,0.6438551113757154,0.03310634805033863,0.03310634805033863,0.40750667081767555,0.999999944868625,0.0013843749999999998,120,66.76831745100208,,,,path seed,,60-109,
five_level_weak_anharmonic,training_ensemble_path_seed,0.03,static_only,0.0,0.0,69,0.8634066928926232,0.05287437305225762,0.05287437305225762,0.14491403686297497,0.9999998862303058,0.0013843749999999998,120,66.76831745100208,,,,path seed,,60-109,
five_level_weak_anharmonic,training_ensemble_path_seed,0.03,static_only,0.0,0.0,70,0.9320615392564768,0.057081375647541455,0.057081375647541455,0.10040244680601415,0.9999998913017804,0.0013843749999999998,120,66.76831745100208,,,,path seed,,60-109,
five_level_weak_anharmonic,training_ensemble_path_seed,0.03,static_only,0.0,0.0,71,0.8596362283952396,0.02529824033833994,0.05513356583498119,0.0999735851254438,0.9999998037165718,0.0013843749999999998,120,66.76831745100208,,,,path seed,,60-109,
five_level_weak_anharmonic,training_ensemble_path_seed,0.03,static_only,0.0,0.0,72,0.8200143276641015,0.04779389352140617,0.050286100321215055,0.091812661965301,0.999999830461661,0.0013843749999999998,120,66.76831745100208,,,,path seed,,60-109,
five_level_weak_anharmonic,training_ensemble_path_seed,0.03,static_only,0.0,0.0,73,0.8022195770732106,0.04773893579958921,0.05302896150944858,0.10030151388021076,0.9999998237339203,0.0013843749999999998,120,66.76831745100208,,,,path seed,,60-109,
five_level_weak_anharmonic,training_ensemble_path_seed,0.03,static_only,0.0,0.0,74,0.8590991951174289,0.03010530298223768,0.04404919121424555,0.09244495758897528,0.9999998560901489,0.0013843749999999998,120,66.76831745100208,,,,path seed,,60-109,
five_level_weak_anharmonic,training_ensemble_path_seed,0.03,static_only,0.0,0.0,75,0.912653850082274,0.05252996734634563,0.053729514904561126,0.05203389981030169,0.9999998523153104,0.0013843749999999998,120,66.76831745100208,,,,path seed,,60-109,
five_level_weak_anharmonic,training_ensemble_path_seed,0.03,static_only,0.0,0.0,76,0.5888571720522765,0.025743201129438398,0.045001444392925416,0.24793620947955675,0.9999997949031031,0.0013843749999999998,120,66.76831745100208,,,,path seed,,60-109,
five_level_weak_anharmonic,training_ensemble_path_seed,0.03,static_only,0.0,0.0,77,0.918847374598592,0.059357176710429616,0.059357176710429616,0.10698732330126141,0.9999998774849369,0.0013843749999999998,120,66.76831745100208,,,,path seed,,60-109,
five_level_weak_anharmonic,training_ensemble_path_seed,0.03,static_only,0.0,0.0,78,0.7339956248549736,0.02925739209660827,0.04493632751552301,0.1367213957124823,0.9999998371913975,0.0013843749999999998,120,66.76831745100208,,,,path seed,,60-109,
five_level_weak_anharmonic,training_ensemble_path_seed,0.03,static_only,0.0,0.0,79,0.8189500342968039,0.0353066446777337,0.03789396565522174,0.23934248327171573,0.9999999197233413,0.0013843749999999998,120,66.76831745100208,,,,path seed,,60-109,
five_level_weak_anharmonic,training_ensemble_path_seed,0.03,static_only,0.0,0.0,80,0.689414436730007,0.025846035158906155,0.02828079175229692,0.3542476576340091,0.9999999345737521,0.0013843749999999998,120,66.76831745100208,,,,path seed,,60-109,
five_level_weak_anharmonic,training_ensemble_path_seed,0.03,static_only,0.0,0.0,81,0.6230371954788334,0.03144526126526337,0.042395650521841466,0.2323836972337207,0.9999998070151861,0.0013843749999999998,120,66.76831745100208,,,,path seed,,60-109,
five_level_weak_anharmonic,training_ensemble_path_seed,0.03,static_only,0.0,0.0,82,0.8886985832887598,0.045890295727955444,0.05113478022413476,0.16580292638387983,0.9999998885139371,0.0013843749999999998,120,66.76831745100208,,,,path seed,,60-109,
five_level_weak_anharmonic,training_ensemble_path_seed,0.03,static_only,0.0,0.0,83,0.8159562577892104,0.0486225964299164,0.05700976399594704,0.09909367050058332,0.9999997890327331,0.0013843749999999998,120,66.76831745100208,,,,path seed,,60-109,
five_level_weak_anharmonic,training_ensemble_path_seed,0.03,static_only,0.0,0.0,84,0.8806413178555906,0.03473389413954575,0.04064363453798647,0.06953227625665605,0.9999998546499244,0.0013843749999999998,120,66.76831745100208,,,,path seed,,60-109,
five_level_weak_anharmonic,training_ensemble_path_seed,0.03,static_only,0.0,0.0,85,0.5954718829941955,0.016598266730579514,0.022651209647060244,0.4307860237227469,0.999999935667751,0.0013843749999999998,120,66.76831745100208,,,,path seed,,60-109,
five_level_weak_anharmonic,training_ensemble_path_seed,0.03,static_only,0.0,0.0,86,0.9110865505562425,0.05986666774473681,0.05986666774473681,0.0592277240989686,0.9999998173859734,0.0013843749999999998,120,66.76831745100208,,,,path seed,,60-109,
five_level_weak_anharmonic,training_ensemble_path_seed,0.03,static_only,0.0,0.0,87,0.8916913600895506,0.04122441116201547,0.04596231683354024,0.13157315739282652,0.9999998934847952,0.0013843749999999998,120,66.76831745100208,,,,path seed,,60-109,
five_level_weak_anharmonic,training_ensemble_path_seed,0.03,static_only,0.0,0.0,88,0.880542354861698,0.042819609294511896,0.04805554176164217,0.21952877444436283,0.9999999058809846,0.0013843749999999998,120,66.76831745100208,,,,path seed,,60-109,
five_level_weak_anharmonic,training_ensemble_path_seed,0.03,static_only,0.0,0.0,89,0.8902530765129146,0.04045794055531249,0.0490175437917173,0.13166417129191152,0.9999998982661389,0.0013843749999999998,120,66.76831745100208,,,,path seed,,60-109,
five_level_weak_anharmonic,training_ensemble_path_seed,0.03,static_only,0.0,0.0,90,0.6826915410786989,0.02847635212025046,0.030382590377559193,0.33803146087045255,0.9999999124539994,0.0013843749999999998,120,66.76831745100208,,,,path seed,,60-109,
five_level_weak_anharmonic,training_ensemble_path_seed,0.03,static_only,0.0,0.0,91,0.8475618278332523,0.04105087406715513,0.048637501752491374,0.07507301102491366,0.9999998081863047,0.0013843749999999998,120,66.76831745100208,,,,path seed,,60-109,
five_level_weak_anharmonic,training_ensemble_path_seed,0.03,static_only,0.0,0.0,92,0.8419262447204086,0.04277793347100589,0.04922859257263512,0.07967301232824135,0.9999998428837431,0.0013843749999999998,120,66.76831745100208,,,,path seed,,60-109,
five_level_weak_anharmonic,training_ensemble_path_seed,0.03,static_only,0.0,0.0,93,0.7176960241788277,0.034555891859179066,0.034555891859179066,0.32016074179251847,0.9999999202864768,0.0013843749999999998,120,66.76831745100208,,,,path seed,,60-109,
five_level_weak_anharmonic,training_ensemble_path_seed,0.03,static_only,0.0,0.0,94,0.9073463638952296,0.030759266790821416,0.03601574764536852,0.1047922094270756,0.9999998814841894,0.0013843749999999998,120,66.76831745100208,,,,path seed,,60-109,
five_level_weak_anharmonic,training_ensemble_path_seed,0.03,static_only,0.0,0.0,95,0.8811137842360482,0.042220123630698936,0.04245563820161147,0.15173934626628222,0.999999907153476,0.0013843749999999998,120,66.76831745100208,,,,path seed,,60-109,
five_level_weak_anharmonic,training_ensemble_path_seed,0.03,static_only,0.0,0.0,96,0.8168173627156495,0.03932067710478593,0.04422155598056132,0.08697226945544179,0.9999998246350703,0.0013843749999999998,120,66.76831745100208,,,,path seed,,60-109,
five_level_weak_anharmonic,training_ensemble_path_seed,0.03,static_only,0.0,0.0,97,0.8864933342259482,0.03547769187677341,0.043280460576353263,0.06025603333880018,0.9999998405506987,0.0013843749999999998,120,66.76831745100208,,,,path seed,,60-109,
five_level_weak_anharmonic,training_ensemble_path_seed,0.03,static_only,0.0,0.0,98,0.9201951304329249,0.05567735821864095,0.05567735821864095,0.1181118789163851,0.9999998690767222,0.0013843749999999998,120,66.76831745100208,,,,path seed,,60-109,
five_level_weak_anharmonic,training_ensemble_path_seed,0.03,static_only,0.0,0.0,99,0.8641498906225283,0.03915196958268152,0.04145707704712942,0.15937367150661022,0.9999998960812134,0.0013843749999999998,120,66.76831745100208,,,,path seed,,60-109,
five_level_weak_anharmonic,training_ensemble_path_seed,0.03,static_only,0.0,0.0,100,0.8015618488893302,0.04003551243790282,0.04499339668733715,0.10343828575689246,0.9999998276617951,0.0013843749999999998,120,66.76831745100208,,,,path seed,,60-109,
five_level_weak_anharmonic,training_ensemble_path_seed,0.03,static_only,0.0,0.0,101,0.8477629457291977,0.047658932809710564,0.047658932809710564,0.20969429948254856,0.9999999141479535,0.0013843749999999998,120,66.76831745100208,,,,path seed,,60-109,
five_level_weak_anharmonic,training_ensemble_path_seed,0.03,static_only,0.0,0.0,102,0.7450225108541674,0.02947361024860129,0.03857024251081431,0.14922767357609643,0.9999998442480638,0.0013843749999999998,120,66.76831745100208,,,,path seed,,60-109,
five_level_weak_anharmonic,training_ensemble_path_seed,0.03,static_only,0.0,0.0,103,0.779659196767636,0.04183438038087561,0.04183438038087561,0.29465027458274307,0.9999999319538532,0.0013843749999999998,120,66.76831745100208,,,,path seed,,60-109,
five_level_weak_anharmonic,training_ensemble_path_seed,0.03,static_only,0.0,0.0,104,0.7110144945780503,0.027969172410315046,0.04086387907350031,0.2125167052814485,0.9999998119386923,0.0013843749999999998,120,66.76831745100208,,,,path seed,,60-109,
five_level_weak_anharmonic,training_ensemble_path_seed,0.03,static_only,0.0,0.0,105,0.7960576341503328,0.03939083602253457,0.042120437199816285,0.1336793105326442,0.9999998601361907,0.0013843749999999998,120,66.76831745100208,,,,path seed,,60-109,
five_level_weak_anharmonic,training_ensemble_path_seed,0.03,static_only,0.0,0.0,106,0.8640915460215124,0.03374842599519534,0.05419738207286384,0.11858466500508932,0.9999998597338595,0.0013843749999999998,120,66.76831745100208,,,,path seed,,60-109,
five_level_weak_anharmonic,training_ensemble_path_seed,0.03,static_only,0.0,0.0,107,0.7926526657264077,0.03670134934418878,0.03670134934418878,0.2603011270381469,0.9999999209880474,0.0013843749999999998,120,66.76831745100208,,,,path seed,,60-109,
five_level_weak_anharmonic,training_ensemble_path_seed,0.03,static_only,0.0,0.0,108,0.7101517686704617,0.027441526778555048,0.02753752749939098,0.36347115972325045,0.9999999496712036,0.0013843749999999998,120,66.76831745100208,,,,path seed,,60-109,
five_level_weak_anharmonic,training_ensemble_path_seed,0.03,static_only,0.0,0.0,109,0.92270699160883,0.040355550157826325,0.044007034264897826,0.10263653894089676,0.9999998929309095,0.0013843749999999998,120,66.76831745100208,,,,path seed,,60-109,
five_level_weak_anharmonic,training_ensemble_path_seed,0.03,deph_0.001,0.001,0.0,60,0.827116185194794,0.04441993104149622,0.05410815205336672,0.11189936655464706,0.9831808368478644,0.0013843749999999998,120,66.76831745100208,,,,path seed,,60-109,
five_level_weak_anharmonic,training_ensemble_path_seed,0.03,deph_0.001,0.001,0.0,61,0.8716765997921773,0.056388540531523534,0.056388540531523534,0.19293960708854044,0.9789799918078556,0.0013843749999999998,120,66.76831745100208,,,,path seed,,60-109,
five_level_weak_anharmonic,training_ensemble_path_seed,0.03,deph_0.001,0.001,0.0,62,0.7824791017776166,0.06498955510485038,0.06498955510485038,0.30167790897204283,0.9781798980488207,0.0013843749999999998,120,66.76831745100208,,,,path seed,,60-109,
five_level_weak_anharmonic,training_ensemble_path_seed,0.03,deph_0.001,0.001,0.0,63,0.876468736874622,0.033615096172526004,0.03978638479169694,0.06683213217093348,0.9847546547851088,0.0013843749999999998,120,66.76831745100208,,,,path seed,,60-109,
five_level_weak_anharmonic,training_ensemble_path_seed,0.03,deph_0.001,0.001,0.0,64,0.903469178412022,0.03303377425828413,0.034813400566403585,0.18477004441209247,0.9798762748061544,0.0013843749999999998,120,66.76831745100208,,,,path seed,,60-109,
five_level_weak_anharmonic,training_ensemble_path_seed,0.03,deph_0.001,0.001,0.0,65,0.653624201552463,0.029180195585617463,0.050656231915781724,0.20456303149001395,0.9825539341149317,0.0013843749999999998,120,66.76831745100208,,,,path seed,,60-109,
five_level_weak_anharmonic,training_ensemble_path_seed,0.03,deph_0.001,0.001,0.0,66,0.8609588604646531,0.03834233238658402,0.040669090570383926,0.15943131155908946,0.9802111722188304,0.0013843749999999998,120,66.76831745100208,,,,path seed,,60-109,
five_level_weak_anharmonic,training_ensemble_path_seed,0.03,deph_0.001,0.001,0.0,67,0.9316032735405778,0.05974204284965401,0.06483913059871049,0.094458012235875,0.9817757209206033,0.0013843749999999998,120,66.76831745100208,,,,path seed,,60-109,
five_level_weak_anharmonic,training_ensemble_path_seed,0.03,deph_0.001,0.001,0.0,68,0.6423173990180983,0.03316008473294141,0.03316008473294141,0.4084152520458089,0.9762904979922338,0.0013843749999999998,120,66.76831745100208,,,,path seed,,60-109,
five_level_weak_anharmonic,training_ensemble_path_seed,0.03,deph_0.001,0.001,0.0,69,0.8575175792870641,0.052881009879441554,0.052881009879441554,0.1504330923440389,0.9803030024117888,0.0013843749999999998,120,66.76831745100208,,,,path seed,,60-109,
five_level_weak_anharmonic,training_ensemble_path_seed,0.03,deph_0.001,0.001,0.0,70,0.9242423682850832,0.05698570286011495,0.05698570286011495,0.10752648813056284,0.9811447424206449,0.0013843749999999998,120,66.76831745100208,,,,path seed,,60-109,
five_level_weak_anharmonic,training_ensemble_path_seed,0.03,deph_0.001,0.001,0.0,71,0.8528697650305477,0.02721919587472199,0.05485762057887289,0.10582487003128552,0.9825829401098589,0.0013843749999999998,120,66.76831745100208,,,,path seed,,60-109,
five_level_weak_anharmonic,training_ensemble_path_seed,0.03,deph_0.001,0.001,0.0,72,0.8153822206902525,0.04811288591073726,0.050621171416773914,0.09768501084709308,0.9843218323383607,0.0013843749999999998,120,66.76831745100208,,,,path seed,,60-109,
five_level_weak_anharmonic,training_ensemble_path_seed,0.03,deph_0.001,0.001,0.0,73,0.79824162967878,0.04791535470430719,0.053078940254503326,0.10600429094035874,0.9839124270450673,0.0013843749999999998,120,66.76831745100208,,,,path seed,,60-109,
five_level_weak_anharmonic,training_ensemble_path_seed,0.03,deph_0.001,0.001,0.0,74,0.8529253790716605,0.0312247134332847,0.0439501977475415,0.09834196971659803,0.9835031013284957,0.0013843749999999998,120,66.76831745100208,,,,path seed,,60-109,
five_level_weak_anharmonic,training_ensemble_path_seed,0.03,deph_0.001,0.001,0.0,75,0.9059568027326703,0.052636745229152515,0.053863742702650264,0.05925091995424564,0.9841354066072672,0.0013843749999999998,120,66.76831745100208,,,,path seed,,60-109,
five_level_weak_anharmonic,training_ensemble_path_seed,0.03,deph_0.001,0.001,0.0,76,0.5887755176281877,0.02679339339009945,0.04516584135382251,0.25074080932923226,0.9816330634383684,0.0013843749999999998,120,66.76831745100208,,,,path seed,,60-109,
five_level_weak_anharmonic,training_ensemble_path_seed,0.03,deph_0.001,0.001,0.0,77,0.9116110177864049,0.05934056706284485,0.05934056706284485,0.11364407120072802,0.9812865391782815,0.0013843749999999998,120,66.76831745100208,,,,path seed,,60-109,
five_level_weak_anharmonic,training_ensemble_path_seed,0.03,deph_0.001,0.001,0.0,78,0.7307722847671516,0.03035230240338649,0.044850752623395995,0.14156591490127166,0.9841831924400832,0.0013843749999999998,120,66.76831745100208,,,,path seed,,60-109,
five_level_weak_anharmonic,training_ensemble_path_seed,0.03,deph_0.001,0.001,0.0,79,0.8136548141314099,0.03613671357310777,0.03855598598303278,0.2430848909903582,0.9786792758260112,0.0013843749999999998,120,66.76831745100208,,,,path seed,,60-109,
five_level_weak_anharmonic,training_ensemble_path_seed,0.03,deph_0.001,0.001,0.0,80,0.6870712990215563,0.026497575667661755,0.02878105309785428,0.3556180624689093,0.9771399205738907,0.0013843749999999998,120,66.76831745100208,,,,path seed,,60-109,
five_level_weak_anharmonic,training_ensemble_path_seed,0.03,deph_0.001,0.001,0.0,81,0.6218140336894684,0.031781989753867146,0.04253094396874102,0.2354691636923858,0.9829729723244469,0.0013843749999999998,120,66.76831745100208,,,,path seed,,60-109,
five_level_weak_anharmonic,training_ensemble_path_seed,0.03,deph_0.001,0.001,0.0,82,0.8819306535216888,0.04670853777124584,0.05158373835048691,0.17088760804564396,0.9803808103314413,0.0013843749999999998,120,66.76831745100208,,,,path seed,,60-109,
five_level_weak_anharmonic,training_ensemble_path_seed,0.03,deph_0.001,0.001,0.0,83,0.8109591481462057,0.049275563617804496,0.05734188120865136,0.10490902199487245,0.9837028133285144,0.0013843749999999998,120,66.76831745100208,,,,path seed,,60-109,
five_level_weak_anharmonic,training_ensemble_path_seed,0.03,deph_0.001,0.001,0.0,84,0.8747832135528885,0.03525784656841202,0.0409516287347238,0.07555019101775874,0.9845865221395481,0.0013843749999999998,120,66.76831745100208,,,,path seed,,60-109,
five_level_weak_anharmonic,training_ensemble_path_seed,0.03,deph_0.001,0.001,0.0,85,0.594841344432256,0.017571420148080552,0.022779663238500225,0.43072491610080504,0.9759168420558073,0.0013843749999999998,120,66.76831745100208,,,,path seed,,60-109,
five_level_weak_anharmonic,training_ensemble_path_seed,0.03,deph_0.001,0.001,0.0,86,0.9036110141278443,0.06032528034513018,0.06032528034513018,0.06698438048384127,0.9833678316319096,0.0013843749999999998,120,66.76831745100208,,,,path seed,,60-109,
five_level_weak_anharmonic,training_ensemble_path_seed,0.03,deph_0.001,0.001,0.0,87,0.8851549019861437,0.041848013783127636,0.0462929987798657,0.13693699788631578,0.9810554202119112,0.0013843749999999998,120,66.76831745100208,,,,path seed,,60-109,
five_level_weak_anharmonic,training_ensemble_path_seed,0.03,deph_0.001,0.001,0.0,88,0.8722864956033833,0.043826112148384166,0.048631749842076744,0.2251757191959377,0.9783531395392419,0.0013843749999999998,120,66.76831745100208,,,,path seed,,60-109,
five_level_weak_anharmonic,training_ensemble_path_seed,0.03,deph_0.001,0.001,0.0,89,0.8832639892790849,0.04074282597205947,0.04874112519677254,0.1383174560783822,0.979714823334097,0.0013843749999999998,120,66.76831745100208,,,,path seed,,60-109,
five_level_weak_anharmonic,training_ensemble_path_seed,0.03,deph_0.001,0.001,0.0,90,0.6801672950303118,0.02912772604571079,0.030999467542587866,0.3398293455270853,0.9761588377153008,0.0013843749999999998,120,66.76831745100208,,,,path seed,,60-109,
five_level_weak_anharmonic,training_ensemble_path_seed,0.03,deph_0.001,0.001,0.0,91,0.8422756556506108,0.04159203061103245,0.04890378498777992,0.08121471151333033,0.9845254447257327,0.0013843749999999998,120,66.76831745100208,,,,path seed,,60-109,
five_level_weak_anharmonic,training_ensemble_path_seed,0.03,deph_0.001,0.001,0.0,92,0.8370590208689704,0.043110183203779684,0.04932992102550138,0.08565679732683383,0.9845580483796669,0.0013843749999999998,120,66.76831745100208,,,,path seed,,60-109,
five_level_weak_anharmonic,training_ensemble_path_seed,0.03,deph_0.001,0.001,0.0,93,0.7141577487585274,0.035325099439392105,0.035325099439392105,0.3226754660657183,0.9763949433775653,0.0013843749999999998,120,66.76831745100208,,,,path seed,,60-109,
five_level_weak_anharmonic,training_ensemble_path_seed,0.03,deph_0.001,0.001,0.0,94,0.9010268771732477,0.03140578660852633,0.03645972721136359,0.11023501955454088,0.9826891187643051,0.0013843749999999998,120,66.76831745100208,,,,path seed,,60-109,
five_level_weak_anharmonic,training_ensemble_path_seed,0.03,deph_0.001,0.001,0.0,95,0.8746975872738427,0.04250258023508868,0.042693686176380696,0.15708615586189845,0.9802531407576633,0.0013843749999999998,120,66.76831745100208,,,,path seed,,60-109,
five_level_weak_anharmonic,training_ensemble_path_seed,0.03,deph_0.001,0.001,0.0,96,0.8123606358029074,0.03974941823042377,0.044571353573461425,0.09291041460534903,0.9845875334207347,0.0013843749999999998,120,66.76831745100208,,,,path seed,,60-109,
five_level_weak_anharmonic,training_ensemble_path_seed,0.03,deph_0.001,0.001,0.0,97,0.8800091073234966,0.03628488397104046,0.04355054777157685,0.06703987061998984,0.9842364836856429,0.0013843749999999998,120,66.76831745100208,,,,path seed,,60-109,
five_level_weak_anharmonic,training_ensemble_path_seed,0.03,deph_0.001,0.001,0.0,98,0.9125713074571011,0.055975091244796604,0.055975091244796604,0.12478891734535374,0.9811096908148129,0.0013843749999999998,120,66.76831745100208,,,,path seed,,60-109,
five_level_weak_anharmonic,training_ensemble_path_seed,0.03,deph_0.001,0.001,0.0,99,0.858216802250532,0.03963296053732979,0.041844439638159314,0.1643304844056753,0.9802686935774945,0.0013843749999999998,120,66.76831745100208,,,,path seed,,60-109,
five_level_weak_anharmonic,training_ensemble_path_seed,0.03,deph_0.001,0.001,0.0,100,0.7966666422997086,0.040690557994059406,0.045098411925839854,0.10932484716412634,0.9840246657072166,0.0013843749999999998,120,66.76831745100208,,,,path seed,,60-109,
five_level_weak_anharmonic,training_ensemble_path_seed,0.03,deph_0.001,0.001,0.0,101,0.8417898142188645,0.04769719609725831,0.04769719609725831,0.21452080160748604,0.9783517906403105,0.0013843749999999998,120,66.76831745100208,,,,path seed,,60-109,
five_level_weak_anharmonic,training_ensemble_path_seed,0.03,deph_0.001,0.001,0.0,102,0.7414454836179172,0.030186716838849548,0.03862500936560387,0.1538477989381186,0.9837551465476694,0.0013843749999999998,120,66.76831745100208,,,,path seed,,60-109,
five_level_weak_anharmonic,training_ensemble_path_seed,0.03,deph_0.001,0.001,0.0,103,0.7751015297304154,0.042015271135530385,0.042015271135530385,0.29804632537471076,0.9783015901528344,0.0013843749999999998,120,66.76831745100208,,,,path seed,,60-109,
five_level_weak_anharmonic,training_ensemble_path_seed,0.03,deph_0.001,0.001,0.0,104,0.7071605186475447,0.029175076951913903,0.041254800948288595,0.2163653707402749,0.9806269404103323,0.0013843749999999998,120,66.76831745100208,,,,path seed,,60-109,
five_level_weak_anharmonic,training_ensemble_path_seed,0.03,deph_0.001,0.001,0.0,105,0.7914616172303881,0.039890556948609324,0.04216038303714198,0.13884774221270424,0.9828583617823314,0.0013843749999999998,120,66.76831745100208,,,,path seed,,60-109,
five_level_weak_anharmonic,training_ensemble_path_seed,0.03,deph_0.001,0.001,0.0,106,0.8576765105540799,0.03538371219688918,0.053845511848566896,0.123855511822751,0.9820881805215507,0.0013843749999999998,120,66.76831745100208,,,,path seed,,60-109,
five_level_weak_anharmonic,training_ensemble_path_seed,0.03,deph_0.001,0.001,0.0,107,0.7878962532689162,0.03701056405880088,0.03701056405880088,0.26390470266426513,0.9777038449505927,0.0013843749999999998,120,66.76831745100208,,,,path seed,,60-109,
five_level_weak_anharmonic,training_ensemble_path_seed,0.03,deph_0.001,0.001,0.0,108,0.7071107510441739,0.02799966952012145,0.02808083705287423,0.3652771026609482,0.978033082482946,0.0013843749999999998,120,66.76831745100208,,,,path seed,,60-109,
five_level_weak_anharmonic,training_ensemble_path_seed,0.03,deph_0.001,0.001,0.0,109,0.9155042451692293,0.04090495450686793,0.04439689091934229,0.1087120905285457,0.9820289719195331,0.0013843749999999998,120,66.76831745100208,,,,path seed,,60-109,
five_level_weak_anharmonic,training_ensemble_path_seed,0.03,relax_0.0005,0.0,0.0005,60,0.8287755627040486,0.043404818289154434,0.05347269950836553,0.1114400132995747,0.9780866119596305,0.0013843749999999998,120,66.76831745100208,,,,path seed,,60-109,
five_level_weak_anharmonic,training_ensemble_path_seed,0.03,relax_0.0005,0.0,0.0005,61,0.871638528137622,0.05575549916544109,0.05575549916544109,0.19393480447505845,0.9882170185422321,0.0013843749999999998,120,66.76831745100208,,,,path seed,,60-109,
five_level_weak_anharmonic,training_ensemble_path_seed,0.03,relax_0.0005,0.0,0.0005,62,0.7815850663422618,0.06456158731530026,0.06456158731530026,0.3026352499252253,0.9923748123675076,0.0013843749999999998,120,66.76831745100208,,,,path seed,,60-109,
five_level_weak_anharmonic,training_ensemble_path_seed,0.03,relax_0.0005,0.0,0.0005,63,0.8763477221903927,0.03282649986794539,0.03907393359634748,0.06745549396164024,0.9762500203712081,0.0013843749999999998,120,66.76831745100208,,,,path seed,,60-109,
five_level_weak_anharmonic,training_ensemble_path_seed,0.03,relax_0.0005,0.0,0.0005,64,0.9029193996077188,0.03214875220987079,0.03396142018586479,0.18634358201037934,0.987540948569996,0.0013843749999999998,120,66.76831745100208,,,,path seed,,60-109,
five_level_weak_anharmonic,training_ensemble_path_seed,0.03,relax_0.0005,0.0,0.0005,65,0.6527190941820165,0.028254375254801456,0.050060370709948177,0.20535772630280405,0.9746662558348009,0.0013843749999999998,120,66.76831745100208,,,,path seed,,60-109,
five_level_weak_anharmonic,training_ensemble_path_seed,0.03,relax_0.0005,0.0,0.0005,66,0.8614959561678169,0.03754708229740611,0.039920190359350016,0.1603883605489037,0.9843419317127068,0.0013843749999999998,120,66.76831745100208,,,,path seed,,60-109,
five_level_weak_anharmonic,training_ensemble_path_seed,0.03,relax_0.0005,0.0,0.0005,67,0.931418355433802,0.058714980259699456,0.06399699882954901,0.0953687435240322,0.9816185625696812,0.0013843749999999998,120,66.76831745100208,,,,path seed,,60-109,
five_level_weak_anharmonic,training_ensemble_path_seed,0.03,relax_0.0005,0.0,0.0005,68,0.6411404990938354,0.03277996082453116,0.03277996082453116,0.4107759084215859,0.9935112277525177,0.0013843749999999998,120,66.76831745100208,,,,path seed,,60-109,
five_level_weak_anharmonic,training_ensemble_path_seed,0.03,relax_0.0005,0.0,0.0005,69,0.8579292139977562,0.052388257259492255,0.052388257259492255,0.15104404173711808,0.9843417691518795,0.0013843749999999998,120,66.76831745100208,,,,path seed,,60-109,
five_level_weak_anharmonic,training_ensemble_path_seed,0.03,relax_0.0005,0.0,0.0005,70,0.9241529725388766,0.056452390750550197,0.056452390750550197,0.10824660648903972,0.9835079605469059,0.0013843749999999998,120,66.76831745100208,,,,path seed,,60-109,
five_level_weak_anharmonic,training_ensemble_path_seed,0.03,relax_0.0005,0.0,0.0005,71,0.8545465760039994,0.02565871788654628,0.054479392638716595,0.10570559974662828,0.9779489634191375,0.0013843749999999998,120,66.76831745100208,,,,path seed,,60-109,
five_level_weak_anharmonic,training_ensemble_path_seed,0.03,relax_0.0005,0.0,0.0005,72,0.8151527930963145,0.04748714694592571,0.0499715326726472,0.09804158276512108,0.9762645690052932,0.0013843749999999998,120,66.76831745100208,,,,path seed,,60-109,
five_level_weak_anharmonic,training_ensemble_path_seed,0.03,relax_0.0005,0.0,0.0005,73,0.7958401115189462,0.04725130095262553,0.05247433864049689,0.10746927333554979,0.9758298471423872,0.0013843749999999998,120,66.76831745100208,,,,path seed,,60-109,
five_level_weak_anharmonic,training_ensemble_path_seed,0.03,relax_0.0005,0.0,0.0005,74,0.8542927795462371,0.0301831264302288,0.043550886895309726,0.09835277478853292,0.9778571138070496,0.0013843749999999998,120,66.76831745100208,,,,path seed,,60-109,
five_level_weak_anharmonic,training_ensemble_path_seed,0.03,relax_0.0005,0.0,0.0005,75,0.9048065824358404,0.051970840683399966,0.053205269441121916,0.06010456442576266,0.9779757760317319,0.0013843749999999998,120,66.76831745100208,,,,path seed,,60-109,
five_level_weak_anharmonic,training_ensemble_path_seed,0.03,relax_0.0005,0.0,0.0005,76,0.5858274185180765,0.025747458378739818,0.044641893712783265,0.252605481955172,0.9763782319479659,0.0013843749999999998,120,66.76831745100208,,,,path seed,,60-109,
five_level_weak_anharmonic,training_ensemble_path_seed,0.03,relax_0.0005,0.0,0.0005,77,0.9116091863746244,0.058735775360004294,0.058735775360004294,0.11421058174849312,0.9837800603036733,0.0013843749999999998,120,66.76831745100208,,,,path seed,,60-109,
five_level_weak_anharmonic,training_ensemble_path_seed,0.03,relax_0.0005,0.0,0.0005,78,0.7295172478614049,0.02928559109531048,0.04443546217882677,0.1426690692888904,0.9743950993137354,0.0013843749999999998,120,66.76831745100208,,,,path seed,,60-109,
five_level_weak_anharmonic,training_ensemble_path_seed,0.03,relax_0.0005,0.0,0.0005,79,0.8132513690755888,0.035196122694018506,0.0376915504568659,0.2447178276359291,0.9892700340611749,0.0013843749999999998,120,66.76831745100208,,,,path seed,,60-109,
five_level_weak_anharmonic,training_ensemble_path_seed,0.03,relax_0.0005,0.0,0.0005,80,0.6861151271757197,0.0257675138399327,0.028132693208866355,0.3578080542783275,0.9920998073478137,0.0013843749999999998,120,66.76831745100208,,,,path seed,,60-109,
five_level_weak_anharmonic,training_ensemble_path_seed,0.03,relax_0.0005,0.0,0.0005,81,0.6233782254747743,0.03126488893148771,0.04201034173985674,0.23475177431602323,0.9765114185276961,0.0013843749999999998,120,66.76831745100208,,,,path seed,,60-109,
five_level_weak_anharmonic,training_ensemble_path_seed,0.03,relax_0.0005,0.0,0.0005,82,0.8814230587136211,0.045620729138735605,0.05070775587665732,0.17237531993366426,0.9863620787239468,0.0013843749999999998,120,66.76831745100208,,,,path seed,,60-109,
five_level_weak_anharmonic,training_ensemble_path_seed,0.03,relax_0.0005,0.0,0.0005,83,0.8111182464170169,0.048393183053757394,0.056590569453039974,0.1052342014527213,0.975778247191692,0.0013843749999999998,120,66.76831745100208,,,,path seed,,60-109,
five_level_weak_anharmonic,training_ensemble_path_seed,0.03,relax_0.0005,0.0,0.0005,84,0.8748331051986052,0.03453593140711553,0.04033003350647146,0.07608912521948072,0.9774556309031892,0.0013843749999999998,120,66.76831745100208,,,,path seed,,60-109,
five_level_weak_anharmonic,training_ensemble_path_seed,0.03,relax_0.0005,0.0,0.0005,85,0.5941484416204884,0.01672030862568774,0.022453182684155082,0.4329336901995309,0.993121349854724,0.0013843749999999998,120,66.76831745100208,,,,path seed,,60-109,
five_level_weak_anharmonic,training_ensemble_path_seed,0.03,relax_0.0005,0.0,0.0005,86,0.9027539376589059,0.05935077420995172,0.05935077420995172,0.0677390312065328,0.977989779559536,0.0013843749999999998,120,66.76831745100208,,,,path seed,,60-109,
five_level_weak_anharmonic,training_ensemble_path_seed,0.03,relax_0.0005,0.0,0.0005,87,0.8853658047565403,0.040971575982470365,0.0455820266450091,0.13794594636913562,0.9839517570981242,0.0013843749999999998,120,66.76831745100208,,,,path seed,,60-109,
five_level_weak_anharmonic,training_ensemble_path_seed,0.03,relax_0.0005,0.0,0.0005,88,0.8723592477251902,0.042580497881364865,0.04763541814937289,0.2264368926633332,0.9896030328179807,0.0013843749999999998,120,66.76831745100208,,,,path seed,,60-109,
five_level_weak_anharmonic,training_ensemble_path_seed,0.03,relax_0.0005,0.0,0.0005,89,0.8845124023918929,0.04017303655957816,0.04835324555727771,0.13798071676005352,0.9843619401330218,0.0013843749999999998,120,66.76831745100208,,,,path seed,,60-109,
five_level_weak_anharmonic,training_ensemble_path_seed,0.03,relax_0.0005,0.0,0.0005,90,0.6803605309582591,0.02842177214276198,0.030282028340109957,0.34147078737238884,0.9902023746610505,0.0013843749999999998,120,66.76831745100208,,,,path seed,,60-109,
five_level_weak_anharmonic,training_ensemble_path_seed,0.03,relax_0.0005,0.0,0.0005,91,0.8414802081640805,0.04074185060141189,0.04818591175434894,0.08202027550770914,0.9756778089697508,0.0013843749999999998,120,66.76831745100208,,,,path seed,,60-109,
five_level_weak_anharmonic,training_ensemble_path_seed,0.03,relax_0.0005,0.0,0.0005,92,0.8350642908814843,0.04240644463665033,0.04874225707414759,0.08703702172884842,0.976079559540445,0.0013843749999999998,120,66.76831745100208,,,,path seed,,60-109,
five_level_weak_anharmonic,training_ensemble_path_seed,0.03,relax_0.0005,0.0,0.0005,93,0.7142668379285232,0.03451219840120168,0.03451219840120168,0.3241522529243776,0.9907312244973959,0.0013843749999999998,120,66.76831745100208,,,,path seed,,60-109,
five_level_weak_anharmonic,training_ensemble_path_seed,0.03,relax_0.0005,0.0,0.0005,94,0.9009191012435395,0.03060056045567372,0.0357514020858013,0.11115593480661526,0.9826797667185392,0.0013843749999999998,120,66.76831745100208,,,,path seed,,60-109,
five_level_weak_anharmonic,training_ensemble_path_seed,0.03,relax_0.0005,0.0,0.0005,95,0.874984589818039,0.04192550739307788,0.04214344900720102,0.15807407401983067,0.9850463089689959,0.0013843749999999998,120,66.76831745100208,,,,path seed,,60-109,
five_level_weak_anharmonic,training_ensemble_path_seed,0.03,relax_0.0005,0.0,0.0005,96,0.8110230579677417,0.03897162986649205,0.04382872180705333,0.09384704950030724,0.9753787185856008,0.0013843749999999998,120,66.76831745100208,,,,path seed,,60-109,
five_level_weak_anharmonic,training_ensemble_path_seed,0.03,relax_0.0005,0.0,0.0005,97,0.879006823765864,0.03533657247178801,0.042894102916189336,0.068066506127271,0.9763767217899035,0.0013843749999999998,120,66.76831745100208,,,,path seed,,60-109,
five_level_weak_anharmonic,training_ensemble_path_seed,0.03,relax_0.0005,0.0,0.0005,98,0.9126819447319664,0.05520570056094043,0.05520570056094043,0.12532615459078195,0.9845975143120692,0.0013843749999999998,120,66.76831745100208,,,,path seed,,60-109,
five_level_weak_anharmonic,training_ensemble_path_seed,0.03,relax_0.0005,0.0,0.0005,99,0.8585230241104114,0.03890641458236144,0.04116391693802579,0.1652922093841463,0.9851387563318811,0.0013843749999999998,120,66.76831745100208,,,,path seed,,60-109,
five_level_weak_anharmonic,training_ensemble_path_seed,0.03,relax_0.0005,0.0,0.0005,100,0.7979426204409743,0.039924719992813995,0.044555981077835316,0.1089831419444533,0.975382490451507,0.0013843749999999998,120,66.76831745100208,,,,path seed,,60-109,
five_level_weak_anharmonic,training_ensemble_path_seed,0.03,relax_0.0005,0.0,0.0005,101,0.8417263942225426,0.04721624440737526,0.04721624440737526,0.21578083503026363,0.9884606989839165,0.0013843749999999998,120,66.76831745100208,,,,path seed,,60-109,
five_level_weak_anharmonic,training_ensemble_path_seed,0.03,relax_0.0005,0.0,0.0005,102,0.7428025976369101,0.029456805857775548,0.03818967184381039,0.15349633558125628,0.9767524943033373,0.0013843749999999998,120,66.76831745100208,,,,path seed,,60-109,
five_level_weak_anharmonic,training_ensemble_path_seed,0.03,relax_0.0005,0.0,0.0005,103,0.7740727069773456,0.041459028512346396,0.041459028512346396,0.29977193096300203,0.9919061060181168,0.0013843749999999998,120,66.76831745100208,,,,path seed,,60-109,
five_level_weak_anharmonic,training_ensemble_path_seed,0.03,relax_0.0005,0.0,0.0005,104,0.7101140839241136,0.028149835241813248,0.04062694574606207,0.2155218482516592,0.9801389827455963,0.0013843749999999998,120,66.76831745100208,,,,path seed,,60-109,
five_level_weak_anharmonic,training_ensemble_path_seed,0.03,relax_0.0005,0.0,0.0005,105,0.7927850693283566,0.039273245122509515,0.04170101267785342,0.1385838000787655,0.9790166662128835,0.0013843749999999998,120,66.76831745100208,,,,path seed,,60-109,
five_level_weak_anharmonic,training_ensemble_path_seed,0.03,relax_0.0005,0.0,0.0005,106,0.8584257877453135,0.033927640508630064,0.053483978790349274,0.12459742034189772,0.9804857562368287,0.0013843749999999998,120,66.76831745100208,,,,path seed,,60-109,
five_level_weak_anharmonic,training_ensemble_path_seed,0.03,relax_0.0005,0.0,0.0005,107,0.7877813215705498,0.03644457941954449,0.03644457941954449,0.2654407012274821,0.9894913924751929,0.0013843749999999998,120,66.76831745100208,,,,path seed,,60-109,
five_level_weak_anharmonic,training_ensemble_path_seed,0.03,relax_0.0005,0.0,0.0005,108,0.7055603598647818,0.027339462535094672,0.027416630084112992,0.3676865039413481,0.9930825046896977,0.0013843749999999998,120,66.76831745100208,,,,path seed,,60-109,
five_level_weak_anharmonic,training_ensemble_path_seed,0.03,relax_0.0005,0.0,0.0005,109,0.9154869140766108,0.04009693319681229,0.04366502752060697,0.10973888764457752,0.9826453209787457,0.0013843749999999998,120,66.76831745100208,,,,path seed,,60-109,
five_level_weak_anharmonic,training_ensemble_path_seed,0.03,combined,0.001,0.0005,60,0.8230042392295425,0.044327066424483585,0.053575074699348524,0.11737403840756451,0.9618581299537705,0.0013843749999999998,120,66.76831745100208,,,,path seed,,60-109,
five_level_weak_anharmonic,training_ensemble_path_seed,0.03,combined,0.001,0.0005,61,0.8646175330208865,0.05581999173977892,0.05581999173977892,0.19960875237040554,0.9675913522839428,0.0013843749999999998,120,66.76831745100208,,,,path seed,,60-109,
five_level_weak_anharmonic,training_ensemble_path_seed,0.03,combined,0.001,0.0005,62,0.7753368937624212,0.06400761898810847,0.06400761898810847,0.307916034634919,0.9709090741753531,0.0013843749999999998,120,66.76831745100208,,,,path seed,,60-109,
five_level_weak_anharmonic,training_ensemble_path_seed,0.03,combined,0.001,0.0005,63,0.8703078816872829,0.03342192828074142,0.039478200176883416,0.0738086292239272,0.9615869518907095,0.0013843749999999998,120,66.76831745100208,,,,path seed,,60-109,
five_level_weak_anharmonic,training_ensemble_path_seed,0.03,combined,0.001,0.0005,64,0.8949198501110094,0.032869086353565335,0.03458467532959908,0.19219219015818453,0.967822879400003,0.0013843749999999998,120,66.76831745100208,,,,path seed,,60-109,
five_level_weak_anharmonic,training_ensemble_path_seed,0.03,combined,0.001,0.0005,65,0.651018379384725,0.029268835785888125,0.05015772360273918,0.20887898069366315,0.9579896742879228,0.0013843749999999998,120,66.76831745100208,,,,path seed,,60-109,
five_level_weak_anharmonic,training_ensemble_path_seed,0.03,combined,0.001,0.0005,66,0.8553150433710228,0.038151357567351885,0.04041947952356273,0.16549424480549732,0.965019915739285,0.0013843749999999998,120,66.76831745100208,,,,path seed,,60-109,
five_level_weak_anharmonic,training_ensemble_path_seed,0.03,combined,0.001,0.0005,67,0.923155744727465,0.05920207731453997,0.06416243891183038,0.10247011671804102,0.963891650572376,0.0013843749999999998,120,66.76831745100208,,,,path seed,,60-109,
five_level_weak_anharmonic,training_ensemble_path_seed,0.03,combined,0.001,0.0005,68,0.6395627994351034,0.03283808081196704,0.03283808081196704,0.4117065880693,0.9701815838383167,0.0013843749999999998,120,66.76831745100208,,,,path seed,,60-109,
five_level_weak_anharmonic,training_ensemble_path_seed,0.03,combined,0.001,0.0005,69,0.8520600805281676,0.05239970669571614,0.05239970669571614,0.1565250268702707,0.9651085371610753,0.0013843749999999998,120,66.76831745100208,,,,path seed,,60-109,
five_level_weak_anharmonic,training_ensemble_path_seed,0.03,combined,0.001,0.0005,70,0.9163961349822484,0.056363692641510865,0.056363692641510865,0.11530102215015997,0.9651141040773146,0.0013843749999999998,120,66.76831745100208,,,,path seed,,60-109,
five_level_weak_anharmonic,training_ensemble_path_seed,0.03,combined,0.001,0.0005,71,0.8478400090954847,0.027517697216020043,0.05421403554103277,0.1115237456384046,0.9611534897005178,0.0013843749999999998,120,66.76831745100208,,,,path seed,,60-109,
five_level_weak_anharmonic,training_ensemble_path_seed,0.03,combined,0.001,0.0005,72,0.8105324514817458,0.04780188386366002,0.05030138018046659,0.10387132992151347,0.9612128409828299,0.0013843749999999998,120,66.76831745100208,,,,path seed,,60-109,
five_level_weak_anharmonic,training_ensemble_path_seed,0.03,combined,0.001,0.0005,73,0.7918850110573639,0.04742751444075344,0.05252771501403963,0.11312231194688181,0.9603908472520325,0.0013843749999999998,120,66.76831745100208,,,,path seed,,60-109,
five_level_weak_anharmonic,training_ensemble_path_seed,0.03,combined,0.001,0.0005,74,0.8481597598121967,0.031264023080962766,0.04345518149019567,0.10421357256725282,0.9619371593092112,0.0013843749999999998,120,66.76831745100208,,,,path seed,,60-109,
five_level_weak_anharmonic,training_ensemble_path_seed,0.03,combined,0.001,0.0005,75,0.8981660657341067,0.052078812194376156,0.0533391702050372,0.06725146104583601,0.9626638114578706,0.0013843749999999998,120,66.76831745100208,,,,path seed,,60-109,
five_level_weak_anharmonic,training_ensemble_path_seed,0.03,combined,0.001,0.0005,76,0.5857245926080104,0.026772008780878487,0.04480345883109893,0.25539902720884566,0.958728184485588,0.0013843749999999998,120,66.76831745100208,,,,path seed,,60-109,
five_level_weak_anharmonic,training_ensemble_path_seed,0.03,combined,0.001,0.0005,77,0.9044234375290034,0.05872507841024022,0.05872507841024022,0.12080765166884,0.9655202342504153,0.0013843749999999998,120,66.76831745100208,,,,path seed,,60-109,
five_level_weak_anharmonic,training_ensemble_path_seed,0.03,combined,0.001,0.0005,78,0.7263114490801837,0.030347350128519524,0.04435308546922623,0.1474802891165043,0.9592619273849222,0.0013843749999999998,120,66.76831745100208,,,,path seed,,60-109,
five_level_weak_anharmonic,training_ensemble_path_seed,0.03,combined,0.001,0.0005,79,0.8079961155684019,0.035998661872198134,0.03833202689926707,0.24843904264719016,0.9683310329141229,0.0013843749999999998,120,66.76831745100208,,,,path seed,,60-109,
five_level_weak_anharmonic,training_ensemble_path_seed,0.03,combined,0.001,0.0005,80,0.6837592632578204,0.026401733384528114,0.028620853510515687,0.35919268056114073,0.9696070733763718,0.0013843749999999998,120,66.76831745100208,,,,path seed,,60-109,
five_level_weak_anharmonic,training_ensemble_path_seed,0.03,combined,0.001,0.0005,81,0.6220987695033754,0.03159568447830152,0.042143080166301305,0.2378511640231798,0.9601810645714789,0.0013843749999999998,120,66.76831745100208,,,,path seed,,60-109,
five_level_weak_anharmonic,training_ensemble_path_seed,0.03,combined,0.001,0.0005,82,0.8747199432156795,0.04641270573554568,0.05114314430496325,0.17742178472800244,0.9671440603529298,0.0013843749999999998,120,66.76831745100208,,,,path seed,,60-109,
five_level_weak_anharmonic,training_ensemble_path_seed,0.03,combined,0.001,0.0005,83,0.8061410064899395,0.049027039319823995,0.05691336073486564,0.11101351060218775,0.960141745377429,0.0013843749999999998,120,66.76831745100208,,,,path seed,,60-109,
five_level_weak_anharmonic,training_ensemble_path_seed,0.03,combined,0.001,0.0005,84,0.8690098929554444,0.035045097281650395,0.040629581150294025,0.08206690945832916,0.9625990342725645,0.0013843749999999998,120,66.76831745100208,,,,path seed,,60-109,
five_level_weak_anharmonic,training_ensemble_path_seed,0.03,combined,0.001,0.0005,85,0.593481356834655,0.017666503730741412,0.022581133421489485,0.4329049560095049,0.9694172424570852,0.0013843749999999998,120,66.76831745100208,,,,path seed,,60-109,
five_level_weak_anharmonic,training_ensemble_path_seed,0.03,combined,0.001,0.0005,86,0.8953579084693227,0.05979807807213777,0.05979807807213777,0.07540975620139329,0.961928287644311,0.0013843749999999998,120,66.76831745100208,,,,path seed,,60-109,
five_level_weak_anharmonic,training_ensemble_path_seed,0.03,combined,0.001,0.0005,87,0.8788760456242096,0.04157632001362421,0.04590361094268369,0.14327493000194616,0.9654536823933069,0.0013843749999999998,120,66.76831745100208,,,,path seed,,60-109,
five_level_weak_anharmonic,training_ensemble_path_seed,0.03,combined,0.001,0.0005,88,0.8641981221866434,0.04355202605682007,0.04819210550140285,0.2320330909548739,0.9683465626113035,0.0013843749999999998,120,66.76831745100208,,,,path seed,,60-109,
five_level_weak_anharmonic,training_ensemble_path_seed,0.03,combined,0.001,0.0005,89,0.8775652667636274,0.0404563012141852,0.04808752701711794,0.14457091686406365,0.9645933158852551,0.0013843749999999998,120,66.76831745100208,,,,path seed,,60-109,
five_level_weak_anharmonic,training_ensemble_path_seed,0.03,combined,0.001,0.0005,90,0.677815487067202,0.02905444285743297,0.030880646274764056,0.3432795910641558,0.9667892022535921,0.0013843749999999998,120,66.76831745100208,,,,path seed,,60-109,
five_level_weak_anharmonic,training_ensemble_path_seed,0.03,combined,0.001,0.0005,91,0.8362289096096694,0.04126860431592427,0.04844612635671208,0.0881163002241601,0.9608264386772624,0.0013843749999999998,120,66.76831745100208,,,,path seed,,60-109,
five_level_weak_anharmonic,training_ensemble_path_seed,0.03,combined,0.001,0.0005,92,0.8302334338330338,0.042731704194179265,0.04884356341701379,0.09297067034200208,0.9612489663197625,0.0013843749999999998,120,66.76831745100208,,,,path seed,,60-109,
five_level_weak_anharmonic,training_ensemble_path_seed,0.03,combined,0.001,0.0005,93,0.7107337663184854,0.03525742377567398,0.03525742377567398,0.3266627502632099,0.9675485374010742,0.0013843749999999998,120,66.76831745100208,,,,path seed,,60-109,
five_level_weak_anharmonic,training_ensemble_path_seed,0.03,combined,0.001,0.0005,94,0.8946456890887121,0.031229346957891813,0.036183235717950346,0.1165627468406769,0.9658152099801202,0.0013843749999999998,120,66.76831745100208,,,,path seed,,60-109,
five_level_weak_anharmonic,training_ensemble_path_seed,0.03,combined,0.001,0.0005,95,0.868606537163215,0.04220159477707208,0.04237668202330491,0.16338441416037,0.965746316756029,0.0013843749999999998,120,66.76831745100208,,,,path seed,,60-109,
five_level_weak_anharmonic,training_ensemble_path_seed,0.03,combined,0.001,0.0005,96,0.8065905701465704,0.03939072929930476,0.044170583331843094,0.09973704779849625,0.9606009852882376,0.0013843749999999998,120,66.76831745100208,,,,path seed,,60-109,
five_level_weak_anharmonic,training_ensemble_path_seed,0.03,combined,0.001,0.0005,97,0.8725859449711401,0.0361173628999627,0.04315600213733284,0.07479135088886293,0.9612093145844611,0.0013843749999999998,120,66.76831745100208,,,,path seed,,60-109,
five_level_weak_anharmonic,training_ensemble_path_seed,0.03,combined,0.001,0.0005,98,0.9051252326518839,0.05549731415236392,0.05549731415236392,0.13193911559572874,0.9661474749691198,0.0013843749999999998,120,66.76831745100208,,,,path seed,,60-109,
five_level_weak_anharmonic,training_ensemble_path_seed,0.03,combined,0.001,0.0005,99,0.8526237077845439,0.03937358706303096,0.04154019121308228,0.1702180456900229,0.9658453009443916,0.0013843749999999998,120,66.76831745100208,,,,path seed,,60-109,
five_level_weak_anharmonic,training_ensemble_path_seed,0.03,combined,0.001,0.0005,100,0.7930545576172785,0.04056121766033993,0.04465745598878379,0.11483789249874433,0.9600600418454549,0.0013843749999999998,120,66.76831745100208,,,,path seed,,60-109,
five_level_weak_anharmonic,training_ensemble_path_seed,0.03,combined,0.001,0.0005,101,0.8357800493959021,0.04725762182614268,0.04725762182614268,0.22057458777834824,0.9672187763339145,0.0013843749999999998,120,66.76831745100208,,,,path seed,,60-109,
five_level_weak_anharmonic,training_ensemble_path_seed,0.03,combined,0.001,0.0005,102,0.7392161596836099,0.030149172148246528,0.038272711099127,0.15810114273582287,0.9611433536602941,0.0013843749999999998,120,66.76831745100208,,,,path seed,,60-109,
five_level_weak_anharmonic,training_ensemble_path_seed,0.03,combined,0.001,0.0005,103,0.7695342422276912,0.041638452576367335,0.041638452576367335,0.3031489872058735,0.9705544876037918,0.0013843749999999998,120,66.76831745100208,,,,path seed,,60-109,
five_level_weak_anharmonic,training_ensemble_path_seed,0.03,combined,0.001,0.0005,104,0.7062454267256688,0.02931945803058511,0.04100931641772598,0.21937641359871102,0.9613821696561798,0.0013843749999999998,120,66.76831745100208,,,,path seed,,60-109,
five_level_weak_anharmonic,training_ensemble_path_seed,0.03,combined,0.001,0.0005,105,0.7881905840372591,0.03976146840868089,0.04185532575188888,0.14372732844454852,0.9624537866840452,0.0013843749999999998,120,66.76831745100208,,,,path seed,,60-109,
five_level_weak_anharmonic,training_ensemble_path_seed,0.03,combined,0.001,0.0005,106,0.852072980738471,0.035507144644184474,0.05314203437616816,0.12983318518974904,0.9631088052678243,0.0013843749999999998,120,66.76831745100208,,,,path seed,,60-109,
five_level_weak_anharmonic,training_ensemble_path_seed,0.03,combined,0.001,0.0005,107,0.7830401459283499,0.03674486750206829,0.03674486750206829,0.2690274631684996,0.9676011571846415,0.0013843749999999998,120,66.76831745100208,,,,path seed,,60-109,
five_level_weak_anharmonic,training_ensemble_path_seed,0.03,combined,0.001,0.0005,108,0.7025263157505877,0.027880735744860052,0.027943607838333717,0.3694928324655164,0.9714590428754154,0.0013843749999999998,120,66.76831745100208,,,,path seed,,60-109,
five_level_weak_anharmonic,training_ensemble_path_seed,0.03,combined,0.001,0.0005,109,0.9083451785898515,0.0406287588645059,0.04404191915613376,0.11576544862921592,0.9651295319371769,0.0013843749999999998,120,66.76831745100208,,,,path seed,,60-109,
five_level_weak_anharmonic,train4_continuation_leak08,0.03,static_only,0.0,0.0,60,0.9695048815160802,0.0011382905445235236,0.08046050842565289,0.04127631284300746,0.9999966303881971,0.003196704211443179,120,104.97819244791754,0.2999297243160151,1951,False,original four training seeds,"0,1,2,3",60-109,"a=0.8,lw=1.5,r=0.04,w=0.25; a=1,lw=0.8,r=0.02,w=0.25; a=1,lw=0.8,r=0.015,w=0.25"
five_level_weak_anharmonic,train4_continuation_leak08,0.03,static_only,0.0,0.0,61,0.9804678694603904,0.0016131491484889793,0.07874275837677014,0.006364787614039033,0.9999973523401045,0.003196704211443179,120,104.97819244791754,0.2999297243160151,1951,False,original four training seeds,"0,1,2,3",60-109,"a=0.8,lw=1.5,r=0.04,w=0.25; a=1,lw=0.8,r=0.02,w=0.25; a=1,lw=0.8,r=0.015,w=0.25"
five_level_weak_anharmonic,train4_continuation_leak08,0.03,static_only,0.0,0.0,62,0.8960080958441271,0.0008142226778944384,0.0677844850355156,0.0605665339634351,0.9999974530782397,0.003196704211443179,120,104.97819244791754,0.2999297243160151,1951,False,original four training seeds,"0,1,2,3",60-109,"a=0.8,lw=1.5,r=0.04,w=0.25; a=1,lw=0.8,r=0.02,w=0.25; a=1,lw=0.8,r=0.015,w=0.25"
five_level_weak_anharmonic,train4_continuation_leak08,0.03,static_only,0.0,0.0,63,0.9640901712595381,0.0029407222337385353,0.06151005609625171,0.03364481270724218,0.9999968622214839,0.003196704211443179,120,104.97819244791754,0.2999297243160151,1951,False,original four training seeds,"0,1,2,3",60-109,"a=0.8,lw=1.5,r=0.04,w=0.25; a=1,lw=0.8,r=0.02,w=0.25; a=1,lw=0.8,r=0.015,w=0.25"
five_level_weak_anharmonic,train4_continuation_leak08,0.03,static_only,0.0,0.0,64,0.941531840625919,0.0031261825935223753,0.06617663430350751,0.023805454719922018,0.9999975060782353,0.003196704211443179,120,104.97819244791754,0.2999297243160151,1951,False,original four training seeds,"0,1,2,3",60-109,"a=0.8,lw=1.5,r=0.04,w=0.25; a=1,lw=0.8,r=0.02,w=0.25; a=1,lw=0.8,r=0.015,w=0.25"
five_level_weak_anharmonic,train4_continuation_leak08,0.03,static_only,0.0,0.0,65,0.9863311766173161,0.0027976969635682414,0.09712710241404743,0.021224306788683603,0.9999966568921601,0.003196704211443179,120,104.97819244791754,0.2999297243160151,1951,False,original four training seeds,"0,1,2,3",60-109,"a=0.8,lw=1.5,r=0.04,w=0.25; a=1,lw=0.8,r=0.02,w=0.25; a=1,lw=0.8,r=0.015,w=0.25"
five_level_weak_anharmonic,train4_continuation_leak08,0.03,static_only,0.0,0.0,66,0.9849715586381972,0.0027085725008396677,0.07003891120035555,0.02288124027473978,0.9999971191654583,0.003196704211443179,120,104.97819244791754,0.2999297243160151,1951,False,original four training seeds,"0,1,2,3",60-109,"a=0.8,lw=1.5,r=0.04,w=0.25; a=1,lw=0.8,r=0.02,w=0.25; a=1,lw=0.8,r=0.015,w=0.25"
five_level_weak_anharmonic,train4_continuation_leak08,0.03,static_only,0.0,0.0,67,0.9324304178712257,0.006016336382787646,0.08690827404310819,0.03368247577602126,0.9999969407721655,0.003196704211443179,120,104.97819244791754,0.2999297243160151,1951,False,original four training seeds,"0,1,2,3",60-109,"a=0.8,lw=1.5,r=0.04,w=0.25; a=1,lw=0.8,r=0.02,w=0.25; a=1,lw=0.8,r=0.015,w=0.25"
five_level_weak_anharmonic,train4_continuation_leak08,0.03,static_only,0.0,0.0,68,0.9394394769302805,0.0014645936826350736,0.060651036464988595,0.08160809066892749,0.9999974820672249,0.003196704211443179,120,104.97819244791754,0.2999297243160151,1951,False,original four training seeds,"0,1,2,3",60-109,"a=0.8,lw=1.5,r=0.04,w=0.25; a=1,lw=0.8,r=0.02,w=0.25; a=1,lw=0.8,r=0.015,w=0.25"
five_level_weak_anharmonic,train4_continuation_leak08,0.03,static_only,0.0,0.0,69,0.990257553336951,0.002221907025915737,0.07738524790081303,0.015087901951191807,0.9999971729845162,0.003196704211443179,120,104.97819244791754,0.2999297243160151,1951,False,original four training seeds,"0,1,2,3",60-109,"a=0.8,lw=1.5,r=0.04,w=0.25; a=1,lw=0.8,r=0.02,w=0.25; a=1,lw=0.8,r=0.015,w=0.25"
five_level_weak_anharmonic,train4_continuation_leak08,0.03,static_only,0.0,0.0,70,0.9242284558287536,0.001985345496970159,0.0772558753985435,0.04703585417355748,0.9999969731059677,0.003196704211443179,120,104.97819244791754,0.2999297243160151,1951,False,original four training seeds,"0,1,2,3",60-109,"a=0.8,lw=1.5,r=0.04,w=0.25; a=1,lw=0.8,r=0.02,w=0.25; a=1,lw=0.8,r=0.015,w=0.25"
five_level_weak_anharmonic,train4_continuation_leak08,0.03,static_only,0.0,0.0,71,0.9788144977593499,0.005093833389200997,0.10197486102554576,0.019338142307007148,0.9999972172038271,0.003196704211443179,120,104.97819244791754,0.2999297243160151,1951,False,original four training seeds,"0,1,2,3",60-109,"a=0.8,lw=1.5,r=0.04,w=0.25; a=1,lw=0.8,r=0.02,w=0.25; a=1,lw=0.8,r=0.015,w=0.25"
five_level_weak_anharmonic,train4_continuation_leak08,0.03,static_only,0.0,0.0,72,0.995581784855832,0.003208460890137821,0.08108219755248858,0.008627726565053267,0.9999968511376748,0.003196704211443179,120,104.97819244791754,0.2999297243160151,1951,False,original four training seeds,"0,1,2,3",60-109,"a=0.8,lw=1.5,r=0.04,w=0.25; a=1,lw=0.8,r=0.02,w=0.25; a=1,lw=0.8,r=0.015,w=0.25"
five_level_weak_anharmonic,train4_continuation_leak08,0.03,static_only,0.0,0.0,73,0.9812350714069868,0.004569866470827688,0.07203430996128612,0.009958693319461455,0.9999970630669567,0.003196704211443179,120,104.97819244791754,0.2999297243160151,1951,False,original four training seeds,"0,1,2,3",60-109,"a=0.8,lw=1.5,r=0.04,w=0.25; a=1,lw=0.8,r=0.02,w=0.25; a=1,lw=0.8,r=0.015,w=0.25"
five_level_weak_anharmonic,train4_continuation_leak08,0.03,static_only,0.0,0.0,74,0.9700806455395747,0.003104795056590559,0.08028178145043152,0.034102474230454975,0.9999969449731771,0.003196704211443179,120,104.97819244791754,0.2999297243160151,1951,False,original four training seeds,"0,1,2,3",60-109,"a=0.8,lw=1.5,r=0.04,w=0.25; a=1,lw=0.8,r=0.02,w=0.25; a=1,lw=0.8,r=0.015,w=0.25"
five_level_weak_anharmonic,train4_continuation_leak08,0.03,static_only,0.0,0.0,75,0.967108857467315,0.0017406791402864163,0.07021994224981087,0.01976292353615109,0.9999970210636002,0.003196704211443179,120,104.97819244791754,0.2999297243160151,1951,False,original four training seeds,"0,1,2,3",60-109,"a=0.8,lw=1.5,r=0.04,w=0.25; a=1,lw=0.8,r=0.02,w=0.25; a=1,lw=0.8,r=0.015,w=0.25"
five_level_weak_anharmonic,train4_continuation_leak08,0.03,static_only,0.0,0.0,76,0.98844659971039,0.001519947418715084,0.06829267878888134,0.020857065047984756,0.9999963130360414,0.003196704211443179,120,104.97819244791754,0.2999297243160151,1951,False,original four training seeds,"0,1,2,3",60-109,"a=0.8,lw=1.5,r=0.04,w=0.25; a=1,lw=0.8,r=0.02,w=0.25; a=1,lw=0.8,r=0.015,w=0.25"
five_level_weak_anharmonic,train4_continuation_leak08,0.03,static_only,0.0,0.0,77,0.9897152820370798,0.001382119098074286,0.07709386533851981,0.004057829468846883,0.9999974148933033,0.003196704211443179,120,104.97819244791754,0.2999297243160151,1951,False,original four training seeds,"0,1,2,3",60-109,"a=0.8,lw=1.5,r=0.04,w=0.25; a=1,lw=0.8,r=0.02,w=0.25; a=1,lw=0.8,r=0.015,w=0.25"
five_level_weak_anharmonic,train4_continuation_leak08,0.03,static_only,0.0,0.0,78,0.9798970452810611,0.002620252023561198,0.06825894400227417,0.03355508904099845,0.9999960632273279,0.003196704211443179,120,104.97819244791754,0.2999297243160151,1951,False,original four training seeds,"0,1,2,3",60-109,"a=0.8,lw=1.5,r=0.04,w=0.25; a=1,lw=0.8,r=0.02,w=0.25; a=1,lw=0.8,r=0.015,w=0.25"
five_level_weak_anharmonic,train4_continuation_leak08,0.03,static_only,0.0,0.0,79,0.9670623585591706,0.002499102015169563,0.06737395789146228,0.048370475424396236,0.9999977147894562,0.003196704211443179,120,104.97819244791754,0.2999297243160151,1951,False,original four training seeds,"0,1,2,3",60-109,"a=0.8,lw=1.5,r=0.04,w=0.25; a=1,lw=0.8,r=0.02,w=0.25; a=1,lw=0.8,r=0.015,w=0.25"
five_level_weak_anharmonic,train4_continuation_leak08,0.03,static_only,0.0,0.0,80,0.9123350227224786,0.002843118898348429,0.05867224163231621,0.11647873036038757,0.9999979520663214,0.003196704211443179,120,104.97819244791754,0.2999297243160151,1951,False,original four training seeds,"0,1,2,3",60-109,"a=0.8,lw=1.5,r=0.04,w=0.25; a=1,lw=0.8,r=0.02,w=0.25; a=1,lw=0.8,r=0.015,w=0.25"
five_level_weak_anharmonic,train4_continuation_leak08,0.03,static_only,0.0,0.0,81,0.873790658967717,0.005402685392443929,0.060376495874989056,0.1259014063886442,0.9999966782075506,0.003196704211443179,120,104.97819244791754,0.2999297243160151,1951,False,original four training seeds,"0,1,2,3",60-109,"a=0.8,lw=1.5,r=0.04,w=0.25; a=1,lw=0.8,r=0.02,w=0.25; a=1,lw=0.8,r=0.015,w=0.25"
five_level_weak_anharmonic,train4_continuation_leak08,0.03,static_only,0.0,0.0,82,0.9370130071337585,0.002867741382421851,0.07060358533969457,0.05353676483986714,0.9999977322652865,0.003196704211443179,120,104.97819244791754,0.2999297243160151,1951,False,original four training seeds,"0,1,2,3",60-109,"a=0.8,lw=1.5,r=0.04,w=0.25; a=1,lw=0.8,r=0.02,w=0.25; a=1,lw=0.8,r=0.015,w=0.25"
five_level_weak_anharmonic,train4_continuation_leak08,0.03,static_only,0.0,0.0,83,0.9795202462388458,0.0040995336690168305,0.09332180123115597,0.020819894377321888,0.9999966321256116,0.003196704211443179,120,104.97819244791754,0.2999297243160151,1951,False,original four training seeds,"0,1,2,3",60-109,"a=0.8,lw=1.5,r=0.04,w=0.25; a=1,lw=0.8,r=0.02,w=0.25; a=1,lw=0.8,r=0.015,w=0.25"
five_level_weak_anharmonic,train4_continuation_leak08,0.03,static_only,0.0,0.0,84,0.9960749003937411,0.0037564029919270325,0.06513121104986219,0.004124583673840978,0.9999973122982739,0.003196704211443179,120,104.97819244791754,0.2999297243160151,1951,False,original four training seeds,"0,1,2,3",60-109,"a=0.8,lw=1.5,r=0.04,w=0.25; a=1,lw=0.8,r=0.02,w=0.25; a=1,lw=0.8,r=0.015,w=0.25"
five_level_weak_anharmonic,train4_continuation_leak08,0.03,static_only,0.0,0.0,85,0.8685563166529395,0.002142464411611922,0.059489167690430333,0.160867775941322,0.9999979032721531,0.003196704211443179,120,104.97819244791754,0.2999297243160151,1951,False,original four training seeds,"0,1,2,3",60-109,"a=0.8,lw=1.5,r=0.04,w=0.25; a=1,lw=0.8,r=0.02,w=0.25; a=1,lw=0.8,r=0.015,w=0.25"
five_level_weak_anharmonic,train4_continuation_leak08,0.03,static_only,0.0,0.0,86,0.9277198055612865,0.002563646950682563,0.0763011473210562,0.05687296249833008,0.9999963363728921,0.003196704211443179,120,104.97819244791754,0.2999297243160151,1951,False,original four training seeds,"0,1,2,3",60-109,"a=0.8,lw=1.5,r=0.04,w=0.25; a=1,lw=0.8,r=0.02,w=0.25; a=1,lw=0.8,r=0.015,w=0.25"
five_level_weak_anharmonic,train4_continuation_leak08,0.03,static_only,0.0,0.0,87,0.9954936668288055,0.0022697625936327626,0.06817348310520388,0.007541654494638621,0.9999973796643197,0.003196704211443179,120,104.97819244791754,0.2999297243160151,1951,False,original four training seeds,"0,1,2,3",60-109,"a=0.8,lw=1.5,r=0.04,w=0.25; a=1,lw=0.8,r=0.02,w=0.25; a=1,lw=0.8,r=0.015,w=0.25"
five_level_weak_anharmonic,train4_continuation_leak08,0.03,static_only,0.0,0.0,88,0.9234961661556301,0.0015669392552819517,0.07529829687915202,0.032883372474108864,0.9999973220269867,0.003196704211443179,120,104.97819244791754,0.2999297243160151,1951,False,original four training seeds,"0,1,2,3",60-109,"a=0.8,lw=1.5,r=0.04,w=0.25; a=1,lw=0.8,r=0.02,w=0.25; a=1,lw=0.8,r=0.015,w=0.25"
five_level_weak_anharmonic,train4_continuation_leak08,0.03,static_only,0.0,0.0,89,0.9379800927266535,0.0011030979473634073,0.060101010974747515,0.061809927956921966,0.9999968363981541,0.003196704211443179,120,104.97819244791754,0.2999297243160151,1951,False,original four training seeds,"0,1,2,3",60-109,"a=0.8,lw=1.5,r=0.04,w=0.25; a=1,lw=0.8,r=0.02,w=0.25; a=1,lw=0.8,r=0.015,w=0.25"
five_level_weak_anharmonic,train4_continuation_leak08,0.03,static_only,0.0,0.0,90,0.8966348387692552,0.0019445478666180183,0.06392108617218539,0.11087319475812615,0.9999970579589113,0.003196704211443179,120,104.97819244791754,0.2999297243160151,1951,False,original four training seeds,"0,1,2,3",60-109,"a=0.8,lw=1.5,r=0.04,w=0.25; a=1,lw=0.8,r=0.02,w=0.25; a=1,lw=0.8,r=0.015,w=0.25"
five_level_weak_anharmonic,train4_continuation_leak08,0.03,static_only,0.0,0.0,91,0.9869357473436206,0.0027070348751078166,0.07235394974507314,0.01449736282711895,0.9999967936057201,0.003196704211443179,120,104.97819244791754,0.2999297243160151,1951,False,original four training seeds,"0,1,2,3",60-109,"a=0.8,lw=1.5,r=0.04,w=0.25; a=1,lw=0.8,r=0.02,w=0.25; a=1,lw=0.8,r=0.015,w=0.25"
five_level_weak_anharmonic,train4_continuation_leak08,0.03,static_only,0.0,0.0,92,0.9761774087135772,0.0031245916641593485,0.06891124232825074,0.011008284086571814,0.9999972417067579,0.003196704211443179,120,104.97819244791754,0.2999297243160151,1951,False,original four training seeds,"0,1,2,3",60-109,"a=0.8,lw=1.5,r=0.04,w=0.25; a=1,lw=0.8,r=0.02,w=0.25; a=1,lw=0.8,r=0.015,w=0.25"
five_level_weak_anharmonic,train4_continuation_leak08,0.03,static_only,0.0,0.0,93,0.9371310498039394,0.002257238400164452,0.06995653420021342,0.08285077493504439,0.9999971714703761,0.003196704211443179,120,104.97819244791754,0.2999297243160151,1951,False,original four training seeds,"0,1,2,3",60-109,"a=0.8,lw=1.5,r=0.04,w=0.25; a=1,lw=0.8,r=0.02,w=0.25; a=1,lw=0.8,r=0.015,w=0.25"
five_level_weak_anharmonic,train4_continuation_leak08,0.03,static_only,0.0,0.0,94,0.9216367703338508,0.001965275557157642,0.05387479255658145,0.06871030531079121,0.999997819142035,0.003196704211443179,120,104.97819244791754,0.2999297243160151,1951,False,original four training seeds,"0,1,2,3",60-109,"a=0.8,lw=1.5,r=0.04,w=0.25; a=1,lw=0.8,r=0.02,w=0.25; a=1,lw=0.8,r=0.015,w=0.25"
five_level_weak_anharmonic,train4_continuation_leak08,0.03,static_only,0.0,0.0,95,0.9854723167135985,0.003297885505634368,0.07416481155989296,0.016793925306991607,0.9999971704220466,0.003196704211443179,120,104.97819244791754,0.2999297243160151,1951,False,original four training seeds,"0,1,2,3",60-109,"a=0.8,lw=1.5,r=0.04,w=0.25; a=1,lw=0.8,r=0.02,w=0.25; a=1,lw=0.8,r=0.015,w=0.25"
five_level_weak_anharmonic,train4_continuation_leak08,0.03,static_only,0.0,0.0,96,0.994753755884917,0.0024503702858352794,0.06334428686489701,0.005815825947381032,0.999996886228842,0.003196704211443179,120,104.97819244791754,0.2999297243160151,1951,False,original four training seeds,"0,1,2,3",60-109,"a=0.8,lw=1.5,r=0.04,w=0.25; a=1,lw=0.8,r=0.02,w=0.25; a=1,lw=0.8,r=0.015,w=0.25"
five_level_weak_anharmonic,train4_continuation_leak08,0.03,static_only,0.0,0.0,97,0.9406375284300224,0.0027662070611014222,0.07931777077929913,0.04520566680226005,0.9999969556221885,0.003196704211443179,120,104.97819244791754,0.2999297243160151,1951,False,original four training seeds,"0,1,2,3",60-109,"a=0.8,lw=1.5,r=0.04,w=0.25; a=1,lw=0.8,r=0.02,w=0.25; a=1,lw=0.8,r=0.015,w=0.25"
five_level_weak_anharmonic,train4_continuation_leak08,0.03,static_only,0.0,0.0,98,0.9898868827996401,0.0009439468898471137,0.07312210143065134,0.005165141708826933,0.9999971154183257,0.003196704211443179,120,104.97819244791754,0.2999297243160151,1951,False,original four training seeds,"0,1,2,3",60-109,"a=0.8,lw=1.5,r=0.04,w=0.25; a=1,lw=0.8,r=0.02,w=0.25; a=1,lw=0.8,r=0.015,w=0.25"
five_level_weak_anharmonic,train4_continuation_leak08,0.03,static_only,0.0,0.0,99,0.9936731771534283,0.0015470454371048215,0.06355538009495065,0.017365746054886978,0.9999973247451797,0.003196704211443179,120,104.97819244791754,0.2999297243160151,1951,False,original four training seeds,"0,1,2,3",60-109,"a=0.8,lw=1.5,r=0.04,w=0.25; a=1,lw=0.8,r=0.02,w=0.25; a=1,lw=0.8,r=0.015,w=0.25"
five_level_weak_anharmonic,train4_continuation_leak08,0.03,static_only,0.0,0.0,100,0.8361891595065598,0.0007446077519985828,0.08355951927077188,0.1548281210502893,0.9999962402418652,0.003196704211443179,120,104.97819244791754,0.2999297243160151,1951,False,original four training seeds,"0,1,2,3",60-109,"a=0.8,lw=1.5,r=0.04,w=0.25; a=1,lw=0.8,r=0.02,w=0.25; a=1,lw=0.8,r=0.015,w=0.25"
five_level_weak_anharmonic,train4_continuation_leak08,0.03,static_only,0.0,0.0,101,0.9738026084686199,0.002298985599483605,0.08229758572708157,0.017491769447309773,0.99999726765835,0.003196704211443179,120,104.97819244791754,0.2999297243160151,1951,False,original four training seeds,"0,1,2,3",60-109,"a=0.8,lw=1.5,r=0.04,w=0.25; a=1,lw=0.8,r=0.02,w=0.25; a=1,lw=0.8,r=0.015,w=0.25"
five_level_weak_anharmonic,train4_continuation_leak08,0.03,static_only,0.0,0.0,102,0.9508412603795232,0.0020897910290506028,0.06833989834214904,0.060533480100047915,0.9999969924955855,0.003196704211443179,120,104.97819244791754,0.2999297243160151,1951,False,original four training seeds,"0,1,2,3",60-109,"a=0.8,lw=1.5,r=0.04,w=0.25; a=1,lw=0.8,r=0.02,w=0.25; a=1,lw=0.8,r=0.015,w=0.25"
five_level_weak_anharmonic,train4_continuation_leak08,0.03,static_only,0.0,0.0,103,0.9588883230745803,0.0005253769373894102,0.060830365465819214,0.05974274243935625,0.9999978251272807,0.003196704211443179,120,104.97819244791754,0.2999297243160151,1951,False,original four training seeds,"0,1,2,3",60-109,"a=0.8,lw=1.5,r=0.04,w=0.25; a=1,lw=0.8,r=0.02,w=0.25; a=1,lw=0.8,r=0.015,w=0.25"
five_level_weak_anharmonic,train4_continuation_leak08,0.03,static_only,0.0,0.0,104,0.8570808508426417,0.0023649919918449225,0.08393280514063584,0.13966952567133617,0.9999966103423854,0.003196704211443179,120,104.97819244791754,0.2999297243160151,1951,False,original four training seeds,"0,1,2,3",60-109,"a=0.8,lw=1.5,r=0.04,w=0.25; a=1,lw=0.8,r=0.02,w=0.25; a=1,lw=0.8,r=0.015,w=0.25"
five_level_weak_anharmonic,train4_continuation_leak08,0.03,static_only,0.0,0.0,105,0.9635399183774536,0.0014361808950251742,0.07149972712444819,0.05047058157547484,0.9999969812070296,0.003196704211443179,120,104.97819244791754,0.2999297243160151,1951,False,original four training seeds,"0,1,2,3",60-109,"a=0.8,lw=1.5,r=0.04,w=0.25; a=1,lw=0.8,r=0.02,w=0.25; a=1,lw=0.8,r=0.015,w=0.25"
five_level_weak_anharmonic,train4_continuation_leak08,0.03,static_only,0.0,0.0,106,0.9689534068506005,0.0031204826059467727,0.0820274602150548,0.030351186922277867,0.9999973990167943,0.003196704211443179,120,104.97819244791754,0.2999297243160151,1951,False,original four training seeds,"0,1,2,3",60-109,"a=0.8,lw=1.5,r=0.04,w=0.25; a=1,lw=0.8,r=0.02,w=0.25; a=1,lw=0.8,r=0.015,w=0.25"
five_level_weak_anharmonic,train4_continuation_leak08,0.03,static_only,0.0,0.0,107,0.976284713970574,0.001011071337243763,0.061622811760156715,0.0339714935845722,0.9999972333418519,0.003196704211443179,120,104.97819244791754,0.2999297243160151,1951,False,original four training seeds,"0,1,2,3",60-109,"a=0.8,lw=1.5,r=0.04,w=0.25; a=1,lw=0.8,r=0.02,w=0.25; a=1,lw=0.8,r=0.015,w=0.25"
five_level_weak_anharmonic,train4_continuation_leak08,0.03,static_only,0.0,0.0,108,0.9463106294058085,0.0028308082284885794,0.0573863647224917,0.0839043046650396,0.9999979274204849,0.003196704211443179,120,104.97819244791754,0.2999297243160151,1951,False,original four training seeds,"0,1,2,3",60-109,"a=0.8,lw=1.5,r=0.04,w=0.25; a=1,lw=0.8,r=0.02,w=0.25; a=1,lw=0.8,r=0.015,w=0.25"
five_level_weak_anharmonic,train4_continuation_leak08,0.03,static_only,0.0,0.0,109,0.9942051619827463,0.0030637929866069724,0.06285151864301075,0.0025600633489251436,0.9999973189367091,0.003196704211443179,120,104.97819244791754,0.2999297243160151,1951,False,original four training seeds,"0,1,2,3",60-109,"a=0.8,lw=1.5,r=0.04,w=0.25; a=1,lw=0.8,r=0.02,w=0.25; a=1,lw=0.8,r=0.015,w=0.25"
five_level_weak_anharmonic,train4_continuation_leak08,0.03,deph_0.001,0.001,0.0,60,0.9634954471636339,0.002292164353631332,0.08095609249809299,0.046928139414053015,0.9865595091374387,0.003196704211443179,120,104.97819244791754,0.2999297243160151,1951,False,original four training seeds,"0,1,2,3",60-109,"a=0.8,lw=1.5,r=0.04,w=0.25; a=1,lw=0.8,r=0.02,w=0.25; a=1,lw=0.8,r=0.015,w=0.25"
five_level_weak_anharmonic,train4_continuation_leak08,0.03,deph_0.001,0.001,0.0,61,0.9733776165798728,0.002716856729628181,0.07918324211085559,0.013380704503452395,0.9859819176543592,0.003196704211443179,120,104.97819244791754,0.2999297243160151,1951,False,original four training seeds,"0,1,2,3",60-109,"a=0.8,lw=1.5,r=0.04,w=0.25; a=1,lw=0.8,r=0.02,w=0.25; a=1,lw=0.8,r=0.015,w=0.25"
five_level_weak_anharmonic,train4_continuation_leak08,0.03,deph_0.001,0.001,0.0,62,0.8904478115773853,0.0017372199682196277,0.0681537096686744,0.06676268960178362,0.9833557809896937,0.003196704211443179,120,104.97819244791754,0.2999297243160151,1951,False,original four training seeds,"0,1,2,3",60-109,"a=0.8,lw=1.5,r=0.04,w=0.25; a=1,lw=0.8,r=0.02,w=0.25; a=1,lw=0.8,r=0.015,w=0.25"
five_level_weak_anharmonic,train4_continuation_leak08,0.03,deph_0.001,0.001,0.0,63,0.958739443891657,0.0037382312817184626,0.061959936954767536,0.038971272286028466,0.9887445788632111,0.003196704211443179,120,104.97819244791754,0.2999297243160151,1951,False,original four training seeds,"0,1,2,3",60-109,"a=0.8,lw=1.5,r=0.04,w=0.25; a=1,lw=0.8,r=0.02,w=0.25; a=1,lw=0.8,r=0.015,w=0.25"
five_level_weak_anharmonic,train4_continuation_leak08,0.03,deph_0.001,0.001,0.0,64,0.9353418823523603,0.0041303486851687055,0.06669725258990566,0.030280450844271403,0.9863903194342895,0.003196704211443179,120,104.97819244791754,0.2999297243160151,1951,False,original four training seeds,"0,1,2,3",60-109,"a=0.8,lw=1.5,r=0.04,w=0.25; a=1,lw=0.8,r=0.02,w=0.25; a=1,lw=0.8,r=0.015,w=0.25"
five_level_weak_anharmonic,train4_continuation_leak08,0.03,deph_0.001,0.001,0.0,65,0.9810157743359859,0.004040966114855493,0.09761463427195682,0.026488196955032586,0.9885372021499376,0.003196704211443179,120,104.97819244791754,0.2999297243160151,1951,False,original four training seeds,"0,1,2,3",60-109,"a=0.8,lw=1.5,r=0.04,w=0.25; a=1,lw=0.8,r=0.02,w=0.25; a=1,lw=0.8,r=0.015,w=0.25"
five_level_weak_anharmonic,train4_continuation_leak08,0.03,deph_0.001,0.001,0.0,66,0.9780446056313289,0.0037658211008636533,0.07054468689438442,0.029209304005417082,0.9854181705068247,0.003196704211443179,120,104.97819244791754,0.2999297243160151,1951,False,original four training seeds,"0,1,2,3",60-109,"a=0.8,lw=1.5,r=0.04,w=0.25; a=1,lw=0.8,r=0.02,w=0.25; a=1,lw=0.8,r=0.015,w=0.25"
five_level_weak_anharmonic,train4_continuation_leak08,0.03,deph_0.001,0.001,0.0,67,0.927024462513806,0.0073157642560254255,0.08738752639450476,0.039685321536386195,0.9866229217569364,0.003196704211443179,120,104.97819244791754,0.2999297243160151,1951,False,original four training seeds,"0,1,2,3",60-109,"a=0.8,lw=1.5,r=0.04,w=0.25; a=1,lw=0.8,r=0.02,w=0.25; a=1,lw=0.8,r=0.015,w=0.25"
five_level_weak_anharmonic,train4_continuation_leak08,0.03,deph_0.001,0.001,0.0,68,0.9325672245863809,0.002384064081768389,0.06108917450142215,0.08752532980321381,0.9804083534083364,0.003196704211443179,120,104.97819244791754,0.2999297243160151,1951,False,original four training seeds,"0,1,2,3",60-109,"a=0.8,lw=1.5,r=0.04,w=0.25; a=1,lw=0.8,r=0.02,w=0.25; a=1,lw=0.8,r=0.015,w=0.25"
five_level_weak_anharmonic,train4_continuation_leak08,0.03,deph_0.001,0.001,0.0,69,0.9832769094097973,0.0033601348767288153,0.07783419430040839,0.021700042391211864,0.9859637400925128,0.003196704211443179,120,104.97819244791754,0.2999297243160151,1951,False,original four training seeds,"0,1,2,3",60-109,"a=0.8,lw=1.5,r=0.04,w=0.25; a=1,lw=0.8,r=0.02,w=0.25; a=1,lw=0.8,r=0.015,w=0.25"
five_level_weak_anharmonic,train4_continuation_leak08,0.03,deph_0.001,0.001,0.0,70,0.9185498944901717,0.003127153306614172,0.07769142106404947,0.053034375120910034,0.9868654751439321,0.003196704211443179,120,104.97819244791754,0.2999297243160151,1951,False,original four training seeds,"0,1,2,3",60-109,"a=0.8,lw=1.5,r=0.04,w=0.25; a=1,lw=0.8,r=0.02,w=0.25; a=1,lw=0.8,r=0.015,w=0.25"
five_level_weak_anharmonic,train4_continuation_leak08,0.03,deph_0.001,0.001,0.0,71,0.9724945650820738,0.006372505731233158,0.10246341412028426,0.025511573703394456,0.9869466544656084,0.003196704211443179,120,104.97819244791754,0.2999297243160151,1951,False,original four training seeds,"0,1,2,3",60-109,"a=0.8,lw=1.5,r=0.04,w=0.25; a=1,lw=0.8,r=0.02,w=0.25; a=1,lw=0.8,r=0.015,w=0.25"
five_level_weak_anharmonic,train4_continuation_leak08,0.03,deph_0.001,0.001,0.0,72,0.9897391120303787,0.004410066025720694,0.08153064444574709,0.014485321338689188,0.9880376414667442,0.003196704211443179,120,104.97819244791754,0.2999297243160151,1951,False,original four training seeds,"0,1,2,3",60-109,"a=0.8,lw=1.5,r=0.04,w=0.25; a=1,lw=0.8,r=0.02,w=0.25; a=1,lw=0.8,r=0.015,w=0.25"
five_level_weak_anharmonic,train4_continuation_leak08,0.03,deph_0.001,0.001,0.0,73,0.9764766961917009,0.0055997224854889005,0.07243053014404754,0.01504551653687753,0.9890108177622494,0.003196704211443179,120,104.97819244791754,0.2999297243160151,1951,False,original four training seeds,"0,1,2,3",60-109,"a=0.8,lw=1.5,r=0.04,w=0.25; a=1,lw=0.8,r=0.02,w=0.25; a=1,lw=0.8,r=0.015,w=0.25"
five_level_weak_anharmonic,train4_continuation_leak08,0.03,deph_0.001,0.001,0.0,74,0.9640171750309559,0.0040856505988255964,0.08080357025579565,0.03993896257610367,0.9870331464872779,0.003196704211443179,120,104.97819244791754,0.2999297243160151,1951,False,original four training seeds,"0,1,2,3",60-109,"a=0.8,lw=1.5,r=0.04,w=0.25; a=1,lw=0.8,r=0.02,w=0.25; a=1,lw=0.8,r=0.015,w=0.25"
five_level_weak_anharmonic,train4_continuation_leak08,0.03,deph_0.001,0.001,0.0,75,0.9621351521631019,0.0027628586764556484,0.07064389491638523,0.025089022212514488,0.9883714453678124,0.003196704211443179,120,104.97819244791754,0.2999297243160151,1951,False,original four training seeds,"0,1,2,3",60-109,"a=0.8,lw=1.5,r=0.04,w=0.25; a=1,lw=0.8,r=0.02,w=0.25; a=1,lw=0.8,r=0.015,w=0.25"
five_level_weak_anharmonic,train4_continuation_leak08,0.03,deph_0.001,0.001,0.0,76,0.9836474505261429,0.002579278428955778,0.06875095423122013,0.025499319968840858,0.9898384077036878,0.003196704211443179,120,104.97819244791754,0.2999297243160151,1951,False,original four training seeds,"0,1,2,3",60-109,"a=0.8,lw=1.5,r=0.04,w=0.25; a=1,lw=0.8,r=0.02,w=0.25; a=1,lw=0.8,r=0.015,w=0.25"
five_level_weak_anharmonic,train4_continuation_leak08,0.03,deph_0.001,0.001,0.0,77,0.9832276177036415,0.0024884905290901704,0.07751893854270953,0.010555479869808532,0.9865789442201979,0.003196704211443179,120,104.97819244791754,0.2999297243160151,1951,False,original four training seeds,"0,1,2,3",60-109,"a=0.8,lw=1.5,r=0.04,w=0.25; a=1,lw=0.8,r=0.02,w=0.25; a=1,lw=0.8,r=0.015,w=0.25"
five_level_weak_anharmonic,train4_continuation_leak08,0.03,deph_0.001,0.001,0.0,78,0.9746702411096541,0.0037497482928156023,0.06877810196118861,0.03851164463818496,0.9885293392382194,0.003196704211443179,120,104.97819244791754,0.2999297243160151,1951,False,original four training seeds,"0,1,2,3",60-109,"a=0.8,lw=1.5,r=0.04,w=0.25; a=1,lw=0.8,r=0.02,w=0.25; a=1,lw=0.8,r=0.015,w=0.25"
five_level_weak_anharmonic,train4_continuation_leak08,0.03,deph_0.001,0.001,0.0,79,0.9603488441517438,0.0033941700272565045,0.06786020985502939,0.05446390385591388,0.9817809788250007,0.003196704211443179,120,104.97819244791754,0.2999297243160151,1951,False,original four training seeds,"0,1,2,3",60-109,"a=0.8,lw=1.5,r=0.04,w=0.25; a=1,lw=0.8,r=0.02,w=0.25; a=1,lw=0.8,r=0.015,w=0.25"
five_level_weak_anharmonic,train4_continuation_leak08,0.03,deph_0.001,0.001,0.0,80,0.9063144737650146,0.003575845028229052,0.05912084776664539,0.12151560354835514,0.9783274481450663,0.003196704211443179,120,104.97819244791754,0.2999297243160151,1951,False,original four training seeds,"0,1,2,3",60-109,"a=0.8,lw=1.5,r=0.04,w=0.25; a=1,lw=0.8,r=0.02,w=0.25; a=1,lw=0.8,r=0.015,w=0.25"
five_level_weak_anharmonic,train4_continuation_leak08,0.03,deph_0.001,0.001,0.0,81,0.8697794689092437,0.0061259324057637565,0.060722097686554344,0.1299110299413257,0.9843104326179365,0.003196704211443179,120,104.97819244791754,0.2999297243160151,1951,False,original four training seeds,"0,1,2,3",60-109,"a=0.8,lw=1.5,r=0.04,w=0.25; a=1,lw=0.8,r=0.02,w=0.25; a=1,lw=0.8,r=0.015,w=0.25"
five_level_weak_anharmonic,train4_continuation_leak08,0.03,deph_0.001,0.001,0.0,82,0.9311484113205306,0.003961423314176038,0.07106328758229685,0.059380922805554244,0.9821941327484299,0.003196704211443179,120,104.97819244791754,0.2999297243160151,1951,False,original four training seeds,"0,1,2,3",60-109,"a=0.8,lw=1.5,r=0.04,w=0.25; a=1,lw=0.8,r=0.02,w=0.25; a=1,lw=0.8,r=0.015,w=0.25"
five_level_weak_anharmonic,train4_continuation_leak08,0.03,deph_0.001,0.001,0.0,83,0.9736542429400259,0.005437505632181483,0.0938275182292736,0.026666041014130074,0.9879288900586146,0.003196704211443179,120,104.97819244791754,0.2999297243160151,1951,False,original four training seeds,"0,1,2,3",60-109,"a=0.8,lw=1.5,r=0.04,w=0.25; a=1,lw=0.8,r=0.02,w=0.25; a=1,lw=0.8,r=0.015,w=0.25"
five_level_weak_anharmonic,train4_continuation_leak08,0.03,deph_0.001,0.001,0.0,84,0.9904461327829044,0.004588228626472346,0.06556799314628003,0.009795993934520814,0.9884035998164923,0.003196704211443179,120,104.97819244791754,0.2999297243160151,1951,False,original four training seeds,"0,1,2,3",60-109,"a=0.8,lw=1.5,r=0.04,w=0.25; a=1,lw=0.8,r=0.02,w=0.25; a=1,lw=0.8,r=0.015,w=0.25"
five_level_weak_anharmonic,train4_continuation_leak08,0.03,deph_0.001,0.001,0.0,85,0.8632285898421608,0.0028581206208389,0.0599787147446621,0.16520293765823987,0.9770210018083915,0.003196704211443179,120,104.97819244791754,0.2999297243160151,1951,False,original four training seeds,"0,1,2,3",60-109,"a=0.8,lw=1.5,r=0.04,w=0.25; a=1,lw=0.8,r=0.02,w=0.25; a=1,lw=0.8,r=0.015,w=0.25"
five_level_weak_anharmonic,train4_continuation_leak08,0.03,deph_0.001,0.001,0.0,86,0.9228097187896417,0.0039284375892774115,0.07675192124747965,0.06204859159806048,0.9872236256951263,0.003196704211443179,120,104.97819244791754,0.2999297243160151,1951,False,original four training seeds,"0,1,2,3",60-109,"a=0.8,lw=1.5,r=0.04,w=0.25; a=1,lw=0.8,r=0.02,w=0.25; a=1,lw=0.8,r=0.015,w=0.25"
five_level_weak_anharmonic,train4_continuation_leak08,0.03,deph_0.001,0.001,0.0,87,0.9888165482740968,0.0032692975171840777,0.068650502812862,0.013944773954553642,0.986022713362933,0.003196704211443179,120,104.97819244791754,0.2999297243160151,1951,False,original four training seeds,"0,1,2,3",60-109,"a=0.8,lw=1.5,r=0.04,w=0.25; a=1,lw=0.8,r=0.02,w=0.25; a=1,lw=0.8,r=0.015,w=0.25"
five_level_weak_anharmonic,train4_continuation_leak08,0.03,deph_0.001,0.001,0.0,88,0.9173164495218586,0.002627773393903965,0.07579998932189236,0.03951385260052752,0.9857386122510517,0.003196704211443179,120,104.97819244791754,0.2999297243160151,1951,False,original four training seeds,"0,1,2,3",60-109,"a=0.8,lw=1.5,r=0.04,w=0.25; a=1,lw=0.8,r=0.02,w=0.25; a=1,lw=0.8,r=0.015,w=0.25"
five_level_weak_anharmonic,train4_continuation_leak08,0.03,deph_0.001,0.001,0.0,89,0.9317776212079416,0.0019661253074508833,0.06055394863569408,0.06752102940890203,0.9860262946703975,0.003196704211443179,120,104.97819244791754,0.2999297243160151,1951,False,original four training seeds,"0,1,2,3",60-109,"a=0.8,lw=1.5,r=0.04,w=0.25; a=1,lw=0.8,r=0.02,w=0.25; a=1,lw=0.8,r=0.015,w=0.25"
five_level_weak_anharmonic,train4_continuation_leak08,0.03,deph_0.001,0.001,0.0,90,0.8907149866186129,0.002820768625293568,0.0644353470468394,0.11612490038037078,0.9808941324210975,0.003196704211443179,120,104.97819244791754,0.2999297243160151,1951,False,original four training seeds,"0,1,2,3",60-109,"a=0.8,lw=1.5,r=0.04,w=0.25; a=1,lw=0.8,r=0.02,w=0.25; a=1,lw=0.8,r=0.015,w=0.25"
five_level_weak_anharmonic,train4_continuation_leak08,0.03,deph_0.001,0.001,0.0,91,0.9816816791032199,0.0036343671198262317,0.07279046792786747,0.019799000225251544,0.9890608679978333,0.003196704211443179,120,104.97819244791754,0.2999297243160151,1951,False,original four training seeds,"0,1,2,3",60-109,"a=0.8,lw=1.5,r=0.04,w=0.25; a=1,lw=0.8,r=0.02,w=0.25; a=1,lw=0.8,r=0.015,w=0.25"
five_level_weak_anharmonic,train4_continuation_leak08,0.03,deph_0.001,0.001,0.0,92,0.9715518147685301,0.004131512517822511,0.06932561362858136,0.016042834207798923,0.9887479403953994,0.003196704211443179,120,104.97819244791754,0.2999297243160151,1951,False,original four training seeds,"0,1,2,3",60-109,"a=0.8,lw=1.5,r=0.04,w=0.25; a=1,lw=0.8,r=0.02,w=0.25; a=1,lw=0.8,r=0.015,w=0.25"
five_level_weak_anharmonic,train4_continuation_leak08,0.03,deph_0.001,0.001,0.0,93,0.9306750344245484,0.003262077257768725,0.07044119984340169,0.08852055099466133,0.9808996566220128,0.003196704211443179,120,104.97819244791754,0.2999297243160151,1951,False,original four training seeds,"0,1,2,3",60-109,"a=0.8,lw=1.5,r=0.04,w=0.25; a=1,lw=0.8,r=0.02,w=0.25; a=1,lw=0.8,r=0.015,w=0.25"
five_level_weak_anharmonic,train4_continuation_leak08,0.03,deph_0.001,0.001,0.0,94,0.9172219765669594,0.002636587899323528,0.05427741520416407,0.07335333328652804,0.9832400947468793,0.003196704211443179,120,104.97819244791754,0.2999297243160151,1951,False,original four training seeds,"0,1,2,3",60-109,"a=0.8,lw=1.5,r=0.04,w=0.25; a=1,lw=0.8,r=0.02,w=0.25; a=1,lw=0.8,r=0.015,w=0.25"
five_level_weak_anharmonic,train4_continuation_leak08,0.03,deph_0.001,0.001,0.0,95,0.9784089670671127,0.004410022095236776,0.07462368668846975,0.023477537853627484,0.9859945222873874,0.003196704211443179,120,104.97819244791754,0.2999297243160151,1951,False,original four training seeds,"0,1,2,3",60-109,"a=0.8,lw=1.5,r=0.04,w=0.25; a=1,lw=0.8,r=0.02,w=0.25; a=1,lw=0.8,r=0.015,w=0.25"
five_level_weak_anharmonic,train4_continuation_leak08,0.03,deph_0.001,0.001,0.0,96,0.9897140647643906,0.0033367168338275244,0.0637953352175612,0.010966069844699526,0.989793785208571,0.003196704211443179,120,104.97819244791754,0.2999297243160151,1951,False,original four training seeds,"0,1,2,3",60-109,"a=0.8,lw=1.5,r=0.04,w=0.25; a=1,lw=0.8,r=0.02,w=0.25; a=1,lw=0.8,r=0.015,w=0.25"
five_level_weak_anharmonic,train4_continuation_leak08,0.03,deph_0.001,0.001,0.0,97,0.9360246944252172,0.0038084996247957914,0.07978560422523384,0.05011835624209333,0.9882898511143885,0.003196704211443179,120,104.97819244791754,0.2999297243160151,1951,False,original four training seeds,"0,1,2,3",60-109,"a=0.8,lw=1.5,r=0.04,w=0.25; a=1,lw=0.8,r=0.02,w=0.25; a=1,lw=0.8,r=0.015,w=0.25"
five_level_weak_anharmonic,train4_continuation_leak08,0.03,deph_0.001,0.001,0.0,98,0.9834313088819965,0.002060450487600174,0.07355049686264503,0.011586185310690217,0.9862733044079738,0.003196704211443179,120,104.97819244791754,0.2999297243160151,1951,False,original four training seeds,"0,1,2,3",60-109,"a=0.8,lw=1.5,r=0.04,w=0.25; a=1,lw=0.8,r=0.02,w=0.25; a=1,lw=0.8,r=0.015,w=0.25"
five_level_weak_anharmonic,train4_continuation_leak08,0.03,deph_0.001,0.001,0.0,99,0.9869011824805893,0.0024916739601641424,0.06403689243676425,0.023643026074711217,0.9854292406214242,0.003196704211443179,120,104.97819244791754,0.2999297243160151,1951,False,original four training seeds,"0,1,2,3",60-109,"a=0.8,lw=1.5,r=0.04,w=0.25; a=1,lw=0.8,r=0.02,w=0.25; a=1,lw=0.8,r=0.015,w=0.25"
five_level_weak_anharmonic,train4_continuation_leak08,0.03,deph_0.001,0.001,0.0,100,0.831745156149988,0.0019345682015368126,0.08405038763633688,0.15911929102640804,0.9845907058776339,0.003196704211443179,120,104.97819244791754,0.2999297243160151,1951,False,original four training seeds,"0,1,2,3",60-109,"a=0.8,lw=1.5,r=0.04,w=0.25; a=1,lw=0.8,r=0.02,w=0.25; a=1,lw=0.8,r=0.015,w=0.25"
five_level_weak_anharmonic,train4_continuation_leak08,0.03,deph_0.001,0.001,0.0,101,0.9663541287432273,0.0035115024532713646,0.08275136505450464,0.024655023462685034,0.9854958786150272,0.003196704211443179,120,104.97819244791754,0.2999297243160151,1951,False,original four training seeds,"0,1,2,3",60-109,"a=0.8,lw=1.5,r=0.04,w=0.25; a=1,lw=0.8,r=0.02,w=0.25; a=1,lw=0.8,r=0.015,w=0.25"
five_level_weak_anharmonic,train4_continuation_leak08,0.03,deph_0.001,0.001,0.0,102,0.9455671704683197,0.003040977074676432,0.06883428692435456,0.06552557997285867,0.9858102529764882,0.003196704211443179,120,104.97819244791754,0.2999297243160151,1951,False,original four training seeds,"0,1,2,3",60-109,"a=0.8,lw=1.5,r=0.04,w=0.25; a=1,lw=0.8,r=0.02,w=0.25; a=1,lw=0.8,r=0.015,w=0.25"
five_level_weak_anharmonic,train4_continuation_leak08,0.03,deph_0.001,0.001,0.0,103,0.951905349661798,0.0014208684539285255,0.061261814771182976,0.06591315859320447,0.9808588013258254,0.003196704211443179,120,104.97819244791754,0.2999297243160151,1951,False,original four training seeds,"0,1,2,3",60-109,"a=0.8,lw=1.5,r=0.04,w=0.25; a=1,lw=0.8,r=0.02,w=0.25; a=1,lw=0.8,r=0.015,w=0.25"
five_level_weak_anharmonic,train4_continuation_leak08,0.03,deph_0.001,0.001,0.0,104,0.8521095926949482,0.003380726647431165,0.08443223622543972,0.14434382905959078,0.9829917421505757,0.003196704211443179,120,104.97819244791754,0.2999297243160151,1951,False,original four training seeds,"0,1,2,3",60-109,"a=0.8,lw=1.5,r=0.04,w=0.25; a=1,lw=0.8,r=0.02,w=0.25; a=1,lw=0.8,r=0.015,w=0.25"
five_level_weak_anharmonic,train4_continuation_leak08,0.03,deph_0.001,0.001,0.0,105,0.9576584127261706,0.0025673418514600144,0.07195953280565504,0.05593423568627616,0.985612013105526,0.003196704211443179,120,104.97819244791754,0.2999297243160151,1951,False,original four training seeds,"0,1,2,3",60-109,"a=0.8,lw=1.5,r=0.04,w=0.25; a=1,lw=0.8,r=0.02,w=0.25; a=1,lw=0.8,r=0.015,w=0.25"
five_level_weak_anharmonic,train4_continuation_leak08,0.03,deph_0.001,0.001,0.0,106,0.9632023547078773,0.004392802285919428,0.08258853891902351,0.036076194383873494,0.984433143775385,0.003196704211443179,120,104.97819244791754,0.2999297243160151,1951,False,original four training seeds,"0,1,2,3",60-109,"a=0.8,lw=1.5,r=0.04,w=0.25; a=1,lw=0.8,r=0.02,w=0.25; a=1,lw=0.8,r=0.015,w=0.25"
five_level_weak_anharmonic,train4_continuation_leak08,0.03,deph_0.001,0.001,0.0,107,0.9690332663418969,0.0019431851848655812,0.06210659249393635,0.04048126614533471,0.9842617239758753,0.003196704211443179,120,104.97819244791754,0.2999297243160151,1951,False,original four training seeds,"0,1,2,3",60-109,"a=0.8,lw=1.5,r=0.04,w=0.25; a=1,lw=0.8,r=0.02,w=0.25; a=1,lw=0.8,r=0.015,w=0.25"
five_level_weak_anharmonic,train4_continuation_leak08,0.03,deph_0.001,0.001,0.0,108,0.9392269631042157,0.0036454824035495603,0.05785426470813071,0.089830616265825,0.9789856982576868,0.003196704211443179,120,104.97819244791754,0.2999297243160151,1951,False,original four training seeds,"0,1,2,3",60-109,"a=0.8,lw=1.5,r=0.04,w=0.25; a=1,lw=0.8,r=0.02,w=0.25; a=1,lw=0.8,r=0.015,w=0.25"
five_level_weak_anharmonic,train4_continuation_leak08,0.03,deph_0.001,0.001,0.0,109,0.9877483574499089,0.004040493023098279,0.06333011851427517,0.008869569476072363,0.9870858385842687,0.003196704211443179,120,104.97819244791754,0.2999297243160151,1951,False,original four training seeds,"0,1,2,3",60-109,"a=0.8,lw=1.5,r=0.04,w=0.25; a=1,lw=0.8,r=0.02,w=0.25; a=1,lw=0.8,r=0.015,w=0.25"
five_level_weak_anharmonic,train4_continuation_leak08,0.03,relax_0.0005,0.0,0.0005,60,0.9510319255473068,0.0011676870586065924,0.08025117809935156,0.05671669877823416,0.9603635913454595,0.003196704211443179,120,104.97819244791754,0.2999297243160151,1951,False,original four training seeds,"0,1,2,3",60-109,"a=0.8,lw=1.5,r=0.04,w=0.25; a=1,lw=0.8,r=0.02,w=0.25; a=1,lw=0.8,r=0.015,w=0.25"
five_level_weak_anharmonic,train4_continuation_leak08,0.03,relax_0.0005,0.0,0.0005,61,0.9624381767668301,0.0016059462394085733,0.07851050598136422,0.022417924954876867,0.9612982403198453,0.003196704211443179,120,104.97819244791754,0.2999297243160151,1951,False,original four training seeds,"0,1,2,3",60-109,"a=0.8,lw=1.5,r=0.04,w=0.25; a=1,lw=0.8,r=0.02,w=0.25; a=1,lw=0.8,r=0.015,w=0.25"
five_level_weak_anharmonic,train4_continuation_leak08,0.03,relax_0.0005,0.0,0.0005,62,0.8788199495986188,0.0008355466828260383,0.06757210234291888,0.07656740444684812,0.964227790998525,0.003196704211443179,120,104.97819244791754,0.2999297243160151,1951,False,original four training seeds,"0,1,2,3",60-109,"a=0.8,lw=1.5,r=0.04,w=0.25; a=1,lw=0.8,r=0.02,w=0.25; a=1,lw=0.8,r=0.015,w=0.25"
five_level_weak_anharmonic,train4_continuation_leak08,0.03,relax_0.0005,0.0,0.0005,63,0.9449921397380042,0.002863921984610718,0.06137934772924647,0.04990162312881624,0.9586019352332461,0.003196704211443179,120,104.97819244791754,0.2999297243160151,1951,False,original four training seeds,"0,1,2,3",60-109,"a=0.8,lw=1.5,r=0.04,w=0.25; a=1,lw=0.8,r=0.02,w=0.25; a=1,lw=0.8,r=0.015,w=0.25"
five_level_weak_anharmonic,train4_continuation_leak08,0.03,relax_0.0005,0.0,0.0005,64,0.9240826639226506,0.0030755474257138093,0.06601318133396239,0.039848157437815675,0.9607967990033818,0.003196704211443179,120,104.97819244791754,0.2999297243160151,1951,False,original four training seeds,"0,1,2,3",60-109,"a=0.8,lw=1.5,r=0.04,w=0.25; a=1,lw=0.8,r=0.02,w=0.25; a=1,lw=0.8,r=0.015,w=0.25"
five_level_weak_anharmonic,train4_continuation_leak08,0.03,relax_0.0005,0.0,0.0005,65,0.9654108724122977,0.002773085587074231,0.0968687040605899,0.038845928187626486,0.9572541209784932,0.003196704211443179,120,104.97819244791754,0.2999297243160151,1951,False,original four training seeds,"0,1,2,3",60-109,"a=0.8,lw=1.5,r=0.04,w=0.25; a=1,lw=0.8,r=0.02,w=0.25; a=1,lw=0.8,r=0.015,w=0.25"
five_level_weak_anharmonic,train4_continuation_leak08,0.03,relax_0.0005,0.0,0.0005,66,0.9667114850984136,0.002712902231490455,0.06986315833874013,0.03857594095418537,0.9619731579393769,0.003196704211443179,120,104.97819244791754,0.2999297243160151,1951,False,original four training seeds,"0,1,2,3",60-109,"a=0.8,lw=1.5,r=0.04,w=0.25; a=1,lw=0.8,r=0.02,w=0.25; a=1,lw=0.8,r=0.015,w=0.25"
five_level_weak_anharmonic,train4_continuation_leak08,0.03,relax_0.0005,0.0,0.0005,67,0.9141067537477178,0.005841028827993311,0.08667284451815149,0.050144005276632625,0.9594111433775623,0.003196704211443179,120,104.97819244791754,0.2999297243160151,1951,False,original four training seeds,"0,1,2,3",60-109,"a=0.8,lw=1.5,r=0.04,w=0.25; a=1,lw=0.8,r=0.02,w=0.25; a=1,lw=0.8,r=0.015,w=0.25"
five_level_weak_anharmonic,train4_continuation_leak08,0.03,relax_0.0005,0.0,0.0005,68,0.9229855656592134,0.0014797938963266866,0.060483423950552395,0.09584769125292972,0.9694281399677881,0.003196704211443179,120,104.97819244791754,0.2999297243160151,1951,False,original four training seeds,"0,1,2,3",60-109,"a=0.8,lw=1.5,r=0.04,w=0.25; a=1,lw=0.8,r=0.02,w=0.25; a=1,lw=0.8,r=0.015,w=0.25"
five_level_weak_anharmonic,train4_continuation_leak08,0.03,relax_0.0005,0.0,0.0005,69,0.9716191329655625,0.0022086296499183034,0.07715695161557101,0.03109027776886163,0.9615908240663793,0.003196704211443179,120,104.97819244791754,0.2999297243160151,1951,False,original four training seeds,"0,1,2,3",60-109,"a=0.8,lw=1.5,r=0.04,w=0.25; a=1,lw=0.8,r=0.02,w=0.25; a=1,lw=0.8,r=0.015,w=0.25"
five_level_weak_anharmonic,train4_continuation_leak08,0.03,relax_0.0005,0.0,0.0005,70,0.9075129027411157,0.00198146032092561,0.07702264027238137,0.06200530087538698,0.9600743514930546,0.003196704211443179,120,104.97819244791754,0.2999297243160151,1951,False,original four training seeds,"0,1,2,3",60-109,"a=0.8,lw=1.5,r=0.04,w=0.25; a=1,lw=0.8,r=0.02,w=0.25; a=1,lw=0.8,r=0.015,w=0.25"
five_level_weak_anharmonic,train4_continuation_leak08,0.03,relax_0.0005,0.0,0.0005,71,0.9601597756011742,0.004997272272929676,0.10168597766840093,0.035281011366768644,0.9596730398201846,0.003196704211443179,120,104.97819244791754,0.2999297243160151,1951,False,original four training seeds,"0,1,2,3",60-109,"a=0.8,lw=1.5,r=0.04,w=0.25; a=1,lw=0.8,r=0.02,w=0.25; a=1,lw=0.8,r=0.015,w=0.25"
five_level_weak_anharmonic,train4_continuation_leak08,0.03,relax_0.0005,0.0,0.0005,72,0.974585667027138,0.0031614842650677932,0.08084711872952732,0.026400068141300345,0.9583100360693982,0.003196704211443179,120,104.97819244791754,0.2999297243160151,1951,False,original four training seeds,"0,1,2,3",60-109,"a=0.8,lw=1.5,r=0.04,w=0.25; a=1,lw=0.8,r=0.02,w=0.25; a=1,lw=0.8,r=0.015,w=0.25"
five_level_weak_anharmonic,train4_continuation_leak08,0.03,relax_0.0005,0.0,0.0005,73,0.9589681781433774,0.0044259331069030905,0.0718386506434312,0.029217263174134072,0.9571927265349267,0.003196704211443179,120,104.97819244791754,0.2999297243160151,1951,False,original four training seeds,"0,1,2,3",60-109,"a=0.8,lw=1.5,r=0.04,w=0.25; a=1,lw=0.8,r=0.02,w=0.25; a=1,lw=0.8,r=0.015,w=0.25"
five_level_weak_anharmonic,train4_continuation_leak08,0.03,relax_0.0005,0.0,0.0005,74,0.9517008149714619,0.003049096866088452,0.08007824482935644,0.04969245071174702,0.9599336086894494,0.003196704211443179,120,104.97819244791754,0.2999297243160151,1951,False,original four training seeds,"0,1,2,3",60-109,"a=0.8,lw=1.5,r=0.04,w=0.25; a=1,lw=0.8,r=0.02,w=0.25; a=1,lw=0.8,r=0.015,w=0.25"
five_level_weak_anharmonic,train4_continuation_leak08,0.03,relax_0.0005,0.0,0.0005,75,0.9459739087764476,0.0017174111715164697,0.0700242521892418,0.03797868365742744,0.9581875422581744,0.003196704211443179,120,104.97819244791754,0.2999297243160151,1951,False,original four training seeds,"0,1,2,3",60-109,"a=0.8,lw=1.5,r=0.04,w=0.25; a=1,lw=0.8,r=0.02,w=0.25; a=1,lw=0.8,r=0.015,w=0.25"
five_level_weak_anharmonic,train4_continuation_leak08,0.03,relax_0.0005,0.0,0.0005,76,0.9666925909540288,0.0015088054661894779,0.06813158775731254,0.03935224197099941,0.9562408053848211,0.003196704211443179,120,104.97819244791754,0.2999297243160151,1951,False,original four training seeds,"0,1,2,3",60-109,"a=0.8,lw=1.5,r=0.04,w=0.25; a=1,lw=0.8,r=0.02,w=0.25; a=1,lw=0.8,r=0.015,w=0.25"
five_level_weak_anharmonic,train4_continuation_leak08,0.03,relax_0.0005,0.0,0.0005,77,0.9697185846487141,0.0013698305127276544,0.07687273619617907,0.0213520541728171,0.9605124300306528,0.003196704211443179,120,104.97819244791754,0.2999297243160151,1951,False,original four training seeds,"0,1,2,3",60-109,"a=0.8,lw=1.5,r=0.04,w=0.25; a=1,lw=0.8,r=0.02,w=0.25; a=1,lw=0.8,r=0.015,w=0.25"
five_level_weak_anharmonic,train4_continuation_leak08,0.03,relax_0.0005,0.0,0.0005,78,0.9590500185155176,0.0026182258911303657,0.06810157066474931,0.05098850780361605,0.9573740988393997,0.003196704211443179,120,104.97819244791754,0.2999297243160151,1951,False,original four training seeds,"0,1,2,3",60-109,"a=0.8,lw=1.5,r=0.04,w=0.25; a=1,lw=0.8,r=0.02,w=0.25; a=1,lw=0.8,r=0.015,w=0.25"
five_level_weak_anharmonic,train4_continuation_leak08,0.03,relax_0.0005,0.0,0.0005,79,0.9474507522907101,0.002451656809876912,0.06719513687772383,0.06530491023994042,0.9663609361537584,0.003196704211443179,120,104.97819244791754,0.2999297243160151,1951,False,original four training seeds,"0,1,2,3",60-109,"a=0.8,lw=1.5,r=0.04,w=0.25; a=1,lw=0.8,r=0.02,w=0.25; a=1,lw=0.8,r=0.015,w=0.25"
five_level_weak_anharmonic,train4_continuation_leak08,0.03,relax_0.0005,0.0,0.0005,80,0.8942079015445622,0.0027903580036463538,0.058520823476880035,0.13190441442404244,0.9714805181015999,0.003196704211443179,120,104.97819244791754,0.2999297243160151,1951,False,original four training seeds,"0,1,2,3",60-109,"a=0.8,lw=1.5,r=0.04,w=0.25; a=1,lw=0.8,r=0.02,w=0.25; a=1,lw=0.8,r=0.015,w=0.25"
five_level_weak_anharmonic,train4_continuation_leak08,0.03,relax_0.0005,0.0,0.0005,81,0.8578220880363787,0.00524065650188188,0.06002868534029404,0.1393408985485374,0.963931569401412,0.003196704211443179,120,104.97819244791754,0.2999297243160151,1951,False,original four training seeds,"0,1,2,3",60-109,"a=0.8,lw=1.5,r=0.04,w=0.25; a=1,lw=0.8,r=0.02,w=0.25; a=1,lw=0.8,r=0.015,w=0.25"
five_level_weak_anharmonic,train4_continuation_leak08,0.03,relax_0.0005,0.0,0.0005,82,0.9169055848279968,0.002819567534459111,0.07041824389726159,0.07121868887177403,0.9653172864667369,0.003196704211443179,120,104.97819244791754,0.2999297243160151,1951,False,original four training seeds,"0,1,2,3",60-109,"a=0.8,lw=1.5,r=0.04,w=0.25; a=1,lw=0.8,r=0.02,w=0.25; a=1,lw=0.8,r=0.015,w=0.25"
five_level_weak_anharmonic,train4_continuation_leak08,0.03,relax_0.0005,0.0,0.0005,83,0.9597718164030601,0.0040004128572803666,0.09306720500398191,0.03760671729220522,0.958485052001212,0.003196704211443179,120,104.97819244791754,0.2999297243160151,1951,False,original four training seeds,"0,1,2,3",60-109,"a=0.8,lw=1.5,r=0.04,w=0.25; a=1,lw=0.8,r=0.02,w=0.25; a=1,lw=0.8,r=0.015,w=0.25"
five_level_weak_anharmonic,train4_continuation_leak08,0.03,relax_0.0005,0.0,0.0005,84,0.975194340035561,0.003636879853300301,0.06497014385493638,0.021885683115367774,0.9589672036464917,0.003196704211443179,120,104.97819244791754,0.2999297243160151,1951,False,original four training seeds,"0,1,2,3",60-109,"a=0.8,lw=1.5,r=0.04,w=0.25; a=1,lw=0.8,r=0.02,w=0.25; a=1,lw=0.8,r=0.015,w=0.25"
five_level_weak_anharmonic,train4_continuation_leak08,0.03,relax_0.0005,0.0,0.0005,85,0.8524957311736961,0.002106511040828707,0.059344296310880784,0.17448194093667946,0.9735774430767382,0.003196704211443179,120,104.97819244791754,0.2999297243160151,1951,False,original four training seeds,"0,1,2,3",60-109,"a=0.8,lw=1.5,r=0.04,w=0.25; a=1,lw=0.8,r=0.02,w=0.25; a=1,lw=0.8,r=0.015,w=0.25"
five_level_weak_anharmonic,train4_continuation_leak08,0.03,relax_0.0005,0.0,0.0005,86,0.9087900911545093,0.002561850839983837,0.07609157734625405,0.07325690542743735,0.9586271658656121,0.003196704211443179,120,104.97819244791754,0.2999297243160151,1951,False,original four training seeds,"0,1,2,3",60-109,"a=0.8,lw=1.5,r=0.04,w=0.25; a=1,lw=0.8,r=0.02,w=0.25; a=1,lw=0.8,r=0.015,w=0.25"
five_level_weak_anharmonic,train4_continuation_leak08,0.03,relax_0.0005,0.0,0.0005,87,0.9754067882012275,0.0022358419489801884,0.06799629608340552,0.024826731990508454,0.9617115732890072,0.003196704211443179,120,104.97819244791754,0.2999297243160151,1951,False,original four training seeds,"0,1,2,3",60-109,"a=0.8,lw=1.5,r=0.04,w=0.25; a=1,lw=0.8,r=0.02,w=0.25; a=1,lw=0.8,r=0.015,w=0.25"
five_level_weak_anharmonic,train4_continuation_leak08,0.03,relax_0.0005,0.0,0.0005,88,0.9072220325976199,0.0015483284804796993,0.07510076111986508,0.04816997252490653,0.961841594336177,0.003196704211443179,120,104.97819244791754,0.2999297243160151,1951,False,original four training seeds,"0,1,2,3",60-109,"a=0.8,lw=1.5,r=0.04,w=0.25; a=1,lw=0.8,r=0.02,w=0.25; a=1,lw=0.8,r=0.015,w=0.25"
five_level_weak_anharmonic,train4_continuation_leak08,0.03,relax_0.0005,0.0,0.0005,89,0.922211993914413,0.00111917004267581,0.05972323127263546,0.07530623469092564,0.9622282309020943,0.003196704211443179,120,104.97819244791754,0.2999297243160151,1951,False,original four training seeds,"0,1,2,3",60-109,"a=0.8,lw=1.5,r=0.04,w=0.25; a=1,lw=0.8,r=0.02,w=0.25; a=1,lw=0.8,r=0.015,w=0.25"
five_level_weak_anharmonic,train4_continuation_leak08,0.03,relax_0.0005,0.0,0.0005,90,0.8822041841160889,0.0019307515128631492,0.06377380946724864,0.12348518240597801,0.9684440359343579,0.003196704211443179,120,104.97819244791754,0.2999297243160151,1951,False,original four training seeds,"0,1,2,3",60-109,"a=0.8,lw=1.5,r=0.04,w=0.25; a=1,lw=0.8,r=0.02,w=0.25; a=1,lw=0.8,r=0.015,w=0.25"
five_level_weak_anharmonic,train4_continuation_leak08,0.03,relax_0.0005,0.0,0.0005,91,0.9660991969586495,0.002651014044163569,0.07216905223666759,0.032134629076480486,0.9574370994156135,0.003196704211443179,120,104.97819244791754,0.2999297243160151,1951,False,original four training seeds,"0,1,2,3",60-109,"a=0.8,lw=1.5,r=0.04,w=0.25; a=1,lw=0.8,r=0.02,w=0.25; a=1,lw=0.8,r=0.015,w=0.25"
five_level_weak_anharmonic,train4_continuation_leak08,0.03,relax_0.0005,0.0,0.0005,92,0.9538631739566915,0.003036871377502859,0.06873110483235356,0.03033297196535742,0.9576083584292612,0.003196704211443179,120,104.97819244791754,0.2999297243160151,1951,False,original four training seeds,"0,1,2,3",60-109,"a=0.8,lw=1.5,r=0.04,w=0.25; a=1,lw=0.8,r=0.02,w=0.25; a=1,lw=0.8,r=0.015,w=0.25"
five_level_weak_anharmonic,train4_continuation_leak08,0.03,relax_0.0005,0.0,0.0005,93,0.9204115563170849,0.002251999830403917,0.06976787035420662,0.09718791205063099,0.967858641525643,0.003196704211443179,120,104.97819244791754,0.2999297243160151,1951,False,original four training seeds,"0,1,2,3",60-109,"a=0.8,lw=1.5,r=0.04,w=0.25; a=1,lw=0.8,r=0.02,w=0.25; a=1,lw=0.8,r=0.015,w=0.25"
five_level_weak_anharmonic,train4_continuation_leak08,0.03,relax_0.0005,0.0,0.0005,94,0.9010601898128925,0.0019166447204732595,0.05374557581924466,0.08644493810726506,0.9649347405320247,0.003196704211443179,120,104.97819244791754,0.2999297243160151,1951,False,original four training seeds,"0,1,2,3",60-109,"a=0.8,lw=1.5,r=0.04,w=0.25; a=1,lw=0.8,r=0.02,w=0.25; a=1,lw=0.8,r=0.015,w=0.25"
five_level_weak_anharmonic,train4_continuation_leak08,0.03,relax_0.0005,0.0,0.0005,95,0.9671768919330818,0.0032810029802963214,0.0739431147815891,0.03264745337645611,0.9612561265243917,0.003196704211443179,120,104.97819244791754,0.2999297243160151,1951,False,original four training seeds,"0,1,2,3",60-109,"a=0.8,lw=1.5,r=0.04,w=0.25; a=1,lw=0.8,r=0.02,w=0.25; a=1,lw=0.8,r=0.015,w=0.25"
five_level_weak_anharmonic,train4_continuation_leak08,0.03,relax_0.0005,0.0,0.0005,96,0.9730540186475416,0.0023772222141117405,0.06320886147653337,0.024232346204618317,0.9570575413149978,0.003196704211443179,120,104.97819244791754,0.2999297243160151,1951,False,original four training seeds,"0,1,2,3",60-109,"a=0.8,lw=1.5,r=0.04,w=0.25; a=1,lw=0.8,r=0.02,w=0.25; a=1,lw=0.8,r=0.015,w=0.25"
five_level_weak_anharmonic,train4_continuation_leak08,0.03,relax_0.0005,0.0,0.0005,97,0.9208337014433585,0.002704492442359374,0.07911387464504993,0.062285408889934155,0.958204976378336,0.003196704211443179,120,104.97819244791754,0.2999297243160151,1951,False,original four training seeds,"0,1,2,3",60-109,"a=0.8,lw=1.5,r=0.04,w=0.25; a=1,lw=0.8,r=0.02,w=0.25; a=1,lw=0.8,r=0.015,w=0.25"
five_level_weak_anharmonic,train4_continuation_leak08,0.03,relax_0.0005,0.0,0.0005,98,0.969546887887087,0.000967326280212899,0.07291145751339068,0.022753818460899897,0.9607650946505873,0.003196704211443179,120,104.97819244791754,0.2999297243160151,1951,False,original four training seeds,"0,1,2,3",60-109,"a=0.8,lw=1.5,r=0.04,w=0.25; a=1,lw=0.8,r=0.02,w=0.25; a=1,lw=0.8,r=0.015,w=0.25"
five_level_weak_anharmonic,train4_continuation_leak08,0.03,relax_0.0005,0.0,0.0005,99,0.9741520672292717,0.0015270194999021935,0.06339932282506178,0.03403291908191741,0.9627621585213388,0.003196704211443179,120,104.97819244791754,0.2999297243160151,1951,False,original four training seeds,"0,1,2,3",60-109,"a=0.8,lw=1.5,r=0.04,w=0.25; a=1,lw=0.8,r=0.02,w=0.25; a=1,lw=0.8,r=0.015,w=0.25"
five_level_weak_anharmonic,train4_continuation_leak08,0.03,relax_0.0005,0.0,0.0005,100,0.82254409336006,0.0007757281167548591,0.08333485062521295,0.16645136044539258,0.9627575287400658,0.003196704211443179,120,104.97819244791754,0.2999297243160151,1951,False,original four training seeds,"0,1,2,3",60-109,"a=0.8,lw=1.5,r=0.04,w=0.25; a=1,lw=0.8,r=0.02,w=0.25; a=1,lw=0.8,r=0.015,w=0.25"
five_level_weak_anharmonic,train4_continuation_leak08,0.03,relax_0.0005,0.0,0.0005,101,0.9569459251932253,0.0023069768355725717,0.08204314990216599,0.032506912575595286,0.9619586792191314,0.003196704211443179,120,104.97819244791754,0.2999297243160151,1951,False,original four training seeds,"0,1,2,3",60-109,"a=0.8,lw=1.5,r=0.04,w=0.25; a=1,lw=0.8,r=0.02,w=0.25; a=1,lw=0.8,r=0.015,w=0.25"
five_level_weak_anharmonic,train4_continuation_leak08,0.03,relax_0.0005,0.0,0.0005,102,0.9321447794188183,0.0020856761344554275,0.06818025522341642,0.07611303831185097,0.9613537195629528,0.003196704211443179,120,104.97819244791754,0.2999297243160151,1951,False,original four training seeds,"0,1,2,3",60-109,"a=0.8,lw=1.5,r=0.04,w=0.25; a=1,lw=0.8,r=0.02,w=0.25; a=1,lw=0.8,r=0.015,w=0.25"
five_level_weak_anharmonic,train4_continuation_leak08,0.03,relax_0.0005,0.0,0.0005,103,0.9395335379660519,0.0005410972362015487,0.06066822782061898,0.0764844221183141,0.9680226612263604,0.003196704211443179,120,104.97819244791754,0.2999297243160151,1951,False,original four training seeds,"0,1,2,3",60-109,"a=0.8,lw=1.5,r=0.04,w=0.25; a=1,lw=0.8,r=0.02,w=0.25; a=1,lw=0.8,r=0.015,w=0.25"
five_level_weak_anharmonic,train4_continuation_leak08,0.03,relax_0.0005,0.0,0.0005,104,0.8437934917505762,0.0023245461097228803,0.08371741937131305,0.15104253125884176,0.9653494541724149,0.003196704211443179,120,104.97819244791754,0.2999297243160151,1951,False,original four training seeds,"0,1,2,3",60-109,"a=0.8,lw=1.5,r=0.04,w=0.25; a=1,lw=0.8,r=0.02,w=0.25; a=1,lw=0.8,r=0.015,w=0.25"
five_level_weak_anharmonic,train4_continuation_leak08,0.03,relax_0.0005,0.0,0.0005,105,0.9447436576678246,0.0014641923244320676,0.07130510289835268,0.0661287928170426,0.9617157568454536,0.003196704211443179,120,104.97819244791754,0.2999297243160151,1951,False,original four training seeds,"0,1,2,3",60-109,"a=0.8,lw=1.5,r=0.04,w=0.25; a=1,lw=0.8,r=0.02,w=0.25; a=1,lw=0.8,r=0.015,w=0.25"
five_level_weak_anharmonic,train4_continuation_leak08,0.03,relax_0.0005,0.0,0.0005,106,0.9480544671030989,0.003105245927377931,0.08182217172569772,0.04827981850549321,0.9623742731099398,0.003196704211443179,120,104.97819244791754,0.2999297243160151,1951,False,original four training seeds,"0,1,2,3",60-109,"a=0.8,lw=1.5,r=0.04,w=0.25; a=1,lw=0.8,r=0.02,w=0.25; a=1,lw=0.8,r=0.015,w=0.25"
five_level_weak_anharmonic,train4_continuation_leak08,0.03,relax_0.0005,0.0,0.0005,107,0.9592792187354052,0.0010296585727747054,0.06147150225775144,0.0487784055237562,0.9644204656503282,0.003196704211443179,120,104.97819244791754,0.2999297243160151,1951,False,original four training seeds,"0,1,2,3",60-109,"a=0.8,lw=1.5,r=0.04,w=0.25; a=1,lw=0.8,r=0.02,w=0.25; a=1,lw=0.8,r=0.015,w=0.25"
five_level_weak_anharmonic,train4_continuation_leak08,0.03,relax_0.0005,0.0,0.0005,108,0.9275740684925949,0.002788278852920767,0.05723500345123589,0.10009670557366411,0.9700821757878891,0.003196704211443179,120,104.97819244791754,0.2999297243160151,1951,False,original four training seeds,"0,1,2,3",60-109,"a=0.8,lw=1.5,r=0.04,w=0.25; a=1,lw=0.8,r=0.02,w=0.25; a=1,lw=0.8,r=0.015,w=0.25"
five_level_weak_anharmonic,train4_continuation_leak08,0.03,relax_0.0005,0.0,0.0005,109,0.9741981246538882,0.003006541084059844,0.06270369808695608,0.019874849499482303,0.9603392913633759,0.003196704211443179,120,104.97819244791754,0.2999297243160151,1951,False,original four training seeds,"0,1,2,3",60-109,"a=0.8,lw=1.5,r=0.04,w=0.25; a=1,lw=0.8,r=0.02,w=0.25; a=1,lw=0.8,r=0.015,w=0.25"
five_level_weak_anharmonic,train4_continuation_leak08,0.03,combined,0.001,0.0005,60,0.9451645764543253,0.0022700951872859365,0.0807436709404723,0.06225869251986504,0.9477860485377403,0.003196704211443179,120,104.97819244791754,0.2999297243160151,1951,False,original four training seeds,"0,1,2,3",60-109,"a=0.8,lw=1.5,r=0.04,w=0.25; a=1,lw=0.8,r=0.02,w=0.25; a=1,lw=0.8,r=0.015,w=0.25"
five_level_weak_anharmonic,train4_continuation_leak08,0.03,combined,0.001,0.0005,61,0.9555009579201196,0.002660638805845883,0.07894835379306886,0.02930093479651876,0.9480838313873121,0.003196704211443179,120,104.97819244791754,0.2999297243160151,1951,False,original four training seeds,"0,1,2,3",60-109,"a=0.8,lw=1.5,r=0.04,w=0.25; a=1,lw=0.8,r=0.02,w=0.25; a=1,lw=0.8,r=0.015,w=0.25"
five_level_weak_anharmonic,train4_continuation_leak08,0.03,combined,0.001,0.0005,62,0.8733945827565534,0.0017189681456988293,0.06793935178763011,0.08263581839183592,0.9483500685094264,0.003196704211443179,120,104.97819244791754,0.2999297243160151,1951,False,original four training seeds,"0,1,2,3",60-109,"a=0.8,lw=1.5,r=0.04,w=0.25; a=1,lw=0.8,r=0.02,w=0.25; a=1,lw=0.8,r=0.015,w=0.25"
five_level_weak_anharmonic,train4_continuation_leak08,0.03,combined,0.001,0.0005,63,0.9397728366578579,0.003624778480241564,0.06182658538493169,0.05512248661554822,0.9481245031836805,0.003196704211443179,120,104.97819244791754,0.2999297243160151,1951,False,original four training seeds,"0,1,2,3",60-109,"a=0.8,lw=1.5,r=0.04,w=0.25; a=1,lw=0.8,r=0.02,w=0.25; a=1,lw=0.8,r=0.015,w=0.25"
five_level_weak_anharmonic,train4_continuation_leak08,0.03,combined,0.001,0.0005,64,0.9180311713596107,0.004035001417415418,0.06653056898361065,0.0461993736261212,0.9479717713960678,0.003196704211443179,120,104.97819244791754,0.2999297243160151,1951,False,original four training seeds,"0,1,2,3",60-109,"a=0.8,lw=1.5,r=0.04,w=0.25; a=1,lw=0.8,r=0.02,w=0.25; a=1,lw=0.8,r=0.015,w=0.25"
five_level_weak_anharmonic,train4_continuation_leak08,0.03,combined,0.001,0.0005,65,0.9602585673374932,0.003960265861153389,0.09735313624968733,0.043977339082952475,0.9466307959412927,0.003196704211443179,120,104.97819244791754,0.2999297243160151,1951,False,original four training seeds,"0,1,2,3",60-109,"a=0.8,lw=1.5,r=0.04,w=0.25; a=1,lw=0.8,r=0.02,w=0.25; a=1,lw=0.8,r=0.015,w=0.25"
five_level_weak_anharmonic,train4_continuation_leak08,0.03,combined,0.001,0.0005,66,0.9599294088617341,0.003722663879872079,0.0703657736033847,0.0447916451366814,0.9482128195888336,0.003196704211443179,120,104.97819244791754,0.2999297243160151,1951,False,original four training seeds,"0,1,2,3",60-109,"a=0.8,lw=1.5,r=0.04,w=0.25; a=1,lw=0.8,r=0.02,w=0.25; a=1,lw=0.8,r=0.015,w=0.25"
five_level_weak_anharmonic,train4_continuation_leak08,0.03,combined,0.001,0.0005,67,0.908852768770907,0.007082724623784453,0.08714919692320999,0.056010529295674336,0.9468754020667423,0.003196704211443179,120,104.97819244791754,0.2999297243160151,1951,False,original four training seeds,"0,1,2,3",60-109,"a=0.8,lw=1.5,r=0.04,w=0.25; a=1,lw=0.8,r=0.02,w=0.25; a=1,lw=0.8,r=0.015,w=0.25"
five_level_weak_anharmonic,train4_continuation_leak08,0.03,combined,0.001,0.0005,68,0.916233939609424,0.002358646134403841,0.06091905996275726,0.10167053678469569,0.9505617732316674,0.003196704211443179,120,104.97819244791754,0.2999297243160151,1951,False,original four training seeds,"0,1,2,3",60-109,"a=0.8,lw=1.5,r=0.04,w=0.25; a=1,lw=0.8,r=0.02,w=0.25; a=1,lw=0.8,r=0.015,w=0.25"
five_level_weak_anharmonic,train4_continuation_leak08,0.03,combined,0.001,0.0005,69,0.9647927009577393,0.0032964881698684945,0.07760323367256983,0.03757621136205906,0.94835265683212,0.003196704211443179,120,104.97819244791754,0.2999297243160151,1951,False,original four training seeds,"0,1,2,3",60-109,"a=0.8,lw=1.5,r=0.04,w=0.25; a=1,lw=0.8,r=0.02,w=0.25; a=1,lw=0.8,r=0.015,w=0.25"
five_level_weak_anharmonic,train4_continuation_leak08,0.03,combined,0.001,0.0005,70,0.90196573357168,0.003073475225041311,0.07745558334848979,0.06788774584889659,0.9478039032032334,0.003196704211443179,120,104.97819244791754,0.2999297243160151,1951,False,original four training seeds,"0,1,2,3",60-109,"a=0.8,lw=1.5,r=0.04,w=0.25; a=1,lw=0.8,r=0.02,w=0.25; a=1,lw=0.8,r=0.015,w=0.25"
five_level_weak_anharmonic,train4_continuation_leak08,0.03,combined,0.001,0.0005,71,0.9539968752936873,0.006219384740606015,0.10217141577758015,0.041328516694757005,0.9474907332811117,0.003196704211443179,120,104.97819244791754,0.2999297243160151,1951,False,original four training seeds,"0,1,2,3",60-109,"a=0.8,lw=1.5,r=0.04,w=0.25; a=1,lw=0.8,r=0.02,w=0.25; a=1,lw=0.8,r=0.015,w=0.25"
five_level_weak_anharmonic,train4_continuation_leak08,0.03,combined,0.001,0.0005,72,0.9689082584129399,0.0043105300057593166,0.08129289031534082,0.03212097192282755,0.9471345982161851,0.003196704211443179,120,104.97819244791754,0.2999297243160151,1951,False,original four training seeds,"0,1,2,3",60-109,"a=0.8,lw=1.5,r=0.04,w=0.25; a=1,lw=0.8,r=0.02,w=0.25; a=1,lw=0.8,r=0.015,w=0.25"
five_level_weak_anharmonic,train4_continuation_leak08,0.03,combined,0.001,0.0005,73,0.9543680189942882,0.005408918919660111,0.072232472011869,0.03416889188336457,0.9468933966433102,0.003196704211443179,120,104.97819244791754,0.2999297243160151,1951,False,original four training seeds,"0,1,2,3",60-109,"a=0.8,lw=1.5,r=0.04,w=0.25; a=1,lw=0.8,r=0.02,w=0.25; a=1,lw=0.8,r=0.015,w=0.25"
five_level_weak_anharmonic,train4_continuation_leak08,0.03,combined,0.001,0.0005,74,0.9457760211312441,0.00398627152606823,0.08059677574793922,0.05541708571045522,0.9478226833556711,0.003196704211443179,120,104.97819244791754,0.2999297243160151,1951,False,original four training seeds,"0,1,2,3",60-109,"a=0.8,lw=1.5,r=0.04,w=0.25; a=1,lw=0.8,r=0.02,w=0.25; a=1,lw=0.8,r=0.015,w=0.25"
five_level_weak_anharmonic,train4_continuation_leak08,0.03,combined,0.001,0.0005,75,0.9411558726235194,0.0026938627559439654,0.07044564378588158,0.04317423823944458,0.9472878525853861,0.003196704211443179,120,104.97819244791754,0.2999297243160151,1951,False,original four training seeds,"0,1,2,3",60-109,"a=0.8,lw=1.5,r=0.04,w=0.25; a=1,lw=0.8,r=0.02,w=0.25; a=1,lw=0.8,r=0.015,w=0.25"
five_level_weak_anharmonic,train4_continuation_leak08,0.03,combined,0.001,0.0005,76,0.962039020824171,0.002520597987342499,0.06858706831560668,0.04387708548839134,0.9468265050991118,0.003196704211443179,120,104.97819244791754,0.2999297243160151,1951,False,original four training seeds,"0,1,2,3",60-109,"a=0.8,lw=1.5,r=0.04,w=0.25; a=1,lw=0.8,r=0.02,w=0.25; a=1,lw=0.8,r=0.015,w=0.25"
five_level_weak_anharmonic,train4_continuation_leak08,0.03,combined,0.001,0.0005,77,0.9633953957038821,0.0024274773450888576,0.07729519118702644,0.027711810899201227,0.947846647498288,0.003196704211443179,120,104.97819244791754,0.2999297243160151,1951,False,original four training seeds,"0,1,2,3",60-109,"a=0.8,lw=1.5,r=0.04,w=0.25; a=1,lw=0.8,r=0.02,w=0.25; a=1,lw=0.8,r=0.015,w=0.25"
five_level_weak_anharmonic,train4_continuation_leak08,0.03,combined,0.001,0.0005,78,0.9539746844739584,0.0036999916263170674,0.06861761208973083,0.05582855082379913,0.9467351025003558,0.003196704211443179,120,104.97819244791754,0.2999297243160151,1951,False,original four training seeds,"0,1,2,3",60-109,"a=0.8,lw=1.5,r=0.04,w=0.25; a=1,lw=0.8,r=0.02,w=0.25; a=1,lw=0.8,r=0.015,w=0.25"
five_level_weak_anharmonic,train4_continuation_leak08,0.03,combined,0.001,0.0005,79,0.9408909385262613,0.0033073140514249255,0.0676784487732831,0.07127274895649824,0.9488512140945161,0.003196704211443179,120,104.97819244791754,0.2999297243160151,1951,False,original four training seeds,"0,1,2,3",60-109,"a=0.8,lw=1.5,r=0.04,w=0.25; a=1,lw=0.8,r=0.02,w=0.25; a=1,lw=0.8,r=0.015,w=0.25"
five_level_weak_anharmonic,train4_continuation_leak08,0.03,combined,0.001,0.0005,80,0.8883122455566845,0.0034895694392864662,0.05896675385059291,0.1368461153999721,0.9505071775309583,0.003196704211443179,120,104.97819244791754,0.2999297243160151,1951,False,original four training seeds,"0,1,2,3",60-109,"a=0.8,lw=1.5,r=0.04,w=0.25; a=1,lw=0.8,r=0.02,w=0.25; a=1,lw=0.8,r=0.015,w=0.25"
five_level_weak_anharmonic,train4_continuation_leak08,0.03,combined,0.001,0.0005,81,0.8538928456169917,0.005931050112725655,0.06037084478582411,0.14328425798523892,0.9490924512153973,0.003196704211443179,120,104.97819244791754,0.2999297243160151,1951,False,original four training seeds,"0,1,2,3",60-109,"a=0.8,lw=1.5,r=0.04,w=0.25; a=1,lw=0.8,r=0.02,w=0.25; a=1,lw=0.8,r=0.015,w=0.25"
five_level_weak_anharmonic,train4_continuation_leak08,0.03,combined,0.001,0.0005,82,0.9112047284629081,0.0038638818399273633,0.07087530049300961,0.07692653181895429,0.9482220072311929,0.003196704211443179,120,104.97819244791754,0.2999297243160151,1951,False,original four training seeds,"0,1,2,3",60-109,"a=0.8,lw=1.5,r=0.04,w=0.25; a=1,lw=0.8,r=0.02,w=0.25; a=1,lw=0.8,r=0.015,w=0.25"
five_level_weak_anharmonic,train4_continuation_leak08,0.03,combined,0.001,0.0005,83,0.9540707474618305,0.005278514608036855,0.09356976268379502,0.04331819879987183,0.9472521652593671,0.003196704211443179,120,104.97819244791754,0.2999297243160151,1951,False,original four training seeds,"0,1,2,3",60-109,"a=0.8,lw=1.5,r=0.04,w=0.25; a=1,lw=0.8,r=0.02,w=0.25; a=1,lw=0.8,r=0.015,w=0.25"
five_level_weak_anharmonic,train4_continuation_leak08,0.03,combined,0.001,0.0005,84,0.9697118170517199,0.004430609472087399,0.06540424342274465,0.027437385593115374,0.9480738654939938,0.003196704211443179,120,104.97819244791754,0.2999297243160151,1951,False,original four training seeds,"0,1,2,3",60-109,"a=0.8,lw=1.5,r=0.04,w=0.25; a=1,lw=0.8,r=0.02,w=0.25; a=1,lw=0.8,r=0.015,w=0.25"
five_level_weak_anharmonic,train4_continuation_leak08,0.03,combined,0.001,0.0005,85,0.8472635137226397,0.002789261020791911,0.05983097508629731,0.17874592831698977,0.9513231256079486,0.003196704211443179,120,104.97819244791754,0.2999297243160151,1951,False,original four training seeds,"0,1,2,3",60-109,"a=0.8,lw=1.5,r=0.04,w=0.25; a=1,lw=0.8,r=0.02,w=0.25; a=1,lw=0.8,r=0.015,w=0.25"
five_level_weak_anharmonic,train4_continuation_leak08,0.03,combined,0.001,0.0005,86,0.9040305272113025,0.0038683662903591376,0.07653959742882566,0.07830713486923231,0.9467160548793009,0.003196704211443179,120,104.97819244791754,0.2999297243160151,1951,False,original four training seeds,"0,1,2,3",60-109,"a=0.8,lw=1.5,r=0.04,w=0.25; a=1,lw=0.8,r=0.02,w=0.25; a=1,lw=0.8,r=0.015,w=0.25"
five_level_weak_anharmonic,train4_continuation_leak08,0.03,combined,0.001,0.0005,87,0.9688900619037132,0.0031903451415821182,0.06847062804468873,0.031099730857367412,0.9484431340000143,0.003196704211443179,120,104.97819244791754,0.2999297243160151,1951,False,original four training seeds,"0,1,2,3",60-109,"a=0.8,lw=1.5,r=0.04,w=0.25; a=1,lw=0.8,r=0.02,w=0.25; a=1,lw=0.8,r=0.015,w=0.25"
five_level_weak_anharmonic,train4_continuation_leak08,0.03,combined,0.001,0.0005,88,0.9011749984454039,0.002562063204454179,0.07559959300914176,0.05467641474637656,0.948373981613058,0.003196704211443179,120,104.97819244791754,0.2999297243160151,1951,False,original four training seeds,"0,1,2,3",60-109,"a=0.8,lw=1.5,r=0.04,w=0.25; a=1,lw=0.8,r=0.02,w=0.25; a=1,lw=0.8,r=0.015,w=0.25"
five_level_weak_anharmonic,train4_continuation_leak08,0.03,combined,0.001,0.0005,89,0.9161216654579535,0.0019466689913966162,0.06017195167173539,0.08093261363287972,0.9491038497667432,0.003196704211443179,120,104.97819244791754,0.2999297243160151,1951,False,original four training seeds,"0,1,2,3",60-109,"a=0.8,lw=1.5,r=0.04,w=0.25; a=1,lw=0.8,r=0.02,w=0.25; a=1,lw=0.8,r=0.015,w=0.25"
five_level_weak_anharmonic,train4_continuation_leak08,0.03,combined,0.001,0.0005,90,0.8763751830838683,0.0027676377740957214,0.06428508195067972,0.1286638704362543,0.9501492117357867,0.003196704211443179,120,104.97819244791754,0.2999297243160151,1951,False,original four training seeds,"0,1,2,3",60-109,"a=0.8,lw=1.5,r=0.04,w=0.25; a=1,lw=0.8,r=0.02,w=0.25; a=1,lw=0.8,r=0.015,w=0.25"
five_level_weak_anharmonic,train4_continuation_leak08,0.03,combined,0.001,0.0005,91,0.9609909057705281,0.003536924798791641,0.07260277441235896,0.037317789644093546,0.9472674342851772,0.003196704211443179,120,104.97819244791754,0.2999297243160151,1951,False,original four training seeds,"0,1,2,3",60-109,"a=0.8,lw=1.5,r=0.04,w=0.25; a=1,lw=0.8,r=0.02,w=0.25; a=1,lw=0.8,r=0.015,w=0.25"
five_level_weak_anharmonic,train4_continuation_leak08,0.03,combined,0.001,0.0005,92,0.9493930998044224,0.003997917365297088,0.06914294016882883,0.03523567352571191,0.947029894945934,0.003196704211443179,120,104.97819244791754,0.2999297243160151,1951,False,original four training seeds,"0,1,2,3",60-109,"a=0.8,lw=1.5,r=0.04,w=0.25; a=1,lw=0.8,r=0.02,w=0.25; a=1,lw=0.8,r=0.015,w=0.25"
five_level_weak_anharmonic,train4_continuation_leak08,0.03,combined,0.001,0.0005,93,0.9140750880220874,0.003215058278830285,0.07024954079147072,0.10276028883122992,0.9495414562654094,0.003196704211443179,120,104.97819244791754,0.2999297243160151,1951,False,original four training seeds,"0,1,2,3",60-109,"a=0.8,lw=1.5,r=0.04,w=0.25; a=1,lw=0.8,r=0.02,w=0.25; a=1,lw=0.8,r=0.015,w=0.25"
five_level_weak_anharmonic,train4_continuation_leak08,0.03,combined,0.001,0.0005,94,0.8967716322846965,0.002558062060990518,0.05414577601236292,0.09098363582204116,0.9488239571059559,0.003196704211443179,120,104.97819244791754,0.2999297243160151,1951,False,original four training seeds,"0,1,2,3",60-109,"a=0.8,lw=1.5,r=0.04,w=0.25; a=1,lw=0.8,r=0.02,w=0.25; a=1,lw=0.8,r=0.015,w=0.25"
five_level_weak_anharmonic,train4_continuation_leak08,0.03,combined,0.001,0.0005,95,0.9602648827301786,0.004345314864896643,0.07439921536178196,0.03920662665706727,0.9480771411569235,0.003196704211443179,120,104.97819244791754,0.2999297243160151,1951,False,original four training seeds,"0,1,2,3",60-109,"a=0.8,lw=1.5,r=0.04,w=0.25; a=1,lw=0.8,r=0.02,w=0.25; a=1,lw=0.8,r=0.015,w=0.25"
five_level_weak_anharmonic,train4_continuation_leak08,0.03,combined,0.001,0.0005,96,0.9681629865935353,0.0032229221410273734,0.0636571540706583,0.029261636022071085,0.9475471078230637,0.003196704211443179,120,104.97819244791754,0.2999297243160151,1951,False,original four training seeds,"0,1,2,3",60-109,"a=0.8,lw=1.5,r=0.04,w=0.25; a=1,lw=0.8,r=0.02,w=0.25; a=1,lw=0.8,r=0.015,w=0.25"
five_level_weak_anharmonic,train4_continuation_leak08,0.03,combined,0.001,0.0005,97,0.9163653514374772,0.0036996677135457956,0.0795787754373336,0.06707836751160519,0.9472914201235653,0.003196704211443179,120,104.97819244791754,0.2999297243160151,1951,False,original four training seeds,"0,1,2,3",60-109,"a=0.8,lw=1.5,r=0.04,w=0.25; a=1,lw=0.8,r=0.02,w=0.25; a=1,lw=0.8,r=0.015,w=0.25"
five_level_weak_anharmonic,train4_continuation_leak08,0.03,combined,0.001,0.0005,98,0.9632573715088962,0.0020345441054883118,0.07333727294889103,0.029036977849745158,0.9477812734666282,0.003196704211443179,120,104.97819244791754,0.2999297243160151,1951,False,original four training seeds,"0,1,2,3",60-109,"a=0.8,lw=1.5,r=0.04,w=0.25; a=1,lw=0.8,r=0.02,w=0.25; a=1,lw=0.8,r=0.015,w=0.25"
five_level_weak_anharmonic,train4_continuation_leak08,0.03,combined,0.001,0.0005,99,0.9675310284899474,0.002429422031541728,0.06387801640061874,0.04019018676871508,0.9488989899229281,0.003196704211443179,120,104.97819244791754,0.2999297243160151,1951,False,original four training seeds,"0,1,2,3",60-109,"a=0.8,lw=1.5,r=0.04,w=0.25; a=1,lw=0.8,r=0.02,w=0.25; a=1,lw=0.8,r=0.015,w=0.25"
five_level_weak_anharmonic,train4_continuation_leak08,0.03,combined,0.001,0.0005,100,0.8181983289136261,0.0019124747831821276,0.08382269850689839,0.17066769229488304,0.9483601351590374,0.003196704211443179,120,104.97819244791754,0.2999297243160151,1951,False,original four training seeds,"0,1,2,3",60-109,"a=0.8,lw=1.5,r=0.04,w=0.25; a=1,lw=0.8,r=0.02,w=0.25; a=1,lw=0.8,r=0.015,w=0.25"
five_level_weak_anharmonic,train4_continuation_leak08,0.03,combined,0.001,0.0005,101,0.9496453764377,0.0034672377988588243,0.08249421515673427,0.03954276089756505,0.9483081948143999,0.003196704211443179,120,104.97819244791754,0.2999297243160151,1951,False,original four training seeds,"0,1,2,3",60-109,"a=0.8,lw=1.5,r=0.04,w=0.25; a=1,lw=0.8,r=0.02,w=0.25; a=1,lw=0.8,r=0.015,w=0.25"
five_level_weak_anharmonic,train4_continuation_leak08,0.03,combined,0.001,0.0005,102,0.9269958186083687,0.0029936824737776258,0.06867150527307264,0.08100946659454288,0.9479990845707814,0.003196704211443179,120,104.97819244791754,0.2999297243160151,1951,False,original four training seeds,"0,1,2,3",60-109,"a=0.8,lw=1.5,r=0.04,w=0.25; a=1,lw=0.8,r=0.02,w=0.25; a=1,lw=0.8,r=0.015,w=0.25"
five_level_weak_anharmonic,train4_continuation_leak08,0.03,combined,0.001,0.0005,103,0.9327062679895399,0.0013969346751785405,0.06109713181998733,0.0825311389150397,0.949561155822952,0.003196704211443179,120,104.97819244791754,0.2999297243160151,1951,False,original four training seeds,"0,1,2,3",60-109,"a=0.8,lw=1.5,r=0.04,w=0.25; a=1,lw=0.8,r=0.02,w=0.25; a=1,lw=0.8,r=0.015,w=0.25"
five_level_weak_anharmonic,train4_continuation_leak08,0.03,combined,0.001,0.0005,104,0.8389052497083215,0.003293710120112925,0.08421390519872896,0.15565191962496538,0.949280164121339,0.003196704211443179,120,104.97819244791754,0.2999297243160151,1951,False,original four training seeds,"0,1,2,3",60-109,"a=0.8,lw=1.5,r=0.04,w=0.25; a=1,lw=0.8,r=0.02,w=0.25; a=1,lw=0.8,r=0.015,w=0.25"
five_level_weak_anharmonic,train4_continuation_leak08,0.03,combined,0.001,0.0005,105,0.9390015997849227,0.0025456600408075847,0.0717621184289392,0.07148631461570998,0.9481553968865559,0.003196704211443179,120,104.97819244791754,0.2999297243160151,1951,False,original four training seeds,"0,1,2,3",60-109,"a=0.8,lw=1.5,r=0.04,w=0.25; a=1,lw=0.8,r=0.02,w=0.25; a=1,lw=0.8,r=0.015,w=0.25"
five_level_weak_anharmonic,train4_continuation_leak08,0.03,combined,0.001,0.0005,106,0.942473994101634,0.004322564030129206,0.0823798506287422,0.05386549921897677,0.9475500349206779,0.003196704211443179,120,104.97819244791754,0.2999297243160151,1951,False,original four training seeds,"0,1,2,3",60-109,"a=0.8,lw=1.5,r=0.04,w=0.25; a=1,lw=0.8,r=0.02,w=0.25; a=1,lw=0.8,r=0.015,w=0.25"
five_level_weak_anharmonic,train4_continuation_leak08,0.03,combined,0.001,0.0005,107,0.9521578293579428,0.0019209975993210726,0.061952442531609475,0.055183915642567756,0.9494447697648791,0.003196704211443179,120,104.97819244791754,0.2999297243160151,1951,False,original four training seeds,"0,1,2,3",60-109,"a=0.8,lw=1.5,r=0.04,w=0.25; a=1,lw=0.8,r=0.02,w=0.25; a=1,lw=0.8,r=0.015,w=0.25"
five_level_weak_anharmonic,train4_continuation_leak08,0.03,combined,0.001,0.0005,108,0.9206369067585826,0.0035667057882621256,0.05770010222885524,0.10590929257435347,0.9497730336095679,0.003196704211443179,120,104.97819244791754,0.2999297243160151,1951,False,original four training seeds,"0,1,2,3",60-109,"a=0.8,lw=1.5,r=0.04,w=0.25; a=1,lw=0.8,r=0.02,w=0.25; a=1,lw=0.8,r=0.015,w=0.25"
five_level_weak_anharmonic,train4_continuation_leak08,0.03,combined,0.001,0.0005,109,0.9678965054260013,0.003939596603296791,0.06317950426008756,0.026057707395600045,0.9481449625305836,0.003196704211443179,120,104.97819244791754,0.2999297243160151,1951,False,original four training seeds,"0,1,2,3",60-109,"a=0.8,lw=1.5,r=0.04,w=0.25; a=1,lw=0.8,r=0.02,w=0.25; a=1,lw=0.8,r=0.015,w=0.25"
five_level_weak_anharmonic,train8_continuation_leak08,0.03,static_only,0.0,0.0,60,0.973200522733957,0.001202630369776525,0.08147745516168636,0.03289269511704489,0.9999969113251035,0.0031113922753480284,120,140.39386652596295,0.2845550542718449,1927,False,eight training seeds,"0,1,2,3,4,5,6,7",60-109,"a=0.8,lw=1.5,r=0.04,w=0.25; a=1,lw=0.8,r=0.02,w=0.25; a=1,lw=0.8,r=0.015,w=0.25"
five_level_weak_anharmonic,train8_continuation_leak08,0.03,static_only,0.0,0.0,61,0.9828731687088117,0.0019196417733750026,0.07967369117898737,0.005029618217783968,0.9999975500761803,0.0031113922753480284,120,140.39386652596295,0.2845550542718449,1927,False,eight training seeds,"0,1,2,3,4,5,6,7",60-109,"a=0.8,lw=1.5,r=0.04,w=0.25; a=1,lw=0.8,r=0.02,w=0.25; a=1,lw=0.8,r=0.015,w=0.25"
five_level_weak_anharmonic,train8_continuation_leak08,0.03,static_only,0.0,0.0,62,0.895117308639216,0.0010914756722958385,0.0685808090467056,0.06763175565495905,0.9999976278711242,0.0031113922753480284,120,140.39386652596295,0.2845550542718449,1927,False,eight training seeds,"0,1,2,3,4,5,6,7",60-109,"a=0.8,lw=1.5,r=0.04,w=0.25; a=1,lw=0.8,r=0.02,w=0.25; a=1,lw=0.8,r=0.015,w=0.25"
five_level_weak_anharmonic,train8_continuation_leak08,0.03,static_only,0.0,0.0,63,0.9676198256348783,0.0019402929284060288,0.06252838249039505,0.026123812815276492,0.9999971115913371,0.0031113922753480284,120,140.39386652596295,0.2845550542718449,1927,False,eight training seeds,"0,1,2,3,4,5,6,7",60-109,"a=0.8,lw=1.5,r=0.04,w=0.25; a=1,lw=0.8,r=0.02,w=0.25; a=1,lw=0.8,r=0.015,w=0.25"
five_level_weak_anharmonic,train8_continuation_leak08,0.03,static_only,0.0,0.0,64,0.9437303550438022,0.002928505327980946,0.06731009261827348,0.024330376270340875,0.9999976885809941,0.0031113922753480284,120,140.39386652596295,0.2845550542718449,1927,False,eight training seeds,"0,1,2,3,4,5,6,7",60-109,"a=0.8,lw=1.5,r=0.04,w=0.25; a=1,lw=0.8,r=0.02,w=0.25; a=1,lw=0.8,r=0.015,w=0.25"
five_level_weak_anharmonic,train8_continuation_leak08,0.03,static_only,0.0,0.0,65,0.9885579226362449,0.0026914774773750816,0.09837576538644699,0.015706147290890114,0.999996947402224,0.0031113922753480284,120,140.39386652596295,0.2845550542718449,1927,False,eight training seeds,"0,1,2,3,4,5,6,7",60-109,"a=0.8,lw=1.5,r=0.04,w=0.25; a=1,lw=0.8,r=0.02,w=0.25; a=1,lw=0.8,r=0.015,w=0.25"
five_level_weak_anharmonic,train8_continuation_leak08,0.03,static_only,0.0,0.0,66,0.9876051660743694,0.002447610374360254,0.07109431897566654,0.01889767048944475,0.9999973628988742,0.0031113922753480284,120,140.39386652596295,0.2845550542718449,1927,False,eight training seeds,"0,1,2,3,4,5,6,7",60-109,"a=0.8,lw=1.5,r=0.04,w=0.25; a=1,lw=0.8,r=0.02,w=0.25; a=1,lw=0.8,r=0.015,w=0.25"
five_level_weak_anharmonic,train8_continuation_leak08,0.03,static_only,0.0,0.0,67,0.9329719479612038,0.005886888390364997,0.08822137393747964,0.03313209949062947,0.9999971694669709,0.0031113922753480284,120,140.39386652596295,0.2845550542718449,1927,False,eight training seeds,"0,1,2,3,4,5,6,7",60-109,"a=0.8,lw=1.5,r=0.04,w=0.25; a=1,lw=0.8,r=0.02,w=0.25; a=1,lw=0.8,r=0.015,w=0.25"
five_level_weak_anharmonic,train8_continuation_leak08,0.03,static_only,0.0,0.0,68,0.9357580015317395,0.001644884981086836,0.061709823113686335,0.08170492399665605,0.9999976510044531,0.0031113922753480284,120,140.39386652596295,0.2845550542718449,1927,False,eight training seeds,"0,1,2,3,4,5,6,7",60-109,"a=0.8,lw=1.5,r=0.04,w=0.25; a=1,lw=0.8,r=0.02,w=0.25; a=1,lw=0.8,r=0.015,w=0.25"
five_level_weak_anharmonic,train8_continuation_leak08,0.03,static_only,0.0,0.0,69,0.9920410600400147,0.0025445178710093996,0.0785168247247392,0.011284915471158721,0.9999973849478777,0.0031113922753480284,120,140.39386652596295,0.2845550542718449,1927,False,eight training seeds,"0,1,2,3,4,5,6,7",60-109,"a=0.8,lw=1.5,r=0.04,w=0.25; a=1,lw=0.8,r=0.02,w=0.25; a=1,lw=0.8,r=0.015,w=0.25"
five_level_weak_anharmonic,train8_continuation_leak08,0.03,static_only,0.0,0.0,70,0.928343152037838,0.0022418689625367527,0.07825238787143873,0.039998418364162756,0.9999971945346876,0.0031113922753480284,120,140.39386652596295,0.2845550542718449,1927,False,eight training seeds,"0,1,2,3,4,5,6,7",60-109,"a=0.8,lw=1.5,r=0.04,w=0.25; a=1,lw=0.8,r=0.02,w=0.25; a=1,lw=0.8,r=0.015,w=0.25"
five_level_weak_anharmonic,train8_continuation_leak08,0.03,static_only,0.0,0.0,71,0.9821269027471465,0.004251282502088283,0.10336651239753913,0.014544363451673927,0.9999974300301345,0.0031113922753480284,120,140.39386652596295,0.2845550542718449,1927,False,eight training seeds,"0,1,2,3,4,5,6,7",60-109,"a=0.8,lw=1.5,r=0.04,w=0.25; a=1,lw=0.8,r=0.02,w=0.25; a=1,lw=0.8,r=0.015,w=0.25"
five_level_weak_anharmonic,train8_continuation_leak08,0.03,static_only,0.0,0.0,72,0.9960279748654627,0.0034192729385210674,0.08224984791545265,0.005866584874100003,0.9999971097528537,0.0031113922753480284,120,140.39386652596295,0.2845550542718449,1927,False,eight training seeds,"0,1,2,3,4,5,6,7",60-109,"a=0.8,lw=1.5,r=0.04,w=0.25; a=1,lw=0.8,r=0.02,w=0.25; a=1,lw=0.8,r=0.015,w=0.25"
five_level_weak_anharmonic,train8_continuation_leak08,0.03,static_only,0.0,0.0,73,0.9781884447464837,0.00404672950189866,0.07315763965350319,0.011293595319353776,0.9999972974436602,0.0031113922753480284,120,140.39386652596295,0.2845550542718449,1927,False,eight training seeds,"0,1,2,3,4,5,6,7",60-109,"a=0.8,lw=1.5,r=0.04,w=0.25; a=1,lw=0.8,r=0.02,w=0.25; a=1,lw=0.8,r=0.015,w=0.25"
five_level_weak_anharmonic,train8_continuation_leak08,0.03,static_only,0.0,0.0,74,0.973766115726762,0.002915977070160669,0.08139197346609861,0.026384261200179306,0.9999971881947147,0.0031113922753480284,120,140.39386652596295,0.2845550542718449,1927,False,eight training seeds,"0,1,2,3,4,5,6,7",60-109,"a=0.8,lw=1.5,r=0.04,w=0.25; a=1,lw=0.8,r=0.02,w=0.25; a=1,lw=0.8,r=0.015,w=0.25"
five_level_weak_anharmonic,train8_continuation_leak08,0.03,static_only,0.0,0.0,75,0.9642397772186267,0.0017921605532272844,0.07117033061250899,0.019910265255237425,0.9999972569349399,0.0031113922753480284,120,140.39386652596295,0.2845550542718449,1927,False,eight training seeds,"0,1,2,3,4,5,6,7",60-109,"a=0.8,lw=1.5,r=0.04,w=0.25; a=1,lw=0.8,r=0.02,w=0.25; a=1,lw=0.8,r=0.015,w=0.25"
five_level_weak_anharmonic,train8_continuation_leak08,0.03,static_only,0.0,0.0,76,0.9916719540851789,0.0012650577853016154,0.06929163264131599,0.014962206421613344,0.99999664206573,0.0031113922753480284,120,140.39386652596295,0.2845550542718449,1927,False,eight training seeds,"0,1,2,3,4,5,6,7",60-109,"a=0.8,lw=1.5,r=0.04,w=0.25; a=1,lw=0.8,r=0.02,w=0.25; a=1,lw=0.8,r=0.015,w=0.25"
five_level_weak_anharmonic,train8_continuation_leak08,0.03,static_only,0.0,0.0,77,0.988676258858479,0.001709799348742047,0.0781428792983252,0.005200817037236627,0.9999976029875056,0.0031113922753480284,120,140.39386652596295,0.2845550542718449,1927,False,eight training seeds,"0,1,2,3,4,5,6,7",60-109,"a=0.8,lw=1.5,r=0.04,w=0.25; a=1,lw=0.8,r=0.02,w=0.25; a=1,lw=0.8,r=0.015,w=0.25"
five_level_weak_anharmonic,train8_continuation_leak08,0.03,static_only,0.0,0.0,78,0.9830304994693493,0.0022947178725860606,0.06931756949450141,0.02637217560606573,0.9999964163897829,0.0031113922753480284,120,140.39386652596295,0.2845550542718449,1927,False,eight training seeds,"0,1,2,3,4,5,6,7",60-109,"a=0.8,lw=1.5,r=0.04,w=0.25; a=1,lw=0.8,r=0.02,w=0.25; a=1,lw=0.8,r=0.015,w=0.25"
five_level_weak_anharmonic,train8_continuation_leak08,0.03,static_only,0.0,0.0,79,0.9596121554634945,0.0025086938206644316,0.06837343665705697,0.05661232570339592,0.9999978932616453,0.0031113922753480284,120,140.39386652596295,0.2845550542718449,1927,False,eight training seeds,"0,1,2,3,4,5,6,7",60-109,"a=0.8,lw=1.5,r=0.04,w=0.25; a=1,lw=0.8,r=0.02,w=0.25; a=1,lw=0.8,r=0.015,w=0.25"
five_level_weak_anharmonic,train8_continuation_leak08,0.03,static_only,0.0,0.0,80,0.9001228179096399,0.002621614059628463,0.059661148842647505,0.12645432309866222,0.9999981023859035,0.0031113922753480284,120,140.39386652596295,0.2845550542718449,1927,False,eight training seeds,"0,1,2,3,4,5,6,7",60-109,"a=0.8,lw=1.5,r=0.04,w=0.25; a=1,lw=0.8,r=0.02,w=0.25; a=1,lw=0.8,r=0.015,w=0.25"
five_level_weak_anharmonic,train8_continuation_leak08,0.03,static_only,0.0,0.0,81,0.8805378885954601,0.00428751329779109,0.05957458252562442,0.11675090849874445,0.999996948435345,0.0031113922753480284,120,140.39386652596295,0.2845550542718449,1927,False,eight training seeds,"0,1,2,3,4,5,6,7",60-109,"a=0.8,lw=1.5,r=0.04,w=0.25; a=1,lw=0.8,r=0.02,w=0.25; a=1,lw=0.8,r=0.015,w=0.25"
five_level_weak_anharmonic,train8_continuation_leak08,0.03,static_only,0.0,0.0,82,0.9294693371341375,0.0029183717491925165,0.07177335516043915,0.06541071655781612,0.9999979119994219,0.0031113922753480284,120,140.39386652596295,0.2845550542718449,1927,False,eight training seeds,"0,1,2,3,4,5,6,7",60-109,"a=0.8,lw=1.5,r=0.04,w=0.25; a=1,lw=0.8,r=0.02,w=0.25; a=1,lw=0.8,r=0.015,w=0.25"
five_level_weak_anharmonic,train8_continuation_leak08,0.03,static_only,0.0,0.0,83,0.9814680006231263,0.004195555220741665,0.09475372694334117,0.015173604400386745,0.9999968991257886,0.0031113922753480284,120,140.39386652596295,0.2845550542718449,1927,False,eight training seeds,"0,1,2,3,4,5,6,7",60-109,"a=0.8,lw=1.5,r=0.04,w=0.25; a=1,lw=0.8,r=0.02,w=0.25; a=1,lw=0.8,r=0.015,w=0.25"
five_level_weak_anharmonic,train8_continuation_leak08,0.03,static_only,0.0,0.0,84,0.9967123848820673,0.0029245226117586842,0.06620733536598511,0.0031932039444275873,0.9999975177542834,0.0031113922753480284,120,140.39386652596295,0.2845550542718449,1927,False,eight training seeds,"0,1,2,3,4,5,6,7",60-109,"a=0.8,lw=1.5,r=0.04,w=0.25; a=1,lw=0.8,r=0.02,w=0.25; a=1,lw=0.8,r=0.015,w=0.25"
five_level_weak_anharmonic,train8_continuation_leak08,0.03,static_only,0.0,0.0,85,0.858210317208347,0.0019024410453957197,0.06068320383940551,0.16616869188552433,0.9999980413895764,0.0031113922753480284,120,140.39386652596295,0.2845550542718449,1927,False,eight training seeds,"0,1,2,3,4,5,6,7",60-109,"a=0.8,lw=1.5,r=0.04,w=0.25; a=1,lw=0.8,r=0.02,w=0.25; a=1,lw=0.8,r=0.015,w=0.25"
five_level_weak_anharmonic,train8_continuation_leak08,0.03,static_only,0.0,0.0,86,0.9270086139696485,0.002812018593805643,0.07733334747151566,0.05160946924367695,0.9999966352836438,0.0031113922753480284,120,140.39386652596295,0.2845550542718449,1927,False,eight training seeds,"0,1,2,3,4,5,6,7",60-109,"a=0.8,lw=1.5,r=0.04,w=0.25; a=1,lw=0.8,r=0.02,w=0.25; a=1,lw=0.8,r=0.015,w=0.25"
five_level_weak_anharmonic,train8_continuation_leak08,0.03,static_only,0.0,0.0,87,0.9938592152232123,0.002212833437116535,0.06946003641502396,0.009906723764075998,0.9999975639982817,0.0031113922753480284,120,140.39386652596295,0.2845550542718449,1927,False,eight training seeds,"0,1,2,3,4,5,6,7",60-109,"a=0.8,lw=1.5,r=0.04,w=0.25; a=1,lw=0.8,r=0.02,w=0.25; a=1,lw=0.8,r=0.015,w=0.25"
five_level_weak_anharmonic,train8_continuation_leak08,0.03,static_only,0.0,0.0,88,0.9273124319162361,0.0015201537021941602,0.0764934157226872,0.03314158109747022,0.9999975036736789,0.0031113922753480284,120,140.39386652596295,0.2845550542718449,1927,False,eight training seeds,"0,1,2,3,4,5,6,7",60-109,"a=0.8,lw=1.5,r=0.04,w=0.25; a=1,lw=0.8,r=0.02,w=0.25; a=1,lw=0.8,r=0.015,w=0.25"
five_level_weak_anharmonic,train8_continuation_leak08,0.03,static_only,0.0,0.0,89,0.9459492485761739,0.0009336292668800095,0.05977041042567932,0.04882758056850994,0.9999970507094292,0.0031113922753480284,120,140.39386652596295,0.2845550542718449,1927,False,eight training seeds,"0,1,2,3,4,5,6,7",60-109,"a=0.8,lw=1.5,r=0.04,w=0.25; a=1,lw=0.8,r=0.02,w=0.25; a=1,lw=0.8,r=0.015,w=0.25"
five_level_weak_anharmonic,train8_continuation_leak08,0.03,static_only,0.0,0.0,90,0.8993048259639244,0.0016496613813209438,0.0651021050609919,0.10382731689234326,0.9999972756334802,0.0031113922753480284,120,140.39386652596295,0.2845550542718449,1927,False,eight training seeds,"0,1,2,3,4,5,6,7",60-109,"a=0.8,lw=1.5,r=0.04,w=0.25; a=1,lw=0.8,r=0.02,w=0.25; a=1,lw=0.8,r=0.015,w=0.25"
five_level_weak_anharmonic,train8_continuation_leak08,0.03,static_only,0.0,0.0,91,0.9884291085864634,0.0019916941565348845,0.07318743697904417,0.01013064753432889,0.9999970753903383,0.0031113922753480284,120,140.39386652596295,0.2845550542718449,1927,False,eight training seeds,"0,1,2,3,4,5,6,7",60-109,"a=0.8,lw=1.5,r=0.04,w=0.25; a=1,lw=0.8,r=0.02,w=0.25; a=1,lw=0.8,r=0.015,w=0.25"
five_level_weak_anharmonic,train8_continuation_leak08,0.03,static_only,0.0,0.0,92,0.9724217445580063,0.0026237287296041467,0.07004433864636939,0.014275909498437213,0.9999974646781532,0.0031113922753480284,120,140.39386652596295,0.2845550542718449,1927,False,eight training seeds,"0,1,2,3,4,5,6,7",60-109,"a=0.8,lw=1.5,r=0.04,w=0.25; a=1,lw=0.8,r=0.02,w=0.25; a=1,lw=0.8,r=0.015,w=0.25"
five_level_weak_anharmonic,train8_continuation_leak08,0.03,static_only,0.0,0.0,93,0.9353527393299365,0.0023337648911967435,0.07081587296849223,0.0802457543882798,0.9999973946340146,0.0031113922753480284,120,140.39386652596295,0.2845550542718449,1927,False,eight training seeds,"0,1,2,3,4,5,6,7",60-109,"a=0.8,lw=1.5,r=0.04,w=0.25; a=1,lw=0.8,r=0.02,w=0.25; a=1,lw=0.8,r=0.015,w=0.25"
five_level_weak_anharmonic,train8_continuation_leak08,0.03,static_only,0.0,0.0,94,0.9139168122134655,0.0013939116449571687,0.05474606770636414,0.08010635701299364,0.9999979877133706,0.0031113922753480284,120,140.39386652596295,0.2845550542718449,1927,False,eight training seeds,"0,1,2,3,4,5,6,7",60-109,"a=0.8,lw=1.5,r=0.04,w=0.25; a=1,lw=0.8,r=0.02,w=0.25; a=1,lw=0.8,r=0.015,w=0.25"
five_level_weak_anharmonic,train8_continuation_leak08,0.03,static_only,0.0,0.0,95,0.9885147221835193,0.00331371084987786,0.07514777234447667,0.01167974612495874,0.9999973886791781,0.0031113922753480284,120,140.39386652596295,0.2845550542718449,1927,False,eight training seeds,"0,1,2,3,4,5,6,7",60-109,"a=0.8,lw=1.5,r=0.04,w=0.25; a=1,lw=0.8,r=0.02,w=0.25; a=1,lw=0.8,r=0.015,w=0.25"
five_level_weak_anharmonic,train8_continuation_leak08,0.03,static_only,0.0,0.0,96,0.9949358425903567,0.0018170980055040031,0.06437946433819786,0.0031852051712299057,0.9999971384875623,0.0031113922753480284,120,140.39386652596295,0.2845550542718449,1927,False,eight training seeds,"0,1,2,3,4,5,6,7",60-109,"a=0.8,lw=1.5,r=0.04,w=0.25; a=1,lw=0.8,r=0.02,w=0.25; a=1,lw=0.8,r=0.015,w=0.25"
five_level_weak_anharmonic,train8_continuation_leak08,0.03,static_only,0.0,0.0,97,0.9394936197930047,0.0022127440127841513,0.08038788325080859,0.041547631910410415,0.9999972028639115,0.0031113922753480284,120,140.39386652596295,0.2845550542718449,1927,False,eight training seeds,"0,1,2,3,4,5,6,7",60-109,"a=0.8,lw=1.5,r=0.04,w=0.25; a=1,lw=0.8,r=0.02,w=0.25; a=1,lw=0.8,r=0.015,w=0.25"
five_level_weak_anharmonic,train8_continuation_leak08,0.03,static_only,0.0,0.0,98,0.9878120063037963,0.0011790740163517555,0.07395038369006479,0.0080299995693278,0.9999973445831412,0.0031113922753480284,120,140.39386652596295,0.2845550542718449,1927,False,eight training seeds,"0,1,2,3,4,5,6,7",60-109,"a=0.8,lw=1.5,r=0.04,w=0.25; a=1,lw=0.8,r=0.02,w=0.25; a=1,lw=0.8,r=0.015,w=0.25"
five_level_weak_anharmonic,train8_continuation_leak08,0.03,static_only,0.0,0.0,99,0.9923946814399147,0.0015060043734036466,0.06476645063571373,0.017998141835442426,0.9999975126761349,0.0031113922753480284,120,140.39386652596295,0.2845550542718449,1927,False,eight training seeds,"0,1,2,3,4,5,6,7",60-109,"a=0.8,lw=1.5,r=0.04,w=0.25; a=1,lw=0.8,r=0.02,w=0.25; a=1,lw=0.8,r=0.015,w=0.25"
five_level_weak_anharmonic,train8_continuation_leak08,0.03,static_only,0.0,0.0,100,0.8420424629342325,0.0008127394191272952,0.08477264937083517,0.13847798659347477,0.9999965283716538,0.0031113922753480284,120,140.39386652596295,0.2845550542718449,1927,False,eight training seeds,"0,1,2,3,4,5,6,7",60-109,"a=0.8,lw=1.5,r=0.04,w=0.25; a=1,lw=0.8,r=0.02,w=0.25; a=1,lw=0.8,r=0.015,w=0.25"
five_level_weak_anharmonic,train8_continuation_leak08,0.03,static_only,0.0,0.0,101,0.9788618922099084,0.0023726107568311505,0.08329443423902605,0.011527883868813643,0.9999974619888763,0.0031113922753480284,120,140.39386652596295,0.2845550542718449,1927,False,eight training seeds,"0,1,2,3,4,5,6,7",60-109,"a=0.8,lw=1.5,r=0.04,w=0.25; a=1,lw=0.8,r=0.02,w=0.25; a=1,lw=0.8,r=0.015,w=0.25"
five_level_weak_anharmonic,train8_continuation_leak08,0.03,static_only,0.0,0.0,102,0.9542064918607912,0.0017335415031697332,0.06938144730347884,0.05449543362343885,0.9999972527450859,0.0031113922753480284,120,140.39386652596295,0.2845550542718449,1927,False,eight training seeds,"0,1,2,3,4,5,6,7",60-109,"a=0.8,lw=1.5,r=0.04,w=0.25; a=1,lw=0.8,r=0.02,w=0.25; a=1,lw=0.8,r=0.015,w=0.25"
five_level_weak_anharmonic,train8_continuation_leak08,0.03,static_only,0.0,0.0,103,0.9489061511178053,0.0006533258856783464,0.06176268056801837,0.07081345054294169,0.9999979770778655,0.0031113922753480284,120,140.39386652596295,0.2845550542718449,1927,False,eight training seeds,"0,1,2,3,4,5,6,7",60-109,"a=0.8,lw=1.5,r=0.04,w=0.25; a=1,lw=0.8,r=0.02,w=0.25; a=1,lw=0.8,r=0.015,w=0.25"
five_level_weak_anharmonic,train8_continuation_leak08,0.03,static_only,0.0,0.0,104,0.8643140588905424,0.0018518770841577936,0.08532437079293365,0.12651464150876138,0.9999968659772897,0.0031113922753480284,120,140.39386652596295,0.2845550542718449,1927,False,eight training seeds,"0,1,2,3,4,5,6,7",60-109,"a=0.8,lw=1.5,r=0.04,w=0.25; a=1,lw=0.8,r=0.02,w=0.25; a=1,lw=0.8,r=0.015,w=0.25"
five_level_weak_anharmonic,train8_continuation_leak08,0.03,static_only,0.0,0.0,105,0.965733543103421,0.0015884671504134973,0.07256923830473927,0.04454770784835921,0.9999972297694899,0.0031113922753480284,120,140.39386652596295,0.2845550542718449,1927,False,eight training seeds,"0,1,2,3,4,5,6,7",60-109,"a=0.8,lw=1.5,r=0.04,w=0.25; a=1,lw=0.8,r=0.02,w=0.25; a=1,lw=0.8,r=0.015,w=0.25"
five_level_weak_anharmonic,train8_continuation_leak08,0.03,static_only,0.0,0.0,106,0.9646288439888226,0.003151459960360037,0.08349690616232452,0.03648530930383074,0.9999976171660788,0.0031113922753480284,120,140.39386652596295,0.2845550542718449,1927,False,eight training seeds,"0,1,2,3,4,5,6,7",60-109,"a=0.8,lw=1.5,r=0.04,w=0.25; a=1,lw=0.8,r=0.02,w=0.25; a=1,lw=0.8,r=0.015,w=0.25"
five_level_weak_anharmonic,train8_continuation_leak08,0.03,static_only,0.0,0.0,107,0.9788245858309438,0.0010798687912054739,0.06277546007458135,0.029361420345820396,0.9999974306234152,0.0031113922753480284,120,140.39386652596295,0.2845550542718449,1927,False,eight training seeds,"0,1,2,3,4,5,6,7",60-109,"a=0.8,lw=1.5,r=0.04,w=0.25; a=1,lw=0.8,r=0.02,w=0.25; a=1,lw=0.8,r=0.015,w=0.25"
five_level_weak_anharmonic,train8_continuation_leak08,0.03,static_only,0.0,0.0,108,0.9348568999686223,0.0027407163896471243,0.058275692049569616,0.0951090798657717,0.9999980880252757,0.0031113922753480284,120,140.39386652596295,0.2845550542718449,1927,False,eight training seeds,"0,1,2,3,4,5,6,7",60-109,"a=0.8,lw=1.5,r=0.04,w=0.25; a=1,lw=0.8,r=0.02,w=0.25; a=1,lw=0.8,r=0.015,w=0.25"
five_level_weak_anharmonic,train8_continuation_leak08,0.03,static_only,0.0,0.0,109,0.9943731302849871,0.0025487102037800025,0.06406798684323922,0.0033353697399607276,0.9999975213811884,0.0031113922753480284,120,140.39386652596295,0.2845550542718449,1927,False,eight training seeds,"0,1,2,3,4,5,6,7",60-109,"a=0.8,lw=1.5,r=0.04,w=0.25; a=1,lw=0.8,r=0.02,w=0.25; a=1,lw=0.8,r=0.015,w=0.25"
five_level_weak_anharmonic,train8_continuation_leak08,0.03,deph_0.001,0.001,0.0,60,0.9672427809274057,0.0022953342281425426,0.08195188183694035,0.03854820639812726,0.986941623049032,0.0031113922753480284,120,140.39386652596295,0.2845550542718449,1927,False,eight training seeds,"0,1,2,3,4,5,6,7",60-109,"a=0.8,lw=1.5,r=0.04,w=0.25; a=1,lw=0.8,r=0.02,w=0.25; a=1,lw=0.8,r=0.015,w=0.25"
five_level_weak_anharmonic,train8_continuation_leak08,0.03,deph_0.001,0.001,0.0,61,0.9757941611206042,0.0029439203867313024,0.08009559058212656,0.011992462726365552,0.9858974965965879,0.0031113922753480284,120,140.39386652596295,0.2845550542718449,1927,False,eight training seeds,"0,1,2,3,4,5,6,7",60-109,"a=0.8,lw=1.5,r=0.04,w=0.25; a=1,lw=0.8,r=0.02,w=0.25; a=1,lw=0.8,r=0.015,w=0.25"
five_level_weak_anharmonic,train8_continuation_leak08,0.03,deph_0.001,0.001,0.0,62,0.8895287678546205,0.0019484083453222834,0.06893271760522479,0.07370727849792769,0.982829104453704,0.0031113922753480284,120,140.39386652596295,0.2845550542718449,1927,False,eight training seeds,"0,1,2,3,4,5,6,7",60-109,"a=0.8,lw=1.5,r=0.04,w=0.25; a=1,lw=0.8,r=0.02,w=0.25; a=1,lw=0.8,r=0.015,w=0.25"
five_level_weak_anharmonic,train8_continuation_leak08,0.03,deph_0.001,0.001,0.0,63,0.9623041102886325,0.0027199905784908163,0.06295769146242924,0.031430975086426775,0.989100510982309,0.0031113922753480284,120,140.39386652596295,0.2845550542718449,1927,False,eight training seeds,"0,1,2,3,4,5,6,7",60-109,"a=0.8,lw=1.5,r=0.04,w=0.25; a=1,lw=0.8,r=0.02,w=0.25; a=1,lw=0.8,r=0.015,w=0.25"
five_level_weak_anharmonic,train8_continuation_leak08,0.03,deph_0.001,0.001,0.0,64,0.937546651305826,0.0038622837950582634,0.06780915474292937,0.03072247442792126,0.9862539512591172,0.0031113922753480284,120,140.39386652596295,0.2845550542718449,1927,False,eight training seeds,"0,1,2,3,4,5,6,7",60-109,"a=0.8,lw=1.5,r=0.04,w=0.25; a=1,lw=0.8,r=0.02,w=0.25; a=1,lw=0.8,r=0.015,w=0.25"
five_level_weak_anharmonic,train8_continuation_leak08,0.03,deph_0.001,0.001,0.0,65,0.9833015302565516,0.003882976297669982,0.09884107227128514,0.020935069010547785,0.9888292972755846,0.0031113922753480284,120,140.39386652596295,0.2845550542718449,1927,False,eight training seeds,"0,1,2,3,4,5,6,7",60-109,"a=0.8,lw=1.5,r=0.04,w=0.25; a=1,lw=0.8,r=0.02,w=0.25; a=1,lw=0.8,r=0.015,w=0.25"
five_level_weak_anharmonic,train8_continuation_leak08,0.03,deph_0.001,0.001,0.0,66,0.9807251998769531,0.0034494803604534496,0.07157924903514845,0.02517789470334902,0.9855553215017359,0.0031113922753480284,120,140.39386652596295,0.2845550542718449,1927,False,eight training seeds,"0,1,2,3,4,5,6,7",60-109,"a=0.8,lw=1.5,r=0.04,w=0.25; a=1,lw=0.8,r=0.02,w=0.25; a=1,lw=0.8,r=0.015,w=0.25"
five_level_weak_anharmonic,train8_continuation_leak08,0.03,deph_0.001,0.001,0.0,67,0.927607744205604,0.00712508463178807,0.08868031975057478,0.03904487457552772,0.9866079838193015,0.0031113922753480284,120,140.39386652596295,0.2845550542718449,1927,False,eight training seeds,"0,1,2,3,4,5,6,7",60-109,"a=0.8,lw=1.5,r=0.04,w=0.25; a=1,lw=0.8,r=0.02,w=0.25; a=1,lw=0.8,r=0.015,w=0.25"
five_level_weak_anharmonic,train8_continuation_leak08,0.03,deph_0.001,0.001,0.0,68,0.9290756455593947,0.0024911840990398115,0.062130499829882724,0.08756134039984804,0.9803436051344128,0.0031113922753480284,120,140.39386652596295,0.2845550542718449,1927,False,eight training seeds,"0,1,2,3,4,5,6,7",60-109,"a=0.8,lw=1.5,r=0.04,w=0.25; a=1,lw=0.8,r=0.02,w=0.25; a=1,lw=0.8,r=0.015,w=0.25"
five_level_weak_anharmonic,train8_continuation_leak08,0.03,deph_0.001,0.001,0.0,69,0.9851204786364969,0.0035958278150123313,0.0789460785163244,0.01786449976651402,0.9860496207756301,0.0031113922753480284,120,140.39386652596295,0.2845550542718449,1927,False,eight training seeds,"0,1,2,3,4,5,6,7",60-109,"a=0.8,lw=1.5,r=0.04,w=0.25; a=1,lw=0.8,r=0.02,w=0.25; a=1,lw=0.8,r=0.015,w=0.25"
five_level_weak_anharmonic,train8_continuation_leak08,0.03,deph_0.001,0.001,0.0,70,0.9226923159152989,0.0032985751365242066,0.07866795265651416,0.046000781329710444,0.9871078676582368,0.0031113922753480284,120,140.39386652596295,0.2845550542718449,1927,False,eight training seeds,"0,1,2,3,4,5,6,7",60-109,"a=0.8,lw=1.5,r=0.04,w=0.25; a=1,lw=0.8,r=0.02,w=0.25; a=1,lw=0.8,r=0.015,w=0.25"
five_level_weak_anharmonic,train8_continuation_leak08,0.03,deph_0.001,0.001,0.0,71,0.9758055801771077,0.005509332277980894,0.10383550713108292,0.020683995781020682,0.9871307074201001,0.0031113922753480284,120,140.39386652596295,0.2845550542718449,1927,False,eight training seeds,"0,1,2,3,4,5,6,7",60-109,"a=0.8,lw=1.5,r=0.04,w=0.25; a=1,lw=0.8,r=0.02,w=0.25; a=1,lw=0.8,r=0.015,w=0.25"
five_level_weak_anharmonic,train8_continuation_leak08,0.03,deph_0.001,0.001,0.0,72,0.9902699647513417,0.004535353219603966,0.08267723395254167,0.011657340955155604,0.9881450742606851,0.0031113922753480284,120,140.39386652596295,0.2845550542718449,1927,False,eight training seeds,"0,1,2,3,4,5,6,7",60-109,"a=0.8,lw=1.5,r=0.04,w=0.25; a=1,lw=0.8,r=0.02,w=0.25; a=1,lw=0.8,r=0.015,w=0.25"
five_level_weak_anharmonic,train8_continuation_leak08,0.03,deph_0.001,0.001,0.0,73,0.9735650465777878,0.00502111464361743,0.07353484634964025,0.016261304853818,0.9889749791964946,0.0031113922753480284,120,140.39386652596295,0.2845550542718449,1927,False,eight training seeds,"0,1,2,3,4,5,6,7",60-109,"a=0.8,lw=1.5,r=0.04,w=0.25; a=1,lw=0.8,r=0.02,w=0.25; a=1,lw=0.8,r=0.015,w=0.25"
five_level_weak_anharmonic,train8_continuation_leak08,0.03,deph_0.001,0.001,0.0,74,0.9677505695465065,0.0038396738015212817,0.08189236140528733,0.032211131929121624,0.9873907986040679,0.0031113922753480284,120,140.39386652596295,0.2845550542718449,1927,False,eight training seeds,"0,1,2,3,4,5,6,7",60-109,"a=0.8,lw=1.5,r=0.04,w=0.25; a=1,lw=0.8,r=0.02,w=0.25; a=1,lw=0.8,r=0.015,w=0.25"
five_level_weak_anharmonic,train8_continuation_leak08,0.03,deph_0.001,0.001,0.0,75,0.959405299348048,0.002737967494640392,0.07157413016866454,0.025126836296320773,0.9883552272656345,0.0031113922753480284,120,140.39386652596295,0.2845550542718449,1927,False,eight training seeds,"0,1,2,3,4,5,6,7",60-109,"a=0.8,lw=1.5,r=0.04,w=0.25; a=1,lw=0.8,r=0.02,w=0.25; a=1,lw=0.8,r=0.015,w=0.25"
five_level_weak_anharmonic,train8_continuation_leak08,0.03,deph_0.001,0.001,0.0,76,0.986937363620413,0.002271067200109167,0.06972682476510439,0.01958033231722028,0.9901442215421647,0.0031113922753480284,120,140.39386652596295,0.2845550542718449,1927,False,eight training seeds,"0,1,2,3,4,5,6,7",60-109,"a=0.8,lw=1.5,r=0.04,w=0.25; a=1,lw=0.8,r=0.02,w=0.25; a=1,lw=0.8,r=0.015,w=0.25"
five_level_weak_anharmonic,train8_continuation_leak08,0.03,deph_0.001,0.001,0.0,77,0.9822575691730389,0.0027324574275545688,0.07855035357186901,0.011602745941855503,0.9864213382498952,0.0031113922753480284,120,140.39386652596295,0.2845550542718449,1927,False,eight training seeds,"0,1,2,3,4,5,6,7",60-109,"a=0.8,lw=1.5,r=0.04,w=0.25; a=1,lw=0.8,r=0.02,w=0.25; a=1,lw=0.8,r=0.015,w=0.25"
five_level_weak_anharmonic,train8_continuation_leak08,0.03,deph_0.001,0.001,0.0,78,0.9778812511834939,0.0033732591449735505,0.06981221652398273,0.03129330200693739,0.9889415177939376,0.0031113922753480284,120,140.39386652596295,0.2845550542718449,1927,False,eight training seeds,"0,1,2,3,4,5,6,7",60-109,"a=0.8,lw=1.5,r=0.04,w=0.25; a=1,lw=0.8,r=0.02,w=0.25; a=1,lw=0.8,r=0.015,w=0.25"
five_level_weak_anharmonic,train8_continuation_leak08,0.03,deph_0.001,0.001,0.0,79,0.9530773523067718,0.0033467880330381172,0.06884014401544025,0.0625221363681334,0.9813573661557965,0.0031113922753480284,120,140.39386652596295,0.2845550542718449,1927,False,eight training seeds,"0,1,2,3,4,5,6,7",60-109,"a=0.8,lw=1.5,r=0.04,w=0.25; a=1,lw=0.8,r=0.02,w=0.25; a=1,lw=0.8,r=0.015,w=0.25"
five_level_weak_anharmonic,train8_continuation_leak08,0.03,deph_0.001,0.001,0.0,80,0.8943850058936681,0.0033072093450748907,0.06009372734423535,0.13129216217860232,0.9779437217859905,0.0031113922753480284,120,140.39386652596295,0.2845550542718449,1927,False,eight training seeds,"0,1,2,3,4,5,6,7",60-109,"a=0.8,lw=1.5,r=0.04,w=0.25; a=1,lw=0.8,r=0.02,w=0.25; a=1,lw=0.8,r=0.015,w=0.25"
five_level_weak_anharmonic,train8_continuation_leak08,0.03,deph_0.001,0.001,0.0,81,0.8764723731662831,0.004999617942971546,0.059989485274822174,0.12079243408124167,0.9846706210497286,0.0031113922753480284,120,140.39386652596295,0.2845550542718449,1927,False,eight training seeds,"0,1,2,3,4,5,6,7",60-109,"a=0.8,lw=1.5,r=0.04,w=0.25; a=1,lw=0.8,r=0.02,w=0.25; a=1,lw=0.8,r=0.015,w=0.25"
five_level_weak_anharmonic,train8_continuation_leak08,0.03,deph_0.001,0.001,0.0,82,0.9237226024920637,0.003956752348154624,0.07221411381136966,0.07102829993264569,0.9816108524934842,0.0031113922753480284,120,140.39386652596295,0.2845550542718449,1927,False,eight training seeds,"0,1,2,3,4,5,6,7",60-109,"a=0.8,lw=1.5,r=0.04,w=0.25; a=1,lw=0.8,r=0.02,w=0.25; a=1,lw=0.8,r=0.015,w=0.25"
five_level_weak_anharmonic,train8_continuation_leak08,0.03,deph_0.001,0.001,0.0,83,0.97567017708259,0.005466953293416288,0.09523671998658889,0.020984247214486038,0.9882113330469592,0.0031113922753480284,120,140.39386652596295,0.2845550542718449,1927,False,eight training seeds,"0,1,2,3,4,5,6,7",60-109,"a=0.8,lw=1.5,r=0.04,w=0.25; a=1,lw=0.8,r=0.02,w=0.25; a=1,lw=0.8,r=0.015,w=0.25"
five_level_weak_anharmonic,train8_continuation_leak08,0.03,deph_0.001,0.001,0.0,84,0.9911252004079778,0.003715654150201031,0.06662557767551658,0.008780359967862323,0.9884146682904095,0.0031113922753480284,120,140.39386652596295,0.2845550542718449,1927,False,eight training seeds,"0,1,2,3,4,5,6,7",60-109,"a=0.8,lw=1.5,r=0.04,w=0.25; a=1,lw=0.8,r=0.02,w=0.25; a=1,lw=0.8,r=0.015,w=0.25"
five_level_weak_anharmonic,train8_continuation_leak08,0.03,deph_0.001,0.001,0.0,85,0.8531741444315878,0.0025731681536229623,0.061154198179364405,0.1703656434772245,0.9768413210754621,0.0031113922753480284,120,140.39386652596295,0.2845550542718449,1927,False,eight training seeds,"0,1,2,3,4,5,6,7",60-109,"a=0.8,lw=1.5,r=0.04,w=0.25; a=1,lw=0.8,r=0.02,w=0.25; a=1,lw=0.8,r=0.015,w=0.25"
five_level_weak_anharmonic,train8_continuation_leak08,0.03,deph_0.001,0.001,0.0,86,0.9222543378839784,0.004088614772554289,0.07776257868264347,0.056731684417197455,0.9875134440823224,0.0031113922753480284,120,140.39386652596295,0.2845550542718449,1927,False,eight training seeds,"0,1,2,3,4,5,6,7",60-109,"a=0.8,lw=1.5,r=0.04,w=0.25; a=1,lw=0.8,r=0.02,w=0.25; a=1,lw=0.8,r=0.015,w=0.25"
five_level_weak_anharmonic,train8_continuation_leak08,0.03,deph_0.001,0.001,0.0,87,0.9872591230032961,0.0031461500700344924,0.06991492831816126,0.01620045700367663,0.9858095804293325,0.0031113922753480284,120,140.39386652596295,0.2845550542718449,1927,False,eight training seeds,"0,1,2,3,4,5,6,7",60-109,"a=0.8,lw=1.5,r=0.04,w=0.25; a=1,lw=0.8,r=0.02,w=0.25; a=1,lw=0.8,r=0.015,w=0.25"
five_level_weak_anharmonic,train8_continuation_leak08,0.03,deph_0.001,0.001,0.0,88,0.9210757732175848,0.0025356291388782815,0.07697050748746559,0.03971305347609839,0.9855286682384569,0.0031113922753480284,120,140.39386652596295,0.2845550542718449,1927,False,eight training seeds,"0,1,2,3,4,5,6,7",60-109,"a=0.8,lw=1.5,r=0.04,w=0.25; a=1,lw=0.8,r=0.02,w=0.25; a=1,lw=0.8,r=0.015,w=0.25"
five_level_weak_anharmonic,train8_continuation_leak08,0.03,deph_0.001,0.001,0.0,89,0.939730464597017,0.001734079434723368,0.06021178702899577,0.05464273574490643,0.9864954246157311,0.0031113922753480284,120,140.39386652596295,0.2845550542718449,1927,False,eight training seeds,"0,1,2,3,4,5,6,7",60-109,"a=0.8,lw=1.5,r=0.04,w=0.25; a=1,lw=0.8,r=0.02,w=0.25; a=1,lw=0.8,r=0.015,w=0.25"
five_level_weak_anharmonic,train8_continuation_leak08,0.03,deph_0.001,0.001,0.0,90,0.8934696044511353,0.002489919992257228,0.06559466033056582,0.10909475526552649,0.9811338359364391,0.0031113922753480284,120,140.39386652596295,0.2845550542718449,1927,False,eight training seeds,"0,1,2,3,4,5,6,7",60-109,"a=0.8,lw=1.5,r=0.04,w=0.25; a=1,lw=0.8,r=0.02,w=0.25; a=1,lw=0.8,r=0.015,w=0.25"
five_level_weak_anharmonic,train8_continuation_leak08,0.03,deph_0.001,0.001,0.0,91,0.983238822350613,0.002880301806104768,0.07360607885028214,0.015373188038547432,0.9892758212664876,0.0031113922753480284,120,140.39386652596295,0.2845550542718449,1927,False,eight training seeds,"0,1,2,3,4,5,6,7",60-109,"a=0.8,lw=1.5,r=0.04,w=0.25; a=1,lw=0.8,r=0.02,w=0.25; a=1,lw=0.8,r=0.015,w=0.25"
five_level_weak_anharmonic,train8_continuation_leak08,0.03,deph_0.001,0.001,0.0,92,0.967923099121443,0.003576318160412928,0.0704390348243753,0.0191664688121833,0.9886136567751432,0.0031113922753480284,120,140.39386652596295,0.2845550542718449,1927,False,eight training seeds,"0,1,2,3,4,5,6,7",60-109,"a=0.8,lw=1.5,r=0.04,w=0.25; a=1,lw=0.8,r=0.02,w=0.25; a=1,lw=0.8,r=0.015,w=0.25"
five_level_weak_anharmonic,train8_continuation_leak08,0.03,deph_0.001,0.001,0.0,93,0.9290788415804568,0.003269464526100996,0.07128078327653986,0.08585732826961705,0.9809757027062671,0.0031113922753480284,120,140.39386652596295,0.2845550542718449,1927,False,eight training seeds,"0,1,2,3,4,5,6,7",60-109,"a=0.8,lw=1.5,r=0.04,w=0.25; a=1,lw=0.8,r=0.02,w=0.25; a=1,lw=0.8,r=0.015,w=0.25"
five_level_weak_anharmonic,train8_continuation_leak08,0.03,deph_0.001,0.001,0.0,94,0.9096126712567517,0.002016930400748018,0.05513195482499911,0.08453532706619388,0.9826854329892964,0.0031113922753480284,120,140.39386652596295,0.2845550542718449,1927,False,eight training seeds,"0,1,2,3,4,5,6,7",60-109,"a=0.8,lw=1.5,r=0.04,w=0.25; a=1,lw=0.8,r=0.02,w=0.25; a=1,lw=0.8,r=0.015,w=0.25"
five_level_weak_anharmonic,train8_continuation_leak08,0.03,deph_0.001,0.001,0.0,95,0.9815121925684516,0.004331951532419609,0.07558553995085382,0.018340002998966768,0.9861411002767011,0.0031113922753480284,120,140.39386652596295,0.2845550542718449,1927,False,eight training seeds,"0,1,2,3,4,5,6,7",60-109,"a=0.8,lw=1.5,r=0.04,w=0.25; a=1,lw=0.8,r=0.02,w=0.25; a=1,lw=0.8,r=0.015,w=0.25"
five_level_weak_anharmonic,train8_continuation_leak08,0.03,deph_0.001,0.001,0.0,96,0.9899774426722394,0.0026653148084103684,0.06481055081586029,0.008260940930108896,0.9899436614020533,0.0031113922753480284,120,140.39386652596295,0.2845550542718449,1927,False,eight training seeds,"0,1,2,3,4,5,6,7",60-109,"a=0.8,lw=1.5,r=0.04,w=0.25; a=1,lw=0.8,r=0.02,w=0.25; a=1,lw=0.8,r=0.015,w=0.25"
five_level_weak_anharmonic,train8_continuation_leak08,0.03,deph_0.001,0.001,0.0,97,0.9350117703208138,0.0032086430963215173,0.08083439410176052,0.046381582054765384,0.9884940189877518,0.0031113922753480284,120,140.39386652596295,0.2845550542718449,1927,False,eight training seeds,"0,1,2,3,4,5,6,7",60-109,"a=0.8,lw=1.5,r=0.04,w=0.25; a=1,lw=0.8,r=0.02,w=0.25; a=1,lw=0.8,r=0.015,w=0.25"
five_level_weak_anharmonic,train8_continuation_leak08,0.03,deph_0.001,0.001,0.0,98,0.9814448842305402,0.0022105432434378347,0.07435974009160384,0.014327716728240238,0.9860435751284978,0.0031113922753480284,120,140.39386652596295,0.2845550542718449,1927,False,eight training seeds,"0,1,2,3,4,5,6,7",60-109,"a=0.8,lw=1.5,r=0.04,w=0.25; a=1,lw=0.8,r=0.02,w=0.25; a=1,lw=0.8,r=0.015,w=0.25"
five_level_weak_anharmonic,train8_continuation_leak08,0.03,deph_0.001,0.001,0.0,99,0.9857133695769017,0.002386580386483761,0.06522676737833599,0.024189108783151426,0.9853131191173736,0.0031113922753480284,120,140.39386652596295,0.2845550542718449,1927,False,eight training seeds,"0,1,2,3,4,5,6,7",60-109,"a=0.8,lw=1.5,r=0.04,w=0.25; a=1,lw=0.8,r=0.02,w=0.25; a=1,lw=0.8,r=0.015,w=0.25"
five_level_weak_anharmonic,train8_continuation_leak08,0.03,deph_0.001,0.001,0.0,100,0.8376870454304902,0.0019325347979785024,0.08523966355754853,0.1428574005187702,0.9853222290230224,0.0031113922753480284,120,140.39386652596295,0.2845550542718449,1927,False,eight training seeds,"0,1,2,3,4,5,6,7",60-109,"a=0.8,lw=1.5,r=0.04,w=0.25; a=1,lw=0.8,r=0.02,w=0.25; a=1,lw=0.8,r=0.015,w=0.25"
five_level_weak_anharmonic,train8_continuation_leak08,0.03,deph_0.001,0.001,0.0,101,0.9714307846062006,0.0034856892968360143,0.08372805533656469,0.01870253595588148,0.9856429602111466,0.0031113922753480284,120,140.39386652596295,0.2845550542718449,1927,False,eight training seeds,"0,1,2,3,4,5,6,7",60-109,"a=0.8,lw=1.5,r=0.04,w=0.25; a=1,lw=0.8,r=0.02,w=0.25; a=1,lw=0.8,r=0.015,w=0.25"
five_level_weak_anharmonic,train8_continuation_leak08,0.03,deph_0.001,0.001,0.0,102,0.9489562454615852,0.0026389675510497534,0.0698569368187204,0.059460969160900996,0.986083813992154,0.0031113922753480284,120,140.39386652596295,0.2845550542718449,1927,False,eight training seeds,"0,1,2,3,4,5,6,7",60-109,"a=0.8,lw=1.5,r=0.04,w=0.25; a=1,lw=0.8,r=0.02,w=0.25; a=1,lw=0.8,r=0.015,w=0.25"
five_level_weak_anharmonic,train8_continuation_leak08,0.03,deph_0.001,0.001,0.0,103,0.9421349355007315,0.001476731817552479,0.062177011327656295,0.07678307211298233,0.9803178533464135,0.0031113922753480284,120,140.39386652596295,0.2845550542718449,1927,False,eight training seeds,"0,1,2,3,4,5,6,7",60-109,"a=0.8,lw=1.5,r=0.04,w=0.25; a=1,lw=0.8,r=0.02,w=0.25; a=1,lw=0.8,r=0.015,w=0.25"
five_level_weak_anharmonic,train8_continuation_leak08,0.03,deph_0.001,0.001,0.0,104,0.8593147528782956,0.002849300964924306,0.0858005013157821,0.13127843947990145,0.9834828759939229,0.0031113922753480284,120,140.39386652596295,0.2845550542718449,1927,False,eight training seeds,"0,1,2,3,4,5,6,7",60-109,"a=0.8,lw=1.5,r=0.04,w=0.25; a=1,lw=0.8,r=0.02,w=0.25; a=1,lw=0.8,r=0.015,w=0.25"
five_level_weak_anharmonic,train8_continuation_leak08,0.03,deph_0.001,0.001,0.0,105,0.9599233710196848,0.002633847956979407,0.07300925182489681,0.049991764425828276,0.9858503619590623,0.0031113922753480284,120,140.39386652596295,0.2845550542718449,1927,False,eight training seeds,"0,1,2,3,4,5,6,7",60-109,"a=0.8,lw=1.5,r=0.04,w=0.25; a=1,lw=0.8,r=0.02,w=0.25; a=1,lw=0.8,r=0.015,w=0.25"
five_level_weak_anharmonic,train8_continuation_leak08,0.03,deph_0.001,0.001,0.0,106,0.9589816645869162,0.0043759347547971394,0.08403464235810043,0.04203074482781979,0.9841320349081495,0.0031113922753480284,120,140.39386652596295,0.2845550542718449,1927,False,eight training seeds,"0,1,2,3,4,5,6,7",60-109,"a=0.8,lw=1.5,r=0.04,w=0.25; a=1,lw=0.8,r=0.02,w=0.25; a=1,lw=0.8,r=0.015,w=0.25"
five_level_weak_anharmonic,train8_continuation_leak08,0.03,deph_0.001,0.001,0.0,107,0.9716380756622299,0.001948052563964242,0.0632371107238836,0.03585982586183453,0.9843705912535063,0.0031113922753480284,120,140.39386652596295,0.2845550542718449,1927,False,eight training seeds,"0,1,2,3,4,5,6,7",60-109,"a=0.8,lw=1.5,r=0.04,w=0.25; a=1,lw=0.8,r=0.02,w=0.25; a=1,lw=0.8,r=0.015,w=0.25"
five_level_weak_anharmonic,train8_continuation_leak08,0.03,deph_0.001,0.001,0.0,108,0.9280419156391183,0.0034940720809332193,0.05872680961081955,0.10082527688596049,0.9785126765632749,0.0031113922753480284,120,140.39386652596295,0.2845550542718449,1927,False,eight training seeds,"0,1,2,3,4,5,6,7",60-109,"a=0.8,lw=1.5,r=0.04,w=0.25; a=1,lw=0.8,r=0.02,w=0.25; a=1,lw=0.8,r=0.015,w=0.25"
five_level_weak_anharmonic,train8_continuation_leak08,0.03,deph_0.001,0.001,0.0,109,0.987952930482382,0.003485251533948741,0.06452517323531348,0.009545570845957507,0.9869770437490429,0.0031113922753480284,120,140.39386652596295,0.2845550542718449,1927,False,eight training seeds,"0,1,2,3,4,5,6,7",60-109,"a=0.8,lw=1.5,r=0.04,w=0.25; a=1,lw=0.8,r=0.02,w=0.25; a=1,lw=0.8,r=0.015,w=0.25"
five_level_weak_anharmonic,train8_continuation_leak08,0.03,relax_0.0005,0.0,0.0005,60,0.9545319738215863,0.0012275362932741007,0.08125665987247066,0.04874147260813743,0.9600259319232387,0.0031113922753480284,120,140.39386652596295,0.2845550542718449,1927,False,eight training seeds,"0,1,2,3,4,5,6,7",60-109,"a=0.8,lw=1.5,r=0.04,w=0.25; a=1,lw=0.8,r=0.02,w=0.25; a=1,lw=0.8,r=0.015,w=0.25"
five_level_weak_anharmonic,train8_continuation_leak08,0.03,relax_0.0005,0.0,0.0005,61,0.9646021081422156,0.0018963639563793766,0.07943099711331247,0.021408316465414603,0.9614259930476338,0.0031113922753480284,120,140.39386652596295,0.2845550542718449,1927,False,eight training seeds,"0,1,2,3,4,5,6,7",60-109,"a=0.8,lw=1.5,r=0.04,w=0.25; a=1,lw=0.8,r=0.02,w=0.25; a=1,lw=0.8,r=0.015,w=0.25"
five_level_weak_anharmonic,train8_continuation_leak08,0.03,relax_0.0005,0.0,0.0005,62,0.8777475311070335,0.0010953727783472589,0.0683590411195667,0.08382081077846784,0.9649285151228769,0.0031113922753480284,120,140.39386652596295,0.2845550542718449,1927,False,eight training seeds,"0,1,2,3,4,5,6,7",60-109,"a=0.8,lw=1.5,r=0.04,w=0.25; a=1,lw=0.8,r=0.02,w=0.25; a=1,lw=0.8,r=0.015,w=0.25"
five_level_weak_anharmonic,train8_continuation_leak08,0.03,relax_0.0005,0.0,0.0005,63,0.9482812313278114,0.0019007035385359972,0.062386060809342725,0.04279317641660407,0.9582545273541219,0.0031113922753480284,120,140.39386652596295,0.2845550542718449,1927,False,eight training seeds,"0,1,2,3,4,5,6,7",60-109,"a=0.8,lw=1.5,r=0.04,w=0.25; a=1,lw=0.8,r=0.02,w=0.25; a=1,lw=0.8,r=0.015,w=0.25"
five_level_weak_anharmonic,train8_continuation_leak08,0.03,relax_0.0005,0.0,0.0005,64,0.926057463327121,0.0028717913939856343,0.06713525309616797,0.04065072433020317,0.9609377982837551,0.0031113922753480284,120,140.39386652596295,0.2845550542718449,1927,False,eight training seeds,"0,1,2,3,4,5,6,7",60-109,"a=0.8,lw=1.5,r=0.04,w=0.25; a=1,lw=0.8,r=0.02,w=0.25; a=1,lw=0.8,r=0.015,w=0.25"
five_level_weak_anharmonic,train8_continuation_leak08,0.03,relax_0.0005,0.0,0.0005,65,0.9674563489257629,0.0026660789877859248,0.09810390963444204,0.03364085593180243,0.9569876902094429,0.0031113922753480284,120,140.39386652596295,0.2845550542718449,1927,False,eight training seeds,"0,1,2,3,4,5,6,7",60-109,"a=0.8,lw=1.5,r=0.04,w=0.25; a=1,lw=0.8,r=0.02,w=0.25; a=1,lw=0.8,r=0.015,w=0.25"
five_level_weak_anharmonic,train8_continuation_leak08,0.03,relax_0.0005,0.0,0.0005,66,0.969131535997299,0.0024521128792132085,0.07090740204419,0.03492164002324794,0.9618779591147189,0.0031113922753480284,120,140.39386652596295,0.2845550542718449,1927,False,eight training seeds,"0,1,2,3,4,5,6,7",60-109,"a=0.8,lw=1.5,r=0.04,w=0.25; a=1,lw=0.8,r=0.02,w=0.25; a=1,lw=0.8,r=0.015,w=0.25"
five_level_weak_anharmonic,train8_continuation_leak08,0.03,relax_0.0005,0.0,0.0005,67,0.914467001858547,0.005716729912461971,0.08797245226117667,0.04989164957984621,0.9594347820212104,0.0031113922753480284,120,140.39386652596295,0.2845550542718449,1927,False,eight training seeds,"0,1,2,3,4,5,6,7",60-109,"a=0.8,lw=1.5,r=0.04,w=0.25; a=1,lw=0.8,r=0.02,w=0.25; a=1,lw=0.8,r=0.015,w=0.25"
five_level_weak_anharmonic,train8_continuation_leak08,0.03,relax_0.0005,0.0,0.0005,68,0.9191240995949245,0.0016480984978815005,0.06153201837480804,0.09622463499003317,0.9696166248677505,0.0031113922753480284,120,140.39386652596295,0.2845550542718449,1927,False,eight training seeds,"0,1,2,3,4,5,6,7",60-109,"a=0.8,lw=1.5,r=0.04,w=0.25; a=1,lw=0.8,r=0.02,w=0.25; a=1,lw=0.8,r=0.015,w=0.25"
five_level_weak_anharmonic,train8_continuation_leak08,0.03,relax_0.0005,0.0,0.0005,69,0.9732108363085991,0.002511470900752988,0.07827722199231868,0.027632771118879157,0.9615142383534452,0.0031113922753480284,120,140.39386652596295,0.2845550542718449,1927,False,eight training seeds,"0,1,2,3,4,5,6,7",60-109,"a=0.8,lw=1.5,r=0.04,w=0.25; a=1,lw=0.8,r=0.02,w=0.25; a=1,lw=0.8,r=0.015,w=0.25"
five_level_weak_anharmonic,train8_continuation_leak08,0.03,relax_0.0005,0.0,0.0005,70,0.9113750435985702,0.0022191597712175604,0.0780081867750293,0.05541239070245323,0.9597921558198244,0.0031113922753480284,120,140.39386652596295,0.2845550542718449,1927,False,eight training seeds,"0,1,2,3,4,5,6,7",60-109,"a=0.8,lw=1.5,r=0.04,w=0.25; a=1,lw=0.8,r=0.02,w=0.25; a=1,lw=0.8,r=0.015,w=0.25"
five_level_weak_anharmonic,train8_continuation_leak08,0.03,relax_0.0005,0.0,0.0005,71,0.9632926633162496,0.0041792148965723586,0.10306328857162284,0.030799350845617947,0.9595222171661203,0.0031113922753480284,120,140.39386652596295,0.2845550542718449,1927,False,eight training seeds,"0,1,2,3,4,5,6,7",60-109,"a=0.8,lw=1.5,r=0.04,w=0.25; a=1,lw=0.8,r=0.02,w=0.25; a=1,lw=0.8,r=0.015,w=0.25"
five_level_weak_anharmonic,train8_continuation_leak08,0.03,relax_0.0005,0.0,0.0005,72,0.9748958898545254,0.00335526473597092,0.08200309458720723,0.02393016682296217,0.9581806038370528,0.0031113922753480284,120,140.39386652596295,0.2845550542718449,1927,False,eight training seeds,"0,1,2,3,4,5,6,7",60-109,"a=0.8,lw=1.5,r=0.04,w=0.25; a=1,lw=0.8,r=0.02,w=0.25; a=1,lw=0.8,r=0.015,w=0.25"
five_level_weak_anharmonic,train8_continuation_leak08,0.03,relax_0.0005,0.0,0.0005,73,0.9558164959228312,0.003920578808924602,0.072950209393005,0.03074868109990484,0.9572599005055336,0.0031113922753480284,120,140.39386652596295,0.2845550542718449,1927,False,eight training seeds,"0,1,2,3,4,5,6,7",60-109,"a=0.8,lw=1.5,r=0.04,w=0.25; a=1,lw=0.8,r=0.02,w=0.25; a=1,lw=0.8,r=0.015,w=0.25"
five_level_weak_anharmonic,train8_continuation_leak08,0.03,relax_0.0005,0.0,0.0005,74,0.9551882212100847,0.00285620106176232,0.08117648537816202,0.042366374722724524,0.9595928931934773,0.0031113922753480284,120,140.39386652596295,0.2845550542718449,1927,False,eight training seeds,"0,1,2,3,4,5,6,7",60-109,"a=0.8,lw=1.5,r=0.04,w=0.25; a=1,lw=0.8,r=0.02,w=0.25; a=1,lw=0.8,r=0.015,w=0.25"
five_level_weak_anharmonic,train8_continuation_leak08,0.03,relax_0.0005,0.0,0.0005,75,0.9429945972147498,0.001759559982655312,0.07096411003485992,0.038404597697130526,0.9582167363359105,0.0031113922753480284,120,140.39386652596295,0.2845550542718449,1927,False,eight training seeds,"0,1,2,3,4,5,6,7",60-109,"a=0.8,lw=1.5,r=0.04,w=0.25; a=1,lw=0.8,r=0.02,w=0.25; a=1,lw=0.8,r=0.015,w=0.25"
five_level_weak_anharmonic,train8_continuation_leak08,0.03,relax_0.0005,0.0,0.0005,76,0.9696683845579637,0.0012607652361584787,0.0691190802390409,0.03376691698508149,0.955945403377652,0.0031113922753480284,120,140.39386652596295,0.2845550542718449,1927,False,eight training seeds,"0,1,2,3,4,5,6,7",60-109,"a=0.8,lw=1.5,r=0.04,w=0.25; a=1,lw=0.8,r=0.02,w=0.25; a=1,lw=0.8,r=0.015,w=0.25"
five_level_weak_anharmonic,train8_continuation_leak08,0.03,relax_0.0005,0.0,0.0005,77,0.9685378824348018,0.0016813119333046744,0.0779103849210192,0.022763309650023645,0.9607249977983711,0.0031113922753480284,120,140.39386652596295,0.2845550542718449,1927,False,eight training seeds,"0,1,2,3,4,5,6,7",60-109,"a=0.8,lw=1.5,r=0.04,w=0.25; a=1,lw=0.8,r=0.02,w=0.25; a=1,lw=0.8,r=0.015,w=0.25"
five_level_weak_anharmonic,train8_continuation_leak08,0.03,relax_0.0005,0.0,0.0005,78,0.9619473232507167,0.0022967132957985026,0.06914912147597352,0.044181212207227975,0.9569606251133055,0.0031113922753480284,120,140.39386652596295,0.2845550542718449,1927,False,eight training seeds,"0,1,2,3,4,5,6,7",60-109,"a=0.8,lw=1.5,r=0.04,w=0.25; a=1,lw=0.8,r=0.02,w=0.25; a=1,lw=0.8,r=0.015,w=0.25"
five_level_weak_anharmonic,train8_continuation_leak08,0.03,relax_0.0005,0.0,0.0005,79,0.9399511309865821,0.0024535161827202723,0.06818452935257513,0.07364263227532747,0.9669503526952588,0.0031113922753480284,120,140.39386652596295,0.2845550542718449,1927,False,eight training seeds,"0,1,2,3,4,5,6,7",60-109,"a=0.8,lw=1.5,r=0.04,w=0.25; a=1,lw=0.8,r=0.02,w=0.25; a=1,lw=0.8,r=0.015,w=0.25"
five_level_weak_anharmonic,train8_continuation_leak08,0.03,relax_0.0005,0.0,0.0005,80,0.8820299285485866,0.002568802043860119,0.05950012969536056,0.1419271732812306,0.9720799430762957,0.0031113922753480284,120,140.39386652596295,0.2845550542718449,1927,False,eight training seeds,"0,1,2,3,4,5,6,7",60-109,"a=0.8,lw=1.5,r=0.04,w=0.25; a=1,lw=0.8,r=0.02,w=0.25; a=1,lw=0.8,r=0.015,w=0.25"
five_level_weak_anharmonic,train8_continuation_leak08,0.03,relax_0.0005,0.0,0.0005,81,0.8643507423115064,0.004172934704855136,0.05944237713409406,0.1305523042952977,0.9635704192931616,0.0031113922753480284,120,140.39386652596295,0.2845550542718449,1927,False,eight training seeds,"0,1,2,3,4,5,6,7",60-109,"a=0.8,lw=1.5,r=0.04,w=0.25; a=1,lw=0.8,r=0.02,w=0.25; a=1,lw=0.8,r=0.015,w=0.25"
five_level_weak_anharmonic,train8_continuation_leak08,0.03,relax_0.0005,0.0,0.0005,82,0.9093507791688082,0.002863370203611715,0.07157673013712951,0.08310271237120427,0.9660808663571828,0.0031113922753480284,120,140.39386652596295,0.2845550542718449,1927,False,eight training seeds,"0,1,2,3,4,5,6,7",60-109,"a=0.8,lw=1.5,r=0.04,w=0.25; a=1,lw=0.8,r=0.02,w=0.25; a=1,lw=0.8,r=0.015,w=0.25"
five_level_weak_anharmonic,train8_continuation_leak08,0.03,relax_0.0005,0.0,0.0005,83,0.9615439518703449,0.004091044309466718,0.09448515494592702,0.0323154579172896,0.9581974181820537,0.0031113922753480284,120,140.39386652596295,0.2845550542718449,1927,False,eight training seeds,"0,1,2,3,4,5,6,7",60-109,"a=0.8,lw=1.5,r=0.04,w=0.25; a=1,lw=0.8,r=0.02,w=0.25; a=1,lw=0.8,r=0.015,w=0.25"
five_level_weak_anharmonic,train8_continuation_leak08,0.03,relax_0.0005,0.0,0.0005,84,0.975684743975226,0.0028314466064269794,0.06603507480290349,0.02121015239591367,0.95899131798096,0.0031113922753480284,120,140.39386652596295,0.2845550542718449,1927,False,eight training seeds,"0,1,2,3,4,5,6,7",60-109,"a=0.8,lw=1.5,r=0.04,w=0.25; a=1,lw=0.8,r=0.02,w=0.25; a=1,lw=0.8,r=0.015,w=0.25"
five_level_weak_anharmonic,train8_continuation_leak08,0.03,relax_0.0005,0.0,0.0005,85,0.8421494599230105,0.0018633976029346355,0.060527353956278285,0.179906928825113,0.9739126789475321,0.0031113922753480284,120,140.39386652596295,0.2845550542718449,1927,False,eight training seeds,"0,1,2,3,4,5,6,7",60-109,"a=0.8,lw=1.5,r=0.04,w=0.25; a=1,lw=0.8,r=0.02,w=0.25; a=1,lw=0.8,r=0.015,w=0.25"
five_level_weak_anharmonic,train8_continuation_leak08,0.03,relax_0.0005,0.0,0.0005,86,0.9079055448659922,0.0027948177674126384,0.07711208400730873,0.06840570215575965,0.9582947809712296,0.0031113922753480284,120,140.39386652596295,0.2845550542718449,1927,False,eight training seeds,"0,1,2,3,4,5,6,7",60-109,"a=0.8,lw=1.5,r=0.04,w=0.25; a=1,lw=0.8,r=0.02,w=0.25; a=1,lw=0.8,r=0.015,w=0.25"
five_level_weak_anharmonic,train8_continuation_leak08,0.03,relax_0.0005,0.0,0.0005,87,0.9736584711110233,0.0021717716379381358,0.06927085176486947,0.027401939676352252,0.9619597880352421,0.0031113922753480284,120,140.39386652596295,0.2845550542718449,1927,False,eight training seeds,"0,1,2,3,4,5,6,7",60-109,"a=0.8,lw=1.5,r=0.04,w=0.25; a=1,lw=0.8,r=0.02,w=0.25; a=1,lw=0.8,r=0.015,w=0.25"
five_level_weak_anharmonic,train8_continuation_leak08,0.03,relax_0.0005,0.0,0.0005,88,0.9107817071380464,0.0014997623746362265,0.07628345464371522,0.04871282169991636,0.9620838460897302,0.0031113922753480284,120,140.39386652596295,0.2845550542718449,1927,False,eight training seeds,"0,1,2,3,4,5,6,7",60-109,"a=0.8,lw=1.5,r=0.04,w=0.25; a=1,lw=0.8,r=0.02,w=0.25; a=1,lw=0.8,r=0.015,w=0.25"
five_level_weak_anharmonic,train8_continuation_leak08,0.03,relax_0.0005,0.0,0.0005,89,0.9298608641438837,0.0009522498671035162,0.059398930938172834,0.06286277440431257,0.9617516556279629,0.0031113922753480284,120,140.39386652596295,0.2845550542718449,1927,False,eight training seeds,"0,1,2,3,4,5,6,7",60-109,"a=0.8,lw=1.5,r=0.04,w=0.25; a=1,lw=0.8,r=0.02,w=0.25; a=1,lw=0.8,r=0.015,w=0.25"
five_level_weak_anharmonic,train8_continuation_leak08,0.03,relax_0.0005,0.0,0.0005,90,0.8846228889742604,0.0016415961334522722,0.0649431749129723,0.11681371138040511,0.9682540987403421,0.0031113922753480284,120,140.39386652596295,0.2845550542718449,1927,False,eight training seeds,"0,1,2,3,4,5,6,7",60-109,"a=0.8,lw=1.5,r=0.04,w=0.25; a=1,lw=0.8,r=0.02,w=0.25; a=1,lw=0.8,r=0.015,w=0.25"
five_level_weak_anharmonic,train8_continuation_leak08,0.03,relax_0.0005,0.0,0.0005,91,0.9673967423074634,0.0019626708029168993,0.07299175441404704,0.028105578799809783,0.9572587421433781,0.0031113922753480284,120,140.39386652596295,0.2845550542718449,1927,False,eight training seeds,"0,1,2,3,4,5,6,7",60-109,"a=0.8,lw=1.5,r=0.04,w=0.25; a=1,lw=0.8,r=0.02,w=0.25; a=1,lw=0.8,r=0.015,w=0.25"
five_level_weak_anharmonic,train8_continuation_leak08,0.03,relax_0.0005,0.0,0.0005,92,0.9500332142945672,0.002551421942341814,0.06985238888667245,0.0337543713072004,0.9577854943307679,0.0031113922753480284,120,140.39386652596295,0.2845550542718449,1927,False,eight training seeds,"0,1,2,3,4,5,6,7",60-109,"a=0.8,lw=1.5,r=0.04,w=0.25; a=1,lw=0.8,r=0.02,w=0.25; a=1,lw=0.8,r=0.015,w=0.25"
five_level_weak_anharmonic,train8_continuation_leak08,0.03,relax_0.0005,0.0,0.0005,93,0.9184391227902841,0.002324805422154963,0.07061755731601571,0.09489999521146691,0.9678619333465748,0.0031113922753480284,120,140.39386652596295,0.2845550542718449,1927,False,eight training seeds,"0,1,2,3,4,5,6,7",60-109,"a=0.8,lw=1.5,r=0.04,w=0.25; a=1,lw=0.8,r=0.02,w=0.25; a=1,lw=0.8,r=0.015,w=0.25"
five_level_weak_anharmonic,train8_continuation_leak08,0.03,relax_0.0005,0.0,0.0005,94,0.8934003591865695,0.0013618556413637073,0.054607130821213934,0.09782074920530497,0.9656235095053592,0.0031113922753480284,120,140.39386652596295,0.2845550542718449,1927,False,eight training seeds,"0,1,2,3,4,5,6,7",60-109,"a=0.8,lw=1.5,r=0.04,w=0.25; a=1,lw=0.8,r=0.02,w=0.25; a=1,lw=0.8,r=0.015,w=0.25"
five_level_weak_anharmonic,train8_continuation_leak08,0.03,relax_0.0005,0.0,0.0005,95,0.9699826414736062,0.0032815013789948555,0.07491571282584397,0.02791430443621452,0.9610676842446253,0.0031113922753480284,120,140.39386652596295,0.2845550542718449,1927,False,eight training seeds,"0,1,2,3,4,5,6,7",60-109,"a=0.8,lw=1.5,r=0.04,w=0.25; a=1,lw=0.8,r=0.02,w=0.25; a=1,lw=0.8,r=0.015,w=0.25"
five_level_weak_anharmonic,train8_continuation_leak08,0.03,relax_0.0005,0.0,0.0005,96,0.9730629073671968,0.0017701889352289557,0.06423225534943111,0.021900053220270145,0.9569564384213725,0.0031113922753480284,120,140.39386652596295,0.2845550542718449,1927,False,eight training seeds,"0,1,2,3,4,5,6,7",60-109,"a=0.8,lw=1.5,r=0.04,w=0.25; a=1,lw=0.8,r=0.02,w=0.25; a=1,lw=0.8,r=0.015,w=0.25"
five_level_weak_anharmonic,train8_continuation_leak08,0.03,relax_0.0005,0.0,0.0005,97,0.9195357556330961,0.0021659602230603703,0.08017144002022136,0.0589719069487663,0.9579982739318801,0.0031113922753480284,120,140.39386652596295,0.2845550542718449,1927,False,eight training seeds,"0,1,2,3,4,5,6,7",60-109,"a=0.8,lw=1.5,r=0.04,w=0.25; a=1,lw=0.8,r=0.02,w=0.25; a=1,lw=0.8,r=0.015,w=0.25"
five_level_weak_anharmonic,train8_continuation_leak08,0.03,relax_0.0005,0.0,0.0005,98,0.9673414274241385,0.0011884262363084375,0.07373001653317357,0.025851659696417936,0.9610639375747019,0.0031113922753480284,120,140.39386652596295,0.2845550542718449,1927,False,eight training seeds,"0,1,2,3,4,5,6,7",60-109,"a=0.8,lw=1.5,r=0.04,w=0.25; a=1,lw=0.8,r=0.02,w=0.25; a=1,lw=0.8,r=0.015,w=0.25"
five_level_weak_anharmonic,train8_continuation_leak08,0.03,relax_0.0005,0.0,0.0005,99,0.972740235370211,0.0014820549118595983,0.06459873135206773,0.03491565311244091,0.962932036152534,0.0031113922753480284,120,140.39386652596295,0.2845550542718449,1927,False,eight training seeds,"0,1,2,3,4,5,6,7",60-109,"a=0.8,lw=1.5,r=0.04,w=0.25; a=1,lw=0.8,r=0.02,w=0.25; a=1,lw=0.8,r=0.015,w=0.25"
five_level_weak_anharmonic,train8_continuation_leak08,0.03,relax_0.0005,0.0,0.0005,100,0.828152559361611,0.0008349248122283548,0.08453499019765998,0.15067241966070424,0.9619570747818904,0.0031113922753480284,120,140.39386652596295,0.2845550542718449,1927,False,eight training seeds,"0,1,2,3,4,5,6,7",60-109,"a=0.8,lw=1.5,r=0.04,w=0.25; a=1,lw=0.8,r=0.02,w=0.25; a=1,lw=0.8,r=0.015,w=0.25"
five_level_weak_anharmonic,train8_continuation_leak08,0.03,relax_0.0005,0.0,0.0005,101,0.9617143743718573,0.002360719427532798,0.08302958370914215,0.026946705886367463,0.9617852611120179,0.0031113922753480284,120,140.39386652596295,0.2845550542718449,1927,False,eight training seeds,"0,1,2,3,4,5,6,7",60-109,"a=0.8,lw=1.5,r=0.04,w=0.25; a=1,lw=0.8,r=0.02,w=0.25; a=1,lw=0.8,r=0.015,w=0.25"
five_level_weak_anharmonic,train8_continuation_leak08,0.03,relax_0.0005,0.0,0.0005,102,0.9353504614049445,0.0017371689435832227,0.06921070791303563,0.07039655413878715,0.9611209848627711,0.0031113922753480284,120,140.39386652596295,0.2845550542718449,1927,False,eight training seeds,"0,1,2,3,4,5,6,7",60-109,"a=0.8,lw=1.5,r=0.04,w=0.25; a=1,lw=0.8,r=0.02,w=0.25; a=1,lw=0.8,r=0.015,w=0.25"
five_level_weak_anharmonic,train8_continuation_leak08,0.03,relax_0.0005,0.0,0.0005,103,0.9295147673334556,0.0006618993483952229,0.06159088174607308,0.08762417573149035,0.9688000934891008,0.0031113922753480284,120,140.39386652596295,0.2845550542718449,1927,False,eight training seeds,"0,1,2,3,4,5,6,7",60-109,"a=0.8,lw=1.5,r=0.04,w=0.25; a=1,lw=0.8,r=0.02,w=0.25; a=1,lw=0.8,r=0.015,w=0.25"
five_level_weak_anharmonic,train8_continuation_leak08,0.03,relax_0.0005,0.0,0.0005,104,0.8508027835184425,0.0018314595202193473,0.08509490004849907,0.13832962543457153,0.9648181000009702,0.0031113922753480284,120,140.39386652596295,0.2845550542718449,1927,False,eight training seeds,"0,1,2,3,4,5,6,7",60-109,"a=0.8,lw=1.5,r=0.04,w=0.25; a=1,lw=0.8,r=0.02,w=0.25; a=1,lw=0.8,r=0.015,w=0.25"
five_level_weak_anharmonic,train8_continuation_leak08,0.03,relax_0.0005,0.0,0.0005,105,0.946789371822778,0.0016029472114624799,0.07236378171838354,0.06055094733548322,0.9614879614868848,0.0031113922753480284,120,140.39386652596295,0.2845550542718449,1927,False,eight training seeds,"0,1,2,3,4,5,6,7",60-109,"a=0.8,lw=1.5,r=0.04,w=0.25; a=1,lw=0.8,r=0.02,w=0.25; a=1,lw=0.8,r=0.015,w=0.25"
five_level_weak_anharmonic,train8_continuation_leak08,0.03,relax_0.0005,0.0,0.0005,106,0.9437117642315385,0.0031283777855273254,0.08327842822730047,0.054495146965993196,0.9627668455541727,0.0031113922753480284,120,140.39386652596295,0.2845550542718449,1927,False,eight training seeds,"0,1,2,3,4,5,6,7",60-109,"a=0.8,lw=1.5,r=0.04,w=0.25; a=1,lw=0.8,r=0.02,w=0.25; a=1,lw=0.8,r=0.015,w=0.25"
five_level_weak_anharmonic,train8_continuation_leak08,0.03,relax_0.0005,0.0,0.0005,107,0.9615628054653043,0.0010917732862150142,0.06261287183999165,0.04453459373749222,0.9643592140693157,0.0031113922753480284,120,140.39386652596295,0.2845550542718449,1927,False,eight training seeds,"0,1,2,3,4,5,6,7",60-109,"a=0.8,lw=1.5,r=0.04,w=0.25; a=1,lw=0.8,r=0.02,w=0.25; a=1,lw=0.8,r=0.015,w=0.25"
five_level_weak_anharmonic,train8_continuation_leak08,0.03,relax_0.0005,0.0,0.0005,108,0.91609609696217,0.002689317561572424,0.05811561447304636,0.11134873654784146,0.9707989570744652,0.0031113922753480284,120,140.39386652596295,0.2845550542718449,1927,False,eight training seeds,"0,1,2,3,4,5,6,7",60-109,"a=0.8,lw=1.5,r=0.04,w=0.25; a=1,lw=0.8,r=0.02,w=0.25; a=1,lw=0.8,r=0.015,w=0.25"
five_level_weak_anharmonic,train8_continuation_leak08,0.03,relax_0.0005,0.0,0.0005,109,0.9741993919868832,0.002505998151581923,0.06390829071799864,0.02090010699867,0.9604727714431998,0.0031113922753480284,120,140.39386652596295,0.2845550542718449,1927,False,eight training seeds,"0,1,2,3,4,5,6,7",60-109,"a=0.8,lw=1.5,r=0.04,w=0.25; a=1,lw=0.8,r=0.02,w=0.25; a=1,lw=0.8,r=0.015,w=0.25"
five_level_weak_anharmonic,train8_continuation_leak08,0.03,combined,0.001,0.0005,60,0.9487122137381517,0.0022708599741091406,0.08172810446435297,0.05428700538981923,0.9478005777614563,0.0031113922753480284,120,140.39386652596295,0.2845550542718449,1927,False,eight training seeds,"0,1,2,3,4,5,6,7",60-109,"a=0.8,lw=1.5,r=0.04,w=0.25; a=1,lw=0.8,r=0.02,w=0.25; a=1,lw=0.8,r=0.015,w=0.25"
five_level_weak_anharmonic,train8_continuation_leak08,0.03,combined,0.001,0.0005,61,0.9576734283240972,0.0028742517300107684,0.0798503573122109,0.02823890619733348,0.9481015499904486,0.0031113922753480284,120,140.39386652596295,0.2845550542718449,1927,False,eight training seeds,"0,1,2,3,4,5,6,7",60-109,"a=0.8,lw=1.5,r=0.04,w=0.25; a=1,lw=0.8,r=0.02,w=0.25; a=1,lw=0.8,r=0.015,w=0.25"
five_level_weak_anharmonic,train8_continuation_leak08,0.03,combined,0.001,0.0005,62,0.8722918233361445,0.0019152343469284183,0.06870907348925859,0.08977012164413711,0.94850564784623,0.0031113922753480284,120,140.39386652596295,0.2845550542718449,1927,False,eight training seeds,"0,1,2,3,4,5,6,7",60-109,"a=0.8,lw=1.5,r=0.04,w=0.25; a=1,lw=0.8,r=0.02,w=0.25; a=1,lw=0.8,r=0.015,w=0.25"
five_level_weak_anharmonic,train8_continuation_leak08,0.03,combined,0.001,0.0005,63,0.9430947403111014,0.002644278716259496,0.0628128411424218,0.047994746352863604,0.9481035407201913,0.0031113922753480284,120,140.39386652596295,0.2845550542718449,1927,False,eight training seeds,"0,1,2,3,4,5,6,7",60-109,"a=0.8,lw=1.5,r=0.04,w=0.25; a=1,lw=0.8,r=0.02,w=0.25; a=1,lw=0.8,r=0.015,w=0.25"
five_level_weak_anharmonic,train8_continuation_leak08,0.03,combined,0.001,0.0005,64,0.9200092674765002,0.003763543476696274,0.06763120062548533,0.046920245007133356,0.9479531211882342,0.0031113922753480284,120,140.39386652596295,0.2845550542718449,1927,False,eight training seeds,"0,1,2,3,4,5,6,7",60-109,"a=0.8,lw=1.5,r=0.04,w=0.25; a=1,lw=0.8,r=0.02,w=0.25; a=1,lw=0.8,r=0.015,w=0.25"
five_level_weak_anharmonic,train8_continuation_leak08,0.03,combined,0.001,0.0005,65,0.9623603463991522,0.0038030460344438133,0.09856623521484997,0.03873777482122161,0.9466325254411571,0.0031113922753480284,120,140.39386652596295,0.2845550542718449,1927,False,eight training seeds,"0,1,2,3,4,5,6,7",60-109,"a=0.8,lw=1.5,r=0.04,w=0.25; a=1,lw=0.8,r=0.02,w=0.25; a=1,lw=0.8,r=0.015,w=0.25"
five_level_weak_anharmonic,train8_continuation_leak08,0.03,combined,0.001,0.0005,66,0.9623928627242316,0.0034085302218531677,0.07138928519133225,0.04109072696755871,0.9482273565795346,0.0031113922753480284,120,140.39386652596295,0.2845550542718449,1927,False,eight training seeds,"0,1,2,3,4,5,6,7",60-109,"a=0.8,lw=1.5,r=0.04,w=0.25; a=1,lw=0.8,r=0.02,w=0.25; a=1,lw=0.8,r=0.015,w=0.25"
five_level_weak_anharmonic,train8_continuation_leak08,0.03,combined,0.001,0.0005,67,0.9092514313027914,0.006899223179811065,0.08842860857468793,0.05566939478244084,0.9468599610634467,0.0031113922753480284,120,140.39386652596295,0.2845550542718449,1927,False,eight training seeds,"0,1,2,3,4,5,6,7",60-109,"a=0.8,lw=1.5,r=0.04,w=0.25; a=1,lw=0.8,r=0.02,w=0.25; a=1,lw=0.8,r=0.015,w=0.25"
five_level_weak_anharmonic,train8_continuation_leak08,0.03,combined,0.001,0.0005,68,0.9125580033580283,0.002456441745033011,0.061950283632435266,0.10198738194089213,0.9506640471831553,0.0031113922753480284,120,140.39386652596295,0.2845550542718449,1927,False,eight training seeds,"0,1,2,3,4,5,6,7",60-109,"a=0.8,lw=1.5,r=0.04,w=0.25; a=1,lw=0.8,r=0.02,w=0.25; a=1,lw=0.8,r=0.015,w=0.25"
five_level_weak_anharmonic,train8_continuation_leak08,0.03,combined,0.001,0.0005,69,0.9664403367865054,0.003515422376153543,0.07870391624989148,0.03408665978510262,0.9483374837018463,0.0031113922753480284,120,140.39386652596295,0.2845550542718449,1927,False,eight training seeds,"0,1,2,3,4,5,6,7",60-109,"a=0.8,lw=1.5,r=0.04,w=0.25; a=1,lw=0.8,r=0.02,w=0.25; a=1,lw=0.8,r=0.015,w=0.25"
five_level_weak_anharmonic,train8_continuation_leak08,0.03,combined,0.001,0.0005,70,0.9058521983891745,0.0032290203043261467,0.07842125893810259,0.0612980954159143,0.9477364246610035,0.0031113922753480284,120,140.39386652596295,0.2845550542718449,1927,False,eight training seeds,"0,1,2,3,4,5,6,7",60-109,"a=0.8,lw=1.5,r=0.04,w=0.25; a=1,lw=0.8,r=0.02,w=0.25; a=1,lw=0.8,r=0.015,w=0.25"
five_level_weak_anharmonic,train8_continuation_leak08,0.03,combined,0.001,0.0005,71,0.9571260473166554,0.005381452464753633,0.1035292781679692,0.03681365932237109,0.9474984225438979,0.0031113922753480284,120,140.39386652596295,0.2845550542718449,1927,False,eight training seeds,"0,1,2,3,4,5,6,7",60-109,"a=0.8,lw=1.5,r=0.04,w=0.25; a=1,lw=0.8,r=0.02,w=0.25; a=1,lw=0.8,r=0.015,w=0.25"
five_level_weak_anharmonic,train8_continuation_leak08,0.03,combined,0.001,0.0005,72,0.9692983365480203,0.004421754810622902,0.0824279191205668,0.02958555544201442,0.947092187734858,0.0031113922753480284,120,140.39386652596295,0.2845550542718449,1927,False,eight training seeds,"0,1,2,3,4,5,6,7",60-109,"a=0.8,lw=1.5,r=0.04,w=0.25; a=1,lw=0.8,r=0.02,w=0.25; a=1,lw=0.8,r=0.015,w=0.25"
five_level_weak_anharmonic,train8_continuation_leak08,0.03,combined,0.001,0.0005,73,0.9513467660366629,0.004850221051634462,0.07332512512671752,0.03558338152019124,0.946907081865593,0.0031113922753480284,120,140.39386652596295,0.2845550542718449,1927,False,eight training seeds,"0,1,2,3,4,5,6,7",60-109,"a=0.8,lw=1.5,r=0.04,w=0.25; a=1,lw=0.8,r=0.02,w=0.25; a=1,lw=0.8,r=0.015,w=0.25"
five_level_weak_anharmonic,train8_continuation_leak08,0.03,combined,0.001,0.0005,74,0.9493077228342481,0.0037381497804519492,0.08167372683360052,0.04808138318480931,0.947810603681524,0.0031113922753480284,120,140.39386652596295,0.2845550542718449,1927,False,eight training seeds,"0,1,2,3,4,5,6,7",60-109,"a=0.8,lw=1.5,r=0.04,w=0.25; a=1,lw=0.8,r=0.02,w=0.25; a=1,lw=0.8,r=0.015,w=0.25"
five_level_weak_anharmonic,train8_continuation_leak08,0.03,combined,0.001,0.0005,75,0.9383103258000642,0.0026624088247754196,0.07136545955492979,0.043492235985419875,0.9472786484810795,0.0031113922753480284,120,140.39386652596295,0.2845550542718449,1927,False,eight training seeds,"0,1,2,3,4,5,6,7",60-109,"a=0.8,lw=1.5,r=0.04,w=0.25; a=1,lw=0.8,r=0.02,w=0.25; a=1,lw=0.8,r=0.015,w=0.25"
five_level_weak_anharmonic,train8_continuation_leak08,0.03,combined,0.001,0.0005,76,0.9650772252676577,0.0022211187983245395,0.06955160930006277,0.03826820756610352,0.9468147045619175,0.0031113922753480284,120,140.39386652596295,0.2845550542718449,1927,False,eight training seeds,"0,1,2,3,4,5,6,7",60-109,"a=0.8,lw=1.5,r=0.04,w=0.25; a=1,lw=0.8,r=0.02,w=0.25; a=1,lw=0.8,r=0.015,w=0.25"
five_level_weak_anharmonic,train8_continuation_leak08,0.03,combined,0.001,0.0005,77,0.9622791165802295,0.0026581928348112793,0.07831533709245009,0.02902881523750046,0.9478785939222817,0.0031113922753480284,120,140.39386652596295,0.2845550542718449,1927,False,eight training seeds,"0,1,2,3,4,5,6,7",60-109,"a=0.8,lw=1.5,r=0.04,w=0.25; a=1,lw=0.8,r=0.02,w=0.25; a=1,lw=0.8,r=0.015,w=0.25"
five_level_weak_anharmonic,train8_continuation_leak08,0.03,combined,0.001,0.0005,78,0.9569463657628428,0.003329167837452185,0.06964078154662823,0.04898650049829779,0.946706021097293,0.0031113922753480284,120,140.39386652596295,0.2845550542718449,1927,False,eight training seeds,"0,1,2,3,4,5,6,7",60-109,"a=0.8,lw=1.5,r=0.04,w=0.25; a=1,lw=0.8,r=0.02,w=0.25; a=1,lw=0.8,r=0.015,w=0.25"
five_level_weak_anharmonic,train8_continuation_leak08,0.03,combined,0.001,0.0005,79,0.9335647799090475,0.0032539972304665987,0.06864839799661149,0.07943023882022385,0.9490013307534928,0.0031113922753480284,120,140.39386652596295,0.2845550542718449,1927,False,eight training seeds,"0,1,2,3,4,5,6,7",60-109,"a=0.8,lw=1.5,r=0.04,w=0.25; a=1,lw=0.8,r=0.02,w=0.25; a=1,lw=0.8,r=0.015,w=0.25"
five_level_weak_anharmonic,train8_continuation_leak08,0.03,combined,0.001,0.0005,80,0.8764106721300107,0.003222432573588563,0.05993011245626034,0.14667350792297063,0.9507116445105185,0.0031113922753480284,120,140.39386652596295,0.2845550542718449,1927,False,eight training seeds,"0,1,2,3,4,5,6,7",60-109,"a=0.8,lw=1.5,r=0.04,w=0.25; a=1,lw=0.8,r=0.02,w=0.25; a=1,lw=0.8,r=0.015,w=0.25"
five_level_weak_anharmonic,train8_continuation_leak08,0.03,combined,0.001,0.0005,81,0.8603657660789081,0.004852497144791634,0.05985470393583048,0.13452745914834263,0.9490701172507608,0.0031113922753480284,120,140.39386652596295,0.2845550542718449,1927,False,eight training seeds,"0,1,2,3,4,5,6,7",60-109,"a=0.8,lw=1.5,r=0.04,w=0.25; a=1,lw=0.8,r=0.02,w=0.25; a=1,lw=0.8,r=0.015,w=0.25"
five_level_weak_anharmonic,train8_continuation_leak08,0.03,combined,0.001,0.0005,82,0.9037628196875575,0.0038543011767836477,0.07201494270493913,0.08858833010739621,0.9483910544034637,0.0031113922753480284,120,140.39386652596295,0.2845550542718449,1927,False,eight training seeds,"0,1,2,3,4,5,6,7",60-109,"a=0.8,lw=1.5,r=0.04,w=0.25; a=1,lw=0.8,r=0.02,w=0.25; a=1,lw=0.8,r=0.015,w=0.25"
five_level_weak_anharmonic,train8_continuation_leak08,0.03,combined,0.001,0.0005,83,0.9559071908270866,0.0053048052319703,0.0949651111563583,0.037991848101882136,0.9472213186534738,0.0031113922753480284,120,140.39386652596295,0.2845550542718449,1927,False,eight training seeds,"0,1,2,3,4,5,6,7",60-109,"a=0.8,lw=1.5,r=0.04,w=0.25; a=1,lw=0.8,r=0.02,w=0.25; a=1,lw=0.8,r=0.015,w=0.25"
five_level_weak_anharmonic,train8_continuation_leak08,0.03,combined,0.001,0.0005,84,0.97024035172114,0.003585969185578186,0.06645073379917699,0.026679111122681395,0.9480865794361961,0.0031113922753480284,120,140.39386652596295,0.2845550542718449,1927,False,eight training seeds,"0,1,2,3,4,5,6,7",60-109,"a=0.8,lw=1.5,r=0.04,w=0.25; a=1,lw=0.8,r=0.02,w=0.25; a=1,lw=0.8,r=0.015,w=0.25"
five_level_weak_anharmonic,train8_continuation_leak08,0.03,combined,0.001,0.0005,85,0.837202890512643,0.0025027854796384474,0.06099558011859063,0.18403512226327604,0.9514666124358215,0.0031113922753480284,120,140.39386652596295,0.2845550542718449,1927,False,eight training seeds,"0,1,2,3,4,5,6,7",60-109,"a=0.8,lw=1.5,r=0.04,w=0.25; a=1,lw=0.8,r=0.02,w=0.25; a=1,lw=0.8,r=0.015,w=0.25"
five_level_weak_anharmonic,train8_continuation_leak08,0.03,combined,0.001,0.0005,86,0.9032958729102996,0.004016408385061676,0.07753868282260323,0.07340306312636229,0.946646037422365,0.0031113922753480284,120,140.39386652596295,0.2845550542718449,1927,False,eight training seeds,"0,1,2,3,4,5,6,7",60-109,"a=0.8,lw=1.5,r=0.04,w=0.25; a=1,lw=0.8,r=0.02,w=0.25; a=1,lw=0.8,r=0.015,w=0.25"
five_level_weak_anharmonic,train8_continuation_leak08,0.03,combined,0.001,0.0005,87,0.9672142614301279,0.003062496880507415,0.06972318126139165,0.03356747499556895,0.9484602475042374,0.0031113922753480284,120,140.39386652596295,0.2845550542718449,1927,False,eight training seeds,"0,1,2,3,4,5,6,7",60-109,"a=0.8,lw=1.5,r=0.04,w=0.25; a=1,lw=0.8,r=0.02,w=0.25; a=1,lw=0.8,r=0.015,w=0.25"
five_level_weak_anharmonic,train8_continuation_leak08,0.03,combined,0.001,0.0005,88,0.904676548475137,0.00246962023153674,0.07675783238899059,0.05516085520195117,0.9483849694207859,0.0031113922753480284,120,140.39386652596295,0.2845550542718449,1927,False,eight training seeds,"0,1,2,3,4,5,6,7",60-109,"a=0.8,lw=1.5,r=0.04,w=0.25; a=1,lw=0.8,r=0.02,w=0.25; a=1,lw=0.8,r=0.015,w=0.25"
five_level_weak_anharmonic,train8_continuation_leak08,0.03,combined,0.001,0.0005,89,0.9237518321842396,0.0017194976261691863,0.05983616989351326,0.06859094023369,0.9490655640189696,0.0031113922753480284,120,140.39386652596295,0.2845550542718449,1927,False,eight training seeds,"0,1,2,3,4,5,6,7",60-109,"a=0.8,lw=1.5,r=0.04,w=0.25; a=1,lw=0.8,r=0.02,w=0.25; a=1,lw=0.8,r=0.015,w=0.25"
five_level_weak_anharmonic,train8_continuation_leak08,0.03,combined,0.001,0.0005,90,0.8788760064469235,0.0024438541482840748,0.06543286106161883,0.12200794218439652,0.9501748167016771,0.0031113922753480284,120,140.39386652596295,0.2845550542718449,1927,False,eight training seeds,"0,1,2,3,4,5,6,7",60-109,"a=0.8,lw=1.5,r=0.04,w=0.25; a=1,lw=0.8,r=0.02,w=0.25; a=1,lw=0.8,r=0.015,w=0.25"
five_level_weak_anharmonic,train8_continuation_leak08,0.03,combined,0.001,0.0005,91,0.9623488974884914,0.002811332950777956,0.07340769978470618,0.03323069903030023,0.9472772729716518,0.0031113922753480284,120,140.39386652596295,0.2845550542718449,1927,False,eight training seeds,"0,1,2,3,4,5,6,7",60-109,"a=0.8,lw=1.5,r=0.04,w=0.25; a=1,lw=0.8,r=0.02,w=0.25; a=1,lw=0.8,r=0.015,w=0.25"
five_level_weak_anharmonic,train8_continuation_leak08,0.03,combined,0.001,0.0005,92,0.9456852638629629,0.0034602706067853317,0.0702446626288662,0.038515792872240516,0.9470566221920432,0.0031113922753480284,120,140.39386652596295,0.2845550542718449,1927,False,eight training seeds,"0,1,2,3,4,5,6,7",60-109,"a=0.8,lw=1.5,r=0.04,w=0.25; a=1,lw=0.8,r=0.02,w=0.25; a=1,lw=0.8,r=0.015,w=0.25"
five_level_weak_anharmonic,train8_continuation_leak08,0.03,combined,0.001,0.0005,93,0.9122802090296671,0.003220874022200837,0.07107957472465709,0.10041520169454354,0.9495971170526016,0.0031113922753480284,120,140.39386652596295,0.2845550542718449,1927,False,eight training seeds,"0,1,2,3,4,5,6,7",60-109,"a=0.8,lw=1.5,r=0.04,w=0.25; a=1,lw=0.8,r=0.02,w=0.25; a=1,lw=0.8,r=0.015,w=0.25"
five_level_weak_anharmonic,train8_continuation_leak08,0.03,combined,0.001,0.0005,94,0.889216807016195,0.0019568784959880237,0.05499069240898935,0.10214978583277252,0.9489533524154923,0.0031113922753480284,120,140.39386652596295,0.2845550542718449,1927,False,eight training seeds,"0,1,2,3,4,5,6,7",60-109,"a=0.8,lw=1.5,r=0.04,w=0.25; a=1,lw=0.8,r=0.02,w=0.25; a=1,lw=0.8,r=0.015,w=0.25"
five_level_weak_anharmonic,train8_continuation_leak08,0.03,combined,0.001,0.0005,95,0.9631272531288498,0.004255193134984792,0.0753508217919634,0.0344504293494152,0.9480110696923693,0.0031113922753480284,120,140.39386652596295,0.2845550542718449,1927,False,eight training seeds,"0,1,2,3,4,5,6,7",60-109,"a=0.8,lw=1.5,r=0.04,w=0.25; a=1,lw=0.8,r=0.02,w=0.25; a=1,lw=0.8,r=0.015,w=0.25"
five_level_weak_anharmonic,train8_continuation_leak08,0.03,combined,0.001,0.0005,96,0.9682497317780431,0.0025791887420621995,0.06466069810430408,0.026855885511512998,0.9475706278522791,0.0031113922753480284,120,140.39386652596295,0.2845550542718449,1927,False,eight training seeds,"0,1,2,3,4,5,6,7",60-109,"a=0.8,lw=1.5,r=0.04,w=0.25; a=1,lw=0.8,r=0.02,w=0.25; a=1,lw=0.8,r=0.015,w=0.25"
five_level_weak_anharmonic,train8_continuation_leak08,0.03,combined,0.001,0.0005,97,0.9151941156381725,0.0031163860598677484,0.08061514136235792,0.06368703544433073,0.947263252993814,0.0031113922753480284,120,140.39386652596295,0.2845550542718449,1927,False,eight training seeds,"0,1,2,3,4,5,6,7",60-109,"a=0.8,lw=1.5,r=0.04,w=0.25; a=1,lw=0.8,r=0.02,w=0.25; a=1,lw=0.8,r=0.015,w=0.25"
five_level_weak_anharmonic,train8_continuation_leak08,0.03,combined,0.001,0.0005,98,0.9611352234832328,0.002173738119498503,0.07413689587397598,0.032013674729827885,0.9478282601910458,0.0031113922753480284,120,140.39386652596295,0.2845550542718449,1927,False,eight training seeds,"0,1,2,3,4,5,6,7",60-109,"a=0.8,lw=1.5,r=0.04,w=0.25; a=1,lw=0.8,r=0.02,w=0.25; a=1,lw=0.8,r=0.015,w=0.25"
five_level_weak_anharmonic,train8_continuation_leak08,0.03,combined,0.001,0.0005,99,0.9662053874781346,0.0023227389177307156,0.06505634656466275,0.040988077426471786,0.9489316856217022,0.0031113922753480284,120,140.39386652596295,0.2845550542718449,1927,False,eight training seeds,"0,1,2,3,4,5,6,7",60-109,"a=0.8,lw=1.5,r=0.04,w=0.25; a=1,lw=0.8,r=0.02,w=0.25; a=1,lw=0.8,r=0.015,w=0.25"
five_level_weak_anharmonic,train8_continuation_leak08,0.03,combined,0.001,0.0005,100,0.823891293321647,0.0019038434903708712,0.08499911558395623,0.1549749011057929,0.9482624107276434,0.0031113922753480284,120,140.39386652596295,0.2845550542718449,1927,False,eight training seeds,"0,1,2,3,4,5,6,7",60-109,"a=0.8,lw=1.5,r=0.04,w=0.25; a=1,lw=0.8,r=0.02,w=0.25; a=1,lw=0.8,r=0.015,w=0.25"
five_level_weak_anharmonic,train8_continuation_leak08,0.03,combined,0.001,0.0005,101,0.95442818529882,0.0034251028278816653,0.08346059606735945,0.03399325287113965,0.9482561295896075,0.0031113922753480284,120,140.39386652596295,0.2845550542718449,1927,False,eight training seeds,"0,1,2,3,4,5,6,7",60-109,"a=0.8,lw=1.5,r=0.04,w=0.25; a=1,lw=0.8,r=0.02,w=0.25; a=1,lw=0.8,r=0.015,w=0.25"
five_level_weak_anharmonic,train8_continuation_leak08,0.03,combined,0.001,0.0005,102,0.9302219098723462,0.0026009031868065025,0.06968315345808151,0.07526733190059351,0.9480143416021761,0.0031113922753480284,120,140.39386652596295,0.2845550542718449,1927,False,eight training seeds,"0,1,2,3,4,5,6,7",60-109,"a=0.8,lw=1.5,r=0.04,w=0.25; a=1,lw=0.8,r=0.02,w=0.25; a=1,lw=0.8,r=0.015,w=0.25"
five_level_weak_anharmonic,train8_continuation_leak08,0.03,combined,0.001,0.0005,103,0.9228935817134568,0.0014482063353280505,0.06200275699064206,0.09347347934299767,0.9497834410196415,0.0031113922753480284,120,140.39386652596295,0.2845550542718449,1927,False,eight training seeds,"0,1,2,3,4,5,6,7",60-109,"a=0.8,lw=1.5,r=0.04,w=0.25; a=1,lw=0.8,r=0.02,w=0.25; a=1,lw=0.8,r=0.015,w=0.25"
five_level_weak_anharmonic,train8_continuation_leak08,0.03,combined,0.001,0.0005,104,0.8458847570977863,0.0027828025377499843,0.08556822033616895,0.14302730239561678,0.9492176880469222,0.0031113922753480284,120,140.39386652596295,0.2845550542718449,1927,False,eight training seeds,"0,1,2,3,4,5,6,7",60-109,"a=0.8,lw=1.5,r=0.04,w=0.25; a=1,lw=0.8,r=0.02,w=0.25; a=1,lw=0.8,r=0.015,w=0.25"
five_level_weak_anharmonic,train8_continuation_leak08,0.03,combined,0.001,0.0005,105,0.9411135529315772,0.0026016954709723317,0.07280110618924818,0.06588949303201076,0.9481416635816842,0.0031113922753480284,120,140.39386652596295,0.2845550542718449,1927,False,eight training seeds,"0,1,2,3,4,5,6,7",60-109,"a=0.8,lw=1.5,r=0.04,w=0.25; a=1,lw=0.8,r=0.02,w=0.25; a=1,lw=0.8,r=0.015,w=0.25"
five_level_weak_anharmonic,train8_continuation_leak08,0.03,combined,0.001,0.0005,106,0.9382298495738993,0.004299467668502643,0.0838128896045921,0.0599050563371962,0.9476260129134667,0.0031113922753480284,120,140.39386652596295,0.2845550542718449,1927,False,eight training seeds,"0,1,2,3,4,5,6,7",60-109,"a=0.8,lw=1.5,r=0.04,w=0.25; a=1,lw=0.8,r=0.02,w=0.25; a=1,lw=0.8,r=0.015,w=0.25"
five_level_weak_anharmonic,train8_continuation_leak08,0.03,combined,0.001,0.0005,107,0.9545033780883928,0.0019214148793369468,0.0630718049839798,0.050928728334297,0.9494661964269114,0.0031113922753480284,120,140.39386652596295,0.2845550542718449,1927,False,eight training seeds,"0,1,2,3,4,5,6,7",60-109,"a=0.8,lw=1.5,r=0.04,w=0.25; a=1,lw=0.8,r=0.02,w=0.25; a=1,lw=0.8,r=0.015,w=0.25"
five_level_weak_anharmonic,train8_continuation_leak08,0.03,combined,0.001,0.0005,108,0.9094215334128714,0.0034086226770306816,0.05856401143750323,0.11695494303764066,0.9500041031048868,0.0031113922753480284,120,140.39386652596295,0.2845550542718449,1927,False,eight training seeds,"0,1,2,3,4,5,6,7",60-109,"a=0.8,lw=1.5,r=0.04,w=0.25; a=1,lw=0.8,r=0.02,w=0.25; a=1,lw=0.8,r=0.015,w=0.25"
five_level_weak_anharmonic,train8_continuation_leak08,0.03,combined,0.001,0.0005,109,0.9679312804371524,0.0034001718952882953,0.0643628013946802,0.026985448138769793,0.9481480033041091,0.0031113922753480284,120,140.39386652596295,0.2845550542718449,1927,False,eight training seeds,"0,1,2,3,4,5,6,7",60-109,"a=0.8,lw=1.5,r=0.04,w=0.25; a=1,lw=0.8,r=0.02,w=0.25; a=1,lw=0.8,r=0.015,w=0.25"
five_level_weak_anharmonic,hard_enriched_continuation_leak08,0.03,static_only,0.0,0.0,60,0.9657613257856515,0.0013574798756994522,0.08288452987274653,0.0356903007516602,0.9999961761104965,0.0032659672942063397,120,131.44148018653505,0.319608985798139,1942,False,four seeds plus hard samples 13 and 37,"0,1,2,3,13,37",60-109,"a=0.8,lw=1.5,r=0.04,w=0.25; a=1,lw=0.8,r=0.02,w=0.25; a=1,lw=0.8,r=0.015,w=0.25"
five_level_weak_anharmonic,hard_enriched_continuation_leak08,0.03,static_only,0.0,0.0,61,0.970569957410189,0.0014473134007295663,0.08124131488419217,0.013282041355580634,0.9999970194991796,0.0032659672942063397,120,131.44148018653505,0.319608985798139,1942,False,four seeds plus hard samples 13 and 37,"0,1,2,3,13,37",60-109,"a=0.8,lw=1.5,r=0.04,w=0.25; a=1,lw=0.8,r=0.02,w=0.25; a=1,lw=0.8,r=0.015,w=0.25"
five_level_weak_anharmonic,hard_enriched_continuation_leak08,0.03,static_only,0.0,0.0,62,0.8935206077912003,0.0005825011723459284,0.06931132701121967,0.06799593865746079,0.9999971382150604,0.0032659672942063397,120,131.44148018653505,0.319608985798139,1942,False,four seeds plus hard samples 13 and 37,"0,1,2,3,13,37",60-109,"a=0.8,lw=1.5,r=0.04,w=0.25; a=1,lw=0.8,r=0.02,w=0.25; a=1,lw=0.8,r=0.015,w=0.25"
five_level_weak_anharmonic,hard_enriched_continuation_leak08,0.03,static_only,0.0,0.0,63,0.9514666016052601,0.0019639250942488085,0.0610880713641927,0.03804647912446169,0.9999964533496492,0.0032659672942063397,120,131.44148018653505,0.319608985798139,1942,False,four seeds plus hard samples 13 and 37,"0,1,2,3,13,37",60-109,"a=0.8,lw=1.5,r=0.04,w=0.25; a=1,lw=0.8,r=0.02,w=0.25; a=1,lw=0.8,r=0.015,w=0.25"
five_level_weak_anharmonic,hard_enriched_continuation_leak08,0.03,static_only,0.0,0.0,64,0.9268617772039237,0.0034498652118456485,0.06791707432543626,0.03695121209553616,0.9999972022679977,0.0032659672942063397,120,131.44148018653505,0.319608985798139,1942,False,four seeds plus hard samples 13 and 37,"0,1,2,3,13,37",60-109,"a=0.8,lw=1.5,r=0.04,w=0.25; a=1,lw=0.8,r=0.02,w=0.25; a=1,lw=0.8,r=0.015,w=0.25"
five_level_weak_anharmonic,hard_enriched_continuation_leak08,0.03,static_only,0.0,0.0,65,0.9856190189666929,0.002748092392626078,0.09887838934993076,0.016537995732560252,0.9999962255936625,0.0032659672942063397,120,131.44148018653505,0.319608985798139,1942,False,four seeds plus hard samples 13 and 37,"0,1,2,3,13,37",60-109,"a=0.8,lw=1.5,r=0.04,w=0.25; a=1,lw=0.8,r=0.02,w=0.25; a=1,lw=0.8,r=0.015,w=0.25"
five_level_weak_anharmonic,hard_enriched_continuation_leak08,0.03,static_only,0.0,0.0,66,0.9798395880662035,0.0025658818687281926,0.07188294329800882,0.020850759245944414,0.9999967255082248,0.0032659672942063397,120,131.44148018653505,0.319608985798139,1942,False,four seeds plus hard samples 13 and 37,"0,1,2,3,13,37",60-109,"a=0.8,lw=1.5,r=0.04,w=0.25; a=1,lw=0.8,r=0.02,w=0.25; a=1,lw=0.8,r=0.015,w=0.25"
five_level_weak_anharmonic,hard_enriched_continuation_leak08,0.03,static_only,0.0,0.0,67,0.9171719406267254,0.004160899473206303,0.0878728633120085,0.0483677262952986,0.9999965550261825,0.0032659672942063397,120,131.44148018653505,0.319608985798139,1942,False,four seeds plus hard samples 13 and 37,"0,1,2,3,13,37",60-109,"a=0.8,lw=1.5,r=0.04,w=0.25; a=1,lw=0.8,r=0.02,w=0.25; a=1,lw=0.8,r=0.015,w=0.25"
five_level_weak_anharmonic,hard_enriched_continuation_leak08,0.03,static_only,0.0,0.0,68,0.9393487492761807,0.0006647180150346488,0.06192442140045462,0.0702520853335669,0.9999971745769867,0.0032659672942063397,120,131.44148018653505,0.319608985798139,1942,False,four seeds plus hard samples 13 and 37,"0,1,2,3,13,37",60-109,"a=0.8,lw=1.5,r=0.04,w=0.25; a=1,lw=0.8,r=0.02,w=0.25; a=1,lw=0.8,r=0.015,w=0.25"
five_level_weak_anharmonic,hard_enriched_continuation_leak08,0.03,static_only,0.0,0.0,69,0.9852300052707192,0.0017005913507210924,0.07940372799698825,0.014438265438582948,0.9999968155005766,0.0032659672942063397,120,131.44148018653505,0.319608985798139,1942,False,four seeds plus hard samples 13 and 37,"0,1,2,3,13,37",60-109,"a=0.8,lw=1.5,r=0.04,w=0.25; a=1,lw=0.8,r=0.02,w=0.25; a=1,lw=0.8,r=0.015,w=0.25"
five_level_weak_anharmonic,hard_enriched_continuation_leak08,0.03,static_only,0.0,0.0,70,0.9017098785844553,0.0015273056641907923,0.07945606502418223,0.0629023977864283,0.9999965855235351,0.0032659672942063397,120,131.44148018653505,0.319608985798139,1942,False,four seeds plus hard samples 13 and 37,"0,1,2,3,13,37",60-109,"a=0.8,lw=1.5,r=0.04,w=0.25; a=1,lw=0.8,r=0.02,w=0.25; a=1,lw=0.8,r=0.015,w=0.25"
five_level_weak_anharmonic,hard_enriched_continuation_leak08,0.03,static_only,0.0,0.0,71,0.9706238188513495,0.004848869035506076,0.10249953114114585,0.02055495078671488,0.9999968709114215,0.0032659672942063397,120,131.44148018653505,0.319608985798139,1942,False,four seeds plus hard samples 13 and 37,"0,1,2,3,13,37",60-109,"a=0.8,lw=1.5,r=0.04,w=0.25; a=1,lw=0.8,r=0.02,w=0.25; a=1,lw=0.8,r=0.015,w=0.25"
five_level_weak_anharmonic,hard_enriched_continuation_leak08,0.03,static_only,0.0,0.0,72,0.9952742355631261,0.002754891376195112,0.08295749837949606,0.006669781660661007,0.9999964427963409,0.0032659672942063397,120,131.44148018653505,0.319608985798139,1942,False,four seeds plus hard samples 13 and 37,"0,1,2,3,13,37",60-109,"a=0.8,lw=1.5,r=0.04,w=0.25; a=1,lw=0.8,r=0.02,w=0.25; a=1,lw=0.8,r=0.015,w=0.25"
five_level_weak_anharmonic,hard_enriched_continuation_leak08,0.03,static_only,0.0,0.0,73,0.9740932841631267,0.002572244336527918,0.07192623604048864,0.018008355050165563,0.999996678027529,0.0032659672942063397,120,131.44148018653505,0.319608985798139,1942,False,four seeds plus hard samples 13 and 37,"0,1,2,3,13,37",60-109,"a=0.8,lw=1.5,r=0.04,w=0.25; a=1,lw=0.8,r=0.02,w=0.25; a=1,lw=0.8,r=0.015,w=0.25"
five_level_weak_anharmonic,hard_enriched_continuation_leak08,0.03,static_only,0.0,0.0,74,0.9616111769208829,0.0036101230665868123,0.0820777879635064,0.0329508825355793,0.9999965603297318,0.0032659672942063397,120,131.44148018653505,0.319608985798139,1942,False,four seeds plus hard samples 13 and 37,"0,1,2,3,13,37",60-109,"a=0.8,lw=1.5,r=0.04,w=0.25; a=1,lw=0.8,r=0.02,w=0.25; a=1,lw=0.8,r=0.015,w=0.25"
five_level_weak_anharmonic,hard_enriched_continuation_leak08,0.03,static_only,0.0,0.0,75,0.9552305098087792,0.001284602152299641,0.07165563003688091,0.02935174844877217,0.9999966313089879,0.0032659672942063397,120,131.44148018653505,0.319608985798139,1942,False,four seeds plus hard samples 13 and 37,"0,1,2,3,13,37",60-109,"a=0.8,lw=1.5,r=0.04,w=0.25; a=1,lw=0.8,r=0.02,w=0.25; a=1,lw=0.8,r=0.015,w=0.25"
five_level_weak_anharmonic,hard_enriched_continuation_leak08,0.03,static_only,0.0,0.0,76,0.990919805921625,0.0010634235254276536,0.06936628864556149,0.015770344227828307,0.9999958208824459,0.0032659672942063397,120,131.44148018653505,0.319608985798139,1942,False,four seeds plus hard samples 13 and 37,"0,1,2,3,13,37",60-109,"a=0.8,lw=1.5,r=0.04,w=0.25; a=1,lw=0.8,r=0.02,w=0.25; a=1,lw=0.8,r=0.015,w=0.25"
five_level_weak_anharmonic,hard_enriched_continuation_leak08,0.03,static_only,0.0,0.0,77,0.98602299383117,0.0010897562877167921,0.07845397901251627,0.007416290901111182,0.9999970955932603,0.0032659672942063397,120,131.44148018653505,0.319608985798139,1942,False,four seeds plus hard samples 13 and 37,"0,1,2,3,13,37",60-109,"a=0.8,lw=1.5,r=0.04,w=0.25; a=1,lw=0.8,r=0.02,w=0.25; a=1,lw=0.8,r=0.015,w=0.25"
five_level_weak_anharmonic,hard_enriched_continuation_leak08,0.03,static_only,0.0,0.0,78,0.9763299608068556,0.002673900181256572,0.07305700293717776,0.030287726682426252,0.9999955235365109,0.0032659672942063397,120,131.44148018653505,0.319608985798139,1942,False,four seeds plus hard samples 13 and 37,"0,1,2,3,13,37",60-109,"a=0.8,lw=1.5,r=0.04,w=0.25; a=1,lw=0.8,r=0.02,w=0.25; a=1,lw=0.8,r=0.015,w=0.25"
five_level_weak_anharmonic,hard_enriched_continuation_leak08,0.03,static_only,0.0,0.0,79,0.977838514196907,0.0027636541013077442,0.06962036073203626,0.035124639393982506,0.9999974417412039,0.0032659672942063397,120,131.44148018653505,0.319608985798139,1942,False,four seeds plus hard samples 13 and 37,"0,1,2,3,13,37",60-109,"a=0.8,lw=1.5,r=0.04,w=0.25; a=1,lw=0.8,r=0.02,w=0.25; a=1,lw=0.8,r=0.015,w=0.25"
five_level_weak_anharmonic,hard_enriched_continuation_leak08,0.03,static_only,0.0,0.0,80,0.9296821620003874,0.002382653699877002,0.059579434037869916,0.09266602030164561,0.9999977067281876,0.0032659672942063397,120,131.44148018653505,0.319608985798139,1942,False,four seeds plus hard samples 13 and 37,"0,1,2,3,13,37",60-109,"a=0.8,lw=1.5,r=0.04,w=0.25; a=1,lw=0.8,r=0.02,w=0.25; a=1,lw=0.8,r=0.015,w=0.25"
five_level_weak_anharmonic,hard_enriched_continuation_leak08,0.03,static_only,0.0,0.0,81,0.8867364205569745,0.0034121827980636565,0.05751025616511907,0.10876899108773207,0.9999962437654943,0.0032659672942063397,120,131.44148018653505,0.319608985798139,1942,False,four seeds plus hard samples 13 and 37,"0,1,2,3,13,37",60-109,"a=0.8,lw=1.5,r=0.04,w=0.25; a=1,lw=0.8,r=0.02,w=0.25; a=1,lw=0.8,r=0.015,w=0.25"
five_level_weak_anharmonic,hard_enriched_continuation_leak08,0.03,static_only,0.0,0.0,82,0.9466885360045125,0.002132083301564336,0.07180862505195285,0.04908377916666937,0.9999974491291949,0.0032659672942063397,120,131.44148018653505,0.319608985798139,1942,False,four seeds plus hard samples 13 and 37,"0,1,2,3,13,37",60-109,"a=0.8,lw=1.5,r=0.04,w=0.25; a=1,lw=0.8,r=0.02,w=0.25; a=1,lw=0.8,r=0.015,w=0.25"
five_level_weak_anharmonic,hard_enriched_continuation_leak08,0.03,static_only,0.0,0.0,83,0.9722278444184241,0.002983719517344552,0.09472708427522747,0.022155935612493974,0.99999620116871,0.0032659672942063397,120,131.44148018653505,0.319608985798139,1942,False,four seeds plus hard samples 13 and 37,"0,1,2,3,13,37",60-109,"a=0.8,lw=1.5,r=0.04,w=0.25; a=1,lw=0.8,r=0.02,w=0.25; a=1,lw=0.8,r=0.015,w=0.25"
five_level_weak_anharmonic,hard_enriched_continuation_leak08,0.03,static_only,0.0,0.0,84,0.9967847281074432,0.002650334239762131,0.06502827264577293,0.002875681745106018,0.9999969694686169,0.0032659672942063397,120,131.44148018653505,0.319608985798139,1942,False,four seeds plus hard samples 13 and 37,"0,1,2,3,13,37",60-109,"a=0.8,lw=1.5,r=0.04,w=0.25; a=1,lw=0.8,r=0.02,w=0.25; a=1,lw=0.8,r=0.015,w=0.25"
five_level_weak_anharmonic,hard_enriched_continuation_leak08,0.03,static_only,0.0,0.0,85,0.8808212869389205,0.0022792631694089627,0.06004690034201188,0.13671002478672092,0.9999976791515063,0.0032659672942063397,120,131.44148018653505,0.319608985798139,1942,False,four seeds plus hard samples 13 and 37,"0,1,2,3,13,37",60-109,"a=0.8,lw=1.5,r=0.04,w=0.25; a=1,lw=0.8,r=0.02,w=0.25; a=1,lw=0.8,r=0.015,w=0.25"
five_level_weak_anharmonic,hard_enriched_continuation_leak08,0.03,static_only,0.0,0.0,86,0.907564621006773,0.0016967234795605135,0.07830005357875935,0.06950077533531633,0.9999958405122896,0.0032659672942063397,120,131.44148018653505,0.319608985798139,1942,False,four seeds plus hard samples 13 and 37,"0,1,2,3,13,37",60-109,"a=0.8,lw=1.5,r=0.04,w=0.25; a=1,lw=0.8,r=0.02,w=0.25; a=1,lw=0.8,r=0.015,w=0.25"
five_level_weak_anharmonic,hard_enriched_continuation_leak08,0.03,static_only,0.0,0.0,87,0.9975349871933693,0.001589708889942143,0.0691331118910321,0.004799683913757415,0.9999970816925966,0.0032659672942063397,120,131.44148018653505,0.319608985798139,1942,False,four seeds plus hard samples 13 and 37,"0,1,2,3,13,37",60-109,"a=0.8,lw=1.5,r=0.04,w=0.25; a=1,lw=0.8,r=0.02,w=0.25; a=1,lw=0.8,r=0.015,w=0.25"
five_level_weak_anharmonic,hard_enriched_continuation_leak08,0.03,static_only,0.0,0.0,88,0.9079094982219648,0.001433320601404886,0.0770864443393986,0.04777930883990466,0.999997021027186,0.0032659672942063397,120,131.44148018653505,0.319608985798139,1942,False,four seeds plus hard samples 13 and 37,"0,1,2,3,13,37",60-109,"a=0.8,lw=1.5,r=0.04,w=0.25; a=1,lw=0.8,r=0.02,w=0.25; a=1,lw=0.8,r=0.015,w=0.25"
five_level_weak_anharmonic,hard_enriched_continuation_leak08,0.03,static_only,0.0,0.0,89,0.9153720335261302,0.0020444813668496487,0.05827889880937631,0.06999820740905666,0.9999964538244424,0.0032659672942063397,120,131.44148018653505,0.319608985798139,1942,False,four seeds plus hard samples 13 and 37,"0,1,2,3,13,37",60-109,"a=0.8,lw=1.5,r=0.04,w=0.25; a=1,lw=0.8,r=0.02,w=0.25; a=1,lw=0.8,r=0.015,w=0.25"
five_level_weak_anharmonic,hard_enriched_continuation_leak08,0.03,static_only,0.0,0.0,90,0.889097483150301,0.0013362848994543652,0.06498405840133392,0.1046902438810059,0.9999966912018237,0.0032659672942063397,120,131.44148018653505,0.319608985798139,1942,False,four seeds plus hard samples 13 and 37,"0,1,2,3,13,37",60-109,"a=0.8,lw=1.5,r=0.04,w=0.25; a=1,lw=0.8,r=0.02,w=0.25; a=1,lw=0.8,r=0.015,w=0.25"
five_level_weak_anharmonic,hard_enriched_continuation_leak08,0.03,static_only,0.0,0.0,91,0.9793566499846823,0.0019597272179832093,0.07284875189394802,0.016902479742415464,0.9999963155067453,0.0032659672942063397,120,131.44148018653505,0.319608985798139,1942,False,four seeds plus hard samples 13 and 37,"0,1,2,3,13,37",60-109,"a=0.8,lw=1.5,r=0.04,w=0.25; a=1,lw=0.8,r=0.02,w=0.25; a=1,lw=0.8,r=0.015,w=0.25"
five_level_weak_anharmonic,hard_enriched_continuation_leak08,0.03,static_only,0.0,0.0,92,0.9694362346921053,0.0017743953438307258,0.06905278960492112,0.019853951779432957,0.9999968804085584,0.0032659672942063397,120,131.44148018653505,0.319608985798139,1942,False,four seeds plus hard samples 13 and 37,"0,1,2,3,13,37",60-109,"a=0.8,lw=1.5,r=0.04,w=0.25; a=1,lw=0.8,r=0.02,w=0.25; a=1,lw=0.8,r=0.015,w=0.25"
five_level_weak_anharmonic,hard_enriched_continuation_leak08,0.03,static_only,0.0,0.0,93,0.9373439386582687,0.0025844326093750203,0.07303440960050045,0.0705558069563314,0.9999968143015291,0.0032659672942063397,120,131.44148018653505,0.319608985798139,1942,False,four seeds plus hard samples 13 and 37,"0,1,2,3,13,37",60-109,"a=0.8,lw=1.5,r=0.04,w=0.25; a=1,lw=0.8,r=0.02,w=0.25; a=1,lw=0.8,r=0.015,w=0.25"
five_level_weak_anharmonic,hard_enriched_continuation_leak08,0.03,static_only,0.0,0.0,94,0.9359254710810411,0.001494573432018087,0.053775361015169665,0.06058344143722247,0.9999975425888471,0.0032659672942063397,120,131.44148018653505,0.319608985798139,1942,False,four seeds plus hard samples 13 and 37,"0,1,2,3,13,37",60-109,"a=0.8,lw=1.5,r=0.04,w=0.25; a=1,lw=0.8,r=0.02,w=0.25; a=1,lw=0.8,r=0.015,w=0.25"
five_level_weak_anharmonic,hard_enriched_continuation_leak08,0.03,static_only,0.0,0.0,95,0.9762173285548951,0.003305452199969139,0.07719482517864362,0.01886818159056384,0.999996818177628,0.0032659672942063397,120,131.44148018653505,0.319608985798139,1942,False,four seeds plus hard samples 13 and 37,"0,1,2,3,13,37",60-109,"a=0.8,lw=1.5,r=0.04,w=0.25; a=1,lw=0.8,r=0.02,w=0.25; a=1,lw=0.8,r=0.015,w=0.25"
five_level_weak_anharmonic,hard_enriched_continuation_leak08,0.03,static_only,0.0,0.0,96,0.9904937958069506,0.0012697084832952177,0.06296641367116229,0.00766603463288035,0.9999964760713763,0.0032659672942063397,120,131.44148018653505,0.319608985798139,1942,False,four seeds plus hard samples 13 and 37,"0,1,2,3,13,37",60-109,"a=0.8,lw=1.5,r=0.04,w=0.25; a=1,lw=0.8,r=0.02,w=0.25; a=1,lw=0.8,r=0.015,w=0.25"
five_level_weak_anharmonic,hard_enriched_continuation_leak08,0.03,static_only,0.0,0.0,97,0.9212654898131543,0.0026190836037585097,0.08024190473451442,0.05613705092258635,0.9999965571298346,0.0032659672942063397,120,131.44148018653505,0.319608985798139,1942,False,four seeds plus hard samples 13 and 37,"0,1,2,3,13,37",60-109,"a=0.8,lw=1.5,r=0.04,w=0.25; a=1,lw=0.8,r=0.02,w=0.25; a=1,lw=0.8,r=0.015,w=0.25"
five_level_weak_anharmonic,hard_enriched_continuation_leak08,0.03,static_only,0.0,0.0,98,0.9886882615129482,0.0009256104273018817,0.07557247639593356,0.006391964455075771,0.9999967393678345,0.0032659672942063397,120,131.44148018653505,0.319608985798139,1942,False,four seeds plus hard samples 13 and 37,"0,1,2,3,13,37",60-109,"a=0.8,lw=1.5,r=0.04,w=0.25; a=1,lw=0.8,r=0.02,w=0.25; a=1,lw=0.8,r=0.015,w=0.25"
five_level_weak_anharmonic,hard_enriched_continuation_leak08,0.03,static_only,0.0,0.0,99,0.996688620670841,0.0009405805155702218,0.06437420784546355,0.01106534224198989,0.9999970118683043,0.0032659672942063397,120,131.44148018653505,0.319608985798139,1942,False,four seeds plus hard samples 13 and 37,"0,1,2,3,13,37",60-109,"a=0.8,lw=1.5,r=0.04,w=0.25; a=1,lw=0.8,r=0.02,w=0.25; a=1,lw=0.8,r=0.015,w=0.25"
five_level_weak_anharmonic,hard_enriched_continuation_leak08,0.03,static_only,0.0,0.0,100,0.8121016444685865,0.0008923411961692107,0.08564851281583996,0.16068752731857952,0.999995762250553,0.0032659672942063397,120,131.44148018653505,0.319608985798139,1942,False,four seeds plus hard samples 13 and 37,"0,1,2,3,13,37",60-109,"a=0.8,lw=1.5,r=0.04,w=0.25; a=1,lw=0.8,r=0.02,w=0.25; a=1,lw=0.8,r=0.015,w=0.25"
five_level_weak_anharmonic,hard_enriched_continuation_leak08,0.03,static_only,0.0,0.0,101,0.9591487978564817,0.0020679720442803307,0.08534744869269728,0.024917601243075654,0.9999969495919087,0.0032659672942063397,120,131.44148018653505,0.319608985798139,1942,False,four seeds plus hard samples 13 and 37,"0,1,2,3,13,37",60-109,"a=0.8,lw=1.5,r=0.04,w=0.25; a=1,lw=0.8,r=0.02,w=0.25; a=1,lw=0.8,r=0.015,w=0.25"
five_level_weak_anharmonic,hard_enriched_continuation_leak08,0.03,static_only,0.0,0.0,102,0.9590463861267221,0.0019083959395908012,0.0693164219140896,0.04713340852416282,0.9999965832532522,0.0032659672942063397,120,131.44148018653505,0.319608985798139,1942,False,four seeds plus hard samples 13 and 37,"0,1,2,3,13,37",60-109,"a=0.8,lw=1.5,r=0.04,w=0.25; a=1,lw=0.8,r=0.02,w=0.25; a=1,lw=0.8,r=0.015,w=0.25"
five_level_weak_anharmonic,hard_enriched_continuation_leak08,0.03,static_only,0.0,0.0,103,0.9726786611476653,0.000677992787271986,0.062356599739442076,0.04363088117810559,0.9999975702787092,0.0032659672942063397,120,131.44148018653505,0.319608985798139,1942,False,four seeds plus hard samples 13 and 37,"0,1,2,3,13,37",60-109,"a=0.8,lw=1.5,r=0.04,w=0.25; a=1,lw=0.8,r=0.02,w=0.25; a=1,lw=0.8,r=0.015,w=0.25"
five_level_weak_anharmonic,hard_enriched_continuation_leak08,0.03,static_only,0.0,0.0,104,0.8482828794436953,0.001512111807276062,0.08433580604465729,0.13398696229168666,0.9999961830316252,0.0032659672942063397,120,131.44148018653505,0.319608985798139,1942,False,four seeds plus hard samples 13 and 37,"0,1,2,3,13,37",60-109,"a=0.8,lw=1.5,r=0.04,w=0.25; a=1,lw=0.8,r=0.02,w=0.25; a=1,lw=0.8,r=0.015,w=0.25"
five_level_weak_anharmonic,hard_enriched_continuation_leak08,0.03,static_only,0.0,0.0,105,0.9671157938242788,0.0015597208728829193,0.0734987930850044,0.04015522880953625,0.9999965806450858,0.0032659672942063397,120,131.44148018653505,0.319608985798139,1942,False,four seeds plus hard samples 13 and 37,"0,1,2,3,13,37",60-109,"a=0.8,lw=1.5,r=0.04,w=0.25; a=1,lw=0.8,r=0.02,w=0.25; a=1,lw=0.8,r=0.015,w=0.25"
five_level_weak_anharmonic,hard_enriched_continuation_leak08,0.03,static_only,0.0,0.0,106,0.9763954389639208,0.0029809102049610514,0.0838214881680106,0.024637695421329275,0.999997080887166,0.0032659672942063397,120,131.44148018653505,0.319608985798139,1942,False,four seeds plus hard samples 13 and 37,"0,1,2,3,13,37",60-109,"a=0.8,lw=1.5,r=0.04,w=0.25; a=1,lw=0.8,r=0.02,w=0.25; a=1,lw=0.8,r=0.015,w=0.25"
five_level_weak_anharmonic,hard_enriched_continuation_leak08,0.03,static_only,0.0,0.0,107,0.9683243934164001,0.0011009826561328984,0.06312921238282498,0.031868431172982686,0.9999968976941289,0.0032659672942063397,120,131.44148018653505,0.319608985798139,1942,False,four seeds plus hard samples 13 and 37,"0,1,2,3,13,37",60-109,"a=0.8,lw=1.5,r=0.04,w=0.25; a=1,lw=0.8,r=0.02,w=0.25; a=1,lw=0.8,r=0.015,w=0.25"
five_level_weak_anharmonic,hard_enriched_continuation_leak08,0.03,static_only,0.0,0.0,108,0.9619747983340455,0.0031861751302245667,0.059421039522917996,0.06236942993786712,0.9999976699751555,0.0032659672942063397,120,131.44148018653505,0.319608985798139,1942,False,four seeds plus hard samples 13 and 37,"0,1,2,3,13,37",60-109,"a=0.8,lw=1.5,r=0.04,w=0.25; a=1,lw=0.8,r=0.02,w=0.25; a=1,lw=0.8,r=0.015,w=0.25"
five_level_weak_anharmonic,hard_enriched_continuation_leak08,0.03,static_only,0.0,0.0,109,0.991637476517738,0.0020201047318875176,0.06353808349203227,0.0043527928608461065,0.9999969883615226,0.0032659672942063397,120,131.44148018653505,0.319608985798139,1942,False,four seeds plus hard samples 13 and 37,"0,1,2,3,13,37",60-109,"a=0.8,lw=1.5,r=0.04,w=0.25; a=1,lw=0.8,r=0.02,w=0.25; a=1,lw=0.8,r=0.015,w=0.25"
five_level_weak_anharmonic,hard_enriched_continuation_leak08,0.03,deph_0.001,0.001,0.0,60,0.9598483318685656,0.002532690901704937,0.08342179123310811,0.04138324293505573,0.9867641091320994,0.0032659672942063397,120,131.44148018653505,0.319608985798139,1942,False,four seeds plus hard samples 13 and 37,"0,1,2,3,13,37",60-109,"a=0.8,lw=1.5,r=0.04,w=0.25; a=1,lw=0.8,r=0.02,w=0.25; a=1,lw=0.8,r=0.015,w=0.25"
five_level_weak_anharmonic,hard_enriched_continuation_leak08,0.03,deph_0.001,0.001,0.0,61,0.9636508557421782,0.0025778951611894474,0.08171853770565773,0.020169473598644565,0.9861005174782743,0.0032659672942063397,120,131.44148018653505,0.319608985798139,1942,False,four seeds plus hard samples 13 and 37,"0,1,2,3,13,37",60-109,"a=0.8,lw=1.5,r=0.04,w=0.25; a=1,lw=0.8,r=0.02,w=0.25; a=1,lw=0.8,r=0.015,w=0.25"
five_level_weak_anharmonic,hard_enriched_continuation_leak08,0.03,deph_0.001,0.001,0.0,62,0.8880033363780425,0.0015076847986271735,0.06971436457279467,0.07398561019750398,0.9838517647737969,0.0032659672942063397,120,131.44148018653505,0.319608985798139,1942,False,four seeds plus hard samples 13 and 37,"0,1,2,3,13,37",60-109,"a=0.8,lw=1.5,r=0.04,w=0.25; a=1,lw=0.8,r=0.02,w=0.25; a=1,lw=0.8,r=0.015,w=0.25"
five_level_weak_anharmonic,hard_enriched_continuation_leak08,0.03,deph_0.001,0.001,0.0,63,0.9463244984532663,0.0028126202660067046,0.06159068470142226,0.04322224564442813,0.9887447897014211,0.0032659672942063397,120,131.44148018653505,0.319608985798139,1942,False,four seeds plus hard samples 13 and 37,"0,1,2,3,13,37",60-109,"a=0.8,lw=1.5,r=0.04,w=0.25; a=1,lw=0.8,r=0.02,w=0.25; a=1,lw=0.8,r=0.015,w=0.25"
five_level_weak_anharmonic,hard_enriched_continuation_leak08,0.03,deph_0.001,0.001,0.0,64,0.9208760349603626,0.004488417965117786,0.06848132121933537,0.04321493104148965,0.9863320686108676,0.0032659672942063397,120,131.44148018653505,0.319608985798139,1942,False,four seeds plus hard samples 13 and 37,"0,1,2,3,13,37",60-109,"a=0.8,lw=1.5,r=0.04,w=0.25; a=1,lw=0.8,r=0.02,w=0.25; a=1,lw=0.8,r=0.015,w=0.25"
five_level_weak_anharmonic,hard_enriched_continuation_leak08,0.03,deph_0.001,0.001,0.0,65,0.980400664828878,0.004011132595694078,0.09940257954991405,0.021759493219493605,0.9886404550861384,0.0032659672942063397,120,131.44148018653505,0.319608985798139,1942,False,four seeds plus hard samples 13 and 37,"0,1,2,3,13,37",60-109,"a=0.8,lw=1.5,r=0.04,w=0.25; a=1,lw=0.8,r=0.02,w=0.25; a=1,lw=0.8,r=0.015,w=0.25"
five_level_weak_anharmonic,hard_enriched_continuation_leak08,0.03,deph_0.001,0.001,0.0,66,0.973003577065357,0.0036687253551188626,0.07243906340329787,0.02722763238332855,0.9856400415423315,0.0032659672942063397,120,131.44148018653505,0.319608985798139,1942,False,four seeds plus hard samples 13 and 37,"0,1,2,3,13,37",60-109,"a=0.8,lw=1.5,r=0.04,w=0.25; a=1,lw=0.8,r=0.02,w=0.25; a=1,lw=0.8,r=0.015,w=0.25"
five_level_weak_anharmonic,hard_enriched_continuation_leak08,0.03,deph_0.001,0.001,0.0,67,0.9120147089365401,0.005511993874750765,0.0883892766456742,0.05404698796011639,0.986420552002967,0.0032659672942063397,120,131.44148018653505,0.319608985798139,1942,False,four seeds plus hard samples 13 and 37,"0,1,2,3,13,37",60-109,"a=0.8,lw=1.5,r=0.04,w=0.25; a=1,lw=0.8,r=0.02,w=0.25; a=1,lw=0.8,r=0.015,w=0.25"
five_level_weak_anharmonic,hard_enriched_continuation_leak08,0.03,deph_0.001,0.001,0.0,68,0.932571853583606,0.0016410951169628651,0.062403629046917874,0.07641378631428865,0.9810478671685173,0.0032659672942063397,120,131.44148018653505,0.319608985798139,1942,False,four seeds plus hard samples 13 and 37,"0,1,2,3,13,37",60-109,"a=0.8,lw=1.5,r=0.04,w=0.25; a=1,lw=0.8,r=0.02,w=0.25; a=1,lw=0.8,r=0.015,w=0.25"
five_level_weak_anharmonic,hard_enriched_continuation_leak08,0.03,deph_0.001,0.001,0.0,69,0.9783578419889333,0.002874412035870133,0.07989058225450985,0.021043444708450695,0.9862230937960148,0.0032659672942063397,120,131.44148018653505,0.319608985798139,1942,False,four seeds plus hard samples 13 and 37,"0,1,2,3,13,37",60-109,"a=0.8,lw=1.5,r=0.04,w=0.25; a=1,lw=0.8,r=0.02,w=0.25; a=1,lw=0.8,r=0.015,w=0.25"
five_level_weak_anharmonic,hard_enriched_continuation_leak08,0.03,deph_0.001,0.001,0.0,70,0.8964212049001643,0.002698054435855801,0.07992984586159557,0.06859297478850278,0.9866282710131372,0.0032659672942063397,120,131.44148018653505,0.319608985798139,1942,False,four seeds plus hard samples 13 and 37,"0,1,2,3,13,37",60-109,"a=0.8,lw=1.5,r=0.04,w=0.25; a=1,lw=0.8,r=0.02,w=0.25; a=1,lw=0.8,r=0.015,w=0.25"
five_level_weak_anharmonic,hard_enriched_continuation_leak08,0.03,deph_0.001,0.001,0.0,71,0.9644708692930695,0.006150212352713513,0.10302669364878936,0.026624482727181494,0.9870115903188128,0.0032659672942063397,120,131.44148018653505,0.319608985798139,1942,False,four seeds plus hard samples 13 and 37,"0,1,2,3,13,37",60-109,"a=0.8,lw=1.5,r=0.04,w=0.25; a=1,lw=0.8,r=0.02,w=0.25; a=1,lw=0.8,r=0.015,w=0.25"
five_level_weak_anharmonic,hard_enriched_continuation_leak08,0.03,deph_0.001,0.001,0.0,72,0.9894705312437305,0.003986206449812291,0.08344324171314277,0.012475061367380915,0.9882041340770933,0.0032659672942063397,120,131.44148018653505,0.319608985798139,1942,False,four seeds plus hard samples 13 and 37,"0,1,2,3,13,37",60-109,"a=0.8,lw=1.5,r=0.04,w=0.25; a=1,lw=0.8,r=0.02,w=0.25; a=1,lw=0.8,r=0.015,w=0.25"
five_level_weak_anharmonic,hard_enriched_continuation_leak08,0.03,deph_0.001,0.001,0.0,73,0.9694942072625136,0.0036595469331479613,0.07236156536719474,0.022844325853908956,0.9888647575418625,0.0032659672942063397,120,131.44148018653505,0.319608985798139,1942,False,four seeds plus hard samples 13 and 37,"0,1,2,3,13,37",60-109,"a=0.8,lw=1.5,r=0.04,w=0.25; a=1,lw=0.8,r=0.02,w=0.25; a=1,lw=0.8,r=0.015,w=0.25"
five_level_weak_anharmonic,hard_enriched_continuation_leak08,0.03,deph_0.001,0.001,0.0,74,0.9556982443158013,0.004624674792898076,0.08264217328346368,0.038769356510088435,0.9871261783498751,0.0032659672942063397,120,131.44148018653505,0.319608985798139,1942,False,four seeds plus hard samples 13 and 37,"0,1,2,3,13,37",60-109,"a=0.8,lw=1.5,r=0.04,w=0.25; a=1,lw=0.8,r=0.02,w=0.25; a=1,lw=0.8,r=0.015,w=0.25"
five_level_weak_anharmonic,hard_enriched_continuation_leak08,0.03,deph_0.001,0.001,0.0,75,0.9504580763282335,0.0023300212755388294,0.07211877680188516,0.03444177321871616,0.9882528334629417,0.0032659672942063397,120,131.44148018653505,0.319608985798139,1942,False,four seeds plus hard samples 13 and 37,"0,1,2,3,13,37",60-109,"a=0.8,lw=1.5,r=0.04,w=0.25; a=1,lw=0.8,r=0.02,w=0.25; a=1,lw=0.8,r=0.015,w=0.25"
five_level_weak_anharmonic,hard_enriched_continuation_leak08,0.03,deph_0.001,0.001,0.0,76,0.9861791977720626,0.0021417990058382186,0.0698701105905919,0.020393923102378374,0.9899668179299514,0.0032659672942063397,120,131.44148018653505,0.319608985798139,1942,False,four seeds plus hard samples 13 and 37,"0,1,2,3,13,37",60-109,"a=0.8,lw=1.5,r=0.04,w=0.25; a=1,lw=0.8,r=0.02,w=0.25; a=1,lw=0.8,r=0.015,w=0.25"
five_level_weak_anharmonic,hard_enriched_continuation_leak08,0.03,deph_0.001,0.001,0.0,77,0.9795874397182999,0.0022138406250757914,0.07891332310101073,0.013813535234596816,0.9867736322296615,0.0032659672942063397,120,131.44148018653505,0.319608985798139,1942,False,four seeds plus hard samples 13 and 37,"0,1,2,3,13,37",60-109,"a=0.8,lw=1.5,r=0.04,w=0.25; a=1,lw=0.8,r=0.02,w=0.25; a=1,lw=0.8,r=0.015,w=0.25"
five_level_weak_anharmonic,hard_enriched_continuation_leak08,0.03,deph_0.001,0.001,0.0,78,0.9712179554568625,0.0038252785604406814,0.07293966756652193,0.035220568055594946,0.9885769360747069,0.0032659672942063397,120,131.44148018653505,0.319608985798139,1942,False,four seeds plus hard samples 13 and 37,"0,1,2,3,13,37",60-109,"a=0.8,lw=1.5,r=0.04,w=0.25; a=1,lw=0.8,r=0.02,w=0.25; a=1,lw=0.8,r=0.015,w=0.25"
five_level_weak_anharmonic,hard_enriched_continuation_leak08,0.03,deph_0.001,0.001,0.0,79,0.970893587601309,0.0036879069278834553,0.07014628750565644,0.041553388468296676,0.9823935654170681,0.0032659672942063397,120,131.44148018653505,0.319608985798139,1942,False,four seeds plus hard samples 13 and 37,"0,1,2,3,13,37",60-109,"a=0.8,lw=1.5,r=0.04,w=0.25; a=1,lw=0.8,r=0.02,w=0.25; a=1,lw=0.8,r=0.015,w=0.25"
five_level_weak_anharmonic,hard_enriched_continuation_leak08,0.03,deph_0.001,0.001,0.0,80,0.9233764723750246,0.0031545138113702187,0.06006920966688489,0.09821961010360977,0.9791574599991499,0.0032659672942063397,120,131.44148018653505,0.319608985798139,1942,False,four seeds plus hard samples 13 and 37,"0,1,2,3,13,37",60-109,"a=0.8,lw=1.5,r=0.04,w=0.25; a=1,lw=0.8,r=0.02,w=0.25; a=1,lw=0.8,r=0.015,w=0.25"
five_level_weak_anharmonic,hard_enriched_continuation_leak08,0.03,deph_0.001,0.001,0.0,81,0.8825854627049238,0.004206282514681248,0.05799522856270012,0.11292321435215909,0.9848788345953239,0.0032659672942063397,120,131.44148018653505,0.319608985798139,1942,False,four seeds plus hard samples 13 and 37,"0,1,2,3,13,37",60-109,"a=0.8,lw=1.5,r=0.04,w=0.25; a=1,lw=0.8,r=0.02,w=0.25; a=1,lw=0.8,r=0.015,w=0.25"
five_level_weak_anharmonic,hard_enriched_continuation_leak08,0.03,deph_0.001,0.001,0.0,82,0.9405735428735967,0.0032602089742157503,0.07230816354984015,0.05504636251467398,0.9826042996033456,0.0032659672942063397,120,131.44148018653505,0.319608985798139,1942,False,four seeds plus hard samples 13 and 37,"0,1,2,3,13,37",60-109,"a=0.8,lw=1.5,r=0.04,w=0.25; a=1,lw=0.8,r=0.02,w=0.25; a=1,lw=0.8,r=0.015,w=0.25"
five_level_weak_anharmonic,hard_enriched_continuation_leak08,0.03,deph_0.001,0.001,0.0,83,0.9665350127918517,0.004362700086049998,0.0952702363559621,0.027882552618957283,0.9879272017632074,0.0032659672942063397,120,131.44148018653505,0.319608985798139,1942,False,four seeds plus hard samples 13 and 37,"0,1,2,3,13,37",60-109,"a=0.8,lw=1.5,r=0.04,w=0.25; a=1,lw=0.8,r=0.02,w=0.25; a=1,lw=0.8,r=0.015,w=0.25"
five_level_weak_anharmonic,hard_enriched_continuation_leak08,0.03,deph_0.001,0.001,0.0,84,0.9911320758434818,0.003535668809635628,0.06550748727531996,0.008482754555410272,0.9886774207540237,0.0032659672942063397,120,131.44148018653505,0.319608985798139,1942,False,four seeds plus hard samples 13 and 37,"0,1,2,3,13,37",60-109,"a=0.8,lw=1.5,r=0.04,w=0.25; a=1,lw=0.8,r=0.02,w=0.25; a=1,lw=0.8,r=0.015,w=0.25"
five_level_weak_anharmonic,hard_enriched_continuation_leak08,0.03,deph_0.001,0.001,0.0,85,0.8753504695680945,0.003013103701813069,0.060580274099530484,0.14156538893654744,0.9777392892337714,0.0032659672942063397,120,131.44148018653505,0.319608985798139,1942,False,four seeds plus hard samples 13 and 37,"0,1,2,3,13,37",60-109,"a=0.8,lw=1.5,r=0.04,w=0.25; a=1,lw=0.8,r=0.02,w=0.25; a=1,lw=0.8,r=0.015,w=0.25"
five_level_weak_anharmonic,hard_enriched_continuation_leak08,0.03,deph_0.001,0.001,0.0,86,0.9030310748743701,0.0030836681397385934,0.07879115666461689,0.07440099075887835,0.9869187853970232,0.0032659672942063397,120,131.44148018653505,0.319608985798139,1942,False,four seeds plus hard samples 13 and 37,"0,1,2,3,13,37",60-109,"a=0.8,lw=1.5,r=0.04,w=0.25; a=1,lw=0.8,r=0.02,w=0.25; a=1,lw=0.8,r=0.015,w=0.25"
five_level_weak_anharmonic,hard_enriched_continuation_leak08,0.03,deph_0.001,0.001,0.0,87,0.9907977408633951,0.0026249047388910984,0.06965215985375517,0.011240609736626035,0.9864405454451505,0.0032659672942063397,120,131.44148018653505,0.319608985798139,1942,False,four seeds plus hard samples 13 and 37,"0,1,2,3,13,37",60-109,"a=0.8,lw=1.5,r=0.04,w=0.25; a=1,lw=0.8,r=0.02,w=0.25; a=1,lw=0.8,r=0.015,w=0.25"
five_level_weak_anharmonic,hard_enriched_continuation_leak08,0.03,deph_0.001,0.001,0.0,88,0.9019699629235686,0.0025097415675626733,0.07763174012431862,0.05413832678815286,0.9857556202788266,0.0032659672942063397,120,131.44148018653505,0.319608985798139,1942,False,four seeds plus hard samples 13 and 37,"0,1,2,3,13,37",60-109,"a=0.8,lw=1.5,r=0.04,w=0.25; a=1,lw=0.8,r=0.02,w=0.25; a=1,lw=0.8,r=0.015,w=0.25"
five_level_weak_anharmonic,hard_enriched_continuation_leak08,0.03,deph_0.001,0.001,0.0,89,0.9096328623764656,0.0028747977800333002,0.05870078197005024,0.07556570943848313,0.9860492529095752,0.0032659672942063397,120,131.44148018653505,0.319608985798139,1942,False,four seeds plus hard samples 13 and 37,"0,1,2,3,13,37",60-109,"a=0.8,lw=1.5,r=0.04,w=0.25; a=1,lw=0.8,r=0.02,w=0.25; a=1,lw=0.8,r=0.015,w=0.25"
five_level_weak_anharmonic,hard_enriched_continuation_leak08,0.03,deph_0.001,0.001,0.0,90,0.8833840285670406,0.002266947438561484,0.06555124948233937,0.1101013064639062,0.9812497654844025,0.0032659672942063397,120,131.44148018653505,0.319608985798139,1942,False,four seeds plus hard samples 13 and 37,"0,1,2,3,13,37",60-109,"a=0.8,lw=1.5,r=0.04,w=0.25; a=1,lw=0.8,r=0.02,w=0.25; a=1,lw=0.8,r=0.015,w=0.25"
five_level_weak_anharmonic,hard_enriched_continuation_leak08,0.03,deph_0.001,0.001,0.0,91,0.9742437219578257,0.0029377902786620336,0.07333292196646601,0.022061354735940224,0.9890556889342371,0.0032659672942063397,120,131.44148018653505,0.319608985798139,1942,False,four seeds plus hard samples 13 and 37,"0,1,2,3,13,37",60-109,"a=0.8,lw=1.5,r=0.04,w=0.25; a=1,lw=0.8,r=0.02,w=0.25; a=1,lw=0.8,r=0.015,w=0.25"
five_level_weak_anharmonic,hard_enriched_continuation_leak08,0.03,deph_0.001,0.001,0.0,92,0.9649306991661611,0.0028346189007035782,0.06950831067510932,0.024632430852849205,0.9885864513518688,0.0032659672942063397,120,131.44148018653505,0.319608985798139,1942,False,four seeds plus hard samples 13 and 37,"0,1,2,3,13,37",60-109,"a=0.8,lw=1.5,r=0.04,w=0.25; a=1,lw=0.8,r=0.02,w=0.25; a=1,lw=0.8,r=0.015,w=0.25"
five_level_weak_anharmonic,hard_enriched_continuation_leak08,0.03,deph_0.001,0.001,0.0,93,0.9309464628368953,0.003605579866622133,0.07356062646373196,0.07653598059126114,0.9813857018990709,0.0032659672942063397,120,131.44148018653505,0.319608985798139,1942,False,four seeds plus hard samples 13 and 37,"0,1,2,3,13,37",60-109,"a=0.8,lw=1.5,r=0.04,w=0.25; a=1,lw=0.8,r=0.02,w=0.25; a=1,lw=0.8,r=0.015,w=0.25"
five_level_weak_anharmonic,hard_enriched_continuation_leak08,0.03,deph_0.001,0.001,0.0,94,0.9311759929780927,0.002210778250543277,0.05422060239071913,0.0653614396646926,0.9837577953833485,0.0032659672942063397,120,131.44148018653505,0.319608985798139,1942,False,four seeds plus hard samples 13 and 37,"0,1,2,3,13,37",60-109,"a=0.8,lw=1.5,r=0.04,w=0.25; a=1,lw=0.8,r=0.02,w=0.25; a=1,lw=0.8,r=0.015,w=0.25"
five_level_weak_anharmonic,hard_enriched_continuation_leak08,0.03,deph_0.001,0.001,0.0,95,0.969302792895349,0.004466502926329441,0.0776942485126435,0.025545230581844755,0.9861166166018314,0.0032659672942063397,120,131.44148018653505,0.319608985798139,1942,False,four seeds plus hard samples 13 and 37,"0,1,2,3,13,37",60-109,"a=0.8,lw=1.5,r=0.04,w=0.25; a=1,lw=0.8,r=0.02,w=0.25; a=1,lw=0.8,r=0.015,w=0.25"
five_level_weak_anharmonic,hard_enriched_continuation_leak08,0.03,deph_0.001,0.001,0.0,96,0.9855520815327619,0.0022005828786605397,0.06346415507781511,0.012671095017422656,0.989858601601445,0.0032659672942063397,120,131.44148018653505,0.319608985798139,1942,False,four seeds plus hard samples 13 and 37,"0,1,2,3,13,37",60-109,"a=0.8,lw=1.5,r=0.04,w=0.25; a=1,lw=0.8,r=0.02,w=0.25; a=1,lw=0.8,r=0.015,w=0.25"
five_level_weak_anharmonic,hard_enriched_continuation_leak08,0.03,deph_0.001,0.001,0.0,97,0.9169819665230765,0.0036941846923101984,0.08075394474512443,0.06079561048360702,0.9880149144263441,0.0032659672942063397,120,131.44148018653505,0.319608985798139,1942,False,four seeds plus hard samples 13 and 37,"0,1,2,3,13,37",60-109,"a=0.8,lw=1.5,r=0.04,w=0.25; a=1,lw=0.8,r=0.02,w=0.25; a=1,lw=0.8,r=0.015,w=0.25"
five_level_weak_anharmonic,hard_enriched_continuation_leak08,0.03,deph_0.001,0.001,0.0,98,0.982221908987793,0.002067070212180666,0.07603833800188886,0.012782763931031553,0.9865216164146028,0.0032659672942063397,120,131.44148018653505,0.319608985798139,1942,False,four seeds plus hard samples 13 and 37,"0,1,2,3,13,37",60-109,"a=0.8,lw=1.5,r=0.04,w=0.25; a=1,lw=0.8,r=0.02,w=0.25; a=1,lw=0.8,r=0.015,w=0.25"
five_level_weak_anharmonic,hard_enriched_continuation_leak08,0.03,deph_0.001,0.001,0.0,99,0.9898586813194374,0.0019210252631610691,0.06489754666749492,0.017459279053404945,0.9859398999246108,0.0032659672942063397,120,131.44148018653505,0.319608985798139,1942,False,four seeds plus hard samples 13 and 37,"0,1,2,3,13,37",60-109,"a=0.8,lw=1.5,r=0.04,w=0.25; a=1,lw=0.8,r=0.02,w=0.25; a=1,lw=0.8,r=0.015,w=0.25"
five_level_weak_anharmonic,hard_enriched_continuation_leak08,0.03,deph_0.001,0.001,0.0,100,0.8081191006328167,0.0020931740629088758,0.08618434093551885,0.16484655612442972,0.9842828782457128,0.0032659672942063397,120,131.44148018653505,0.319608985798139,1942,False,four seeds plus hard samples 13 and 37,"0,1,2,3,13,37",60-109,"a=0.8,lw=1.5,r=0.04,w=0.25; a=1,lw=0.8,r=0.02,w=0.25; a=1,lw=0.8,r=0.015,w=0.25"
five_level_weak_anharmonic,hard_enriched_continuation_leak08,0.03,deph_0.001,0.001,0.0,101,0.9519579534740847,0.0033315711016941307,0.08583648023578538,0.031984530615671074,0.9855306338815447,0.0032659672942063397,120,131.44148018653505,0.319608985798139,1942,False,four seeds plus hard samples 13 and 37,"0,1,2,3,13,37",60-109,"a=0.8,lw=1.5,r=0.04,w=0.25; a=1,lw=0.8,r=0.02,w=0.25; a=1,lw=0.8,r=0.015,w=0.25"
five_level_weak_anharmonic,hard_enriched_continuation_leak08,0.03,deph_0.001,0.001,0.0,102,0.9536809798704925,0.0028939718184990415,0.06985701449051374,0.05225851096340664,0.9862706362728989,0.0032659672942063397,120,131.44148018653505,0.319608985798139,1942,False,four seeds plus hard samples 13 and 37,"0,1,2,3,13,37",60-109,"a=0.8,lw=1.5,r=0.04,w=0.25; a=1,lw=0.8,r=0.02,w=0.25; a=1,lw=0.8,r=0.015,w=0.25"
five_level_weak_anharmonic,hard_enriched_continuation_leak08,0.03,deph_0.001,0.001,0.0,103,0.9654495670855163,0.0015919213216631922,0.06282441383647763,0.050162664402988645,0.9816703683692386,0.0032659672942063397,120,131.44148018653505,0.319608985798139,1942,False,four seeds plus hard samples 13 and 37,"0,1,2,3,13,37",60-109,"a=0.8,lw=1.5,r=0.04,w=0.25; a=1,lw=0.8,r=0.02,w=0.25; a=1,lw=0.8,r=0.015,w=0.25"
five_level_weak_anharmonic,hard_enriched_continuation_leak08,0.03,deph_0.001,0.001,0.0,104,0.8435517833937802,0.002562020288423117,0.08488542079475914,0.13870240712884507,0.9831926642448541,0.0032659672942063397,120,131.44148018653505,0.319608985798139,1942,False,four seeds plus hard samples 13 and 37,"0,1,2,3,13,37",60-109,"a=0.8,lw=1.5,r=0.04,w=0.25; a=1,lw=0.8,r=0.02,w=0.25; a=1,lw=0.8,r=0.015,w=0.25"
five_level_weak_anharmonic,hard_enriched_continuation_leak08,0.03,deph_0.001,0.001,0.0,105,0.9612138784135706,0.0027146768030961166,0.07399973854413144,0.04574184085528369,0.9860134526120922,0.0032659672942063397,120,131.44148018653505,0.319608985798139,1942,False,four seeds plus hard samples 13 and 37,"0,1,2,3,13,37",60-109,"a=0.8,lw=1.5,r=0.04,w=0.25; a=1,lw=0.8,r=0.02,w=0.25; a=1,lw=0.8,r=0.015,w=0.25"
five_level_weak_anharmonic,hard_enriched_continuation_leak08,0.03,deph_0.001,0.001,0.0,106,0.9704491172588247,0.004290515597254019,0.08442379869884342,0.030478503177302038,0.984691136819949,0.0032659672942063397,120,131.44148018653505,0.319608985798139,1942,False,four seeds plus hard samples 13 and 37,"0,1,2,3,13,37",60-109,"a=0.8,lw=1.5,r=0.04,w=0.25; a=1,lw=0.8,r=0.02,w=0.25; a=1,lw=0.8,r=0.015,w=0.25"
five_level_weak_anharmonic,hard_enriched_continuation_leak08,0.03,deph_0.001,0.001,0.0,107,0.9612767594402114,0.0020411866165258585,0.06366037104519484,0.0384579666238645,0.9846151623262912,0.0032659672942063397,120,131.44148018653505,0.319608985798139,1942,False,four seeds plus hard samples 13 and 37,"0,1,2,3,13,37",60-109,"a=0.8,lw=1.5,r=0.04,w=0.25; a=1,lw=0.8,r=0.02,w=0.25; a=1,lw=0.8,r=0.015,w=0.25"
five_level_weak_anharmonic,hard_enriched_continuation_leak08,0.03,deph_0.001,0.001,0.0,108,0.9546151366373754,0.004038538335099817,0.0599311396442489,0.06879958940943295,0.9798066875521535,0.0032659672942063397,120,131.44148018653505,0.319608985798139,1942,False,four seeds plus hard samples 13 and 37,"0,1,2,3,13,37",60-109,"a=0.8,lw=1.5,r=0.04,w=0.25; a=1,lw=0.8,r=0.02,w=0.25; a=1,lw=0.8,r=0.015,w=0.25"
five_level_weak_anharmonic,hard_enriched_continuation_leak08,0.03,deph_0.001,0.001,0.0,109,0.9851933911779671,0.0030456467756039274,0.06406389015825464,0.010607567802739571,0.9873409984971996,0.0032659672942063397,120,131.44148018653505,0.319608985798139,1942,False,four seeds plus hard samples 13 and 37,"0,1,2,3,13,37",60-109,"a=0.8,lw=1.5,r=0.04,w=0.25; a=1,lw=0.8,r=0.02,w=0.25; a=1,lw=0.8,r=0.015,w=0.25"
five_level_weak_anharmonic,hard_enriched_continuation_leak08,0.03,relax_0.0005,0.0,0.0005,60,0.9473852507523932,0.0013817265426527836,0.08267187896862227,0.05145963264614583,0.9598678126871709,0.0032659672942063397,120,131.44148018653505,0.319608985798139,1942,False,four seeds plus hard samples 13 and 37,"0,1,2,3,13,37",60-109,"a=0.8,lw=1.5,r=0.04,w=0.25; a=1,lw=0.8,r=0.02,w=0.25; a=1,lw=0.8,r=0.015,w=0.25"
five_level_weak_anharmonic,hard_enriched_continuation_leak08,0.03,relax_0.0005,0.0,0.0005,61,0.9531078935811801,0.0014402556557824298,0.08100493343041504,0.02903115317738859,0.960836926390099,0.0032659672942063397,120,131.44148018653505,0.319608985798139,1942,False,four seeds plus hard samples 13 and 37,"0,1,2,3,13,37",60-109,"a=0.8,lw=1.5,r=0.04,w=0.25; a=1,lw=0.8,r=0.02,w=0.25; a=1,lw=0.8,r=0.015,w=0.25"
five_level_weak_anharmonic,hard_enriched_continuation_leak08,0.03,relax_0.0005,0.0,0.0005,62,0.8769453180915598,0.0006111296327007132,0.06909990716715764,0.08352134784800161,0.9633937550306602,0.0032659672942063397,120,131.44148018653505,0.319608985798139,1942,False,four seeds plus hard samples 13 and 37,"0,1,2,3,13,37",60-109,"a=0.8,lw=1.5,r=0.04,w=0.25; a=1,lw=0.8,r=0.02,w=0.25; a=1,lw=0.8,r=0.015,w=0.25"
five_level_weak_anharmonic,hard_enriched_continuation_leak08,0.03,relax_0.0005,0.0,0.0005,63,0.9327256626133261,0.001923483303955864,0.060967797981981486,0.054374239569612876,0.958442994611809,0.0032659672942063397,120,131.44148018653505,0.319608985798139,1942,False,four seeds plus hard samples 13 and 37,"0,1,2,3,13,37",60-109,"a=0.8,lw=1.5,r=0.04,w=0.25; a=1,lw=0.8,r=0.02,w=0.25; a=1,lw=0.8,r=0.015,w=0.25"
five_level_weak_anharmonic,hard_enriched_continuation_leak08,0.03,relax_0.0005,0.0,0.0005,64,0.9101772377221937,0.0033817897874849345,0.06775060278714529,0.05250970527999422,0.9604884053464723,0.0032659672942063397,120,131.44148018653505,0.319608985798139,1942,False,four seeds plus hard samples 13 and 37,"0,1,2,3,13,37",60-109,"a=0.8,lw=1.5,r=0.04,w=0.25; a=1,lw=0.8,r=0.02,w=0.25; a=1,lw=0.8,r=0.015,w=0.25"
five_level_weak_anharmonic,hard_enriched_continuation_leak08,0.03,relax_0.0005,0.0,0.0005,65,0.9645123690217285,0.0027279796155792457,0.09861821982517127,0.034603744934135545,0.956858678869344,0.0032659672942063397,120,131.44148018653505,0.319608985798139,1942,False,four seeds plus hard samples 13 and 37,"0,1,2,3,13,37",60-109,"a=0.8,lw=1.5,r=0.04,w=0.25; a=1,lw=0.8,r=0.02,w=0.25; a=1,lw=0.8,r=0.015,w=0.25"
five_level_weak_anharmonic,hard_enriched_continuation_leak08,0.03,relax_0.0005,0.0,0.0005,66,0.9618661564797901,0.0025667011020287234,0.07170511683838521,0.03657224431907234,0.9613795838730359,0.0032659672942063397,120,131.44148018653505,0.319608985798139,1942,False,four seeds plus hard samples 13 and 37,"0,1,2,3,13,37",60-109,"a=0.8,lw=1.5,r=0.04,w=0.25; a=1,lw=0.8,r=0.02,w=0.25; a=1,lw=0.8,r=0.015,w=0.25"
five_level_weak_anharmonic,hard_enriched_continuation_leak08,0.03,relax_0.0005,0.0,0.0005,67,0.8995020138810089,0.004045663685348866,0.08764080631978044,0.06445788344377991,0.9593033918176762,0.0032659672942063397,120,131.44148018653505,0.319608985798139,1942,False,four seeds plus hard samples 13 and 37,"0,1,2,3,13,37",60-109,"a=0.8,lw=1.5,r=0.04,w=0.25; a=1,lw=0.8,r=0.02,w=0.25; a=1,lw=0.8,r=0.015,w=0.25"
five_level_weak_anharmonic,hard_enriched_continuation_leak08,0.03,relax_0.0005,0.0,0.0005,68,0.9230067323403407,0.0006993075492794931,0.06175742499349779,0.08454875528421421,0.9684760324009456,0.0032659672942063397,120,131.44148018653505,0.319608985798139,1942,False,four seeds plus hard samples 13 and 37,"0,1,2,3,13,37",60-109,"a=0.8,lw=1.5,r=0.04,w=0.25; a=1,lw=0.8,r=0.02,w=0.25; a=1,lw=0.8,r=0.015,w=0.25"
five_level_weak_anharmonic,hard_enriched_continuation_leak08,0.03,relax_0.0005,0.0,0.0005,69,0.9668728361354486,0.0016956051011521867,0.07917276397599626,0.030460479774083827,0.9610341827219891,0.0032659672942063397,120,131.44148018653505,0.319608985798139,1942,False,four seeds plus hard samples 13 and 37,"0,1,2,3,13,37",60-109,"a=0.8,lw=1.5,r=0.04,w=0.25; a=1,lw=0.8,r=0.02,w=0.25; a=1,lw=0.8,r=0.015,w=0.25"
five_level_weak_anharmonic,hard_enriched_continuation_leak08,0.03,relax_0.0005,0.0,0.0005,70,0.8858493440034219,0.0015315078453355113,0.0792203722893221,0.07744967614249813,0.9600863332373817,0.0032659672942063397,120,131.44148018653505,0.319608985798139,1942,False,four seeds plus hard samples 13 and 37,"0,1,2,3,13,37",60-109,"a=0.8,lw=1.5,r=0.04,w=0.25; a=1,lw=0.8,r=0.02,w=0.25; a=1,lw=0.8,r=0.015,w=0.25"
five_level_weak_anharmonic,hard_enriched_continuation_leak08,0.03,relax_0.0005,0.0,0.0005,71,0.9522506150317563,0.004764499415933154,0.10221410654399643,0.036610262677434446,0.9593320615731671,0.0032659672942063397,120,131.44148018653505,0.319608985798139,1942,False,four seeds plus hard samples 13 and 37,"0,1,2,3,13,37",60-109,"a=0.8,lw=1.5,r=0.04,w=0.25; a=1,lw=0.8,r=0.02,w=0.25; a=1,lw=0.8,r=0.015,w=0.25"
five_level_weak_anharmonic,hard_enriched_continuation_leak08,0.03,relax_0.0005,0.0,0.0005,72,0.9742146636966557,0.0027143861443488237,0.08272036812528405,0.024750332522933363,0.9578371455892791,0.0032659672942063397,120,131.44148018653505,0.319608985798139,1942,False,four seeds plus hard samples 13 and 37,"0,1,2,3,13,37",60-109,"a=0.8,lw=1.5,r=0.04,w=0.25; a=1,lw=0.8,r=0.02,w=0.25; a=1,lw=0.8,r=0.015,w=0.25"
five_level_weak_anharmonic,hard_enriched_continuation_leak08,0.03,relax_0.0005,0.0,0.0005,73,0.9517827730636578,0.002503912401343289,0.07173829952556887,0.03739881124734121,0.9571053712313327,0.0032659672942063397,120,131.44148018653505,0.319608985798139,1942,False,four seeds plus hard samples 13 and 37,"0,1,2,3,13,37",60-109,"a=0.8,lw=1.5,r=0.04,w=0.25; a=1,lw=0.8,r=0.02,w=0.25; a=1,lw=0.8,r=0.015,w=0.25"
five_level_weak_anharmonic,hard_enriched_continuation_leak08,0.03,relax_0.0005,0.0,0.0005,74,0.943497539255295,0.0035377314219428024,0.08187170112050735,0.04872095634040047,0.9595936302741174,0.0032659672942063397,120,131.44148018653505,0.319608985798139,1942,False,four seeds plus hard samples 13 and 37,"0,1,2,3,13,37",60-109,"a=0.8,lw=1.5,r=0.04,w=0.25; a=1,lw=0.8,r=0.02,w=0.25; a=1,lw=0.8,r=0.015,w=0.25"
five_level_weak_anharmonic,hard_enriched_continuation_leak08,0.03,relax_0.0005,0.0,0.0005,75,0.9344440951452462,0.001278401037133281,0.07145995923543258,0.047522196928089164,0.958059037819816,0.0032659672942063397,120,131.44148018653505,0.319608985798139,1942,False,four seeds plus hard samples 13 and 37,"0,1,2,3,13,37",60-109,"a=0.8,lw=1.5,r=0.04,w=0.25; a=1,lw=0.8,r=0.02,w=0.25; a=1,lw=0.8,r=0.015,w=0.25"
five_level_weak_anharmonic,hard_enriched_continuation_leak08,0.03,relax_0.0005,0.0,0.0005,76,0.9687689474294884,0.0010708797560671224,0.06920801749088834,0.0347376739504017,0.9558952125371482,0.0032659672942063397,120,131.44148018653505,0.319608985798139,1942,False,four seeds plus hard samples 13 and 37,"0,1,2,3,13,37",60-109,"a=0.8,lw=1.5,r=0.04,w=0.25; a=1,lw=0.8,r=0.02,w=0.25; a=1,lw=0.8,r=0.015,w=0.25"
five_level_weak_anharmonic,hard_enriched_continuation_leak08,0.03,relax_0.0005,0.0,0.0005,77,0.9663296876077975,0.0010870933372065794,0.07823405463136113,0.02465177476291542,0.9600079774336678,0.0032659672942063397,120,131.44148018653505,0.319608985798139,1942,False,four seeds plus hard samples 13 and 37,"0,1,2,3,13,37",60-109,"a=0.8,lw=1.5,r=0.04,w=0.25; a=1,lw=0.8,r=0.02,w=0.25; a=1,lw=0.8,r=0.015,w=0.25"
five_level_weak_anharmonic,hard_enriched_continuation_leak08,0.03,relax_0.0005,0.0,0.0005,78,0.9554311618403245,0.0026625621739646554,0.07282660318431122,0.04807831799475922,0.9570449001972757,0.0032659672942063397,120,131.44148018653505,0.319608985798139,1942,False,four seeds plus hard samples 13 and 37,"0,1,2,3,13,37",60-109,"a=0.8,lw=1.5,r=0.04,w=0.25; a=1,lw=0.8,r=0.02,w=0.25; a=1,lw=0.8,r=0.015,w=0.25"
five_level_weak_anharmonic,hard_enriched_continuation_leak08,0.03,relax_0.0005,0.0,0.0005,79,0.9581710769909613,0.0027037901631881134,0.06943612368422292,0.05223448649334205,0.9652957286947843,0.0032659672942063397,120,131.44148018653505,0.319608985798139,1942,False,four seeds plus hard samples 13 and 37,"0,1,2,3,13,37",60-109,"a=0.8,lw=1.5,r=0.04,w=0.25; a=1,lw=0.8,r=0.02,w=0.25; a=1,lw=0.8,r=0.015,w=0.25"
five_level_weak_anharmonic,hard_enriched_continuation_leak08,0.03,relax_0.0005,0.0,0.0005,80,0.9112457143233809,0.0023460080354169577,0.05942871552440465,0.10848172310589387,0.9702061963278189,0.0032659672942063397,120,131.44148018653505,0.319608985798139,1942,False,four seeds plus hard samples 13 and 37,"0,1,2,3,13,37",60-109,"a=0.8,lw=1.5,r=0.04,w=0.25; a=1,lw=0.8,r=0.02,w=0.25; a=1,lw=0.8,r=0.015,w=0.25"
five_level_weak_anharmonic,hard_enriched_continuation_leak08,0.03,relax_0.0005,0.0,0.0005,81,0.8702425278875788,0.0033258080417670755,0.05740284957589181,0.12294784781447014,0.9630993526464597,0.0032659672942063397,120,131.44148018653505,0.319608985798139,1942,False,four seeds plus hard samples 13 and 37,"0,1,2,3,13,37",60-109,"a=0.8,lw=1.5,r=0.04,w=0.25; a=1,lw=0.8,r=0.02,w=0.25; a=1,lw=0.8,r=0.015,w=0.25"
five_level_weak_anharmonic,hard_enriched_continuation_leak08,0.03,relax_0.0005,0.0,0.0005,82,0.9265821882595597,0.0021046665926969244,0.07162344419839739,0.0667899604567267,0.964440407105503,0.0032659672942063397,120,131.44148018653505,0.319608985798139,1942,False,four seeds plus hard samples 13 and 37,"0,1,2,3,13,37",60-109,"a=0.8,lw=1.5,r=0.04,w=0.25; a=1,lw=0.8,r=0.02,w=0.25; a=1,lw=0.8,r=0.015,w=0.25"
five_level_weak_anharmonic,hard_enriched_continuation_leak08,0.03,relax_0.0005,0.0,0.0005,83,0.9526570411191407,0.0029201116349464318,0.0944725897037687,0.03910966721638169,0.9581741746186915,0.0032659672942063397,120,131.44148018653505,0.319608985798139,1942,False,four seeds plus hard samples 13 and 37,"0,1,2,3,13,37",60-109,"a=0.8,lw=1.5,r=0.04,w=0.25; a=1,lw=0.8,r=0.02,w=0.25; a=1,lw=0.8,r=0.015,w=0.25"
five_level_weak_anharmonic,hard_enriched_continuation_leak08,0.03,relax_0.0005,0.0,0.0005,84,0.9758408249562065,0.002576032399402517,0.06487387441433923,0.02091479893415457,0.9584586227800119,0.0032659672942063397,120,131.44148018653505,0.319608985798139,1942,False,four seeds plus hard samples 13 and 37,"0,1,2,3,13,37",60-109,"a=0.8,lw=1.5,r=0.04,w=0.25; a=1,lw=0.8,r=0.02,w=0.25; a=1,lw=0.8,r=0.015,w=0.25"
five_level_weak_anharmonic,hard_enriched_continuation_leak08,0.03,relax_0.0005,0.0,0.0005,85,0.8644933851507958,0.002244425020359042,0.059904059153303324,0.15073738366210532,0.9724615128462735,0.0032659672942063397,120,131.44148018653505,0.319608985798139,1942,False,four seeds plus hard samples 13 and 37,"0,1,2,3,13,37",60-109,"a=0.8,lw=1.5,r=0.04,w=0.25; a=1,lw=0.8,r=0.02,w=0.25; a=1,lw=0.8,r=0.015,w=0.25"
five_level_weak_anharmonic,hard_enriched_continuation_leak08,0.03,relax_0.0005,0.0,0.0005,86,0.8892974116454342,0.001713343997294614,0.0780904822739793,0.08566742964796059,0.9587135894111053,0.0032659672942063397,120,131.44148018653505,0.319608985798139,1942,False,four seeds plus hard samples 13 and 37,"0,1,2,3,13,37",60-109,"a=0.8,lw=1.5,r=0.04,w=0.25; a=1,lw=0.8,r=0.02,w=0.25; a=1,lw=0.8,r=0.015,w=0.25"
five_level_weak_anharmonic,hard_enriched_continuation_leak08,0.03,relax_0.0005,0.0,0.0005,87,0.9775534884452014,0.0015754491904121926,0.06895689202812783,0.022174553662335755,0.9609941188810024,0.0032659672942063397,120,131.44148018653505,0.319608985798139,1942,False,four seeds plus hard samples 13 and 37,"0,1,2,3,13,37",60-109,"a=0.8,lw=1.5,r=0.04,w=0.25; a=1,lw=0.8,r=0.02,w=0.25; a=1,lw=0.8,r=0.015,w=0.25"
five_level_weak_anharmonic,hard_enriched_continuation_leak08,0.03,relax_0.0005,0.0,0.0005,88,0.8924750172903375,0.0014139274357880538,0.0768879772136748,0.062480313323824366,0.9615063636526026,0.0032659672942063397,120,131.44148018653505,0.319608985798139,1942,False,four seeds plus hard samples 13 and 37,"0,1,2,3,13,37",60-109,"a=0.8,lw=1.5,r=0.04,w=0.25; a=1,lw=0.8,r=0.02,w=0.25; a=1,lw=0.8,r=0.015,w=0.25"
five_level_weak_anharmonic,hard_enriched_continuation_leak08,0.03,relax_0.0005,0.0,0.0005,89,0.9003114637507724,0.002026962439461877,0.058123417067773575,0.0833563702681012,0.9621870784261436,0.0032659672942063397,120,131.44148018653505,0.319608985798139,1942,False,four seeds plus hard samples 13 and 37,"0,1,2,3,13,37",60-109,"a=0.8,lw=1.5,r=0.04,w=0.25; a=1,lw=0.8,r=0.02,w=0.25; a=1,lw=0.8,r=0.015,w=0.25"
five_level_weak_anharmonic,hard_enriched_continuation_leak08,0.03,relax_0.0005,0.0,0.0005,90,0.8749007672234743,0.0013362072534661706,0.06483925219041509,0.11733666842093808,0.9678144228246586,0.0032659672942063397,120,131.44148018653505,0.319608985798139,1942,False,four seeds plus hard samples 13 and 37,"0,1,2,3,13,37",60-109,"a=0.8,lw=1.5,r=0.04,w=0.25; a=1,lw=0.8,r=0.02,w=0.25; a=1,lw=0.8,r=0.015,w=0.25"
five_level_weak_anharmonic,hard_enriched_continuation_leak08,0.03,relax_0.0005,0.0,0.0005,91,0.9586654194724306,0.0019340268302316943,0.07267075555182967,0.03472763322022224,0.9571769150445171,0.0032659672942063397,120,131.44148018653505,0.319608985798139,1942,False,four seeds plus hard samples 13 and 37,"0,1,2,3,13,37",60-109,"a=0.8,lw=1.5,r=0.04,w=0.25; a=1,lw=0.8,r=0.02,w=0.25; a=1,lw=0.8,r=0.015,w=0.25"
five_level_weak_anharmonic,hard_enriched_continuation_leak08,0.03,relax_0.0005,0.0,0.0005,92,0.9471049410231501,0.0017408720075646755,0.06887869990160755,0.03929172003824458,0.9574829455485612,0.0032659672942063397,120,131.44148018653505,0.319608985798139,1942,False,four seeds plus hard samples 13 and 37,"0,1,2,3,13,37",60-109,"a=0.8,lw=1.5,r=0.04,w=0.25; a=1,lw=0.8,r=0.02,w=0.25; a=1,lw=0.8,r=0.015,w=0.25"
five_level_weak_anharmonic,hard_enriched_continuation_leak08,0.03,relax_0.0005,0.0,0.0005,93,0.9206964148842597,0.002557996266815743,0.07283857702693186,0.08506891376912698,0.9669912037035989,0.0032659672942063397,120,131.44148018653505,0.319608985798139,1942,False,four seeds plus hard samples 13 and 37,"0,1,2,3,13,37",60-109,"a=0.8,lw=1.5,r=0.04,w=0.25; a=1,lw=0.8,r=0.02,w=0.25; a=1,lw=0.8,r=0.015,w=0.25"
five_level_weak_anharmonic,hard_enriched_continuation_leak08,0.03,relax_0.0005,0.0,0.0005,94,0.9150051798019373,0.0014725662558263686,0.05365338105038886,0.07869230466727713,0.9640320639606779,0.0032659672942063397,120,131.44148018653505,0.319608985798139,1942,False,four seeds plus hard samples 13 and 37,"0,1,2,3,13,37",60-109,"a=0.8,lw=1.5,r=0.04,w=0.25; a=1,lw=0.8,r=0.02,w=0.25; a=1,lw=0.8,r=0.015,w=0.25"
five_level_weak_anharmonic,hard_enriched_continuation_leak08,0.03,relax_0.0005,0.0,0.0005,95,0.9583418878842925,0.0032773304540165693,0.076965273022367,0.03464599318116594,0.9608241572498409,0.0032659672942063397,120,131.44148018653505,0.319608985798139,1942,False,four seeds plus hard samples 13 and 37,"0,1,2,3,13,37",60-109,"a=0.8,lw=1.5,r=0.04,w=0.25; a=1,lw=0.8,r=0.02,w=0.25; a=1,lw=0.8,r=0.015,w=0.25"
five_level_weak_anharmonic,hard_enriched_continuation_leak08,0.03,relax_0.0005,0.0,0.0005,96,0.9687540287351539,0.0012455123226913223,0.06284136173684018,0.026346585255336577,0.9567810159580538,0.0032659672942063397,120,131.44148018653505,0.319608985798139,1942,False,four seeds plus hard samples 13 and 37,"0,1,2,3,13,37",60-109,"a=0.8,lw=1.5,r=0.04,w=0.25; a=1,lw=0.8,r=0.02,w=0.25; a=1,lw=0.8,r=0.015,w=0.25"
five_level_weak_anharmonic,hard_enriched_continuation_leak08,0.03,relax_0.0005,0.0,0.0005,97,0.9020243323336088,0.002563806292193105,0.08004189761460045,0.0731077378292448,0.9582823126639217,0.0032659672942063397,120,131.44148018653505,0.319608985798139,1942,False,four seeds plus hard samples 13 and 37,"0,1,2,3,13,37",60-109,"a=0.8,lw=1.5,r=0.04,w=0.25; a=1,lw=0.8,r=0.02,w=0.25; a=1,lw=0.8,r=0.015,w=0.25"
five_level_weak_anharmonic,hard_enriched_continuation_leak08,0.03,relax_0.0005,0.0,0.0005,98,0.9685970534065077,0.000942116395233894,0.07535799601900806,0.023960785079816933,0.9601736296061194,0.0032659672942063397,120,131.44148018653505,0.319608985798139,1942,False,four seeds plus hard samples 13 and 37,"0,1,2,3,13,37",60-109,"a=0.8,lw=1.5,r=0.04,w=0.25; a=1,lw=0.8,r=0.02,w=0.25; a=1,lw=0.8,r=0.015,w=0.25"
five_level_weak_anharmonic,hard_enriched_continuation_leak08,0.03,relax_0.0005,0.0,0.0005,99,0.977223640175666,0.0009391730639476403,0.06422063111119536,0.027893164821565845,0.9619807696233238,0.0032659672942063397,120,131.44148018653505,0.319608985798139,1942,False,four seeds plus hard samples 13 and 37,"0,1,2,3,13,37",60-109,"a=0.8,lw=1.5,r=0.04,w=0.25; a=1,lw=0.8,r=0.02,w=0.25; a=1,lw=0.8,r=0.015,w=0.25"
five_level_weak_anharmonic,hard_enriched_continuation_leak08,0.03,relax_0.0005,0.0,0.0005,100,0.7991311907161626,0.0009207151671879465,0.08542237503641292,0.17229455038928612,0.9629295151716438,0.0032659672942063397,120,131.44148018653505,0.319608985798139,1942,False,four seeds plus hard samples 13 and 37,"0,1,2,3,13,37",60-109,"a=0.8,lw=1.5,r=0.04,w=0.25; a=1,lw=0.8,r=0.02,w=0.25; a=1,lw=0.8,r=0.015,w=0.25"
five_level_weak_anharmonic,hard_enriched_continuation_leak08,0.03,relax_0.0005,0.0,0.0005,101,0.9429059720625018,0.0020757122213478363,0.08508461576246673,0.03963182766095372,0.9616477138472006,0.0032659672942063397,120,131.44148018653505,0.319608985798139,1942,False,four seeds plus hard samples 13 and 37,"0,1,2,3,13,37",60-109,"a=0.8,lw=1.5,r=0.04,w=0.25; a=1,lw=0.8,r=0.02,w=0.25; a=1,lw=0.8,r=0.015,w=0.25"
five_level_weak_anharmonic,hard_enriched_continuation_leak08,0.03,relax_0.0005,0.0,0.0005,102,0.9400243111001316,0.0019144087155801293,0.06915881907290178,0.06332036315112967,0.9605563126160702,0.0032659672942063397,120,131.44148018653505,0.319608985798139,1942,False,four seeds plus hard samples 13 and 37,"0,1,2,3,13,37",60-109,"a=0.8,lw=1.5,r=0.04,w=0.25; a=1,lw=0.8,r=0.02,w=0.25; a=1,lw=0.8,r=0.015,w=0.25"
five_level_weak_anharmonic,hard_enriched_continuation_leak08,0.03,relax_0.0005,0.0,0.0005,103,0.9532532567037141,0.0006859274012022132,0.062193443590960684,0.06052845273426554,0.9667997913039532,0.0032659672942063397,120,131.44148018653505,0.319608985798139,1942,False,four seeds plus hard samples 13 and 37,"0,1,2,3,13,37",60-109,"a=0.8,lw=1.5,r=0.04,w=0.25; a=1,lw=0.8,r=0.02,w=0.25; a=1,lw=0.8,r=0.015,w=0.25"
five_level_weak_anharmonic,hard_enriched_continuation_leak08,0.03,relax_0.0005,0.0,0.0005,104,0.8352108828873387,0.0015002213375129303,0.0841266726028711,0.14561360259740727,0.964957581316613,0.0032659672942063397,120,131.44148018653505,0.319608985798139,1942,False,four seeds plus hard samples 13 and 37,"0,1,2,3,13,37",60-109,"a=0.8,lw=1.5,r=0.04,w=0.25; a=1,lw=0.8,r=0.02,w=0.25; a=1,lw=0.8,r=0.015,w=0.25"
five_level_weak_anharmonic,hard_enriched_continuation_leak08,0.03,relax_0.0005,0.0,0.0005,105,0.9481872815459653,0.0015790128177752827,0.07330115622011413,0.05627728199093249,0.9610037710013135,0.0032659672942063397,120,131.44148018653505,0.319608985798139,1942,False,four seeds plus hard samples 13 and 37,"0,1,2,3,13,37",60-109,"a=0.8,lw=1.5,r=0.04,w=0.25; a=1,lw=0.8,r=0.02,w=0.25; a=1,lw=0.8,r=0.015,w=0.25"
five_level_weak_anharmonic,hard_enriched_continuation_leak08,0.03,relax_0.0005,0.0,0.0005,106,0.9553531267269947,0.0029643760718899292,0.08361172306889597,0.042838023075464415,0.9616031326291256,0.0032659672942063397,120,131.44148018653505,0.319608985798139,1942,False,four seeds plus hard samples 13 and 37,"0,1,2,3,13,37",60-109,"a=0.8,lw=1.5,r=0.04,w=0.25; a=1,lw=0.8,r=0.02,w=0.25; a=1,lw=0.8,r=0.015,w=0.25"
five_level_weak_anharmonic,hard_enriched_continuation_leak08,0.03,relax_0.0005,0.0,0.0005,107,0.9516885792603889,0.0011064739212710561,0.06297736452317282,0.04660280699244572,0.963794456288787,0.0032659672942063397,120,131.44148018653505,0.319608985798139,1942,False,four seeds plus hard samples 13 and 37,"0,1,2,3,13,37",60-109,"a=0.8,lw=1.5,r=0.04,w=0.25; a=1,lw=0.8,r=0.02,w=0.25; a=1,lw=0.8,r=0.015,w=0.25"
five_level_weak_anharmonic,hard_enriched_continuation_leak08,0.03,relax_0.0005,0.0,0.0005,108,0.9430973046605524,0.0031292198192034437,0.05926488366269633,0.07877836117026027,0.9687210337677347,0.0032659672942063397,120,131.44148018653505,0.319608985798139,1942,False,four seeds plus hard samples 13 and 37,"0,1,2,3,13,37",60-109,"a=0.8,lw=1.5,r=0.04,w=0.25; a=1,lw=0.8,r=0.02,w=0.25; a=1,lw=0.8,r=0.015,w=0.25"
five_level_weak_anharmonic,hard_enriched_continuation_leak08,0.03,relax_0.0005,0.0,0.0005,109,0.9718696156699288,0.0019939973539594424,0.06339361162387447,0.021653863921264543,0.9597719742236969,0.0032659672942063397,120,131.44148018653505,0.319608985798139,1942,False,four seeds plus hard samples 13 and 37,"0,1,2,3,13,37",60-109,"a=0.8,lw=1.5,r=0.04,w=0.25; a=1,lw=0.8,r=0.02,w=0.25; a=1,lw=0.8,r=0.015,w=0.25"
five_level_weak_anharmonic,hard_enriched_continuation_leak08,0.03,combined,0.001,0.0005,60,0.9416114627763161,0.0025040814578692894,0.08320584242953966,0.05703829040465583,0.9475070404601037,0.0032659672942063397,120,131.44148018653505,0.319608985798139,1942,False,four seeds plus hard samples 13 and 37,"0,1,2,3,13,37",60-109,"a=0.8,lw=1.5,r=0.04,w=0.25; a=1,lw=0.8,r=0.02,w=0.25; a=1,lw=0.8,r=0.015,w=0.25"
five_level_weak_anharmonic,hard_enriched_continuation_leak08,0.03,combined,0.001,0.0005,61,0.9463336877141716,0.0025206066375417224,0.0814793322742633,0.0357888301192329,0.9477751680880365,0.0032659672942063397,120,131.44148018653505,0.319608985798139,1942,False,four seeds plus hard samples 13 and 37,"0,1,2,3,13,37",60-109,"a=0.8,lw=1.5,r=0.04,w=0.25; a=1,lw=0.8,r=0.02,w=0.25; a=1,lw=0.8,r=0.015,w=0.25"
five_level_weak_anharmonic,hard_enriched_continuation_leak08,0.03,combined,0.001,0.0005,62,0.8715541534084519,0.0014964687238806507,0.06950077289764556,0.08938985020639033,0.9480401476852642,0.0032659672942063397,120,131.44148018653505,0.319608985798139,1942,False,four seeds plus hard samples 13 and 37,"0,1,2,3,13,37",60-109,"a=0.8,lw=1.5,r=0.04,w=0.25; a=1,lw=0.8,r=0.02,w=0.25; a=1,lw=0.8,r=0.015,w=0.25"
five_level_weak_anharmonic,hard_enriched_continuation_leak08,0.03,combined,0.001,0.0005,63,0.927709668944653,0.0027331982179318315,0.06146747767043759,0.05944408404126675,0.9479757478831755,0.0032659672942063397,120,131.44148018653505,0.319608985798139,1942,False,four seeds plus hard samples 13 and 37,"0,1,2,3,13,37",60-109,"a=0.8,lw=1.5,r=0.04,w=0.25; a=1,lw=0.8,r=0.02,w=0.25; a=1,lw=0.8,r=0.015,w=0.25"
five_level_weak_anharmonic,hard_enriched_continuation_leak08,0.03,combined,0.001,0.0005,64,0.9043207827476933,0.004374040859172923,0.06831143016153396,0.058653479645429815,0.9476466942620455,0.0032659672942063397,120,131.44148018653505,0.319608985798139,1942,False,four seeds plus hard samples 13 and 37,"0,1,2,3,13,37",60-109,"a=0.8,lw=1.5,r=0.04,w=0.25; a=1,lw=0.8,r=0.02,w=0.25; a=1,lw=0.8,r=0.015,w=0.25"
five_level_weak_anharmonic,hard_enriched_continuation_leak08,0.03,combined,0.001,0.0005,65,0.9594580335983096,0.003933613686526671,0.09913914414153291,0.0396874675315986,0.9463413047564743,0.0032659672942063397,120,131.44148018653505,0.319608985798139,1942,False,four seeds plus hard samples 13 and 37,"0,1,2,3,13,37",60-109,"a=0.8,lw=1.5,r=0.04,w=0.25; a=1,lw=0.8,r=0.02,w=0.25; a=1,lw=0.8,r=0.015,w=0.25"
five_level_weak_anharmonic,hard_enriched_continuation_leak08,0.03,combined,0.001,0.0005,66,0.9551715018639418,0.0036198269637413016,0.07225782418730775,0.042834738980418355,0.9478686113677701,0.0032659672942063397,120,131.44148018653505,0.319608985798139,1942,False,four seeds plus hard samples 13 and 37,"0,1,2,3,13,37",60-109,"a=0.8,lw=1.5,r=0.04,w=0.25; a=1,lw=0.8,r=0.02,w=0.25; a=1,lw=0.8,r=0.015,w=0.25"
five_level_weak_anharmonic,hard_enriched_continuation_leak08,0.03,combined,0.001,0.0005,67,0.8944873491676434,0.0053365342402178495,0.08815415924130232,0.0700059988824713,0.9465978844113689,0.0032659672942063397,120,131.44148018653505,0.319608985798139,1942,False,four seeds plus hard samples 13 and 37,"0,1,2,3,13,37",60-109,"a=0.8,lw=1.5,r=0.04,w=0.25; a=1,lw=0.8,r=0.02,w=0.25; a=1,lw=0.8,r=0.015,w=0.25"
five_level_weak_anharmonic,hard_enriched_continuation_leak08,0.03,combined,0.001,0.0005,68,0.9163491191876018,0.0016325363208992139,0.062233923583830064,0.09061345428369147,0.9502648079535603,0.0032659672942063397,120,131.44148018653505,0.319608985798139,1942,False,four seeds plus hard samples 13 and 37,"0,1,2,3,13,37",60-109,"a=0.8,lw=1.5,r=0.04,w=0.25; a=1,lw=0.8,r=0.02,w=0.25; a=1,lw=0.8,r=0.015,w=0.25"
five_level_weak_anharmonic,hard_enriched_continuation_leak08,0.03,combined,0.001,0.0005,69,0.9601503449577711,0.002817402181854889,0.0796567645261782,0.036938705870176586,0.9480755285947349,0.0032659672942063397,120,131.44148018653505,0.319608985798139,1942,False,four seeds plus hard samples 13 and 37,"0,1,2,3,13,37",60-109,"a=0.8,lw=1.5,r=0.04,w=0.25; a=1,lw=0.8,r=0.02,w=0.25; a=1,lw=0.8,r=0.015,w=0.25"
five_level_weak_anharmonic,hard_enriched_continuation_leak08,0.03,combined,0.001,0.0005,70,0.8806790723586853,0.002651243063914177,0.07969135176121234,0.08302972349371389,0.9476114010517304,0.0032659672942063397,120,131.44148018653505,0.319608985798139,1942,False,four seeds plus hard samples 13 and 37,"0,1,2,3,13,37",60-109,"a=0.8,lw=1.5,r=0.04,w=0.25; a=1,lw=0.8,r=0.02,w=0.25; a=1,lw=0.8,r=0.015,w=0.25"
five_level_weak_anharmonic,hard_enriched_continuation_leak08,0.03,combined,0.001,0.0005,71,0.9462490278478454,0.006008064105016864,0.10273798769014042,0.042553132600600584,0.9472309648056139,0.0032659672942063397,120,131.44148018653505,0.319608985798139,1942,False,four seeds plus hard samples 13 and 37,"0,1,2,3,13,37",60-109,"a=0.8,lw=1.5,r=0.04,w=0.25; a=1,lw=0.8,r=0.02,w=0.25; a=1,lw=0.8,r=0.015,w=0.25"
five_level_weak_anharmonic,hard_enriched_continuation_leak08,0.03,combined,0.001,0.0005,72,0.9685759929766251,0.0038916465717329096,0.0832032498538724,0.030415162038996423,0.9468351823989241,0.0032659672942063397,120,131.44148018653505,0.319608985798139,1942,False,four seeds plus hard samples 13 and 37,"0,1,2,3,13,37",60-109,"a=0.8,lw=1.5,r=0.04,w=0.25; a=1,lw=0.8,r=0.02,w=0.25; a=1,lw=0.8,r=0.015,w=0.25"
five_level_weak_anharmonic,hard_enriched_continuation_leak08,0.03,combined,0.001,0.0005,73,0.9473414713256676,0.003541814760201656,0.07217103129957136,0.04209957961227844,0.9466667623676243,0.0032659672942063397,120,131.44148018653505,0.319608985798139,1942,False,four seeds plus hard samples 13 and 37,"0,1,2,3,13,37",60-109,"a=0.8,lw=1.5,r=0.04,w=0.25; a=1,lw=0.8,r=0.02,w=0.25; a=1,lw=0.8,r=0.015,w=0.25"
five_level_weak_anharmonic,hard_enriched_continuation_leak08,0.03,combined,0.001,0.0005,74,0.9377192518530135,0.004506697505025192,0.08243263664206757,0.054424264484174006,0.9475908185632976,0.0032659672942063397,120,131.44148018653505,0.319608985798139,1942,False,four seeds plus hard samples 13 and 37,"0,1,2,3,13,37",60-109,"a=0.8,lw=1.5,r=0.04,w=0.25; a=1,lw=0.8,r=0.02,w=0.25; a=1,lw=0.8,r=0.015,w=0.25"
five_level_weak_anharmonic,hard_enriched_continuation_leak08,0.03,combined,0.001,0.0005,75,0.9298218707146264,0.002277019219862564,0.07192034006581438,0.05248227256137855,0.9470588882516088,0.0032659672942063397,120,131.44148018653505,0.319608985798139,1942,False,four seeds plus hard samples 13 and 37,"0,1,2,3,13,37",60-109,"a=0.8,lw=1.5,r=0.04,w=0.25; a=1,lw=0.8,r=0.02,w=0.25; a=1,lw=0.8,r=0.015,w=0.25"
five_level_weak_anharmonic,hard_enriched_continuation_leak08,0.03,combined,0.001,0.0005,76,0.9641776034975958,0.0021006441054738367,0.06970880150896464,0.03923864126355829,0.9466023364820348,0.0032659672942063397,120,131.44148018653505,0.319608985798139,1942,False,four seeds plus hard samples 13 and 37,"0,1,2,3,13,37",60-109,"a=0.8,lw=1.5,r=0.04,w=0.25; a=1,lw=0.8,r=0.02,w=0.25; a=1,lw=0.8,r=0.015,w=0.25"
five_level_weak_anharmonic,hard_enriched_continuation_leak08,0.03,combined,0.001,0.0005,77,0.9600539181981376,0.002161430976716172,0.0786906164262341,0.030911702120231248,0.9475587165927999,0.0032659672942063397,120,131.44148018653505,0.319608985798139,1942,False,four seeds plus hard samples 13 and 37,"0,1,2,3,13,37",60-109,"a=0.8,lw=1.5,r=0.04,w=0.25; a=1,lw=0.8,r=0.02,w=0.25; a=1,lw=0.8,r=0.015,w=0.25"
five_level_weak_anharmonic,hard_enriched_continuation_leak08,0.03,combined,0.001,0.0005,78,0.9504708471911323,0.0037648052494563267,0.07270971100279422,0.05288934607721507,0.9464598568837314,0.0032659672942063397,120,131.44148018653505,0.319608985798139,1942,False,four seeds plus hard samples 13 and 37,"0,1,2,3,13,37",60-109,"a=0.8,lw=1.5,r=0.04,w=0.25; a=1,lw=0.8,r=0.02,w=0.25; a=1,lw=0.8,r=0.015,w=0.25"
five_level_weak_anharmonic,hard_enriched_continuation_leak08,0.03,combined,0.001,0.0005,79,0.9513829520288988,0.0035872287245849455,0.06995892868548526,0.058531113156604996,0.9484194418744273,0.0032659672942063397,120,131.44148018653505,0.319608985798139,1942,False,four seeds plus hard samples 13 and 37,"0,1,2,3,13,37",60-109,"a=0.8,lw=1.5,r=0.04,w=0.25; a=1,lw=0.8,r=0.02,w=0.25; a=1,lw=0.8,r=0.015,w=0.25"
five_level_weak_anharmonic,hard_enriched_continuation_leak08,0.03,combined,0.001,0.0005,80,0.9050709113068165,0.0030825689727274064,0.05991561724464012,0.11393137305962163,0.9500707883075277,0.0032659672942063397,120,131.44148018653505,0.319608985798139,1942,False,four seeds plus hard samples 13 and 37,"0,1,2,3,13,37",60-109,"a=0.8,lw=1.5,r=0.04,w=0.25; a=1,lw=0.8,r=0.02,w=0.25; a=1,lw=0.8,r=0.015,w=0.25"
five_level_weak_anharmonic,hard_enriched_continuation_leak08,0.03,combined,0.001,0.0005,81,0.8661778060473339,0.004084207858336075,0.057884869835350905,0.127028915065685,0.9488187662189514,0.0032659672942063397,120,131.44148018653505,0.319608985798139,1942,False,four seeds plus hard samples 13 and 37,"0,1,2,3,13,37",60-109,"a=0.8,lw=1.5,r=0.04,w=0.25; a=1,lw=0.8,r=0.02,w=0.25; a=1,lw=0.8,r=0.015,w=0.25"
five_level_weak_anharmonic,hard_enriched_continuation_leak08,0.03,combined,0.001,0.0005,82,0.920633351383233,0.0031817076233501274,0.07212014459827176,0.07261341272221446,0.9477781952199021,0.0032659672942063397,120,131.44148018653505,0.319608985798139,1942,False,four seeds plus hard samples 13 and 37,"0,1,2,3,13,37",60-109,"a=0.8,lw=1.5,r=0.04,w=0.25; a=1,lw=0.8,r=0.02,w=0.25; a=1,lw=0.8,r=0.015,w=0.25"
five_level_weak_anharmonic,hard_enriched_continuation_leak08,0.03,combined,0.001,0.0005,83,0.947125186900923,0.0042371330771542315,0.09501242147623024,0.044699883036904996,0.9469546392915116,0.0032659672942063397,120,131.44148018653505,0.319608985798139,1942,False,four seeds plus hard samples 13 and 37,"0,1,2,3,13,37",60-109,"a=0.8,lw=1.5,r=0.04,w=0.25; a=1,lw=0.8,r=0.02,w=0.25; a=1,lw=0.8,r=0.015,w=0.25"
five_level_weak_anharmonic,hard_enriched_continuation_leak08,0.03,combined,0.001,0.0005,84,0.9703349137816629,0.0034209270390166413,0.06535020173425332,0.026399156564325718,0.9478416991977541,0.0032659672942063397,120,131.44148018653505,0.319608985798139,1942,False,four seeds plus hard samples 13 and 37,"0,1,2,3,13,37",60-109,"a=0.8,lw=1.5,r=0.04,w=0.25; a=1,lw=0.8,r=0.02,w=0.25; a=1,lw=0.8,r=0.015,w=0.25"
five_level_weak_anharmonic,hard_enriched_continuation_leak08,0.03,combined,0.001,0.0005,85,0.8591220135288766,0.0029443181801328544,0.06043435892127724,0.15551312176267434,0.9509325228646711,0.0032659672942063397,120,131.44148018653505,0.319608985798139,1942,False,four seeds plus hard samples 13 and 37,"0,1,2,3,13,37",60-109,"a=0.8,lw=1.5,r=0.04,w=0.25; a=1,lw=0.8,r=0.02,w=0.25; a=1,lw=0.8,r=0.015,w=0.25"
five_level_weak_anharmonic,hard_enriched_continuation_leak08,0.03,combined,0.001,0.0005,86,0.8849039848029954,0.0030409220173571727,0.07857862093550017,0.09044492237342106,0.9465237642093117,0.0032659672942063397,120,131.44148018653505,0.319608985798139,1942,False,four seeds plus hard samples 13 and 37,"0,1,2,3,13,37",60-109,"a=0.8,lw=1.5,r=0.04,w=0.25; a=1,lw=0.8,r=0.02,w=0.25; a=1,lw=0.8,r=0.015,w=0.25"
five_level_weak_anharmonic,hard_enriched_continuation_leak08,0.03,combined,0.001,0.0005,87,0.9709757234571554,0.0025638930239857416,0.06947304359696638,0.028483084203357555,0.948156900726909,0.0032659672942063397,120,131.44148018653505,0.319608985798139,1942,False,four seeds plus hard samples 13 and 37,"0,1,2,3,13,37",60-109,"a=0.8,lw=1.5,r=0.04,w=0.25; a=1,lw=0.8,r=0.02,w=0.25; a=1,lw=0.8,r=0.015,w=0.25"
five_level_weak_anharmonic,hard_enriched_continuation_leak08,0.03,combined,0.001,0.0005,88,0.8866567160955607,0.002442513473065122,0.07743018977231608,0.068721949679519,0.948093554743956,0.0032659672942063397,120,131.44148018653505,0.319608985798139,1942,False,four seeds plus hard samples 13 and 37,"0,1,2,3,13,37",60-109,"a=0.8,lw=1.5,r=0.04,w=0.25; a=1,lw=0.8,r=0.02,w=0.25; a=1,lw=0.8,r=0.015,w=0.25"
five_level_weak_anharmonic,hard_enriched_continuation_leak08,0.03,combined,0.001,0.0005,89,0.8946702259249039,0.0028232028080205085,0.05854300346836605,0.0888412569434003,0.9490958019150804,0.0032659672942063397,120,131.44148018653505,0.319608985798139,1942,False,four seeds plus hard samples 13 and 37,"0,1,2,3,13,37",60-109,"a=0.8,lw=1.5,r=0.04,w=0.25; a=1,lw=0.8,r=0.02,w=0.25; a=1,lw=0.8,r=0.015,w=0.25"
five_level_weak_anharmonic,hard_enriched_continuation_leak08,0.03,combined,0.001,0.0005,90,0.8692748568882049,0.0022249053473907265,0.06540317703481913,0.12267265559482783,0.9498942719997435,0.0032659672942063397,120,131.44148018653505,0.319608985798139,1942,False,four seeds plus hard samples 13 and 37,"0,1,2,3,13,37",60-109,"a=0.8,lw=1.5,r=0.04,w=0.25; a=1,lw=0.8,r=0.02,w=0.25; a=1,lw=0.8,r=0.015,w=0.25"
five_level_weak_anharmonic,hard_enriched_continuation_leak08,0.03,combined,0.001,0.0005,91,0.9536960111882952,0.002867914232465796,0.07315187300245474,0.039766468958350745,0.9470137716728659,0.0032659672942063397,120,131.44148018653505,0.319608985798139,1942,False,four seeds plus hard samples 13 and 37,"0,1,2,3,13,37",60-109,"a=0.8,lw=1.5,r=0.04,w=0.25; a=1,lw=0.8,r=0.02,w=0.25; a=1,lw=0.8,r=0.015,w=0.25"
five_level_weak_anharmonic,hard_enriched_continuation_leak08,0.03,combined,0.001,0.0005,92,0.9427549958417754,0.0027526836551994283,0.0693314772569309,0.043938029177884814,0.9467543691345075,0.0032659672942063397,120,131.44148018653505,0.319608985798139,1942,False,four seeds plus hard samples 13 and 37,"0,1,2,3,13,37",60-109,"a=0.8,lw=1.5,r=0.04,w=0.25; a=1,lw=0.8,r=0.02,w=0.25; a=1,lw=0.8,r=0.015,w=0.25"
five_level_weak_anharmonic,hard_enriched_continuation_leak08,0.03,combined,0.001,0.0005,93,0.9144172511177088,0.0035363487405004612,0.07336159297629574,0.09094631769112536,0.949183273156232,0.0032659672942063397,120,131.44148018653505,0.319608985798139,1942,False,four seeds plus hard samples 13 and 37,"0,1,2,3,13,37",60-109,"a=0.8,lw=1.5,r=0.04,w=0.25; a=1,lw=0.8,r=0.02,w=0.25; a=1,lw=0.8,r=0.015,w=0.25"
five_level_weak_anharmonic,hard_enriched_continuation_leak08,0.03,combined,0.001,0.0005,94,0.9103883237850571,0.0021566103302891326,0.05409597814020706,0.08336016194446694,0.9484425611764752,0.0032659672942063397,120,131.44148018653505,0.319608985798139,1942,False,four seeds plus hard samples 13 and 37,"0,1,2,3,13,37",60-109,"a=0.8,lw=1.5,r=0.04,w=0.25; a=1,lw=0.8,r=0.02,w=0.25; a=1,lw=0.8,r=0.015,w=0.25"
five_level_weak_anharmonic,hard_enriched_continuation_leak08,0.03,combined,0.001,0.0005,95,0.9515734282031243,0.0043884881205070725,0.07746172140622776,0.04119755319610091,0.9477948935832399,0.0032659672942063397,120,131.44148018653505,0.319608985798139,1942,False,four seeds plus hard samples 13 and 37,"0,1,2,3,13,37",60-109,"a=0.8,lw=1.5,r=0.04,w=0.25; a=1,lw=0.8,r=0.02,w=0.25; a=1,lw=0.8,r=0.015,w=0.25"
five_level_weak_anharmonic,hard_enriched_continuation_leak08,0.03,combined,0.001,0.0005,96,0.9639605275735704,0.0021336328087931955,0.06333611073724632,0.031228458156868578,0.9473375390407829,0.0032659672942063397,120,131.44148018653505,0.319608985798139,1942,False,four seeds plus hard samples 13 and 37,"0,1,2,3,13,37",60-109,"a=0.8,lw=1.5,r=0.04,w=0.25; a=1,lw=0.8,r=0.02,w=0.25; a=1,lw=0.8,r=0.015,w=0.25"
five_level_weak_anharmonic,hard_enriched_continuation_leak08,0.03,combined,0.001,0.0005,97,0.8978772776043797,0.0035901238109927736,0.08055078408718741,0.07764776501027543,0.94711439548285,0.0032659672942063397,120,131.44148018653505,0.319608985798139,1942,False,four seeds plus hard samples 13 and 37,"0,1,2,3,13,37",60-109,"a=0.8,lw=1.5,r=0.04,w=0.25; a=1,lw=0.8,r=0.02,w=0.25; a=1,lw=0.8,r=0.015,w=0.25"
five_level_weak_anharmonic,hard_enriched_continuation_leak08,0.03,combined,0.001,0.0005,98,0.9622937722633309,0.0020331914859630373,0.07582108130630094,0.030212558837246117,0.947460709290936,0.0032659672942063397,120,131.44148018653505,0.319608985798139,1942,False,four seeds plus hard samples 13 and 37,"0,1,2,3,13,37",60-109,"a=0.8,lw=1.5,r=0.04,w=0.25; a=1,lw=0.8,r=0.02,w=0.25; a=1,lw=0.8,r=0.015,w=0.25"
five_level_weak_anharmonic,hard_enriched_continuation_leak08,0.03,combined,0.001,0.0005,99,0.9705441152827853,0.0018756828904058498,0.06474095530153723,0.03416356390593046,0.9486388789237581,0.0032659672942063397,120,131.44148018653505,0.319608985798139,1942,False,four seeds plus hard samples 13 and 37,"0,1,2,3,13,37",60-109,"a=0.8,lw=1.5,r=0.04,w=0.25; a=1,lw=0.8,r=0.02,w=0.25; a=1,lw=0.8,r=0.015,w=0.25"
five_level_weak_anharmonic,hard_enriched_continuation_leak08,0.03,combined,0.001,0.0005,100,0.7952347527025251,0.0020676455320909337,0.08595495304837564,0.17637918208542744,0.9482443470068983,0.0032659672942063397,120,131.44148018653505,0.319608985798139,1942,False,four seeds plus hard samples 13 and 37,"0,1,2,3,13,37",60-109,"a=0.8,lw=1.5,r=0.04,w=0.25; a=1,lw=0.8,r=0.02,w=0.25; a=1,lw=0.8,r=0.015,w=0.25"
five_level_weak_anharmonic,hard_enriched_continuation_leak08,0.03,combined,0.001,0.0005,101,0.9358548670437458,0.003284902264768408,0.08557076832860577,0.04657356384223552,0.9480648176686748,0.0032659672942063397,120,131.44148018653505,0.319608985798139,1942,False,four seeds plus hard samples 13 and 37,"0,1,2,3,13,37",60-109,"a=0.8,lw=1.5,r=0.04,w=0.25; a=1,lw=0.8,r=0.02,w=0.25; a=1,lw=0.8,r=0.015,w=0.25"
five_level_weak_anharmonic,hard_enriched_continuation_leak08,0.03,combined,0.001,0.0005,102,0.9347866471939713,0.0028551645007082183,0.06969605005661517,0.06834254591593684,0.9476646964635213,0.0032659672942063397,120,131.44148018653505,0.319608985798139,1942,False,four seeds plus hard samples 13 and 37,"0,1,2,3,13,37",60-109,"a=0.8,lw=1.5,r=0.04,w=0.25; a=1,lw=0.8,r=0.02,w=0.25; a=1,lw=0.8,r=0.015,w=0.25"
five_level_weak_anharmonic,hard_enriched_continuation_leak08,0.03,combined,0.001,0.0005,103,0.9461826141026286,0.0015591821924542115,0.06265853961082501,0.066930823143383,0.9491643929960737,0.0032659672942063397,120,131.44148018653505,0.319608985798139,1942,False,four seeds plus hard samples 13 and 37,"0,1,2,3,13,37",60-109,"a=0.8,lw=1.5,r=0.04,w=0.25; a=1,lw=0.8,r=0.02,w=0.25; a=1,lw=0.8,r=0.015,w=0.25"
five_level_weak_anharmonic,hard_enriched_continuation_leak08,0.03,combined,0.001,0.0005,104,0.8305569488840924,0.0025019032716881995,0.08467307410823155,0.1502616723171385,0.9490975642212717,0.0032659672942063397,120,131.44148018653505,0.319608985798139,1942,False,four seeds plus hard samples 13 and 37,"0,1,2,3,13,37",60-109,"a=0.8,lw=1.5,r=0.04,w=0.25; a=1,lw=0.8,r=0.02,w=0.25; a=1,lw=0.8,r=0.015,w=0.25"
five_level_weak_anharmonic,hard_enriched_continuation_leak08,0.03,combined,0.001,0.0005,105,0.9424252103668158,0.002682933799119658,0.0737991051304343,0.06175160374757258,0.9478510101377706,0.0032659672942063397,120,131.44148018653505,0.319608985798139,1942,False,four seeds plus hard samples 13 and 37,"0,1,2,3,13,37",60-109,"a=0.8,lw=1.5,r=0.04,w=0.25; a=1,lw=0.8,r=0.02,w=0.25; a=1,lw=0.8,r=0.015,w=0.25"
five_level_weak_anharmonic,hard_enriched_continuation_leak08,0.03,combined,0.001,0.0005,106,0.9495813237538796,0.004216907859136421,0.08421046084534578,0.048533352842957775,0.9470590639612763,0.0032659672942063397,120,131.44148018653505,0.319608985798139,1942,False,four seeds plus hard samples 13 and 37,"0,1,2,3,13,37",60-109,"a=0.8,lw=1.5,r=0.04,w=0.25; a=1,lw=0.8,r=0.02,w=0.25; a=1,lw=0.8,r=0.015,w=0.25"
five_level_weak_anharmonic,hard_enriched_continuation_leak08,0.03,combined,0.001,0.0005,107,0.9447645464190749,0.0020055115142003643,0.06350544625054089,0.05308710012269176,0.9491949045276359,0.0032659672942063397,120,131.44148018653505,0.319608985798139,1942,False,four seeds plus hard samples 13 and 37,"0,1,2,3,13,37",60-109,"a=0.8,lw=1.5,r=0.04,w=0.25; a=1,lw=0.8,r=0.02,w=0.25; a=1,lw=0.8,r=0.015,w=0.25"
five_level_weak_anharmonic,hard_enriched_continuation_leak08,0.03,combined,0.001,0.0005,108,0.935889152991181,0.003943411135084451,0.05977198446503729,0.08508684327490704,0.9492536415583112,0.0032659672942063397,120,131.44148018653505,0.319608985798139,1942,False,four seeds plus hard samples 13 and 37,"0,1,2,3,13,37",60-109,"a=0.8,lw=1.5,r=0.04,w=0.25; a=1,lw=0.8,r=0.02,w=0.25; a=1,lw=0.8,r=0.015,w=0.25"
five_level_weak_anharmonic,hard_enriched_continuation_leak08,0.03,combined,0.001,0.0005,109,0.9655780575952039,0.0029737721007330187,0.06391638391432064,0.027781205027206827,0.94785152707921,0.0032659672942063397,120,131.44148018653505,0.319608985798139,1942,False,four seeds plus hard samples 13 and 37,"0,1,2,3,13,37",60-109,"a=0.8,lw=1.5,r=0.04,w=0.25; a=1,lw=0.8,r=0.02,w=0.25; a=1,lw=0.8,r=0.015,w=0.25"
