system,controller,eval_strength,noise_case,gamma_phi,gamma_relax,seed,final_fidelity,final_leakage,max_leakage,tail_infidelity_mean,final_purity,pulse_energy,segments,training_seconds,training_objective,optimizer_iterations,optimizer_success,continuation_label,stage_description
five_level_weak_anharmonic,seed_continuation_path_seed,0.03,static_only,0.0,0.0,10,0.9385594302258522,0.0442467840959867,0.04834731393124225,0.13188602034729044,0.9999998929561222,0.0013843749999999998,120,66.67389336880296,,,,path seed,
five_level_weak_anharmonic,seed_continuation_path_seed,0.03,static_only,0.0,0.0,11,0.7670929036634855,0.04609719969595172,0.050571120097872124,0.1159487019466316,0.9999997988611964,0.0013843749999999998,120,66.67389336880296,,,,path seed,
five_level_weak_anharmonic,seed_continuation_path_seed,0.03,static_only,0.0,0.0,12,0.800772660557086,0.042079282664754136,0.04397017071811793,0.11385828502018466,0.9999998361987751,0.0013843749999999998,120,66.67389336880296,,,,path seed,
five_level_weak_anharmonic,seed_continuation_path_seed,0.03,static_only,0.0,0.0,13,0.5210049001012788,0.02402228210837143,0.025534061204040892,0.5129517759635257,0.9999999454460391,0.0013843749999999998,120,66.67389336880296,,,,path seed,
five_level_weak_anharmonic,seed_continuation_path_seed,0.03,static_only,0.0,0.0,14,0.6874798154182011,0.028205780652755252,0.0300571019663316,0.3333036117538011,0.9999999242390858,0.0013843749999999998,120,66.67389336880296,,,,path seed,
five_level_weak_anharmonic,seed_continuation_path_seed,0.03,static_only,0.0,0.0,15,0.913352886140659,0.055139534309706306,0.061032155136744204,0.08418080625253001,0.9999998222340329,0.0013843749999999998,120,66.67389336880296,,,,path seed,
five_level_weak_anharmonic,seed_continuation_path_seed,0.03,static_only,0.0,0.0,16,0.8630785865184628,0.05074503166952993,0.054371142348127566,0.06875192418405715,0.9999998165240375,0.0013843749999999998,120,66.67389336880296,,,,path seed,
five_level_weak_anharmonic,seed_continuation_path_seed,0.03,static_only,0.0,0.0,17,0.9448073163456742,0.038801589996633856,0.04326864571648059,0.10539409921830582,0.9999998880700692,0.0013843749999999998,120,66.67389336880296,,,,path seed,
five_level_weak_anharmonic,seed_continuation_path_seed,0.03,static_only,0.0,0.0,18,0.9156054761200509,0.054184327052104186,0.054898103801933607,0.1238107882733133,0.999999878101818,0.0013843749999999998,120,66.67389336880296,,,,path seed,
five_level_weak_anharmonic,seed_continuation_path_seed,0.03,static_only,0.0,0.0,19,0.8161722518844072,0.03415074786434669,0.03871145318278024,0.09541641335476549,0.9999998735629022,0.0013843749999999998,120,66.67389336880296,,,,path seed,
five_level_weak_anharmonic,seed_continuation_path_seed,0.03,static_only,0.0,0.0,20,0.900821467528843,0.054709962256766054,0.05721063776738666,0.07019797745662576,0.999999880693482,0.0013843749999999998,120,66.67389336880296,,,,path seed,
five_level_weak_anharmonic,seed_continuation_path_seed,0.03,static_only,0.0,0.0,21,0.9192366710578953,0.03808217868107455,0.04383324822677126,0.04747327468145988,0.9999998715798559,0.0013843749999999998,120,66.67389336880296,,,,path seed,
five_level_weak_anharmonic,seed_continuation_path_seed,0.03,static_only,0.0,0.0,22,0.9119854332044961,0.0408344654938243,0.045158166501615304,0.05199998696156542,0.999999861573619,0.0013843749999999998,120,66.67389336880296,,,,path seed,
five_level_weak_anharmonic,seed_continuation_path_seed,0.03,static_only,0.0,0.0,23,0.9064179633873213,0.045410076329983284,0.04791916280425257,0.08072717360135527,0.9999998762196693,0.0013843749999999998,120,66.67389336880296,,,,path seed,
five_level_weak_anharmonic,seed_continuation_path_seed,0.03,static_only,0.0,0.0,24,0.8420216361065859,0.02559764272158649,0.034757861175422566,0.15073220713937496,0.9999998788808018,0.0013843749999999998,120,66.67389336880296,,,,path seed,
five_level_weak_anharmonic,seed_continuation_path_seed,0.03,static_only,0.0,0.0,25,0.8257012083104096,0.04053702640648449,0.04370513738154291,0.1626626042796547,0.9999998756901294,0.0013843749999999998,120,66.67389336880296,,,,path seed,
five_level_weak_anharmonic,seed_continuation_path_seed,0.03,static_only,0.0,0.0,26,0.9046966608983575,0.0577231637567861,0.0577231637567861,0.11440784863659814,0.9999998599060711,0.0013843749999999998,120,66.67389336880296,,,,path seed,
five_level_weak_anharmonic,seed_continuation_path_seed,0.03,static_only,0.0,0.0,27,0.8670756228003252,0.04000104334015886,0.043974744024457446,0.16083117914798944,0.9999998965659617,0.0013843749999999998,120,66.67389336880296,,,,path seed,
five_level_weak_anharmonic,seed_continuation_path_seed,0.03,static_only,0.0,0.0,28,0.909072612728995,0.058489386980214,0.0644444156127103,0.06077172555907381,0.9999998065015004,0.0013843749999999998,120,66.67389336880296,,,,path seed,
five_level_weak_anharmonic,seed_continuation_path_seed,0.03,static_only,0.0,0.0,29,0.946434762580584,0.049140573726391135,0.05107110123938008,0.08694053986128827,0.9999998738884137,0.0013843749999999998,120,66.67389336880296,,,,path seed,
five_level_weak_anharmonic,seed_continuation_path_seed,0.03,static_only,0.0,0.0,30,0.8294908478263073,0.038936828162260406,0.03997833656191607,0.22770251809118797,0.9999999138345802,0.0013843749999999998,120,66.67389336880296,,,,path seed,
five_level_weak_anharmonic,seed_continuation_path_seed,0.03,static_only,0.0,0.0,31,0.8081248057560041,0.037567194889427835,0.0477588780765561,0.1063739960918792,0.9999998188833742,0.0013843749999999998,120,66.67389336880296,,,,path seed,
five_level_weak_anharmonic,seed_continuation_path_seed,0.03,static_only,0.0,0.0,32,0.8095284756011647,0.037090347774460186,0.04172199473971361,0.09899587571183549,0.9999998189839673,0.0013843749999999998,120,66.67389336880296,,,,path seed,
five_level_weak_anharmonic,seed_continuation_path_seed,0.03,static_only,0.0,0.0,33,0.814501217299735,0.03838123859434606,0.038428776181931745,0.26074730010869623,0.9999999329445137,0.0013843749999999998,120,66.67389336880296,,,,path seed,
five_level_weak_anharmonic,seed_continuation_path_seed,0.03,static_only,0.0,0.0,34,0.8391474522627522,0.05494725442088422,0.05500974768966582,0.17137630120239006,0.9999998759832843,0.0013843749999999998,120,66.67389336880296,,,,path seed,
five_level_weak_anharmonic,seed_continuation_path_seed,0.03,static_only,0.0,0.0,35,0.9163613272693122,0.062171300607442914,0.06576452373896413,0.08783146993431164,0.9999998521123361,0.0013843749999999998,120,66.67389336880296,,,,path seed,
five_level_weak_anharmonic,seed_continuation_path_seed,0.03,static_only,0.0,0.0,36,0.8387149609369838,0.0421829534819933,0.04784064653993936,0.08684233217420159,0.999999821545023,0.0013843749999999998,120,66.67389336880296,,,,path seed,
five_level_weak_anharmonic,seed_continuation_path_seed,0.03,static_only,0.0,0.0,37,0.8873308609188368,0.037885337993870394,0.04251599768719638,0.19999773682816818,0.9999999064149222,0.0013843749999999998,120,66.67389336880296,,,,path seed,
five_level_weak_anharmonic,seed_continuation_path_seed,0.03,static_only,0.0,0.0,38,0.7253882898057549,0.022758768241234018,0.023795789638172304,0.3326186242769021,0.999999947815384,0.0013843749999999998,120,66.67389336880296,,,,path seed,
five_level_weak_anharmonic,seed_continuation_path_seed,0.03,static_only,0.0,0.0,39,0.8495852394980558,0.04088318220625187,0.05229929669742772,0.10411506475746309,0.9999998100198201,0.0013843749999999998,120,66.67389336880296,,,,path seed,
five_level_weak_anharmonic,seed_continuation_path_seed,0.03,static_only,0.0,0.0,40,0.9306674291038217,0.05450554518659645,0.05693588735168409,0.06140509535418176,0.9999998488812938,0.0013843749999999998,120,66.67389336880296,,,,path seed,
five_level_weak_anharmonic,seed_continuation_path_seed,0.03,static_only,0.0,0.0,41,0.885563652916104,0.047810279162057046,0.050904559195759314,0.06733246697703245,0.9999998629281857,0.0013843749999999998,120,66.67389336880296,,,,path seed,
five_level_weak_anharmonic,seed_continuation_path_seed,0.03,static_only,0.0,0.0,42,0.8712708006419744,0.05168535341241154,0.05168535341241154,0.1640212086457615,0.9999999026394203,0.0013843749999999998,120,66.67389336880296,,,,path seed,
five_level_weak_anharmonic,seed_continuation_path_seed,0.03,static_only,0.0,0.0,43,0.8316593954052589,0.035531149545943275,0.04027005600462219,0.11839408796622206,0.9999998655833929,0.0013843749999999998,120,66.67389336880296,,,,path seed,
five_level_weak_anharmonic,seed_continuation_path_seed,0.03,static_only,0.0,0.0,44,0.6726877086293164,0.027029729638023525,0.029771577146876282,0.4130765789981287,0.9999999454511616,0.0013843749999999998,120,66.67389336880296,,,,path seed,
five_level_weak_anharmonic,seed_continuation_path_seed,0.03,static_only,0.0,0.0,45,0.8649523049516455,0.04848195081676021,0.053443012763449094,0.15208708797274298,0.9999998676705028,0.0013843749999999998,120,66.67389336880296,,,,path seed,
five_level_weak_anharmonic,seed_continuation_path_seed,0.03,static_only,0.0,0.0,46,0.7838628001412463,0.03534165010293622,0.038443431135139816,0.10160758619461548,0.9999998516604384,0.0013843749999999998,120,66.67389336880296,,,,path seed,
five_level_weak_anharmonic,seed_continuation_path_seed,0.03,static_only,0.0,0.0,47,0.9061463952814123,0.038526054313907765,0.04949987258447064,0.058028079342822655,0.9999998474503957,0.0013843749999999998,120,66.67389336880296,,,,path seed,
five_level_weak_anharmonic,seed_continuation_path_seed,0.03,static_only,0.0,0.0,48,0.5599218072894847,0.024110939208806137,0.04404342720990695,0.2638505588974588,0.9999997892742235,0.0013843749999999998,120,66.67389336880296,,,,path seed,
five_level_weak_anharmonic,seed_continuation_path_seed,0.03,static_only,0.0,0.0,49,0.9076089585240091,0.04061471930772054,0.04937550421478876,0.059345573129620154,0.9999998308444873,0.0013843749999999998,120,66.67389336880296,,,,path seed,
five_level_weak_anharmonic,seed_continuation_path_seed,0.03,static_only,0.0,0.0,50,0.8791013487612541,0.0444309712190325,0.050013580146498704,0.1401343179856609,0.9999998642577075,0.0013843749999999998,120,66.67389336880296,,,,path seed,
five_level_weak_anharmonic,seed_continuation_path_seed,0.03,static_only,0.0,0.0,51,0.9397075845766638,0.05793943662310941,0.05933784067013925,0.0688831411987662,0.9999998599754223,0.0013843749999999998,120,66.67389336880296,,,,path seed,
five_level_weak_anharmonic,seed_continuation_path_seed,0.03,static_only,0.0,0.0,52,0.8720193374249984,0.03634400524377335,0.04425972910433995,0.06925837642089354,0.99999984369447,0.0013843749999999998,120,66.67389336880296,,,,path seed,
five_level_weak_anharmonic,seed_continuation_path_seed,0.03,static_only,0.0,0.0,53,0.7602410548213806,0.03994610271573873,0.040169600271320216,0.20987960927911722,0.9999998795874339,0.0013843749999999998,120,66.67389336880296,,,,path seed,
five_level_weak_anharmonic,seed_continuation_path_seed,0.03,static_only,0.0,0.0,54,0.7908553767693389,0.04104008554809524,0.044307051516644935,0.16437885307102035,0.9999998495927317,0.0013843749999999998,120,66.67389336880296,,,,path seed,
five_level_weak_anharmonic,seed_continuation_path_seed,0.03,static_only,0.0,0.0,55,0.6704906880135763,0.035876396386643306,0.03929077364330391,0.3861887766210683,0.9999999230552395,0.0013843749999999998,120,66.67389336880296,,,,path seed,
five_level_weak_anharmonic,seed_continuation_path_seed,0.03,static_only,0.0,0.0,56,0.8457233064283293,0.03457471302365456,0.04927398353636714,0.09576262337791835,0.999999854970905,0.0013843749999999998,120,66.67389336880296,,,,path seed,
five_level_weak_anharmonic,seed_continuation_path_seed,0.03,static_only,0.0,0.0,57,0.9252092849344421,0.06392877091362126,0.0695993627921292,0.10931122863029163,0.9999998464765003,0.0013843749999999998,120,66.67389336880296,,,,path seed,
five_level_weak_anharmonic,seed_continuation_path_seed,0.03,static_only,0.0,0.0,58,0.8902608463597428,0.03449232292203119,0.04110604073238466,0.06895778118105773,0.9999998493872527,0.0013843749999999998,120,66.67389336880296,,,,path seed,
five_level_weak_anharmonic,seed_continuation_path_seed,0.03,static_only,0.0,0.0,59,0.6805465576275876,0.035152909807474986,0.044785517730376756,0.178046650613628,0.9999997895509304,0.0013843749999999998,120,66.67389336880296,,,,path seed,
five_level_weak_anharmonic,seed_continuation_path_seed,0.03,deph_0.001,0.001,0.0,10,0.9296954633005995,0.044879142430861996,0.04873272277382701,0.13877965794717934,0.9802114419392116,0.0013843749999999998,120,66.67389336880296,,,,path seed,
five_level_weak_anharmonic,seed_continuation_path_seed,0.03,deph_0.001,0.001,0.0,11,0.7633061857803081,0.04657282807536833,0.05097618039813456,0.12150600462849157,0.9838724033038208,0.0013843749999999998,120,66.67389336880296,,,,path seed,
five_level_weak_anharmonic,seed_continuation_path_seed,0.03,deph_0.001,0.001,0.0,12,0.7959999966496881,0.042696351952669076,0.044402986385059906,0.12028232716359367,0.9826633302706108,0.0013843749999999998,120,66.67389336880296,,,,path seed,
five_level_weak_anharmonic,seed_continuation_path_seed,0.03,deph_0.001,0.001,0.0,13,0.521722278539412,0.024687245345489606,0.02603312979012906,0.5117428761976166,0.9752947128698027,0.0013843749999999998,120,66.67389336880296,,,,path seed,
five_level_weak_anharmonic,seed_continuation_path_seed,0.03,deph_0.001,0.001,0.0,14,0.685048676686088,0.028627441285943522,0.03039181219168574,0.3350461322537164,0.9765023313706676,0.0013843749999999998,120,66.67389336880296,,,,path seed,
five_level_weak_anharmonic,seed_continuation_path_seed,0.03,deph_0.001,0.001,0.0,15,0.905663471885199,0.05611308059948528,0.06123634492476204,0.09097904060628054,0.9826694965384848,0.0013843749999999998,120,66.67389336880296,,,,path seed,
five_level_weak_anharmonic,seed_continuation_path_seed,0.03,deph_0.001,0.001,0.0,16,0.8572457190724978,0.05116178743895183,0.05474424758581886,0.0754630066751148,0.9840642355805077,0.0013843749999999998,120,66.67389336880296,,,,path seed,
five_level_weak_anharmonic,seed_continuation_path_seed,0.03,deph_0.001,0.001,0.0,17,0.9369754442209142,0.03961775505303944,0.04389895353663498,0.11172483963817084,0.9823065782188032,0.0013843749999999998,120,66.67389336880296,,,,path seed,
five_level_weak_anharmonic,seed_continuation_path_seed,0.03,deph_0.001,0.001,0.0,18,0.9082163360081495,0.054514633580782235,0.05520504492668998,0.13013511043537435,0.9811031983562007,0.0013843749999999998,120,66.67389336880296,,,,path seed,
five_level_weak_anharmonic,seed_continuation_path_seed,0.03,deph_0.001,0.001,0.0,19,0.8114906165980664,0.034643859531643395,0.03907996454383389,0.10143785742335741,0.9839219933684142,0.0013843749999999998,120,66.67389336880296,,,,path seed,
five_level_weak_anharmonic,seed_continuation_path_seed,0.03,deph_0.001,0.001,0.0,20,0.8940835661785586,0.05467215553095395,0.057107208227126005,0.0774215625958803,0.9833280835660322,0.0013843749999999998,120,66.67389336880296,,,,path seed,
five_level_weak_anharmonic,seed_continuation_path_seed,0.03,deph_0.001,0.001,0.0,21,0.9124815099101631,0.03847923125966668,0.04400534739886475,0.05434408628403787,0.9847071956583419,0.0013843749999999998,120,66.67389336880296,,,,path seed,
five_level_weak_anharmonic,seed_continuation_path_seed,0.03,deph_0.001,0.001,0.0,22,0.9050171858499589,0.04142327870193985,0.045614648264050595,0.05890872174812871,0.9843457423180604,0.0013843749999999998,120,66.67389336880296,,,,path seed,
five_level_weak_anharmonic,seed_continuation_path_seed,0.03,deph_0.001,0.001,0.0,23,0.8998118306071113,0.04557539442215397,0.04800698431979877,0.08709340287420522,0.9829087062993938,0.0013843749999999998,120,66.67389336880296,,,,path seed,
five_level_weak_anharmonic,seed_continuation_path_seed,0.03,deph_0.001,0.001,0.0,24,0.8365645643815748,0.02658283934190475,0.03482607195157805,0.1555548481377023,0.9810388268245125,0.0013843749999999998,120,66.67389336880296,,,,path seed,
five_level_weak_anharmonic,seed_continuation_path_seed,0.03,deph_0.001,0.001,0.0,25,0.8206032875937695,0.040959094287493225,0.0440284629726001,0.16734290119453366,0.9805666994548515,0.0013843749999999998,120,66.67389336880296,,,,path seed,
five_level_weak_anharmonic,seed_continuation_path_seed,0.03,deph_0.001,0.001,0.0,26,0.8977261315677109,0.05784578922502304,0.05784578922502304,0.12083090478685157,0.9810533311651571,0.0013843749999999998,120,66.67389336880296,,,,path seed,
five_level_weak_anharmonic,seed_continuation_path_seed,0.03,deph_0.001,0.001,0.0,27,0.8613025611855841,0.04043438157130563,0.04418312909373079,0.16560230993111386,0.9803432800988618,0.0013843749999999998,120,66.67389336880296,,,,path seed,
five_level_weak_anharmonic,seed_continuation_path_seed,0.03,deph_0.001,0.001,0.0,28,0.902031091733823,0.05872152756003102,0.06441905357085409,0.06801585680645257,0.9828459074784778,0.0013843749999999998,120,66.67389336880296,,,,path seed,
five_level_weak_anharmonic,seed_continuation_path_seed,0.03,deph_0.001,0.001,0.0,29,0.9387150384014841,0.04910733516035204,0.050940787053860626,0.09389461163929572,0.9818449968004709,0.0013843749999999998,120,66.67389336880296,,,,path seed,
five_level_weak_anharmonic,seed_continuation_path_seed,0.03,deph_0.001,0.001,0.0,30,0.8243545738749936,0.039084484742372805,0.04010136416494703,0.23172799307149614,0.9790298241474458,0.0013843749999999998,120,66.67389336880296,,,,path seed,
five_level_weak_anharmonic,seed_continuation_path_seed,0.03,deph_0.001,0.001,0.0,31,0.8031507223575061,0.038363978107769814,0.04790544527384266,0.11192366713286102,0.9836682681782969,0.0013843749999999998,120,66.67389336880296,,,,path seed,
five_level_weak_anharmonic,seed_continuation_path_seed,0.03,deph_0.001,0.001,0.0,32,0.8047427608814474,0.037782591645152186,0.042354423638729766,0.10472508200352669,0.9843909783710978,0.0013843749999999998,120,66.67389336880296,,,,path seed,
five_level_weak_anharmonic,seed_continuation_path_seed,0.03,deph_0.001,0.001,0.0,33,0.80911098588518,0.038799453945625784,0.038799453945625784,0.26458760182989205,0.9786322603436362,0.0013843749999999998,120,66.67389336880296,,,,path seed,
five_level_weak_anharmonic,seed_continuation_path_seed,0.03,deph_0.001,0.001,0.0,34,0.8335937390665887,0.05516018281416668,0.055240349859181914,0.17650096505773002,0.9793306754985547,0.0013843749999999998,120,66.67389336880296,,,,path seed,
five_level_weak_anharmonic,seed_continuation_path_seed,0.03,deph_0.001,0.001,0.0,35,0.9086702303559582,0.06228063260861294,0.06568769436393007,0.0951983562408126,0.9826644005601929,0.0013843749999999998,120,66.67389336880296,,,,path seed,
five_level_weak_anharmonic,seed_continuation_path_seed,0.03,deph_0.001,0.001,0.0,36,0.8336821082580186,0.04246004225355715,0.047919755102191264,0.09269662744961271,0.9840606820313155,0.0013843749999999998,120,66.67389336880296,,,,path seed,
five_level_weak_anharmonic,seed_continuation_path_seed,0.03,deph_0.001,0.001,0.0,37,0.8800875022282163,0.03889479674198093,0.04327657433939269,0.20519950576208815,0.9806508188808502,0.0013843749999999998,120,66.67389336880296,,,,path seed,
five_level_weak_anharmonic,seed_continuation_path_seed,0.03,deph_0.001,0.001,0.0,38,0.7224867610444885,0.022995997505294463,0.02397057045534634,0.33449702071404397,0.9776737821768176,0.0013843749999999998,120,66.67389336880296,,,,path seed,
five_level_weak_anharmonic,seed_continuation_path_seed,0.03,deph_0.001,0.001,0.0,39,0.8435244557639592,0.04191310782404567,0.052366119848243464,0.11008117513088206,0.9828248793799916,0.0013843749999999998,120,66.67389336880296,,,,path seed,
five_level_weak_anharmonic,seed_continuation_path_seed,0.03,deph_0.001,0.001,0.0,40,0.9232909725701782,0.05477272504237807,0.05713557992331009,0.06856033343810619,0.9832922587089923,0.0013843749999999998,120,66.67389336880296,,,,path seed,
five_level_weak_anharmonic,seed_continuation_path_seed,0.03,deph_0.001,0.001,0.0,41,0.8791707289623462,0.04810419500155505,0.051133737527482404,0.07436169831421395,0.9839912316092161,0.0013843749999999998,120,66.67389336880296,,,,path seed,
five_level_weak_anharmonic,seed_continuation_path_seed,0.03,deph_0.001,0.001,0.0,42,0.8651389290321131,0.05154034746118619,0.05154034746118619,0.16941035759951434,0.9794927869656718,0.0013843749999999998,120,66.67389336880296,,,,path seed,
five_level_weak_anharmonic,seed_continuation_path_seed,0.03,deph_0.001,0.001,0.0,43,0.8266435813084452,0.03595929347536053,0.040539604744567526,0.12357024845777366,0.9829752527958436,0.0013843749999999998,120,66.67389336880296,,,,path seed,
five_level_weak_anharmonic,seed_continuation_path_seed,0.03,deph_0.001,0.001,0.0,44,0.6697225111504788,0.027563487318933433,0.030049247925246325,0.41448332213950934,0.9763225191653958,0.0013843749999999998,120,66.67389336880296,,,,path seed,
five_level_weak_anharmonic,seed_continuation_path_seed,0.03,deph_0.001,0.001,0.0,45,0.8587748614195037,0.04903645547224178,0.05366214931629698,0.1572533526024136,0.979758645697619,0.0013843749999999998,120,66.67389336880296,,,,path seed,
five_level_weak_anharmonic,seed_continuation_path_seed,0.03,deph_0.001,0.001,0.0,46,0.78031421714174,0.035629231309412424,0.03872722267454387,0.10705896736864386,0.9845976509448415,0.0013843749999999998,120,66.67389336880296,,,,path seed,
five_level_weak_anharmonic,seed_continuation_path_seed,0.03,deph_0.001,0.001,0.0,47,0.899381739350117,0.039395732159416386,0.04955201023285838,0.06472030223026425,0.984416097491952,0.0013843749999999998,120,66.67389336880296,,,,path seed,
five_level_weak_anharmonic,seed_continuation_path_seed,0.03,deph_0.001,0.001,0.0,48,0.56046041713002,0.024984055850988618,0.0441215063193523,0.26628431015396015,0.9817338202709653,0.0013843749999999998,120,66.67389336880296,,,,path seed,
five_level_weak_anharmonic,seed_continuation_path_seed,0.03,deph_0.001,0.001,0.0,49,0.900650524200957,0.04164024416761258,0.049735977735207104,0.06604474006906787,0.9843444068862084,0.0013843749999999998,120,66.67389336880296,,,,path seed,
five_level_weak_anharmonic,seed_continuation_path_seed,0.03,deph_0.001,0.001,0.0,50,0.8726650653701865,0.045198673589375904,0.05049210828418893,0.14544196885680857,0.9806748281505087,0.0013843749999999998,120,66.67389336880296,,,,path seed,
five_level_weak_anharmonic,seed_continuation_path_seed,0.03,deph_0.001,0.001,0.0,51,0.9320083455590766,0.058181109505608175,0.05952171829251662,0.07607426646930665,0.9832975955018403,0.0013843749999999998,120,66.67389336880296,,,,path seed,
five_level_weak_anharmonic,seed_continuation_path_seed,0.03,deph_0.001,0.001,0.0,52,0.8658091727564092,0.03720874274190211,0.04446340879664157,0.07590348679751183,0.9840532249861715,0.0013843749999999998,120,66.67389336880296,,,,path seed,
five_level_weak_anharmonic,seed_continuation_path_seed,0.03,deph_0.001,0.001,0.0,53,0.7563736417335333,0.04031223879108703,0.04063354019968013,0.21381737606525447,0.9794680549239712,0.0013843749999999998,120,66.67389336880296,,,,path seed,
five_level_weak_anharmonic,seed_continuation_path_seed,0.03,deph_0.001,0.001,0.0,54,0.7862342447496456,0.04157862990184025,0.044755431903480636,0.1691319267784414,0.9808771031162011,0.0013843749999999998,120,66.67389336880296,,,,path seed,
five_level_weak_anharmonic,seed_continuation_path_seed,0.03,deph_0.001,0.001,0.0,55,0.6678675890464907,0.036528375476420516,0.03959252335894514,0.3875454566806299,0.9752685027975865,0.0013843749999999998,120,66.67389336880296,,,,path seed,
five_level_weak_anharmonic,seed_continuation_path_seed,0.03,deph_0.001,0.001,0.0,56,0.839885148504509,0.035483167406582417,0.04915968806413806,0.10187304011182802,0.983643588158155,0.0013843749999999998,120,66.67389336880296,,,,path seed,
five_level_weak_anharmonic,seed_continuation_path_seed,0.03,deph_0.001,0.001,0.0,57,0.9175726746843882,0.06447807440396791,0.06975842537252985,0.11563253290956346,0.9819496251709796,0.0013843749999999998,120,66.67389336880296,,,,path seed,
five_level_weak_anharmonic,seed_continuation_path_seed,0.03,deph_0.001,0.001,0.0,58,0.8842225896013572,0.034942489653918996,0.04126771633626458,0.07499742428807565,0.984334691691955,0.0013843749999999998,120,66.67389336880296,,,,path seed,
five_level_weak_anharmonic,seed_continuation_path_seed,0.03,deph_0.001,0.001,0.0,59,0.6786087762430321,0.03593483800803288,0.04519883612397324,0.18227587498363593,0.9825172121181021,0.0013843749999999998,120,66.67389336880296,,,,path seed,
five_level_weak_anharmonic,seed_continuation_path_seed,0.03,relax_0.0005,0.0,0.0005,10,0.929741732910027,0.04391021269847595,0.0478910183704887,0.13981824970067536,0.9855773826097194,0.0013843749999999998,120,66.67389336880296,,,,path seed,
five_level_weak_anharmonic,seed_continuation_path_seed,0.03,relax_0.0005,0.0,0.0005,11,0.7631972895501901,0.04578660022098202,0.0502193143030667,0.12166556782536887,0.9748538068349332,0.0013843749999999998,120,66.67389336880296,,,,path seed,
five_level_weak_anharmonic,seed_continuation_path_seed,0.03,relax_0.0005,0.0,0.0005,12,0.79313498140177,0.04171533587516263,0.043517628304497014,0.12185248921658147,0.9776369759246728,0.0013843749999999998,120,66.67389336880296,,,,path seed,
five_level_weak_anharmonic,seed_continuation_path_seed,0.03,relax_0.0005,0.0,0.0005,13,0.520429402512739,0.023987719403278485,0.0254395288429079,0.5145173166424626,0.9952580231420733,0.0013843749999999998,120,66.67389336880296,,,,path seed,
five_level_weak_anharmonic,seed_continuation_path_seed,0.03,relax_0.0005,0.0,0.0005,14,0.6852191477884585,0.028067568278904664,0.029873034755361738,0.3366718557857833,0.9899632168288761,0.0013843749999999998,120,66.67389336880296,,,,path seed,
five_level_weak_anharmonic,seed_continuation_path_seed,0.03,relax_0.0005,0.0,0.0005,15,0.9065592854141293,0.05490580706812842,0.06034132097143041,0.09108294505500641,0.9805539663962959,0.0013843749999999998,120,66.67389336880296,,,,path seed,
five_level_weak_anharmonic,seed_continuation_path_seed,0.03,relax_0.0005,0.0,0.0005,16,0.8569659877652989,0.050366760163054414,0.05396441873121338,0.07583040562492802,0.976348440092912,0.0013843749999999998,120,66.67389336880296,,,,path seed,
five_level_weak_anharmonic,seed_continuation_path_seed,0.03,relax_0.0005,0.0,0.0005,17,0.9364799845527776,0.03861193415589537,0.04298211769931781,0.11281822063826354,0.9839866842640934,0.0013843749999999998,120,66.67389336880296,,,,path seed,
five_level_weak_anharmonic,seed_continuation_path_seed,0.03,relax_0.0005,0.0,0.0005,18,0.908231031517896,0.053708887362325264,0.05442794323207645,0.13087447072239905,0.9847656825841892,0.0013843749999999998,120,66.67389336880296,,,,path seed,
five_level_weak_anharmonic,seed_continuation_path_seed,0.03,relax_0.0005,0.0,0.0005,19,0.808647232632548,0.03390344877025009,0.038397516380373586,0.1033781923627602,0.9763243903819119,0.0013843749999999998,120,66.67389336880296,,,,path seed,
five_level_weak_anharmonic,seed_continuation_path_seed,0.03,relax_0.0005,0.0,0.0005,20,0.8919994238798226,0.054057483114224536,0.05653847364224962,0.07884483880189076,0.9785525071550737,0.0013843749999999998,120,66.67389336880296,,,,path seed,
five_level_weak_anharmonic,seed_continuation_path_seed,0.03,relax_0.0005,0.0,0.0005,21,0.9110613785720394,0.03775644099594144,0.04339534331452344,0.055659676609755356,0.9772651614624145,0.0013843749999999998,120,66.67389336880296,,,,path seed,
five_level_weak_anharmonic,seed_continuation_path_seed,0.03,relax_0.0005,0.0,0.0005,22,0.9047361854615077,0.04059574674317534,0.04483578276562594,0.05975642394520379,0.9770345810484157,0.0013843749999999998,120,66.67389336880296,,,,path seed,
five_level_weak_anharmonic,seed_continuation_path_seed,0.03,relax_0.0005,0.0,0.0005,23,0.900346039886649,0.04498076594853384,0.04746676620744783,0.08744634626337273,0.9804516123645126,0.0013843749999999998,120,66.67389336880296,,,,path seed,
five_level_weak_anharmonic,seed_continuation_path_seed,0.03,relax_0.0005,0.0,0.0005,24,0.8372772634819309,0.025659510921208994,0.03441101532329571,0.15617212237544476,0.9830514002845052,0.0013843749999999998,120,66.67389336880296,,,,path seed,
five_level_weak_anharmonic,seed_continuation_path_seed,0.03,relax_0.0005,0.0,0.0005,25,0.8213318138778165,0.04027208799969151,0.04338581643158723,0.1679734640413459,0.983489952538061,0.0013843749999999998,120,66.67389336880296,,,,path seed,
five_level_weak_anharmonic,seed_continuation_path_seed,0.03,relax_0.0005,0.0,0.0005,26,0.8980934874922638,0.05718614061634997,0.05718614061634997,0.12121735135857246,0.9839123163529864,0.0013843749999999998,120,66.67389336880296,,,,path seed,
five_level_weak_anharmonic,seed_continuation_path_seed,0.03,relax_0.0005,0.0,0.0005,27,0.8614454401868964,0.039704284497338205,0.04358707752943691,0.16657271954927202,0.9858795036423026,0.0013843749999999998,120,66.67389336880296,,,,path seed,
five_level_weak_anharmonic,seed_continuation_path_seed,0.03,relax_0.0005,0.0,0.0005,28,0.902099177826752,0.05786763627637337,0.06370922972581894,0.0682332120529064,0.9784922468216691,0.0013843749999999998,120,66.67389336880296,,,,path seed,
five_level_weak_anharmonic,seed_continuation_path_seed,0.03,relax_0.0005,0.0,0.0005,29,0.9385840323174207,0.048528826979068906,0.05045732654590851,0.09450181741944318,0.983379559824503,0.0013843749999999998,120,66.67389336880296,,,,path seed,
five_level_weak_anharmonic,seed_continuation_path_seed,0.03,relax_0.0005,0.0,0.0005,30,0.8236290391394956,0.03856567987399617,0.03960040824908595,0.23340855561761978,0.9887862869699808,0.0013843749999999998,120,66.67389336880296,,,,path seed,
five_level_weak_anharmonic,seed_continuation_path_seed,0.03,relax_0.0005,0.0,0.0005,31,0.8041633252161656,0.03749519199333151,0.04734899703728457,0.11187448638678518,0.9759254347045567,0.0013843749999999998,120,66.67389336880296,,,,path seed,
five_level_weak_anharmonic,seed_continuation_path_seed,0.03,relax_0.0005,0.0,0.0005,32,0.805267445998304,0.03695526213564693,0.0415319437442182,0.10485397182310184,0.975631535056506,0.0013843749999999998,120,66.67389336880296,,,,path seed,
five_level_weak_anharmonic,seed_continuation_path_seed,0.03,relax_0.0005,0.0,0.0005,33,0.8083359447832315,0.03811856916902878,0.03814618421134108,0.26637258235036126,0.9903659537716689,0.0013843749999999998,120,66.67389336880296,,,,path seed,
five_level_weak_anharmonic,seed_continuation_path_seed,0.03,relax_0.0005,0.0,0.0005,34,0.8341847025744891,0.0545437155833699,0.054615893598022214,0.17702214867842136,0.9857376587948391,0.0013843749999999998,120,66.67389336880296,,,,path seed,
five_level_weak_anharmonic,seed_continuation_path_seed,0.03,relax_0.0005,0.0,0.0005,35,0.9072927310299174,0.06149793844804896,0.06502086696379838,0.09631976464895857,0.980464063675088,0.0013843749999999998,120,66.67389336880296,,,,path seed,
five_level_weak_anharmonic,seed_continuation_path_seed,0.03,relax_0.0005,0.0,0.0005,36,0.8341558349068939,0.04184243039931157,0.04740647030509959,0.09270904254202826,0.9769424589646919,0.0013843749999999998,120,66.67389336880296,,,,path seed,
five_level_weak_anharmonic,seed_continuation_path_seed,0.03,relax_0.0005,0.0,0.0005,37,0.8791507126209989,0.03769598995861223,0.04221240094133971,0.20667220904728714,0.988583870829855,0.0013843749999999998,120,66.67389336880296,,,,path seed,
five_level_weak_anharmonic,seed_continuation_path_seed,0.03,relax_0.0005,0.0,0.0005,38,0.7215174473870777,0.022594718533353708,0.023609061360630124,0.3366843981634409,0.9913264526862214,0.0013843749999999998,120,66.67389336880296,,,,path seed,
five_level_weak_anharmonic,seed_continuation_path_seed,0.03,relax_0.0005,0.0,0.0005,39,0.8449863760508567,0.04083603530137958,0.051768893344638744,0.10984725500092135,0.979021780909556,0.0013843749999999998,120,66.67389336880296,,,,path seed,
five_level_weak_anharmonic,seed_continuation_path_seed,0.03,relax_0.0005,0.0,0.0005,40,0.923137334332444,0.05398402597823215,0.0563991118876741,0.0690727946605635,0.9798361576507708,0.0013843749999999998,120,66.67389336880296,,,,path seed,
five_level_weak_anharmonic,seed_continuation_path_seed,0.03,relax_0.0005,0.0,0.0005,41,0.8770272211483182,0.047328644197045744,0.050401658778865155,0.07590715559097459,0.9772857077997954,0.0013843749999999998,120,66.67389336880296,,,,path seed,
five_level_weak_anharmonic,seed_continuation_path_seed,0.03,relax_0.0005,0.0,0.0005,42,0.8652489134133753,0.05111180003774907,0.05111180003774907,0.17035206074444947,0.986147634928812,0.0013843749999999998,120,66.67389336880296,,,,path seed,
five_level_weak_anharmonic,seed_continuation_path_seed,0.03,relax_0.0005,0.0,0.0005,43,0.827687051705204,0.03531632250778427,0.03997376519352369,0.12362589181301345,0.9797478556833946,0.0013843749999999998,120,66.67389336880296,,,,path seed,
five_level_weak_anharmonic,seed_continuation_path_seed,0.03,relax_0.0005,0.0,0.0005,44,0.6690874953899777,0.0268165661661679,0.029475989739541575,0.4166382473121287,0.9945294321971795,0.0013843749999999998,120,66.67389336880296,,,,path seed,
five_level_weak_anharmonic,seed_continuation_path_seed,0.03,relax_0.0005,0.0,0.0005,45,0.8595973767938931,0.0481351852125661,0.052953050870790275,0.15792003512073194,0.9848338005491091,0.0013843749999999998,120,66.67389336880296,,,,path seed,
five_level_weak_anharmonic,seed_continuation_path_seed,0.03,relax_0.0005,0.0,0.0005,46,0.7781446819765045,0.03500895448160579,0.03810968018938787,0.10848236812899024,0.9751828050158257,0.0013843749999999998,120,66.67389336880296,,,,path seed,
five_level_weak_anharmonic,seed_continuation_path_seed,0.03,relax_0.0005,0.0,0.0005,47,0.897988958984599,0.03832192480051033,0.048968277657514436,0.06598433540706962,0.9770486414353372,0.0013843749999999998,120,66.67389336880296,,,,path seed,
five_level_weak_anharmonic,seed_continuation_path_seed,0.03,relax_0.0005,0.0,0.0005,48,0.5580237984007173,0.024118229844624528,0.04365964724693505,0.26778395115594267,0.9753357506607153,0.0013843749999999998,120,66.67389336880296,,,,path seed,
five_level_weak_anharmonic,seed_continuation_path_seed,0.03,relax_0.0005,0.0,0.0005,49,0.9002907291952543,0.040502388110774334,0.04897243492249381,0.06679768564671174,0.977375752939704,0.0013843749999999998,120,66.67389336880296,,,,path seed,
five_level_weak_anharmonic,seed_continuation_path_seed,0.03,relax_0.0005,0.0,0.0005,50,0.8733122495334437,0.044216021108077874,0.04965548234278394,0.14607707401809442,0.9845658413116201,0.0013843749999999998,120,66.67389336880296,,,,path seed,
five_level_weak_anharmonic,seed_continuation_path_seed,0.03,relax_0.0005,0.0,0.0005,51,0.9310945602234318,0.057381895441000697,0.05877192170022083,0.07712007547154412,0.980335670806479,0.0013843749999999998,120,66.67389336880296,,,,path seed,
five_level_weak_anharmonic,seed_continuation_path_seed,0.03,relax_0.0005,0.0,0.0005,52,0.8642803969007051,0.03620805632188606,0.04385276868698251,0.07718053567188427,0.9763518201046045,0.0013843749999999998,120,66.67389336880296,,,,path seed,
five_level_weak_anharmonic,seed_continuation_path_seed,0.03,relax_0.0005,0.0,0.0005,53,0.7574473165268941,0.03975172971526597,0.04000598891867235,0.2141029636664205,0.9845526321223342,0.0013843749999999998,120,66.67389336880296,,,,path seed,
five_level_weak_anharmonic,seed_continuation_path_seed,0.03,relax_0.0005,0.0,0.0005,54,0.7879970313577308,0.040912350683547594,0.04412355467534146,0.16876104955665053,0.9821834129601806,0.0013843749999999998,120,66.67389336880296,,,,path seed,
five_level_weak_anharmonic,seed_continuation_path_seed,0.03,relax_0.0005,0.0,0.0005,55,0.6675483374361935,0.03563904685226549,0.038941056122693496,0.38960988393295254,0.9934428812309245,0.0013843749999999998,120,66.67389336880296,,,,path seed,
five_level_weak_anharmonic,seed_continuation_path_seed,0.03,relax_0.0005,0.0,0.0005,56,0.8413637937818161,0.03456333471731732,0.04868600235091092,0.10139320942265426,0.978124427269815,0.0013843749999999998,120,66.67389336880296,,,,path seed,
five_level_weak_anharmonic,seed_continuation_path_seed,0.03,relax_0.0005,0.0,0.0005,57,0.9170665976257052,0.06341190101880911,0.06891903677662159,0.11675299775490965,0.9828969820418243,0.0013843749999999998,120,66.67389336880296,,,,path seed,
five_level_weak_anharmonic,seed_continuation_path_seed,0.03,relax_0.0005,0.0,0.0005,58,0.8845055533307621,0.03423961125449326,0.04071564543040995,0.0754068975512309,0.9780967373734647,0.0013843749999999998,120,66.67389336880296,,,,path seed,
five_level_weak_anharmonic,seed_continuation_path_seed,0.03,relax_0.0005,0.0,0.0005,59,0.6763253098904581,0.035034689481560966,0.04448468934803229,0.1837459103946211,0.975161937334671,0.0013843749999999998,120,66.67389336880296,,,,path seed,
five_level_weak_anharmonic,seed_continuation_path_seed,0.03,combined,0.001,0.0005,10,0.9209740062704591,0.04451965989073614,0.04826168804270847,0.14664571525423273,0.966215987347058,0.0013843749999999998,120,66.67389336880296,,,,path seed,
five_level_weak_anharmonic,seed_continuation_path_seed,0.03,combined,0.001,0.0005,11,0.759409845605487,0.04625220180240719,0.05061638932514456,0.12718885472805447,0.9594191769395165,0.0013843749999999998,120,66.67389336880296,,,,path seed,
five_level_weak_anharmonic,seed_continuation_path_seed,0.03,combined,0.001,0.0005,12,0.7884166258097679,0.04231962752646001,0.04408391179228022,0.12820414327227914,0.9609184040338786,0.0013843749999999998,120,66.67389336880296,,,,path seed,
five_level_weak_anharmonic,seed_continuation_path_seed,0.03,combined,0.001,0.0005,13,0.521082903524364,0.024637973133712632,0.02592925833851001,0.5133578075475805,0.9709178437468328,0.0013843749999999998,120,66.67389336880296,,,,path seed,
five_level_weak_anharmonic,seed_continuation_path_seed,0.03,combined,0.001,0.0005,14,0.6827604442511085,0.028478853275871074,0.030199767371877462,0.3384300607739854,0.9668964983930931,0.0013843749999999998,120,66.67389336880296,,,,path seed,
five_level_weak_anharmonic,seed_continuation_path_seed,0.03,combined,0.001,0.0005,15,0.898944813009823,0.05584685047143645,0.06084117100040676,0.09782266998111581,0.96373794033222,0.0013843749999999998,120,66.67389336880296,,,,path seed,
five_level_weak_anharmonic,seed_continuation_path_seed,0.03,combined,0.001,0.0005,16,0.8511691989514568,0.05077527849419183,0.054329221729983,0.08248565071054767,0.9610319060940165,0.0013843749999999998,120,66.67389336880296,,,,path seed,
five_level_weak_anharmonic,seed_continuation_path_seed,0.03,combined,0.001,0.0005,17,0.9287330705612459,0.039401272679813415,0.043591367756052324,0.11909041717441272,0.9667111970827952,0.0013843749999999998,120,66.67389336880296,,,,path seed,
five_level_weak_anharmonic,seed_continuation_path_seed,0.03,combined,0.001,0.0005,18,0.9009058869769858,0.0540297598479097,0.054726482121645104,0.13714204035678434,0.96629685653379,0.0013843749999999998,120,66.67389336880296,,,,path seed,
five_level_weak_anharmonic,seed_continuation_path_seed,0.03,combined,0.001,0.0005,19,0.8040118292897624,0.034382655513738425,0.03875543834441775,0.10934239742153362,0.9608532813816156,0.0013843749999999998,120,66.67389336880296,,,,path seed,
five_level_weak_anharmonic,seed_continuation_path_seed,0.03,combined,0.001,0.0005,20,0.8853276957951257,0.05402402326847844,0.056440423758954195,0.08599320121744582,0.9624423026922825,0.0013843749999999998,120,66.67389336880296,,,,path seed,
five_level_weak_anharmonic,seed_continuation_path_seed,0.03,combined,0.001,0.0005,21,0.9043707370814822,0.038141879719659544,0.04356255498784345,0.06246838214621045,0.9625178829238511,0.0013843749999999998,120,66.67389336880296,,,,path seed,
five_level_weak_anharmonic,seed_continuation_path_seed,0.03,combined,0.001,0.0005,22,0.8978284326987556,0.04116464806515274,0.04527571656148677,0.0666056477449898,0.9619415433932461,0.0013843749999999998,120,66.67389336880296,,,,path seed,
five_level_weak_anharmonic,seed_continuation_path_seed,0.03,combined,0.001,0.0005,23,0.8937761551490304,0.04514337537118551,0.047554356436445566,0.0937666099458503,0.963865663492322,0.0013843749999999998,120,66.67389336880296,,,,path seed,
five_level_weak_anharmonic,seed_continuation_path_seed,0.03,combined,0.001,0.0005,24,0.8318512326059427,0.02661476546341046,0.03447859491305927,0.1609645268549408,0.9645724606860432,0.0013843749999999998,120,66.67389336880296,,,,path seed,
five_level_weak_anharmonic,seed_continuation_path_seed,0.03,combined,0.001,0.0005,25,0.8162478485335376,0.040682971126207,0.04370032035680338,0.17263064889018742,0.9645394182950964,0.0013843749999999998,120,66.67389336880296,,,,path seed,
five_level_weak_anharmonic,seed_continuation_path_seed,0.03,combined,0.001,0.0005,26,0.8911675536685612,0.05730953827652119,0.05730953827652119,0.12758600853373525,0.9654193739941861,0.0013843749999999998,120,66.67389336880296,,,,path seed,
five_level_weak_anharmonic,seed_continuation_path_seed,0.03,combined,0.001,0.0005,27,0.8557009211483582,0.040127041108846684,0.04379217592194795,0.1713187580870925,0.9666364477495099,0.0013843749999999998,120,66.67389336880296,,,,path seed,
five_level_weak_anharmonic,seed_continuation_path_seed,0.03,combined,0.001,0.0005,28,0.8951068248752293,0.05809677722244366,0.06368897739112134,0.07541733286172214,0.9619174312854212,0.0013843749999999998,120,66.67389336880296,,,,path seed,
five_level_weak_anharmonic,seed_continuation_path_seed,0.03,combined,0.001,0.0005,29,0.9309231223975544,0.048501684720239524,0.050335652137989184,0.10139559486031705,0.9656736374511203,0.0013843749999999998,120,66.67389336880296,,,,path seed,
five_level_weak_anharmonic,seed_continuation_path_seed,0.03,combined,0.001,0.0005,30,0.8185173829707036,0.038709571193710546,0.03971978804436738,0.2374095101611359,0.9682027903110105,0.0013843749999999998,120,66.67389336880296,,,,path seed,
five_level_weak_anharmonic,seed_continuation_path_seed,0.03,combined,0.001,0.0005,31,0.7992027261728109,0.038266895803430456,0.047493469336829075,0.11739920991571429,0.9602492285087751,0.0013843749999999998,120,66.67389336880296,,,,path seed,
five_level_weak_anharmonic,seed_continuation_path_seed,0.03,combined,0.001,0.0005,32,0.8004974650431685,0.03762697685435312,0.04214446056528931,0.11054668000890475,0.9606576781341225,0.0013843749999999998,120,66.67389336880296,,,,path seed,
five_level_weak_anharmonic,seed_continuation_path_seed,0.03,combined,0.001,0.0005,33,0.8029837404607126,0.03852367590172778,0.03852367590172778,0.27018824912052886,0.9693675416910046,0.0013843749999999998,120,66.67389336880296,,,,path seed,
five_level_weak_anharmonic,seed_continuation_path_seed,0.03,combined,0.001,0.0005,34,0.8286461948577094,0.05475561333919021,0.05484476094226476,0.18211386280854888,0.9655156041804537,0.0013843749999999998,120,66.67389336880296,,,,path seed,
five_level_weak_anharmonic,seed_continuation_path_seed,0.03,combined,0.001,0.0005,35,0.8996843422162141,0.06160418693564074,0.06494678144255994,0.10361037436764571,0.9636550515904737,0.0013843749999999998,120,66.67389336880296,,,,path seed,
five_level_weak_anharmonic,seed_continuation_path_seed,0.03,combined,0.001,0.0005,36,0.8291326571899893,0.04211565233355863,0.047487942377510306,0.09853090306933567,0.9616147047450644,0.0013843749999999998,120,66.67389336880296,,,,path seed,
five_level_weak_anharmonic,seed_continuation_path_seed,0.03,combined,0.001,0.0005,37,0.8719915030161162,0.03867495176621871,0.04295016261822593,0.21182682292510055,0.9695922830348637,0.0013843749999999998,120,66.67389336880296,,,,path seed,
five_level_weak_anharmonic,seed_continuation_path_seed,0.03,combined,0.001,0.0005,38,0.7186040575189078,0.022827005288311275,0.023780454868900902,0.33857122248527616,0.9693848420769927,0.0013843749999999998,120,66.67389336880296,,,,path seed,
five_level_weak_anharmonic,seed_continuation_path_seed,0.03,combined,0.001,0.0005,39,0.8389618612073654,0.04183346784276598,0.051834549425572196,0.11577321449119804,0.9624132711943226,0.0013843749999999998,120,66.67389336880296,,,,path seed,
five_level_weak_anharmonic,seed_continuation_path_seed,0.03,combined,0.001,0.0005,40,0.91582261248129,0.054245301041466853,0.05659488564841031,0.07616303154068729,0.9636426294181876,0.0013843749999999998,120,66.67389336880296,,,,path seed,
five_level_weak_anharmonic,seed_continuation_path_seed,0.03,combined,0.001,0.0005,41,0.8707020498531499,0.04761473291689944,0.05062426269312348,0.08286312583928808,0.9618498835011673,0.0013843749999999998,120,66.67389336880296,,,,path seed,
five_level_weak_anharmonic,seed_continuation_path_seed,0.03,combined,0.001,0.0005,42,0.8591404939000826,0.050976370741694366,0.050976370741694366,0.17570383155607566,0.9660731202425914,0.0013843749999999998,120,66.67389336880296,,,,path seed,
five_level_weak_anharmonic,seed_continuation_path_seed,0.03,combined,0.001,0.0005,43,0.8226807143154936,0.0357332214961994,0.04023700810601305,0.1287785836893275,0.9632627114133808,0.0013843749999999998,120,66.67389336880296,,,,path seed,
five_level_weak_anharmonic,seed_continuation_path_seed,0.03,combined,0.001,0.0005,44,0.666112636157059,0.027338667433399744,0.029750303612286366,0.41806046257607493,0.971211393182706,0.0013843749999999998,120,66.67389336880296,,,,path seed,
five_level_weak_anharmonic,seed_continuation_path_seed,0.03,combined,0.001,0.0005,45,0.8534501372311037,0.04867409889217478,0.05316837130370056,0.16305830469783256,0.9650436253363528,0.0013843749999999998,120,66.67389336880296,,,,path seed,
five_level_weak_anharmonic,seed_continuation_path_seed,0.03,combined,0.001,0.0005,46,0.7746110306224765,0.035291796814210796,0.038387977692803,0.1138902500213105,0.9604146553194449,0.0013843749999999998,120,66.67389336880296,,,,path seed,
five_level_weak_anharmonic,seed_continuation_path_seed,0.03,combined,0.001,0.0005,47,0.8912995585047353,0.03916479995390576,0.04902040840025634,0.07261564300134916,0.9620346260294792,0.0013843749999999998,120,66.67389336880296,,,,path seed,
five_level_weak_anharmonic,seed_continuation_path_seed,0.03,combined,0.001,0.0005,48,0.5585211603716551,0.024970966380241877,0.04373493960385977,0.27021911158451917,0.9578240395120738,0.0013843749999999998,120,66.67389336880296,,,,path seed,
five_level_weak_anharmonic,seed_continuation_path_seed,0.03,combined,0.001,0.0005,49,0.8934034069405002,0.041494398791508624,0.049322037422399045,0.07343799378953692,0.9622847434327009,0.0013843749999999998,120,66.67389336880296,,,,path seed,
five_level_weak_anharmonic,seed_continuation_path_seed,0.03,combined,0.001,0.0005,50,0.866920657547334,0.04495985831198057,0.05012016867644864,0.1513521175922983,0.9656807098585677,0.0013843749999999998,120,66.67389336880296,,,,path seed,
five_level_weak_anharmonic,seed_continuation_path_seed,0.03,combined,0.001,0.0005,51,0.9234728783902687,0.05761734622090431,0.05895123594516938,0.08423885307518092,0.9641299846860834,0.0013843749999999998,120,66.67389336880296,,,,path seed,
five_level_weak_anharmonic,seed_continuation_path_seed,0.03,combined,0.001,0.0005,52,0.8581368478896235,0.03704531054080784,0.044053381214175125,0.0837650497120229,0.9610129542669998,0.0013843749999999998,120,66.67389336880296,,,,path seed,
five_level_weak_anharmonic,seed_continuation_path_seed,0.03,combined,0.001,0.0005,53,0.7535692124854719,0.04011032791758484,0.04045869621720688,0.2180288531209146,0.9645169965122041,0.0013843749999999998,120,66.67389336880296,,,,path seed,
five_level_weak_anharmonic,seed_continuation_path_seed,0.03,combined,0.001,0.0005,54,0.7833713898482935,0.04143867069089546,0.04456298083706045,0.17349812139544413,0.9635892840174393,0.0013843749999999998,120,66.67389336880296,,,,path seed,
five_level_weak_anharmonic,seed_continuation_path_seed,0.03,combined,0.001,0.0005,55,0.6649047102854205,0.03627641124567638,0.03923966370570886,0.39098647394895847,0.9690912599298931,0.0013843749999999998,120,66.67389336880296,,,,path seed,
five_level_weak_anharmonic,seed_continuation_path_seed,0.03,combined,0.001,0.0005,56,0.8355598775298554,0.03544426570786563,0.04857701785741375,0.10745964403533259,0.9623510763408575,0.0013843749999999998,120,66.67389336880296,,,,path seed,
five_level_weak_anharmonic,seed_continuation_path_seed,0.03,combined,0.001,0.0005,57,0.9095075034822883,0.06394350390139592,0.06907336367300299,0.12301937220743905,0.9653102893745996,0.0013843749999999998,120,66.67389336880296,,,,path seed,
five_level_weak_anharmonic,seed_continuation_path_seed,0.03,combined,0.001,0.0005,58,0.8785015098527807,0.034677726323275926,0.040874737717702114,0.08140895989370957,0.9629770365623072,0.0013843749999999998,120,66.67389336880296,,,,path seed,
five_level_weak_anharmonic,seed_continuation_path_seed,0.03,combined,0.001,0.0005,59,0.6743837139829285,0.03579723221066211,0.04488790295590939,0.1879500666484545,0.9584032569986445,0.0013843749999999998,120,66.67389336880296,,,,path seed,
five_level_weak_anharmonic,seed_target10_leak15,0.03,static_only,0.0,0.0,10,0.8916597233044311,0.002654831841374161,0.038906399651458035,0.06798164644487058,0.9999996695156075,0.0019007560055287448,120,79.04711678787135,0.4147614323319102,656,False,target-1.0 leakage-1.5 seed,"a=1,lw=1.5,r=0.04,w=0.25"
five_level_weak_anharmonic,seed_target10_leak15,0.03,static_only,0.0,0.0,11,0.8753005914247949,0.004717729945496907,0.052733608318541236,0.08546537932069238,0.999999544188289,0.0019007560055287448,120,79.04711678787135,0.4147614323319102,656,False,target-1.0 leakage-1.5 seed,"a=1,lw=1.5,r=0.04,w=0.25"
five_level_weak_anharmonic,seed_target10_leak15,0.03,static_only,0.0,0.0,12,0.8100838203688933,0.0012454282145680784,0.04531361108565024,0.15872763097238465,0.9999996471639967,0.0019007560055287448,120,79.04711678787135,0.4147614323319102,656,False,target-1.0 leakage-1.5 seed,"a=1,lw=1.5,r=0.04,w=0.25"
five_level_weak_anharmonic,seed_target10_leak15,0.03,static_only,0.0,0.0,13,0.8120724978668163,0.0009385940567259166,0.03256189168015944,0.18963474723479642,0.9999997071112664,0.0019007560055287448,120,79.04711678787135,0.4147614323319102,656,False,target-1.0 leakage-1.5 seed,"a=1,lw=1.5,r=0.04,w=0.25"
five_level_weak_anharmonic,seed_target10_leak15,0.03,static_only,0.0,0.0,14,0.9218754700069974,0.002448106369113856,0.032685276091662496,0.07533985845182416,0.9999996703737841,0.0019007560055287448,120,79.04711678787135,0.4147614323319102,656,False,target-1.0 leakage-1.5 seed,"a=1,lw=1.5,r=0.04,w=0.25"
five_level_weak_anharmonic,seed_target10_leak15,0.03,static_only,0.0,0.0,15,0.983206956404578,0.0015287738823996921,0.04427423890078652,0.01846523100856514,0.9999996300303813,0.0019007560055287448,120,79.04711678787135,0.4147614323319102,656,False,target-1.0 leakage-1.5 seed,"a=1,lw=1.5,r=0.04,w=0.25"
five_level_weak_anharmonic,seed_target10_leak15,0.03,static_only,0.0,0.0,16,0.9250195661020967,0.0027844309197628814,0.04988270451204091,0.04940828284478844,0.999999595150369,0.0019007560055287448,120,79.04711678787135,0.4147614323319102,656,False,target-1.0 leakage-1.5 seed,"a=1,lw=1.5,r=0.04,w=0.25"
five_level_weak_anharmonic,seed_target10_leak15,0.03,static_only,0.0,0.0,17,0.8799522596005291,0.0021762765204270673,0.030348039946909267,0.11605137490762939,0.999999761180713,0.0019007560055287448,120,79.04711678787135,0.4147614323319102,656,False,target-1.0 leakage-1.5 seed,"a=1,lw=1.5,r=0.04,w=0.25"
five_level_weak_anharmonic,seed_target10_leak15,0.03,static_only,0.0,0.0,18,0.9591451688773451,0.0018418746013223464,0.03893521259113686,0.04698329895649892,0.9999996952738943,0.0019007560055287448,120,79.04711678787135,0.4147614323319102,656,False,target-1.0 leakage-1.5 seed,"a=1,lw=1.5,r=0.04,w=0.25"
five_level_weak_anharmonic,seed_target10_leak15,0.03,static_only,0.0,0.0,19,0.824458281039451,0.0018218284145947727,0.037400621832006986,0.1387567557386498,0.9999996381007079,0.0019007560055287448,120,79.04711678787135,0.4147614323319102,656,False,target-1.0 leakage-1.5 seed,"a=1,lw=1.5,r=0.04,w=0.25"
five_level_weak_anharmonic,seed_target10_leak15,0.03,static_only,0.0,0.0,20,0.7984153650913896,0.003162842172718894,0.04558880188411307,0.15631375178476672,0.9999996879731146,0.0019007560055287448,120,79.04711678787135,0.4147614323319102,656,False,target-1.0 leakage-1.5 seed,"a=1,lw=1.5,r=0.04,w=0.25"
five_level_weak_anharmonic,seed_target10_leak15,0.03,static_only,0.0,0.0,21,0.8985307469916367,0.0051732929827214,0.03656255912312523,0.07104624536435798,0.9999996791526731,0.0019007560055287448,120,79.04711678787135,0.4147614323319102,656,False,target-1.0 leakage-1.5 seed,"a=1,lw=1.5,r=0.04,w=0.25"
five_level_weak_anharmonic,seed_target10_leak15,0.03,static_only,0.0,0.0,22,0.9007075287933329,0.00291519119393735,0.039049750137696626,0.061976409064416094,0.9999995966730777,0.0019007560055287448,120,79.04711678787135,0.4147614323319102,656,False,target-1.0 leakage-1.5 seed,"a=1,lw=1.5,r=0.04,w=0.25"
five_level_weak_anharmonic,seed_target10_leak15,0.03,static_only,0.0,0.0,23,0.9849313532900176,0.002367336148389798,0.03951060758009928,0.005694888232824726,0.9999996758940832,0.0019007560055287448,120,79.04711678787135,0.4147614323319102,656,False,target-1.0 leakage-1.5 seed,"a=1,lw=1.5,r=0.04,w=0.25"
five_level_weak_anharmonic,seed_target10_leak15,0.03,static_only,0.0,0.0,24,0.9841913076343392,0.0029090332822359066,0.03344484430542649,0.024732668169155096,0.9999997011130467,0.0019007560055287448,120,79.04711678787135,0.4147614323319102,656,False,target-1.0 leakage-1.5 seed,"a=1,lw=1.5,r=0.04,w=0.25"
five_level_weak_anharmonic,seed_target10_leak15,0.03,static_only,0.0,0.0,25,0.9835847024574205,0.004889984135678094,0.04071930109548838,0.020553088762217765,0.9999996554929462,0.0019007560055287448,120,79.04711678787135,0.4147614323319102,656,False,target-1.0 leakage-1.5 seed,"a=1,lw=1.5,r=0.04,w=0.25"
five_level_weak_anharmonic,seed_target10_leak15,0.03,static_only,0.0,0.0,26,0.987289975966033,0.0011318814450491654,0.04452782220101592,0.017460360524776352,0.9999996715433299,0.0019007560055287448,120,79.04711678787135,0.4147614323319102,656,False,target-1.0 leakage-1.5 seed,"a=1,lw=1.5,r=0.04,w=0.25"
five_level_weak_anharmonic,seed_target10_leak15,0.03,static_only,0.0,0.0,27,0.9530635411755718,0.0012300700208023319,0.035023661769569836,0.06125776836730019,0.9999997592411008,0.0019007560055287448,120,79.04711678787135,0.4147614323319102,656,False,target-1.0 leakage-1.5 seed,"a=1,lw=1.5,r=0.04,w=0.25"
five_level_weak_anharmonic,seed_target10_leak15,0.03,static_only,0.0,0.0,28,0.8862698385585729,0.005268770606921991,0.054393987471697325,0.07299020681921188,0.999999613797588,0.0019007560055287448,120,79.04711678787135,0.4147614323319102,656,False,target-1.0 leakage-1.5 seed,"a=1,lw=1.5,r=0.04,w=0.25"
five_level_weak_anharmonic,seed_target10_leak15,0.03,static_only,0.0,0.0,29,0.9441108599524815,0.0015867718239829243,0.039681630607021234,0.04242664982834818,0.9999996986401284,0.0019007560055287448,120,79.04711678787135,0.4147614323319102,656,False,target-1.0 leakage-1.5 seed,"a=1,lw=1.5,r=0.04,w=0.25"
five_level_weak_anharmonic,seed_target10_leak15,0.03,static_only,0.0,0.0,30,0.9472589607413334,0.004815325790984648,0.03368461345249385,0.0695081519758502,0.9999997266062127,0.0019007560055287448,120,79.04711678787135,0.4147614323319102,656,False,target-1.0 leakage-1.5 seed,"a=1,lw=1.5,r=0.04,w=0.25"
five_level_weak_anharmonic,seed_target10_leak15,0.03,static_only,0.0,0.0,31,0.8978929323311851,0.004018007373848831,0.04798316199599362,0.0623676930284799,0.9999995619691797,0.0019007560055287448,120,79.04711678787135,0.4147614323319102,656,False,target-1.0 leakage-1.5 seed,"a=1,lw=1.5,r=0.04,w=0.25"
five_level_weak_anharmonic,seed_target10_leak15,0.03,static_only,0.0,0.0,32,0.9416586792551462,0.004088123623644302,0.04355279300183945,0.03446779732012715,0.9999995568534283,0.0019007560055287448,120,79.04711678787135,0.4147614323319102,656,False,target-1.0 leakage-1.5 seed,"a=1,lw=1.5,r=0.04,w=0.25"
five_level_weak_anharmonic,seed_target10_leak15,0.03,static_only,0.0,0.0,33,0.9466559527215259,0.0017324909873732697,0.02913044225488437,0.07733612690805211,0.9999997367543139,0.0019007560055287448,120,79.04711678787135,0.4147614323319102,656,False,target-1.0 leakage-1.5 seed,"a=1,lw=1.5,r=0.04,w=0.25"
five_level_weak_anharmonic,seed_target10_leak15,0.03,static_only,0.0,0.0,34,0.9944369692144008,0.0019102335667061654,0.042982807126858535,0.016025588907782322,0.9999996594240328,0.0019007560055287448,120,79.04711678787135,0.4147614323319102,656,False,target-1.0 leakage-1.5 seed,"a=1,lw=1.5,r=0.04,w=0.25"
five_level_weak_anharmonic,seed_target10_leak15,0.03,static_only,0.0,0.0,35,0.8112674470606906,0.0031835059630844764,0.04068186596771084,0.1497022875326274,0.9999996614672891,0.0019007560055287448,120,79.04711678787135,0.4147614323319102,656,False,target-1.0 leakage-1.5 seed,"a=1,lw=1.5,r=0.04,w=0.25"
five_level_weak_anharmonic,seed_target10_leak15,0.03,static_only,0.0,0.0,36,0.9731726798881936,0.004023733692767095,0.046566397012804184,0.012479153250708443,0.9999996575412811,0.0019007560055287448,120,79.04711678787135,0.4147614323319102,656,False,target-1.0 leakage-1.5 seed,"a=1,lw=1.5,r=0.04,w=0.25"
five_level_weak_anharmonic,seed_target10_leak15,0.03,static_only,0.0,0.0,37,0.747196975968685,0.0029395686318884895,0.030922698356179334,0.24681515001368473,0.9999997983962376,0.0019007560055287448,120,79.04711678787135,0.4147614323319102,656,False,target-1.0 leakage-1.5 seed,"a=1,lw=1.5,r=0.04,w=0.25"
five_level_weak_anharmonic,seed_target10_leak15,0.03,static_only,0.0,0.0,38,0.9369260748311061,0.00225737329737552,0.025599293297526193,0.08600217614466552,0.9999997616742609,0.0019007560055287448,120,79.04711678787135,0.4147614323319102,656,False,target-1.0 leakage-1.5 seed,"a=1,lw=1.5,r=0.04,w=0.25"
five_level_weak_anharmonic,seed_target10_leak15,0.03,static_only,0.0,0.0,39,0.9934580503056173,0.0029667719806919512,0.044015763473832514,0.002833659800401569,0.9999996103162324,0.0019007560055287448,120,79.04711678787135,0.4147614323319102,656,False,target-1.0 leakage-1.5 seed,"a=1,lw=1.5,r=0.04,w=0.25"
five_level_weak_anharmonic,seed_target10_leak15,0.03,static_only,0.0,0.0,40,0.9509659839158645,0.0021853885742612045,0.04576783671009099,0.036228140667703745,0.9999996500952691,0.0019007560055287448,120,79.04711678787135,0.4147614323319102,656,False,target-1.0 leakage-1.5 seed,"a=1,lw=1.5,r=0.04,w=0.25"
five_level_weak_anharmonic,seed_target10_leak15,0.03,static_only,0.0,0.0,41,0.8392007984017718,0.004272750378993995,0.041533289736746526,0.1223187936877659,0.9999996396581443,0.0019007560055287448,120,79.04711678787135,0.4147614323319102,656,False,target-1.0 leakage-1.5 seed,"a=1,lw=1.5,r=0.04,w=0.25"
five_level_weak_anharmonic,seed_target10_leak15,0.03,static_only,0.0,0.0,42,0.993842397508721,0.0018518033782671806,0.04198157291314808,0.005600431442449177,0.9999996672209706,0.0019007560055287448,120,79.04711678787135,0.4147614323319102,656,False,target-1.0 leakage-1.5 seed,"a=1,lw=1.5,r=0.04,w=0.25"
five_level_weak_anharmonic,seed_target10_leak15,0.03,static_only,0.0,0.0,43,0.9937706397506519,0.002861198712422408,0.038044076655171954,0.006752982524561077,0.9999996921092563,0.0019007560055287448,120,79.04711678787135,0.4147614323319102,656,False,target-1.0 leakage-1.5 seed,"a=1,lw=1.5,r=0.04,w=0.25"
five_level_weak_anharmonic,seed_target10_leak15,0.03,static_only,0.0,0.0,44,0.9651750397017456,0.0014633655609372909,0.031446138060871376,0.05228941593392663,0.9999997415193647,0.0019007560055287448,120,79.04711678787135,0.4147614323319102,656,False,target-1.0 leakage-1.5 seed,"a=1,lw=1.5,r=0.04,w=0.25"
five_level_weak_anharmonic,seed_target10_leak15,0.03,static_only,0.0,0.0,45,0.9979921827417585,0.00136843140473919,0.04407535582502242,0.00804232674432518,0.9999996698458701,0.0019007560055287448,120,79.04711678787135,0.4147614323319102,656,False,target-1.0 leakage-1.5 seed,"a=1,lw=1.5,r=0.04,w=0.25"
five_level_weak_anharmonic,seed_target10_leak15,0.03,static_only,0.0,0.0,46,0.9086028190426602,0.0035254176633038314,0.03833863453435826,0.06852756447769945,0.9999996291849598,0.0019007560055287448,120,79.04711678787135,0.4147614323319102,656,False,target-1.0 leakage-1.5 seed,"a=1,lw=1.5,r=0.04,w=0.25"
five_level_weak_anharmonic,seed_target10_leak15,0.03,static_only,0.0,0.0,47,0.9016967771086274,0.0066697084244145,0.042218804614200245,0.07523489928449888,0.9999996780733545,0.0019007560055287448,120,79.04711678787135,0.4147614323319102,656,False,target-1.0 leakage-1.5 seed,"a=1,lw=1.5,r=0.04,w=0.25"
five_level_weak_anharmonic,seed_target10_leak15,0.03,static_only,0.0,0.0,48,0.8066056565083032,0.0026516598622872145,0.04823021056717813,0.15798072334787375,0.9999994871230623,0.0019007560055287448,120,79.04711678787135,0.4147614323319102,656,False,target-1.0 leakage-1.5 seed,"a=1,lw=1.5,r=0.04,w=0.25"
five_level_weak_anharmonic,seed_target10_leak15,0.03,static_only,0.0,0.0,49,0.9523197552256801,0.004333651989931853,0.03772148526965702,0.03778730549009813,0.9999996533008635,0.0019007560055287448,120,79.04711678787135,0.4147614323319102,656,False,target-1.0 leakage-1.5 seed,"a=1,lw=1.5,r=0.04,w=0.25"
five_level_weak_anharmonic,seed_target10_leak15,0.03,static_only,0.0,0.0,50,0.9667461921989312,0.0025408396206919592,0.03720463560187759,0.04362715818317781,0.9999997196721871,0.0019007560055287448,120,79.04711678787135,0.4147614323319102,656,False,target-1.0 leakage-1.5 seed,"a=1,lw=1.5,r=0.04,w=0.25"
five_level_weak_anharmonic,seed_target10_leak15,0.03,static_only,0.0,0.0,51,0.9103541178448818,0.002768202208902504,0.04240178085766466,0.0745227218436863,0.9999996595451079,0.0019007560055287448,120,79.04711678787135,0.4147614323319102,656,False,target-1.0 leakage-1.5 seed,"a=1,lw=1.5,r=0.04,w=0.25"
five_level_weak_anharmonic,seed_target10_leak15,0.03,static_only,0.0,0.0,52,0.8662470602568748,0.001998836385447733,0.0378285787496041,0.10073753673764124,0.9999996131331147,0.0019007560055287448,120,79.04711678787135,0.4147614323319102,656,False,target-1.0 leakage-1.5 seed,"a=1,lw=1.5,r=0.04,w=0.25"
five_level_weak_anharmonic,seed_target10_leak15,0.03,static_only,0.0,0.0,53,0.9545353506050929,0.0009207371644356366,0.04034213918634155,0.05153081608238771,0.9999996322517156,0.0019007560055287448,120,79.04711678787135,0.4147614323319102,656,False,target-1.0 leakage-1.5 seed,"a=1,lw=1.5,r=0.04,w=0.25"
five_level_weak_anharmonic,seed_target10_leak15,0.03,static_only,0.0,0.0,54,0.9821834478461876,0.00039744148844400584,0.04128352258539536,0.019887909912090912,0.9999996385063981,0.0019007560055287448,120,79.04711678787135,0.4147614323319102,656,False,target-1.0 leakage-1.5 seed,"a=1,lw=1.5,r=0.04,w=0.25"
five_level_weak_anharmonic,seed_target10_leak15,0.03,static_only,0.0,0.0,55,0.9478133112790883,0.0035102647269643628,0.03989254998064273,0.059678405264848994,0.9999996905786976,0.0019007560055287448,120,79.04711678787135,0.4147614323319102,656,False,target-1.0 leakage-1.5 seed,"a=1,lw=1.5,r=0.04,w=0.25"
five_level_weak_anharmonic,seed_target10_leak15,0.03,static_only,0.0,0.0,56,0.9827295952113422,0.0004651494657789135,0.03809527292043713,0.012227163079872346,0.9999996120610432,0.0019007560055287448,120,79.04711678787135,0.4147614323319102,656,False,target-1.0 leakage-1.5 seed,"a=1,lw=1.5,r=0.04,w=0.25"
five_level_weak_anharmonic,seed_target10_leak15,0.03,static_only,0.0,0.0,57,0.8584246839099057,0.0066297452326399275,0.038582475621222745,0.13106279340073765,0.999999674016389,0.0019007560055287448,120,79.04711678787135,0.4147614323319102,656,False,target-1.0 leakage-1.5 seed,"a=1,lw=1.5,r=0.04,w=0.25"
five_level_weak_anharmonic,seed_target10_leak15,0.03,static_only,0.0,0.0,58,0.987972819505863,0.0037403173606096463,0.037972032361867525,0.00520644438813644,0.9999996978758461,0.0019007560055287448,120,79.04711678787135,0.4147614323319102,656,False,target-1.0 leakage-1.5 seed,"a=1,lw=1.5,r=0.04,w=0.25"
five_level_weak_anharmonic,seed_target10_leak15,0.03,static_only,0.0,0.0,59,0.8597778128305162,0.002303791118584253,0.04502662910263866,0.11269970514839514,0.9999994995701575,0.0019007560055287448,120,79.04711678787135,0.4147614323319102,656,False,target-1.0 leakage-1.5 seed,"a=1,lw=1.5,r=0.04,w=0.25"
five_level_weak_anharmonic,seed_target10_leak15,0.03,deph_0.001,0.001,0.0,10,0.8857480459224729,0.0033295913046224035,0.03920702286588573,0.0743693372552487,0.9833250021883156,0.0019007560055287448,120,79.04711678787135,0.4147614323319102,656,False,target-1.0 leakage-1.5 seed,"a=1,lw=1.5,r=0.04,w=0.25"
five_level_weak_anharmonic,seed_target10_leak15,0.03,deph_0.001,0.001,0.0,11,0.8710125123167656,0.00543808787280553,0.053008519148982525,0.0903507212451931,0.9868040572170662,0.0019007560055287448,120,79.04711678787135,0.4147614323319102,656,False,target-1.0 leakage-1.5 seed,"a=1,lw=1.5,r=0.04,w=0.25"
five_level_weak_anharmonic,seed_target10_leak15,0.03,deph_0.001,0.001,0.0,12,0.8072664791141269,0.0018061337831396518,0.04543418774442498,0.1622313949879182,0.9822865203636991,0.0019007560055287448,120,79.04711678787135,0.4147614323319102,656,False,target-1.0 leakage-1.5 seed,"a=1,lw=1.5,r=0.04,w=0.25"
five_level_weak_anharmonic,seed_target10_leak15,0.03,deph_0.001,0.001,0.0,13,0.8078645590757355,0.0014631018434172471,0.03291403201661347,0.19365878690020666,0.9765758047503175,0.0019007560055287448,120,79.04711678787135,0.4147614323319102,656,False,target-1.0 leakage-1.5 seed,"a=1,lw=1.5,r=0.04,w=0.25"
five_level_weak_anharmonic,seed_target10_leak15,0.03,deph_0.001,0.001,0.0,14,0.915889406181769,0.0029241260909314004,0.03287050096801836,0.08099423287147847,0.98209335626194,0.0019007560055287448,120,79.04711678787135,0.4147614323319102,656,False,target-1.0 leakage-1.5 seed,"a=1,lw=1.5,r=0.04,w=0.25"
five_level_weak_anharmonic,seed_target10_leak15,0.03,deph_0.001,0.001,0.0,15,0.9763854286951484,0.0023872420634332148,0.04454261767367207,0.02505571797141816,0.9847614019793375,0.0019007560055287448,120,79.04711678787135,0.4147614323319102,656,False,target-1.0 leakage-1.5 seed,"a=1,lw=1.5,r=0.04,w=0.25"
five_level_weak_anharmonic,seed_target10_leak15,0.03,deph_0.001,0.001,0.0,16,0.9196872055993242,0.0035922481751835544,0.05023219233705212,0.055110257438154946,0.9860315040433678,0.0019007560055287448,120,79.04711678787135,0.4147614323319102,656,False,target-1.0 leakage-1.5 seed,"a=1,lw=1.5,r=0.04,w=0.25"
five_level_weak_anharmonic,seed_target10_leak15,0.03,deph_0.001,0.001,0.0,17,0.8744008898694745,0.0027120707741580263,0.03064107141485195,0.12158067585505972,0.9797318062913831,0.0019007560055287448,120,79.04711678787135,0.4147614323319102,656,False,target-1.0 leakage-1.5 seed,"a=1,lw=1.5,r=0.04,w=0.25"
five_level_weak_anharmonic,seed_target10_leak15,0.03,deph_0.001,0.001,0.0,18,0.9522097792742311,0.0025025458795463473,0.03915723180087061,0.053557547584401295,0.9824237737434978,0.0019007560055287448,120,79.04711678787135,0.4147614323319102,656,False,target-1.0 leakage-1.5 seed,"a=1,lw=1.5,r=0.04,w=0.25"
five_level_weak_anharmonic,seed_target10_leak15,0.03,deph_0.001,0.001,0.0,19,0.8214985008900403,0.002470186855763945,0.037606147509446464,0.14247866333203785,0.9838089694729949,0.0019007560055287448,120,79.04711678787135,0.4147614323319102,656,False,target-1.0 leakage-1.5 seed,"a=1,lw=1.5,r=0.04,w=0.25"
five_level_weak_anharmonic,seed_target10_leak15,0.03,deph_0.001,0.001,0.0,20,0.7951692635675436,0.00397469590243793,0.04588562964429732,0.16053249028606,0.9809231182702953,0.0019007560055287448,120,79.04711678787135,0.4147614323319102,656,False,target-1.0 leakage-1.5 seed,"a=1,lw=1.5,r=0.04,w=0.25"
five_level_weak_anharmonic,seed_target10_leak15,0.03,deph_0.001,0.001,0.0,21,0.8939254761600667,0.005603990672850889,0.03673033943688386,0.07627357168272987,0.9849979376816562,0.0019007560055287448,120,79.04711678787135,0.4147614323319102,656,False,target-1.0 leakage-1.5 seed,"a=1,lw=1.5,r=0.04,w=0.25"
five_level_weak_anharmonic,seed_target10_leak15,0.03,deph_0.001,0.001,0.0,22,0.8956560286017987,0.003637470908811058,0.039307813836350514,0.06753055339114572,0.9862262848267065,0.0019007560055287448,120,79.04711678787135,0.4147614323319102,656,False,target-1.0 leakage-1.5 seed,"a=1,lw=1.5,r=0.04,w=0.25"
five_level_weak_anharmonic,seed_target10_leak15,0.03,deph_0.001,0.001,0.0,23,0.9782458324543966,0.0028757713805789287,0.0397206582310663,0.012279706303104453,0.9868354993619735,0.0019007560055287448,120,79.04711678787135,0.4147614323319102,656,False,target-1.0 leakage-1.5 seed,"a=1,lw=1.5,r=0.04,w=0.25"
five_level_weak_anharmonic,seed_target10_leak15,0.03,deph_0.001,0.001,0.0,24,0.9774306004819326,0.0034721254169481908,0.03373301674715257,0.03106089321789073,0.9843297714945852,0.0019007560055287448,120,79.04711678787135,0.4147614323319102,656,False,target-1.0 leakage-1.5 seed,"a=1,lw=1.5,r=0.04,w=0.25"
five_level_weak_anharmonic,seed_target10_leak15,0.03,deph_0.001,0.001,0.0,25,0.9768050329249729,0.005449061589506532,0.04087245635988568,0.02698354467822693,0.9848319251921461,0.0019007560055287448,120,79.04711678787135,0.4147614323319102,656,False,target-1.0 leakage-1.5 seed,"a=1,lw=1.5,r=0.04,w=0.25"
five_level_weak_anharmonic,seed_target10_leak15,0.03,deph_0.001,0.001,0.0,26,0.9799108933230593,0.0018576588907787128,0.04485505235237697,0.024455801103641952,0.9841858730564049,0.0019007560055287448,120,79.04711678787135,0.4147614323319102,656,False,target-1.0 leakage-1.5 seed,"a=1,lw=1.5,r=0.04,w=0.25"
five_level_weak_anharmonic,seed_target10_leak15,0.03,deph_0.001,0.001,0.0,27,0.9464445333168376,0.0017245658343320036,0.03531780576286436,0.0673939354629695,0.9817155866273897,0.0019007560055287448,120,79.04711678787135,0.4147614323319102,656,False,target-1.0 leakage-1.5 seed,"a=1,lw=1.5,r=0.04,w=0.25"
five_level_weak_anharmonic,seed_target10_leak15,0.03,deph_0.001,0.001,0.0,28,0.8813273472010263,0.0059870733097882045,0.0547409106241209,0.07861716758375414,0.9846031345183001,0.0019007560055287448,120,79.04711678787135,0.4147614323319102,656,False,target-1.0 leakage-1.5 seed,"a=1,lw=1.5,r=0.04,w=0.25"
five_level_weak_anharmonic,seed_target10_leak15,0.03,deph_0.001,0.001,0.0,29,0.9378098594903245,0.0020250499936564914,0.03988271617870964,0.048774211949964015,0.9841137955136942,0.0019007560055287448,120,79.04711678787135,0.4147614323319102,656,False,target-1.0 leakage-1.5 seed,"a=1,lw=1.5,r=0.04,w=0.25"
five_level_weak_anharmonic,seed_target10_leak15,0.03,deph_0.001,0.001,0.0,30,0.9404807841540441,0.00522660799040231,0.033757879346915876,0.07571071165301065,0.9808902646929144,0.0019007560055287448,120,79.04711678787135,0.4147614323319102,656,False,target-1.0 leakage-1.5 seed,"a=1,lw=1.5,r=0.04,w=0.25"
five_level_weak_anharmonic,seed_target10_leak15,0.03,deph_0.001,0.001,0.0,31,0.8928585910504652,0.004770496693082715,0.04830133696575378,0.06792453148206952,0.9870365863208944,0.0019007560055287448,120,79.04711678787135,0.4147614323319102,656,False,target-1.0 leakage-1.5 seed,"a=1,lw=1.5,r=0.04,w=0.25"
five_level_weak_anharmonic,seed_target10_leak15,0.03,deph_0.001,0.001,0.0,32,0.9361058545299251,0.004768469494581651,0.04376032856547063,0.04024549823781653,0.9879361953768884,0.0019007560055287448,120,79.04711678787135,0.4147614323319102,656,False,target-1.0 leakage-1.5 seed,"a=1,lw=1.5,r=0.04,w=0.25"
five_level_weak_anharmonic,seed_target10_leak15,0.03,deph_0.001,0.001,0.0,33,0.9393657076196512,0.0023257409524394257,0.02935477313841295,0.08376595122586039,0.9801045718404359,0.0019007560055287448,120,79.04711678787135,0.4147614323319102,656,False,target-1.0 leakage-1.5 seed,"a=1,lw=1.5,r=0.04,w=0.25"
five_level_weak_anharmonic,seed_target10_leak15,0.03,deph_0.001,0.001,0.0,34,0.986787020127682,0.0027465906756199976,0.04345961263338993,0.02313735689694742,0.9838558235325808,0.0019007560055287448,120,79.04711678787135,0.4147614323319102,656,False,target-1.0 leakage-1.5 seed,"a=1,lw=1.5,r=0.04,w=0.25"
five_level_weak_anharmonic,seed_target10_leak15,0.03,deph_0.001,0.001,0.0,35,0.807329498010833,0.003997057240660462,0.04108689575375779,0.15450971229906202,0.9798786748740703,0.0019007560055287448,120,79.04711678787135,0.4147614323319102,656,False,target-1.0 leakage-1.5 seed,"a=1,lw=1.5,r=0.04,w=0.25"
five_level_weak_anharmonic,seed_target10_leak15,0.03,deph_0.001,0.001,0.0,36,0.9671628050173967,0.00452489499388431,0.04685495477339696,0.018627696924157344,0.9876342660662394,0.0019007560055287448,120,79.04711678787135,0.4147614323319102,656,False,target-1.0 leakage-1.5 seed,"a=1,lw=1.5,r=0.04,w=0.25"
five_level_weak_anharmonic,seed_target10_leak15,0.03,deph_0.001,0.001,0.0,37,0.742803682654379,0.003406224264576929,0.031159506155495453,0.2512271319659294,0.9751693273605152,0.0019007560055287448,120,79.04711678787135,0.4147614323319102,656,False,target-1.0 leakage-1.5 seed,"a=1,lw=1.5,r=0.04,w=0.25"
five_level_weak_anharmonic,seed_target10_leak15,0.03,deph_0.001,0.001,0.0,38,0.9303519776083219,0.0026029898192119205,0.02571499517050513,0.0918094244097293,0.9803331736360739,0.0019007560055287448,120,79.04711678787135,0.4147614323319102,656,False,target-1.0 leakage-1.5 seed,"a=1,lw=1.5,r=0.04,w=0.25"
five_level_weak_anharmonic,seed_target10_leak15,0.03,deph_0.001,0.001,0.0,39,0.9867277949426795,0.0037226216016786884,0.04430300947562482,0.009395463199209697,0.9868486693741282,0.0019007560055287448,120,79.04711678787135,0.4147614323319102,656,False,target-1.0 leakage-1.5 seed,"a=1,lw=1.5,r=0.04,w=0.25"
five_level_weak_anharmonic,seed_target10_leak15,0.03,deph_0.001,0.001,0.0,40,0.9447693144428918,0.0028738288691516622,0.04596866776289088,0.04250956787366144,0.9847894234320917,0.0019007560055287448,120,79.04711678787135,0.4147614323319102,656,False,target-1.0 leakage-1.5 seed,"a=1,lw=1.5,r=0.04,w=0.25"
five_level_weak_anharmonic,seed_target10_leak15,0.03,deph_0.001,0.001,0.0,41,0.8355286228942355,0.004945838901341371,0.04171195389577631,0.12679503307637963,0.9829965868656595,0.0019007560055287448,120,79.04711678787135,0.4147614323319102,656,False,target-1.0 leakage-1.5 seed,"a=1,lw=1.5,r=0.04,w=0.25"
five_level_weak_anharmonic,seed_target10_leak15,0.03,deph_0.001,0.001,0.0,42,0.9860615207942329,0.0025418269721213527,0.0422875321524383,0.01295592094939987,0.984950519528672,0.0019007560055287448,120,79.04711678787135,0.4147614323319102,656,False,target-1.0 leakage-1.5 seed,"a=1,lw=1.5,r=0.04,w=0.25"
five_level_weak_anharmonic,seed_target10_leak15,0.03,deph_0.001,0.001,0.0,43,0.9873246983727546,0.0032993792963835755,0.038232286272011695,0.01298125671199066,0.9867525857105072,0.0019007560055287448,120,79.04711678787135,0.4147614323319102,656,False,target-1.0 leakage-1.5 seed,"a=1,lw=1.5,r=0.04,w=0.25"
five_level_weak_anharmonic,seed_target10_leak15,0.03,deph_0.001,0.001,0.0,44,0.9576002800690145,0.0018187623060369473,0.0316870183143777,0.05912448362105554,0.9811568659224289,0.0019007560055287448,120,79.04711678787135,0.4147614323319102,656,False,target-1.0 leakage-1.5 seed,"a=1,lw=1.5,r=0.04,w=0.25"
five_level_weak_anharmonic,seed_target10_leak15,0.03,deph_0.001,0.001,0.0,45,0.9902438393712663,0.002274582392240543,0.04452659133889114,0.015276377286189878,0.9843750276462381,0.0019007560055287448,120,79.04711678787135,0.4147614323319102,656,False,target-1.0 leakage-1.5 seed,"a=1,lw=1.5,r=0.04,w=0.25"
five_level_weak_anharmonic,seed_target10_leak15,0.03,deph_0.001,0.001,0.0,46,0.9043662472801824,0.003980660964582938,0.03842827935444326,0.07320250755019965,0.9869234223017113,0.0019007560055287448,120,79.04711678787135,0.4147614323319102,656,False,target-1.0 leakage-1.5 seed,"a=1,lw=1.5,r=0.04,w=0.25"
five_level_weak_anharmonic,seed_target10_leak15,0.03,deph_0.001,0.001,0.0,47,0.8969573836463611,0.0071587408186278845,0.04240581275003352,0.08050610250537064,0.9840395067176793,0.0019007560055287448,120,79.04711678787135,0.4147614323319102,656,False,target-1.0 leakage-1.5 seed,"a=1,lw=1.5,r=0.04,w=0.25"
five_level_weak_anharmonic,seed_target10_leak15,0.03,deph_0.001,0.001,0.0,48,0.8041669386635718,0.003310318259044598,0.048456636791811114,0.16102368439004644,0.9859340797355748,0.0019007560055287448,120,79.04711678787135,0.4147614323319102,656,False,target-1.0 leakage-1.5 seed,"a=1,lw=1.5,r=0.04,w=0.25"
five_level_weak_anharmonic,seed_target10_leak15,0.03,deph_0.001,0.001,0.0,49,0.9463701048243776,0.005075755739207266,0.03809944352235639,0.043859207114120065,0.9847795771234228,0.0019007560055287448,120,79.04711678787135,0.4147614323319102,656,False,target-1.0 leakage-1.5 seed,"a=1,lw=1.5,r=0.04,w=0.25"
five_level_weak_anharmonic,seed_target10_leak15,0.03,deph_0.001,0.001,0.0,50,0.959973650732214,0.003148858208104288,0.03747235935851223,0.05000252233676962,0.98249489825605,0.0019007560055287448,120,79.04711678787135,0.4147614323319102,656,False,target-1.0 leakage-1.5 seed,"a=1,lw=1.5,r=0.04,w=0.25"
five_level_weak_anharmonic,seed_target10_leak15,0.03,deph_0.001,0.001,0.0,51,0.9045578826101922,0.0036075726046885803,0.04267916178236586,0.08052393210383371,0.9823115134644601,0.0019007560055287448,120,79.04711678787135,0.4147614323319102,656,False,target-1.0 leakage-1.5 seed,"a=1,lw=1.5,r=0.04,w=0.25"
five_level_weak_anharmonic,seed_target10_leak15,0.03,deph_0.001,0.001,0.0,52,0.8621977676966956,0.0028168670779675775,0.038126191355557504,0.10541699472197262,0.9841857982899573,0.0019007560055287448,120,79.04711678787135,0.4147614323319102,656,False,target-1.0 leakage-1.5 seed,"a=1,lw=1.5,r=0.04,w=0.25"
five_level_weak_anharmonic,seed_target10_leak15,0.03,deph_0.001,0.001,0.0,53,0.9483640757666103,0.0016342455259319433,0.04051934677966451,0.057238329353422414,0.9837213039042382,0.0019007560055287448,120,79.04711678787135,0.4147614323319102,656,False,target-1.0 leakage-1.5 seed,"a=1,lw=1.5,r=0.04,w=0.25"
five_level_weak_anharmonic,seed_target10_leak15,0.03,deph_0.001,0.001,0.0,54,0.9755493097105066,0.0010774035077245614,0.0416432864754146,0.026160172979026425,0.9857886955233082,0.0019007560055287448,120,79.04711678787135,0.4147614323319102,656,False,target-1.0 leakage-1.5 seed,"a=1,lw=1.5,r=0.04,w=0.25"
five_level_weak_anharmonic,seed_target10_leak15,0.03,deph_0.001,0.001,0.0,55,0.9406442211552413,0.004071404170943427,0.04017821012808498,0.06636434667331065,0.9808806727763322,0.0019007560055287448,120,79.04711678787135,0.4147614323319102,656,False,target-1.0 leakage-1.5 seed,"a=1,lw=1.5,r=0.04,w=0.25"
five_level_weak_anharmonic,seed_target10_leak15,0.03,deph_0.001,0.001,0.0,56,0.9765097200505817,0.001002025873193646,0.038214924241243065,0.018193901792630827,0.987955248777841,0.0019007560055287448,120,79.04711678787135,0.4147614323319102,656,False,target-1.0 leakage-1.5 seed,"a=1,lw=1.5,r=0.04,w=0.25"
five_level_weak_anharmonic,seed_target10_leak15,0.03,deph_0.001,0.001,0.0,57,0.853032004567603,0.007478211880955321,0.038873405536987704,0.13665013821707908,0.9782390829565115,0.0019007560055287448,120,79.04711678787135,0.4147614323319102,656,False,target-1.0 leakage-1.5 seed,"a=1,lw=1.5,r=0.04,w=0.25"
five_level_weak_anharmonic,seed_target10_leak15,0.03,deph_0.001,0.001,0.0,58,0.9817490406469408,0.004113316591423888,0.03814147563063641,0.011427904394475986,0.9872225933547507,0.0019007560055287448,120,79.04711678787135,0.4147614323319102,656,False,target-1.0 leakage-1.5 seed,"a=1,lw=1.5,r=0.04,w=0.25"
five_level_weak_anharmonic,seed_target10_leak15,0.03,deph_0.001,0.001,0.0,59,0.8562618063930836,0.003103239551625059,0.04541865060110617,0.11674408056526754,0.9855661905122014,0.0019007560055287448,120,79.04711678787135,0.4147614323319102,656,False,target-1.0 leakage-1.5 seed,"a=1,lw=1.5,r=0.04,w=0.25"
five_level_weak_anharmonic,seed_target10_leak15,0.03,relax_0.0005,0.0,0.0005,10,0.8767124170120727,0.0026015876145988326,0.03872921192573431,0.08206106410260317,0.9671265420988925,0.0019007560055287448,120,79.04711678787135,0.4147614323319102,656,False,target-1.0 leakage-1.5 seed,"a=1,lw=1.5,r=0.04,w=0.25"
five_level_weak_anharmonic,seed_target10_leak15,0.03,relax_0.0005,0.0,0.0005,11,0.8600982659724612,0.004579645320858194,0.052455177792473995,0.09927125543219445,0.9619309418547543,0.0019007560055287448,120,79.04711678787135,0.4147614323319102,656,False,target-1.0 leakage-1.5 seed,"a=1,lw=1.5,r=0.04,w=0.25"
five_level_weak_anharmonic,seed_target10_leak15,0.03,relax_0.0005,0.0,0.0005,12,0.7920923102067591,0.001206541845388709,0.04500315641965247,0.17458674207871616,0.9672703992135729,0.0019007560055287448,120,79.04711678787135,0.4147614323319102,656,False,target-1.0 leakage-1.5 seed,"a=1,lw=1.5,r=0.04,w=0.25"
five_level_weak_anharmonic,seed_target10_leak15,0.03,relax_0.0005,0.0,0.0005,13,0.7991388205388256,0.0009393937306897415,0.032423422044570716,0.2011216270602999,0.9787560953719081,0.0019007560055287448,120,79.04711678787135,0.4147614323319102,656,False,target-1.0 leakage-1.5 seed,"a=1,lw=1.5,r=0.04,w=0.25"
five_level_weak_anharmonic,seed_target10_leak15,0.03,relax_0.0005,0.0,0.0005,14,0.907727287330463,0.002409879508436852,0.032498338393326165,0.08806312641335316,0.9706659369533218,0.0019007560055287448,120,79.04711678787135,0.4147614323319102,656,False,target-1.0 leakage-1.5 seed,"a=1,lw=1.5,r=0.04,w=0.25"
five_level_weak_anharmonic,seed_target10_leak15,0.03,relax_0.0005,0.0,0.0005,15,0.9641068143529005,0.0015794331096971037,0.04405135981459252,0.03489757056707762,0.965023950994889,0.0019007560055287448,120,79.04711678787135,0.4147614323319102,656,False,target-1.0 leakage-1.5 seed,"a=1,lw=1.5,r=0.04,w=0.25"
five_level_weak_anharmonic,seed_target10_leak15,0.03,relax_0.0005,0.0,0.0005,16,0.9075974063694242,0.0027253425944031573,0.04962446386675978,0.0648659301854945,0.9626799533248618,0.0019007560055287448,120,79.04711678787135,0.4147614323319102,656,False,target-1.0 leakage-1.5 seed,"a=1,lw=1.5,r=0.04,w=0.25"
five_level_weak_anharmonic,seed_target10_leak15,0.03,relax_0.0005,0.0,0.0005,17,0.8616695652060694,0.002133513886722116,0.030226169762179067,0.13191828452387597,0.9728229164719219,0.0019007560055287448,120,79.04711678787135,0.4147614323319102,656,False,target-1.0 leakage-1.5 seed,"a=1,lw=1.5,r=0.04,w=0.25"
five_level_weak_anharmonic,seed_target10_leak15,0.03,relax_0.0005,0.0,0.0005,18,0.9405538813803619,0.0018314915822023048,0.03871633130304497,0.06304808620178337,0.9689140739504775,0.0019007560055287448,120,79.04711678787135,0.4147614323319102,656,False,target-1.0 leakage-1.5 seed,"a=1,lw=1.5,r=0.04,w=0.25"
five_level_weak_anharmonic,seed_target10_leak15,0.03,relax_0.0005,0.0,0.0005,19,0.8066545238781541,0.0017812439094719856,0.03718955929084711,0.15462079759988015,0.9652381537377557,0.0019007560055287448,120,79.04711678787135,0.4147614323319102,656,False,target-1.0 leakage-1.5 seed,"a=1,lw=1.5,r=0.04,w=0.25"
five_level_weak_anharmonic,seed_target10_leak15,0.03,relax_0.0005,0.0,0.0005,20,0.7814808876570382,0.003088886368314725,0.04534955592438927,0.1716460601634681,0.9680061272578607,0.0019007560055287448,120,79.04711678787135,0.4147614323319102,656,False,target-1.0 leakage-1.5 seed,"a=1,lw=1.5,r=0.04,w=0.25"
five_level_weak_anharmonic,seed_target10_leak15,0.03,relax_0.0005,0.0,0.0005,21,0.8803290971840327,0.005000660034322091,0.036368024567367874,0.08728966065529764,0.9643550612172095,0.0019007560055287448,120,79.04711678787135,0.4147614323319102,656,False,target-1.0 leakage-1.5 seed,"a=1,lw=1.5,r=0.04,w=0.25"
five_level_weak_anharmonic,seed_target10_leak15,0.03,relax_0.0005,0.0,0.0005,22,0.8843599034496379,0.0028700448935845557,0.03884867834411554,0.07683878430376054,0.9626977618176948,0.0019007560055287448,120,79.04711678787135,0.4147614323319102,656,False,target-1.0 leakage-1.5 seed,"a=1,lw=1.5,r=0.04,w=0.25"
five_level_weak_anharmonic,seed_target10_leak15,0.03,relax_0.0005,0.0,0.0005,23,0.967446619524385,0.002297559279306749,0.03929884095679159,0.021128054620293723,0.9636571062166073,0.0019007560055287448,120,79.04711678787135,0.4147614323319102,656,False,target-1.0 leakage-1.5 seed,"a=1,lw=1.5,r=0.04,w=0.25"
five_level_weak_anharmonic,seed_target10_leak15,0.03,relax_0.0005,0.0,0.0005,24,0.9662399577598424,0.0028497756274521446,0.0333121956183422,0.04025125650603912,0.9671962537366856,0.0019007560055287448,120,79.04711678787135,0.4147614323319102,656,False,target-1.0 leakage-1.5 seed,"a=1,lw=1.5,r=0.04,w=0.25"
five_level_weak_anharmonic,seed_target10_leak15,0.03,relax_0.0005,0.0,0.0005,25,0.9661648925362005,0.004776704129216269,0.04047318920177312,0.03573692988518902,0.9664391133772334,0.0019007560055287448,120,79.04711678787135,0.4147614323319102,656,False,target-1.0 leakage-1.5 seed,"a=1,lw=1.5,r=0.04,w=0.25"
five_level_weak_anharmonic,seed_target10_leak15,0.03,relax_0.0005,0.0,0.0005,26,0.9691246350887968,0.001133871639756645,0.04426411278510445,0.03322738176574936,0.9667041193958813,0.0019007560055287448,120,79.04711678787135,0.4147614323319102,656,False,target-1.0 leakage-1.5 seed,"a=1,lw=1.5,r=0.04,w=0.25"
five_level_weak_anharmonic,seed_target10_leak15,0.03,relax_0.0005,0.0,0.0005,27,0.9349203540753042,0.0012002057494936436,0.03485536761104169,0.07678972188179826,0.9706858219689687,0.0019007560055287448,120,79.04711678787135,0.4147614323319102,656,False,target-1.0 leakage-1.5 seed,"a=1,lw=1.5,r=0.04,w=0.25"
five_level_weak_anharmonic,seed_target10_leak15,0.03,relax_0.0005,0.0,0.0005,28,0.8703699102573549,0.005100500702150068,0.054105285073445475,0.08751488252405902,0.9648845137166009,0.0019007560055287448,120,79.04711678787135,0.4147614323319102,656,False,target-1.0 leakage-1.5 seed,"a=1,lw=1.5,r=0.04,w=0.25"
five_level_weak_anharmonic,seed_target10_leak15,0.03,relax_0.0005,0.0,0.0005,29,0.9264410073460223,0.001524035183444572,0.039447469478314456,0.05805324818062543,0.9672753239237661,0.0019007560055287448,120,79.04711678787135,0.4147614323319102,656,False,target-1.0 leakage-1.5 seed,"a=1,lw=1.5,r=0.04,w=0.25"
five_level_weak_anharmonic,seed_target10_leak15,0.03,relax_0.0005,0.0,0.0005,30,0.9295517351880478,0.004699784725498368,0.03347247184309288,0.08481989903438,0.9720059455384888,0.0019007560055287448,120,79.04711678787135,0.4147614323319102,656,False,target-1.0 leakage-1.5 seed,"a=1,lw=1.5,r=0.04,w=0.25"
five_level_weak_anharmonic,seed_target10_leak15,0.03,relax_0.0005,0.0,0.0005,31,0.8830743720718409,0.003923077561334365,0.04784006809805175,0.0759705941376973,0.9620636802308236,0.0019007560055287448,120,79.04711678787135,0.4147614323319102,656,False,target-1.0 leakage-1.5 seed,"a=1,lw=1.5,r=0.04,w=0.25"
five_level_weak_anharmonic,seed_target10_leak15,0.03,relax_0.0005,0.0,0.0005,32,0.9250423781207021,0.003998032718987465,0.04331405558862511,0.049297640058334695,0.9611998833753285,0.0019007560055287448,120,79.04711678787135,0.4147614323319102,656,False,target-1.0 leakage-1.5 seed,"a=1,lw=1.5,r=0.04,w=0.25"
five_level_weak_anharmonic,seed_target10_leak15,0.03,relax_0.0005,0.0,0.0005,33,0.928927669936256,0.0017336514399908243,0.028986352909383895,0.09256872543808986,0.9725670385910365,0.0019007560055287448,120,79.04711678787135,0.4147614323319102,656,False,target-1.0 leakage-1.5 seed,"a=1,lw=1.5,r=0.04,w=0.25"
five_level_weak_anharmonic,seed_target10_leak15,0.03,relax_0.0005,0.0,0.0005,34,0.9768596810510318,0.0019016920794246994,0.04277740455195256,0.031280125653637275,0.9672179983335251,0.0019007560055287448,120,79.04711678787135,0.4147614323319102,656,False,target-1.0 leakage-1.5 seed,"a=1,lw=1.5,r=0.04,w=0.25"
five_level_weak_anharmonic,seed_target10_leak15,0.03,relax_0.0005,0.0,0.0005,35,0.7939767246298958,0.00312280415858468,0.04050672541664935,0.16527034775440325,0.9691653216366459,0.0019007560055287448,120,79.04711678787135,0.4147614323319102,656,False,target-1.0 leakage-1.5 seed,"a=1,lw=1.5,r=0.04,w=0.25"
five_level_weak_anharmonic,seed_target10_leak15,0.03,relax_0.0005,0.0,0.0005,36,0.9555511378717504,0.003875580408921331,0.046311644504061666,0.027984994478100288,0.9623745997705606,0.0019007560055287448,120,79.04711678787135,0.4147614323319102,656,False,target-1.0 leakage-1.5 seed,"a=1,lw=1.5,r=0.04,w=0.25"
five_level_weak_anharmonic,seed_target10_leak15,0.03,relax_0.0005,0.0,0.0005,37,0.7312277677867043,0.002850949980217621,0.0307770808183343,0.2608032339642738,0.9808029503650084,0.0019007560055287448,120,79.04711678787135,0.4147614323319102,656,False,target-1.0 leakage-1.5 seed,"a=1,lw=1.5,r=0.04,w=0.25"
five_level_weak_anharmonic,seed_target10_leak15,0.03,relax_0.0005,0.0,0.0005,38,0.9204808972994852,0.002216720135776007,0.025435195548182077,0.10020428860539157,0.9728420739240782,0.0019007560055287448,120,79.04711678787135,0.4147614323319102,656,False,target-1.0 leakage-1.5 seed,"a=1,lw=1.5,r=0.04,w=0.25"
five_level_weak_anharmonic,seed_target10_leak15,0.03,relax_0.0005,0.0,0.0005,39,0.9756535381092223,0.0029431519032143694,0.04380041880750973,0.018357034505221678,0.9631248065028439,0.0019007560055287448,120,79.04711678787135,0.4147614323319102,656,False,target-1.0 leakage-1.5 seed,"a=1,lw=1.5,r=0.04,w=0.25"
five_level_weak_anharmonic,seed_target10_leak15,0.03,relax_0.0005,0.0,0.0005,40,0.9326239754965352,0.002136271821520208,0.045484218414671096,0.05231508295932318,0.9651607574671849,0.0019007560055287448,120,79.04711678787135,0.4147614323319102,656,False,target-1.0 leakage-1.5 seed,"a=1,lw=1.5,r=0.04,w=0.25"
five_level_weak_anharmonic,seed_target10_leak15,0.03,relax_0.0005,0.0,0.0005,41,0.8214905718184143,0.004150268241474131,0.04128169180019925,0.1382229507635678,0.965443456381685,0.0019007560055287448,120,79.04711678787135,0.4147614323319102,656,False,target-1.0 leakage-1.5 seed,"a=1,lw=1.5,r=0.04,w=0.25"
five_level_weak_anharmonic,seed_target10_leak15,0.03,relax_0.0005,0.0,0.0005,42,0.9772057153096984,0.0018352980187297252,0.041755651394869364,0.020399113999932307,0.9660037279074406,0.0019007560055287448,120,79.04711678787135,0.4147614323319102,656,False,target-1.0 leakage-1.5 seed,"a=1,lw=1.5,r=0.04,w=0.25"
five_level_weak_anharmonic,seed_target10_leak15,0.03,relax_0.0005,0.0,0.0005,43,0.9758798698100085,0.002768031036980534,0.03784584345595554,0.022278379899217948,0.9641507911313504,0.0019007560055287448,120,79.04711678787135,0.4147614323319102,656,False,target-1.0 leakage-1.5 seed,"a=1,lw=1.5,r=0.04,w=0.25"
five_level_weak_anharmonic,seed_target10_leak15,0.03,relax_0.0005,0.0,0.0005,44,0.9503465498656144,0.0014148370474731387,0.03128073528186359,0.06552676791707363,0.972816727202674,0.0019007560055287448,120,79.04711678787135,0.4147614323319102,656,False,target-1.0 leakage-1.5 seed,"a=1,lw=1.5,r=0.04,w=0.25"
five_level_weak_anharmonic,seed_target10_leak15,0.03,relax_0.0005,0.0,0.0005,45,0.9805345644045793,0.0013779330639398513,0.043887143411238894,0.02329165342289089,0.9664641233460785,0.0019007560055287448,120,79.04711678787135,0.4147614323319102,656,False,target-1.0 leakage-1.5 seed,"a=1,lw=1.5,r=0.04,w=0.25"
five_level_weak_anharmonic,seed_target10_leak15,0.03,relax_0.0005,0.0,0.0005,46,0.8899712240409867,0.0034066174483061706,0.03808301924983004,0.08490555077191825,0.9622461578969195,0.0019007560055287448,120,79.04711678787135,0.4147614323319102,656,False,target-1.0 leakage-1.5 seed,"a=1,lw=1.5,r=0.04,w=0.25"
five_level_weak_anharmonic,seed_target10_leak15,0.03,relax_0.0005,0.0,0.0005,47,0.8829895451777522,0.006445774236317203,0.041982418184256076,0.09174229114943494,0.9652660684189558,0.0019007560055287448,120,79.04711678787135,0.4147614323319102,656,False,target-1.0 leakage-1.5 seed,"a=1,lw=1.5,r=0.04,w=0.25"
five_level_weak_anharmonic,seed_target10_leak15,0.03,relax_0.0005,0.0,0.0005,48,0.7911342165348623,0.0025580000363865096,0.047945329528930714,0.17177157886647293,0.9629505933115637,0.0019007560055287448,120,79.04711678787135,0.4147614323319102,656,False,target-1.0 leakage-1.5 seed,"a=1,lw=1.5,r=0.04,w=0.25"
five_level_weak_anharmonic,seed_target10_leak15,0.03,relax_0.0005,0.0,0.0005,49,0.9330620410059848,0.0042496974939438825,0.037580956239968266,0.05454095138982785,0.9645310870635303,0.0019007560055287448,120,79.04711678787135,0.4147614323319102,656,False,target-1.0 leakage-1.5 seed,"a=1,lw=1.5,r=0.04,w=0.25"
five_level_weak_anharmonic,seed_target10_leak15,0.03,relax_0.0005,0.0,0.0005,50,0.9484157155964151,0.0024915261790104948,0.037093863830716556,0.05939404687474003,0.9694490463725737,0.0019007560055287448,120,79.04711678787135,0.4147614323319102,656,False,target-1.0 leakage-1.5 seed,"a=1,lw=1.5,r=0.04,w=0.25"
five_level_weak_anharmonic,seed_target10_leak15,0.03,relax_0.0005,0.0,0.0005,51,0.8917014675804559,0.0027394935409855714,0.04215920709989063,0.09088707912137173,0.9666985324446394,0.0019007560055287448,120,79.04711678787135,0.4147614323319102,656,False,target-1.0 leakage-1.5 seed,"a=1,lw=1.5,r=0.04,w=0.25"
five_level_weak_anharmonic,seed_target10_leak15,0.03,relax_0.0005,0.0,0.0005,52,0.8482064941245645,0.002004527027926417,0.03766078089578695,0.11676486633766996,0.9645831473524498,0.0019007560055287448,120,79.04711678787135,0.4147614323319102,656,False,target-1.0 leakage-1.5 seed,"a=1,lw=1.5,r=0.04,w=0.25"
five_level_weak_anharmonic,seed_target10_leak15,0.03,relax_0.0005,0.0,0.0005,53,0.9379123265711717,0.0009515814347309526,0.040107032557710864,0.06586564112736921,0.9678711608177093,0.0019007560055287448,120,79.04711678787135,0.4147614323319102,656,False,target-1.0 leakage-1.5 seed,"a=1,lw=1.5,r=0.04,w=0.25"
five_level_weak_anharmonic,seed_target10_leak15,0.03,relax_0.0005,0.0,0.0005,54,0.9653757011951473,0.00041200742883640284,0.04107851103820592,0.034477917670890326,0.9653057132914227,0.0019007560055287448,120,79.04711678787135,0.4147614323319102,656,False,target-1.0 leakage-1.5 seed,"a=1,lw=1.5,r=0.04,w=0.25"
five_level_weak_anharmonic,seed_target10_leak15,0.03,relax_0.0005,0.0,0.0005,55,0.9333014758437891,0.003423198888402812,0.03975868002898175,0.07272389236437936,0.9726258846036302,0.0019007560055287448,120,79.04711678787135,0.4147614323319102,656,False,target-1.0 leakage-1.5 seed,"a=1,lw=1.5,r=0.04,w=0.25"
five_level_weak_anharmonic,seed_target10_leak15,0.03,relax_0.0005,0.0,0.0005,56,0.9654247460819374,0.0004918041964188102,0.03785644657807197,0.027254517134473338,0.9620847917613624,0.0019007560055287448,120,79.04711678787135,0.4147614323319102,656,False,target-1.0 leakage-1.5 seed,"a=1,lw=1.5,r=0.04,w=0.25"
five_level_weak_anharmonic,seed_target10_leak15,0.03,relax_0.0005,0.0,0.0005,57,0.840174308444929,0.006497318811930608,0.03846003463782144,0.14700886997957988,0.9721816304576189,0.0019007560055287448,120,79.04711678787135,0.4147614323319102,656,False,target-1.0 leakage-1.5 seed,"a=1,lw=1.5,r=0.04,w=0.25"
five_level_weak_anharmonic,seed_target10_leak15,0.03,relax_0.0005,0.0,0.0005,58,0.9694752172810137,0.0035973631823122965,0.03775613908841735,0.02134772627880145,0.9633266628136672,0.0019007560055287448,120,79.04711678787135,0.4147614323319102,656,False,target-1.0 leakage-1.5 seed,"a=1,lw=1.5,r=0.04,w=0.25"
five_level_weak_anharmonic,seed_target10_leak15,0.03,relax_0.0005,0.0,0.0005,59,0.8423768521245744,0.0022567376814799367,0.04483464461177,0.12804225009371334,0.9626389683323004,0.0019007560055287448,120,79.04711678787135,0.4147614323319102,656,False,target-1.0 leakage-1.5 seed,"a=1,lw=1.5,r=0.04,w=0.25"
five_level_weak_anharmonic,seed_target10_leak15,0.03,combined,0.001,0.0005,10,0.8709060979384775,0.0032476500576874567,0.03902700612643073,0.08834688869248362,0.9511633189962829,0.0019007560055287448,120,79.04711678787135,0.4147614323319102,656,False,target-1.0 leakage-1.5 seed,"a=1,lw=1.5,r=0.04,w=0.25"
five_level_weak_anharmonic,seed_target10_leak15,0.03,combined,0.001,0.0005,11,0.8558959455695745,0.005269607804226917,0.052727399753978,0.10407362623047486,0.949525599122359,0.0019007560055287448,120,79.04711678787135,0.4147614323319102,656,False,target-1.0 leakage-1.5 seed,"a=1,lw=1.5,r=0.04,w=0.25"
five_level_weak_anharmonic,seed_target10_leak15,0.03,combined,0.001,0.0005,12,0.7893711064448303,0.0017430796823338923,0.045122737537087065,0.1780043344729597,0.9502586742037935,0.0019007560055287448,120,79.04711678787135,0.4147614323319102,656,False,target-1.0 leakage-1.5 seed,"a=1,lw=1.5,r=0.04,w=0.25"
five_level_weak_anharmonic,seed_target10_leak15,0.03,combined,0.001,0.0005,13,0.794985143790006,0.001441620801341803,0.032772217260147674,0.20509607534388583,0.9559288687323746,0.0019007560055287448,120,79.04711678787135,0.4147614323319102,656,False,target-1.0 leakage-1.5 seed,"a=1,lw=1.5,r=0.04,w=0.25"
five_level_weak_anharmonic,seed_target10_leak15,0.03,combined,0.001,0.0005,14,0.9018177872537286,0.0028660684553959426,0.032681723085190795,0.09364949949163977,0.9533950431924703,0.0019007560055287448,120,79.04711678787135,0.4147614323319102,656,False,target-1.0 leakage-1.5 seed,"a=1,lw=1.5,r=0.04,w=0.25"
five_level_weak_anharmonic,seed_target10_leak15,0.03,combined,0.001,0.0005,15,0.9574294668408991,0.002403501120197271,0.044316401060032984,0.04136939096125889,0.950448764601093,0.0019007560055287448,120,79.04711678787135,0.4147614323319102,656,False,target-1.0 leakage-1.5 seed,"a=1,lw=1.5,r=0.04,w=0.25"
five_level_weak_anharmonic,seed_target10_leak15,0.03,combined,0.001,0.0005,16,0.9023830565260936,0.0035001731223943677,0.04997070547975002,0.07046272088536532,0.9494530765466809,0.0019007560055287448,120,79.04711678787135,0.4147614323319102,656,False,target-1.0 leakage-1.5 seed,"a=1,lw=1.5,r=0.04,w=0.25"
five_level_weak_anharmonic,seed_target10_leak15,0.03,combined,0.001,0.0005,17,0.8562431033313804,0.0026460394906395734,0.03051637144633046,0.13734228059399128,0.9531598078777322,0.0019007560055287448,120,79.04711678787135,0.4147614323319102,656,False,target-1.0 leakage-1.5 seed,"a=1,lw=1.5,r=0.04,w=0.25"
five_level_weak_anharmonic,seed_target10_leak15,0.03,combined,0.001,0.0005,18,0.9337577173894449,0.002464720500785722,0.03893597118424763,0.06950785502113219,0.9519598028662186,0.0019007560055287448,120,79.04711678787135,0.4147614323319102,656,False,target-1.0 leakage-1.5 seed,"a=1,lw=1.5,r=0.04,w=0.25"
five_level_weak_anharmonic,seed_target10_leak15,0.03,combined,0.001,0.0005,19,0.803789867417679,0.002402564866533341,0.037392764332743855,0.15825550907068675,0.9497554568696035,0.0019007560055287448,120,79.04711678787135,0.4147614323319102,656,False,target-1.0 leakage-1.5 seed,"a=1,lw=1.5,r=0.04,w=0.25"
five_level_weak_anharmonic,seed_target10_leak15,0.03,combined,0.001,0.0005,20,0.7783392535390269,0.0038668859114914245,0.04564377881297632,0.17576508952471204,0.9496904805064951,0.0019007560055287448,120,79.04711678787135,0.4147614323319102,656,False,target-1.0 leakage-1.5 seed,"a=1,lw=1.5,r=0.04,w=0.25"
five_level_weak_anharmonic,seed_target10_leak15,0.03,combined,0.001,0.0005,21,0.875829796455888,0.005413023384695181,0.03653421769075249,0.09241740860390889,0.9500236527191054,0.0019007560055287448,120,79.04711678787135,0.4147614323319102,656,False,target-1.0 leakage-1.5 seed,"a=1,lw=1.5,r=0.04,w=0.25"
five_level_weak_anharmonic,seed_target10_leak15,0.03,combined,0.001,0.0005,22,0.8794114643437856,0.0035627855980764345,0.039103797291037634,0.08229770979255178,0.9496592171494953,0.0019007560055287448,120,79.04711678787135,0.4147614323319102,656,False,target-1.0 leakage-1.5 seed,"a=1,lw=1.5,r=0.04,w=0.25"
five_level_weak_anharmonic,seed_target10_leak15,0.03,combined,0.001,0.0005,23,0.9608785349607438,0.0027842148241483677,0.03950688781480283,0.027611066390443396,0.9511411466881105,0.0019007560055287448,120,79.04711678787135,0.4147614323319102,656,False,target-1.0 leakage-1.5 seed,"a=1,lw=1.5,r=0.04,w=0.25"
five_level_weak_anharmonic,seed_target10_leak15,0.03,combined,0.001,0.0005,24,0.9595996939222805,0.003388960749867498,0.033597694036965775,0.04647955210703866,0.9521270690196417,0.0019007560055287448,120,79.04711678787135,0.4147614323319102,656,False,target-1.0 leakage-1.5 seed,"a=1,lw=1.5,r=0.04,w=0.25"
five_level_weak_anharmonic,seed_target10_leak15,0.03,combined,0.001,0.0005,25,0.9595009783250494,0.005312613615150452,0.04062495136005673,0.0420693382388622,0.9518936686371263,0.0019007560055287448,120,79.04711678787135,0.4147614323319102,656,False,target-1.0 leakage-1.5 seed,"a=1,lw=1.5,r=0.04,w=0.25"
five_level_weak_anharmonic,seed_target10_leak15,0.03,combined,0.001,0.0005,26,0.96188762146191,0.001828721529724353,0.04458804229245983,0.04010490236018751,0.9515343055371989,0.0019007560055287448,120,79.04711678787135,0.4147614323319102,656,False,target-1.0 leakage-1.5 seed,"a=1,lw=1.5,r=0.04,w=0.25"
five_level_weak_anharmonic,seed_target10_leak15,0.03,combined,0.001,0.0005,27,0.9284263803069883,0.0016730245142566602,0.03514681835221012,0.08282387526639998,0.9529955778287561,0.0019007560055287448,120,79.04711678787135,0.4147614323319102,656,False,target-1.0 leakage-1.5 seed,"a=1,lw=1.5,r=0.04,w=0.25"
five_level_weak_anharmonic,seed_target10_leak15,0.03,combined,0.001,0.0005,28,0.8655333160526252,0.0057883583170385,0.05444929496817086,0.09304005508086714,0.9502235160987571,0.0019007560055287448,120,79.04711678787135,0.4147614323319102,656,False,target-1.0 leakage-1.5 seed,"a=1,lw=1.5,r=0.04,w=0.25"
five_level_weak_anharmonic,seed_target10_leak15,0.03,combined,0.001,0.0005,29,0.9202621116130058,0.001943618515369283,0.03964698284175472,0.06429462023838478,0.9520105891454629,0.0019007560055287448,120,79.04711678787135,0.4147614323319102,656,False,target-1.0 leakage-1.5 seed,"a=1,lw=1.5,r=0.04,w=0.25"
five_level_weak_anharmonic,seed_target10_leak15,0.03,combined,0.001,0.0005,30,0.922893125532247,0.005093559791016333,0.03354497511716925,0.0909233934745245,0.9534765545869957,0.0019007560055287448,120,79.04711678787135,0.4147614323319102,656,False,target-1.0 leakage-1.5 seed,"a=1,lw=1.5,r=0.04,w=0.25"
five_level_weak_anharmonic,seed_target10_leak15,0.03,combined,0.001,0.0005,31,0.8781306329321085,0.004643855250064832,0.048155896074833615,0.08143923004449098,0.94988839792975,0.0019007560055287448,120,79.04711678787135,0.4147614323319102,656,False,target-1.0 leakage-1.5 seed,"a=1,lw=1.5,r=0.04,w=0.25"
five_level_weak_anharmonic,seed_target10_leak15,0.03,combined,0.001,0.0005,32,0.9195923011451838,0.004650305941239274,0.04351916564632585,0.05498281182581451,0.9498646342042248,0.0019007560055287448,120,79.04711678787135,0.4147614323319102,656,False,target-1.0 leakage-1.5 seed,"a=1,lw=1.5,r=0.04,w=0.25"
five_level_weak_anharmonic,seed_target10_leak15,0.03,combined,0.001,0.0005,33,0.92176980167615,0.0023030181498553404,0.029208121426993805,0.0988946864620737,0.9532801741569088,0.0019007560055287448,120,79.04711678787135,0.4147614323319102,656,False,target-1.0 leakage-1.5 seed,"a=1,lw=1.5,r=0.04,w=0.25"
five_level_weak_anharmonic,seed_target10_leak15,0.03,combined,0.001,0.0005,34,0.9693501969658894,0.0027036334595330613,0.043249080065441925,0.03827484494222235,0.9517266320985242,0.0019007560055287448,120,79.04711678787135,0.4147614323319102,656,False,target-1.0 leakage-1.5 seed,"a=1,lw=1.5,r=0.04,w=0.25"
five_level_weak_anharmonic,seed_target10_leak15,0.03,combined,0.001,0.0005,35,0.7901549791641214,0.0039026636539374326,0.040907723784906036,0.16996818724042007,0.9498098740776915,0.0019007560055287448,120,79.04711678787135,0.4147614323319102,656,False,target-1.0 leakage-1.5 seed,"a=1,lw=1.5,r=0.04,w=0.25"
five_level_weak_anharmonic,seed_target10_leak15,0.03,combined,0.001,0.0005,36,0.9496534728599225,0.004355019568074936,0.04659763422423269,0.034032713290610944,0.9506775531037805,0.0019007560055287448,120,79.04711678787135,0.4147614323319102,656,False,target-1.0 leakage-1.5 seed,"a=1,lw=1.5,r=0.04,w=0.25"
five_level_weak_anharmonic,seed_target10_leak15,0.03,combined,0.001,0.0005,37,0.7269388787118072,0.0032983696135946428,0.03101203308697098,0.26512558895509336,0.956587731568286,0.0019007560055287448,120,79.04711678787135,0.4147614323319102,656,False,target-1.0 leakage-1.5 seed,"a=1,lw=1.5,r=0.04,w=0.25"
five_level_weak_anharmonic,seed_target10_leak15,0.03,combined,0.001,0.0005,38,0.9140075043155871,0.0025482945714925265,0.025549756169979565,0.10593077339368356,0.9537811121151937,0.0019007560055287448,120,79.04711678787135,0.4147614323319102,656,False,target-1.0 leakage-1.5 seed,"a=1,lw=1.5,r=0.04,w=0.25"
five_level_weak_anharmonic,seed_target10_leak15,0.03,combined,0.001,0.0005,39,0.9690469405095427,0.003668947774794651,0.04408431133642432,0.02481289424712038,0.9506461612156293,0.0019007560055287448,120,79.04711678787135,0.4147614323319102,656,False,target-1.0 leakage-1.5 seed,"a=1,lw=1.5,r=0.04,w=0.25"
five_level_weak_anharmonic,seed_target10_leak15,0.03,combined,0.001,0.0005,40,0.9265582613377149,0.002796422161421952,0.04568332756746729,0.05848408408251578,0.9506112337944876,0.0019007560055287448,120,79.04711678787135,0.4147614323319102,656,False,target-1.0 leakage-1.5 seed,"a=1,lw=1.5,r=0.04,w=0.25"
five_level_weak_anharmonic,seed_target10_leak15,0.03,combined,0.001,0.0005,41,0.8179223370669321,0.0047955461367445995,0.04145837328404389,0.14260158545500282,0.9491808780009958,0.0019007560055287448,120,79.04711678787135,0.4147614323319102,656,False,target-1.0 leakage-1.5 seed,"a=1,lw=1.5,r=0.04,w=0.25"
five_level_weak_anharmonic,seed_target10_leak15,0.03,combined,0.001,0.0005,42,0.9695558877882317,0.002496571935241221,0.04205889532171381,0.027642588315494276,0.9516266031561825,0.0019007560055287448,120,79.04711678787135,0.4147614323319102,656,False,target-1.0 leakage-1.5 seed,"a=1,lw=1.5,r=0.04,w=0.25"
five_level_weak_anharmonic,seed_target10_leak15,0.03,combined,0.001,0.0005,43,0.9695446844637361,0.0031869223178875306,0.03803227262672737,0.028412375134824336,0.9515223674527634,0.0019007560055287448,120,79.04711678787135,0.4147614323319102,656,False,target-1.0 leakage-1.5 seed,"a=1,lw=1.5,r=0.04,w=0.25"
five_level_weak_anharmonic,seed_target10_leak15,0.03,combined,0.001,0.0005,44,0.942872838223736,0.0017548841182410957,0.03151958463675486,0.07227538341923606,0.9545831625959998,0.0019007560055287448,120,79.04711678787135,0.4147614323319102,656,False,target-1.0 leakage-1.5 seed,"a=1,lw=1.5,r=0.04,w=0.25"
five_level_weak_anharmonic,seed_target10_leak15,0.03,combined,0.001,0.0005,45,0.9729281516620502,0.0022474567122486855,0.04433422869350456,0.03040841134224703,0.9515031498783074,0.0019007560055287448,120,79.04711678787135,0.4147614323319102,656,False,target-1.0 leakage-1.5 seed,"a=1,lw=1.5,r=0.04,w=0.25"
five_level_weak_anharmonic,seed_target10_leak15,0.03,combined,0.001,0.0005,46,0.885835769499532,0.0038430200354283572,0.03817168715094521,0.08948956415010223,0.9498344114262233,0.0019007560055287448,120,79.04711678787135,0.4147614323319102,656,False,target-1.0 leakage-1.5 seed,"a=1,lw=1.5,r=0.04,w=0.25"
five_level_weak_anharmonic,seed_target10_leak15,0.03,combined,0.001,0.0005,47,0.878364721125297,0.0069140149999349365,0.04216793910420069,0.09690832617975634,0.949979039011599,0.0019007560055287448,120,79.04711678787135,0.4147614323319102,656,False,target-1.0 leakage-1.5 seed,"a=1,lw=1.5,r=0.04,w=0.25"
five_level_weak_anharmonic,seed_target10_leak15,0.03,combined,0.001,0.0005,48,0.7887654440201435,0.0031885374168870717,0.048169175324509594,0.17474932601280757,0.9496753374756021,0.0019007560055287448,120,79.04711678787135,0.4147614323319102,656,False,target-1.0 leakage-1.5 seed,"a=1,lw=1.5,r=0.04,w=0.25"
five_level_weak_anharmonic,seed_target10_leak15,0.03,combined,0.001,0.0005,49,0.9272490653203221,0.004960591459720387,0.03795520505558603,0.060496133910747325,0.949975926871469,0.0019007560055287448,120,79.04711678787135,0.4147614323319102,656,False,target-1.0 leakage-1.5 seed,"a=1,lw=1.5,r=0.04,w=0.25"
five_level_weak_anharmonic,seed_target10_leak15,0.03,combined,0.001,0.0005,50,0.9417741550439421,0.0030737272466171417,0.037359675017812455,0.06566066404095515,0.9525426145360514,0.0019007560055287448,120,79.04711678787135,0.4147614323319102,656,False,target-1.0 leakage-1.5 seed,"a=1,lw=1.5,r=0.04,w=0.25"
five_level_weak_anharmonic,seed_target10_leak15,0.03,combined,0.001,0.0005,51,0.8860435910444235,0.003544860623413748,0.042433677759870725,0.09676917066933703,0.949726077450859,0.0019007560055287448,120,79.04711678787135,0.4147614323319102,656,False,target-1.0 leakage-1.5 seed,"a=1,lw=1.5,r=0.04,w=0.25"
five_level_weak_anharmonic,seed_target10_leak15,0.03,combined,0.001,0.0005,52,0.8442685857337007,0.002791119964671074,0.03795536396543109,0.12134500434896762,0.9494765176626625,0.0019007560055287448,120,79.04711678787135,0.4147614323319102,656,False,target-1.0 leakage-1.5 seed,"a=1,lw=1.5,r=0.04,w=0.25"
five_level_weak_anharmonic,seed_target10_leak15,0.03,combined,0.001,0.0005,53,0.9318447505175246,0.0016370441853216233,0.040282466594710464,0.0714905655071902,0.9522267187509521,0.0019007560055287448,120,79.04711678787135,0.4147614323319102,656,False,target-1.0 leakage-1.5 seed,"a=1,lw=1.5,r=0.04,w=0.25"
five_level_weak_anharmonic,seed_target10_leak15,0.03,combined,0.001,0.0005,54,0.9588524175354556,0.0010637654743036462,0.04143435599425871,0.040657599837243444,0.9517454087322795,0.0019007560055287448,120,79.04711678787135,0.4147614323319102,656,False,target-1.0 leakage-1.5 seed,"a=1,lw=1.5,r=0.04,w=0.25"
five_level_weak_anharmonic,seed_target10_leak15,0.03,combined,0.001,0.0005,55,0.9262325725934558,0.003960059969660645,0.04004238306424368,0.07931991264659237,0.9541329857275176,0.0019007560055287448,120,79.04711678787135,0.4147614323319102,656,False,target-1.0 leakage-1.5 seed,"a=1,lw=1.5,r=0.04,w=0.25"
five_level_weak_anharmonic,seed_target10_leak15,0.03,combined,0.001,0.0005,56,0.959310939605972,0.0010069174867026742,0.03797446417943928,0.0331347321298066,0.9507173366920699,0.0019007560055287448,120,79.04711678787135,0.4147614323319102,656,False,target-1.0 leakage-1.5 seed,"a=1,lw=1.5,r=0.04,w=0.25"
five_level_weak_anharmonic,seed_target10_leak15,0.03,combined,0.001,0.0005,57,0.8349189451782262,0.007312326492610266,0.03874894071432344,0.15247660354868323,0.9511366359778155,0.0019007560055287448,120,79.04711678787135,0.4147614323319102,656,False,target-1.0 leakage-1.5 seed,"a=1,lw=1.5,r=0.04,w=0.25"
five_level_weak_anharmonic,seed_target10_leak15,0.03,combined,0.001,0.0005,58,0.9633663309391318,0.003954035650803989,0.03792412697347014,0.027469122806076558,0.9511628114082524,0.0019007560055287448,120,79.04711678787135,0.4147614323319102,656,False,target-1.0 leakage-1.5 seed,"a=1,lw=1.5,r=0.04,w=0.25"
five_level_weak_anharmonic,seed_target10_leak15,0.03,combined,0.001,0.0005,59,0.8389606333596777,0.003022929874113789,0.04522257662645879,0.13199681910940375,0.948973553132995,0.0019007560055287448,120,79.04711678787135,0.4147614323319102,656,False,target-1.0 leakage-1.5 seed,"a=1,lw=1.5,r=0.04,w=0.25"
five_level_weak_anharmonic,seed_target10_leak15_target08_leak12,0.03,static_only,0.0,0.0,10,0.9120937653463889,0.0027680073215299306,0.06466873982671839,0.04134552633474105,0.9999975665448334,0.003013306634502715,120,103.90876925108023,0.3346487473100423,1955,False,"target-1.0 seed, target 0.8 then leak 1.2","a=1,lw=1.5,r=0.04,w=0.25; a=1,lw=0.8,r=0.02,w=0.25; a=1,lw=1.2,r=0.015,w=0.25"
five_level_weak_anharmonic,seed_target10_leak15_target08_leak12,0.03,static_only,0.0,0.0,11,0.9407060967301605,0.005796554031329282,0.0658477177281529,0.050066892134333275,0.999997074228329,0.003013306634502715,120,103.90876925108023,0.3346487473100423,1955,False,"target-1.0 seed, target 0.8 then leak 1.2","a=1,lw=1.5,r=0.04,w=0.25; a=1,lw=0.8,r=0.02,w=0.25; a=1,lw=1.2,r=0.015,w=0.25"
five_level_weak_anharmonic,seed_target10_leak15_target08_leak12,0.03,static_only,0.0,0.0,12,0.9165278213316826,0.0012586299198031892,0.0582178084368048,0.06554516800655025,0.9999973077432434,0.003013306634502715,120,103.90876925108023,0.3346487473100423,1955,False,"target-1.0 seed, target 0.8 then leak 1.2","a=1,lw=1.5,r=0.04,w=0.25; a=1,lw=0.8,r=0.02,w=0.25; a=1,lw=1.2,r=0.015,w=0.25"
five_level_weak_anharmonic,seed_target10_leak15_target08_leak12,0.03,static_only,0.0,0.0,13,0.7762039673131914,0.0024360721334585334,0.06685473368092565,0.23346573406394935,0.9999978506689254,0.003013306634502715,120,103.90876925108023,0.3346487473100423,1955,False,"target-1.0 seed, target 0.8 then leak 1.2","a=1,lw=1.5,r=0.04,w=0.25; a=1,lw=0.8,r=0.02,w=0.25; a=1,lw=1.2,r=0.015,w=0.25"
five_level_weak_anharmonic,seed_target10_leak15_target08_leak12,0.03,static_only,0.0,0.0,14,0.8698812708704967,0.003198088570722568,0.06840894221913874,0.13666983947914915,0.9999976181967374,0.003013306634502715,120,103.90876925108023,0.3346487473100423,1955,False,"target-1.0 seed, target 0.8 then leak 1.2","a=1,lw=1.5,r=0.04,w=0.25; a=1,lw=0.8,r=0.02,w=0.25; a=1,lw=1.2,r=0.015,w=0.25"
five_level_weak_anharmonic,seed_target10_leak15_target08_leak12,0.03,static_only,0.0,0.0,15,0.9871447326949105,0.0022634813877359106,0.07304969238137149,0.013366695438066411,0.9999974612606367,0.003013306634502715,120,103.90876925108023,0.3346487473100423,1955,False,"target-1.0 seed, target 0.8 then leak 1.2","a=1,lw=1.5,r=0.04,w=0.25; a=1,lw=0.8,r=0.02,w=0.25; a=1,lw=1.2,r=0.015,w=0.25"
five_level_weak_anharmonic,seed_target10_leak15_target08_leak12,0.03,static_only,0.0,0.0,16,0.9759264157504041,0.003938117844973776,0.07161287549040218,0.014090661979830572,0.9999973167022216,0.003013306634502715,120,103.90876925108023,0.3346487473100423,1955,False,"target-1.0 seed, target 0.8 then leak 1.2","a=1,lw=1.5,r=0.04,w=0.25; a=1,lw=0.8,r=0.02,w=0.25; a=1,lw=1.2,r=0.015,w=0.25"
five_level_weak_anharmonic,seed_target10_leak15_target08_leak12,0.03,static_only,0.0,0.0,17,0.9006774414924783,0.0027010794152266815,0.056737029293648655,0.08603561324359972,0.999998141116644,0.003013306634502715,120,103.90876925108023,0.3346487473100423,1955,False,"target-1.0 seed, target 0.8 then leak 1.2","a=1,lw=1.5,r=0.04,w=0.25; a=1,lw=0.8,r=0.02,w=0.25; a=1,lw=1.2,r=0.015,w=0.25"
five_level_weak_anharmonic,seed_target10_leak15_target08_leak12,0.03,static_only,0.0,0.0,18,0.9751028396252012,0.0028836564695461364,0.06582561579863766,0.02728507137075207,0.9999977100485656,0.003013306634502715,120,103.90876925108023,0.3346487473100423,1955,False,"target-1.0 seed, target 0.8 then leak 1.2","a=1,lw=1.5,r=0.04,w=0.25; a=1,lw=0.8,r=0.02,w=0.25; a=1,lw=1.2,r=0.015,w=0.25"
five_level_weak_anharmonic,seed_target10_leak15_target08_leak12,0.03,static_only,0.0,0.0,19,0.9241394464303305,0.003979258729687296,0.06450581384107457,0.05591581438470528,0.9999973296659881,0.003013306634502715,120,103.90876925108023,0.3346487473100423,1955,False,"target-1.0 seed, target 0.8 then leak 1.2","a=1,lw=1.5,r=0.04,w=0.25; a=1,lw=0.8,r=0.02,w=0.25; a=1,lw=1.2,r=0.015,w=0.25"
five_level_weak_anharmonic,seed_target10_leak15_target08_leak12,0.03,static_only,0.0,0.0,20,0.8785539055063933,0.0048006155848783205,0.05881311982412818,0.07997997724791803,0.9999976157681745,0.003013306634502715,120,103.90876925108023,0.3346487473100423,1955,False,"target-1.0 seed, target 0.8 then leak 1.2","a=1,lw=1.5,r=0.04,w=0.25; a=1,lw=0.8,r=0.02,w=0.25; a=1,lw=1.2,r=0.015,w=0.25"
five_level_weak_anharmonic,seed_target10_leak15_target08_leak12,0.03,static_only,0.0,0.0,21,0.9573259551716533,0.0070124009567813506,0.057790442331898007,0.020317763057655407,0.9999975625966983,0.003013306634502715,120,103.90876925108023,0.3346487473100423,1955,False,"target-1.0 seed, target 0.8 then leak 1.2","a=1,lw=1.5,r=0.04,w=0.25; a=1,lw=0.8,r=0.02,w=0.25; a=1,lw=1.2,r=0.015,w=0.25"
five_level_weak_anharmonic,seed_target10_leak15_target08_leak12,0.03,static_only,0.0,0.0,22,0.9488116696835786,0.0041448690136249855,0.07233906300465431,0.031791326961352104,0.999997162323459,0.003013306634502715,120,103.90876925108023,0.3346487473100423,1955,False,"target-1.0 seed, target 0.8 then leak 1.2","a=1,lw=1.5,r=0.04,w=0.25; a=1,lw=0.8,r=0.02,w=0.25; a=1,lw=1.2,r=0.015,w=0.25"
five_level_weak_anharmonic,seed_target10_leak15_target08_leak12,0.03,static_only,0.0,0.0,23,0.9924975131072489,0.003396454237063251,0.06018381767995096,0.008162173031667268,0.9999976055273805,0.003013306634502715,120,103.90876925108023,0.3346487473100423,1955,False,"target-1.0 seed, target 0.8 then leak 1.2","a=1,lw=1.5,r=0.04,w=0.25; a=1,lw=0.8,r=0.02,w=0.25; a=1,lw=1.2,r=0.015,w=0.25"
five_level_weak_anharmonic,seed_target10_leak15_target08_leak12,0.03,static_only,0.0,0.0,24,0.9605013893283908,0.0035681685173030164,0.06084885736847201,0.0529934934048012,0.9999978770909279,0.003013306634502715,120,103.90876925108023,0.3346487473100423,1955,False,"target-1.0 seed, target 0.8 then leak 1.2","a=1,lw=1.5,r=0.04,w=0.25; a=1,lw=0.8,r=0.02,w=0.25; a=1,lw=1.2,r=0.015,w=0.25"
five_level_weak_anharmonic,seed_target10_leak15_target08_leak12,0.03,static_only,0.0,0.0,25,0.9560015774776167,0.004996700655206077,0.06724701890226847,0.056034882643197566,0.9999974876151344,0.003013306634502715,120,103.90876925108023,0.3346487473100423,1955,False,"target-1.0 seed, target 0.8 then leak 1.2","a=1,lw=1.5,r=0.04,w=0.25; a=1,lw=0.8,r=0.02,w=0.25; a=1,lw=1.2,r=0.015,w=0.25"
five_level_weak_anharmonic,seed_target10_leak15_target08_leak12,0.03,static_only,0.0,0.0,26,0.9959222994866918,0.0017883862248092575,0.06326284121929904,0.009198040725310275,0.9999976145794072,0.003013306634502715,120,103.90876925108023,0.3346487473100423,1955,False,"target-1.0 seed, target 0.8 then leak 1.2","a=1,lw=1.5,r=0.04,w=0.25; a=1,lw=0.8,r=0.02,w=0.25; a=1,lw=1.2,r=0.015,w=0.25"
five_level_weak_anharmonic,seed_target10_leak15_target08_leak12,0.03,static_only,0.0,0.0,27,0.945362821603784,0.0019349618718066397,0.053762858531297364,0.06949760174633891,0.9999981357417558,0.003013306634502715,120,103.90876925108023,0.3346487473100423,1955,False,"target-1.0 seed, target 0.8 then leak 1.2","a=1,lw=1.5,r=0.04,w=0.25; a=1,lw=0.8,r=0.02,w=0.25; a=1,lw=1.2,r=0.015,w=0.25"
five_level_weak_anharmonic,seed_target10_leak15_target08_leak12,0.03,static_only,0.0,0.0,28,0.9424731442841621,0.004987312963321888,0.06656243409036655,0.03129735793887681,0.9999973615103631,0.003013306634502715,120,103.90876925108023,0.3346487473100423,1955,False,"target-1.0 seed, target 0.8 then leak 1.2","a=1,lw=1.5,r=0.04,w=0.25; a=1,lw=0.8,r=0.02,w=0.25; a=1,lw=1.2,r=0.015,w=0.25"
five_level_weak_anharmonic,seed_target10_leak15_target08_leak12,0.03,static_only,0.0,0.0,29,0.9795696641557156,0.0012801955332795156,0.0502056894790015,0.008611074073189093,0.9999977258170353,0.003013306634502715,120,103.90876925108023,0.3346487473100423,1955,False,"target-1.0 seed, target 0.8 then leak 1.2","a=1,lw=1.5,r=0.04,w=0.25; a=1,lw=0.8,r=0.02,w=0.25; a=1,lw=1.2,r=0.015,w=0.25"
five_level_weak_anharmonic,seed_target10_leak15_target08_leak12,0.03,static_only,0.0,0.0,30,0.9560644693103241,0.004383092189814031,0.06473096220181918,0.0638850432997307,0.9999978666345987,0.003013306634502715,120,103.90876925108023,0.3346487473100423,1955,False,"target-1.0 seed, target 0.8 then leak 1.2","a=1,lw=1.5,r=0.04,w=0.25; a=1,lw=0.8,r=0.02,w=0.25; a=1,lw=1.2,r=0.015,w=0.25"
five_level_weak_anharmonic,seed_target10_leak15_target08_leak12,0.03,static_only,0.0,0.0,31,0.9387754050038511,0.0071167364761368646,0.07501029618696742,0.04675089884002515,0.9999972999302582,0.003013306634502715,120,103.90876925108023,0.3346487473100423,1955,False,"target-1.0 seed, target 0.8 then leak 1.2","a=1,lw=1.5,r=0.04,w=0.25; a=1,lw=0.8,r=0.02,w=0.25; a=1,lw=1.2,r=0.015,w=0.25"
five_level_weak_anharmonic,seed_target10_leak15_target08_leak12,0.03,static_only,0.0,0.0,32,0.9733502231071599,0.003990619777018201,0.0713100228399679,0.025720643572859827,0.9999970956538875,0.003013306634502715,120,103.90876925108023,0.3346487473100423,1955,False,"target-1.0 seed, target 0.8 then leak 1.2","a=1,lw=1.5,r=0.04,w=0.25; a=1,lw=0.8,r=0.02,w=0.25; a=1,lw=1.2,r=0.015,w=0.25"
five_level_weak_anharmonic,seed_target10_leak15_target08_leak12,0.03,static_only,0.0,0.0,33,0.9690979681215851,0.004173280743924868,0.06908565281811452,0.05214730940449885,0.9999979250878004,0.003013306634502715,120,103.90876925108023,0.3346487473100423,1955,False,"target-1.0 seed, target 0.8 then leak 1.2","a=1,lw=1.5,r=0.04,w=0.25; a=1,lw=0.8,r=0.02,w=0.25; a=1,lw=1.2,r=0.015,w=0.25"
five_level_weak_anharmonic,seed_target10_leak15_target08_leak12,0.03,static_only,0.0,0.0,34,0.9847669693471859,0.002938405063001137,0.07014647770641047,0.028389139388862717,0.9999976291217162,0.003013306634502715,120,103.90876925108023,0.3346487473100423,1955,False,"target-1.0 seed, target 0.8 then leak 1.2","a=1,lw=1.5,r=0.04,w=0.25; a=1,lw=0.8,r=0.02,w=0.25; a=1,lw=1.2,r=0.015,w=0.25"
five_level_weak_anharmonic,seed_target10_leak15_target08_leak12,0.03,static_only,0.0,0.0,35,0.872160624488224,0.0049548633023899225,0.07052973879466151,0.08151299311498163,0.9999976280045224,0.003013306634502715,120,103.90876925108023,0.3346487473100423,1955,False,"target-1.0 seed, target 0.8 then leak 1.2","a=1,lw=1.5,r=0.04,w=0.25; a=1,lw=0.8,r=0.02,w=0.25; a=1,lw=1.2,r=0.015,w=0.25"
five_level_weak_anharmonic,seed_target10_leak15_target08_leak12,0.03,static_only,0.0,0.0,36,0.9920084882133301,0.004774131136154547,0.05997244892839504,0.007728532261761543,0.9999976423399393,0.003013306634502715,120,103.90876925108023,0.3346487473100423,1955,False,"target-1.0 seed, target 0.8 then leak 1.2","a=1,lw=1.5,r=0.04,w=0.25; a=1,lw=0.8,r=0.02,w=0.25; a=1,lw=1.2,r=0.015,w=0.25"
five_level_weak_anharmonic,seed_target10_leak15_target08_leak12,0.03,static_only,0.0,0.0,37,0.8112719619257617,0.0018973456605799743,0.050270797559667124,0.1782486897354606,0.9999982601383269,0.003013306634502715,120,103.90876925108023,0.3346487473100423,1955,False,"target-1.0 seed, target 0.8 then leak 1.2","a=1,lw=1.5,r=0.04,w=0.25; a=1,lw=0.8,r=0.02,w=0.25; a=1,lw=1.2,r=0.015,w=0.25"
five_level_weak_anharmonic,seed_target10_leak15_target08_leak12,0.03,static_only,0.0,0.0,38,0.9254574924142733,0.004087155177650681,0.0577715783399102,0.10205079871785547,0.9999980317391775,0.003013306634502715,120,103.90876925108023,0.3346487473100423,1955,False,"target-1.0 seed, target 0.8 then leak 1.2","a=1,lw=1.5,r=0.04,w=0.25; a=1,lw=0.8,r=0.02,w=0.25; a=1,lw=1.2,r=0.015,w=0.25"
five_level_weak_anharmonic,seed_target10_leak15_target08_leak12,0.03,static_only,0.0,0.0,39,0.9876618896414138,0.003022108299994608,0.06937318649404867,0.019319486076678917,0.9999975179689965,0.003013306634502715,120,103.90876925108023,0.3346487473100423,1955,False,"target-1.0 seed, target 0.8 then leak 1.2","a=1,lw=1.5,r=0.04,w=0.25; a=1,lw=0.8,r=0.02,w=0.25; a=1,lw=1.2,r=0.015,w=0.25"
five_level_weak_anharmonic,seed_target10_leak15_target08_leak12,0.03,static_only,0.0,0.0,40,0.9846822658244335,0.0016647852177217315,0.06186998004784905,0.006329129614778522,0.9999973777228227,0.003013306634502715,120,103.90876925108023,0.3346487473100423,1955,False,"target-1.0 seed, target 0.8 then leak 1.2","a=1,lw=1.5,r=0.04,w=0.25; a=1,lw=0.8,r=0.02,w=0.25; a=1,lw=1.2,r=0.015,w=0.25"
five_level_weak_anharmonic,seed_target10_leak15_target08_leak12,0.03,static_only,0.0,0.0,41,0.9205695511306424,0.005620820875207877,0.06444951380483555,0.05043293282676697,0.9999973366647206,0.003013306634502715,120,103.90876925108023,0.3346487473100423,1955,False,"target-1.0 seed, target 0.8 then leak 1.2","a=1,lw=1.5,r=0.04,w=0.25; a=1,lw=0.8,r=0.02,w=0.25; a=1,lw=1.2,r=0.015,w=0.25"
five_level_weak_anharmonic,seed_target10_leak15_target08_leak12,0.03,static_only,0.0,0.0,42,0.9865908454708457,0.003579053381002728,0.06081382889787523,0.01172966147211182,0.9999975229641176,0.003013306634502715,120,103.90876925108023,0.3346487473100423,1955,False,"target-1.0 seed, target 0.8 then leak 1.2","a=1,lw=1.5,r=0.04,w=0.25; a=1,lw=0.8,r=0.02,w=0.25; a=1,lw=1.2,r=0.015,w=0.25"
five_level_weak_anharmonic,seed_target10_leak15_target08_leak12,0.03,static_only,0.0,0.0,43,0.9669617519949876,0.003270150601691113,0.05769798600076026,0.04142945233674269,0.9999977545534781,0.003013306634502715,120,103.90876925108023,0.3346487473100423,1955,False,"target-1.0 seed, target 0.8 then leak 1.2","a=1,lw=1.5,r=0.04,w=0.25; a=1,lw=0.8,r=0.02,w=0.25; a=1,lw=1.2,r=0.015,w=0.25"
five_level_weak_anharmonic,seed_target10_leak15_target08_leak12,0.03,static_only,0.0,0.0,44,0.9376985058159533,0.0015319085648421993,0.055972891865584296,0.0722243862210555,0.9999979515929647,0.003013306634502715,120,103.90876925108023,0.3346487473100423,1955,False,"target-1.0 seed, target 0.8 then leak 1.2","a=1,lw=1.5,r=0.04,w=0.25; a=1,lw=0.8,r=0.02,w=0.25; a=1,lw=1.2,r=0.015,w=0.25"
five_level_weak_anharmonic,seed_target10_leak15_target08_leak12,0.03,static_only,0.0,0.0,45,0.9944858775931863,0.00211008127857637,0.06735787538217597,0.015065321348539369,0.9999977398403223,0.003013306634502715,120,103.90876925108023,0.3346487473100423,1955,False,"target-1.0 seed, target 0.8 then leak 1.2","a=1,lw=1.5,r=0.04,w=0.25; a=1,lw=0.8,r=0.02,w=0.25; a=1,lw=1.2,r=0.015,w=0.25"
five_level_weak_anharmonic,seed_target10_leak15_target08_leak12,0.03,static_only,0.0,0.0,46,0.9808712054632444,0.005161112778686361,0.06065642516679537,0.01323248362306762,0.9999973272086483,0.003013306634502715,120,103.90876925108023,0.3346487473100423,1955,False,"target-1.0 seed, target 0.8 then leak 1.2","a=1,lw=1.5,r=0.04,w=0.25; a=1,lw=0.8,r=0.02,w=0.25; a=1,lw=1.2,r=0.015,w=0.25"
five_level_weak_anharmonic,seed_target10_leak15_target08_leak12,0.03,static_only,0.0,0.0,47,0.9533619976838018,0.007774365750959467,0.05218088332747439,0.024201373190620944,0.9999975593549187,0.003013306634502715,120,103.90876925108023,0.3346487473100423,1955,False,"target-1.0 seed, target 0.8 then leak 1.2","a=1,lw=1.5,r=0.04,w=0.25; a=1,lw=0.8,r=0.02,w=0.25; a=1,lw=1.2,r=0.015,w=0.25"
five_level_weak_anharmonic,seed_target10_leak15_target08_leak12,0.03,static_only,0.0,0.0,48,0.9298795537537219,0.004088127612440151,0.06528066923377751,0.06949728482411432,0.9999967615607547,0.003013306634502715,120,103.90876925108023,0.3346487473100423,1955,False,"target-1.0 seed, target 0.8 then leak 1.2","a=1,lw=1.5,r=0.04,w=0.25; a=1,lw=0.8,r=0.02,w=0.25; a=1,lw=1.2,r=0.015,w=0.25"
five_level_weak_anharmonic,seed_target10_leak15_target08_leak12,0.03,static_only,0.0,0.0,49,0.971672612654924,0.004829755121978918,0.06354956902122644,0.016238131452223047,0.9999976372210014,0.003013306634502715,120,103.90876925108023,0.3346487473100423,1955,False,"target-1.0 seed, target 0.8 then leak 1.2","a=1,lw=1.5,r=0.04,w=0.25; a=1,lw=0.8,r=0.02,w=0.25; a=1,lw=1.2,r=0.015,w=0.25"
five_level_weak_anharmonic,seed_target10_leak15_target08_leak12,0.03,static_only,0.0,0.0,50,0.95688766420521,0.0033482564774846013,0.06330263879081299,0.05392907374552317,0.9999980559126865,0.003013306634502715,120,103.90876925108023,0.3346487473100423,1955,False,"target-1.0 seed, target 0.8 then leak 1.2","a=1,lw=1.5,r=0.04,w=0.25; a=1,lw=0.8,r=0.02,w=0.25; a=1,lw=1.2,r=0.015,w=0.25"
five_level_weak_anharmonic,seed_target10_leak15_target08_leak12,0.03,static_only,0.0,0.0,51,0.9480661606985612,0.004139719047529744,0.0645874173722154,0.03074820304473732,0.999997454878936,0.003013306634502715,120,103.90876925108023,0.3346487473100423,1955,False,"target-1.0 seed, target 0.8 then leak 1.2","a=1,lw=1.5,r=0.04,w=0.25; a=1,lw=0.8,r=0.02,w=0.25; a=1,lw=1.2,r=0.015,w=0.25"
five_level_weak_anharmonic,seed_target10_leak15_target08_leak12,0.03,static_only,0.0,0.0,52,0.940993276860453,0.0025690690845630026,0.06911648312967678,0.03770998843166395,0.9999973148565854,0.003013306634502715,120,103.90876925108023,0.3346487473100423,1955,False,"target-1.0 seed, target 0.8 then leak 1.2","a=1,lw=1.5,r=0.04,w=0.25; a=1,lw=0.8,r=0.02,w=0.25; a=1,lw=1.2,r=0.015,w=0.25"
five_level_weak_anharmonic,seed_target10_leak15_target08_leak12,0.03,static_only,0.0,0.0,53,0.9073038111922134,0.0022093266410558865,0.07138115471091555,0.10739758609725705,0.9999974332199976,0.003013306634502715,120,103.90876925108023,0.3346487473100423,1955,False,"target-1.0 seed, target 0.8 then leak 1.2","a=1,lw=1.5,r=0.04,w=0.25; a=1,lw=0.8,r=0.02,w=0.25; a=1,lw=1.2,r=0.015,w=0.25"
five_level_weak_anharmonic,seed_target10_leak15_target08_leak12,0.03,static_only,0.0,0.0,54,0.9497371389842281,0.0017057057180110968,0.06704281661080902,0.06257443509319904,0.9999975547920512,0.003013306634502715,120,103.90876925108023,0.3346487473100423,1955,False,"target-1.0 seed, target 0.8 then leak 1.2","a=1,lw=1.5,r=0.04,w=0.25; a=1,lw=0.8,r=0.02,w=0.25; a=1,lw=1.2,r=0.015,w=0.25"
five_level_weak_anharmonic,seed_target10_leak15_target08_leak12,0.03,static_only,0.0,0.0,55,0.9123023226468392,0.004727876542538811,0.06576224473474224,0.0930134038350812,0.999997811318875,0.003013306634502715,120,103.90876925108023,0.3346487473100423,1955,False,"target-1.0 seed, target 0.8 then leak 1.2","a=1,lw=1.5,r=0.04,w=0.25; a=1,lw=0.8,r=0.02,w=0.25; a=1,lw=1.2,r=0.015,w=0.25"
five_level_weak_anharmonic,seed_target10_leak15_target08_leak12,0.03,static_only,0.0,0.0,56,0.9741421306864434,0.0017507590027866504,0.0703194835799722,0.03576705120808542,0.9999973338491692,0.003013306634502715,120,103.90876925108023,0.3346487473100423,1955,False,"target-1.0 seed, target 0.8 then leak 1.2","a=1,lw=1.5,r=0.04,w=0.25; a=1,lw=0.8,r=0.02,w=0.25; a=1,lw=1.2,r=0.015,w=0.25"
five_level_weak_anharmonic,seed_target10_leak15_target08_leak12,0.03,static_only,0.0,0.0,57,0.8690209937422301,0.007473550292908526,0.07524412636938027,0.10657471879686618,0.9999978570912499,0.003013306634502715,120,103.90876925108023,0.3346487473100423,1955,False,"target-1.0 seed, target 0.8 then leak 1.2","a=1,lw=1.5,r=0.04,w=0.25; a=1,lw=0.8,r=0.02,w=0.25; a=1,lw=1.2,r=0.015,w=0.25"
five_level_weak_anharmonic,seed_target10_leak15_target08_leak12,0.03,static_only,0.0,0.0,58,0.9932270936250936,0.005051421791749444,0.050692509873057956,0.007044033201401305,0.9999977294260303,0.003013306634502715,120,103.90876925108023,0.3346487473100423,1955,False,"target-1.0 seed, target 0.8 then leak 1.2","a=1,lw=1.5,r=0.04,w=0.25; a=1,lw=0.8,r=0.02,w=0.25; a=1,lw=1.2,r=0.015,w=0.25"
five_level_weak_anharmonic,seed_target10_leak15_target08_leak12,0.03,static_only,0.0,0.0,59,0.9588651852725586,0.005834132071966924,0.0720715320636196,0.03607731547302877,0.9999969562109894,0.003013306634502715,120,103.90876925108023,0.3346487473100423,1955,False,"target-1.0 seed, target 0.8 then leak 1.2","a=1,lw=1.5,r=0.04,w=0.25; a=1,lw=0.8,r=0.02,w=0.25; a=1,lw=1.2,r=0.015,w=0.25"
five_level_weak_anharmonic,seed_target10_leak15_target08_leak12,0.03,deph_0.001,0.001,0.0,10,0.9064216099144751,0.0036771262731296606,0.06460015665347307,0.04750300199025799,0.9866132034592918,0.003013306634502715,120,103.90876925108023,0.3346487473100423,1955,False,"target-1.0 seed, target 0.8 then leak 1.2","a=1,lw=1.5,r=0.04,w=0.25; a=1,lw=0.8,r=0.02,w=0.25; a=1,lw=1.2,r=0.015,w=0.25"
five_level_weak_anharmonic,seed_target10_leak15_target08_leak12,0.03,deph_0.001,0.001,0.0,11,0.9355888921800235,0.006715356087039548,0.06640795346691841,0.05520888988124011,0.9882352231352597,0.003013306634502715,120,103.90876925108023,0.3346487473100423,1955,False,"target-1.0 seed, target 0.8 then leak 1.2","a=1,lw=1.5,r=0.04,w=0.25; a=1,lw=0.8,r=0.02,w=0.25; a=1,lw=1.2,r=0.015,w=0.25"
five_level_weak_anharmonic,seed_target10_leak15_target08_leak12,0.03,deph_0.001,0.001,0.0,12,0.9130883280812949,0.002036711507771294,0.05813991870477753,0.06942307831401068,0.9876260015149831,0.003013306634502715,120,103.90876925108023,0.3346487473100423,1955,False,"target-1.0 seed, target 0.8 then leak 1.2","a=1,lw=1.5,r=0.04,w=0.25; a=1,lw=0.8,r=0.02,w=0.25; a=1,lw=1.2,r=0.015,w=0.25"
five_level_weak_anharmonic,seed_target10_leak15_target08_leak12,0.03,deph_0.001,0.001,0.0,13,0.7724179474534465,0.0031144238307999617,0.06676012065857284,0.23676326887153998,0.9745625696744937,0.003013306634502715,120,103.90876925108023,0.3346487473100423,1955,False,"target-1.0 seed, target 0.8 then leak 1.2","a=1,lw=1.5,r=0.04,w=0.25; a=1,lw=0.8,r=0.02,w=0.25; a=1,lw=1.2,r=0.015,w=0.25"
five_level_weak_anharmonic,seed_target10_leak15_target08_leak12,0.03,deph_0.001,0.001,0.0,14,0.8645685803927127,0.003896887651741121,0.06830759207100523,0.14128810387951385,0.9795712374693736,0.003013306634502715,120,103.90876925108023,0.3346487473100423,1955,False,"target-1.0 seed, target 0.8 then leak 1.2","a=1,lw=1.5,r=0.04,w=0.25; a=1,lw=0.8,r=0.02,w=0.25; a=1,lw=1.2,r=0.015,w=0.25"
five_level_weak_anharmonic,seed_target10_leak15_target08_leak12,0.03,deph_0.001,0.001,0.0,15,0.980995751344819,0.00329718452087735,0.07294707039791959,0.01948468126889585,0.9853989107979839,0.003013306634502715,120,103.90876925108023,0.3346487473100423,1955,False,"target-1.0 seed, target 0.8 then leak 1.2","a=1,lw=1.5,r=0.04,w=0.25; a=1,lw=0.8,r=0.02,w=0.25; a=1,lw=1.2,r=0.015,w=0.25"
five_level_weak_anharmonic,seed_target10_leak15_target08_leak12,0.03,deph_0.001,0.001,0.0,16,0.970302963768182,0.004982074186343777,0.07216824375848407,0.019837925570486577,0.9881363974065881,0.003013306634502715,120,103.90876925108023,0.3346487473100423,1955,False,"target-1.0 seed, target 0.8 then leak 1.2","a=1,lw=1.5,r=0.04,w=0.25; a=1,lw=0.8,r=0.02,w=0.25; a=1,lw=1.2,r=0.015,w=0.25"
five_level_weak_anharmonic,seed_target10_leak15_target08_leak12,0.03,deph_0.001,0.001,0.0,17,0.8956939903536251,0.003445880912182897,0.056659197463117206,0.09118354444884137,0.9808150117221577,0.003013306634502715,120,103.90876925108023,0.3346487473100423,1955,False,"target-1.0 seed, target 0.8 then leak 1.2","a=1,lw=1.5,r=0.04,w=0.25; a=1,lw=0.8,r=0.02,w=0.25; a=1,lw=1.2,r=0.015,w=0.25"
five_level_weak_anharmonic,seed_target10_leak15_target08_leak12,0.03,deph_0.001,0.001,0.0,18,0.9686562491183054,0.0037184879382439195,0.06572248931926472,0.03347128012657605,0.9836835521123112,0.003013306634502715,120,103.90876925108023,0.3346487473100423,1955,False,"target-1.0 seed, target 0.8 then leak 1.2","a=1,lw=1.5,r=0.04,w=0.25; a=1,lw=0.8,r=0.02,w=0.25; a=1,lw=1.2,r=0.015,w=0.25"
five_level_weak_anharmonic,seed_target10_leak15_target08_leak12,0.03,deph_0.001,0.001,0.0,19,0.9203687489911171,0.004873934206859554,0.06441810415847016,0.06007161691260496,0.9882790172058782,0.003013306634502715,120,103.90876925108023,0.3346487473100423,1955,False,"target-1.0 seed, target 0.8 then leak 1.2","a=1,lw=1.5,r=0.04,w=0.25; a=1,lw=0.8,r=0.02,w=0.25; a=1,lw=1.2,r=0.015,w=0.25"
five_level_weak_anharmonic,seed_target10_leak15_target08_leak12,0.03,deph_0.001,0.001,0.0,20,0.8751074823752443,0.005772869018845883,0.059356145315559106,0.08433185352112471,0.9855230786619005,0.003013306634502715,120,103.90876925108023,0.3346487473100423,1955,False,"target-1.0 seed, target 0.8 then leak 1.2","a=1,lw=1.5,r=0.04,w=0.25; a=1,lw=0.8,r=0.02,w=0.25; a=1,lw=1.2,r=0.015,w=0.25"
five_level_weak_anharmonic,seed_target10_leak15_target08_leak12,0.03,deph_0.001,0.001,0.0,21,0.9525422819487455,0.007671726404329782,0.057712732430077684,0.025560280385939698,0.9882435550443788,0.003013306634502715,120,103.90876925108023,0.3346487473100423,1955,False,"target-1.0 seed, target 0.8 then leak 1.2","a=1,lw=1.5,r=0.04,w=0.25; a=1,lw=0.8,r=0.02,w=0.25; a=1,lw=1.2,r=0.015,w=0.25"
five_level_weak_anharmonic,seed_target10_leak15_target08_leak12,0.03,deph_0.001,0.001,0.0,22,0.9433465804984507,0.0051235709474647395,0.07223772732354505,0.037358982232233655,0.9883416262785976,0.003013306634502715,120,103.90876925108023,0.3346487473100423,1955,False,"target-1.0 seed, target 0.8 then leak 1.2","a=1,lw=1.5,r=0.04,w=0.25; a=1,lw=0.8,r=0.02,w=0.25; a=1,lw=1.2,r=0.015,w=0.25"
five_level_weak_anharmonic,seed_target10_leak15_target08_leak12,0.03,deph_0.001,0.001,0.0,23,0.9860750469531758,0.004094699309010186,0.0601000859290326,0.014302302312347463,0.9872077459376808,0.003013306634502715,120,103.90876925108023,0.3346487473100423,1955,False,"target-1.0 seed, target 0.8 then leak 1.2","a=1,lw=1.5,r=0.04,w=0.25; a=1,lw=0.8,r=0.02,w=0.25; a=1,lw=1.2,r=0.015,w=0.25"
five_level_weak_anharmonic,seed_target10_leak15_target08_leak12,0.03,deph_0.001,0.001,0.0,24,0.9542761430865901,0.004356697771088047,0.06078292387433626,0.05862616434741989,0.9829439681364422,0.003013306634502715,120,103.90876925108023,0.3346487473100423,1955,False,"target-1.0 seed, target 0.8 then leak 1.2","a=1,lw=1.5,r=0.04,w=0.25; a=1,lw=0.8,r=0.02,w=0.25; a=1,lw=1.2,r=0.015,w=0.25"
five_level_weak_anharmonic,seed_target10_leak15_target08_leak12,0.03,deph_0.001,0.001,0.0,25,0.9498629143778674,0.00579373127851146,0.06714798569268587,0.06158194556697571,0.9832326244610082,0.003013306634502715,120,103.90876925108023,0.3346487473100423,1955,False,"target-1.0 seed, target 0.8 then leak 1.2","a=1,lw=1.5,r=0.04,w=0.25; a=1,lw=0.8,r=0.02,w=0.25; a=1,lw=1.2,r=0.015,w=0.25"
five_level_weak_anharmonic,seed_target10_leak15_target08_leak12,0.03,deph_0.001,0.001,0.0,26,0.9889754116762437,0.0027235310539286406,0.06379552662095112,0.01577838293189666,0.9852120180431633,0.003013306634502715,120,103.90876925108023,0.3346487473100423,1955,False,"target-1.0 seed, target 0.8 then leak 1.2","a=1,lw=1.5,r=0.04,w=0.25; a=1,lw=0.8,r=0.02,w=0.25; a=1,lw=1.2,r=0.015,w=0.25"
five_level_weak_anharmonic,seed_target10_leak15_target08_leak12,0.03,deph_0.001,0.001,0.0,27,0.9392628639791551,0.002611182909701193,0.05369868833646163,0.07506413992256795,0.9812011865729916,0.003013306634502715,120,103.90876925108023,0.3346487473100423,1955,False,"target-1.0 seed, target 0.8 then leak 1.2","a=1,lw=1.5,r=0.04,w=0.25; a=1,lw=0.8,r=0.02,w=0.25; a=1,lw=1.2,r=0.015,w=0.25"
five_level_weak_anharmonic,seed_target10_leak15_target08_leak12,0.03,deph_0.001,0.001,0.0,28,0.9372546440436048,0.005795198432501092,0.06719866635487992,0.036936185318055766,0.9878933364765226,0.003013306634502715,120,103.90876925108023,0.3346487473100423,1955,False,"target-1.0 seed, target 0.8 then leak 1.2","a=1,lw=1.5,r=0.04,w=0.25; a=1,lw=0.8,r=0.02,w=0.25; a=1,lw=1.2,r=0.015,w=0.25"
five_level_weak_anharmonic,seed_target10_leak15_target08_leak12,0.03,deph_0.001,0.001,0.0,29,0.9734000718959582,0.0019250407173878603,0.05014749759962134,0.014791594830528885,0.9870455005575285,0.003013306634502715,120,103.90876925108023,0.3346487473100423,1955,False,"target-1.0 seed, target 0.8 then leak 1.2","a=1,lw=1.5,r=0.04,w=0.25; a=1,lw=0.8,r=0.02,w=0.25; a=1,lw=1.2,r=0.015,w=0.25"
five_level_weak_anharmonic,seed_target10_leak15_target08_leak12,0.03,deph_0.001,0.001,0.0,30,0.9493904930387932,0.005101373041968671,0.0646415698041779,0.06969446782416105,0.9810445690121342,0.003013306634502715,120,103.90876925108023,0.3346487473100423,1955,False,"target-1.0 seed, target 0.8 then leak 1.2","a=1,lw=1.5,r=0.04,w=0.25; a=1,lw=0.8,r=0.02,w=0.25; a=1,lw=1.2,r=0.015,w=0.25"
five_level_weak_anharmonic,seed_target10_leak15_target08_leak12,0.03,deph_0.001,0.001,0.0,31,0.9332493989331957,0.007977727224111164,0.07562226819813378,0.05237025150192432,0.9873988869456565,0.003013306634502715,120,103.90876925108023,0.3346487473100423,1955,False,"target-1.0 seed, target 0.8 then leak 1.2","a=1,lw=1.5,r=0.04,w=0.25; a=1,lw=0.8,r=0.02,w=0.25; a=1,lw=1.2,r=0.015,w=0.25"
five_level_weak_anharmonic,seed_target10_leak15_target08_leak12,0.03,deph_0.001,0.001,0.0,32,0.967466326631659,0.004959147166289757,0.0712174446642706,0.03135127901716919,0.9881646489567828,0.003013306634502715,120,103.90876925108023,0.3346487473100423,1955,False,"target-1.0 seed, target 0.8 then leak 1.2","a=1,lw=1.5,r=0.04,w=0.25; a=1,lw=0.8,r=0.02,w=0.25; a=1,lw=1.2,r=0.015,w=0.25"
five_level_weak_anharmonic,seed_target10_leak15_target08_leak12,0.03,deph_0.001,0.001,0.0,33,0.9618475385443711,0.004921901714837862,0.06897611589155628,0.058495883957594454,0.9809490358748449,0.003013306634502715,120,103.90876925108023,0.3346487473100423,1955,False,"target-1.0 seed, target 0.8 then leak 1.2","a=1,lw=1.5,r=0.04,w=0.25; a=1,lw=0.8,r=0.02,w=0.25; a=1,lw=1.2,r=0.015,w=0.25"
five_level_weak_anharmonic,seed_target10_leak15_target08_leak12,0.03,deph_0.001,0.001,0.0,34,0.9776039296592832,0.003901548160596513,0.07072490148404764,0.035042203056993966,0.9835069382572583,0.003013306634502715,120,103.90876925108023,0.3346487473100423,1955,False,"target-1.0 seed, target 0.8 then leak 1.2","a=1,lw=1.5,r=0.04,w=0.25; a=1,lw=0.8,r=0.02,w=0.25; a=1,lw=1.2,r=0.015,w=0.25"
five_level_weak_anharmonic,seed_target10_leak15_target08_leak12,0.03,deph_0.001,0.001,0.0,35,0.8685184415246383,0.0059806349817583815,0.07108130139309954,0.08625518794458571,0.9836609197498325,0.003013306634502715,120,103.90876925108023,0.3346487473100423,1955,False,"target-1.0 seed, target 0.8 then leak 1.2","a=1,lw=1.5,r=0.04,w=0.25; a=1,lw=0.8,r=0.02,w=0.25; a=1,lw=1.2,r=0.015,w=0.25"
five_level_weak_anharmonic,seed_target10_leak15_target08_leak12,0.03,deph_0.001,0.001,0.0,36,0.9860992211195905,0.005462659580825813,0.06046818785665309,0.013575525503309285,0.9879628514391968,0.003013306634502715,120,103.90876925108023,0.3346487473100423,1955,False,"target-1.0 seed, target 0.8 then leak 1.2","a=1,lw=1.5,r=0.04,w=0.25; a=1,lw=0.8,r=0.02,w=0.25; a=1,lw=1.2,r=0.015,w=0.25"
five_level_weak_anharmonic,seed_target10_leak15_target08_leak12,0.03,deph_0.001,0.001,0.0,37,0.8067904653525554,0.0025664585509015403,0.05021996282611463,0.1826993445955564,0.9763944884959728,0.003013306634502715,120,103.90876925108023,0.3346487473100423,1955,False,"target-1.0 seed, target 0.8 then leak 1.2","a=1,lw=1.5,r=0.04,w=0.25; a=1,lw=0.8,r=0.02,w=0.25; a=1,lw=1.2,r=0.015,w=0.25"
five_level_weak_anharmonic,seed_target10_leak15_target08_leak12,0.03,deph_0.001,0.001,0.0,38,0.9190070794716497,0.004672297002568437,0.05769608636544832,0.10737830120120437,0.979439855703609,0.003013306634502715,120,103.90876925108023,0.3346487473100423,1955,False,"target-1.0 seed, target 0.8 then leak 1.2","a=1,lw=1.5,r=0.04,w=0.25; a=1,lw=0.8,r=0.02,w=0.25; a=1,lw=1.2,r=0.015,w=0.25"
five_level_weak_anharmonic,seed_target10_leak15_target08_leak12,0.03,deph_0.001,0.001,0.0,39,0.9813193565324301,0.003996930613199834,0.06929164798024434,0.02532785410542442,0.9859605464362198,0.003013306634502715,120,103.90876925108023,0.3346487473100423,1955,False,"target-1.0 seed, target 0.8 then leak 1.2","a=1,lw=1.5,r=0.04,w=0.25; a=1,lw=0.8,r=0.02,w=0.25; a=1,lw=1.2,r=0.015,w=0.25"
five_level_weak_anharmonic,seed_target10_leak15_target08_leak12,0.03,deph_0.001,0.001,0.0,40,0.9787135828978751,0.002544404183708937,0.06179999025312255,0.012332069295320628,0.9873879636730482,0.003013306634502715,120,103.90876925108023,0.3346487473100423,1955,False,"target-1.0 seed, target 0.8 then leak 1.2","a=1,lw=1.5,r=0.04,w=0.25; a=1,lw=0.8,r=0.02,w=0.25; a=1,lw=1.2,r=0.015,w=0.25"
five_level_weak_anharmonic,seed_target10_leak15_target08_leak12,0.03,deph_0.001,0.001,0.0,41,0.9164930269884642,0.006596728445893207,0.06436919486406589,0.05507579711801844,0.9873299705543945,0.003013306634502715,120,103.90876925108023,0.3346487473100423,1955,False,"target-1.0 seed, target 0.8 then leak 1.2","a=1,lw=1.5,r=0.04,w=0.25; a=1,lw=0.8,r=0.02,w=0.25; a=1,lw=1.2,r=0.015,w=0.25"
five_level_weak_anharmonic,seed_target10_leak15_target08_leak12,0.03,deph_0.001,0.001,0.0,42,0.9793073050040044,0.004440494814881846,0.06074136691498411,0.01859177554784341,0.9858377676047994,0.003013306634502715,120,103.90876925108023,0.3346487473100423,1955,False,"target-1.0 seed, target 0.8 then leak 1.2","a=1,lw=1.5,r=0.04,w=0.25; a=1,lw=0.8,r=0.02,w=0.25; a=1,lw=1.2,r=0.015,w=0.25"
five_level_weak_anharmonic,seed_target10_leak15_target08_leak12,0.03,deph_0.001,0.001,0.0,43,0.9612303912997607,0.003922475643690415,0.057616908711040415,0.046807151269711904,0.9849782315597709,0.003013306634502715,120,103.90876925108023,0.3346487473100423,1955,False,"target-1.0 seed, target 0.8 then leak 1.2","a=1,lw=1.5,r=0.04,w=0.25; a=1,lw=0.8,r=0.02,w=0.25; a=1,lw=1.2,r=0.015,w=0.25"
five_level_weak_anharmonic,seed_target10_leak15_target08_leak12,0.03,deph_0.001,0.001,0.0,44,0.930692873448911,0.0020748195482613863,0.05590056707461177,0.07841022187833646,0.9810895596655346,0.003013306634502715,120,103.90876925108023,0.3346487473100423,1955,False,"target-1.0 seed, target 0.8 then leak 1.2","a=1,lw=1.5,r=0.04,w=0.25; a=1,lw=0.8,r=0.02,w=0.25; a=1,lw=1.2,r=0.015,w=0.25"
five_level_weak_anharmonic,seed_target10_leak15_target08_leak12,0.03,deph_0.001,0.001,0.0,45,0.9870792617592336,0.0031348372160582283,0.0679654039011367,0.02191417807007249,0.9845012330320138,0.003013306634502715,120,103.90876925108023,0.3346487473100423,1955,False,"target-1.0 seed, target 0.8 then leak 1.2","a=1,lw=1.5,r=0.04,w=0.25; a=1,lw=0.8,r=0.02,w=0.25; a=1,lw=1.2,r=0.015,w=0.25"
five_level_weak_anharmonic,seed_target10_leak15_target08_leak12,0.03,deph_0.001,0.001,0.0,46,0.9760599859859775,0.005884348675577855,0.060569961764700087,0.01814628097295207,0.9899063107894224,0.003013306634502715,120,103.90876925108023,0.3346487473100423,1955,False,"target-1.0 seed, target 0.8 then leak 1.2","a=1,lw=1.5,r=0.04,w=0.25; a=1,lw=0.8,r=0.02,w=0.25; a=1,lw=1.2,r=0.015,w=0.25"
five_level_weak_anharmonic,seed_target10_leak15_target08_leak12,0.03,deph_0.001,0.001,0.0,47,0.9488341404244361,0.008388062635965365,0.052117653346035464,0.029316593428696164,0.9874550898718836,0.003013306634502715,120,103.90876925108023,0.3346487473100423,1955,False,"target-1.0 seed, target 0.8 then leak 1.2","a=1,lw=1.5,r=0.04,w=0.25; a=1,lw=0.8,r=0.02,w=0.25; a=1,lw=1.2,r=0.015,w=0.25"
five_level_weak_anharmonic,seed_target10_leak15_target08_leak12,0.03,deph_0.001,0.001,0.0,48,0.9256702987991464,0.004963664889372721,0.0651895057903038,0.07363905775464934,0.9889546500733328,0.003013306634502715,120,103.90876925108023,0.3346487473100423,1955,False,"target-1.0 seed, target 0.8 then leak 1.2","a=1,lw=1.5,r=0.04,w=0.25; a=1,lw=0.8,r=0.02,w=0.25; a=1,lw=1.2,r=0.015,w=0.25"
five_level_weak_anharmonic,seed_target10_leak15_target08_leak12,0.03,deph_0.001,0.001,0.0,49,0.9662419935269766,0.005800905942682122,0.06345598054000234,0.021891575438787884,0.9861790266509483,0.003013306634502715,120,103.90876925108023,0.3346487473100423,1955,False,"target-1.0 seed, target 0.8 then leak 1.2","a=1,lw=1.5,r=0.04,w=0.25; a=1,lw=0.8,r=0.02,w=0.25; a=1,lw=1.2,r=0.015,w=0.25"
five_level_weak_anharmonic,seed_target10_leak15_target08_leak12,0.03,deph_0.001,0.001,0.0,50,0.9506846127861653,0.004120496235135662,0.06384830595705371,0.05973302744361911,0.9816924426603145,0.003013306634502715,120,103.90876925108023,0.3346487473100423,1955,False,"target-1.0 seed, target 0.8 then leak 1.2","a=1,lw=1.5,r=0.04,w=0.25; a=1,lw=0.8,r=0.02,w=0.25; a=1,lw=1.2,r=0.015,w=0.25"
five_level_weak_anharmonic,seed_target10_leak15_target08_leak12,0.03,deph_0.001,0.001,0.0,51,0.9426289196331467,0.005250154524433448,0.06450704329433998,0.03652763770317206,0.9852243551915207,0.003013306634502715,120,103.90876925108023,0.3346487473100423,1955,False,"target-1.0 seed, target 0.8 then leak 1.2","a=1,lw=1.5,r=0.04,w=0.25; a=1,lw=0.8,r=0.02,w=0.25; a=1,lw=1.2,r=0.015,w=0.25"
five_level_weak_anharmonic,seed_target10_leak15_target08_leak12,0.03,deph_0.001,0.001,0.0,52,0.9365450772350062,0.003611406291276764,0.06902555728380633,0.04252209364138009,0.9879785131063263,0.003013306634502715,120,103.90876925108023,0.3346487473100423,1955,False,"target-1.0 seed, target 0.8 then leak 1.2","a=1,lw=1.5,r=0.04,w=0.25; a=1,lw=0.8,r=0.02,w=0.25; a=1,lw=1.2,r=0.015,w=0.25"
five_level_weak_anharmonic,seed_target10_leak15_target08_leak12,0.03,deph_0.001,0.001,0.0,53,0.9020815252281531,0.0030694608968379056,0.07126389943915812,0.11201807185367801,0.9810103906325899,0.003013306634502715,120,103.90876925108023,0.3346487473100423,1955,False,"target-1.0 seed, target 0.8 then leak 1.2","a=1,lw=1.5,r=0.04,w=0.25; a=1,lw=0.8,r=0.02,w=0.25; a=1,lw=1.2,r=0.015,w=0.25"
five_level_weak_anharmonic,seed_target10_leak15_target08_leak12,0.03,deph_0.001,0.001,0.0,54,0.9438406226902379,0.0024858911341926193,0.06693682394371292,0.06806798618809408,0.9835477645854481,0.003013306634502715,120,103.90876925108023,0.3346487473100423,1955,False,"target-1.0 seed, target 0.8 then leak 1.2","a=1,lw=1.5,r=0.04,w=0.25; a=1,lw=0.8,r=0.02,w=0.25; a=1,lw=1.2,r=0.015,w=0.25"
five_level_weak_anharmonic,seed_target10_leak15_target08_leak12,0.03,deph_0.001,0.001,0.0,55,0.9057335188185078,0.005494688060195374,0.06633764047427726,0.09897121786458996,0.9798097949252974,0.003013306634502715,120,103.90876925108023,0.3346487473100423,1955,False,"target-1.0 seed, target 0.8 then leak 1.2","a=1,lw=1.5,r=0.04,w=0.25; a=1,lw=0.8,r=0.02,w=0.25; a=1,lw=1.2,r=0.015,w=0.25"
five_level_weak_anharmonic,seed_target10_leak15_target08_leak12,0.03,deph_0.001,0.001,0.0,56,0.9683193728370518,0.0025349024235269413,0.07020496712523472,0.04121968026229517,0.9864901035787899,0.003013306634502715,120,103.90876925108023,0.3346487473100423,1955,False,"target-1.0 seed, target 0.8 then leak 1.2","a=1,lw=1.5,r=0.04,w=0.25; a=1,lw=0.8,r=0.02,w=0.25; a=1,lw=1.2,r=0.015,w=0.25"
five_level_weak_anharmonic,seed_target10_leak15_target08_leak12,0.03,deph_0.001,0.001,0.0,57,0.8644499118450657,0.008583034256368638,0.07580107142899595,0.11168658179222545,0.9787448355030757,0.003013306634502715,120,103.90876925108023,0.3346487473100423,1955,False,"target-1.0 seed, target 0.8 then leak 1.2","a=1,lw=1.5,r=0.04,w=0.25; a=1,lw=0.8,r=0.02,w=0.25; a=1,lw=1.2,r=0.015,w=0.25"
five_level_weak_anharmonic,seed_target10_leak15_target08_leak12,0.03,deph_0.001,0.001,0.0,58,0.9873876048550617,0.005600350187686676,0.05062964960231364,0.012766501468212113,0.9874158541217343,0.003013306634502715,120,103.90876925108023,0.3346487473100423,1955,False,"target-1.0 seed, target 0.8 then leak 1.2","a=1,lw=1.5,r=0.04,w=0.25; a=1,lw=0.8,r=0.02,w=0.25; a=1,lw=1.2,r=0.015,w=0.25"
five_level_weak_anharmonic,seed_target10_leak15_target08_leak12,0.03,deph_0.001,0.001,0.0,59,0.9543074178323774,0.006804824038814439,0.07264227827812819,0.04078778639818454,0.9888251980450958,0.003013306634502715,120,103.90876925108023,0.3346487473100423,1955,False,"target-1.0 seed, target 0.8 then leak 1.2","a=1,lw=1.5,r=0.04,w=0.25; a=1,lw=0.8,r=0.02,w=0.25; a=1,lw=1.2,r=0.015,w=0.25"
five_level_weak_anharmonic,seed_target10_leak15_target08_leak12,0.03,relax_0.0005,0.0,0.0005,10,0.896100970910413,0.002721537818876185,0.06448324944196604,0.05643656805905323,0.9608112388270532,0.003013306634502715,120,103.90876925108023,0.3346487473100423,1955,False,"target-1.0 seed, target 0.8 then leak 1.2","a=1,lw=1.5,r=0.04,w=0.25; a=1,lw=0.8,r=0.02,w=0.25; a=1,lw=1.2,r=0.015,w=0.25"
five_level_weak_anharmonic,seed_target10_leak15_target08_leak12,0.03,relax_0.0005,0.0,0.0005,11,0.9227027035003771,0.005656255576336755,0.06566602099826535,0.0656188993921691,0.9583528763203965,0.003013306634502715,120,103.90876925108023,0.3346487473100423,1955,False,"target-1.0 seed, target 0.8 then leak 1.2","a=1,lw=1.5,r=0.04,w=0.25; a=1,lw=0.8,r=0.02,w=0.25; a=1,lw=1.2,r=0.015,w=0.25"
five_level_weak_anharmonic,seed_target10_leak15_target08_leak12,0.03,relax_0.0005,0.0,0.0005,12,0.8948587399652173,0.001250254657477634,0.05804311116674776,0.08441561870526158,0.9589057477612531,0.003013306634502715,120,103.90876925108023,0.3346487473100423,1955,False,"target-1.0 seed, target 0.8 then leak 1.2","a=1,lw=1.5,r=0.04,w=0.25; a=1,lw=0.8,r=0.02,w=0.25; a=1,lw=1.2,r=0.015,w=0.25"
five_level_weak_anharmonic,seed_target10_leak15_target08_leak12,0.03,relax_0.0005,0.0,0.0005,13,0.7630234023991768,0.00240046563925711,0.06665508924930008,0.24523178534606627,0.9772608845476018,0.003013306634502715,120,103.90876925108023,0.3346487473100423,1955,False,"target-1.0 seed, target 0.8 then leak 1.2","a=1,lw=1.5,r=0.04,w=0.25; a=1,lw=0.8,r=0.02,w=0.25; a=1,lw=1.2,r=0.015,w=0.25"
five_level_weak_anharmonic,seed_target10_leak15_target08_leak12,0.03,relax_0.0005,0.0,0.0005,14,0.8555900274192693,0.0031808817266787415,0.06820316844950924,0.14933316694310947,0.9699965183082608,0.003013306634502715,120,103.90876925108023,0.3346487473100423,1955,False,"target-1.0 seed, target 0.8 then leak 1.2","a=1,lw=1.5,r=0.04,w=0.25; a=1,lw=0.8,r=0.02,w=0.25; a=1,lw=1.2,r=0.015,w=0.25"
five_level_weak_anharmonic,seed_target10_leak15_target08_leak12,0.03,relax_0.0005,0.0,0.0005,15,0.9662080983997607,0.0022829502449027705,0.07284329942921608,0.03138131987845098,0.9616634087813773,0.003013306634502715,120,103.90876925108023,0.3346487473100423,1955,False,"target-1.0 seed, target 0.8 then leak 1.2","a=1,lw=1.5,r=0.04,w=0.25; a=1,lw=0.8,r=0.02,w=0.25; a=1,lw=1.2,r=0.015,w=0.25"
five_level_weak_anharmonic,seed_target10_leak15_target08_leak12,0.03,relax_0.0005,0.0,0.0005,16,0.955900512004486,0.0038581621438372737,0.0713908668241805,0.03141954686534216,0.9580790205383815,0.003013306634502715,120,103.90876925108023,0.3346487473100423,1955,False,"target-1.0 seed, target 0.8 then leak 1.2","a=1,lw=1.5,r=0.04,w=0.25; a=1,lw=0.8,r=0.02,w=0.25; a=1,lw=1.2,r=0.015,w=0.25"
five_level_weak_anharmonic,seed_target10_leak15_target08_leak12,0.03,relax_0.0005,0.0,0.0005,17,0.8804212267466565,0.0026569477204176906,0.056568231520212287,0.10384508334681812,0.9677259883856221,0.003013306634502715,120,103.90876925108023,0.3346487473100423,1955,False,"target-1.0 seed, target 0.8 then leak 1.2","a=1,lw=1.5,r=0.04,w=0.25; a=1,lw=0.8,r=0.02,w=0.25; a=1,lw=1.2,r=0.015,w=0.25"
five_level_weak_anharmonic,seed_target10_leak15_target08_leak12,0.03,relax_0.0005,0.0,0.0005,18,0.9546987755151857,0.002848130200525101,0.06563012926685974,0.04501775450042561,0.9641724736968633,0.003013306634502715,120,103.90876925108023,0.3346487473100423,1955,False,"target-1.0 seed, target 0.8 then leak 1.2","a=1,lw=1.5,r=0.04,w=0.25; a=1,lw=0.8,r=0.02,w=0.25; a=1,lw=1.2,r=0.015,w=0.25"
five_level_weak_anharmonic,seed_target10_leak15_target08_leak12,0.03,relax_0.0005,0.0,0.0005,19,0.9029249169611027,0.003910601982461626,0.06431539758766802,0.074465929699295,0.9578572707249573,0.003013306634502715,120,103.90876925108023,0.3346487473100423,1955,False,"target-1.0 seed, target 0.8 then leak 1.2","a=1,lw=1.5,r=0.04,w=0.25; a=1,lw=0.8,r=0.02,w=0.25; a=1,lw=1.2,r=0.015,w=0.25"
five_level_weak_anharmonic,seed_target10_leak15_target08_leak12,0.03,relax_0.0005,0.0,0.0005,20,0.8586993915917166,0.004684157561977043,0.05864398138350846,0.09782826446658711,0.9604182829098696,0.003013306634502715,120,103.90876925108023,0.3346487473100423,1955,False,"target-1.0 seed, target 0.8 then leak 1.2","a=1,lw=1.5,r=0.04,w=0.25; a=1,lw=0.8,r=0.02,w=0.25; a=1,lw=1.2,r=0.015,w=0.25"
five_level_weak_anharmonic,seed_target10_leak15_target08_leak12,0.03,relax_0.0005,0.0,0.0005,21,0.936397398987406,0.0068279694748678565,0.05762110369947848,0.03872556426940226,0.9583211698217795,0.003013306634502715,120,103.90876925108023,0.3346487473100423,1955,False,"target-1.0 seed, target 0.8 then leak 1.2","a=1,lw=1.5,r=0.04,w=0.25; a=1,lw=0.8,r=0.02,w=0.25; a=1,lw=1.2,r=0.015,w=0.25"
five_level_weak_anharmonic,seed_target10_leak15_target08_leak12,0.03,relax_0.0005,0.0,0.0005,22,0.9302245183311019,0.004099643242988171,0.07212737502444877,0.048173833631982035,0.958237182658088,0.003013306634502715,120,103.90876925108023,0.3346487473100423,1955,False,"target-1.0 seed, target 0.8 then leak 1.2","a=1,lw=1.5,r=0.04,w=0.25; a=1,lw=0.8,r=0.02,w=0.25; a=1,lw=1.2,r=0.015,w=0.25"
five_level_weak_anharmonic,seed_target10_leak15_target08_leak12,0.03,relax_0.0005,0.0,0.0005,23,0.9732760959344349,0.0033354216141078252,0.060006388754012985,0.024786245131461753,0.9602872324200951,0.003013306634502715,120,103.90876925108023,0.3346487473100423,1955,False,"target-1.0 seed, target 0.8 then leak 1.2","a=1,lw=1.5,r=0.04,w=0.25; a=1,lw=0.8,r=0.02,w=0.25; a=1,lw=1.2,r=0.015,w=0.25"
five_level_weak_anharmonic,seed_target10_leak15_target08_leak12,0.03,relax_0.0005,0.0,0.0005,24,0.9412836574416673,0.003505310513006399,0.06067142923340385,0.06942303738365702,0.9658106764597751,0.003013306634502715,120,103.90876925108023,0.3346487473100423,1955,False,"target-1.0 seed, target 0.8 then leak 1.2","a=1,lw=1.5,r=0.04,w=0.25; a=1,lw=0.8,r=0.02,w=0.25; a=1,lw=1.2,r=0.015,w=0.25"
five_level_weak_anharmonic,seed_target10_leak15_target08_leak12,0.03,relax_0.0005,0.0,0.0005,25,0.9373766327090229,0.004919669764742007,0.06704365936204959,0.0719816849365396,0.965255314459464,0.003013306634502715,120,103.90876925108023,0.3346487473100423,1955,False,"target-1.0 seed, target 0.8 then leak 1.2","a=1,lw=1.5,r=0.04,w=0.25; a=1,lw=0.8,r=0.02,w=0.25; a=1,lw=1.2,r=0.015,w=0.25"
five_level_weak_anharmonic,seed_target10_leak15_target08_leak12,0.03,relax_0.0005,0.0,0.0005,26,0.976051072614505,0.0017853329934023332,0.06306157910203669,0.02639512555891554,0.9625194337865796,0.003013306634502715,120,103.90876925108023,0.3346487473100423,1955,False,"target-1.0 seed, target 0.8 then leak 1.2","a=1,lw=1.5,r=0.04,w=0.25; a=1,lw=0.8,r=0.02,w=0.25; a=1,lw=1.2,r=0.015,w=0.25"
five_level_weak_anharmonic,seed_target10_leak15_target08_leak12,0.03,relax_0.0005,0.0,0.0005,27,0.9256742908037502,0.0019067742086228412,0.05360287697008581,0.08634374101195462,0.9675772022770193,0.003013306634502715,120,103.90876925108023,0.3346487473100423,1955,False,"target-1.0 seed, target 0.8 then leak 1.2","a=1,lw=1.5,r=0.04,w=0.25; a=1,lw=0.8,r=0.02,w=0.25; a=1,lw=1.2,r=0.015,w=0.25"
five_level_weak_anharmonic,seed_target10_leak15_target08_leak12,0.03,relax_0.0005,0.0,0.0005,28,0.924082347131542,0.0048230112097630284,0.06636195900351671,0.047614650051705176,0.959288150389659,0.003013306634502715,120,103.90876925108023,0.3346487473100423,1955,False,"target-1.0 seed, target 0.8 then leak 1.2","a=1,lw=1.5,r=0.04,w=0.25; a=1,lw=0.8,r=0.02,w=0.25; a=1,lw=1.2,r=0.015,w=0.25"
five_level_weak_anharmonic,seed_target10_leak15_target08_leak12,0.03,relax_0.0005,0.0,0.0005,29,0.9597753018295865,0.001257813567475674,0.050055009830366703,0.02598519463712745,0.9610029692284571,0.003013306634502715,120,103.90876925108023,0.3346487473100423,1955,False,"target-1.0 seed, target 0.8 then leak 1.2","a=1,lw=1.5,r=0.04,w=0.25; a=1,lw=0.8,r=0.02,w=0.25; a=1,lw=1.2,r=0.015,w=0.25"
five_level_weak_anharmonic,seed_target10_leak15_target08_leak12,0.03,relax_0.0005,0.0,0.0005,30,0.9368691146107309,0.0043170148276427955,0.0645409112589801,0.08048435970345479,0.9683123457376864,0.003013306634502715,120,103.90876925108023,0.3346487473100423,1955,False,"target-1.0 seed, target 0.8 then leak 1.2","a=1,lw=1.5,r=0.04,w=0.25; a=1,lw=0.8,r=0.02,w=0.25; a=1,lw=1.2,r=0.015,w=0.25"
five_level_weak_anharmonic,seed_target10_leak15_target08_leak12,0.03,relax_0.0005,0.0,0.0005,31,0.9217615361002961,0.006927158678960876,0.07478962383439614,0.06168946026753618,0.9592259306792954,0.003013306634502715,120,103.90876925108023,0.3346487473100423,1955,False,"target-1.0 seed, target 0.8 then leak 1.2","a=1,lw=1.5,r=0.04,w=0.25; a=1,lw=0.8,r=0.02,w=0.25; a=1,lw=1.2,r=0.015,w=0.25"
five_level_weak_anharmonic,seed_target10_leak15_target08_leak12,0.03,relax_0.0005,0.0,0.0005,32,0.9544336910750945,0.003950802240887952,0.07110531165333756,0.041936423771945626,0.9588386702925544,0.003013306634502715,120,103.90876925108023,0.3346487473100423,1955,False,"target-1.0 seed, target 0.8 then leak 1.2","a=1,lw=1.5,r=0.04,w=0.25; a=1,lw=0.8,r=0.02,w=0.25; a=1,lw=1.2,r=0.015,w=0.25"
five_level_weak_anharmonic,seed_target10_leak15_target08_leak12,0.03,relax_0.0005,0.0,0.0005,33,0.9498862184842904,0.004104577888844219,0.06887877626728311,0.0689193116177512,0.9676963396661874,0.003013306634502715,120,103.90876925108023,0.3346487473100423,1955,False,"target-1.0 seed, target 0.8 then leak 1.2","a=1,lw=1.5,r=0.04,w=0.25; a=1,lw=0.8,r=0.02,w=0.25; a=1,lw=1.2,r=0.015,w=0.25"
five_level_weak_anharmonic,seed_target10_leak15_target08_leak12,0.03,relax_0.0005,0.0,0.0005,34,0.9658981688426393,0.002901558366008028,0.06990947852335772,0.04472818964767915,0.9644251423025108,0.003013306634502715,120,103.90876925108023,0.3346487473100423,1955,False,"target-1.0 seed, target 0.8 then leak 1.2","a=1,lw=1.5,r=0.04,w=0.25; a=1,lw=0.8,r=0.02,w=0.25; a=1,lw=1.2,r=0.015,w=0.25"
five_level_weak_anharmonic,seed_target10_leak15_target08_leak12,0.03,relax_0.0005,0.0,0.0005,35,0.8523984441338244,0.004826390299231043,0.0703041529977737,0.0994446985685882,0.9618718347222273,0.003013306634502715,120,103.90876925108023,0.3346487473100423,1955,False,"target-1.0 seed, target 0.8 then leak 1.2","a=1,lw=1.5,r=0.04,w=0.25; a=1,lw=0.8,r=0.02,w=0.25; a=1,lw=1.2,r=0.015,w=0.25"
five_level_weak_anharmonic,seed_target10_leak15_target08_leak12,0.03,relax_0.0005,0.0,0.0005,36,0.9721763019964972,0.004628186025013914,0.059795722344931024,0.024724602804392686,0.959381553158978,0.003013306634502715,120,103.90876925108023,0.3346487473100423,1955,False,"target-1.0 seed, target 0.8 then leak 1.2","a=1,lw=1.5,r=0.04,w=0.25; a=1,lw=0.8,r=0.02,w=0.25; a=1,lw=1.2,r=0.015,w=0.25"
five_level_weak_anharmonic,seed_target10_leak15_target08_leak12,0.03,relax_0.0005,0.0,0.0005,37,0.7928584156366241,0.0018585767265937303,0.0501183851550715,0.19469413023738688,0.9745385166735036,0.003013306634502715,120,103.90876925108023,0.3346487473100423,1955,False,"target-1.0 seed, target 0.8 then leak 1.2","a=1,lw=1.5,r=0.04,w=0.25; a=1,lw=0.8,r=0.02,w=0.25; a=1,lw=1.2,r=0.015,w=0.25"
five_level_weak_anharmonic,seed_target10_leak15_target08_leak12,0.03,relax_0.0005,0.0,0.0005,38,0.9080504533587972,0.004043400776506889,0.05760136237464386,0.11708239673381733,0.9702433973411579,0.003013306634502715,120,103.90876925108023,0.3346487473100423,1955,False,"target-1.0 seed, target 0.8 then leak 1.2","a=1,lw=1.5,r=0.04,w=0.25; a=1,lw=0.8,r=0.02,w=0.25; a=1,lw=1.2,r=0.015,w=0.25"
five_level_weak_anharmonic,seed_target10_leak15_target08_leak12,0.03,relax_0.0005,0.0,0.0005,39,0.9681673260939478,0.003010170193494144,0.069180996888624,0.03594886692163128,0.9615355687107477,0.003013306634502715,120,103.90876925108023,0.3346487473100423,1955,False,"target-1.0 seed, target 0.8 then leak 1.2","a=1,lw=1.5,r=0.04,w=0.25; a=1,lw=0.8,r=0.02,w=0.25; a=1,lw=1.2,r=0.015,w=0.25"
five_level_weak_anharmonic,seed_target10_leak15_target08_leak12,0.03,relax_0.0005,0.0,0.0005,40,0.9640285582069311,0.0016505901646061139,0.06168530666007577,0.024264028949943263,0.9599989558261978,0.003013306634502715,120,103.90876925108023,0.3346487473100423,1955,False,"target-1.0 seed, target 0.8 then leak 1.2","a=1,lw=1.5,r=0.04,w=0.25; a=1,lw=0.8,r=0.02,w=0.25; a=1,lw=1.2,r=0.015,w=0.25"
five_level_weak_anharmonic,seed_target10_leak15_target08_leak12,0.03,relax_0.0005,0.0,0.0005,41,0.8998178494608715,0.00550080851931023,0.06426591848402141,0.06879420212765552,0.9583073890286666,0.003013306634502715,120,103.90876925108023,0.3346487473100423,1955,False,"target-1.0 seed, target 0.8 then leak 1.2","a=1,lw=1.5,r=0.04,w=0.25; a=1,lw=0.8,r=0.02,w=0.25; a=1,lw=1.2,r=0.015,w=0.25"
five_level_weak_anharmonic,seed_target10_leak15_target08_leak12,0.03,relax_0.0005,0.0,0.0005,42,0.9689809168970369,0.0035295041377542136,0.06063353373653402,0.027391023769538024,0.9622207804490042,0.003013306634502715,120,103.90876925108023,0.3346487473100423,1955,False,"target-1.0 seed, target 0.8 then leak 1.2","a=1,lw=1.5,r=0.04,w=0.25; a=1,lw=0.8,r=0.02,w=0.25; a=1,lw=1.2,r=0.015,w=0.25"
five_level_weak_anharmonic,seed_target10_leak15_target08_leak12,0.03,relax_0.0005,0.0,0.0005,43,0.9476097009393784,0.0032078171891827267,0.05752506301859439,0.05787403729273178,0.9630304227425038,0.003013306634502715,120,103.90876925108023,0.3346487473100423,1955,False,"target-1.0 seed, target 0.8 then leak 1.2","a=1,lw=1.5,r=0.04,w=0.25; a=1,lw=0.8,r=0.02,w=0.25; a=1,lw=1.2,r=0.015,w=0.25"
five_level_weak_anharmonic,seed_target10_leak15_target08_leak12,0.03,relax_0.0005,0.0,0.0005,44,0.9227725299517519,0.0015182507561801728,0.05580196135480531,0.085791122090608,0.9689265242176299,0.003013306634502715,120,103.90876925108023,0.3346487473100423,1955,False,"target-1.0 seed, target 0.8 then leak 1.2","a=1,lw=1.5,r=0.04,w=0.25; a=1,lw=0.8,r=0.02,w=0.25; a=1,lw=1.2,r=0.015,w=0.25"
five_level_weak_anharmonic,seed_target10_leak15_target08_leak12,0.03,relax_0.0005,0.0,0.0005,45,0.9757298722562597,0.002089475220486192,0.06716117655543519,0.03135864469583362,0.9634915405189187,0.003013306634502715,120,103.90876925108023,0.3346487473100423,1955,False,"target-1.0 seed, target 0.8 then leak 1.2","a=1,lw=1.5,r=0.04,w=0.25; a=1,lw=0.8,r=0.02,w=0.25; a=1,lw=1.2,r=0.015,w=0.25"
five_level_weak_anharmonic,seed_target10_leak15_target08_leak12,0.03,relax_0.0005,0.0,0.0005,46,0.9591390091108808,0.005043186724368098,0.06047896168181088,0.03194701333957684,0.9566180099863215,0.003013306634502715,120,103.90876925108023,0.3346487473100423,1955,False,"target-1.0 seed, target 0.8 then leak 1.2","a=1,lw=1.5,r=0.04,w=0.25; a=1,lw=0.8,r=0.02,w=0.25; a=1,lw=1.2,r=0.015,w=0.25"
five_level_weak_anharmonic,seed_target10_leak15_target08_leak12,0.03,relax_0.0005,0.0,0.0005,47,0.931853572823948,0.007536523936160111,0.05202442367047311,0.04308769649817668,0.9592529545736147,0.003013306634502715,120,103.90876925108023,0.3346487473100423,1955,False,"target-1.0 seed, target 0.8 then leak 1.2","a=1,lw=1.5,r=0.04,w=0.25; a=1,lw=0.8,r=0.02,w=0.25; a=1,lw=1.2,r=0.015,w=0.25"
five_level_weak_anharmonic,seed_target10_leak15_target08_leak12,0.03,relax_0.0005,0.0,0.0005,48,0.9105341161636711,0.0039891434817622695,0.06509211969591888,0.08599130815432933,0.9575333593608036,0.003013306634502715,120,103.90876925108023,0.3346487473100423,1955,False,"target-1.0 seed, target 0.8 then leak 1.2","a=1,lw=1.5,r=0.04,w=0.25; a=1,lw=0.8,r=0.02,w=0.25; a=1,lw=1.2,r=0.015,w=0.25"
five_level_weak_anharmonic,seed_target10_leak15_target08_leak12,0.03,relax_0.0005,0.0,0.0005,49,0.9501824587781577,0.004752243798646361,0.06336006249917991,0.034872672757434546,0.9604048019160336,0.003013306634502715,120,103.90876925108023,0.3346487473100423,1955,False,"target-1.0 seed, target 0.8 then leak 1.2","a=1,lw=1.5,r=0.04,w=0.25; a=1,lw=0.8,r=0.02,w=0.25; a=1,lw=1.2,r=0.015,w=0.25"
five_level_weak_anharmonic,seed_target10_leak15_target08_leak12,0.03,relax_0.0005,0.0,0.0005,50,0.937061078921201,0.0032821149822503948,0.06311585257208852,0.07095515008582196,0.9666009129320082,0.003013306634502715,120,103.90876925108023,0.3346487473100423,1955,False,"target-1.0 seed, target 0.8 then leak 1.2","a=1,lw=1.5,r=0.04,w=0.25; a=1,lw=0.8,r=0.02,w=0.25; a=1,lw=1.2,r=0.015,w=0.25"
five_level_weak_anharmonic,seed_target10_leak15_target08_leak12,0.03,relax_0.0005,0.0,0.0005,51,0.9271518252016597,0.004084163501993698,0.06440129995462807,0.04920301526438424,0.9607681487371976,0.003013306634502715,120,103.90876925108023,0.3346487473100423,1955,False,"target-1.0 seed, target 0.8 then leak 1.2","a=1,lw=1.5,r=0.04,w=0.25; a=1,lw=0.8,r=0.02,w=0.25; a=1,lw=1.2,r=0.015,w=0.25"
five_level_weak_anharmonic,seed_target10_leak15_target08_leak12,0.03,relax_0.0005,0.0,0.0005,52,0.9199357794094428,0.0025872406464858555,0.06890585569324525,0.05610366527100982,0.9582485763158334,0.003013306634502715,120,103.90876925108023,0.3346487473100423,1955,False,"target-1.0 seed, target 0.8 then leak 1.2","a=1,lw=1.5,r=0.04,w=0.25; a=1,lw=0.8,r=0.02,w=0.25; a=1,lw=1.2,r=0.015,w=0.25"
five_level_weak_anharmonic,seed_target10_leak15_target08_leak12,0.03,relax_0.0005,0.0,0.0005,53,0.889757553917141,0.00222144862280238,0.0711632201903456,0.12228076476068099,0.9677644013030445,0.003013306634502715,120,103.90876925108023,0.3346487473100423,1955,False,"target-1.0 seed, target 0.8 then leak 1.2","a=1,lw=1.5,r=0.04,w=0.25; a=1,lw=0.8,r=0.02,w=0.25; a=1,lw=1.2,r=0.015,w=0.25"
five_level_weak_anharmonic,seed_target10_leak15_target08_leak12,0.03,relax_0.0005,0.0,0.0005,54,0.9317109485002931,0.0016877773639083493,0.06684011686677094,0.07792032574463471,0.9645865402512391,0.003013306634502715,120,103.90876925108023,0.3346487473100423,1955,False,"target-1.0 seed, target 0.8 then leak 1.2","a=1,lw=1.5,r=0.04,w=0.25; a=1,lw=0.8,r=0.02,w=0.25; a=1,lw=1.2,r=0.015,w=0.25"
five_level_weak_anharmonic,seed_target10_leak15_target08_leak12,0.03,relax_0.0005,0.0,0.0005,55,0.8976838148089955,0.0046187067053496955,0.0655456167265428,0.10629584940602019,0.9698921871267187,0.003013306634502715,120,103.90876925108023,0.3346487473100423,1955,False,"target-1.0 seed, target 0.8 then leak 1.2","a=1,lw=1.5,r=0.04,w=0.25; a=1,lw=0.8,r=0.02,w=0.25; a=1,lw=1.2,r=0.015,w=0.25"
five_level_weak_anharmonic,seed_target10_leak15_target08_leak12,0.03,relax_0.0005,0.0,0.0005,56,0.9551574379750429,0.0017874420496876153,0.07011807372437473,0.0518316658174478,0.9605340521699672,0.003013306634502715,120,103.90876925108023,0.3346487473100423,1955,False,"target-1.0 seed, target 0.8 then leak 1.2","a=1,lw=1.5,r=0.04,w=0.25; a=1,lw=0.8,r=0.02,w=0.25; a=1,lw=1.2,r=0.015,w=0.25"
five_level_weak_anharmonic,seed_target10_leak15_target08_leak12,0.03,relax_0.0005,0.0,0.0005,57,0.8490919480671909,0.00729894421081112,0.07499323482311993,0.12437203982518484,0.9678714424872754,0.003013306634502715,120,103.90876925108023,0.3346487473100423,1955,False,"target-1.0 seed, target 0.8 then leak 1.2","a=1,lw=1.5,r=0.04,w=0.25; a=1,lw=0.8,r=0.02,w=0.25; a=1,lw=1.2,r=0.015,w=0.25"
five_level_weak_anharmonic,seed_target10_leak15_target08_leak12,0.03,relax_0.0005,0.0,0.0005,58,0.9727357951091833,0.00491238037701236,0.05054284084280969,0.024618010647378973,0.9602247933675333,0.003013306634502715,120,103.90876925108023,0.3346487473100423,1955,False,"target-1.0 seed, target 0.8 then leak 1.2","a=1,lw=1.5,r=0.04,w=0.25; a=1,lw=0.8,r=0.02,w=0.25; a=1,lw=1.2,r=0.015,w=0.25"
five_level_weak_anharmonic,seed_target10_leak15_target08_leak12,0.03,relax_0.0005,0.0,0.0005,59,0.937984232665849,0.005685781402188228,0.07185534260327242,0.054040375733039415,0.9566816137955856,0.003013306634502715,120,103.90876925108023,0.3346487473100423,1955,False,"target-1.0 seed, target 0.8 then leak 1.2","a=1,lw=1.5,r=0.04,w=0.25; a=1,lw=0.8,r=0.02,w=0.25; a=1,lw=1.2,r=0.015,w=0.25"
five_level_weak_anharmonic,seed_target10_leak15_target08_leak12,0.03,combined,0.001,0.0005,10,0.8905414192617163,0.003588009939805903,0.06441487168710025,0.062488438623072184,0.9481947002931047,0.003013306634502715,120,103.90876925108023,0.3346487473100423,1955,False,"target-1.0 seed, target 0.8 then leak 1.2","a=1,lw=1.5,r=0.04,w=0.25; a=1,lw=0.8,r=0.02,w=0.25; a=1,lw=1.2,r=0.015,w=0.25"
five_level_weak_anharmonic,seed_target10_leak15_target08_leak12,0.03,combined,0.001,0.0005,11,0.9177043241625199,0.006532149784798658,0.06622239895522086,0.0706632853967382,0.9474231063657947,0.003013306634502715,120,103.90876925108023,0.3346487473100423,1955,False,"target-1.0 seed, target 0.8 then leak 1.2","a=1,lw=1.5,r=0.04,w=0.25; a=1,lw=0.8,r=0.02,w=0.25; a=1,lw=1.2,r=0.015,w=0.25"
five_level_weak_anharmonic,seed_target10_leak15_target08_leak12,0.03,combined,0.001,0.0005,12,0.8915474272381425,0.0019925886431777506,0.05796546827111615,0.08818625023684923,0.9471818081213786,0.003013306634502715,120,103.90876925108023,0.3346487473100423,1955,False,"target-1.0 seed, target 0.8 then leak 1.2","a=1,lw=1.5,r=0.04,w=0.25; a=1,lw=0.8,r=0.02,w=0.25; a=1,lw=1.2,r=0.015,w=0.25"
five_level_weak_anharmonic,seed_target10_leak15_target08_leak12,0.03,combined,0.001,0.0005,13,0.7592882884398773,0.003046240321721405,0.06656080111917051,0.24848319230061194,0.9525598061968122,0.003013306634502715,120,103.90876925108023,0.3346487473100423,1955,False,"target-1.0 seed, target 0.8 then leak 1.2","a=1,lw=1.5,r=0.04,w=0.25; a=1,lw=0.8,r=0.02,w=0.25; a=1,lw=1.2,r=0.015,w=0.25"
five_level_weak_anharmonic,seed_target10_leak15_target08_leak12,0.03,combined,0.001,0.0005,14,0.8503505097163357,0.003846847451836388,0.06810217562782794,0.15389430636088416,0.9503473060520311,0.003013306634502715,120,103.90876925108023,0.3346487473100423,1955,False,"target-1.0 seed, target 0.8 then leak 1.2","a=1,lw=1.5,r=0.04,w=0.25; a=1,lw=0.8,r=0.02,w=0.25; a=1,lw=1.2,r=0.015,w=0.25"
five_level_weak_anharmonic,seed_target10_leak15_target08_leak12,0.03,combined,0.001,0.0005,15,0.9602164228004604,0.003271592457664174,0.0727409909763499,0.03736762686480522,0.9477639681342895,0.003013306634502715,120,103.90876925108023,0.3346487473100423,1955,False,"target-1.0 seed, target 0.8 then leak 1.2","a=1,lw=1.5,r=0.04,w=0.25; a=1,lw=0.8,r=0.02,w=0.25; a=1,lw=1.2,r=0.015,w=0.25"
five_level_weak_anharmonic,seed_target10_leak15_target08_leak12,0.03,combined,0.001,0.0005,16,0.9504234473259062,0.004854529938119634,0.07194234836114699,0.037045265772695596,0.9469970989155355,0.003013306634502715,120,103.90876925108023,0.3346487473100423,1955,False,"target-1.0 seed, target 0.8 then leak 1.2","a=1,lw=1.5,r=0.04,w=0.25; a=1,lw=0.8,r=0.02,w=0.25; a=1,lw=1.2,r=0.015,w=0.25"
five_level_weak_anharmonic,seed_target10_leak15_target08_leak12,0.03,combined,0.001,0.0005,17,0.8755744378923479,0.0033665834098524083,0.05649067464547919,0.10887775078752077,0.9491982315839758,0.003013306634502715,120,103.90876925108023,0.3346487473100423,1955,False,"target-1.0 seed, target 0.8 then leak 1.2","a=1,lw=1.5,r=0.04,w=0.25; a=1,lw=0.8,r=0.02,w=0.25; a=1,lw=1.2,r=0.015,w=0.25"
five_level_weak_anharmonic,seed_target10_leak15_target08_leak12,0.03,combined,0.001,0.0005,18,0.9484012801551392,0.003644932462343431,0.06552736556239613,0.05108086215439423,0.9485286385030492,0.003013306634502715,120,103.90876925108023,0.3346487473100423,1955,False,"target-1.0 seed, target 0.8 then leak 1.2","a=1,lw=1.5,r=0.04,w=0.25; a=1,lw=0.8,r=0.02,w=0.25; a=1,lw=1.2,r=0.015,w=0.25"
five_level_weak_anharmonic,seed_target10_leak15_target08_leak12,0.03,combined,0.001,0.0005,19,0.8992875498431089,0.004763654593326505,0.064227967086254,0.07851151918971544,0.9468282993929719,0.003013306634502715,120,103.90876925108023,0.3346487473100423,1955,False,"target-1.0 seed, target 0.8 then leak 1.2","a=1,lw=1.5,r=0.04,w=0.25; a=1,lw=0.8,r=0.02,w=0.25; a=1,lw=1.2,r=0.015,w=0.25"
five_level_weak_anharmonic,seed_target10_leak15_target08_leak12,0.03,combined,0.001,0.0005,20,0.8553811401222018,0.0056123472676489206,0.059183413561172515,0.10206347038596919,0.9466812046974986,0.003013306634502715,120,103.90876925108023,0.3346487473100423,1955,False,"target-1.0 seed, target 0.8 then leak 1.2","a=1,lw=1.5,r=0.04,w=0.25; a=1,lw=0.8,r=0.02,w=0.25; a=1,lw=1.2,r=0.015,w=0.25"
five_level_weak_anharmonic,seed_target10_leak15_target08_leak12,0.03,combined,0.001,0.0005,21,0.931744622700566,0.007456270332774295,0.05754367293961371,0.04385444565903796,0.9472366849081731,0.003013306634502715,120,103.90876925108023,0.3346487473100423,1955,False,"target-1.0 seed, target 0.8 then leak 1.2","a=1,lw=1.5,r=0.04,w=0.25; a=1,lw=0.8,r=0.02,w=0.25; a=1,lw=1.2,r=0.015,w=0.25"
five_level_weak_anharmonic,seed_target10_leak15_target08_leak12,0.03,combined,0.001,0.0005,22,0.9248904013005067,0.005033231169212615,0.07202636233660065,0.05363393560125831,0.9473575546219676,0.003013306634502715,120,103.90876925108023,0.3346487473100423,1955,False,"target-1.0 seed, target 0.8 then leak 1.2","a=1,lw=1.5,r=0.04,w=0.25; a=1,lw=0.8,r=0.02,w=0.25; a=1,lw=1.2,r=0.015,w=0.25"
five_level_weak_anharmonic,seed_target10_leak15_target08_leak12,0.03,combined,0.001,0.0005,23,0.9669834701642492,0.004000966715435483,0.05992295449371199,0.03082120939667906,0.9482197914734268,0.003013306634502715,120,103.90876925108023,0.3346487473100423,1955,False,"target-1.0 seed, target 0.8 then leak 1.2","a=1,lw=1.5,r=0.04,w=0.25; a=1,lw=0.8,r=0.02,w=0.25; a=1,lw=1.2,r=0.015,w=0.25"
five_level_weak_anharmonic,seed_target10_leak15_target08_leak12,0.03,combined,0.001,0.0005,24,0.9351891372974659,0.0042569548558353265,0.06060570948676136,0.07495508855984133,0.949429997311229,0.003013306634502715,120,103.90876925108023,0.3346487473100423,1955,False,"target-1.0 seed, target 0.8 then leak 1.2","a=1,lw=1.5,r=0.04,w=0.25; a=1,lw=0.8,r=0.02,w=0.25; a=1,lw=1.2,r=0.015,w=0.25"
five_level_weak_anharmonic,seed_target10_leak15_target08_leak12,0.03,combined,0.001,0.0005,25,0.9313610786621364,0.005679930237691755,0.06694496817719275,0.07743422580232648,0.9491951891061985,0.003013306634502715,120,103.90876925108023,0.3346487473100423,1955,False,"target-1.0 seed, target 0.8 then leak 1.2","a=1,lw=1.5,r=0.04,w=0.25; a=1,lw=0.8,r=0.02,w=0.25; a=1,lw=1.2,r=0.015,w=0.25"
five_level_weak_anharmonic,seed_target10_leak15_target08_leak12,0.03,combined,0.001,0.0005,26,0.9692571673227092,0.0026769455709055867,0.06359074657048724,0.03285082180732359,0.9484338143053649,0.003013306634502715,120,103.90876925108023,0.3346487473100423,1955,False,"target-1.0 seed, target 0.8 then leak 1.2","a=1,lw=1.5,r=0.04,w=0.25; a=1,lw=0.8,r=0.02,w=0.25; a=1,lw=1.2,r=0.015,w=0.25"
five_level_weak_anharmonic,seed_target10_leak15_target08_leak12,0.03,combined,0.001,0.0005,27,0.9197085516209349,0.002550755280927297,0.053538923857701315,0.09180441884340794,0.9494546657653945,0.003013306634502715,120,103.90876925108023,0.3346487473100423,1955,False,"target-1.0 seed, target 0.8 then leak 1.2","a=1,lw=1.5,r=0.04,w=0.25; a=1,lw=0.8,r=0.02,w=0.25; a=1,lw=1.2,r=0.015,w=0.25"
five_level_weak_anharmonic,seed_target10_leak15_target08_leak12,0.03,combined,0.001,0.0005,28,0.91898885412109,0.005593845569192291,0.06699361413605665,0.05314263236700988,0.947925628025766,0.003013306634502715,120,103.90876925108023,0.3346487473100423,1955,False,"target-1.0 seed, target 0.8 then leak 1.2","a=1,lw=1.5,r=0.04,w=0.25; a=1,lw=0.8,r=0.02,w=0.25; a=1,lw=1.2,r=0.015,w=0.25"
five_level_weak_anharmonic,seed_target10_leak15_target08_leak12,0.03,combined,0.001,0.0005,29,0.9537411711966834,0.001873804174582272,0.04999701212736429,0.03205229841180626,0.9486965875673284,0.003013306634502715,120,103.90876925108023,0.3346487473100423,1955,False,"target-1.0 seed, target 0.8 then leak 1.2","a=1,lw=1.5,r=0.04,w=0.25; a=1,lw=0.8,r=0.02,w=0.25; a=1,lw=1.2,r=0.015,w=0.25"
five_level_weak_anharmonic,seed_target10_leak15_target08_leak12,0.03,combined,0.001,0.0005,30,0.9303293701548571,0.0050015309895115045,0.0644518146030384,0.08619014703655088,0.9500039473512666,0.003013306634502715,120,103.90876925108023,0.3346487473100423,1955,False,"target-1.0 seed, target 0.8 then leak 1.2","a=1,lw=1.5,r=0.04,w=0.25; a=1,lw=0.8,r=0.02,w=0.25; a=1,lw=1.2,r=0.015,w=0.25"
five_level_weak_anharmonic,seed_target10_leak15_target08_leak12,0.03,combined,0.001,0.0005,31,0.9163507956652125,0.007747651878868611,0.07539743505210783,0.06720855600806995,0.9474973639055534,0.003013306634502715,120,103.90876925108023,0.3346487473100423,1955,False,"target-1.0 seed, target 0.8 then leak 1.2","a=1,lw=1.5,r=0.04,w=0.25; a=1,lw=0.8,r=0.02,w=0.25; a=1,lw=1.2,r=0.015,w=0.25"
five_level_weak_anharmonic,seed_target10_leak15_target08_leak12,0.03,combined,0.001,0.0005,32,0.9486820418979656,0.00487392713976309,0.07101301913675506,0.04746442010304329,0.9477789355112646,0.003013306634502715,120,103.90876925108023,0.3346487473100423,1955,False,"target-1.0 seed, target 0.8 then leak 1.2","a=1,lw=1.5,r=0.04,w=0.25; a=1,lw=0.8,r=0.02,w=0.25; a=1,lw=1.2,r=0.015,w=0.25"
five_level_weak_anharmonic,seed_target10_leak15_target08_leak12,0.03,combined,0.001,0.0005,33,0.9427795929973792,0.0048191131469813575,0.0687696161979876,0.07515259539805717,0.9493328548228793,0.003013306634502715,120,103.90876925108023,0.3346487473100423,1955,False,"target-1.0 seed, target 0.8 then leak 1.2","a=1,lw=1.5,r=0.04,w=0.25; a=1,lw=0.8,r=0.02,w=0.25; a=1,lw=1.2,r=0.015,w=0.25"
five_level_weak_anharmonic,seed_target10_leak15_target08_leak12,0.03,combined,0.001,0.0005,34,0.9588827231391479,0.0038207643337563324,0.07048418775204124,0.051256667013929634,0.9486753395065605,0.003013306634502715,120,103.90876925108023,0.3346487473100423,1955,False,"target-1.0 seed, target 0.8 then leak 1.2","a=1,lw=1.5,r=0.04,w=0.25; a=1,lw=0.8,r=0.02,w=0.25; a=1,lw=1.2,r=0.015,w=0.25"
five_level_weak_anharmonic,seed_target10_leak15_target08_leak12,0.03,combined,0.001,0.0005,35,0.8488907234418877,0.005805447985942402,0.07085196471693489,0.10405908351561843,0.946313840768813,0.003013306634502715,120,103.90876925108023,0.3346487473100423,1955,False,"target-1.0 seed, target 0.8 then leak 1.2","a=1,lw=1.5,r=0.04,w=0.25; a=1,lw=0.8,r=0.02,w=0.25; a=1,lw=1.2,r=0.015,w=0.25"
five_level_weak_anharmonic,seed_target10_leak15_target08_leak12,0.03,combined,0.001,0.0005,36,0.9663968846558779,0.005284580877581102,0.06028807980217388,0.03046399443961144,0.9480657554825976,0.003013306634502715,120,103.90876925108023,0.3346487473100423,1955,False,"target-1.0 seed, target 0.8 then leak 1.2","a=1,lw=1.5,r=0.04,w=0.25; a=1,lw=0.8,r=0.02,w=0.25; a=1,lw=1.2,r=0.015,w=0.25"
five_level_weak_anharmonic,seed_target10_leak15_target08_leak12,0.03,combined,0.001,0.0005,37,0.7884997784489496,0.002497122577167943,0.05006771837470825,0.19904195499467206,0.9515845567759922,0.003013306634502715,120,103.90876925108023,0.3346487473100423,1955,False,"target-1.0 seed, target 0.8 then leak 1.2","a=1,lw=1.5,r=0.04,w=0.25; a=1,lw=0.8,r=0.02,w=0.25; a=1,lw=1.2,r=0.015,w=0.25"
five_level_weak_anharmonic,seed_target10_leak15_target08_leak12,0.03,combined,0.001,0.0005,38,0.901709445852505,0.004601583996003855,0.05752614334383632,0.12232924435354621,0.9503835905096403,0.003013306634502715,120,103.90876925108023,0.3346487473100423,1955,False,"target-1.0 seed, target 0.8 then leak 1.2","a=1,lw=1.5,r=0.04,w=0.25; a=1,lw=0.8,r=0.02,w=0.25; a=1,lw=1.2,r=0.015,w=0.25"
five_level_weak_anharmonic,seed_target10_leak15_target08_leak12,0.03,combined,0.001,0.0005,39,0.9619663018386692,0.003940396552652103,0.06909970669800303,0.04184459541219869,0.9482320654453246,0.003013306634502715,120,103.90876925108023,0.3346487473100423,1955,False,"target-1.0 seed, target 0.8 then leak 1.2","a=1,lw=1.5,r=0.04,w=0.25; a=1,lw=0.8,r=0.02,w=0.25; a=1,lw=1.2,r=0.015,w=0.25"
five_level_weak_anharmonic,seed_target10_leak15_target08_leak12,0.03,combined,0.001,0.0005,40,0.9582074690588201,0.002490246418303421,0.06161552417309546,0.030146135447254706,0.9480449418422079,0.003013306634502715,120,103.90876925108023,0.3346487473100423,1955,False,"target-1.0 seed, target 0.8 then leak 1.2","a=1,lw=1.5,r=0.04,w=0.25; a=1,lw=0.8,r=0.02,w=0.25; a=1,lw=1.2,r=0.015,w=0.25"
five_level_weak_anharmonic,seed_target10_leak15_target08_leak12,0.03,combined,0.001,0.0005,41,0.8958777249284706,0.006431973415841896,0.06418585365253882,0.07332059952993966,0.9463631730324976,0.003013306634502715,120,103.90876925108023,0.3346487473100423,1955,False,"target-1.0 seed, target 0.8 then leak 1.2","a=1,lw=1.5,r=0.04,w=0.25; a=1,lw=0.8,r=0.02,w=0.25; a=1,lw=1.2,r=0.015,w=0.25"
five_level_weak_anharmonic,seed_target10_leak15_target08_leak12,0.03,combined,0.001,0.0005,42,0.9618298974268362,0.004351688078206295,0.06056130595039544,0.03414069967692728,0.9488011922510721,0.003013306634502715,120,103.90876925108023,0.3346487473100423,1955,False,"target-1.0 seed, target 0.8 then leak 1.2","a=1,lw=1.5,r=0.04,w=0.25; a=1,lw=0.8,r=0.02,w=0.25; a=1,lw=1.2,r=0.015,w=0.25"
five_level_weak_anharmonic,seed_target10_leak15_target08_leak12,0.03,combined,0.001,0.0005,43,0.9419972264705584,0.0038287520647918294,0.057444271363973676,0.06315981736068083,0.9487130345717896,0.003013306634502715,120,103.90876925108023,0.3346487473100423,1955,False,"target-1.0 seed, target 0.8 then leak 1.2","a=1,lw=1.5,r=0.04,w=0.25; a=1,lw=0.8,r=0.02,w=0.25; a=1,lw=1.2,r=0.015,w=0.25"
five_level_weak_anharmonic,seed_target10_leak15_target08_leak12,0.03,combined,0.001,0.0005,44,0.9158591711757873,0.00203547297568063,0.05572989566477493,0.09189825625202573,0.950737309889413,0.003013306634502715,120,103.90876925108023,0.3346487473100423,1955,False,"target-1.0 seed, target 0.8 then leak 1.2","a=1,lw=1.5,r=0.04,w=0.25; a=1,lw=0.8,r=0.02,w=0.25; a=1,lw=1.2,r=0.015,w=0.25"
five_level_weak_anharmonic,seed_target10_leak15_target08_leak12,0.03,combined,0.001,0.0005,45,0.9684750488731013,0.0030678358912767933,0.06776478161344568,0.038083321232712374,0.948726827500084,0.003013306634502715,120,103.90876925108023,0.3346487473100423,1955,False,"target-1.0 seed, target 0.8 then leak 1.2","a=1,lw=1.5,r=0.04,w=0.25; a=1,lw=0.8,r=0.02,w=0.25; a=1,lw=1.2,r=0.015,w=0.25"
five_level_weak_anharmonic,seed_target10_leak15_target08_leak12,0.03,combined,0.001,0.0005,46,0.9544610691089201,0.005733269460883816,0.0603927836298247,0.03675247495351415,0.9471862594223831,0.003013306634502715,120,103.90876925108023,0.3346487473100423,1955,False,"target-1.0 seed, target 0.8 then leak 1.2","a=1,lw=1.5,r=0.04,w=0.25; a=1,lw=0.8,r=0.02,w=0.25; a=1,lw=1.2,r=0.015,w=0.25"
five_level_weak_anharmonic,seed_target10_leak15_target08_leak12,0.03,combined,0.001,0.0005,47,0.9274568313886469,0.008121408836169075,0.05196141098474616,0.048086346795172055,0.9473491655455932,0.003013306634502715,120,103.90876925108023,0.3346487473100423,1955,False,"target-1.0 seed, target 0.8 then leak 1.2","a=1,lw=1.5,r=0.04,w=0.25; a=1,lw=0.8,r=0.02,w=0.25; a=1,lw=1.2,r=0.015,w=0.25"
five_level_weak_anharmonic,seed_target10_leak15_target08_leak12,0.03,combined,0.001,0.0005,48,0.9064449710962363,0.004823091734604046,0.06500125391512768,0.09003762341036933,0.9472862337186566,0.003013306634502715,120,103.90876925108023,0.3346487473100423,1955,False,"target-1.0 seed, target 0.8 then leak 1.2","a=1,lw=1.5,r=0.04,w=0.25; a=1,lw=0.8,r=0.02,w=0.25; a=1,lw=1.2,r=0.015,w=0.25"
five_level_weak_anharmonic,seed_target10_leak15_target08_leak12,0.03,combined,0.001,0.0005,49,0.9449053038456329,0.005678225166681594,0.06326680834042486,0.040399121621026816,0.9472740158722478,0.003013306634502715,120,103.90876925108023,0.3346487473100423,1955,False,"target-1.0 seed, target 0.8 then leak 1.2","a=1,lw=1.5,r=0.04,w=0.25; a=1,lw=0.8,r=0.02,w=0.25; a=1,lw=1.2,r=0.015,w=0.25"
five_level_weak_anharmonic,seed_target10_leak15_target08_leak12,0.03,combined,0.001,0.0005,50,0.9309998635852978,0.00401757019611626,0.06365785614069264,0.07664382000765793,0.9489955366772493,0.003013306634502715,120,103.90876925108023,0.3346487473100423,1955,False,"target-1.0 seed, target 0.8 then leak 1.2","a=1,lw=1.5,r=0.04,w=0.25; a=1,lw=0.8,r=0.02,w=0.25; a=1,lw=1.2,r=0.015,w=0.25"
five_level_weak_anharmonic,seed_target10_leak15_target08_leak12,0.03,combined,0.001,0.0005,51,0.9218722748250723,0.005144210774023383,0.06432117379361779,0.054849194508260035,0.9467183168183295,0.003013306634502715,120,103.90876925108023,0.3346487473100423,1955,False,"target-1.0 seed, target 0.8 then leak 1.2","a=1,lw=1.5,r=0.04,w=0.25; a=1,lw=0.8,r=0.02,w=0.25; a=1,lw=1.2,r=0.015,w=0.25"
five_level_weak_anharmonic,seed_target10_leak15_target08_leak12,0.03,combined,0.001,0.0005,52,0.9156306794082645,0.0035838273111463703,0.0688152178005752,0.060799327693661365,0.9469159172933711,0.003013306634502715,120,103.90876925108023,0.3346487473100423,1955,False,"target-1.0 seed, target 0.8 then leak 1.2","a=1,lw=1.5,r=0.04,w=0.25; a=1,lw=0.8,r=0.02,w=0.25; a=1,lw=1.2,r=0.015,w=0.25"
five_level_weak_anharmonic,seed_target10_leak15_target08_leak12,0.03,combined,0.001,0.0005,53,0.8846389298751066,0.0030434857991951114,0.07104636884102034,0.1268241569204954,0.9495137758960112,0.003013306634502715,120,103.90876925108023,0.3346487473100423,1955,False,"target-1.0 seed, target 0.8 then leak 1.2","a=1,lw=1.5,r=0.04,w=0.25; a=1,lw=0.8,r=0.02,w=0.25; a=1,lw=1.2,r=0.015,w=0.25"
five_level_weak_anharmonic,seed_target10_leak15_target08_leak12,0.03,combined,0.001,0.0005,54,0.9259292573332881,0.0024319114390775054,0.06673448553521566,0.08331977445632216,0.9488902077441255,0.003013306634502715,120,103.90876925108023,0.3346487473100423,1955,False,"target-1.0 seed, target 0.8 then leak 1.2","a=1,lw=1.5,r=0.04,w=0.25; a=1,lw=0.8,r=0.02,w=0.25; a=1,lw=1.2,r=0.015,w=0.25"
five_level_weak_anharmonic,seed_target10_leak15_target08_leak12,0.03,combined,0.001,0.0005,55,0.89120989008396,0.005348968523607778,0.06611728765149749,0.11216903886787169,0.9504687486463373,0.003013306634502715,120,103.90876925108023,0.3346487473100423,1955,False,"target-1.0 seed, target 0.8 then leak 1.2","a=1,lw=1.5,r=0.04,w=0.25; a=1,lw=0.8,r=0.02,w=0.25; a=1,lw=1.2,r=0.015,w=0.25"
five_level_weak_anharmonic,seed_target10_leak15_target08_leak12,0.03,combined,0.001,0.0005,56,0.9494544766036792,0.0025369451011429955,0.0700039459443682,0.05719103263075279,0.9478048854690351,0.003013306634502715,120,103.90876925108023,0.3346487473100423,1955,False,"target-1.0 seed, target 0.8 then leak 1.2","a=1,lw=1.5,r=0.04,w=0.25; a=1,lw=0.8,r=0.02,w=0.25; a=1,lw=1.2,r=0.015,w=0.25"
five_level_weak_anharmonic,seed_target10_leak15_target08_leak12,0.03,combined,0.001,0.0005,57,0.8446709687278192,0.008358992895806439,0.0755463654740196,0.12934911157250034,0.947404768307585,0.003013306634502715,120,103.90876925108023,0.3346487473100423,1955,False,"target-1.0 seed, target 0.8 then leak 1.2","a=1,lw=1.5,r=0.04,w=0.25; a=1,lw=0.8,r=0.02,w=0.25; a=1,lw=1.2,r=0.015,w=0.25"
five_level_weak_anharmonic,seed_target10_leak15_target08_leak12,0.03,combined,0.001,0.0005,58,0.9670249653047591,0.00543466023483552,0.050480209931621944,0.030237126296379604,0.9483065705805205,0.003013306634502715,120,103.90876925108023,0.3346487473100423,1955,False,"target-1.0 seed, target 0.8 then leak 1.2","a=1,lw=1.5,r=0.04,w=0.25; a=1,lw=0.8,r=0.02,w=0.25; a=1,lw=1.2,r=0.015,w=0.25"
five_level_weak_anharmonic,seed_target10_leak15_target08_leak12,0.03,combined,0.001,0.0005,59,0.9335667550980322,0.0066116151219161035,0.0724221307801205,0.05863294765936371,0.9462988177986043,0.003013306634502715,120,103.90876925108023,0.3346487473100423,1955,False,"target-1.0 seed, target 0.8 then leak 1.2","a=1,lw=1.5,r=0.04,w=0.25; a=1,lw=0.8,r=0.02,w=0.25; a=1,lw=1.2,r=0.015,w=0.25"
five_level_weak_anharmonic,seed_target10_leak15_target08_leak10,0.03,static_only,0.0,0.0,10,0.8998921961268713,0.0023432439438066943,0.06466873982671839,0.05092133076413865,0.9999974090832633,0.0031053549442389625,120,104.27378429984674,0.3140446073294323,1953,False,"target-1.0 seed, target 0.8 then leak 1.0","a=1,lw=1.5,r=0.04,w=0.25; a=1,lw=0.8,r=0.02,w=0.25; a=1,lw=1,r=0.015,w=0.25"
five_level_weak_anharmonic,seed_target10_leak15_target08_leak10,0.03,static_only,0.0,0.0,11,0.9405901118161663,0.004924757695241477,0.072680695338746,0.05719304464140203,0.9999968643669873,0.0031053549442389625,120,104.27378429984674,0.3140446073294323,1953,False,"target-1.0 seed, target 0.8 then leak 1.0","a=1,lw=1.5,r=0.04,w=0.25; a=1,lw=0.8,r=0.02,w=0.25; a=1,lw=1,r=0.015,w=0.25"
five_level_weak_anharmonic,seed_target10_leak15_target08_leak10,0.03,static_only,0.0,0.0,12,0.9275853883896978,0.0009724692163615156,0.0582178084368048,0.06074240837979536,0.999997112086452,0.0031053549442389625,120,104.27378429984674,0.3140446073294323,1953,False,"target-1.0 seed, target 0.8 then leak 1.0","a=1,lw=1.5,r=0.04,w=0.25; a=1,lw=0.8,r=0.02,w=0.25; a=1,lw=1,r=0.015,w=0.25"
five_level_weak_anharmonic,seed_target10_leak15_target08_leak10,0.03,static_only,0.0,0.0,13,0.8080525751331413,0.002238646416765522,0.06685473368092565,0.2066227126094764,0.9999977192965472,0.0031053549442389625,120,104.27378429984674,0.3140446073294323,1953,False,"target-1.0 seed, target 0.8 then leak 1.0","a=1,lw=1.5,r=0.04,w=0.25; a=1,lw=0.8,r=0.02,w=0.25; a=1,lw=1,r=0.015,w=0.25"
five_level_weak_anharmonic,seed_target10_leak15_target08_leak10,0.03,static_only,0.0,0.0,14,0.8820804903871956,0.0030430380161240445,0.06840894221913874,0.12764440743509534,0.9999974613786233,0.0031053549442389625,120,104.27378429984674,0.3140446073294323,1953,False,"target-1.0 seed, target 0.8 then leak 1.0","a=1,lw=1.5,r=0.04,w=0.25; a=1,lw=0.8,r=0.02,w=0.25; a=1,lw=1,r=0.015,w=0.25"
five_level_weak_anharmonic,seed_target10_leak15_target08_leak10,0.03,static_only,0.0,0.0,15,0.9893126914640656,0.00193947293430774,0.07304969238137149,0.00866302468291484,0.9999972722571743,0.0031053549442389625,120,104.27378429984674,0.3140446073294323,1953,False,"target-1.0 seed, target 0.8 then leak 1.0","a=1,lw=1.5,r=0.04,w=0.25; a=1,lw=0.8,r=0.02,w=0.25; a=1,lw=1,r=0.015,w=0.25"
five_level_weak_anharmonic,seed_target10_leak15_target08_leak10,0.03,static_only,0.0,0.0,16,0.9764528940039533,0.0031652823720085266,0.0785204701269091,0.017362515904407298,0.9999971258543643,0.0031053549442389625,120,104.27378429984674,0.3140446073294323,1953,False,"target-1.0 seed, target 0.8 then leak 1.0","a=1,lw=1.5,r=0.04,w=0.25; a=1,lw=0.8,r=0.02,w=0.25; a=1,lw=1,r=0.015,w=0.25"
five_level_weak_anharmonic,seed_target10_leak15_target08_leak10,0.03,static_only,0.0,0.0,17,0.9064012785717679,0.0024907010626520343,0.056737029293648655,0.07268106619218212,0.9999980039172596,0.0031053549442389625,120,104.27378429984674,0.3140446073294323,1953,False,"target-1.0 seed, target 0.8 then leak 1.0","a=1,lw=1.5,r=0.04,w=0.25; a=1,lw=0.8,r=0.02,w=0.25; a=1,lw=1,r=0.015,w=0.25"
five_level_weak_anharmonic,seed_target10_leak15_target08_leak10,0.03,static_only,0.0,0.0,18,0.9789097042064833,0.0025522719229559288,0.06582561579863766,0.018705298249473007,0.9999975414418074,0.0031053549442389625,120,104.27378429984674,0.3140446073294323,1953,False,"target-1.0 seed, target 0.8 then leak 1.0","a=1,lw=1.5,r=0.04,w=0.25; a=1,lw=0.8,r=0.02,w=0.25; a=1,lw=1,r=0.015,w=0.25"
five_level_weak_anharmonic,seed_target10_leak15_target08_leak10,0.03,static_only,0.0,0.0,19,0.9332916725122589,0.003727314186770969,0.06450581384107457,0.05319500676685891,0.9999971350403267,0.0031053549442389625,120,104.27378429984674,0.3140446073294323,1953,False,"target-1.0 seed, target 0.8 then leak 1.0","a=1,lw=1.5,r=0.04,w=0.25; a=1,lw=0.8,r=0.02,w=0.25; a=1,lw=1,r=0.015,w=0.25"
five_level_weak_anharmonic,seed_target10_leak15_target08_leak10,0.03,static_only,0.0,0.0,20,0.8833538120467189,0.004224175246833051,0.06512404445575815,0.07787269822539536,0.9999974644914629,0.0031053549442389625,120,104.27378429984674,0.3140446073294323,1953,False,"target-1.0 seed, target 0.8 then leak 1.0","a=1,lw=1.5,r=0.04,w=0.25; a=1,lw=0.8,r=0.02,w=0.25; a=1,lw=1,r=0.015,w=0.25"
five_level_weak_anharmonic,seed_target10_leak15_target08_leak10,0.03,static_only,0.0,0.0,21,0.9603234307621078,0.0061131406421661705,0.057790442331898007,0.019745228631237014,0.9999973935543718,0.0031053549442389625,120,104.27378429984674,0.3140446073294323,1953,False,"target-1.0 seed, target 0.8 then leak 1.0","a=1,lw=1.5,r=0.04,w=0.25; a=1,lw=0.8,r=0.02,w=0.25; a=1,lw=1,r=0.015,w=0.25"
five_level_weak_anharmonic,seed_target10_leak15_target08_leak10,0.03,static_only,0.0,0.0,22,0.947533164539698,0.0036721059125561784,0.07233906300465431,0.03728341080313776,0.9999969622695435,0.0031053549442389625,120,104.27378429984674,0.3140446073294323,1953,False,"target-1.0 seed, target 0.8 then leak 1.0","a=1,lw=1.5,r=0.04,w=0.25; a=1,lw=0.8,r=0.02,w=0.25; a=1,lw=1,r=0.015,w=0.25"
five_level_weak_anharmonic,seed_target10_leak15_target08_leak10,0.03,static_only,0.0,0.0,23,0.9915256351852082,0.0029881782101414123,0.06018381767995096,0.010124666232055999,0.9999974402387649,0.0031053549442389625,120,104.27378429984674,0.3140446073294323,1953,False,"target-1.0 seed, target 0.8 then leak 1.0","a=1,lw=1.5,r=0.04,w=0.25; a=1,lw=0.8,r=0.02,w=0.25; a=1,lw=1,r=0.015,w=0.25"
five_level_weak_anharmonic,seed_target10_leak15_target08_leak10,0.03,static_only,0.0,0.0,24,0.9687446115063538,0.003102325410268336,0.06084885736847201,0.04366932843935228,0.9999977323400158,0.0031053549442389625,120,104.27378429984674,0.3140446073294323,1953,False,"target-1.0 seed, target 0.8 then leak 1.0","a=1,lw=1.5,r=0.04,w=0.25; a=1,lw=0.8,r=0.02,w=0.25; a=1,lw=1,r=0.015,w=0.25"
five_level_weak_anharmonic,seed_target10_leak15_target08_leak10,0.03,static_only,0.0,0.0,25,0.9637860385438481,0.004228591512313251,0.06724701890226847,0.04889192456047651,0.999997314184066,0.0031053549442389625,120,104.27378429984674,0.3140446073294323,1953,False,"target-1.0 seed, target 0.8 then leak 1.0","a=1,lw=1.5,r=0.04,w=0.25; a=1,lw=0.8,r=0.02,w=0.25; a=1,lw=1,r=0.015,w=0.25"
five_level_weak_anharmonic,seed_target10_leak15_target08_leak10,0.03,static_only,0.0,0.0,26,0.9973783596830219,0.0013380949303702927,0.06962441840957245,0.005317806766900595,0.9999974473572092,0.0031053549442389625,120,104.27378429984674,0.3140446073294323,1953,False,"target-1.0 seed, target 0.8 then leak 1.0","a=1,lw=1.5,r=0.04,w=0.25; a=1,lw=0.8,r=0.02,w=0.25; a=1,lw=1,r=0.015,w=0.25"
five_level_weak_anharmonic,seed_target10_leak15_target08_leak10,0.03,static_only,0.0,0.0,27,0.9565459841123942,0.0017659984430039577,0.05669781711113031,0.05490863466747938,0.9999980115939625,0.0031053549442389625,120,104.27378429984674,0.3140446073294323,1953,False,"target-1.0 seed, target 0.8 then leak 1.0","a=1,lw=1.5,r=0.04,w=0.25; a=1,lw=0.8,r=0.02,w=0.25; a=1,lw=1,r=0.015,w=0.25"
five_level_weak_anharmonic,seed_target10_leak15_target08_leak10,0.03,static_only,0.0,0.0,28,0.9405244715832585,0.0041377169197254204,0.07284439906977003,0.03673550444591449,0.9999971824789081,0.0031053549442389625,120,104.27378429984674,0.3140446073294323,1953,False,"target-1.0 seed, target 0.8 then leak 1.0","a=1,lw=1.5,r=0.04,w=0.25; a=1,lw=0.8,r=0.02,w=0.25; a=1,lw=1,r=0.015,w=0.25"
five_level_weak_anharmonic,seed_target10_leak15_target08_leak10,0.03,static_only,0.0,0.0,29,0.9768042757158096,0.000982212873276045,0.054479204270947656,0.00953736033687314,0.9999975713105823,0.0031053549442389625,120,104.27378429984674,0.3140446073294323,1953,False,"target-1.0 seed, target 0.8 then leak 1.0","a=1,lw=1.5,r=0.04,w=0.25; a=1,lw=0.8,r=0.02,w=0.25; a=1,lw=1,r=0.015,w=0.25"
five_level_weak_anharmonic,seed_target10_leak15_target08_leak10,0.03,static_only,0.0,0.0,30,0.9695134254097906,0.0035000945204916034,0.06473096220181918,0.04776322844878369,0.9999977173820747,0.0031053549442389625,120,104.27378429984674,0.3140446073294323,1953,False,"target-1.0 seed, target 0.8 then leak 1.0","a=1,lw=1.5,r=0.04,w=0.25; a=1,lw=0.8,r=0.02,w=0.25; a=1,lw=1,r=0.015,w=0.25"
five_level_weak_anharmonic,seed_target10_leak15_target08_leak10,0.03,static_only,0.0,0.0,31,0.9368261553175171,0.006657675636367433,0.08201183982791505,0.05422083917950928,0.9999971084449911,0.0031053549442389625,120,104.27378429984674,0.3140446073294323,1953,False,"target-1.0 seed, target 0.8 then leak 1.0","a=1,lw=1.5,r=0.04,w=0.25; a=1,lw=0.8,r=0.02,w=0.25; a=1,lw=1,r=0.015,w=0.25"
five_level_weak_anharmonic,seed_target10_leak15_target08_leak10,0.03,static_only,0.0,0.0,32,0.9725274044943509,0.0031779064977760507,0.0713100228399679,0.030932376984989872,0.9999968816541293,0.0031053549442389625,120,104.27378429984674,0.3140446073294323,1953,False,"target-1.0 seed, target 0.8 then leak 1.0","a=1,lw=1.5,r=0.04,w=0.25; a=1,lw=0.8,r=0.02,w=0.25; a=1,lw=1,r=0.015,w=0.25"
five_level_weak_anharmonic,seed_target10_leak15_target08_leak10,0.03,static_only,0.0,0.0,33,0.9793855311916646,0.004019970653315608,0.06908565281811452,0.03671671683255573,0.9999977821828125,0.0031053549442389625,120,104.27378429984674,0.3140446073294323,1953,False,"target-1.0 seed, target 0.8 then leak 1.0","a=1,lw=1.5,r=0.04,w=0.25; a=1,lw=0.8,r=0.02,w=0.25; a=1,lw=1,r=0.015,w=0.25"
five_level_weak_anharmonic,seed_target10_leak15_target08_leak10,0.03,static_only,0.0,0.0,34,0.9900454789634406,0.0025721046138931225,0.07666795755779154,0.021724908714258896,0.9999974632922162,0.0031053549442389625,120,104.27378429984674,0.3140446073294323,1953,False,"target-1.0 seed, target 0.8 then leak 1.0","a=1,lw=1.5,r=0.04,w=0.25; a=1,lw=0.8,r=0.02,w=0.25; a=1,lw=1,r=0.015,w=0.25"
five_level_weak_anharmonic,seed_target10_leak15_target08_leak10,0.03,static_only,0.0,0.0,35,0.8737139501219057,0.004307966894502191,0.07711375883213645,0.07812648436413346,0.9999974443602335,0.0031053549442389625,120,104.27378429984674,0.3140446073294323,1953,False,"target-1.0 seed, target 0.8 then leak 1.0","a=1,lw=1.5,r=0.04,w=0.25; a=1,lw=0.8,r=0.02,w=0.25; a=1,lw=1,r=0.015,w=0.25"
five_level_weak_anharmonic,seed_target10_leak15_target08_leak10,0.03,static_only,0.0,0.0,36,0.991908680254643,0.00405118344496791,0.06631518896518118,0.010055310219730612,0.999997478001983,0.0031053549442389625,120,104.27378429984674,0.3140446073294323,1953,False,"target-1.0 seed, target 0.8 then leak 1.0","a=1,lw=1.5,r=0.04,w=0.25; a=1,lw=0.8,r=0.02,w=0.25; a=1,lw=1,r=0.015,w=0.25"
five_level_weak_anharmonic,seed_target10_leak15_target08_leak10,0.03,static_only,0.0,0.0,37,0.822823304746258,0.0014395909605193768,0.050270797559667124,0.15640774591026937,0.9999981445077653,0.0031053549442389625,120,104.27378429984674,0.3140446073294323,1953,False,"target-1.0 seed, target 0.8 then leak 1.0","a=1,lw=1.5,r=0.04,w=0.25; a=1,lw=0.8,r=0.02,w=0.25; a=1,lw=1,r=0.015,w=0.25"
five_level_weak_anharmonic,seed_target10_leak15_target08_leak10,0.03,static_only,0.0,0.0,38,0.943085320185524,0.003961062893300893,0.0577715783399102,0.08427393476236081,0.9999979154510164,0.0031053549442389625,120,104.27378429984674,0.3140446073294323,1953,False,"target-1.0 seed, target 0.8 then leak 1.0","a=1,lw=1.5,r=0.04,w=0.25; a=1,lw=0.8,r=0.02,w=0.25; a=1,lw=1,r=0.015,w=0.25"
five_level_weak_anharmonic,seed_target10_leak15_target08_leak10,0.03,static_only,0.0,0.0,39,0.9893869799392149,0.0024412350280871298,0.06937318649404867,0.01849841998958801,0.9999973299241187,0.0031053549442389625,120,104.27378429984674,0.3140446073294323,1953,False,"target-1.0 seed, target 0.8 then leak 1.0","a=1,lw=1.5,r=0.04,w=0.25; a=1,lw=0.8,r=0.02,w=0.25; a=1,lw=1,r=0.015,w=0.25"
five_level_weak_anharmonic,seed_target10_leak15_target08_leak10,0.03,static_only,0.0,0.0,40,0.984335226339547,0.0011935014059788474,0.06186998004784905,0.0058073106562155806,0.9999971937621378,0.0031053549442389625,120,104.27378429984674,0.3140446073294323,1953,False,"target-1.0 seed, target 0.8 then leak 1.0","a=1,lw=1.5,r=0.04,w=0.25; a=1,lw=0.8,r=0.02,w=0.25; a=1,lw=1,r=0.015,w=0.25"
five_level_weak_anharmonic,seed_target10_leak15_target08_leak10,0.03,static_only,0.0,0.0,41,0.9266998907292353,0.004831289885620205,0.06444951380483555,0.04837031067379515,0.9999971421894716,0.0031053549442389625,120,104.27378429984674,0.3140446073294323,1953,False,"target-1.0 seed, target 0.8 then leak 1.0","a=1,lw=1.5,r=0.04,w=0.25; a=1,lw=0.8,r=0.02,w=0.25; a=1,lw=1,r=0.015,w=0.25"
five_level_weak_anharmonic,seed_target10_leak15_target08_leak10,0.03,static_only,0.0,0.0,42,0.9838542224037073,0.0029398107778842997,0.06462418680661286,0.013280663505829002,0.9999973612644872,0.0031053549442389625,120,104.27378429984674,0.3140446073294323,1953,False,"target-1.0 seed, target 0.8 then leak 1.0","a=1,lw=1.5,r=0.04,w=0.25; a=1,lw=0.8,r=0.02,w=0.25; a=1,lw=1,r=0.015,w=0.25"
five_level_weak_anharmonic,seed_target10_leak15_target08_leak10,0.03,static_only,0.0,0.0,43,0.9704861395401359,0.0027787245858366116,0.05769798600076026,0.03814810009459948,0.9999975977711477,0.0031053549442389625,120,104.27378429984674,0.3140446073294323,1953,False,"target-1.0 seed, target 0.8 then leak 1.0","a=1,lw=1.5,r=0.04,w=0.25; a=1,lw=0.8,r=0.02,w=0.25; a=1,lw=1,r=0.015,w=0.25"
five_level_weak_anharmonic,seed_target10_leak15_target08_leak10,0.03,static_only,0.0,0.0,44,0.9463695780358182,0.001337156643781312,0.055972891865584296,0.06230043861374872,0.9999978324375234,0.0031053549442389625,120,104.27378429984674,0.3140446073294323,1953,False,"target-1.0 seed, target 0.8 then leak 1.0","a=1,lw=1.5,r=0.04,w=0.25; a=1,lw=0.8,r=0.02,w=0.25; a=1,lw=1,r=0.015,w=0.25"
five_level_weak_anharmonic,seed_target10_leak15_target08_leak10,0.03,static_only,0.0,0.0,45,0.9964728050823497,0.0017812696967912656,0.07362992301250171,0.011383040081012763,0.9999975937138899,0.0031053549442389625,120,104.27378429984674,0.3140446073294323,1953,False,"target-1.0 seed, target 0.8 then leak 1.0","a=1,lw=1.5,r=0.04,w=0.25; a=1,lw=0.8,r=0.02,w=0.25; a=1,lw=1,r=0.015,w=0.25"
five_level_weak_anharmonic,seed_target10_leak15_target08_leak10,0.03,static_only,0.0,0.0,46,0.9846530317615899,0.004510808323310633,0.06065642516679537,0.014044242675704517,0.9999971303199934,0.0031053549442389625,120,104.27378429984674,0.3140446073294323,1953,False,"target-1.0 seed, target 0.8 then leak 1.0","a=1,lw=1.5,r=0.04,w=0.25; a=1,lw=0.8,r=0.02,w=0.25; a=1,lw=1,r=0.015,w=0.25"
five_level_weak_anharmonic,seed_target10_leak15_target08_leak10,0.03,static_only,0.0,0.0,47,0.9579335221174149,0.00656160893131108,0.054647615891365686,0.020606073417295444,0.9999973837363352,0.0031053549442389625,120,104.27378429984674,0.3140446073294323,1953,False,"target-1.0 seed, target 0.8 then leak 1.0","a=1,lw=1.5,r=0.04,w=0.25; a=1,lw=0.8,r=0.02,w=0.25; a=1,lw=1,r=0.015,w=0.25"
five_level_weak_anharmonic,seed_target10_leak15_target08_leak10,0.03,static_only,0.0,0.0,48,0.9328041154648262,0.003486929349085899,0.06528066923377751,0.07420447144919326,0.9999965220246834,0.0031053549442389625,120,104.27378429984674,0.3140446073294323,1953,False,"target-1.0 seed, target 0.8 then leak 1.0","a=1,lw=1.5,r=0.04,w=0.25; a=1,lw=0.8,r=0.02,w=0.25; a=1,lw=1,r=0.015,w=0.25"
five_level_weak_anharmonic,seed_target10_leak15_target08_leak10,0.03,static_only,0.0,0.0,49,0.9738660341732742,0.004212628216912151,0.06687103742910083,0.01218373476111764,0.9999974461193571,0.0031053549442389625,120,104.27378429984674,0.3140446073294323,1953,False,"target-1.0 seed, target 0.8 then leak 1.0","a=1,lw=1.5,r=0.04,w=0.25; a=1,lw=0.8,r=0.02,w=0.25; a=1,lw=1,r=0.015,w=0.25"
five_level_weak_anharmonic,seed_target10_leak15_target08_leak10,0.03,static_only,0.0,0.0,50,0.9660763538384104,0.002989493830469203,0.06931636884341164,0.04153495344755264,0.9999979120006968,0.0031053549442389625,120,104.27378429984674,0.3140446073294323,1953,False,"target-1.0 seed, target 0.8 then leak 1.0","a=1,lw=1.5,r=0.04,w=0.25; a=1,lw=0.8,r=0.02,w=0.25; a=1,lw=1,r=0.015,w=0.25"
five_level_weak_anharmonic,seed_target10_leak15_target08_leak10,0.03,static_only,0.0,0.0,51,0.9487842443861978,0.0034128368107815277,0.06581397831027158,0.026924682261994726,0.9999972677829345,0.0031053549442389625,120,104.27378429984674,0.3140446073294323,1953,False,"target-1.0 seed, target 0.8 then leak 1.0","a=1,lw=1.5,r=0.04,w=0.25; a=1,lw=0.8,r=0.02,w=0.25; a=1,lw=1,r=0.015,w=0.25"
five_level_weak_anharmonic,seed_target10_leak15_target08_leak10,0.03,static_only,0.0,0.0,52,0.9457334014475368,0.002211315797968738,0.06911648312967678,0.03644131559094652,0.9999971167020084,0.0031053549442389625,120,104.27378429984674,0.3140446073294323,1953,False,"target-1.0 seed, target 0.8 then leak 1.0","a=1,lw=1.5,r=0.04,w=0.25; a=1,lw=0.8,r=0.02,w=0.25; a=1,lw=1,r=0.015,w=0.25"
five_level_weak_anharmonic,seed_target10_leak15_target08_leak10,0.03,static_only,0.0,0.0,53,0.918956727873125,0.0020673153964771984,0.07138115471091555,0.09739244261395584,0.9999972444716538,0.0031053549442389625,120,104.27378429984674,0.3140446073294323,1953,False,"target-1.0 seed, target 0.8 then leak 1.0","a=1,lw=1.5,r=0.04,w=0.25; a=1,lw=0.8,r=0.02,w=0.25; a=1,lw=1,r=0.015,w=0.25"
five_level_weak_anharmonic,seed_target10_leak15_target08_leak10,0.03,static_only,0.0,0.0,54,0.955281723822034,0.001592820901788694,0.06740391948665658,0.05850336377546825,0.999997379697722,0.0031053549442389625,120,104.27378429984674,0.3140446073294323,1953,False,"target-1.0 seed, target 0.8 then leak 1.0","a=1,lw=1.5,r=0.04,w=0.25; a=1,lw=0.8,r=0.02,w=0.25; a=1,lw=1,r=0.015,w=0.25"
five_level_weak_anharmonic,seed_target10_leak15_target08_leak10,0.03,static_only,0.0,0.0,55,0.9246764345768883,0.004158737966611481,0.07194340159104562,0.08113238855227252,0.9999976715086821,0.0031053549442389625,120,104.27378429984674,0.3140446073294323,1953,False,"target-1.0 seed, target 0.8 then leak 1.0","a=1,lw=1.5,r=0.04,w=0.25; a=1,lw=0.8,r=0.02,w=0.25; a=1,lw=1,r=0.015,w=0.25"
five_level_weak_anharmonic,seed_target10_leak15_target08_leak10,0.03,static_only,0.0,0.0,56,0.9734433592450698,0.0018091131693900309,0.0703194835799722,0.03894713646397864,0.9999971431246142,0.0031053549442389625,120,104.27378429984674,0.3140446073294323,1953,False,"target-1.0 seed, target 0.8 then leak 1.0","a=1,lw=1.5,r=0.04,w=0.25; a=1,lw=0.8,r=0.02,w=0.25; a=1,lw=1,r=0.015,w=0.25"
five_level_weak_anharmonic,seed_target10_leak15_target08_leak10,0.03,static_only,0.0,0.0,57,0.875312464866019,0.006550882324804719,0.08155267220535145,0.09228873864814979,0.9999976791192597,0.0031053549442389625,120,104.27378429984674,0.3140446073294323,1953,False,"target-1.0 seed, target 0.8 then leak 1.0","a=1,lw=1.5,r=0.04,w=0.25; a=1,lw=0.8,r=0.02,w=0.25; a=1,lw=1,r=0.015,w=0.25"
five_level_weak_anharmonic,seed_target10_leak15_target08_leak10,0.03,static_only,0.0,0.0,58,0.9942791352111052,0.004443340044275601,0.051550735393250724,0.006247032281381415,0.9999975747541578,0.0031053549442389625,120,104.27378429984674,0.3140446073294323,1953,False,"target-1.0 seed, target 0.8 then leak 1.0","a=1,lw=1.5,r=0.04,w=0.25; a=1,lw=0.8,r=0.02,w=0.25; a=1,lw=1,r=0.015,w=0.25"
five_level_weak_anharmonic,seed_target10_leak15_target08_leak10,0.03,static_only,0.0,0.0,59,0.963962809685386,0.005287467445416083,0.07914875707165658,0.0375445384609476,0.999996713787246,0.0031053549442389625,120,104.27378429984674,0.3140446073294323,1953,False,"target-1.0 seed, target 0.8 then leak 1.0","a=1,lw=1.5,r=0.04,w=0.25; a=1,lw=0.8,r=0.02,w=0.25; a=1,lw=1,r=0.015,w=0.25"
five_level_weak_anharmonic,seed_target10_leak15_target08_leak10,0.03,deph_0.001,0.001,0.0,10,0.8946188153292819,0.0033085906891425765,0.06460015665347307,0.056797250403669036,0.9868702894857732,0.0031053549442389625,120,104.27378429984674,0.3140446073294323,1953,False,"target-1.0 seed, target 0.8 then leak 1.0","a=1,lw=1.5,r=0.04,w=0.25; a=1,lw=0.8,r=0.02,w=0.25; a=1,lw=1,r=0.015,w=0.25"
five_level_weak_anharmonic,seed_target10_leak15_target08_leak10,0.03,deph_0.001,0.001,0.0,11,0.9355848330786903,0.005921000604028115,0.07324600412116011,0.062148812350602115,0.9880414675767949,0.0031053549442389625,120,104.27378429984674,0.3140446073294323,1953,False,"target-1.0 seed, target 0.8 then leak 1.0","a=1,lw=1.5,r=0.04,w=0.25; a=1,lw=0.8,r=0.02,w=0.25; a=1,lw=1,r=0.015,w=0.25"
five_level_weak_anharmonic,seed_target10_leak15_target08_leak10,0.03,deph_0.001,0.001,0.0,12,0.9240225902233397,0.0018270471877022132,0.05813991870477753,0.06462857234899501,0.9881134431616847,0.0031053549442389625,120,104.27378429984674,0.3140446073294323,1953,False,"target-1.0 seed, target 0.8 then leak 1.0","a=1,lw=1.5,r=0.04,w=0.25; a=1,lw=0.8,r=0.02,w=0.25; a=1,lw=1,r=0.015,w=0.25"
five_level_weak_anharmonic,seed_target10_leak15_target08_leak10,0.03,deph_0.001,0.001,0.0,13,0.8037011233547504,0.002983521283732027,0.06676012065857284,0.21034872174760413,0.975465597301179,0.0031053549442389625,120,104.27378429984674,0.3140446073294323,1953,False,"target-1.0 seed, target 0.8 then leak 1.0","a=1,lw=1.5,r=0.04,w=0.25; a=1,lw=0.8,r=0.02,w=0.25; a=1,lw=1,r=0.015,w=0.25"
five_level_weak_anharmonic,seed_target10_leak15_target08_leak10,0.03,deph_0.001,0.001,0.0,14,0.8766565610884911,0.0037739783827018814,0.06830759207100523,0.1323491529619057,0.9802101413227862,0.0031053549442389625,120,104.27378429984674,0.3140446073294323,1953,False,"target-1.0 seed, target 0.8 then leak 1.0","a=1,lw=1.5,r=0.04,w=0.25; a=1,lw=0.8,r=0.02,w=0.25; a=1,lw=1,r=0.015,w=0.25"
five_level_weak_anharmonic,seed_target10_leak15_target08_leak10,0.03,deph_0.001,0.001,0.0,15,0.9833543355269134,0.0030480719826654346,0.07294707039791959,0.014698705033863533,0.9861992373707327,0.0031053549442389625,120,104.27378429984674,0.3140446073294323,1953,False,"target-1.0 seed, target 0.8 then leak 1.0","a=1,lw=1.5,r=0.04,w=0.25; a=1,lw=0.8,r=0.02,w=0.25; a=1,lw=1,r=0.015,w=0.25"
five_level_weak_anharmonic,seed_target10_leak15_target08_leak10,0.03,deph_0.001,0.001,0.0,16,0.9709648565358436,0.0042969229461025105,0.07908196620314167,0.022954574377600914,0.9883507904118647,0.0031053549442389625,120,104.27378429984674,0.3140446073294323,1953,False,"target-1.0 seed, target 0.8 then leak 1.0","a=1,lw=1.5,r=0.04,w=0.25; a=1,lw=0.8,r=0.02,w=0.25; a=1,lw=1,r=0.015,w=0.25"
five_level_weak_anharmonic,seed_target10_leak15_target08_leak10,0.03,deph_0.001,0.001,0.0,17,0.9016613033893549,0.003277884133824127,0.05679594257841569,0.07779466398150812,0.9820419583411566,0.0031053549442389625,120,104.27378429984674,0.3140446073294323,1953,False,"target-1.0 seed, target 0.8 then leak 1.0","a=1,lw=1.5,r=0.04,w=0.25; a=1,lw=0.8,r=0.02,w=0.25; a=1,lw=1,r=0.015,w=0.25"
five_level_weak_anharmonic,seed_target10_leak15_target08_leak10,0.03,deph_0.001,0.001,0.0,18,0.972676866729828,0.0034395406623448643,0.06572248931926472,0.024838256234372812,0.9847342653905586,0.0031053549442389625,120,104.27378429984674,0.3140446073294323,1953,False,"target-1.0 seed, target 0.8 then leak 1.0","a=1,lw=1.5,r=0.04,w=0.25; a=1,lw=0.8,r=0.02,w=0.25; a=1,lw=1,r=0.015,w=0.25"
five_level_weak_anharmonic,seed_target10_leak15_target08_leak10,0.03,deph_0.001,0.001,0.0,19,0.9294346878859479,0.004686073332969443,0.06441810415847016,0.05733311518213768,0.9886205305565643,0.0031053549442389625,120,104.27378429984674,0.3140446073294323,1953,False,"target-1.0 seed, target 0.8 then leak 1.0","a=1,lw=1.5,r=0.04,w=0.25; a=1,lw=0.8,r=0.02,w=0.25; a=1,lw=1,r=0.015,w=0.25"
five_level_weak_anharmonic,seed_target10_leak15_target08_leak10,0.03,deph_0.001,0.001,0.0,20,0.8799638401390757,0.005272668326624541,0.06567236648245667,0.08214552334085598,0.9860670568823898,0.0031053549442389625,120,104.27378429984674,0.3140446073294323,1953,False,"target-1.0 seed, target 0.8 then leak 1.0","a=1,lw=1.5,r=0.04,w=0.25; a=1,lw=0.8,r=0.02,w=0.25; a=1,lw=1,r=0.015,w=0.25"
five_level_weak_anharmonic,seed_target10_leak15_target08_leak10,0.03,deph_0.001,0.001,0.0,21,0.9556633028156238,0.006849371933467019,0.057712732430077684,0.024855744998356723,0.9887621805901047,0.0031053549442389625,120,104.27378429984674,0.3140446073294323,1953,False,"target-1.0 seed, target 0.8 then leak 1.0","a=1,lw=1.5,r=0.04,w=0.25; a=1,lw=0.8,r=0.02,w=0.25; a=1,lw=1,r=0.015,w=0.25"
five_level_weak_anharmonic,seed_target10_leak15_target08_leak10,0.03,deph_0.001,0.001,0.0,22,0.9422309641078227,0.004710127990144253,0.07223772732354505,0.04267058762009251,0.9884164567543967,0.0031053549442389625,120,104.27378429984674,0.3140446073294323,1953,False,"target-1.0 seed, target 0.8 then leak 1.0","a=1,lw=1.5,r=0.04,w=0.25; a=1,lw=0.8,r=0.02,w=0.25; a=1,lw=1,r=0.015,w=0.25"
five_level_weak_anharmonic,seed_target10_leak15_target08_leak10,0.03,deph_0.001,0.001,0.0,23,0.9853274214740536,0.00374743350287865,0.0601000859290326,0.01609863769563331,0.9876174909998092,0.0031053549442389625,120,104.27378429984674,0.3140446073294323,1953,False,"target-1.0 seed, target 0.8 then leak 1.0","a=1,lw=1.5,r=0.04,w=0.25; a=1,lw=0.8,r=0.02,w=0.25; a=1,lw=1,r=0.015,w=0.25"
five_level_weak_anharmonic,seed_target10_leak15_target08_leak10,0.03,deph_0.001,0.001,0.0,24,0.9626210886753134,0.0039440335850084995,0.06078292387433626,0.049272847279146464,0.9838778603598319,0.0031053549442389625,120,104.27378429984674,0.3140446073294323,1953,False,"target-1.0 seed, target 0.8 then leak 1.0","a=1,lw=1.5,r=0.04,w=0.25; a=1,lw=0.8,r=0.02,w=0.25; a=1,lw=1,r=0.015,w=0.25"
five_level_weak_anharmonic,seed_target10_leak15_target08_leak10,0.03,deph_0.001,0.001,0.0,25,0.957741676770843,0.005075674219986115,0.06714798569268587,0.054392827508029616,0.9840293144423576,0.0031053549442389625,120,104.27378429984674,0.3140446073294323,1953,False,"target-1.0 seed, target 0.8 then leak 1.0","a=1,lw=1.5,r=0.04,w=0.25; a=1,lw=0.8,r=0.02,w=0.25; a=1,lw=1,r=0.015,w=0.25"
five_level_weak_anharmonic,seed_target10_leak15_target08_leak10,0.03,deph_0.001,0.001,0.0,26,0.9906336920786342,0.0023555903417253887,0.07016160382937053,0.011801431963918665,0.9860045518625498,0.0031053549442389625,120,104.27378429984674,0.3140446073294323,1953,False,"target-1.0 seed, target 0.8 then leak 1.0","a=1,lw=1.5,r=0.04,w=0.25; a=1,lw=0.8,r=0.02,w=0.25; a=1,lw=1,r=0.015,w=0.25"
five_level_weak_anharmonic,seed_target10_leak15_target08_leak10,0.03,deph_0.001,0.001,0.0,27,0.9505122399937912,0.0025050220730322703,0.057221117882401806,0.06052767905127514,0.9823529040979847,0.0031053549442389625,120,104.27378429984674,0.3140446073294323,1953,False,"target-1.0 seed, target 0.8 then leak 1.0","a=1,lw=1.5,r=0.04,w=0.25; a=1,lw=0.8,r=0.02,w=0.25; a=1,lw=1,r=0.015,w=0.25"
five_level_weak_anharmonic,seed_target10_leak15_target08_leak10,0.03,deph_0.001,0.001,0.0,28,0.9354991851982878,0.005016957438335745,0.07337231118294829,0.042169375736704116,0.9880949030557491,0.0031053549442389625,120,104.27378429984674,0.3140446073294323,1953,False,"target-1.0 seed, target 0.8 then leak 1.0","a=1,lw=1.5,r=0.04,w=0.25; a=1,lw=0.8,r=0.02,w=0.25; a=1,lw=1,r=0.015,w=0.25"
five_level_weak_anharmonic,seed_target10_leak15_target08_leak10,0.03,deph_0.001,0.001,0.0,29,0.9709052887273361,0.0017002360263917993,0.054960795983625355,0.01554505985091542,0.9876715144989373,0.0031053549442389625,120,104.27378429984674,0.3140446073294323,1953,False,"target-1.0 seed, target 0.8 then leak 1.0","a=1,lw=1.5,r=0.04,w=0.25; a=1,lw=0.8,r=0.02,w=0.25; a=1,lw=1,r=0.015,w=0.25"
five_level_weak_anharmonic,seed_target10_leak15_target08_leak10,0.03,deph_0.001,0.001,0.0,30,0.9628340041410739,0.004276433271290014,0.0646415698041779,0.0536494868920411,0.9822932302130971,0.0031053549442389625,120,104.27378429984674,0.3140446073294323,1953,False,"target-1.0 seed, target 0.8 then leak 1.0","a=1,lw=1.5,r=0.04,w=0.25; a=1,lw=0.8,r=0.02,w=0.25; a=1,lw=1,r=0.015,w=0.25"
five_level_weak_anharmonic,seed_target10_leak15_target08_leak10,0.03,deph_0.001,0.001,0.0,31,0.9314678414052489,0.00758161940957669,0.08262840758332657,0.059642955854465045,0.9872678359192645,0.0031053549442389625,120,104.27378429984674,0.3140446073294323,1953,False,"target-1.0 seed, target 0.8 then leak 1.0","a=1,lw=1.5,r=0.04,w=0.25; a=1,lw=0.8,r=0.02,w=0.25; a=1,lw=1,r=0.015,w=0.25"
five_level_weak_anharmonic,seed_target10_leak15_target08_leak10,0.03,deph_0.001,0.001,0.0,32,0.9668297790835598,0.004205129968707588,0.0712174446642706,0.036363986901952326,0.9882056982551061,0.0031053549442389625,120,104.27378429984674,0.3140446073294323,1953,False,"target-1.0 seed, target 0.8 then leak 1.0","a=1,lw=1.5,r=0.04,w=0.25; a=1,lw=0.8,r=0.02,w=0.25; a=1,lw=1,r=0.015,w=0.25"
five_level_weak_anharmonic,seed_target10_leak15_target08_leak10,0.03,deph_0.001,0.001,0.0,33,0.972171068336763,0.00482760576700092,0.06897611589155628,0.043166660279190576,0.9821654802025966,0.0031053549442389625,120,104.27378429984674,0.3140446073294323,1953,False,"target-1.0 seed, target 0.8 then leak 1.0","a=1,lw=1.5,r=0.04,w=0.25; a=1,lw=0.8,r=0.02,w=0.25; a=1,lw=1,r=0.015,w=0.25"
five_level_weak_anharmonic,seed_target10_leak15_target08_leak10,0.03,deph_0.001,0.001,0.0,34,0.9829574472973025,0.0036382258489071617,0.07724894747942201,0.028359931945305582,0.9843038895262386,0.0031053549442389625,120,104.27378429984674,0.3140446073294323,1953,False,"target-1.0 seed, target 0.8 then leak 1.0","a=1,lw=1.5,r=0.04,w=0.25; a=1,lw=0.8,r=0.02,w=0.25; a=1,lw=1,r=0.015,w=0.25"
five_level_weak_anharmonic,seed_target10_leak15_target08_leak10,0.03,deph_0.001,0.001,0.0,35,0.8702490413482189,0.005416872153879981,0.07766912604896214,0.08276369306107563,0.9843939623145628,0.0031053549442389625,120,104.27378429984674,0.3140446073294323,1953,False,"target-1.0 seed, target 0.8 then leak 1.0","a=1,lw=1.5,r=0.04,w=0.25; a=1,lw=0.8,r=0.02,w=0.25; a=1,lw=1,r=0.015,w=0.25"
five_level_weak_anharmonic,seed_target10_leak15_target08_leak10,0.03,deph_0.001,0.001,0.0,36,0.9861989910897407,0.004819985917541403,0.06681668960437315,0.015729489308184175,0.9882995327204881,0.0031053549442389625,120,104.27378429984674,0.3140446073294323,1953,False,"target-1.0 seed, target 0.8 then leak 1.0","a=1,lw=1.5,r=0.04,w=0.25; a=1,lw=0.8,r=0.02,w=0.25; a=1,lw=1,r=0.015,w=0.25"
five_level_weak_anharmonic,seed_target10_leak15_target08_leak10,0.03,deph_0.001,0.001,0.0,37,0.8185227691677994,0.0021603231243318977,0.05021996282611463,0.1609165525627879,0.9776796845970064,0.0031053549442389625,120,104.27378429984674,0.3140446073294323,1953,False,"target-1.0 seed, target 0.8 then leak 1.0","a=1,lw=1.5,r=0.04,w=0.25; a=1,lw=0.8,r=0.02,w=0.25; a=1,lw=1,r=0.015,w=0.25"
five_level_weak_anharmonic,seed_target10_leak15_target08_leak10,0.03,deph_0.001,0.001,0.0,38,0.9364720973571552,0.004597335390317814,0.05769608636544832,0.08977759162696226,0.980534034340014,0.0031053549442389625,120,104.27378429984674,0.3140446073294323,1953,False,"target-1.0 seed, target 0.8 then leak 1.0","a=1,lw=1.5,r=0.04,w=0.25; a=1,lw=0.8,r=0.02,w=0.25; a=1,lw=1,r=0.015,w=0.25"
five_level_weak_anharmonic,seed_target10_leak15_target08_leak10,0.03,deph_0.001,0.001,0.0,39,0.9832334954204649,0.0034720556750716947,0.06985773372106485,0.024374188295622812,0.9864726126542637,0.0031053549442389625,120,104.27378429984674,0.3140446073294323,1953,False,"target-1.0 seed, target 0.8 then leak 1.0","a=1,lw=1.5,r=0.04,w=0.25; a=1,lw=0.8,r=0.02,w=0.25; a=1,lw=1,r=0.015,w=0.25"
five_level_weak_anharmonic,seed_target10_leak15_target08_leak10,0.03,deph_0.001,0.001,0.0,40,0.9786068394998838,0.0021340986007855056,0.06179999025312255,0.011653874591717654,0.9880026784821646,0.0031053549442389625,120,104.27378429984674,0.3140446073294323,1953,False,"target-1.0 seed, target 0.8 then leak 1.0","a=1,lw=1.5,r=0.04,w=0.25; a=1,lw=0.8,r=0.02,w=0.25; a=1,lw=1,r=0.015,w=0.25"
five_level_weak_anharmonic,seed_target10_leak15_target08_leak10,0.03,deph_0.001,0.001,0.0,41,0.9226457265846209,0.005880990481076154,0.06436919486406589,0.052937840282514775,0.9878116427959482,0.0031053549442389625,120,104.27378429984674,0.3140446073294323,1953,False,"target-1.0 seed, target 0.8 then leak 1.0","a=1,lw=1.5,r=0.04,w=0.25; a=1,lw=0.8,r=0.02,w=0.25; a=1,lw=1,r=0.015,w=0.25"
five_level_weak_anharmonic,seed_target10_leak15_target08_leak10,0.03,deph_0.001,0.001,0.0,42,0.9767905651727512,0.003892761913123377,0.06518178578449496,0.02000180047958606,0.9863274020461504,0.0031053549442389625,120,104.27378429984674,0.3140446073294323,1953,False,"target-1.0 seed, target 0.8 then leak 1.0","a=1,lw=1.5,r=0.04,w=0.25; a=1,lw=0.8,r=0.02,w=0.25; a=1,lw=1,r=0.015,w=0.25"
five_level_weak_anharmonic,seed_target10_leak15_target08_leak10,0.03,deph_0.001,0.001,0.0,43,0.9649412759152941,0.0034893742142629858,0.057616908711040415,0.043408790717410974,0.9856273833410489,0.0031053549442389625,120,104.27378429984674,0.3140446073294323,1953,False,"target-1.0 seed, target 0.8 then leak 1.0","a=1,lw=1.5,r=0.04,w=0.25; a=1,lw=0.8,r=0.02,w=0.25; a=1,lw=1,r=0.015,w=0.25"
five_level_weak_anharmonic,seed_target10_leak15_target08_leak10,0.03,deph_0.001,0.001,0.0,44,0.9392994831203955,0.001932693556466747,0.05590056707461177,0.06857631551485366,0.9819731653300869,0.0031053549442389625,120,104.27378429984674,0.3140446073294323,1953,False,"target-1.0 seed, target 0.8 then leak 1.0","a=1,lw=1.5,r=0.04,w=0.25; a=1,lw=0.8,r=0.02,w=0.25; a=1,lw=1,r=0.015,w=0.25"
five_level_weak_anharmonic,seed_target10_leak15_target08_leak10,0.03,deph_0.001,0.001,0.0,45,0.9892276435403069,0.0028800683898966284,0.0742432997770166,0.018160617467906325,0.9852370778771525,0.0031053549442389625,120,104.27378429984674,0.3140446073294323,1953,False,"target-1.0 seed, target 0.8 then leak 1.0","a=1,lw=1.5,r=0.04,w=0.25; a=1,lw=0.8,r=0.02,w=0.25; a=1,lw=1,r=0.015,w=0.25"
five_level_weak_anharmonic,seed_target10_leak15_target08_leak10,0.03,deph_0.001,0.001,0.0,46,0.979896479710466,0.005309616667529937,0.060569961764700087,0.01885134219482469,0.9901472212745485,0.0031053549442389625,120,104.27378429984674,0.3140446073294323,1953,False,"target-1.0 seed, target 0.8 then leak 1.0","a=1,lw=1.5,r=0.04,w=0.25; a=1,lw=0.8,r=0.02,w=0.25; a=1,lw=1,r=0.015,w=0.25"
five_level_weak_anharmonic,seed_target10_leak15_target08_leak10,0.03,deph_0.001,0.001,0.0,47,0.9535316538579258,0.007257164744009836,0.05516516747086031,0.025605702891997706,0.9881601375681148,0.0031053549442389625,120,104.27378429984674,0.3140446073294323,1953,False,"target-1.0 seed, target 0.8 then leak 1.0","a=1,lw=1.5,r=0.04,w=0.25; a=1,lw=0.8,r=0.02,w=0.25; a=1,lw=1,r=0.015,w=0.25"
five_level_weak_anharmonic,seed_target10_leak15_target08_leak10,0.03,deph_0.001,0.001,0.0,48,0.9285797357967583,0.004435204038876983,0.0658604336744314,0.07825545393680644,0.9886611542495385,0.0031053549442389625,120,104.27378429984674,0.3140446073294323,1953,False,"target-1.0 seed, target 0.8 then leak 1.0","a=1,lw=1.5,r=0.04,w=0.25; a=1,lw=0.8,r=0.02,w=0.25; a=1,lw=1,r=0.015,w=0.25"
five_level_weak_anharmonic,seed_target10_leak15_target08_leak10,0.03,deph_0.001,0.001,0.0,49,0.9686623869401955,0.005232290122463179,0.06744874701417791,0.01770675121557383,0.9869455424203752,0.0031053549442389625,120,104.27378429984674,0.3140446073294323,1953,False,"target-1.0 seed, target 0.8 then leak 1.0","a=1,lw=1.5,r=0.04,w=0.25; a=1,lw=0.8,r=0.02,w=0.25; a=1,lw=1,r=0.015,w=0.25"
five_level_weak_anharmonic,seed_target10_leak15_target08_leak10,0.03,deph_0.001,0.001,0.0,50,0.9599719822237912,0.003821620512050039,0.06986845834897237,0.047360107793497336,0.9827953918754189,0.0031053549442389625,120,104.27378429984674,0.3140446073294323,1953,False,"target-1.0 seed, target 0.8 then leak 1.0","a=1,lw=1.5,r=0.04,w=0.25; a=1,lw=0.8,r=0.02,w=0.25; a=1,lw=1,r=0.015,w=0.25"
five_level_weak_anharmonic,seed_target10_leak15_target08_leak10,0.03,deph_0.001,0.001,0.0,51,0.9435789209329754,0.0046068434258522695,0.06638737573085818,0.03258944008969426,0.9860283672059093,0.0031053549442389625,120,104.27378429984674,0.3140446073294323,1953,False,"target-1.0 seed, target 0.8 then leak 1.0","a=1,lw=1.5,r=0.04,w=0.25; a=1,lw=0.8,r=0.02,w=0.25; a=1,lw=1,r=0.015,w=0.25"
five_level_weak_anharmonic,seed_target10_leak15_target08_leak10,0.03,deph_0.001,0.001,0.0,52,0.9413438360214349,0.0033075615937134817,0.06902555728380633,0.04116024000739879,0.9884124230186833,0.0031053549442389625,120,104.27378429984674,0.3140446073294323,1953,False,"target-1.0 seed, target 0.8 then leak 1.0","a=1,lw=1.5,r=0.04,w=0.25; a=1,lw=0.8,r=0.02,w=0.25; a=1,lw=1,r=0.015,w=0.25"
five_level_weak_anharmonic,seed_target10_leak15_target08_leak10,0.03,deph_0.001,0.001,0.0,53,0.9137301524477222,0.0029676179125516233,0.07126389943915812,0.10205044213678452,0.9817820929520094,0.0031053549442389625,120,104.27378429984674,0.3140446073294323,1953,False,"target-1.0 seed, target 0.8 then leak 1.0","a=1,lw=1.5,r=0.04,w=0.25; a=1,lw=0.8,r=0.02,w=0.25; a=1,lw=1,r=0.015,w=0.25"
five_level_weak_anharmonic,seed_target10_leak15_target08_leak10,0.03,deph_0.001,0.001,0.0,54,0.9494638884911808,0.0024568268736236965,0.06797500094215914,0.06394241504720678,0.9841239701713471,0.0031053549442389625,120,104.27378429984674,0.3140446073294323,1953,False,"target-1.0 seed, target 0.8 then leak 1.0","a=1,lw=1.5,r=0.04,w=0.25; a=1,lw=0.8,r=0.02,w=0.25; a=1,lw=1,r=0.015,w=0.25"
five_level_weak_anharmonic,seed_target10_leak15_target08_leak10,0.03,deph_0.001,0.001,0.0,55,0.9179684013092136,0.004993772017297227,0.07252491391087923,0.08722638260627841,0.9806867999006449,0.0031053549442389625,120,104.27378429984674,0.3140446073294323,1953,False,"target-1.0 seed, target 0.8 then leak 1.0","a=1,lw=1.5,r=0.04,w=0.25; a=1,lw=0.8,r=0.02,w=0.25; a=1,lw=1,r=0.015,w=0.25"
five_level_weak_anharmonic,seed_target10_leak15_target08_leak10,0.03,deph_0.001,0.001,0.0,56,0.9678036393122008,0.0026627131138392546,0.07020496712523472,0.044244669406797305,0.9866985438524144,0.0031053549442389625,120,104.27378429984674,0.3140446073294323,1953,False,"target-1.0 seed, target 0.8 then leak 1.0","a=1,lw=1.5,r=0.04,w=0.25; a=1,lw=0.8,r=0.02,w=0.25; a=1,lw=1,r=0.015,w=0.25"
five_level_weak_anharmonic,seed_target10_leak15_target08_leak10,0.03,deph_0.001,0.001,0.0,57,0.8709509771903685,0.007738893411131098,0.08211543179245617,0.09740332860702879,0.9799833233670905,0.0031053549442389625,120,104.27378429984674,0.3140446073294323,1953,False,"target-1.0 seed, target 0.8 then leak 1.0","a=1,lw=1.5,r=0.04,w=0.25; a=1,lw=0.8,r=0.02,w=0.25; a=1,lw=1,r=0.015,w=0.25"
five_level_weak_anharmonic,seed_target10_leak15_target08_leak10,0.03,deph_0.001,0.001,0.0,58,0.9886585830185254,0.0050605504312315475,0.052017367785200164,0.011814079784958978,0.9879966294753526,0.0031053549442389625,120,104.27378429984674,0.3140446073294323,1953,False,"target-1.0 seed, target 0.8 then leak 1.0","a=1,lw=1.5,r=0.04,w=0.25; a=1,lw=0.8,r=0.02,w=0.25; a=1,lw=1,r=0.015,w=0.25"
five_level_weak_anharmonic,seed_target10_leak15_target08_leak10,0.03,deph_0.001,0.001,0.0,59,0.9593767585326238,0.006329904055586977,0.07972286597531064,0.04219034597601425,0.9888201991888947,0.0031053549442389625,120,104.27378429984674,0.3140446073294323,1953,False,"target-1.0 seed, target 0.8 then leak 1.0","a=1,lw=1.5,r=0.04,w=0.25; a=1,lw=0.8,r=0.02,w=0.25; a=1,lw=1,r=0.015,w=0.25"
five_level_weak_anharmonic,seed_target10_leak15_target08_leak10,0.03,relax_0.0005,0.0,0.0005,10,0.8840038283434734,0.0023013681288454046,0.06448324944196604,0.06582612361581422,0.9603940050355246,0.0031053549442389625,120,104.27378429984674,0.3140446073294323,1953,False,"target-1.0 seed, target 0.8 then leak 1.0","a=1,lw=1.5,r=0.04,w=0.25; a=1,lw=0.8,r=0.02,w=0.25; a=1,lw=1,r=0.015,w=0.25"
five_level_weak_anharmonic,seed_target10_leak15_target08_leak10,0.03,relax_0.0005,0.0,0.0005,11,0.9223590370625385,0.004806372146618165,0.07247485024767397,0.07270168850694347,0.9584518432800465,0.0031053549442389625,120,104.27378429984674,0.3140446073294323,1953,False,"target-1.0 seed, target 0.8 then leak 1.0","a=1,lw=1.5,r=0.04,w=0.25; a=1,lw=0.8,r=0.02,w=0.25; a=1,lw=1,r=0.015,w=0.25"
five_level_weak_anharmonic,seed_target10_leak15_target08_leak10,0.03,relax_0.0005,0.0,0.0005,12,0.9057104547653425,0.0009736841756534664,0.05804311116674776,0.07964772519742482,0.9583195864157431,0.0031053549442389625,120,104.27378429984674,0.3140446073294323,1953,False,"target-1.0 seed, target 0.8 then leak 1.0","a=1,lw=1.5,r=0.04,w=0.25; a=1,lw=0.8,r=0.02,w=0.25; a=1,lw=1,r=0.015,w=0.25"
five_level_weak_anharmonic,seed_target10_leak15_target08_leak10,0.03,relax_0.0005,0.0,0.0005,13,0.7941902827198407,0.0022101621126966453,0.06665508924930008,0.21885015835658428,0.9756761696625564,0.0031053549442389625,120,104.27378429984674,0.3140446073294323,1953,False,"target-1.0 seed, target 0.8 then leak 1.0","a=1,lw=1.5,r=0.04,w=0.25; a=1,lw=0.8,r=0.02,w=0.25; a=1,lw=1,r=0.015,w=0.25"
five_level_weak_anharmonic,seed_target10_leak15_target08_leak10,0.03,relax_0.0005,0.0,0.0005,14,0.8673576886584432,0.0030217518874897653,0.06820316844950924,0.1405272894315677,0.9689937346858861,0.0031053549442389625,120,104.27378429984674,0.3140446073294323,1953,False,"target-1.0 seed, target 0.8 then leak 1.0","a=1,lw=1.5,r=0.04,w=0.25; a=1,lw=0.8,r=0.02,w=0.25; a=1,lw=1,r=0.015,w=0.25"
five_level_weak_anharmonic,seed_target10_leak15_target08_leak10,0.03,relax_0.0005,0.0,0.0005,15,0.9681260461205737,0.001962306236641731,0.07284329942921608,0.02684786238337855,0.960548268791078,0.0031053549442389625,120,104.27378429984674,0.3140446073294323,1953,False,"target-1.0 seed, target 0.8 then leak 1.0","a=1,lw=1.5,r=0.04,w=0.25; a=1,lw=0.8,r=0.02,w=0.25; a=1,lw=1,r=0.015,w=0.25"
five_level_weak_anharmonic,seed_target10_leak15_target08_leak10,0.03,relax_0.0005,0.0,0.0005,16,0.9562162331276113,0.0031074921481090145,0.07827383049996506,0.03469476131387906,0.9577436677006096,0.0031053549442389625,120,104.27378429984674,0.3140446073294323,1953,False,"target-1.0 seed, target 0.8 then leak 1.0","a=1,lw=1.5,r=0.04,w=0.25; a=1,lw=0.8,r=0.02,w=0.25; a=1,lw=1,r=0.015,w=0.25"
five_level_weak_anharmonic,seed_target10_leak15_target08_leak10,0.03,relax_0.0005,0.0,0.0005,17,0.8859016925815526,0.0024477000755311895,0.056568231520212287,0.09078448071555716,0.9659232585263066,0.0031053549442389625,120,104.27378429984674,0.3140446073294323,1953,False,"target-1.0 seed, target 0.8 then leak 1.0","a=1,lw=1.5,r=0.04,w=0.25; a=1,lw=0.8,r=0.02,w=0.25; a=1,lw=1,r=0.015,w=0.25"
five_level_weak_anharmonic,seed_target10_leak15_target08_leak10,0.03,relax_0.0005,0.0,0.0005,18,0.9582798835599249,0.00251912295047374,0.06563012926685974,0.036632994294332824,0.962694803969909,0.0031053549442389625,120,104.27378429984674,0.3140446073294323,1953,False,"target-1.0 seed, target 0.8 then leak 1.0","a=1,lw=1.5,r=0.04,w=0.25; a=1,lw=0.8,r=0.02,w=0.25; a=1,lw=1,r=0.015,w=0.25"
five_level_weak_anharmonic,seed_target10_leak15_target08_leak10,0.03,relax_0.0005,0.0,0.0005,19,0.9118816989414114,0.0036618944660148367,0.06431539758766802,0.07175957580477257,0.9574827586143169,0.0031053549442389625,120,104.27378429984674,0.3140446073294323,1953,False,"target-1.0 seed, target 0.8 then leak 1.0","a=1,lw=1.5,r=0.04,w=0.25; a=1,lw=0.8,r=0.02,w=0.25; a=1,lw=1,r=0.015,w=0.25"
five_level_weak_anharmonic,seed_target10_leak15_target08_leak10,0.03,relax_0.0005,0.0,0.0005,20,0.8633626746317875,0.004124112470575314,0.06493176737588646,0.0957224419446283,0.9597789591903864,0.0031053549442389625,120,104.27378429984674,0.3140446073294323,1953,False,"target-1.0 seed, target 0.8 then leak 1.0","a=1,lw=1.5,r=0.04,w=0.25; a=1,lw=0.8,r=0.02,w=0.25; a=1,lw=1,r=0.015,w=0.25"
five_level_weak_anharmonic,seed_target10_leak15_target08_leak10,0.03,relax_0.0005,0.0,0.0005,21,0.9392035912971178,0.005953304312050545,0.05762110369947848,0.038188952757572545,0.9577347349356636,0.0031053549442389625,120,104.27378429984674,0.3140446073294323,1953,False,"target-1.0 seed, target 0.8 then leak 1.0","a=1,lw=1.5,r=0.04,w=0.25; a=1,lw=0.8,r=0.02,w=0.25; a=1,lw=1,r=0.015,w=0.25"
five_level_weak_anharmonic,seed_target10_leak15_target08_leak10,0.03,relax_0.0005,0.0,0.0005,22,0.9287973017416963,0.003630101830876642,0.07212737502444877,0.05360561544042309,0.9581144836769454,0.0031053549442389625,120,104.27378429984674,0.3140446073294323,1953,False,"target-1.0 seed, target 0.8 then leak 1.0","a=1,lw=1.5,r=0.04,w=0.25; a=1,lw=0.8,r=0.02,w=0.25; a=1,lw=1,r=0.015,w=0.25"
five_level_weak_anharmonic,seed_target10_leak15_target08_leak10,0.03,relax_0.0005,0.0,0.0005,23,0.9720712617438145,0.0029363764557476246,0.060006388754012985,0.026803833033929116,0.9596714103762168,0.0031053549442389625,120,104.27378429984674,0.3140446073294323,1953,False,"target-1.0 seed, target 0.8 then leak 1.0","a=1,lw=1.5,r=0.04,w=0.25; a=1,lw=0.8,r=0.02,w=0.25; a=1,lw=1,r=0.015,w=0.25"
five_level_weak_anharmonic,seed_target10_leak15_target08_leak10,0.03,relax_0.0005,0.0,0.0005,24,0.9490836539795383,0.003046666035008805,0.06067142923340385,0.060404331795685454,0.9645049934428792,0.0031053549442389625,120,104.27378429984674,0.3140446073294323,1953,False,"target-1.0 seed, target 0.8 then leak 1.0","a=1,lw=1.5,r=0.04,w=0.25; a=1,lw=0.8,r=0.02,w=0.25; a=1,lw=1,r=0.015,w=0.25"
five_level_weak_anharmonic,seed_target10_leak15_target08_leak10,0.03,relax_0.0005,0.0,0.0005,25,0.9447276227416278,0.004165517723196954,0.06704365936204959,0.0650926928716065,0.9641316202711383,0.0031053549442389625,120,104.27378429984674,0.3140446073294323,1953,False,"target-1.0 seed, target 0.8 then leak 1.0","a=1,lw=1.5,r=0.04,w=0.25; a=1,lw=0.8,r=0.02,w=0.25; a=1,lw=1,r=0.015,w=0.25"
five_level_weak_anharmonic,seed_target10_leak15_target08_leak10,0.03,relax_0.0005,0.0,0.0005,26,0.9772742673202739,0.0013473020629130028,0.06940024985269222,0.02264240772232424,0.9613851773994301,0.0031053549442389625,120,104.27378429984674,0.3140446073294323,1953,False,"target-1.0 seed, target 0.8 then leak 1.0","a=1,lw=1.5,r=0.04,w=0.25; a=1,lw=0.8,r=0.02,w=0.25; a=1,lw=1,r=0.015,w=0.25"
five_level_weak_anharmonic,seed_target10_leak15_target08_leak10,0.03,relax_0.0005,0.0,0.0005,27,0.9364174923802937,0.0017446219722959677,0.056531451649893594,0.07211497946004167,0.9658851538892663,0.0031053549442389625,120,104.27378429984674,0.3140446073294323,1953,False,"target-1.0 seed, target 0.8 then leak 1.0","a=1,lw=1.5,r=0.04,w=0.25; a=1,lw=0.8,r=0.02,w=0.25; a=1,lw=1,r=0.015,w=0.25"
five_level_weak_anharmonic,seed_target10_leak15_target08_leak10,0.03,relax_0.0005,0.0,0.0005,28,0.9219619819777444,0.003998939695966763,0.07262463070126568,0.05300679967360598,0.9589137897249451,0.0031053549442389625,120,104.27378429984674,0.3140446073294323,1953,False,"target-1.0 seed, target 0.8 then leak 1.0","a=1,lw=1.5,r=0.04,w=0.25; a=1,lw=0.8,r=0.02,w=0.25; a=1,lw=1,r=0.015,w=0.25"
five_level_weak_anharmonic,seed_target10_leak15_target08_leak10,0.03,relax_0.0005,0.0,0.0005,29,0.9568813430472055,0.0009743512384795538,0.054314642982113526,0.026926485354570012,0.9601485802032317,0.0031053549442389625,120,104.27378429984674,0.3140446073294323,1953,False,"target-1.0 seed, target 0.8 then leak 1.0","a=1,lw=1.5,r=0.04,w=0.25; a=1,lw=0.8,r=0.02,w=0.25; a=1,lw=1,r=0.015,w=0.25"
five_level_weak_anharmonic,seed_target10_leak15_target08_leak10,0.03,relax_0.0005,0.0,0.0005,30,0.9499342179022464,0.0034533707304839067,0.0645409112589801,0.06467187204072129,0.9665749370798954,0.0031053549442389625,120,104.27378429984674,0.3140446073294323,1953,False,"target-1.0 seed, target 0.8 then leak 1.0","a=1,lw=1.5,r=0.04,w=0.25; a=1,lw=0.8,r=0.02,w=0.25; a=1,lw=1,r=0.015,w=0.25"
five_level_weak_anharmonic,seed_target10_leak15_target08_leak10,0.03,relax_0.0005,0.0,0.0005,31,0.9195810973835631,0.006473955433449974,0.08176676451837617,0.06913778690845307,0.9592239747428785,0.0031053549442389625,120,104.27378429984674,0.3140446073294323,1953,False,"target-1.0 seed, target 0.8 then leak 1.0","a=1,lw=1.5,r=0.04,w=0.25; a=1,lw=0.8,r=0.02,w=0.25; a=1,lw=1,r=0.015,w=0.25"
five_level_weak_anharmonic,seed_target10_leak15_target08_leak10,0.03,relax_0.0005,0.0,0.0005,32,0.953358750052328,0.0031528858977432073,0.07110531165333756,0.04716949398212391,0.9586815870942468,0.0031053549442389625,120,104.27378429984674,0.3140446073294323,1953,False,"target-1.0 seed, target 0.8 then leak 1.0","a=1,lw=1.5,r=0.04,w=0.25; a=1,lw=0.8,r=0.02,w=0.25; a=1,lw=1,r=0.015,w=0.25"
five_level_weak_anharmonic,seed_target10_leak15_target08_leak10,0.03,relax_0.0005,0.0,0.0005,33,0.9599340157436476,0.0039510103105067085,0.06887877626728311,0.05373190125061677,0.965929459857692,0.0031053549442389625,120,104.27378429984674,0.3140446073294323,1953,False,"target-1.0 seed, target 0.8 then leak 1.0","a=1,lw=1.5,r=0.04,w=0.25; a=1,lw=0.8,r=0.02,w=0.25; a=1,lw=1,r=0.015,w=0.25"
five_level_weak_anharmonic,seed_target10_leak15_target08_leak10,0.03,relax_0.0005,0.0,0.0005,34,0.9708621653706696,0.002547304333830658,0.07640798377426661,0.03824877824116245,0.9632246153952159,0.0031053549442389625,120,104.27378429984674,0.3140446073294323,1953,False,"target-1.0 seed, target 0.8 then leak 1.0","a=1,lw=1.5,r=0.04,w=0.25; a=1,lw=0.8,r=0.02,w=0.25; a=1,lw=1,r=0.015,w=0.25"
five_level_weak_anharmonic,seed_target10_leak15_target08_leak10,0.03,relax_0.0005,0.0,0.0005,35,0.8538737892687747,0.004198220976487921,0.07686535113691995,0.09608821876089621,0.9609037012239042,0.0031053549442389625,120,104.27378429984674,0.3140446073294323,1953,False,"target-1.0 seed, target 0.8 then leak 1.0","a=1,lw=1.5,r=0.04,w=0.25; a=1,lw=0.8,r=0.02,w=0.25; a=1,lw=1,r=0.015,w=0.25"
five_level_weak_anharmonic,seed_target10_leak15_target08_leak10,0.03,relax_0.0005,0.0,0.0005,36,0.9717898704994686,0.003928406482758051,0.06611457916179386,0.027141999208187318,0.9588473405583637,0.0031053549442389625,120,104.27378429984674,0.3140446073294323,1953,False,"target-1.0 seed, target 0.8 then leak 1.0","a=1,lw=1.5,r=0.04,w=0.25; a=1,lw=0.8,r=0.02,w=0.25; a=1,lw=1,r=0.015,w=0.25"
five_level_weak_anharmonic,seed_target10_leak15_target08_leak10,0.03,relax_0.0005,0.0,0.0005,37,0.8041591885786636,0.0014149849004243542,0.0501183851550715,0.17323836483158367,0.9723543609010303,0.0031053549442389625,120,104.27378429984674,0.3140446073294323,1953,False,"target-1.0 seed, target 0.8 then leak 1.0","a=1,lw=1.5,r=0.04,w=0.25; a=1,lw=0.8,r=0.02,w=0.25; a=1,lw=1,r=0.015,w=0.25"
five_level_weak_anharmonic,seed_target10_leak15_target08_leak10,0.03,relax_0.0005,0.0,0.0005,38,0.9252264598707123,0.003917018450410481,0.05760136237464386,0.0996332643304108,0.9687129412482538,0.0031053549442389625,120,104.27378429984674,0.3140446073294323,1953,False,"target-1.0 seed, target 0.8 then leak 1.0","a=1,lw=1.5,r=0.04,w=0.25; a=1,lw=0.8,r=0.02,w=0.25; a=1,lw=1,r=0.015,w=0.25"
five_level_weak_anharmonic,seed_target10_leak15_target08_leak10,0.03,relax_0.0005,0.0,0.0005,39,0.9695506991915459,0.0024373677552528283,0.069180996888624,0.0352909793660697,0.9607492012151837,0.0031053549442389625,120,104.27378429984674,0.3140446073294323,1953,False,"target-1.0 seed, target 0.8 then leak 1.0","a=1,lw=1.5,r=0.04,w=0.25; a=1,lw=0.8,r=0.02,w=0.25; a=1,lw=1,r=0.015,w=0.25"
five_level_weak_anharmonic,seed_target10_leak15_target08_leak10,0.03,relax_0.0005,0.0,0.0005,40,0.9635044893836001,0.0011887824562911709,0.06168530666007577,0.023804283710821727,0.9591718987215344,0.0031053549442389625,120,104.27378429984674,0.3140446073294323,1953,False,"target-1.0 seed, target 0.8 then leak 1.0","a=1,lw=1.5,r=0.04,w=0.25; a=1,lw=0.8,r=0.02,w=0.25; a=1,lw=1,r=0.015,w=0.25"
five_level_weak_anharmonic,seed_target10_leak15_target08_leak10,0.03,relax_0.0005,0.0,0.0005,41,0.9057710680605737,0.004729111474459979,0.06426591848402141,0.06674662721483546,0.9577972253781671,0.0031053549442389625,120,104.27378429984674,0.3140446073294323,1953,False,"target-1.0 seed, target 0.8 then leak 1.0","a=1,lw=1.5,r=0.04,w=0.25; a=1,lw=0.8,r=0.02,w=0.25; a=1,lw=1,r=0.015,w=0.25"
five_level_weak_anharmonic,seed_target10_leak15_target08_leak10,0.03,relax_0.0005,0.0,0.0005,42,0.9661156864594375,0.0029080695536598533,0.06441093889426619,0.028937612056973795,0.9614827517711354,0.0031053549442389625,120,104.27378429984674,0.3140446073294323,1953,False,"target-1.0 seed, target 0.8 then leak 1.0","a=1,lw=1.5,r=0.04,w=0.25; a=1,lw=0.8,r=0.02,w=0.25; a=1,lw=1,r=0.015,w=0.25"
five_level_weak_anharmonic,seed_target10_leak15_target08_leak10,0.03,relax_0.0005,0.0,0.0005,43,0.9507289643535926,0.0027285396460976497,0.05752506301859439,0.05482515900008899,0.9621031899301956,0.0031053549442389625,120,104.27378429984674,0.3140446073294323,1953,False,"target-1.0 seed, target 0.8 then leak 1.0","a=1,lw=1.5,r=0.04,w=0.25; a=1,lw=0.8,r=0.02,w=0.25; a=1,lw=1,r=0.015,w=0.25"
five_level_weak_anharmonic,seed_target10_leak15_target08_leak10,0.03,relax_0.0005,0.0,0.0005,44,0.9312226778778273,0.0013296900922762367,0.05580196135480531,0.07598515578510037,0.967638222360037,0.0031053549442389625,120,104.27378429984674,0.3140446073294323,1953,False,"target-1.0 seed, target 0.8 then leak 1.0","a=1,lw=1.5,r=0.04,w=0.25; a=1,lw=0.8,r=0.02,w=0.25; a=1,lw=1,r=0.015,w=0.25"
five_level_weak_anharmonic,seed_target10_leak15_target08_leak10,0.03,relax_0.0005,0.0,0.0005,45,0.9774570697971726,0.0017691503679029275,0.07341121089611324,0.027815808676605172,0.962437739466133,0.0031053549442389625,120,104.27378429984674,0.3140446073294323,1953,False,"target-1.0 seed, target 0.8 then leak 1.0","a=1,lw=1.5,r=0.04,w=0.25; a=1,lw=0.8,r=0.02,w=0.25; a=1,lw=1,r=0.015,w=0.25"
five_level_weak_anharmonic,seed_target10_leak15_target08_leak10,0.03,relax_0.0005,0.0,0.0005,46,0.9627562689107467,0.004411698833547084,0.06047896168181088,0.03276525597676807,0.9563440836426433,0.0031053549442389625,120,104.27378429984674,0.3140446073294323,1953,False,"target-1.0 seed, target 0.8 then leak 1.0","a=1,lw=1.5,r=0.04,w=0.25; a=1,lw=0.8,r=0.02,w=0.25; a=1,lw=1,r=0.015,w=0.25"
five_level_weak_anharmonic,seed_target10_leak15_target08_leak10,0.03,relax_0.0005,0.0,0.0005,47,0.9361888186832084,0.00636177871880117,0.05450599115920762,0.0396046321794496,0.9583842748282226,0.0031053549442389625,120,104.27378429984674,0.3140446073294323,1953,False,"target-1.0 seed, target 0.8 then leak 1.0","a=1,lw=1.5,r=0.04,w=0.25; a=1,lw=0.8,r=0.02,w=0.25; a=1,lw=1,r=0.015,w=0.25"
five_level_weak_anharmonic,seed_target10_leak15_target08_leak10,0.03,relax_0.0005,0.0,0.0005,48,0.9133182023590579,0.003402215860872526,0.06510819392536504,0.09062974632187858,0.9577580329650702,0.0031053549442389625,120,104.27378429984674,0.3140446073294323,1953,False,"target-1.0 seed, target 0.8 then leak 1.0","a=1,lw=1.5,r=0.04,w=0.25; a=1,lw=0.8,r=0.02,w=0.25; a=1,lw=1,r=0.015,w=0.25"
five_level_weak_anharmonic,seed_target10_leak15_target08_leak10,0.03,relax_0.0005,0.0,0.0005,49,0.9521413954217257,0.004142847941649541,0.06668937068115266,0.030979615912322598,0.9593611796853085,0.0031053549442389625,120,104.27378429984674,0.3140446073294323,1953,False,"target-1.0 seed, target 0.8 then leak 1.0","a=1,lw=1.5,r=0.04,w=0.25; a=1,lw=0.8,r=0.02,w=0.25; a=1,lw=1,r=0.015,w=0.25"
five_level_weak_anharmonic,seed_target10_leak15_target08_leak10,0.03,relax_0.0005,0.0,0.0005,50,0.9458316871281202,0.0029334159075770083,0.06910884710285692,0.058892832314926376,0.96496343858159,0.0031053549442389625,120,104.27378429984674,0.3140446073294323,1953,False,"target-1.0 seed, target 0.8 then leak 1.0","a=1,lw=1.5,r=0.04,w=0.25; a=1,lw=0.8,r=0.02,w=0.25; a=1,lw=1,r=0.015,w=0.25"
five_level_weak_anharmonic,seed_target10_leak15_target08_leak10,0.03,relax_0.0005,0.0,0.0005,51,0.9277543043060974,0.003374366050079125,0.06561584145628596,0.045455246303022265,0.9597400196365244,0.0031053549442389625,120,104.27378429984674,0.3140446073294323,1953,False,"target-1.0 seed, target 0.8 then leak 1.0","a=1,lw=1.5,r=0.04,w=0.25; a=1,lw=0.8,r=0.02,w=0.25; a=1,lw=1,r=0.015,w=0.25"
five_level_weak_anharmonic,seed_target10_leak15_target08_leak10,0.03,relax_0.0005,0.0,0.0005,52,0.924494839412769,0.002233542629830554,0.06890585569324525,0.05486873800969465,0.9577318773738435,0.0031053549442389625,120,104.27378429984674,0.3140446073294323,1953,False,"target-1.0 seed, target 0.8 then leak 1.0","a=1,lw=1.5,r=0.04,w=0.25; a=1,lw=0.8,r=0.02,w=0.25; a=1,lw=1,r=0.015,w=0.25"
five_level_weak_anharmonic,seed_target10_leak15_target08_leak10,0.03,relax_0.0005,0.0,0.0005,53,0.9008685192668886,0.002074552987377798,0.0711632201903456,0.11261529641891795,0.9665913906275478,0.0031053549442389625,120,104.27378429984674,0.3140446073294323,1953,False,"target-1.0 seed, target 0.8 then leak 1.0","a=1,lw=1.5,r=0.04,w=0.25; a=1,lw=0.8,r=0.02,w=0.25; a=1,lw=1,r=0.015,w=0.25"
five_level_weak_anharmonic,seed_target10_leak15_target08_leak10,0.03,relax_0.0005,0.0,0.0005,54,0.9367969639354012,0.0015796397804902496,0.06719542248613775,0.07409611056950909,0.96365588701018,0.0031053549442389625,120,104.27378429984674,0.3140446073294323,1953,False,"target-1.0 seed, target 0.8 then leak 1.0","a=1,lw=1.5,r=0.04,w=0.25; a=1,lw=0.8,r=0.02,w=0.25; a=1,lw=1,r=0.015,w=0.25"
five_level_weak_anharmonic,seed_target10_leak15_target08_leak10,0.03,relax_0.0005,0.0,0.0005,55,0.9097206530449397,0.0040646478753798565,0.07170464868698656,0.0946062005916315,0.9685544465363859,0.0031053549442389625,120,104.27378429984674,0.3140446073294323,1953,False,"target-1.0 seed, target 0.8 then leak 1.0","a=1,lw=1.5,r=0.04,w=0.25; a=1,lw=0.8,r=0.02,w=0.25; a=1,lw=1,r=0.015,w=0.25"
five_level_weak_anharmonic,seed_target10_leak15_target08_leak10,0.03,relax_0.0005,0.0,0.0005,56,0.9541786479607445,0.0018413394479610545,0.07011807372437473,0.055087793502281684,0.9601450328972927,0.0031053549442389625,120,104.27378429984674,0.3140446073294323,1953,False,"target-1.0 seed, target 0.8 then leak 1.0","a=1,lw=1.5,r=0.04,w=0.25; a=1,lw=0.8,r=0.02,w=0.25; a=1,lw=1,r=0.015,w=0.25"
five_level_weak_anharmonic,seed_target10_leak15_target08_leak10,0.03,relax_0.0005,0.0,0.0005,57,0.8551736308659379,0.006401182254350046,0.08128163081615414,0.11037272663445297,0.9660184155606941,0.0031053549442389625,120,104.27378429984674,0.3140446073294323,1953,False,"target-1.0 seed, target 0.8 then leak 1.0","a=1,lw=1.5,r=0.04,w=0.25; a=1,lw=0.8,r=0.02,w=0.25; a=1,lw=1,r=0.015,w=0.25"
five_level_weak_anharmonic,seed_target10_leak15_target08_leak10,0.03,relax_0.0005,0.0,0.0005,58,0.9734941112009132,0.0043229195088112515,0.05141442253662831,0.02396159341375736,0.9594445666307704,0.0031053549442389625,120,104.27378429984674,0.3140446073294323,1953,False,"target-1.0 seed, target 0.8 then leak 1.0","a=1,lw=1.5,r=0.04,w=0.25; a=1,lw=0.8,r=0.02,w=0.25; a=1,lw=1,r=0.015,w=0.25"
five_level_weak_anharmonic,seed_target10_leak15_target08_leak10,0.03,relax_0.0005,0.0,0.0005,59,0.9429026886689338,0.005151008891904008,0.07890832397713266,0.055494360368137735,0.9565946676955807,0.0031053549442389625,120,104.27378429984674,0.3140446073294323,1953,False,"target-1.0 seed, target 0.8 then leak 1.0","a=1,lw=1.5,r=0.04,w=0.25; a=1,lw=0.8,r=0.02,w=0.25; a=1,lw=1,r=0.015,w=0.25"
five_level_weak_anharmonic,seed_target10_leak15_target08_leak10,0.03,combined,0.001,0.0005,10,0.8788422650391854,0.0032217300761042678,0.06441487168710025,0.07159697908319021,0.9480617298094557,0.0031053549442389625,120,104.27378429984674,0.3140446073294323,1953,False,"target-1.0 seed, target 0.8 then leak 1.0","a=1,lw=1.5,r=0.04,w=0.25; a=1,lw=0.8,r=0.02,w=0.25; a=1,lw=1,r=0.015,w=0.25"
five_level_weak_anharmonic,seed_target10_leak15_target08_leak10,0.03,combined,0.001,0.0005,11,0.9174772874619285,0.005756346843128868,0.07303624553730403,0.07755834441794081,0.947350859214967,0.0031053549442389625,120,104.27378429984674,0.3140446073294323,1953,False,"target-1.0 seed, target 0.8 then leak 1.0","a=1,lw=1.5,r=0.04,w=0.25; a=1,lw=0.8,r=0.02,w=0.25; a=1,lw=1,r=0.015,w=0.25"
five_level_weak_anharmonic,seed_target10_leak15_target08_leak10,0.03,combined,0.001,0.0005,12,0.902282964225775,0.0017891878716426168,0.05796546827111615,0.08342260083373752,0.9470970287202599,0.0031053549442389625,120,104.27378429984674,0.3140446073294323,1953,False,"target-1.0 seed, target 0.8 then leak 1.0","a=1,lw=1.5,r=0.04,w=0.25; a=1,lw=0.8,r=0.02,w=0.25; a=1,lw=1,r=0.015,w=0.25"
five_level_weak_anharmonic,seed_target10_leak15_target08_leak10,0.03,combined,0.001,0.0005,13,0.7899033926640713,0.0029196395075516968,0.06656080111917051,0.22252020800334932,0.9518901155611023,0.0031053549442389625,120,104.27378429984674,0.3140446073294323,1953,False,"target-1.0 seed, target 0.8 then leak 1.0","a=1,lw=1.5,r=0.04,w=0.25; a=1,lw=0.8,r=0.02,w=0.25; a=1,lw=1,r=0.015,w=0.25"
five_level_weak_anharmonic,seed_target10_leak15_target08_leak10,0.03,combined,0.001,0.0005,14,0.8620135867637944,0.0037185024069545936,0.06810217562782794,0.14516992755125874,0.9500009626796992,0.0031053549442389625,120,104.27378429984674,0.3140446073294323,1953,False,"target-1.0 seed, target 0.8 then leak 1.0","a=1,lw=1.5,r=0.04,w=0.25; a=1,lw=0.8,r=0.02,w=0.25; a=1,lw=1,r=0.015,w=0.25"
five_level_weak_anharmonic,seed_target10_leak15_target08_leak10,0.03,combined,0.001,0.0005,15,0.9623306157967307,0.003022404295941583,0.0727409909763499,0.03274703013099209,0.9474651996079491,0.0031053549442389625,120,104.27378429984674,0.3140446073294323,1953,False,"target-1.0 seed, target 0.8 then leak 1.0","a=1,lw=1.5,r=0.04,w=0.25; a=1,lw=0.8,r=0.02,w=0.25; a=1,lw=1,r=0.015,w=0.25"
five_level_weak_anharmonic,seed_target10_leak15_target08_leak10,0.03,combined,0.001,0.0005,16,0.950879981971684,0.004187691798442028,0.07883137361606263,0.04016256912240923,0.9468951427020086,0.0031053549442389625,120,104.27378429984674,0.3140446073294323,1953,False,"target-1.0 seed, target 0.8 then leak 1.0","a=1,lw=1.5,r=0.04,w=0.25; a=1,lw=0.8,r=0.02,w=0.25; a=1,lw=1,r=0.015,w=0.25"
five_level_weak_anharmonic,seed_target10_leak15_target08_leak10,0.03,combined,0.001,0.0005,17,0.8813009098135866,0.003197882558232501,0.05663892173266716,0.09577827956024955,0.9486299167442626,0.0031053549442389625,120,104.27378429984674,0.3140446073294323,1953,False,"target-1.0 seed, target 0.8 then leak 1.0","a=1,lw=1.5,r=0.04,w=0.25; a=1,lw=0.8,r=0.02,w=0.25; a=1,lw=1,r=0.015,w=0.25"
five_level_weak_anharmonic,seed_target10_leak15_target08_leak10,0.03,combined,0.001,0.0005,18,0.952199637436843,0.003366062042935547,0.06552736556239613,0.04263842070680426,0.9481163150680155,0.0031053549442389625,120,104.27378429984674,0.3140446073294323,1953,False,"target-1.0 seed, target 0.8 then leak 1.0","a=1,lw=1.5,r=0.04,w=0.25; a=1,lw=0.8,r=0.02,w=0.25; a=1,lw=1,r=0.015,w=0.25"
five_level_weak_anharmonic,seed_target10_leak15_target08_leak10,0.03,combined,0.001,0.0005,19,0.9081642172940374,0.0045762528093014065,0.064227967086254,0.07578404543122817,0.9468091118565679,0.0031053549442389625,120,104.27378429984674,0.3140446073294323,1953,False,"target-1.0 seed, target 0.8 then leak 1.0","a=1,lw=1.5,r=0.04,w=0.25; a=1,lw=0.8,r=0.02,w=0.25; a=1,lw=1,r=0.015,w=0.25"
five_level_weak_anharmonic,seed_target10_leak15_target08_leak10,0.03,combined,0.001,0.0005,20,0.8601061402691688,0.005125183004090372,0.0654764523583864,0.0998752572471293,0.9466003573685556,0.0031053549442389625,120,104.27378429984674,0.3140446073294323,1953,False,"target-1.0 seed, target 0.8 then leak 1.0","a=1,lw=1.5,r=0.04,w=0.25; a=1,lw=0.8,r=0.02,w=0.25; a=1,lw=1,r=0.015,w=0.25"
five_level_weak_anharmonic,seed_target10_leak15_target08_leak10,0.03,combined,0.001,0.0005,21,0.9346784903215208,0.00665522250172812,0.05754367293961371,0.04318386633867531,0.9471797567621166,0.0031053549442389625,120,104.27378429984674,0.3140446073294323,1953,False,"target-1.0 seed, target 0.8 then leak 1.0","a=1,lw=1.5,r=0.04,w=0.25; a=1,lw=0.8,r=0.02,w=0.25; a=1,lw=1,r=0.015,w=0.25"
five_level_weak_anharmonic,seed_target10_leak15_target08_leak10,0.03,combined,0.001,0.0005,22,0.9236297120957204,0.0046204557565143745,0.07202636233660065,0.058883795251783624,0.9473298456916532,0.0031053549442389625,120,104.27378429984674,0.3140446073294323,1953,False,"target-1.0 seed, target 0.8 then leak 1.0","a=1,lw=1.5,r=0.04,w=0.25; a=1,lw=0.8,r=0.02,w=0.25; a=1,lw=1,r=0.015,w=0.25"
five_level_weak_anharmonic,seed_target10_leak15_target08_leak10,0.03,combined,0.001,0.0005,23,0.9660062127507657,0.0036603883734922515,0.05992295449371199,0.032670436077719536,0.9480323738402326,0.0031053549442389625,120,104.27378429984674,0.3140446073294323,1953,False,"target-1.0 seed, target 0.8 then leak 1.0","a=1,lw=1.5,r=0.04,w=0.25; a=1,lw=0.8,r=0.02,w=0.25; a=1,lw=1,r=0.015,w=0.25"
five_level_weak_anharmonic,seed_target10_leak15_target08_leak10,0.03,combined,0.001,0.0005,24,0.9430966591615718,0.0038492413571020734,0.06060570948676136,0.06590273804132893,0.9490653514813159,0.0031053549442389625,120,104.27378429984674,0.3140446073294323,1953,False,"target-1.0 seed, target 0.8 then leak 1.0","a=1,lw=1.5,r=0.04,w=0.25; a=1,lw=0.8,r=0.02,w=0.25; a=1,lw=1,r=0.015,w=0.25"
five_level_weak_anharmonic,seed_target10_leak15_target08_leak10,0.03,combined,0.001,0.0005,25,0.9388120540544286,0.004973747233135928,0.06694496817719275,0.07049488326531836,0.9488795040965294,0.0031053549442389625,120,104.27378429984674,0.3140446073294323,1953,False,"target-1.0 seed, target 0.8 then leak 1.0","a=1,lw=1.5,r=0.04,w=0.25; a=1,lw=0.8,r=0.02,w=0.25; a=1,lw=1,r=0.015,w=0.25"
five_level_weak_anharmonic,seed_target10_leak15_target08_leak10,0.03,combined,0.001,0.0005,26,0.970687327879989,0.0023176645696828535,0.06993387855292843,0.028997464028661785,0.9481103592803769,0.0031053549442389625,120,104.27378429984674,0.3140446073294323,1953,False,"target-1.0 seed, target 0.8 then leak 1.0","a=1,lw=1.5,r=0.04,w=0.25; a=1,lw=0.8,r=0.02,w=0.25; a=1,lw=1,r=0.015,w=0.25"
five_level_weak_anharmonic,seed_target10_leak15_target08_leak10,0.03,combined,0.001,0.0005,27,0.9305246261369031,0.0024487921796362278,0.05705135223912705,0.07762176175544444,0.9489222412716374,0.0031053549442389625,120,104.27378429984674,0.3140446073294323,1953,False,"target-1.0 seed, target 0.8 then leak 1.0","a=1,lw=1.5,r=0.04,w=0.25; a=1,lw=0.8,r=0.02,w=0.25; a=1,lw=1,r=0.015,w=0.25"
five_level_weak_anharmonic,seed_target10_leak15_target08_leak10,0.03,combined,0.001,0.0005,28,0.9170654268885717,0.0048380113490276155,0.07314916741911359,0.05832856289931227,0.9477769818189676,0.0031053549442389625,120,104.27378429984674,0.3140446073294323,1953,False,"target-1.0 seed, target 0.8 then leak 1.0","a=1,lw=1.5,r=0.04,w=0.25; a=1,lw=0.8,r=0.02,w=0.25; a=1,lw=1,r=0.015,w=0.25"
five_level_weak_anharmonic,seed_target10_leak15_target08_leak10,0.03,combined,0.001,0.0005,29,0.9511203036341124,0.0016603992432154824,0.05479307305824843,0.03281891736940552,0.9484860681028424,0.0031053549442389625,120,104.27378429984674,0.3140446073294323,1953,False,"target-1.0 seed, target 0.8 then leak 1.0","a=1,lw=1.5,r=0.04,w=0.25; a=1,lw=0.8,r=0.02,w=0.25; a=1,lw=1,r=0.015,w=0.25"
five_level_weak_anharmonic,seed_target10_leak15_target08_leak10,0.03,combined,0.001,0.0005,30,0.9433951625452169,0.004193491428844842,0.0644518146030384,0.0704492252422296,0.9495218694929094,0.0031053549442389625,120,104.27378429984674,0.3140446073294323,1953,False,"target-1.0 seed, target 0.8 then leak 1.0","a=1,lw=1.5,r=0.04,w=0.25; a=1,lw=0.8,r=0.02,w=0.25; a=1,lw=1,r=0.015,w=0.25"
five_level_weak_anharmonic,seed_target10_leak15_target08_leak10,0.03,combined,0.001,0.0005,31,0.9143420178342534,0.007354789182360766,0.08237911264399544,0.07445802230077272,0.9473875478408644,0.0031053549442389625,120,104.27378429984674,0.3140446073294323,1953,False,"target-1.0 seed, target 0.8 then leak 1.0","a=1,lw=1.5,r=0.04,w=0.25; a=1,lw=0.8,r=0.02,w=0.25; a=1,lw=1,r=0.015,w=0.25"
five_level_weak_anharmonic,seed_target10_leak15_target08_leak10,0.03,combined,0.001,0.0005,32,0.9477970778046908,0.004132174260845445,0.07101301913675506,0.052497092620278386,0.9476808552801886,0.0031053549442389625,120,104.27378429984674,0.3140446073294323,1953,False,"target-1.0 seed, target 0.8 then leak 1.0","a=1,lw=1.5,r=0.04,w=0.25; a=1,lw=0.8,r=0.02,w=0.25; a=1,lw=1,r=0.015,w=0.25"
five_level_weak_anharmonic,seed_target10_leak15_target08_leak10,0.03,combined,0.001,0.0005,33,0.952868432657083,0.004721993312034822,0.0687696161979876,0.06006053781798641,0.9487966501623801,0.0031053549442389625,120,104.27378429984674,0.3140446073294323,1953,False,"target-1.0 seed, target 0.8 then leak 1.0","a=1,lw=1.5,r=0.04,w=0.25; a=1,lw=0.8,r=0.02,w=0.25; a=1,lw=1,r=0.015,w=0.25"
five_level_weak_anharmonic,seed_target10_leak15_target08_leak10,0.03,combined,0.001,0.0005,34,0.9639293004060394,0.003564976668266273,0.07698523423424453,0.044753941968506294,0.9482923527382754,0.0031053549442389625,120,104.27378429984674,0.3140446073294323,1953,False,"target-1.0 seed, target 0.8 then leak 1.0","a=1,lw=1.5,r=0.04,w=0.25; a=1,lw=0.8,r=0.02,w=0.25; a=1,lw=1,r=0.015,w=0.25"
five_level_weak_anharmonic,seed_target10_leak15_target08_leak10,0.03,combined,0.001,0.0005,35,0.8505474445169806,0.0052566077439542,0.07741692108448239,0.10059414357772031,0.9460956556272804,0.0031053549442389625,120,104.27378429984674,0.3140446073294323,1953,False,"target-1.0 seed, target 0.8 then leak 1.0","a=1,lw=1.5,r=0.04,w=0.25; a=1,lw=0.8,r=0.02,w=0.25; a=1,lw=1,r=0.015,w=0.25"
five_level_weak_anharmonic,seed_target10_leak15_target08_leak10,0.03,combined,0.001,0.0005,36,0.9662143478602343,0.0046616806203975125,0.06661264491986885,0.032706162869640655,0.9478839893661484,0.0031053549442389625,120,104.27378429984674,0.3140446073294323,1953,False,"target-1.0 seed, target 0.8 then leak 1.0","a=1,lw=1.5,r=0.04,w=0.25; a=1,lw=0.8,r=0.02,w=0.25; a=1,lw=1,r=0.015,w=0.25"
five_level_weak_anharmonic,seed_target10_leak15_target08_leak10,0.03,combined,0.001,0.0005,37,0.7999842371652064,0.002102847672082131,0.05006771837470825,0.1776389108024012,0.9506890562522264,0.0031053549442389625,120,104.27378429984674,0.3140446073294323,1953,False,"target-1.0 seed, target 0.8 then leak 1.0","a=1,lw=1.5,r=0.04,w=0.25; a=1,lw=0.8,r=0.02,w=0.25; a=1,lw=1,r=0.015,w=0.25"
five_level_weak_anharmonic,seed_target10_leak15_target08_leak10,0.03,combined,0.001,0.0005,38,0.9187304576485676,0.004524331918988156,0.05752614334383632,0.1050498129113194,0.949951155152399,0.0031053549442389625,120,104.27378429984674,0.3140446073294323,1953,False,"target-1.0 seed, target 0.8 then leak 1.0","a=1,lw=1.5,r=0.04,w=0.25; a=1,lw=0.8,r=0.02,w=0.25; a=1,lw=1,r=0.015,w=0.25"
five_level_weak_anharmonic,seed_target10_leak15_target08_leak10,0.03,combined,0.001,0.0005,39,0.963543739421274,0.0034211233356844506,0.06968280665084259,0.041050673687050114,0.9479741063590709,0.0031053549442389625,120,104.27378429984674,0.3140446073294323,1953,False,"target-1.0 seed, target 0.8 then leak 1.0","a=1,lw=1.5,r=0.04,w=0.25; a=1,lw=0.8,r=0.02,w=0.25; a=1,lw=1,r=0.015,w=0.25"
five_level_weak_anharmonic,seed_target10_leak15_target08_leak10,0.03,combined,0.001,0.0005,40,0.957926899022473,0.0020867004926685695,0.06161552417309546,0.029527443579865423,0.9478487160660412,0.0031053549442389625,120,104.27378429984674,0.3140446073294323,1953,False,"target-1.0 seed, target 0.8 then leak 1.0","a=1,lw=1.5,r=0.04,w=0.25; a=1,lw=0.8,r=0.02,w=0.25; a=1,lw=1,r=0.015,w=0.25"
five_level_weak_anharmonic,seed_target10_leak15_target08_leak10,0.03,combined,0.001,0.0005,41,0.9018589186866468,0.005730813711517513,0.06418585365253882,0.07119463169176304,0.9463467145278189,0.0031053549442389625,120,104.27378429984674,0.3140446073294323,1953,False,"target-1.0 seed, target 0.8 then leak 1.0","a=1,lw=1.5,r=0.04,w=0.25; a=1,lw=0.8,r=0.02,w=0.25; a=1,lw=1,r=0.015,w=0.25"
five_level_weak_anharmonic,seed_target10_leak15_target08_leak10,0.03,combined,0.001,0.0005,42,0.959187967966656,0.0038178846586001125,0.06496493398908387,0.035543912995766556,0.9485755396953153,0.0031053549442389625,120,104.27378429984674,0.3140446073294323,1953,False,"target-1.0 seed, target 0.8 then leak 1.0","a=1,lw=1.5,r=0.04,w=0.25; a=1,lw=0.8,r=0.02,w=0.25; a=1,lw=1,r=0.015,w=0.25"
five_level_weak_anharmonic,seed_target10_leak15_target08_leak10,0.03,combined,0.001,0.0005,43,0.945307737862282,0.0034053582576636376,0.057444271363973676,0.05999044357028044,0.9484446425114849,0.0031053549442389625,120,104.27378429984674,0.3140446073294323,1953,False,"target-1.0 seed, target 0.8 then leak 1.0","a=1,lw=1.5,r=0.04,w=0.25; a=1,lw=0.8,r=0.02,w=0.25; a=1,lw=1,r=0.015,w=0.25"
five_level_weak_anharmonic,seed_target10_leak15_target08_leak10,0.03,combined,0.001,0.0005,44,0.9242496776050184,0.0018974298738585471,0.05572989566477493,0.0821783385925874,0.9503513212960439,0.0031053549442389625,120,104.27378429984674,0.3140446073294323,1953,False,"target-1.0 seed, target 0.8 then leak 1.0","a=1,lw=1.5,r=0.04,w=0.25; a=1,lw=0.8,r=0.02,w=0.25; a=1,lw=1,r=0.015,w=0.25"
five_level_weak_anharmonic,seed_target10_leak15_target08_leak10,0.03,combined,0.001,0.0005,45,0.9703686418553971,0.002818475672975662,0.07402062348022953,0.034465152816501594,0.9484262963038494,0.0031053549442389625,120,104.27378429984674,0.3140446073294323,1953,False,"target-1.0 seed, target 0.8 then leak 1.0","a=1,lw=1.5,r=0.04,w=0.25; a=1,lw=0.8,r=0.02,w=0.25; a=1,lw=1,r=0.015,w=0.25"
five_level_weak_anharmonic,seed_target10_leak15_target08_leak10,0.03,combined,0.001,0.0005,46,0.9581370977184643,0.005174086168805325,0.0603927836298247,0.037462053840522855,0.9471656963860762,0.0031053549442389625,120,104.27378429984674,0.3140446073294323,1953,False,"target-1.0 seed, target 0.8 then leak 1.0","a=1,lw=1.5,r=0.04,w=0.25; a=1,lw=0.8,r=0.02,w=0.25; a=1,lw=1,r=0.015,w=0.25"
five_level_weak_anharmonic,seed_target10_leak15_target08_leak10,0.03,combined,0.001,0.0005,47,0.931922429644137,0.007024947370589896,0.05500384480742104,0.044485226763750295,0.9471947257911053,0.0031053549442389625,120,104.27378429984674,0.3140446073294323,1953,False,"target-1.0 seed, target 0.8 then leak 1.0","a=1,lw=1.5,r=0.04,w=0.25; a=1,lw=0.8,r=0.02,w=0.25; a=1,lw=1,r=0.015,w=0.25"
five_level_weak_anharmonic,seed_target10_leak15_target08_leak10,0.03,combined,0.001,0.0005,48,0.9092179397687375,0.004305793320726781,0.06568777228934142,0.09458362873971497,0.9472378713288718,0.0031053549442389625,120,104.27378429984674,0.3140446073294323,1953,False,"target-1.0 seed, target 0.8 then leak 1.0","a=1,lw=1.5,r=0.04,w=0.25; a=1,lw=0.8,r=0.02,w=0.25; a=1,lw=1,r=0.015,w=0.25"
five_level_weak_anharmonic,seed_target10_leak15_target08_leak10,0.03,combined,0.001,0.0005,49,0.9470943188404728,0.005115121464334349,0.06726323548635094,0.03637267519022508,0.9470095439552108,0.0031053549442389625,120,104.27378429984674,0.3140446073294323,1953,False,"target-1.0 seed, target 0.8 then leak 1.0","a=1,lw=1.5,r=0.04,w=0.25; a=1,lw=0.8,r=0.02,w=0.25; a=1,lw=1,r=0.015,w=0.25"
five_level_weak_anharmonic,seed_target10_leak15_target08_leak10,0.03,combined,0.001,0.0005,50,0.9398755259853351,0.003726147549661052,0.06965721207271636,0.06459665651038002,0.9484738988953212,0.0031053549442389625,120,104.27378429984674,0.3140446073294323,1953,False,"target-1.0 seed, target 0.8 then leak 1.0","a=1,lw=1.5,r=0.04,w=0.25; a=1,lw=0.8,r=0.02,w=0.25; a=1,lw=1,r=0.015,w=0.25"
five_level_weak_anharmonic,seed_target10_leak15_target08_leak10,0.03,combined,0.001,0.0005,51,0.9227102925764308,0.004514277331105543,0.06618542683663975,0.050983145984338625,0.9465073302579647,0.0031053549442389625,120,104.27378429984674,0.3140446073294323,1953,False,"target-1.0 seed, target 0.8 then leak 1.0","a=1,lw=1.5,r=0.04,w=0.25; a=1,lw=0.8,r=0.02,w=0.25; a=1,lw=1,r=0.015,w=0.25"
five_level_weak_anharmonic,seed_target10_leak15_target08_leak10,0.03,combined,0.001,0.0005,52,0.9202530591890765,0.0032815013547269345,0.0688152178005752,0.05946859852918143,0.9468474752087099,0.0031053549442389625,120,104.27378429984674,0.3140446073294323,1953,False,"target-1.0 seed, target 0.8 then leak 1.0","a=1,lw=1.5,r=0.04,w=0.25; a=1,lw=0.8,r=0.02,w=0.25; a=1,lw=1,r=0.015,w=0.25"
five_level_weak_anharmonic,seed_target10_leak15_target08_leak10,0.03,combined,0.001,0.0005,53,0.8957535623618057,0.0029349669538424328,0.07104636884102034,0.11718984560376645,0.9491255743515025,0.0031053549442389625,120,104.27378429984674,0.3140446073294323,1953,False,"target-1.0 seed, target 0.8 then leak 1.0","a=1,lw=1.5,r=0.04,w=0.25; a=1,lw=0.8,r=0.02,w=0.25; a=1,lw=1,r=0.015,w=0.25"
five_level_weak_anharmonic,seed_target10_leak15_target08_leak10,0.03,combined,0.001,0.0005,54,0.9311019292052553,0.0024039516689092766,0.06776280673352786,0.07943591724237464,0.9485529792711384,0.0031053549442389625,120,104.27378429984674,0.3140446073294323,1953,False,"target-1.0 seed, target 0.8 then leak 1.0","a=1,lw=1.5,r=0.04,w=0.25; a=1,lw=0.8,r=0.02,w=0.25; a=1,lw=1,r=0.015,w=0.25"
five_level_weak_anharmonic,seed_target10_leak15_target08_leak10,0.03,combined,0.001,0.0005,55,0.9031144559522494,0.004860392337713293,0.07228238485517002,0.10061020191939042,0.9500288000253926,0.0031053549442389625,120,104.27378429984674,0.3140446073294323,1953,False,"target-1.0 seed, target 0.8 then leak 1.0","a=1,lw=1.5,r=0.04,w=0.25; a=1,lw=0.8,r=0.02,w=0.25; a=1,lw=1,r=0.015,w=0.25"
five_level_weak_anharmonic,seed_target10_leak15_target08_leak10,0.03,combined,0.001,0.0005,56,0.948663623719863,0.0026573137159290328,0.0700039459443682,0.06028921965983305,0.947642391535033,0.0031053549442389625,120,104.27378429984674,0.3140446073294323,1953,False,"target-1.0 seed, target 0.8 then leak 1.0","a=1,lw=1.5,r=0.04,w=0.25; a=1,lw=0.8,r=0.02,w=0.25; a=1,lw=1,r=0.015,w=0.25"
five_level_weak_anharmonic,seed_target10_leak15_target08_leak10,0.03,combined,0.001,0.0005,57,0.8509666349806286,0.007536087884666642,0.08184050056491099,0.11534640328271789,0.9468028873375913,0.0031053549442389625,120,104.27378429984674,0.3140446073294323,1953,False,"target-1.0 seed, target 0.8 then leak 1.0","a=1,lw=1.5,r=0.04,w=0.25; a=1,lw=0.8,r=0.02,w=0.25; a=1,lw=1,r=0.015,w=0.25"
five_level_weak_anharmonic,seed_target10_leak15_target08_leak10,0.03,combined,0.001,0.0005,58,0.968005754830099,0.0049106159752774214,0.05187794514724353,0.029422929571006787,0.9481172435913219,0.0031053549442389625,120,104.27378429984674,0.3140446073294323,1953,False,"target-1.0 seed, target 0.8 then leak 1.0","a=1,lw=1.5,r=0.04,w=0.25; a=1,lw=0.8,r=0.02,w=0.25; a=1,lw=1,r=0.015,w=0.25"
five_level_weak_anharmonic,seed_target10_leak15_target08_leak10,0.03,combined,0.001,0.0005,59,0.9384625425602471,0.006145424329740079,0.07947841904656561,0.06001912255694944,0.9462271114224045,0.0031053549442389625,120,104.27378429984674,0.3140446073294323,1953,False,"target-1.0 seed, target 0.8 then leak 1.0","a=1,lw=1.5,r=0.04,w=0.25; a=1,lw=0.8,r=0.02,w=0.25; a=1,lw=1,r=0.015,w=0.25"
five_level_weak_anharmonic,seed_target10_leak15_target08_leak08,0.03,static_only,0.0,0.0,10,0.8885500259114395,0.001416486213250634,0.06945529137972106,0.06379922299403848,0.9999972290958135,0.0031825845501593833,120,105.0129775928799,0.2914932231465954,1958,False,"target-1.0 seed, target 0.8 then leak 0.8","a=1,lw=1.5,r=0.04,w=0.25; a=1,lw=0.8,r=0.02,w=0.25; a=1,lw=0.8,r=0.015,w=0.25"
five_level_weak_anharmonic,seed_target10_leak15_target08_leak08,0.03,static_only,0.0,0.0,11,0.9413652061239574,0.003246688144880272,0.0789614491659012,0.06173719321410033,0.9999966320768247,0.0031825845501593833,120,105.0129775928799,0.2914932231465954,1958,False,"target-1.0 seed, target 0.8 then leak 0.8","a=1,lw=1.5,r=0.04,w=0.25; a=1,lw=0.8,r=0.02,w=0.25; a=1,lw=0.8,r=0.015,w=0.25"
five_level_weak_anharmonic,seed_target10_leak15_target08_leak08,0.03,static_only,0.0,0.0,12,0.9387133381828772,0.000580421057288949,0.060264244518723586,0.05671798207430838,0.9999968918915345,0.0031825845501593833,120,105.0129775928799,0.2914932231465954,1958,False,"target-1.0 seed, target 0.8 then leak 0.8","a=1,lw=1.5,r=0.04,w=0.25; a=1,lw=0.8,r=0.02,w=0.25; a=1,lw=0.8,r=0.015,w=0.25"
five_level_weak_anharmonic,seed_target10_leak15_target08_leak08,0.03,static_only,0.0,0.0,13,0.8408927625682936,0.0017402044774670333,0.06878295037031201,0.17397648007869712,0.9999975650288864,0.0031825845501593833,120,105.0129775928799,0.2914932231465954,1958,False,"target-1.0 seed, target 0.8 then leak 0.8","a=1,lw=1.5,r=0.04,w=0.25; a=1,lw=0.8,r=0.02,w=0.25; a=1,lw=0.8,r=0.015,w=0.25"
five_level_weak_anharmonic,seed_target10_leak15_target08_leak08,0.03,static_only,0.0,0.0,14,0.8943649946185765,0.0024505394403335767,0.07050886137568235,0.11511441367789946,0.9999972830118525,0.0031825845501593833,120,105.0129775928799,0.2914932231465954,1958,False,"target-1.0 seed, target 0.8 then leak 0.8","a=1,lw=1.5,r=0.04,w=0.25; a=1,lw=0.8,r=0.02,w=0.25; a=1,lw=0.8,r=0.015,w=0.25"
five_level_weak_anharmonic,seed_target10_leak15_target08_leak08,0.03,static_only,0.0,0.0,15,0.989891843796721,0.001633382652927673,0.07734011823784614,0.00610909298384168,0.9999970582825092,0.0031825845501593833,120,105.0129775928799,0.2914932231465954,1958,False,"target-1.0 seed, target 0.8 then leak 0.8","a=1,lw=1.5,r=0.04,w=0.25; a=1,lw=0.8,r=0.02,w=0.25; a=1,lw=0.8,r=0.015,w=0.25"
five_level_weak_anharmonic,seed_target10_leak15_target08_leak08,0.03,static_only,0.0,0.0,16,0.9779624787988205,0.0018674991361172788,0.08500105149194082,0.02042415773141903,0.999996908899284,0.0031825845501593833,120,105.0129775928799,0.2914932231465954,1958,False,"target-1.0 seed, target 0.8 then leak 0.8","a=1,lw=1.5,r=0.04,w=0.25; a=1,lw=0.8,r=0.02,w=0.25; a=1,lw=0.8,r=0.015,w=0.25"
five_level_weak_anharmonic,seed_target10_leak15_target08_leak08,0.03,static_only,0.0,0.0,17,0.9084183332785212,0.0019660689462848158,0.0616396846832048,0.06558695016592334,0.9999978528331195,0.0031825845501593833,120,105.0129775928799,0.2914932231465954,1958,False,"target-1.0 seed, target 0.8 then leak 0.8","a=1,lw=1.5,r=0.04,w=0.25; a=1,lw=0.8,r=0.02,w=0.25; a=1,lw=0.8,r=0.015,w=0.25"
five_level_weak_anharmonic,seed_target10_leak15_target08_leak08,0.03,static_only,0.0,0.0,18,0.9804169626519749,0.0019706970087837172,0.06773089669215138,0.013591174174097134,0.999997350450309,0.0031825845501593833,120,105.0129775928799,0.2914932231465954,1958,False,"target-1.0 seed, target 0.8 then leak 0.8","a=1,lw=1.5,r=0.04,w=0.25; a=1,lw=0.8,r=0.02,w=0.25; a=1,lw=0.8,r=0.015,w=0.25"
five_level_weak_anharmonic,seed_target10_leak15_target08_leak08,0.03,static_only,0.0,0.0,19,0.9428222764113017,0.0026957904534368193,0.06651679701041213,0.05084329253558646,0.9999969188823157,0.0031825845501593833,120,105.0129775928799,0.2914932231465954,1958,False,"target-1.0 seed, target 0.8 then leak 0.8","a=1,lw=1.5,r=0.04,w=0.25; a=1,lw=0.8,r=0.02,w=0.25; a=1,lw=0.8,r=0.015,w=0.25"
five_level_weak_anharmonic,seed_target10_leak15_target08_leak08,0.03,static_only,0.0,0.0,20,0.8897155629172003,0.0026877866668852946,0.07089160830203489,0.07859671674834515,0.9999972940383611,0.0031825845501593833,120,105.0129775928799,0.2914932231465954,1958,False,"target-1.0 seed, target 0.8 then leak 0.8","a=1,lw=1.5,r=0.04,w=0.25; a=1,lw=0.8,r=0.02,w=0.25; a=1,lw=0.8,r=0.015,w=0.25"
five_level_weak_anharmonic,seed_target10_leak15_target08_leak08,0.03,static_only,0.0,0.0,21,0.9647519575655537,0.004174762512884178,0.05965217553790492,0.02053506095184672,0.9999972007262489,0.0031825845501593833,120,105.0129775928799,0.2914932231465954,1958,False,"target-1.0 seed, target 0.8 then leak 0.8","a=1,lw=1.5,r=0.04,w=0.25; a=1,lw=0.8,r=0.02,w=0.25; a=1,lw=0.8,r=0.015,w=0.25"
five_level_weak_anharmonic,seed_target10_leak15_target08_leak08,0.03,static_only,0.0,0.0,22,0.9474973973228171,0.0024521443995543235,0.07442486295998108,0.04235956555401097,0.9999967369199331,0.0031825845501593833,120,105.0129775928799,0.2914932231465954,1958,False,"target-1.0 seed, target 0.8 then leak 0.8","a=1,lw=1.5,r=0.04,w=0.25; a=1,lw=0.8,r=0.02,w=0.25; a=1,lw=0.8,r=0.015,w=0.25"
five_level_weak_anharmonic,seed_target10_leak15_target08_leak08,0.03,static_only,0.0,0.0,23,0.9910661101263183,0.002087002589346909,0.06413421015708054,0.012100410421162739,0.9999972542424885,0.0031825845501593833,120,105.0129775928799,0.2914932231465954,1958,False,"target-1.0 seed, target 0.8 then leak 0.8","a=1,lw=1.5,r=0.04,w=0.25; a=1,lw=0.8,r=0.02,w=0.25; a=1,lw=0.8,r=0.015,w=0.25"
five_level_weak_anharmonic,seed_target10_leak15_target08_leak08,0.03,static_only,0.0,0.0,24,0.9763427293590781,0.002071298598963378,0.06259175342129031,0.03392513874180437,0.9999975694374905,0.0031825845501593833,120,105.0129775928799,0.2914932231465954,1958,False,"target-1.0 seed, target 0.8 then leak 0.8","a=1,lw=1.5,r=0.04,w=0.25; a=1,lw=0.8,r=0.02,w=0.25; a=1,lw=0.8,r=0.015,w=0.25"
five_level_weak_anharmonic,seed_target10_leak15_target08_leak08,0.03,static_only,0.0,0.0,25,0.9716037967161053,0.0028289376489979423,0.06934162048883308,0.04036892651292492,0.9999971173569631,0.0031825845501593833,120,105.0129775928799,0.2914932231465954,1958,False,"target-1.0 seed, target 0.8 then leak 0.8","a=1,lw=1.5,r=0.04,w=0.25; a=1,lw=0.8,r=0.02,w=0.25; a=1,lw=0.8,r=0.015,w=0.25"
five_level_weak_anharmonic,seed_target10_leak15_target08_leak08,0.03,static_only,0.0,0.0,26,0.9977172320522889,0.0007504106247836484,0.07578813743554114,0.003363912802275726,0.9999972568590428,0.0031825845501593833,120,105.0129775928799,0.2914932231465954,1958,False,"target-1.0 seed, target 0.8 then leak 0.8","a=1,lw=1.5,r=0.04,w=0.25; a=1,lw=0.8,r=0.02,w=0.25; a=1,lw=0.8,r=0.015,w=0.25"
five_level_weak_anharmonic,seed_target10_leak15_target08_leak08,0.03,static_only,0.0,0.0,27,0.9651116329558818,0.0013224918690395437,0.06190748333787166,0.042301485056751964,0.9999978746706355,0.0031825845501593833,120,105.0129775928799,0.2914932231465954,1958,False,"target-1.0 seed, target 0.8 then leak 0.8","a=1,lw=1.5,r=0.04,w=0.25; a=1,lw=0.8,r=0.02,w=0.25; a=1,lw=0.8,r=0.015,w=0.25"
five_level_weak_anharmonic,seed_target10_leak15_target08_leak08,0.03,static_only,0.0,0.0,28,0.9403676030428352,0.002594713610131749,0.07980046611615155,0.0425943243842996,0.9999969821542931,0.0031825845501593833,120,105.0129775928799,0.2914932231465954,1958,False,"target-1.0 seed, target 0.8 then leak 0.8","a=1,lw=1.5,r=0.04,w=0.25; a=1,lw=0.8,r=0.02,w=0.25; a=1,lw=0.8,r=0.015,w=0.25"
five_level_weak_anharmonic,seed_target10_leak15_target08_leak08,0.03,static_only,0.0,0.0,29,0.9743888744361825,0.0005007472072966479,0.06015586356326552,0.013100181092284861,0.9999973977893116,0.0031825845501593833,120,105.0129775928799,0.2914932231465954,1958,False,"target-1.0 seed, target 0.8 then leak 0.8","a=1,lw=1.5,r=0.04,w=0.25; a=1,lw=0.8,r=0.02,w=0.25; a=1,lw=0.8,r=0.015,w=0.25"
five_level_weak_anharmonic,seed_target10_leak15_target08_leak08,0.03,static_only,0.0,0.0,30,0.980554051933874,0.002097522784350603,0.06674965191593452,0.03264808209337562,0.9999975457901057,0.0031825845501593833,120,105.0129775928799,0.2914932231465954,1958,False,"target-1.0 seed, target 0.8 then leak 0.8","a=1,lw=1.5,r=0.04,w=0.25; a=1,lw=0.8,r=0.02,w=0.25; a=1,lw=0.8,r=0.015,w=0.25"
five_level_weak_anharmonic,seed_target10_leak15_target08_leak08,0.03,static_only,0.0,0.0,31,0.9362627623225122,0.005259778994351039,0.08879915133182303,0.05924953210520918,0.9999968995032437,0.0031825845501593833,120,105.0129775928799,0.2914932231465954,1958,False,"target-1.0 seed, target 0.8 then leak 0.8","a=1,lw=1.5,r=0.04,w=0.25; a=1,lw=0.8,r=0.02,w=0.25; a=1,lw=0.8,r=0.015,w=0.25"
five_level_weak_anharmonic,seed_target10_leak15_target08_leak08,0.03,static_only,0.0,0.0,32,0.9727821741467598,0.0017850980218766521,0.07335297074781066,0.033800791650793395,0.9999966425178787,0.0031825845501593833,120,105.0129775928799,0.2914932231465954,1958,False,"target-1.0 seed, target 0.8 then leak 0.8","a=1,lw=1.5,r=0.04,w=0.25; a=1,lw=0.8,r=0.02,w=0.25; a=1,lw=0.8,r=0.015,w=0.25"
five_level_weak_anharmonic,seed_target10_leak15_target08_leak08,0.03,static_only,0.0,0.0,33,0.9864200665263683,0.0034415138430939907,0.07110217552244302,0.023288771761231213,0.9999976203786723,0.0031825845501593833,120,105.0129775928799,0.2914932231465954,1958,False,"target-1.0 seed, target 0.8 then leak 0.8","a=1,lw=1.5,r=0.04,w=0.25; a=1,lw=0.8,r=0.02,w=0.25; a=1,lw=0.8,r=0.015,w=0.25"
five_level_weak_anharmonic,seed_target10_leak15_target08_leak08,0.03,static_only,0.0,0.0,34,0.9942243922672395,0.0019900994261577987,0.08357566677197381,0.01515916389564719,0.9999972767027351,0.0031825845501593833,120,105.0129775928799,0.2914932231465954,1958,False,"target-1.0 seed, target 0.8 then leak 0.8","a=1,lw=1.5,r=0.04,w=0.25; a=1,lw=0.8,r=0.02,w=0.25; a=1,lw=0.8,r=0.015,w=0.25"
five_level_weak_anharmonic,seed_target10_leak15_target08_leak08,0.03,static_only,0.0,0.0,35,0.8751395386987684,0.0030246855166757847,0.08387703638242217,0.08023458439881974,0.9999972427027702,0.0031825845501593833,120,105.0129775928799,0.2914932231465954,1958,False,"target-1.0 seed, target 0.8 then leak 0.8","a=1,lw=1.5,r=0.04,w=0.25; a=1,lw=0.8,r=0.02,w=0.25; a=1,lw=0.8,r=0.015,w=0.25"
five_level_weak_anharmonic,seed_target10_leak15_target08_leak08,0.03,static_only,0.0,0.0,36,0.9927401873976116,0.0025057568746990055,0.07236225800895257,0.0118646262795174,0.9999972942139376,0.0031825845501593833,120,105.0129775928799,0.2914932231465954,1958,False,"target-1.0 seed, target 0.8 then leak 0.8","a=1,lw=1.5,r=0.04,w=0.25; a=1,lw=0.8,r=0.02,w=0.25; a=1,lw=0.8,r=0.015,w=0.25"
five_level_weak_anharmonic,seed_target10_leak15_target08_leak08,0.03,static_only,0.0,0.0,37,0.828591890796747,0.0007096481631857499,0.052033336486512316,0.1415451713858082,0.9999980127221523,0.0031825845501593833,120,105.0129775928799,0.2914932231465954,1958,False,"target-1.0 seed, target 0.8 then leak 0.8","a=1,lw=1.5,r=0.04,w=0.25; a=1,lw=0.8,r=0.02,w=0.25; a=1,lw=0.8,r=0.015,w=0.25"
five_level_weak_anharmonic,seed_target10_leak15_target08_leak08,0.03,static_only,0.0,0.0,38,0.959700894365813,0.003018327162393586,0.059733343006023176,0.06474605079003949,0.9999977787007759,0.0031825845501593833,120,105.0129775928799,0.2914932231465954,1958,False,"target-1.0 seed, target 0.8 then leak 0.8","a=1,lw=1.5,r=0.04,w=0.25; a=1,lw=0.8,r=0.02,w=0.25; a=1,lw=0.8,r=0.015,w=0.25"
five_level_weak_anharmonic,seed_target10_leak15_target08_leak08,0.03,static_only,0.0,0.0,39,0.9914681285567023,0.0016753264682053404,0.07528007135286874,0.01643628507819956,0.9999971198767847,0.0031825845501593833,120,105.0129775928799,0.2914932231465954,1958,False,"target-1.0 seed, target 0.8 then leak 0.8","a=1,lw=1.5,r=0.04,w=0.25; a=1,lw=0.8,r=0.02,w=0.25; a=1,lw=0.8,r=0.015,w=0.25"
five_level_weak_anharmonic,seed_target10_leak15_target08_leak08,0.03,static_only,0.0,0.0,40,0.9840830514871814,0.00047507394800938574,0.0639241553558767,0.007424867900723644,0.999996984407002,0.0031825845501593833,120,105.0129775928799,0.2914932231465954,1958,False,"target-1.0 seed, target 0.8 then leak 0.8","a=1,lw=1.5,r=0.04,w=0.25; a=1,lw=0.8,r=0.02,w=0.25; a=1,lw=0.8,r=0.015,w=0.25"
five_level_weak_anharmonic,seed_target10_leak15_target08_leak08,0.03,static_only,0.0,0.0,41,0.9340766999387758,0.003002796843954436,0.06644448198986985,0.047911078670616905,0.999996920894839,0.0031825845501593833,120,105.0129775928799,0.2914932231465954,1958,False,"target-1.0 seed, target 0.8 then leak 0.8","a=1,lw=1.5,r=0.04,w=0.25; a=1,lw=0.8,r=0.02,w=0.25; a=1,lw=0.8,r=0.015,w=0.25"
five_level_weak_anharmonic,seed_target10_leak15_target08_leak08,0.03,static_only,0.0,0.0,42,0.9806934016611505,0.0016584446793059815,0.07083031340594159,0.016049282278384248,0.9999971743644231,0.0031825845501593833,120,105.0129775928799,0.2914932231465954,1958,False,"target-1.0 seed, target 0.8 then leak 0.8","a=1,lw=1.5,r=0.04,w=0.25; a=1,lw=0.8,r=0.02,w=0.25; a=1,lw=0.8,r=0.015,w=0.25"
five_level_weak_anharmonic,seed_target10_leak15_target08_leak08,0.03,static_only,0.0,0.0,43,0.9740654968396908,0.0017579129539145866,0.0595431473907424,0.0340716466873314,0.9999974226989592,0.0031825845501593833,120,105.0129775928799,0.2914932231465954,1958,False,"target-1.0 seed, target 0.8 then leak 0.8","a=1,lw=1.5,r=0.04,w=0.25; a=1,lw=0.8,r=0.02,w=0.25; a=1,lw=0.8,r=0.015,w=0.25"
five_level_weak_anharmonic,seed_target10_leak15_target08_leak08,0.03,static_only,0.0,0.0,44,0.9517813467192596,0.0009607033478205018,0.05785115163469001,0.053086423674960574,0.9999976939320513,0.0031825845501593833,120,105.0129775928799,0.2914932231465954,1958,False,"target-1.0 seed, target 0.8 then leak 0.8","a=1,lw=1.5,r=0.04,w=0.25; a=1,lw=0.8,r=0.02,w=0.25; a=1,lw=0.8,r=0.015,w=0.25"
five_level_weak_anharmonic,seed_target10_leak15_target08_leak08,0.03,static_only,0.0,0.0,45,0.9976956066829528,0.0011189793424797312,0.07957972912167899,0.008389982020567137,0.9999974295873801,0.0031825845501593833,120,105.0129775928799,0.2914932231465954,1958,False,"target-1.0 seed, target 0.8 then leak 0.8","a=1,lw=1.5,r=0.04,w=0.25; a=1,lw=0.8,r=0.02,w=0.25; a=1,lw=0.8,r=0.015,w=0.25"
five_level_weak_anharmonic,seed_target10_leak15_target08_leak08,0.03,static_only,0.0,0.0,46,0.9889470841796513,0.0028447397550382947,0.06268093174900913,0.014620591691139455,0.9999969101009404,0.0031825845501593833,120,105.0129775928799,0.2914932231465954,1958,False,"target-1.0 seed, target 0.8 then leak 0.8","a=1,lw=1.5,r=0.04,w=0.25; a=1,lw=0.8,r=0.02,w=0.25; a=1,lw=0.8,r=0.015,w=0.25"
five_level_weak_anharmonic,seed_target10_leak15_target08_leak08,0.03,static_only,0.0,0.0,47,0.9634597282291216,0.004392604721325188,0.06142102096775681,0.01931796645492486,0.9999971874209874,0.0031825845501593833,120,105.0129775928799,0.2914932231465954,1958,False,"target-1.0 seed, target 0.8 then leak 0.8","a=1,lw=1.5,r=0.04,w=0.25; a=1,lw=0.8,r=0.02,w=0.25; a=1,lw=0.8,r=0.015,w=0.25"
five_level_weak_anharmonic,seed_target10_leak15_target08_leak08,0.03,static_only,0.0,0.0,48,0.9344948232902484,0.002112546097356116,0.07136360552482435,0.07644243640957538,0.9999962515767765,0.0031825845501593833,120,105.0129775928799,0.2914932231465954,1958,False,"target-1.0 seed, target 0.8 then leak 0.8","a=1,lw=1.5,r=0.04,w=0.25; a=1,lw=0.8,r=0.02,w=0.25; a=1,lw=0.8,r=0.015,w=0.25"
five_level_weak_anharmonic,seed_target10_leak15_target08_leak08,0.03,static_only,0.0,0.0,49,0.9754736856193118,0.00308392348222164,0.07308145640663999,0.01118723733974377,0.9999972394065579,0.0031825845501593833,120,105.0129775928799,0.2914932231465954,1958,False,"target-1.0 seed, target 0.8 then leak 0.8","a=1,lw=1.5,r=0.04,w=0.25; a=1,lw=0.8,r=0.02,w=0.25; a=1,lw=0.8,r=0.015,w=0.25"
five_level_weak_anharmonic,seed_target10_leak15_target08_leak08,0.03,static_only,0.0,0.0,50,0.9726627164449135,0.002363454288796696,0.07526975507255051,0.03140857342520638,0.9999977571997334,0.0031825845501593833,120,105.0129775928799,0.2914932231465954,1958,False,"target-1.0 seed, target 0.8 then leak 0.8","a=1,lw=1.5,r=0.04,w=0.25; a=1,lw=0.8,r=0.02,w=0.25; a=1,lw=0.8,r=0.015,w=0.25"
five_level_weak_anharmonic,seed_target10_leak15_target08_leak08,0.03,static_only,0.0,0.0,51,0.9490992565012045,0.0019120126578475727,0.07222139275757933,0.027571837055040082,0.9999970539847156,0.0031825845501593833,120,105.0129775928799,0.2914932231465954,1958,False,"target-1.0 seed, target 0.8 then leak 0.8","a=1,lw=1.5,r=0.04,w=0.25; a=1,lw=0.8,r=0.02,w=0.25; a=1,lw=0.8,r=0.015,w=0.25"
five_level_weak_anharmonic,seed_target10_leak15_target08_leak08,0.03,static_only,0.0,0.0,52,0.9508917959863401,0.0013454472751177615,0.07115562126167996,0.03655714510289926,0.9999969027304739,0.0031825845501593833,120,105.0129775928799,0.2914932231465954,1958,False,"target-1.0 seed, target 0.8 then leak 0.8","a=1,lw=1.5,r=0.04,w=0.25; a=1,lw=0.8,r=0.02,w=0.25; a=1,lw=0.8,r=0.015,w=0.25"
five_level_weak_anharmonic,seed_target10_leak15_target08_leak08,0.03,static_only,0.0,0.0,53,0.9307871682738423,0.0017430810366638738,0.07356736321425172,0.08404003282191233,0.9999970314640341,0.0031825845501593833,120,105.0129775928799,0.2914932231465954,1958,False,"target-1.0 seed, target 0.8 then leak 0.8","a=1,lw=1.5,r=0.04,w=0.25; a=1,lw=0.8,r=0.02,w=0.25; a=1,lw=0.8,r=0.015,w=0.25"
five_level_weak_anharmonic,seed_target10_leak15_target08_leak08,0.03,static_only,0.0,0.0,54,0.9607510668289343,0.00160694249609461,0.07378230563749821,0.05190977188513537,0.9999971830641775,0.0031825845501593833,120,105.0129775928799,0.2914932231465954,1958,False,"target-1.0 seed, target 0.8 then leak 0.8","a=1,lw=1.5,r=0.04,w=0.25; a=1,lw=0.8,r=0.02,w=0.25; a=1,lw=0.8,r=0.015,w=0.25"
five_level_weak_anharmonic,seed_target10_leak15_target08_leak08,0.03,static_only,0.0,0.0,55,0.9356226083859119,0.0028331784949852112,0.0781531050375126,0.06840215692709087,0.9999975102628949,0.0031825845501593833,120,105.0129775928799,0.2914932231465954,1958,False,"target-1.0 seed, target 0.8 then leak 0.8","a=1,lw=1.5,r=0.04,w=0.25; a=1,lw=0.8,r=0.02,w=0.25; a=1,lw=0.8,r=0.015,w=0.25"
five_level_weak_anharmonic,seed_target10_leak15_target08_leak08,0.03,static_only,0.0,0.0,56,0.9728832923919113,0.0022170257859056575,0.07238393397337428,0.039660190210099026,0.9999969254250725,0.0031825845501593833,120,105.0129775928799,0.2914932231465954,1958,False,"target-1.0 seed, target 0.8 then leak 0.8","a=1,lw=1.5,r=0.04,w=0.25; a=1,lw=0.8,r=0.02,w=0.25; a=1,lw=0.8,r=0.015,w=0.25"
five_level_weak_anharmonic,seed_target10_leak15_target08_leak08,0.03,static_only,0.0,0.0,57,0.8760536862128752,0.004983597727367894,0.08857064168642981,0.08657116336618804,0.9999974841184048,0.0031825845501593833,120,105.0129775928799,0.2914932231465954,1958,False,"target-1.0 seed, target 0.8 then leak 0.8","a=1,lw=1.5,r=0.04,w=0.25; a=1,lw=0.8,r=0.02,w=0.25; a=1,lw=0.8,r=0.015,w=0.25"
five_level_weak_anharmonic,seed_target10_leak15_target08_leak08,0.03,static_only,0.0,0.0,58,0.9959374019961802,0.002948013917688397,0.05727244834807199,0.005925260946625346,0.999997401760465,0.0031825845501593833,120,105.0129775928799,0.2914932231465954,1958,False,"target-1.0 seed, target 0.8 then leak 0.8","a=1,lw=1.5,r=0.04,w=0.25; a=1,lw=0.8,r=0.02,w=0.25; a=1,lw=0.8,r=0.015,w=0.25"
five_level_weak_anharmonic,seed_target10_leak15_target08_leak08,0.03,static_only,0.0,0.0,59,0.9689714310076583,0.003935590587223148,0.086242400753484,0.037507915363321626,0.9999964484231761,0.0031825845501593833,120,105.0129775928799,0.2914932231465954,1958,False,"target-1.0 seed, target 0.8 then leak 0.8","a=1,lw=1.5,r=0.04,w=0.25; a=1,lw=0.8,r=0.02,w=0.25; a=1,lw=0.8,r=0.015,w=0.25"
five_level_weak_anharmonic,seed_target10_leak15_target08_leak08,0.03,deph_0.001,0.001,0.0,10,0.8836926147473219,0.002448936658174472,0.07006783022333618,0.06928938728037204,0.9870180900264794,0.0031825845501593833,120,105.0129775928799,0.2914932231465954,1958,False,"target-1.0 seed, target 0.8 then leak 0.8","a=1,lw=1.5,r=0.04,w=0.25; a=1,lw=0.8,r=0.02,w=0.25; a=1,lw=0.8,r=0.015,w=0.25"
five_level_weak_anharmonic,seed_target10_leak15_target08_leak08,0.03,deph_0.001,0.001,0.0,11,0.9365011788423923,0.004343070889609835,0.07953177401132239,0.06649005869217371,0.9877898456593851,0.0031825845501593833,120,105.0129775928799,0.2914932231465954,1958,False,"target-1.0 seed, target 0.8 then leak 0.8","a=1,lw=1.5,r=0.04,w=0.25; a=1,lw=0.8,r=0.02,w=0.25; a=1,lw=0.8,r=0.015,w=0.25"
five_level_weak_anharmonic,seed_target10_leak15_target08_leak08,0.03,deph_0.001,0.001,0.0,12,0.9350034464509446,0.0015179263842366453,0.06058542821929669,0.06059172383984055,0.9884644185163973,0.0031825845501593833,120,105.0129775928799,0.2914932231465954,1958,False,"target-1.0 seed, target 0.8 then leak 0.8","a=1,lw=1.5,r=0.04,w=0.25; a=1,lw=0.8,r=0.02,w=0.25; a=1,lw=0.8,r=0.015,w=0.25"
five_level_weak_anharmonic,seed_target10_leak15_target08_leak08,0.03,deph_0.001,0.001,0.0,13,0.8360456890113079,0.002580192738900866,0.06868353801664118,0.1782257802005409,0.9766150866344153,0.0031825845501593833,120,105.0129775928799,0.2914932231465954,1958,False,"target-1.0 seed, target 0.8 then leak 0.8","a=1,lw=1.5,r=0.04,w=0.25; a=1,lw=0.8,r=0.02,w=0.25; a=1,lw=0.8,r=0.015,w=0.25"
five_level_weak_anharmonic,seed_target10_leak15_target08_leak08,0.03,deph_0.001,0.001,0.0,14,0.8889377628436459,0.003237483549475062,0.07040200588694812,0.11993067073381818,0.9809513822294916,0.0031825845501593833,120,105.0129775928799,0.2914932231465954,1958,False,"target-1.0 seed, target 0.8 then leak 0.8","a=1,lw=1.5,r=0.04,w=0.25; a=1,lw=0.8,r=0.02,w=0.25; a=1,lw=0.8,r=0.015,w=0.25"
five_level_weak_anharmonic,seed_target10_leak15_target08_leak08,0.03,deph_0.001,0.001,0.0,15,0.984156770711355,0.00284025244455155,0.07794121302594248,0.01199725664349232,0.9868858580037644,0.0031825845501593833,120,105.0129775928799,0.2914932231465954,1958,False,"target-1.0 seed, target 0.8 then leak 0.8","a=1,lw=1.5,r=0.04,w=0.25; a=1,lw=0.8,r=0.02,w=0.25; a=1,lw=0.8,r=0.015,w=0.25"
five_level_weak_anharmonic,seed_target10_leak15_target08_leak08,0.03,deph_0.001,0.001,0.0,16,0.9726088580738417,0.003108885155830632,0.08556535736886883,0.02581858768536567,0.9884777514224597,0.0031825845501593833,120,105.0129775928799,0.2914932231465954,1958,False,"target-1.0 seed, target 0.8 then leak 0.8","a=1,lw=1.5,r=0.04,w=0.25; a=1,lw=0.8,r=0.02,w=0.25; a=1,lw=0.8,r=0.015,w=0.25"
five_level_weak_anharmonic,seed_target10_leak15_target08_leak08,0.03,deph_0.001,0.001,0.0,17,0.9039944910268336,0.002809033580496001,0.06218327483947217,0.07053724350790433,0.9831968876348918,0.0031825845501593833,120,105.0129775928799,0.2914932231465954,1958,False,"target-1.0 seed, target 0.8 then leak 0.8","a=1,lw=1.5,r=0.04,w=0.25; a=1,lw=0.8,r=0.02,w=0.25; a=1,lw=0.8,r=0.015,w=0.25"
five_level_weak_anharmonic,seed_target10_leak15_target08_leak08,0.03,deph_0.001,0.001,0.0,18,0.9744708804506803,0.0029291846715155945,0.06764368603623705,0.019579237392066177,0.9857218894906965,0.0031825845501593833,120,105.0129775928799,0.2914932231465954,1958,False,"target-1.0 seed, target 0.8 then leak 0.8","a=1,lw=1.5,r=0.04,w=0.25; a=1,lw=0.8,r=0.02,w=0.25; a=1,lw=0.8,r=0.015,w=0.25"
five_level_weak_anharmonic,seed_target10_leak15_target08_leak08,0.03,deph_0.001,0.001,0.0,19,0.9388600153366331,0.003736788436036864,0.06642423746642878,0.05494251570338332,0.9888053169996132,0.0031825845501593833,120,105.0129775928799,0.2914932231465954,1958,False,"target-1.0 seed, target 0.8 then leak 0.8","a=1,lw=1.5,r=0.04,w=0.25; a=1,lw=0.8,r=0.02,w=0.25; a=1,lw=0.8,r=0.015,w=0.25"
five_level_weak_anharmonic,seed_target10_leak15_target08_leak08,0.03,deph_0.001,0.001,0.0,20,0.8863304649786298,0.0038339278166165114,0.07144424001911509,0.08271848798403904,0.9864652050167918,0.0031825845501593833,120,105.0129775928799,0.2914932231465954,1958,False,"target-1.0 seed, target 0.8 then leak 0.8","a=1,lw=1.5,r=0.04,w=0.25; a=1,lw=0.8,r=0.02,w=0.25; a=1,lw=0.8,r=0.015,w=0.25"
five_level_weak_anharmonic,seed_target10_leak15_target08_leak08,0.03,deph_0.001,0.001,0.0,21,0.9601906608002443,0.005012475378222803,0.05957016992489139,0.025447631588222386,0.9891796583364851,0.0031825845501593833,120,105.0129775928799,0.2914932231465954,1958,False,"target-1.0 seed, target 0.8 then leak 0.8","a=1,lw=1.5,r=0.04,w=0.25; a=1,lw=0.8,r=0.02,w=0.25; a=1,lw=0.8,r=0.015,w=0.25"
five_level_weak_anharmonic,seed_target10_leak15_target08_leak08,0.03,deph_0.001,0.001,0.0,22,0.9423670291580398,0.0035686853790639628,0.07431852330558675,0.047525958885113864,0.9883934391584115,0.0031825845501593833,120,105.0129775928799,0.2914932231465954,1958,False,"target-1.0 seed, target 0.8 then leak 0.8","a=1,lw=1.5,r=0.04,w=0.25; a=1,lw=0.8,r=0.02,w=0.25; a=1,lw=0.8,r=0.015,w=0.25"
five_level_weak_anharmonic,seed_target10_leak15_target08_leak08,0.03,deph_0.001,0.001,0.0,23,0.9851303843029626,0.0029319180204817608,0.06465835004673104,0.0178531051505984,0.9879912280603419,0.0031825845501593833,120,105.0129775928799,0.2914932231465954,1958,False,"target-1.0 seed, target 0.8 then leak 0.8","a=1,lw=1.5,r=0.04,w=0.25; a=1,lw=0.8,r=0.02,w=0.25; a=1,lw=0.8,r=0.015,w=0.25"
five_level_weak_anharmonic,seed_target10_leak15_target08_leak08,0.03,deph_0.001,0.001,0.0,24,0.9704105376635039,0.0029732010784259133,0.06252177241392953,0.03945699914959917,0.9849023690113994,0.0031825845501593833,120,105.0129775928799,0.2914932231465954,1958,False,"target-1.0 seed, target 0.8 then leak 0.8","a=1,lw=1.5,r=0.04,w=0.25; a=1,lw=0.8,r=0.02,w=0.25; a=1,lw=0.8,r=0.015,w=0.25"
five_level_weak_anharmonic,seed_target10_leak15_target08_leak08,0.03,deph_0.001,0.001,0.0,25,0.9657443498796512,0.00373490539969068,0.06923669207781202,0.04579198518625922,0.9848941070869777,0.0031825845501593833,120,105.0129775928799,0.2914932231465954,1958,False,"target-1.0 seed, target 0.8 then leak 0.8","a=1,lw=1.5,r=0.04,w=0.25; a=1,lw=0.8,r=0.02,w=0.25; a=1,lw=0.8,r=0.015,w=0.25"
five_level_weak_anharmonic,seed_target10_leak15_target08_leak08,0.03,deph_0.001,0.001,0.0,26,0.9912449562021048,0.0018610347928854631,0.07632739377340014,0.00967011399964397,0.9867618648956991,0.0031825845501593833,120,105.0129775928799,0.2914932231465954,1958,False,"target-1.0 seed, target 0.8 then leak 0.8","a=1,lw=1.5,r=0.04,w=0.25; a=1,lw=0.8,r=0.02,w=0.25; a=1,lw=0.8,r=0.015,w=0.25"
five_level_weak_anharmonic,seed_target10_leak15_target08_leak08,0.03,deph_0.001,0.001,0.0,27,0.9592409206621006,0.00214763392909767,0.062436956565502744,0.04790473728034415,0.9835667441155804,0.0031825845501593833,120,105.0129775928799,0.2914932231465954,1958,False,"target-1.0 seed, target 0.8 then leak 0.8","a=1,lw=1.5,r=0.04,w=0.25; a=1,lw=0.8,r=0.02,w=0.25; a=1,lw=0.8,r=0.015,w=0.25"
five_level_weak_anharmonic,seed_target10_leak15_target08_leak08,0.03,deph_0.001,0.001,0.0,28,0.9355264056454358,0.003562840607065909,0.08045855774845612,0.04775953606301016,0.9882395467528597,0.0031825845501593833,120,105.0129775928799,0.2914932231465954,1958,False,"target-1.0 seed, target 0.8 then leak 0.8","a=1,lw=1.5,r=0.04,w=0.25; a=1,lw=0.8,r=0.02,w=0.25; a=1,lw=0.8,r=0.015,w=0.25"
five_level_weak_anharmonic,seed_target10_leak15_target08_leak08,0.03,deph_0.001,0.001,0.0,29,0.9687868828408731,0.001303407586159544,0.06073503357859078,0.018836321965946205,0.9882588806870831,0.0031825845501593833,120,105.0129775928799,0.2914932231465954,1958,False,"target-1.0 seed, target 0.8 then leak 0.8","a=1,lw=1.5,r=0.04,w=0.25; a=1,lw=0.8,r=0.02,w=0.25; a=1,lw=0.8,r=0.015,w=0.25"
five_level_weak_anharmonic,seed_target10_leak15_target08_leak08,0.03,deph_0.001,0.001,0.0,30,0.9739968991004818,0.002941708767155493,0.06665525351076163,0.03856101382558069,0.9836351473358613,0.0031825845501593833,120,105.0129775928799,0.2914932231465954,1958,False,"target-1.0 seed, target 0.8 then leak 0.8","a=1,lw=1.5,r=0.04,w=0.25; a=1,lw=0.8,r=0.02,w=0.25; a=1,lw=0.8,r=0.015,w=0.25"
five_level_weak_anharmonic,seed_target10_leak15_target08_leak08,0.03,deph_0.001,0.001,0.0,31,0.9310930977433719,0.006281620875284832,0.08941752053922936,0.064456569349967,0.9870915526972047,0.0031825845501593833,120,105.0129775928799,0.2914932231465954,1958,False,"target-1.0 seed, target 0.8 then leak 0.8","a=1,lw=1.5,r=0.04,w=0.25; a=1,lw=0.8,r=0.02,w=0.25; a=1,lw=0.8,r=0.015,w=0.25"
five_level_weak_anharmonic,seed_target10_leak15_target08_leak08,0.03,deph_0.001,0.001,0.0,32,0.9673021886025599,0.0028889811459208437,0.07325572755433507,0.0390108652387648,0.9882331985503023,0.0031825845501593833,120,105.0129775928799,0.2914932231465954,1958,False,"target-1.0 seed, target 0.8 then leak 0.8","a=1,lw=1.5,r=0.04,w=0.25; a=1,lw=0.8,r=0.02,w=0.25; a=1,lw=0.8,r=0.015,w=0.25"
five_level_weak_anharmonic,seed_target10_leak15_target08_leak08,0.03,deph_0.001,0.001,0.0,33,0.979365002431819,0.004336516998578399,0.0709874312028802,0.029786602915993797,0.9834300757623622,0.0031825845501593833,120,105.0129775928799,0.2914932231465954,1958,False,"target-1.0 seed, target 0.8 then leak 0.8","a=1,lw=1.5,r=0.04,w=0.25; a=1,lw=0.8,r=0.02,w=0.25; a=1,lw=0.8,r=0.015,w=0.25"
five_level_weak_anharmonic,seed_target10_leak15_target08_leak08,0.03,deph_0.001,0.001,0.0,34,0.9873005866585896,0.003175421929858868,0.08415414931072163,0.02173243901139058,0.9851143873337616,0.0031825845501593833,120,105.0129775928799,0.2914932231465954,1958,False,"target-1.0 seed, target 0.8 then leak 0.8","a=1,lw=1.5,r=0.04,w=0.25; a=1,lw=0.8,r=0.02,w=0.25; a=1,lw=0.8,r=0.015,w=0.25"
five_level_weak_anharmonic,seed_target10_leak15_target08_leak08,0.03,deph_0.001,0.001,0.0,35,0.8718088827823314,0.004243411627161353,0.08443186351684606,0.084657846202053,0.9849069157548838,0.0031825845501593833,120,105.0129775928799,0.2914932231465954,1958,False,"target-1.0 seed, target 0.8 then leak 0.8","a=1,lw=1.5,r=0.04,w=0.25; a=1,lw=0.8,r=0.02,w=0.25; a=1,lw=0.8,r=0.015,w=0.25"
five_level_weak_anharmonic,seed_target10_leak15_target08_leak08,0.03,deph_0.001,0.001,0.0,36,0.9872469776703215,0.0033870078753686084,0.0729827010568812,0.017310483572507494,0.9886307604009188,0.0031825845501593833,120,105.0129775928799,0.2914932231465954,1958,False,"target-1.0 seed, target 0.8 then leak 0.8","a=1,lw=1.5,r=0.04,w=0.25; a=1,lw=0.8,r=0.02,w=0.25; a=1,lw=0.8,r=0.015,w=0.25"
five_level_weak_anharmonic,seed_target10_leak15_target08_leak08,0.03,deph_0.001,0.001,0.0,37,0.8246125823877228,0.0014805700440972958,0.05254053463150299,0.145965637042955,0.9790575146021987,0.0031825845501593833,120,105.0129775928799,0.2914932231465954,1958,False,"target-1.0 seed, target 0.8 then leak 0.8","a=1,lw=1.5,r=0.04,w=0.25; a=1,lw=0.8,r=0.02,w=0.25; a=1,lw=0.8,r=0.015,w=0.25"
five_level_weak_anharmonic,seed_target10_leak15_target08_leak08,0.03,deph_0.001,0.001,0.0,38,0.9530409123624527,0.0037379809037463296,0.059653380585957594,0.07042656580634675,0.9818193501623457,0.0031825845501593833,120,105.0129775928799,0.2914932231465954,1958,False,"target-1.0 seed, target 0.8 then leak 0.8","a=1,lw=1.5,r=0.04,w=0.25; a=1,lw=0.8,r=0.02,w=0.25; a=1,lw=0.8,r=0.015,w=0.25"
five_level_weak_anharmonic,seed_target10_leak15_target08_leak08,0.03,deph_0.001,0.001,0.0,39,0.9855457234740219,0.0027750572012438246,0.075919446608395,0.022148650698260202,0.9869799363435834,0.0031825845501593833,120,105.0129775928799,0.2914932231465954,1958,False,"target-1.0 seed, target 0.8 then leak 0.8","a=1,lw=1.5,r=0.04,w=0.25; a=1,lw=0.8,r=0.02,w=0.25; a=1,lw=0.8,r=0.015,w=0.25"
five_level_weak_anharmonic,seed_target10_leak15_target08_leak08,0.03,deph_0.001,0.001,0.0,40,0.978616772238657,0.0014819385560302933,0.06384879588568726,0.013031754547838234,0.9885523155795312,0.0031825845501593833,120,105.0129775928799,0.2914932231465954,1958,False,"target-1.0 seed, target 0.8 then leak 0.8","a=1,lw=1.5,r=0.04,w=0.25; a=1,lw=0.8,r=0.02,w=0.25; a=1,lw=0.8,r=0.015,w=0.25"
five_level_weak_anharmonic,seed_target10_leak15_target08_leak08,0.03,deph_0.001,0.001,0.0,41,0.9300059468466397,0.004148034941062417,0.06635996735123906,0.052353198657378634,0.9881360172257548,0.0031825845501593833,120,105.0129775928799,0.2914932231465954,1958,False,"target-1.0 seed, target 0.8 then leak 0.8","a=1,lw=1.5,r=0.04,w=0.25; a=1,lw=0.8,r=0.02,w=0.25; a=1,lw=0.8,r=0.015,w=0.25"
five_level_weak_anharmonic,seed_target10_leak15_target08_leak08,0.03,deph_0.001,0.001,0.0,42,0.9739361988496851,0.0027220602374569136,0.07139141764177215,0.022549192201981448,0.9868080763237553,0.0031825845501593833,120,105.0129775928799,0.2914932231465954,1958,False,"target-1.0 seed, target 0.8 then leak 0.8","a=1,lw=1.5,r=0.04,w=0.25; a=1,lw=0.8,r=0.02,w=0.25; a=1,lw=0.8,r=0.015,w=0.25"
five_level_weak_anharmonic,seed_target10_leak15_target08_leak08,0.03,deph_0.001,0.001,0.0,43,0.9687656593058122,0.0025478416188569053,0.05945742601333426,0.03916717736569354,0.9863179440966855,0.0031825845501593833,120,105.0129775928799,0.2914932231465954,1958,False,"target-1.0 seed, target 0.8 then leak 0.8","a=1,lw=1.5,r=0.04,w=0.25; a=1,lw=0.8,r=0.02,w=0.25; a=1,lw=0.8,r=0.015,w=0.25"
five_level_weak_anharmonic,seed_target10_leak15_target08_leak08,0.03,deph_0.001,0.001,0.0,44,0.9448121663689666,0.0016265351046488297,0.05777410031017516,0.05940461412953568,0.9829528913240929,0.0031825845501593833,120,105.0129775928799,0.2914932231465954,1958,False,"target-1.0 seed, target 0.8 then leak 0.8","a=1,lw=1.5,r=0.04,w=0.25; a=1,lw=0.8,r=0.02,w=0.25; a=1,lw=0.8,r=0.015,w=0.25"
five_level_weak_anharmonic,seed_target10_leak15_target08_leak08,0.03,deph_0.001,0.001,0.0,45,0.9906920546880474,0.0023070307438021187,0.08019506249647046,0.015033945037982286,0.9859916087421158,0.0031825845501593833,120,105.0129775928799,0.2914932231465954,1958,False,"target-1.0 seed, target 0.8 then leak 0.8","a=1,lw=1.5,r=0.04,w=0.25; a=1,lw=0.8,r=0.02,w=0.25; a=1,lw=0.8,r=0.015,w=0.25"
five_level_weak_anharmonic,seed_target10_leak15_target08_leak08,0.03,deph_0.001,0.001,0.0,46,0.9842431300459966,0.0037444611556496366,0.06258982381677469,0.01928478471486409,0.990297413969579,0.0031825845501593833,120,105.0129775928799,0.2914932231465954,1958,False,"target-1.0 seed, target 0.8 then leak 0.8","a=1,lw=1.5,r=0.04,w=0.25; a=1,lw=0.8,r=0.02,w=0.25; a=1,lw=0.8,r=0.015,w=0.25"
five_level_weak_anharmonic,seed_target10_leak15_target08_leak08,0.03,deph_0.001,0.001,0.0,47,0.9591578361223115,0.005186288379133819,0.061970693373661456,0.024123694950859465,0.9887653517083245,0.0031825845501593833,120,105.0129775928799,0.2914932231465954,1958,False,"target-1.0 seed, target 0.8 then leak 0.8","a=1,lw=1.5,r=0.04,w=0.25; a=1,lw=0.8,r=0.02,w=0.25; a=1,lw=0.8,r=0.015,w=0.25"
five_level_weak_anharmonic,seed_target10_leak15_target08_leak08,0.03,deph_0.001,0.001,0.0,48,0.9303156031643646,0.0031560436695096117,0.07195265553448493,0.0803954784995749,0.9882981146300218,0.0031825845501593833,120,105.0129775928799,0.2914932231465954,1958,False,"target-1.0 seed, target 0.8 then leak 0.8","a=1,lw=1.5,r=0.04,w=0.25; a=1,lw=0.8,r=0.02,w=0.25; a=1,lw=0.8,r=0.015,w=0.25"
five_level_weak_anharmonic,seed_target10_leak15_target08_leak08,0.03,deph_0.001,0.001,0.0,49,0.9705092883837825,0.00415913406532098,0.07366352815380273,0.016495239836238934,0.9875736099579726,0.0031825845501593833,120,105.0129775928799,0.2914932231465954,1958,False,"target-1.0 seed, target 0.8 then leak 0.8","a=1,lw=1.5,r=0.04,w=0.25; a=1,lw=0.8,r=0.02,w=0.25; a=1,lw=0.8,r=0.015,w=0.25"
five_level_weak_anharmonic,seed_target10_leak15_target08_leak08,0.03,deph_0.001,0.001,0.0,50,0.9667343823410733,0.0032862961141363334,0.07582626868607067,0.03718759370943094,0.9838803387321596,0.0031825845501593833,120,105.0129775928799,0.2914932231465954,1958,False,"target-1.0 seed, target 0.8 then leak 0.8","a=1,lw=1.5,r=0.04,w=0.25; a=1,lw=0.8,r=0.02,w=0.25; a=1,lw=0.8,r=0.015,w=0.25"
five_level_weak_anharmonic,seed_target10_leak15_target08_leak08,0.03,deph_0.001,0.001,0.0,51,0.9441256920717828,0.003210525383442797,0.07279794811064688,0.033014614052893174,0.9866921350881993,0.0031825845501593833,120,105.0129775928799,0.2914932231465954,1958,False,"target-1.0 seed, target 0.8 then leak 0.8","a=1,lw=1.5,r=0.04,w=0.25; a=1,lw=0.8,r=0.02,w=0.25; a=1,lw=0.8,r=0.015,w=0.25"
five_level_weak_anharmonic,seed_target10_leak15_target08_leak08,0.03,deph_0.001,0.001,0.0,52,0.9465463584988387,0.0025038658676668213,0.071058843001514,0.041133389872244575,0.9887054593704013,0.0031825845501593833,120,105.0129775928799,0.2914932231465954,1958,False,"target-1.0 seed, target 0.8 then leak 0.8","a=1,lw=1.5,r=0.04,w=0.25; a=1,lw=0.8,r=0.02,w=0.25; a=1,lw=0.8,r=0.015,w=0.25"
five_level_weak_anharmonic,seed_target10_leak15_target08_leak08,0.03,deph_0.001,0.001,0.0,53,0.925635955274296,0.002704059902399747,0.07344372296418822,0.08874843930679695,0.9826636710663714,0.0031825845501593833,120,105.0129775928799,0.2914932231465954,1958,False,"target-1.0 seed, target 0.8 then leak 0.8","a=1,lw=1.5,r=0.04,w=0.25; a=1,lw=0.8,r=0.02,w=0.25; a=1,lw=0.8,r=0.015,w=0.25"
five_level_weak_anharmonic,seed_target10_leak15_target08_leak08,0.03,deph_0.001,0.001,0.0,54,0.9550858728734986,0.0025676111393326817,0.07435405873151701,0.05728571922041339,0.984767328087592,0.0031825845501593833,120,105.0129775928799,0.2914932231465954,1958,False,"target-1.0 seed, target 0.8 then leak 0.8","a=1,lw=1.5,r=0.04,w=0.25; a=1,lw=0.8,r=0.02,w=0.25; a=1,lw=0.8,r=0.015,w=0.25"
five_level_weak_anharmonic,seed_target10_leak15_target08_leak08,0.03,deph_0.001,0.001,0.0,55,0.9289004746417014,0.0037701536302571226,0.07873832819146265,0.07461114848282253,0.9816674947757816,0.0031825845501593833,120,105.0129775928799,0.2914932231465954,1958,False,"target-1.0 seed, target 0.8 then leak 0.8","a=1,lw=1.5,r=0.04,w=0.25; a=1,lw=0.8,r=0.02,w=0.25; a=1,lw=0.8,r=0.015,w=0.25"
five_level_weak_anharmonic,seed_target10_leak15_target08_leak08,0.03,deph_0.001,0.001,0.0,56,0.9674795319744232,0.0031484099474926586,0.07226482812066815,0.04479211879912908,0.9868920430634425,0.0031825845501593833,120,105.0129775928799,0.2914932231465954,1958,False,"target-1.0 seed, target 0.8 then leak 0.8","a=1,lw=1.5,r=0.04,w=0.25; a=1,lw=0.8,r=0.02,w=0.25; a=1,lw=0.8,r=0.015,w=0.25"
five_level_weak_anharmonic,seed_target10_leak15_target08_leak08,0.03,deph_0.001,0.001,0.0,57,0.8719697788928149,0.00629285993079276,0.08913344078811403,0.09153260962114604,0.9810093053796175,0.0031825845501593833,120,105.0129775928799,0.2914932231465954,1958,False,"target-1.0 seed, target 0.8 then leak 0.8","a=1,lw=1.5,r=0.04,w=0.25; a=1,lw=0.8,r=0.02,w=0.25; a=1,lw=0.8,r=0.015,w=0.25"
five_level_weak_anharmonic,seed_target10_leak15_target08_leak08,0.03,deph_0.001,0.001,0.0,58,0.9905580068196177,0.003664941873074312,0.05780457567960784,0.011267551721227446,0.9885711223772742,0.0031825845501593833,120,105.0129775928799,0.2914932231465954,1958,False,"target-1.0 seed, target 0.8 then leak 0.8","a=1,lw=1.5,r=0.04,w=0.25; a=1,lw=0.8,r=0.02,w=0.25; a=1,lw=0.8,r=0.015,w=0.25"
five_level_weak_anharmonic,seed_target10_leak15_target08_leak08,0.03,deph_0.001,0.001,0.0,59,0.9643595053224288,0.005082008654616943,0.08681629738964736,0.04209154238081686,0.988682603384679,0.0031825845501593833,120,105.0129775928799,0.2914932231465954,1958,False,"target-1.0 seed, target 0.8 then leak 0.8","a=1,lw=1.5,r=0.04,w=0.25; a=1,lw=0.8,r=0.02,w=0.25; a=1,lw=0.8,r=0.015,w=0.25"
five_level_weak_anharmonic,seed_target10_leak15_target08_leak08,0.03,relax_0.0005,0.0,0.0005,10,0.8726760864283749,0.00139545362378235,0.06926440259838906,0.07856933044787279,0.9600523994825428,0.0031825845501593833,120,105.0129775928799,0.2914932231465954,1958,False,"target-1.0 seed, target 0.8 then leak 0.8","a=1,lw=1.5,r=0.04,w=0.25; a=1,lw=0.8,r=0.02,w=0.25; a=1,lw=0.8,r=0.015,w=0.25"
five_level_weak_anharmonic,seed_target10_leak15_target08_leak08,0.03,relax_0.0005,0.0,0.0005,11,0.9228009198864796,0.003178569772012363,0.07873169649147771,0.07741897569507432,0.9584686013040319,0.0031825845501593833,120,105.0129775928799,0.2914932231465954,1958,False,"target-1.0 seed, target 0.8 then leak 0.8","a=1,lw=1.5,r=0.04,w=0.25; a=1,lw=0.8,r=0.02,w=0.25; a=1,lw=0.8,r=0.015,w=0.25"
five_level_weak_anharmonic,seed_target10_leak15_target08_leak08,0.03,relax_0.0005,0.0,0.0005,12,0.9166311013327277,0.0005932335188746363,0.06008376315294006,0.07572361214852945,0.95781957307112,0.0031825845501593833,120,105.0129775928799,0.2914932231465954,1958,False,"target-1.0 seed, target 0.8 then leak 0.8","a=1,lw=1.5,r=0.04,w=0.25; a=1,lw=0.8,r=0.02,w=0.25; a=1,lw=0.8,r=0.015,w=0.25"
five_level_weak_anharmonic,seed_target10_leak15_target08_leak08,0.03,relax_0.0005,0.0,0.0005,13,0.8260861535341545,0.001727559322503014,0.06857810633575134,0.18690327824040828,0.9736616058655685,0.0031825845501593833,120,105.0129775928799,0.2914932231465954,1958,False,"target-1.0 seed, target 0.8 then leak 0.8","a=1,lw=1.5,r=0.04,w=0.25; a=1,lw=0.8,r=0.02,w=0.25; a=1,lw=0.8,r=0.015,w=0.25"
five_level_weak_anharmonic,seed_target10_leak15_target08_leak08,0.03,relax_0.0005,0.0,0.0005,14,0.8789808516959058,0.0024357300862347664,0.07029742748845713,0.1284552583707386,0.9677097208216127,0.0031825845501593833,120,105.0129775928799,0.2914932231465954,1958,False,"target-1.0 seed, target 0.8 then leak 0.8","a=1,lw=1.5,r=0.04,w=0.25; a=1,lw=0.8,r=0.02,w=0.25; a=1,lw=0.8,r=0.015,w=0.25"
five_level_weak_anharmonic,seed_target10_leak15_target08_leak08,0.03,relax_0.0005,0.0,0.0005,15,0.9683979646507398,0.0016612588757854985,0.07711836964161356,0.024588307444755587,0.9594086692800694,0.0031825845501593833,120,105.0129775928799,0.2914932231465954,1958,False,"target-1.0 seed, target 0.8 then leak 0.8","a=1,lw=1.5,r=0.04,w=0.25; a=1,lw=0.8,r=0.02,w=0.25; a=1,lw=0.8,r=0.015,w=0.25"
five_level_weak_anharmonic,seed_target10_leak15_target08_leak08,0.03,relax_0.0005,0.0,0.0005,16,0.9574228437111599,0.0018522911827971722,0.08472868267082867,0.03791879532235767,0.9573963883062983,0.0031825845501593833,120,105.0129775928799,0.2914932231465954,1958,False,"target-1.0 seed, target 0.8 then leak 0.8","a=1,lw=1.5,r=0.04,w=0.25; a=1,lw=0.8,r=0.02,w=0.25; a=1,lw=0.8,r=0.015,w=0.25"
five_level_weak_anharmonic,seed_target10_leak15_target08_leak08,0.03,relax_0.0005,0.0,0.0005,17,0.8876914976972954,0.0019394812850436205,0.06146518957701663,0.08398156435491785,0.9641185791045082,0.0031825845501593833,120,105.0129775928799,0.2914932231465954,1958,False,"target-1.0 seed, target 0.8 then leak 0.8","a=1,lw=1.5,r=0.04,w=0.25; a=1,lw=0.8,r=0.02,w=0.25; a=1,lw=0.8,r=0.015,w=0.25"
five_level_weak_anharmonic,seed_target10_leak15_target08_leak08,0.03,relax_0.0005,0.0,0.0005,18,0.9595095378964204,0.0019475255216491183,0.06753033162930655,0.031788862090575964,0.961163178942657,0.0031825845501593833,120,105.0129775928799,0.2914932231465954,1958,False,"target-1.0 seed, target 0.8 then leak 0.8","a=1,lw=1.5,r=0.04,w=0.25; a=1,lw=0.8,r=0.02,w=0.25; a=1,lw=0.8,r=0.015,w=0.25"
five_level_weak_anharmonic,seed_target10_leak15_target08_leak08,0.03,relax_0.0005,0.0,0.0005,19,0.9211896396766053,0.0026580886208235066,0.06632085672224886,0.06950698842645324,0.9571731714900936,0.0031825845501593833,120,105.0129775928799,0.2914932231465954,1958,False,"target-1.0 seed, target 0.8 then leak 0.8","a=1,lw=1.5,r=0.04,w=0.25; a=1,lw=0.8,r=0.02,w=0.25; a=1,lw=0.8,r=0.015,w=0.25"
five_level_weak_anharmonic,seed_target10_leak15_target08_leak08,0.03,relax_0.0005,0.0,0.0005,20,0.8695381448917929,0.0026369146307041458,0.07067547722719913,0.09648209434583248,0.9592484220076791,0.0031825845501593833,120,105.0129775928799,0.2914932231465954,1958,False,"target-1.0 seed, target 0.8 then leak 0.8","a=1,lw=1.5,r=0.04,w=0.25; a=1,lw=0.8,r=0.02,w=0.25; a=1,lw=0.8,r=0.015,w=0.25"
five_level_weak_anharmonic,seed_target10_leak15_target08_leak08,0.03,relax_0.0005,0.0,0.0005,21,0.9433632282747529,0.004071528194052432,0.05947790963355626,0.039118157775193944,0.9571728991051229,0.0031825845501593833,120,105.0129775928799,0.2914932231465954,1958,False,"target-1.0 seed, target 0.8 then leak 0.8","a=1,lw=1.5,r=0.04,w=0.25; a=1,lw=0.8,r=0.02,w=0.25; a=1,lw=0.8,r=0.015,w=0.25"
five_level_weak_anharmonic,seed_target10_leak15_target08_leak08,0.03,relax_0.0005,0.0,0.0005,22,0.9285176379117457,0.0024337959849067836,0.07420755337806728,0.05877415862733016,0.957982398824191,0.0031825845501593833,120,105.0129775928799,0.2914932231465954,1958,False,"target-1.0 seed, target 0.8 then leak 0.8","a=1,lw=1.5,r=0.04,w=0.25; a=1,lw=0.8,r=0.02,w=0.25; a=1,lw=0.8,r=0.015,w=0.25"
five_level_weak_anharmonic,seed_target10_leak15_target08_leak08,0.03,relax_0.0005,0.0,0.0005,23,0.9712523151377636,0.0020619810882464007,0.06394484365917619,0.029010111258868942,0.9589748413849096,0.0031825845501593833,120,105.0129775928799,0.2914932231465954,1958,False,"target-1.0 seed, target 0.8 then leak 0.8","a=1,lw=1.5,r=0.04,w=0.25; a=1,lw=0.8,r=0.02,w=0.25; a=1,lw=0.8,r=0.015,w=0.25"
five_level_weak_anharmonic,seed_target10_leak15_target08_leak08,0.03,relax_0.0005,0.0,0.0005,24,0.9561050805820249,0.0020399169270348683,0.062409407757919366,0.05115493179060085,0.9630011329584076,0.0031825845501593833,120,105.0129775928799,0.2914932231465954,1958,False,"target-1.0 seed, target 0.8 then leak 0.8","a=1,lw=1.5,r=0.04,w=0.25; a=1,lw=0.8,r=0.02,w=0.25; a=1,lw=0.8,r=0.015,w=0.25"
five_level_weak_anharmonic,seed_target10_leak15_target08_leak08,0.03,relax_0.0005,0.0,0.0005,25,0.9519503474339459,0.0027938605825169605,0.06913241004579718,0.057037739294872186,0.9627790210506484,0.0031825845501593833,120,105.0129775928799,0.2914932231465954,1958,False,"target-1.0 seed, target 0.8 then leak 0.8","a=1,lw=1.5,r=0.04,w=0.25; a=1,lw=0.8,r=0.02,w=0.25; a=1,lw=0.8,r=0.015,w=0.25"
five_level_weak_anharmonic,seed_target10_leak15_target08_leak08,0.03,relax_0.0005,0.0,0.0005,26,0.9772896010584227,0.000773735092030603,0.07553898852471053,0.020938128554996237,0.9601890375278971,0.0031825845501593833,120,105.0129775928799,0.2914932231465954,1958,False,"target-1.0 seed, target 0.8 then leak 0.8","a=1,lw=1.5,r=0.04,w=0.25; a=1,lw=0.8,r=0.02,w=0.25; a=1,lw=0.8,r=0.015,w=0.25"
five_level_weak_anharmonic,seed_target10_leak15_target08_leak08,0.03,relax_0.0005,0.0,0.0005,27,0.9444707503812504,0.0013206145450919138,0.0617196402867235,0.05998511661723148,0.9640220552115799,0.0031825845501593833,120,105.0129775928799,0.2914932231465954,1958,False,"target-1.0 seed, target 0.8 then leak 0.8","a=1,lw=1.5,r=0.04,w=0.25; a=1,lw=0.8,r=0.02,w=0.25; a=1,lw=0.8,r=0.015,w=0.25"
five_level_weak_anharmonic,seed_target10_leak15_target08_leak08,0.03,relax_0.0005,0.0,0.0005,28,0.9215257923700734,0.0025106464590284316,0.07953875730098126,0.05895942873994963,0.9585585402870437,0.0031825845501593833,120,105.0129775928799,0.2914932231465954,1958,False,"target-1.0 seed, target 0.8 then leak 0.8","a=1,lw=1.5,r=0.04,w=0.25; a=1,lw=0.8,r=0.02,w=0.25; a=1,lw=0.8,r=0.015,w=0.25"
five_level_weak_anharmonic,seed_target10_leak15_target08_leak08,0.03,relax_0.0005,0.0,0.0005,29,0.954255716931191,0.000516666580592795,0.059955878925411876,0.030596033425960206,0.9592914932441511,0.0031825845501593833,120,105.0129775928799,0.2914932231465954,1958,False,"target-1.0 seed, target 0.8 then leak 0.8","a=1,lw=1.5,r=0.04,w=0.25; a=1,lw=0.8,r=0.02,w=0.25; a=1,lw=0.8,r=0.015,w=0.25"
five_level_weak_anharmonic,seed_target10_leak15_target08_leak08,0.03,relax_0.0005,0.0,0.0005,30,0.9604985635746939,0.002080391238210577,0.06655414512736768,0.049978129315910176,0.9646089935363344,0.0031825845501593833,120,105.0129775928799,0.2914932231465954,1958,False,"target-1.0 seed, target 0.8 then leak 0.8","a=1,lw=1.5,r=0.04,w=0.25; a=1,lw=0.8,r=0.02,w=0.25; a=1,lw=0.8,r=0.015,w=0.25"
five_level_weak_anharmonic,seed_target10_leak15_target08_leak08,0.03,relax_0.0005,0.0,0.0005,31,0.9186533471140927,0.0051192648888858105,0.08852735835782277,0.07436446634430732,0.9591295003568696,0.0031825845501593833,120,105.0129775928799,0.2914932231465954,1958,False,"target-1.0 seed, target 0.8 then leak 0.8","a=1,lw=1.5,r=0.04,w=0.25; a=1,lw=0.8,r=0.02,w=0.25; a=1,lw=0.8,r=0.015,w=0.25"
five_level_weak_anharmonic,seed_target10_leak15_target08_leak08,0.03,relax_0.0005,0.0,0.0005,32,0.9532347320979886,0.001791400891676398,0.07314274943490218,0.05028902689644861,0.9583959063123032,0.0031825845501593833,120,105.0129775928799,0.2914932231465954,1958,False,"target-1.0 seed, target 0.8 then leak 0.8","a=1,lw=1.5,r=0.04,w=0.25; a=1,lw=0.8,r=0.02,w=0.25; a=1,lw=0.8,r=0.015,w=0.25"
five_level_weak_anharmonic,seed_target10_leak15_target08_leak08,0.03,relax_0.0005,0.0,0.0005,33,0.9666668791310632,0.0033815874133283907,0.07088992957291884,0.04061413842391769,0.9639659385088699,0.0031825845501593833,120,105.0129775928799,0.2914932231465954,1958,False,"target-1.0 seed, target 0.8 then leak 0.8","a=1,lw=1.5,r=0.04,w=0.25; a=1,lw=0.8,r=0.02,w=0.25; a=1,lw=0.8,r=0.015,w=0.25"
five_level_weak_anharmonic,seed_target10_leak15_target08_leak08,0.03,relax_0.0005,0.0,0.0005,34,0.9746018712079627,0.00198032072671539,0.08328674723901885,0.03202653591204455,0.9618699487901884,0.0031825845501593833,120,105.0129775928799,0.2914932231465954,1958,False,"target-1.0 seed, target 0.8 then leak 0.8","a=1,lw=1.5,r=0.04,w=0.25; a=1,lw=0.8,r=0.02,w=0.25; a=1,lw=0.8,r=0.015,w=0.25"
five_level_weak_anharmonic,seed_target10_leak15_target08_leak08,0.03,relax_0.0005,0.0,0.0005,35,0.855209329291391,0.0029588653086886074,0.08360162599774101,0.09820842307436034,0.9600991969900012,0.0031825845501593833,120,105.0129775928799,0.2914932231465954,1958,False,"target-1.0 seed, target 0.8 then leak 0.8","a=1,lw=1.5,r=0.04,w=0.25; a=1,lw=0.8,r=0.02,w=0.25; a=1,lw=0.8,r=0.015,w=0.25"
five_level_weak_anharmonic,seed_target10_leak15_target08_leak08,0.03,relax_0.0005,0.0,0.0005,36,0.9722113980729665,0.002440065008274206,0.07212126110964134,0.029234696023275566,0.9582286498679601,0.0031825845501593833,120,105.0129775928799,0.2914932231465954,1958,False,"target-1.0 seed, target 0.8 then leak 0.8","a=1,lw=1.5,r=0.04,w=0.25; a=1,lw=0.8,r=0.02,w=0.25; a=1,lw=0.8,r=0.015,w=0.25"
five_level_weak_anharmonic,seed_target10_leak15_target08_leak08,0.03,relax_0.0005,0.0,0.0005,37,0.8097525201780574,0.0007104401461270893,0.05189217159422843,0.1586919696514598,0.9700384580164507,0.0031825845501593833,120,105.0129775928799,0.2914932231465954,1958,False,"target-1.0 seed, target 0.8 then leak 0.8","a=1,lw=1.5,r=0.04,w=0.25; a=1,lw=0.8,r=0.02,w=0.25; a=1,lw=0.8,r=0.015,w=0.25"
five_level_weak_anharmonic,seed_target10_leak15_target08_leak08,0.03,relax_0.0005,0.0,0.0005,38,0.9412285259887414,0.002993312476142318,0.05955790776928871,0.08060080038039541,0.9668646703133078,0.0031825845501593833,120,105.0129775928799,0.2914932231465954,1958,False,"target-1.0 seed, target 0.8 then leak 0.8","a=1,lw=1.5,r=0.04,w=0.25; a=1,lw=0.8,r=0.02,w=0.25; a=1,lw=0.8,r=0.015,w=0.25"
five_level_weak_anharmonic,seed_target10_leak15_target08_leak08,0.03,relax_0.0005,0.0,0.0005,39,0.9711521928861598,0.0016881192741463602,0.07508747171670427,0.033614044979798655,0.959825909867873,0.0031825845501593833,120,105.0129775928799,0.2914932231465954,1958,False,"target-1.0 seed, target 0.8 then leak 0.8","a=1,lw=1.5,r=0.04,w=0.25; a=1,lw=0.8,r=0.02,w=0.25; a=1,lw=0.8,r=0.015,w=0.25"
five_level_weak_anharmonic,seed_target10_leak15_target08_leak08,0.03,relax_0.0005,0.0,0.0005,40,0.963002632113918,0.00048538437303025095,0.06373358201721735,0.02559393292696043,0.9583445701359569,0.0031825845501593833,120,105.0129775928799,0.2914932231465954,1958,False,"target-1.0 seed, target 0.8 then leak 0.8","a=1,lw=1.5,r=0.04,w=0.25; a=1,lw=0.8,r=0.02,w=0.25; a=1,lw=0.8,r=0.015,w=0.25"
five_level_weak_anharmonic,seed_target10_leak15_target08_leak08,0.03,relax_0.0005,0.0,0.0005,41,0.9129163843109847,0.0029505396505361547,0.06625568686627537,0.06637480842146898,0.9573677035107784,0.0031825845501593833,120,105.0129775928799,0.2914932231465954,1958,False,"target-1.0 seed, target 0.8 then leak 0.8","a=1,lw=1.5,r=0.04,w=0.25; a=1,lw=0.8,r=0.02,w=0.25; a=1,lw=0.8,r=0.015,w=0.25"
five_level_weak_anharmonic,seed_target10_leak15_target08_leak08,0.03,relax_0.0005,0.0,0.0005,42,0.9626914413659287,0.0016593020411791448,0.07059100493698522,0.0318284869990206,0.9606686952283059,0.0031825845501593833,120,105.0129775928799,0.2914932231465954,1958,False,"target-1.0 seed, target 0.8 then leak 0.8","a=1,lw=1.5,r=0.04,w=0.25; a=1,lw=0.8,r=0.02,w=0.25; a=1,lw=0.8,r=0.015,w=0.25"
five_level_weak_anharmonic,seed_target10_leak15_target08_leak08,0.03,relax_0.0005,0.0,0.0005,43,0.9537685129967767,0.00173786626920569,0.05936516276726833,0.051197734766123604,0.9609973907149372,0.0031825845501593833,120,105.0129775928799,0.2914932231465954,1958,False,"target-1.0 seed, target 0.8 then leak 0.8","a=1,lw=1.5,r=0.04,w=0.25; a=1,lw=0.8,r=0.02,w=0.25; a=1,lw=0.8,r=0.015,w=0.25"
five_level_weak_anharmonic,seed_target10_leak15_target08_leak08,0.03,relax_0.0005,0.0,0.0005,44,0.9362657983040807,0.0009652231714893933,0.05767494102504922,0.0670023382192684,0.9661547621313104,0.0031825845501593833,120,105.0129775928799,0.2914932231465954,1958,False,"target-1.0 seed, target 0.8 then leak 0.8","a=1,lw=1.5,r=0.04,w=0.25; a=1,lw=0.8,r=0.02,w=0.25; a=1,lw=0.8,r=0.015,w=0.25"
five_level_weak_anharmonic,seed_target10_leak15_target08_leak08,0.03,relax_0.0005,0.0,0.0005,45,0.9782942132604282,0.0011271869982973914,0.07933661679797566,0.025109354694496794,0.9612797211825688,0.0031825845501593833,120,105.0129775928799,0.2914932231465954,1958,False,"target-1.0 seed, target 0.8 then leak 0.8","a=1,lw=1.5,r=0.04,w=0.25; a=1,lw=0.8,r=0.02,w=0.25; a=1,lw=0.8,r=0.015,w=0.25"
five_level_weak_anharmonic,seed_target10_leak15_target08_leak08,0.03,relax_0.0005,0.0,0.0005,46,0.9668259607938795,0.0027959274597043615,0.06249807377469618,0.03347809975748858,0.9560580488622022,0.0031825845501593833,120,105.0129775928799,0.2914932231465954,1958,False,"target-1.0 seed, target 0.8 then leak 0.8","a=1,lw=1.5,r=0.04,w=0.25; a=1,lw=0.8,r=0.02,w=0.25; a=1,lw=0.8,r=0.015,w=0.25"
five_level_weak_anharmonic,seed_target10_leak15_target08_leak08,0.03,relax_0.0005,0.0,0.0005,47,0.9414131347501817,0.004262100212972242,0.06123845813229267,0.03851627657037398,0.9575545932600059,0.0031825845501593833,120,105.0129775928799,0.2914932231465954,1958,False,"target-1.0 seed, target 0.8 then leak 0.8","a=1,lw=1.5,r=0.04,w=0.25; a=1,lw=0.8,r=0.02,w=0.25; a=1,lw=0.8,r=0.015,w=0.25"
five_level_weak_anharmonic,seed_target10_leak15_target08_leak08,0.03,relax_0.0005,0.0,0.0005,48,0.9148336331182236,0.002069446427506283,0.07117165488501243,0.09297425922936785,0.9579185967867225,0.0031825845501593833,120,105.0129775928799,0.2914932231465954,1958,False,"target-1.0 seed, target 0.8 then leak 0.8","a=1,lw=1.5,r=0.04,w=0.25; a=1,lw=0.8,r=0.02,w=0.25; a=1,lw=0.8,r=0.015,w=0.25"
five_level_weak_anharmonic,seed_target10_leak15_target08_leak08,0.03,relax_0.0005,0.0,0.0005,49,0.9534636644766209,0.0030398479573426895,0.07287591726447618,0.0302371525767711,0.9583426636198952,0.0031825845501593833,120,105.0129775928799,0.2914932231465954,1958,False,"target-1.0 seed, target 0.8 then leak 0.8","a=1,lw=1.5,r=0.04,w=0.25; a=1,lw=0.8,r=0.02,w=0.25; a=1,lw=0.8,r=0.015,w=0.25"
five_level_weak_anharmonic,seed_target10_leak15_target08_leak08,0.03,relax_0.0005,0.0,0.0005,50,0.9519235952592778,0.002335894562715768,0.07503879843394079,0.0492157521534221,0.9632091182987873,0.0031825845501593833,120,105.0129775928799,0.2914932231465954,1958,False,"target-1.0 seed, target 0.8 then leak 0.8","a=1,lw=1.5,r=0.04,w=0.25; a=1,lw=0.8,r=0.02,w=0.25; a=1,lw=0.8,r=0.015,w=0.25"
five_level_weak_anharmonic,seed_target10_leak15_target08_leak08,0.03,relax_0.0005,0.0,0.0005,51,0.9279134832877741,0.001912662815845012,0.07199839171371103,0.04620822329753008,0.958780933549691,0.0031825845501593833,120,105.0129775928799,0.2914932231465954,1958,False,"target-1.0 seed, target 0.8 then leak 0.8","a=1,lw=1.5,r=0.04,w=0.25; a=1,lw=0.8,r=0.02,w=0.25; a=1,lw=0.8,r=0.015,w=0.25"
five_level_weak_anharmonic,seed_target10_leak15_target08_leak08,0.03,relax_0.0005,0.0,0.0005,52,0.9294359805246656,0.0013851422582407125,0.0709389318051814,0.05510656831697879,0.9572691624208806,0.0031825845501593833,120,105.0129775928799,0.2914932231465954,1958,False,"target-1.0 seed, target 0.8 then leak 0.8","a=1,lw=1.5,r=0.04,w=0.25; a=1,lw=0.8,r=0.02,w=0.25; a=1,lw=0.8,r=0.015,w=0.25"
five_level_weak_anharmonic,seed_target10_leak15_target08_leak08,0.03,relax_0.0005,0.0,0.0005,53,0.9119747331073081,0.0017469629551702948,0.07334341564196767,0.09986838952254898,0.9651147528223489,0.0031825845501593833,120,105.0129775928799,0.2914932231465954,1958,False,"target-1.0 seed, target 0.8 then leak 0.8","a=1,lw=1.5,r=0.04,w=0.25; a=1,lw=0.8,r=0.02,w=0.25; a=1,lw=0.8,r=0.015,w=0.25"
five_level_weak_anharmonic,seed_target10_leak15_target08_leak08,0.03,relax_0.0005,0.0,0.0005,54,0.9416522883938868,0.0015945947063332744,0.0735470328771568,0.06800455085448741,0.9625067734411343,0.0031825845501593833,120,105.0129775928799,0.2914932231465954,1958,False,"target-1.0 seed, target 0.8 then leak 0.8","a=1,lw=1.5,r=0.04,w=0.25; a=1,lw=0.8,r=0.02,w=0.25; a=1,lw=0.8,r=0.015,w=0.25"
five_level_weak_anharmonic,seed_target10_leak15_target08_leak08,0.03,relax_0.0005,0.0,0.0005,55,0.920124850401254,0.002778540882261149,0.07788892284106419,0.08222076415684927,0.9669854304207477,0.0031825845501593833,120,105.0129775928799,0.2914932231465954,1958,False,"target-1.0 seed, target 0.8 then leak 0.8","a=1,lw=1.5,r=0.04,w=0.25; a=1,lw=0.8,r=0.02,w=0.25; a=1,lw=0.8,r=0.015,w=0.25"
five_level_weak_anharmonic,seed_target10_leak15_target08_leak08,0.03,relax_0.0005,0.0,0.0005,56,0.9532213822822518,0.0022307937062781003,0.07217735855147667,0.05612725566635513,0.9595994337298926,0.0031825845501593833,120,105.0129775928799,0.2914932231465954,1958,False,"target-1.0 seed, target 0.8 then leak 0.8","a=1,lw=1.5,r=0.04,w=0.25; a=1,lw=0.8,r=0.02,w=0.25; a=1,lw=0.8,r=0.015,w=0.25"
five_level_weak_anharmonic,seed_target10_leak15_target08_leak08,0.03,relax_0.0005,0.0,0.0005,57,0.8557773027479654,0.004888633295756728,0.08827264451902594,0.1048641313926025,0.9642684375332543,0.0031825845501593833,120,105.0129775928799,0.2914932231465954,1958,False,"target-1.0 seed, target 0.8 then leak 0.8","a=1,lw=1.5,r=0.04,w=0.25; a=1,lw=0.8,r=0.02,w=0.25; a=1,lw=0.8,r=0.015,w=0.25"
five_level_weak_anharmonic,seed_target10_leak15_target08_leak08,0.03,relax_0.0005,0.0,0.0005,58,0.9747440010991104,0.002878461150666145,0.057097604889509546,0.023952511627868427,0.9585773984036543,0.0031825845501593833,120,105.0129775928799,0.2914932231465954,1958,False,"target-1.0 seed, target 0.8 then leak 0.8","a=1,lw=1.5,r=0.04,w=0.25; a=1,lw=0.8,r=0.02,w=0.25; a=1,lw=0.8,r=0.015,w=0.25"
five_level_weak_anharmonic,seed_target10_leak15_target08_leak08,0.03,relax_0.0005,0.0,0.0005,59,0.9476805331255559,0.0038424971363029137,0.08597456137390869,0.05559754196903249,0.9564885184843787,0.0031825845501593833,120,105.0129775928799,0.2914932231465954,1958,False,"target-1.0 seed, target 0.8 then leak 0.8","a=1,lw=1.5,r=0.04,w=0.25; a=1,lw=0.8,r=0.02,w=0.25; a=1,lw=0.8,r=0.015,w=0.25"
five_level_weak_anharmonic,seed_target10_leak15_target08_leak08,0.03,combined,0.001,0.0005,10,0.8679295890754124,0.002380135267721517,0.06987283123984755,0.08395505005116295,0.9479002916288205,0.0031825845501593833,120,105.0129775928799,0.2914932231465954,1958,False,"target-1.0 seed, target 0.8 then leak 0.8","a=1,lw=1.5,r=0.04,w=0.25; a=1,lw=0.8,r=0.02,w=0.25; a=1,lw=0.8,r=0.015,w=0.25"
five_level_weak_anharmonic,seed_target10_leak15_target08_leak08,0.03,combined,0.001,0.0005,11,0.9180652597715226,0.004224285764123037,0.07929803377865552,0.08206927009091175,0.9471416037324984,0.0031825845501593833,120,105.0129775928799,0.2914932231465954,1958,False,"target-1.0 seed, target 0.8 then leak 0.8","a=1,lw=1.5,r=0.04,w=0.25; a=1,lw=0.8,r=0.02,w=0.25; a=1,lw=0.8,r=0.015,w=0.25"
five_level_weak_anharmonic,seed_target10_leak15_target08_leak08,0.03,combined,0.001,0.0005,12,0.9130639305069945,0.0014879743846490934,0.0604096771010143,0.07948089731061272,0.9469663914784684,0.0031825845501593833,120,105.0129775928799,0.2914932231465954,1958,False,"target-1.0 seed, target 0.8 then leak 0.8","a=1,lw=1.5,r=0.04,w=0.25; a=1,lw=0.8,r=0.02,w=0.25; a=1,lw=0.8,r=0.015,w=0.25"
five_level_weak_anharmonic,seed_target10_leak15_target08_leak08,0.03,combined,0.001,0.0005,13,0.8213205321313253,0.002528049296648738,0.06847903284014567,0.19108330928947714,0.9510443813778446,0.0031825845501593833,120,105.0129775928799,0.2914932231465954,1958,False,"target-1.0 seed, target 0.8 then leak 0.8","a=1,lw=1.5,r=0.04,w=0.25; a=1,lw=0.8,r=0.02,w=0.25; a=1,lw=0.8,r=0.015,w=0.25"
five_level_weak_anharmonic,seed_target10_leak15_target08_leak08,0.03,combined,0.001,0.0005,14,0.8736417212255969,0.003186089109120882,0.07019094618570887,0.1332016082410247,0.9494830369602812,0.0031825845501593833,120,105.0129775928799,0.2914932231465954,1958,False,"target-1.0 seed, target 0.8 then leak 0.8","a=1,lw=1.5,r=0.04,w=0.25; a=1,lw=0.8,r=0.02,w=0.25; a=1,lw=0.8,r=0.015,w=0.25"
five_level_weak_anharmonic,seed_target10_leak15_target08_leak08,0.03,combined,0.001,0.0005,15,0.9628327704569565,0.0028151027748881674,0.07771531907323759,0.030332994789377385,0.9470370604766869,0.0031825845501593833,120,105.0129775928799,0.2914932231465954,1958,False,"target-1.0 seed, target 0.8 then leak 0.8","a=1,lw=1.5,r=0.04,w=0.25; a=1,lw=0.8,r=0.02,w=0.25; a=1,lw=0.8,r=0.015,w=0.25"
five_level_weak_anharmonic,seed_target10_leak15_target08_leak08,0.03,combined,0.001,0.0005,16,0.9522272833309315,0.0030373484834063103,0.08528898712142352,0.04318443668072188,0.9466972057586324,0.0031825845501593833,120,105.0129775928799,0.2914932231465954,1958,False,"target-1.0 seed, target 0.8 then leak 0.8","a=1,lw=1.5,r=0.04,w=0.25; a=1,lw=0.8,r=0.02,w=0.25; a=1,lw=0.8,r=0.015,w=0.25"
five_level_weak_anharmonic,seed_target10_leak15_target08_leak08,0.03,combined,0.001,0.0005,17,0.8834090661915566,0.00274289965546326,0.06200515920066185,0.08880735443968528,0.9479983303888275,0.0031825845501593833,120,105.0129775928799,0.2914932231465954,1958,False,"target-1.0 seed, target 0.8 then leak 0.8","a=1,lw=1.5,r=0.04,w=0.25; a=1,lw=0.8,r=0.02,w=0.25; a=1,lw=0.8,r=0.015,w=0.25"
five_level_weak_anharmonic,seed_target10_leak15_target08_leak08,0.03,combined,0.001,0.0005,18,0.9537200588271565,0.002862461555767859,0.0674428834649865,0.03764383388917179,0.9475965737647875,0.0031825845501593833,120,105.0129775928799,0.2914932231465954,1958,False,"target-1.0 seed, target 0.8 then leak 0.8","a=1,lw=1.5,r=0.04,w=0.25; a=1,lw=0.8,r=0.02,w=0.25; a=1,lw=0.8,r=0.015,w=0.25"
five_level_weak_anharmonic,seed_target10_leak15_target08_leak08,0.03,combined,0.001,0.0005,19,0.9173735679382946,0.0036510403117721024,0.0662285900659314,0.07348777704331036,0.9467041293678871,0.0031825845501593833,120,105.0129775928799,0.2914932231465954,1958,False,"target-1.0 seed, target 0.8 then leak 0.8","a=1,lw=1.5,r=0.04,w=0.25; a=1,lw=0.8,r=0.02,w=0.25; a=1,lw=0.8,r=0.015,w=0.25"
five_level_weak_anharmonic,seed_target10_leak15_target08_leak08,0.03,combined,0.001,0.0005,20,0.866292844213829,0.003731184063554327,0.07122443119181088,0.1004800130150687,0.946488824064022,0.0031825845501593833,120,105.0129775928799,0.2914932231465954,1958,False,"target-1.0 seed, target 0.8 then leak 0.8","a=1,lw=1.5,r=0.04,w=0.25; a=1,lw=0.8,r=0.02,w=0.25; a=1,lw=0.8,r=0.015,w=0.25"
five_level_weak_anharmonic,seed_target10_leak15_target08_leak08,0.03,combined,0.001,0.0005,21,0.9389419175544885,0.004870547346463638,0.05939619550588393,0.04391226152591056,0.9470505947555866,0.0031825845501593833,120,105.0129775928799,0.2914932231465954,1958,False,"target-1.0 seed, target 0.8 then leak 0.8","a=1,lw=1.5,r=0.04,w=0.25; a=1,lw=0.8,r=0.02,w=0.25; a=1,lw=0.8,r=0.015,w=0.25"
five_level_weak_anharmonic,seed_target10_leak15_target08_leak08,0.03,combined,0.001,0.0005,22,0.9235258300254148,0.0034992663378505817,0.07410155018966136,0.06382851854575787,0.9471990567723527,0.0031825845501593833,120,105.0129775928799,0.2914932231465954,1958,False,"target-1.0 seed, target 0.8 then leak 0.8","a=1,lw=1.5,r=0.04,w=0.25; a=1,lw=0.8,r=0.02,w=0.25; a=1,lw=0.8,r=0.015,w=0.25"
five_level_weak_anharmonic,seed_target10_leak15_target08_leak08,0.03,combined,0.001,0.0005,23,0.9654538807701771,0.0028679906855703097,0.06446543894010581,0.03465154229514171,0.9477322082806203,0.0031825845501593833,120,105.0129775928799,0.2914932231465954,1958,False,"target-1.0 seed, target 0.8 then leak 0.8","a=1,lw=1.5,r=0.04,w=0.25; a=1,lw=0.8,r=0.02,w=0.25; a=1,lw=0.8,r=0.015,w=0.25"
five_level_weak_anharmonic,seed_target10_leak15_target08_leak08,0.03,combined,0.001,0.0005,24,0.9503154514886201,0.0029000865772788043,0.06233965153337029,0.05657519350403236,0.9485948291155091,0.0031825845501593833,120,105.0129775928799,0.2914932231465954,1958,False,"target-1.0 seed, target 0.8 then leak 0.8","a=1,lw=1.5,r=0.04,w=0.25; a=1,lw=0.8,r=0.02,w=0.25; a=1,lw=0.8,r=0.015,w=0.25"
five_level_weak_anharmonic,seed_target10_leak15_target08_leak08,0.03,combined,0.001,0.0005,25,0.9462258583638222,0.0036585529523509575,0.06902784261768402,0.06235561792511412,0.9484078828264974,0.0031825845501593833,120,105.0129775928799,0.2914932231465954,1958,False,"target-1.0 seed, target 0.8 then leak 0.8","a=1,lw=1.5,r=0.04,w=0.25; a=1,lw=0.8,r=0.02,w=0.25; a=1,lw=0.8,r=0.015,w=0.25"
five_level_weak_anharmonic,seed_target10_leak15_target08_leak08,0.03,combined,0.001,0.0005,26,0.970980339230315,0.0018330026632304985,0.07607464724902657,0.027110499015961145,0.9476954316334238,0.0031825845501593833,120,105.0129775928799,0.2914932231465954,1958,False,"target-1.0 seed, target 0.8 then leak 0.8","a=1,lw=1.5,r=0.04,w=0.25; a=1,lw=0.8,r=0.02,w=0.25; a=1,lw=0.8,r=0.015,w=0.25"
five_level_weak_anharmonic,seed_target10_leak15_target08_leak08,0.03,combined,0.001,0.0005,27,0.9387482059552313,0.002107138462006386,0.06224565644881097,0.06546815458130711,0.9482868956499523,0.0031825845501593833,120,105.0129775928799,0.2914932231465954,1958,False,"target-1.0 seed, target 0.8 then leak 0.8","a=1,lw=1.5,r=0.04,w=0.25; a=1,lw=0.8,r=0.02,w=0.25; a=1,lw=0.8,r=0.015,w=0.25"
five_level_weak_anharmonic,seed_target10_leak15_target08_leak08,0.03,combined,0.001,0.0005,28,0.9168174489869979,0.0034346025448875883,0.08019210915359343,0.06401042650974414,0.9475908180826159,0.0031825845501593833,120,105.0129775928799,0.2914932231465954,1958,False,"target-1.0 seed, target 0.8 then leak 0.8","a=1,lw=1.5,r=0.04,w=0.25; a=1,lw=0.8,r=0.02,w=0.25; a=1,lw=0.8,r=0.015,w=0.25"
five_level_weak_anharmonic,seed_target10_leak15_target08_leak08,0.03,combined,0.001,0.0005,29,0.9487942637327124,0.001283601200902873,0.06053075887822801,0.036214638927156616,0.9482371116973572,0.0031825845501593833,120,105.0129775928799,0.2914932231465954,1958,False,"target-1.0 seed, target 0.8 then leak 0.8","a=1,lw=1.5,r=0.04,w=0.25; a=1,lw=0.8,r=0.02,w=0.25; a=1,lw=0.8,r=0.015,w=0.25"
five_level_weak_anharmonic,seed_target10_leak15_target08_leak08,0.03,combined,0.001,0.0005,30,0.9540878340061628,0.002885514773358744,0.06646005682428091,0.05577548147271342,0.9489130295870523,0.0031825845501593833,120,105.0129775928799,0.2914932231465954,1958,False,"target-1.0 seed, target 0.8 then leak 0.8","a=1,lw=1.5,r=0.04,w=0.25; a=1,lw=0.8,r=0.02,w=0.25; a=1,lw=0.8,r=0.015,w=0.25"
five_level_weak_anharmonic,seed_target10_leak15_target08_leak08,0.03,combined,0.001,0.0005,31,0.913607599821251,0.006093821531762966,0.08914144810507174,0.07946578798444574,0.9471434331733415,0.0031825845501593833,120,105.0129775928799,0.2914932231465954,1958,False,"target-1.0 seed, target 0.8 then leak 0.8","a=1,lw=1.5,r=0.04,w=0.25; a=1,lw=0.8,r=0.02,w=0.25; a=1,lw=0.8,r=0.015,w=0.25"
five_level_weak_anharmonic,seed_target10_leak15_target08_leak08,0.03,combined,0.001,0.0005,32,0.9478948599140251,0.002843958847469241,0.07304580354892809,0.055391434120222745,0.9474425309089881,0.0031825845501593833,120,105.0129775928799,0.2914932231465954,1958,False,"target-1.0 seed, target 0.8 then leak 0.8","a=1,lw=1.5,r=0.04,w=0.25; a=1,lw=0.8,r=0.02,w=0.25; a=1,lw=0.8,r=0.015,w=0.25"
five_level_weak_anharmonic,seed_target10_leak15_target08_leak08,0.03,combined,0.001,0.0005,33,0.959766357593236,0.004236077875152566,0.07077557746087804,0.04698320751861554,0.9481242803956099,0.0031825845501593833,120,105.0129775928799,0.2914932231465954,1958,False,"target-1.0 seed, target 0.8 then leak 0.8","a=1,lw=1.5,r=0.04,w=0.25; a=1,lw=0.8,r=0.02,w=0.25; a=1,lw=0.8,r=0.015,w=0.25"
five_level_weak_anharmonic,seed_target10_leak15_target08_leak08,0.03,combined,0.001,0.0005,34,0.9678420452414876,0.003111845930609869,0.08386148123775872,0.03846245107469028,0.9477758871606076,0.0031825845501593833,120,105.0129775928799,0.2914932231465954,1958,False,"target-1.0 seed, target 0.8 then leak 0.8","a=1,lw=1.5,r=0.04,w=0.25; a=1,lw=0.8,r=0.02,w=0.25; a=1,lw=0.8,r=0.015,w=0.25"
five_level_weak_anharmonic,seed_target10_leak15_target08_leak08,0.03,combined,0.001,0.0005,35,0.8520227091659625,0.004121902782193043,0.08415262389807499,0.10249660816557665,0.9458325230243575,0.0031825845501593833,120,105.0129775928799,0.2914932231465954,1958,False,"target-1.0 seed, target 0.8 then leak 0.8","a=1,lw=1.5,r=0.04,w=0.25; a=1,lw=0.8,r=0.02,w=0.25; a=1,lw=0.8,r=0.015,w=0.25"
five_level_weak_anharmonic,seed_target10_leak15_target08_leak08,0.03,combined,0.001,0.0005,36,0.9668575857501512,0.0032809715160039277,0.07273702487527811,0.034566517368876844,0.947612201809253,0.0031825845501593833,120,105.0129775928799,0.2914932231465954,1958,False,"target-1.0 seed, target 0.8 then leak 0.8","a=1,lw=1.5,r=0.04,w=0.25; a=1,lw=0.8,r=0.02,w=0.25; a=1,lw=0.8,r=0.015,w=0.25"
five_level_weak_anharmonic,seed_target10_leak15_target08_leak08,0.03,combined,0.001,0.0005,37,0.8058996380686266,0.0014460890556523553,0.05239626039535883,0.16299966552149614,0.9497641773106574,0.0031825845501593833,120,105.0129775928799,0.2914932231465954,1958,False,"target-1.0 seed, target 0.8 then leak 0.8","a=1,lw=1.5,r=0.04,w=0.25; a=1,lw=0.8,r=0.02,w=0.25; a=1,lw=0.8,r=0.015,w=0.25"
five_level_weak_anharmonic,seed_target10_leak15_target08_leak08,0.03,combined,0.001,0.0005,38,0.9346946245801322,0.003680782561046092,0.05947823140790076,0.0861855878521233,0.9493972149955224,0.0031825845501593833,120,105.0129775928799,0.2914932231465954,1958,False,"target-1.0 seed, target 0.8 then leak 0.8","a=1,lw=1.5,r=0.04,w=0.25; a=1,lw=0.8,r=0.02,w=0.25; a=1,lw=0.8,r=0.015,w=0.25"
five_level_weak_anharmonic,seed_target10_leak15_target08_leak08,0.03,combined,0.001,0.0005,39,0.9653823144896204,0.002737708990652954,0.07572238675812348,0.03920432428580617,0.947578135342338,0.0031825845501593833,120,105.0129775928799,0.2914932231465954,1958,False,"target-1.0 seed, target 0.8 then leak 0.8","a=1,lw=1.5,r=0.04,w=0.25; a=1,lw=0.8,r=0.02,w=0.25; a=1,lw=0.8,r=0.015,w=0.25"
five_level_weak_anharmonic,seed_target10_leak15_target08_leak08,0.03,combined,0.001,0.0005,40,0.9576905253135121,0.001446539053218121,0.06365844585443126,0.03107382921920139,0.9475901524870056,0.0031825845501593833,120,105.0129775928799,0.2914932231465954,1958,False,"target-1.0 seed, target 0.8 then leak 0.8","a=1,lw=1.5,r=0.04,w=0.25; a=1,lw=0.8,r=0.02,w=0.25; a=1,lw=0.8,r=0.015,w=0.25"
five_level_weak_anharmonic,seed_target10_leak15_target08_leak08,0.03,combined,0.001,0.0005,41,0.9089943322934202,0.004043445801058976,0.06617143680673765,0.07069324208650266,0.946259997748239,0.0031825845501593833,120,105.0129775928799,0.2914932231465954,1958,False,"target-1.0 seed, target 0.8 then leak 0.8","a=1,lw=1.5,r=0.04,w=0.25; a=1,lw=0.8,r=0.02,w=0.25; a=1,lw=0.8,r=0.015,w=0.25"
five_level_weak_anharmonic,seed_target10_leak15_target08_leak08,0.03,combined,0.001,0.0005,42,0.9560740845013714,0.002674927396627891,0.07114846350620019,0.03821025707862075,0.9482688887563702,0.0031825845501593833,120,105.0129775928799,0.2914932231465954,1958,False,"target-1.0 seed, target 0.8 then leak 0.8","a=1,lw=1.5,r=0.04,w=0.25; a=1,lw=0.8,r=0.02,w=0.25; a=1,lw=0.8,r=0.015,w=0.25"
five_level_weak_anharmonic,seed_target10_leak15_target08_leak08,0.03,combined,0.001,0.0005,43,0.9485977608011331,0.0024906102316412104,0.05927974106452627,0.05619226897796786,0.9480414117428637,0.0031825845501593833,120,105.0129775928799,0.2914932231465954,1958,False,"target-1.0 seed, target 0.8 then leak 0.8","a=1,lw=1.5,r=0.04,w=0.25; a=1,lw=0.8,r=0.02,w=0.25; a=1,lw=0.8,r=0.015,w=0.25"
five_level_weak_anharmonic,seed_target10_leak15_target08_leak08,0.03,combined,0.001,0.0005,44,0.929398471169167,0.0016004570331481505,0.057598163525961366,0.07323308574113542,0.9498721539934185,0.0031825845501593833,120,105.0129775928799,0.2914932231465954,1958,False,"target-1.0 seed, target 0.8 then leak 0.8","a=1,lw=1.5,r=0.04,w=0.25; a=1,lw=0.8,r=0.02,w=0.25; a=1,lw=0.8,r=0.015,w=0.25"
five_level_weak_anharmonic,seed_target10_leak15_target08_leak08,0.03,combined,0.001,0.0005,45,0.9714531348644804,0.00226184020335074,0.0799479718145355,0.03161948668863308,0.9480432463527221,0.0031825845501593833,120,105.0129775928799,0.2914932231465954,1958,False,"target-1.0 seed, target 0.8 then leak 0.8","a=1,lw=1.5,r=0.04,w=0.25; a=1,lw=0.8,r=0.02,w=0.25; a=1,lw=0.8,r=0.015,w=0.25"
five_level_weak_anharmonic,seed_target10_leak15_target08_leak08,0.03,combined,0.001,0.0005,46,0.9622640673170106,0.0036548412739834113,0.06240726378622763,0.03802872964766354,0.9470450968963006,0.0031825845501593833,120,105.0129775928799,0.2914932231465954,1958,False,"target-1.0 seed, target 0.8 then leak 0.8","a=1,lw=1.5,r=0.04,w=0.25; a=1,lw=0.8,r=0.02,w=0.25; a=1,lw=0.8,r=0.015,w=0.25"
five_level_weak_anharmonic,seed_target10_leak15_target08_leak08,0.03,combined,0.001,0.0005,47,0.9372518202230081,0.005019008555853244,0.061784040511352334,0.043199844499427,0.9469832271445017,0.0031825845501593833,120,105.0129775928799,0.2914932231465954,1958,False,"target-1.0 seed, target 0.8 then leak 0.8","a=1,lw=1.5,r=0.04,w=0.25; a=1,lw=0.8,r=0.02,w=0.25; a=1,lw=0.8,r=0.015,w=0.25"
five_level_weak_anharmonic,seed_target10_leak15_target08_leak08,0.03,combined,0.001,0.0005,48,0.9107818160633855,0.003064108964414891,0.07175661946575695,0.09682716601564496,0.9470575212858143,0.0031825845501593833,120,105.0129775928799,0.2914932231465954,1958,False,"target-1.0 seed, target 0.8 then leak 0.8","a=1,lw=1.5,r=0.04,w=0.25; a=1,lw=0.8,r=0.02,w=0.25; a=1,lw=0.8,r=0.015,w=0.25"
five_level_weak_anharmonic,seed_target10_leak15_target08_leak08,0.03,combined,0.001,0.0005,49,0.9486592616103252,0.004065038482721439,0.07345407587545127,0.035411014392512166,0.9466393031215354,0.0031825845501593833,120,105.0129775928799,0.2914932231465954,1958,False,"target-1.0 seed, target 0.8 then leak 0.8","a=1,lw=1.5,r=0.04,w=0.25; a=1,lw=0.8,r=0.02,w=0.25; a=1,lw=0.8,r=0.015,w=0.25"
five_level_weak_anharmonic,seed_target10_leak15_target08_leak08,0.03,combined,0.001,0.0005,50,0.946151042979645,0.0032152246575416488,0.07559151808797004,0.054865695267647466,0.9478262977150346,0.0031825845501593833,120,105.0129775928799,0.2914932231465954,1958,False,"target-1.0 seed, target 0.8 then leak 0.8","a=1,lw=1.5,r=0.04,w=0.25; a=1,lw=0.8,r=0.02,w=0.25; a=1,lw=0.8,r=0.015,w=0.25"
five_level_weak_anharmonic,seed_target10_leak15_target08_leak08,0.03,combined,0.001,0.0005,51,0.9231058427556168,0.0031522933451050283,0.07257109665580463,0.051509910659462026,0.9462333181733549,0.0031825845501593833,120,105.0129775928799,0.2914932231465954,1958,False,"target-1.0 seed, target 0.8 then leak 0.8","a=1,lw=1.5,r=0.04,w=0.25; a=1,lw=0.8,r=0.02,w=0.25; a=1,lw=0.8,r=0.015,w=0.25"
five_level_weak_anharmonic,seed_target10_leak15_target08_leak08,0.03,combined,0.001,0.0005,52,0.9252431450267969,0.002492376774685612,0.07084245983393944,0.059559975145452776,0.9466974119417557,0.0031825845501593833,120,105.0129775928799,0.2914932231465954,1958,False,"target-1.0 seed, target 0.8 then leak 0.8","a=1,lw=1.5,r=0.04,w=0.25; a=1,lw=0.8,r=0.02,w=0.25; a=1,lw=0.8,r=0.015,w=0.25"
five_level_weak_anharmonic,seed_target10_leak15_target08_leak08,0.03,combined,0.001,0.0005,53,0.9069449057216161,0.0026652123999912902,0.07322019980489958,0.1044834946776904,0.9485491024309115,0.0031825845501593833,120,105.0129775928799,0.2914932231465954,1958,False,"target-1.0 seed, target 0.8 then leak 0.8","a=1,lw=1.5,r=0.04,w=0.25; a=1,lw=0.8,r=0.02,w=0.25; a=1,lw=0.8,r=0.015,w=0.25"
five_level_weak_anharmonic,seed_target10_leak15_target08_leak08,0.03,combined,0.001,0.0005,54,0.9361190642949613,0.0025112779483041914,0.0741150600035716,0.07327295512740163,0.9480670590737632,0.0031825845501593833,120,105.0129775928799,0.2914932231465954,1958,False,"target-1.0 seed, target 0.8 then leak 0.8","a=1,lw=1.5,r=0.04,w=0.25; a=1,lw=0.8,r=0.02,w=0.25; a=1,lw=0.8,r=0.015,w=0.25"
five_level_weak_anharmonic,seed_target10_leak15_target08_leak08,0.03,combined,0.001,0.0005,55,0.9135130373556439,0.003672108141083208,0.07847031339858979,0.08833292358467397,0.949468223868121,0.0031825845501593833,120,105.0129775928799,0.2914932231465954,1958,False,"target-1.0 seed, target 0.8 then leak 0.8","a=1,lw=1.5,r=0.04,w=0.25; a=1,lw=0.8,r=0.02,w=0.25; a=1,lw=0.8,r=0.015,w=0.25"
five_level_weak_anharmonic,seed_target10_leak15_target08_leak08,0.03,combined,0.001,0.0005,56,0.9479477974650798,0.0031211321941411185,0.07205865339124395,0.061157209249182644,0.9473128755348955,0.0031825845501593833,120,105.0129775928799,0.2914932231465954,1958,False,"target-1.0 seed, target 0.8 then leak 0.8","a=1,lw=1.5,r=0.04,w=0.25; a=1,lw=0.8,r=0.02,w=0.25; a=1,lw=0.8,r=0.015,w=0.25"
five_level_weak_anharmonic,seed_target10_leak15_target08_leak08,0.03,combined,0.001,0.0005,57,0.8518528624664233,0.006138998511257099,0.0888314930499654,0.10967875149858018,0.94610974750073,0.0031825845501593833,120,105.0129775928799,0.2914932231465954,1958,False,"target-1.0 seed, target 0.8 then leak 0.8","a=1,lw=1.5,r=0.04,w=0.25; a=1,lw=0.8,r=0.02,w=0.25; a=1,lw=0.8,r=0.015,w=0.25"
five_level_weak_anharmonic,seed_target10_leak15_target08_leak08,0.03,combined,0.001,0.0005,58,0.9695011127892921,0.0035617114471704348,0.05762580492187108,0.02918534904164637,0.9478358592596273,0.0031825845501593833,120,105.0129775928799,0.2914932231465954,1958,False,"target-1.0 seed, target 0.8 then leak 0.8","a=1,lw=1.5,r=0.04,w=0.25; a=1,lw=0.8,r=0.02,w=0.25; a=1,lw=0.8,r=0.015,w=0.25"
five_level_weak_anharmonic,seed_target10_leak15_target08_leak08,0.03,combined,0.001,0.0005,59,0.9432211265632171,0.004936155157564515,0.0865443913426851,0.06005472185515595,0.9460096999999417,0.0031825845501593833,120,105.0129775928799,0.2914932231465954,1958,False,"target-1.0 seed, target 0.8 then leak 0.8","a=1,lw=1.5,r=0.04,w=0.25; a=1,lw=0.8,r=0.02,w=0.25; a=1,lw=0.8,r=0.015,w=0.25"
