system,controller,eval_strength,noise_case,gamma_phi,gamma_relax,seed,final_fidelity,final_leakage,max_leakage,tail_infidelity_mean,final_purity,pulse_energy,segments,training_seconds,training_objective,optimizer_iterations,optimizer_success,continuation_label,stage_description
five_level_weak_anharmonic,continuation_path_seed,0.03,static_only,0.0,0.0,10,0.9385594302258522,0.0442467840959867,0.04834731393124225,0.13188602034729044,0.9999998929561222,0.0013843749999999998,120,66.49458782793954,,,,path seed,
five_level_weak_anharmonic,continuation_path_seed,0.03,static_only,0.0,0.0,11,0.7670929036634855,0.04609719969595172,0.050571120097872124,0.1159487019466316,0.9999997988611964,0.0013843749999999998,120,66.49458782793954,,,,path seed,
five_level_weak_anharmonic,continuation_path_seed,0.03,static_only,0.0,0.0,12,0.800772660557086,0.042079282664754136,0.04397017071811793,0.11385828502018466,0.9999998361987751,0.0013843749999999998,120,66.49458782793954,,,,path seed,
five_level_weak_anharmonic,continuation_path_seed,0.03,static_only,0.0,0.0,13,0.5210049001012788,0.02402228210837143,0.025534061204040892,0.5129517759635257,0.9999999454460391,0.0013843749999999998,120,66.49458782793954,,,,path seed,
five_level_weak_anharmonic,continuation_path_seed,0.03,static_only,0.0,0.0,14,0.6874798154182011,0.028205780652755252,0.0300571019663316,0.3333036117538011,0.9999999242390858,0.0013843749999999998,120,66.49458782793954,,,,path seed,
five_level_weak_anharmonic,continuation_path_seed,0.03,static_only,0.0,0.0,15,0.913352886140659,0.055139534309706306,0.061032155136744204,0.08418080625253001,0.9999998222340329,0.0013843749999999998,120,66.49458782793954,,,,path seed,
five_level_weak_anharmonic,continuation_path_seed,0.03,static_only,0.0,0.0,16,0.8630785865184628,0.05074503166952993,0.054371142348127566,0.06875192418405715,0.9999998165240375,0.0013843749999999998,120,66.49458782793954,,,,path seed,
five_level_weak_anharmonic,continuation_path_seed,0.03,static_only,0.0,0.0,17,0.9448073163456742,0.038801589996633856,0.04326864571648059,0.10539409921830582,0.9999998880700692,0.0013843749999999998,120,66.49458782793954,,,,path seed,
five_level_weak_anharmonic,continuation_path_seed,0.03,static_only,0.0,0.0,18,0.9156054761200509,0.054184327052104186,0.054898103801933607,0.1238107882733133,0.999999878101818,0.0013843749999999998,120,66.49458782793954,,,,path seed,
five_level_weak_anharmonic,continuation_path_seed,0.03,static_only,0.0,0.0,19,0.8161722518844072,0.03415074786434669,0.03871145318278024,0.09541641335476549,0.9999998735629022,0.0013843749999999998,120,66.49458782793954,,,,path seed,
five_level_weak_anharmonic,continuation_path_seed,0.03,static_only,0.0,0.0,20,0.900821467528843,0.054709962256766054,0.05721063776738666,0.07019797745662576,0.999999880693482,0.0013843749999999998,120,66.49458782793954,,,,path seed,
five_level_weak_anharmonic,continuation_path_seed,0.03,static_only,0.0,0.0,21,0.9192366710578953,0.03808217868107455,0.04383324822677126,0.04747327468145988,0.9999998715798559,0.0013843749999999998,120,66.49458782793954,,,,path seed,
five_level_weak_anharmonic,continuation_path_seed,0.03,static_only,0.0,0.0,22,0.9119854332044961,0.0408344654938243,0.045158166501615304,0.05199998696156542,0.999999861573619,0.0013843749999999998,120,66.49458782793954,,,,path seed,
five_level_weak_anharmonic,continuation_path_seed,0.03,static_only,0.0,0.0,23,0.9064179633873213,0.045410076329983284,0.04791916280425257,0.08072717360135527,0.9999998762196693,0.0013843749999999998,120,66.49458782793954,,,,path seed,
five_level_weak_anharmonic,continuation_path_seed,0.03,static_only,0.0,0.0,24,0.8420216361065859,0.02559764272158649,0.034757861175422566,0.15073220713937496,0.9999998788808018,0.0013843749999999998,120,66.49458782793954,,,,path seed,
five_level_weak_anharmonic,continuation_path_seed,0.03,static_only,0.0,0.0,25,0.8257012083104096,0.04053702640648449,0.04370513738154291,0.1626626042796547,0.9999998756901294,0.0013843749999999998,120,66.49458782793954,,,,path seed,
five_level_weak_anharmonic,continuation_path_seed,0.03,static_only,0.0,0.0,26,0.9046966608983575,0.0577231637567861,0.0577231637567861,0.11440784863659814,0.9999998599060711,0.0013843749999999998,120,66.49458782793954,,,,path seed,
five_level_weak_anharmonic,continuation_path_seed,0.03,static_only,0.0,0.0,27,0.8670756228003252,0.04000104334015886,0.043974744024457446,0.16083117914798944,0.9999998965659617,0.0013843749999999998,120,66.49458782793954,,,,path seed,
five_level_weak_anharmonic,continuation_path_seed,0.03,static_only,0.0,0.0,28,0.909072612728995,0.058489386980214,0.0644444156127103,0.06077172555907381,0.9999998065015004,0.0013843749999999998,120,66.49458782793954,,,,path seed,
five_level_weak_anharmonic,continuation_path_seed,0.03,static_only,0.0,0.0,29,0.946434762580584,0.049140573726391135,0.05107110123938008,0.08694053986128827,0.9999998738884137,0.0013843749999999998,120,66.49458782793954,,,,path seed,
five_level_weak_anharmonic,continuation_path_seed,0.03,static_only,0.0,0.0,30,0.8294908478263073,0.038936828162260406,0.03997833656191607,0.22770251809118797,0.9999999138345802,0.0013843749999999998,120,66.49458782793954,,,,path seed,
five_level_weak_anharmonic,continuation_path_seed,0.03,static_only,0.0,0.0,31,0.8081248057560041,0.037567194889427835,0.0477588780765561,0.1063739960918792,0.9999998188833742,0.0013843749999999998,120,66.49458782793954,,,,path seed,
five_level_weak_anharmonic,continuation_path_seed,0.03,static_only,0.0,0.0,32,0.8095284756011647,0.037090347774460186,0.04172199473971361,0.09899587571183549,0.9999998189839673,0.0013843749999999998,120,66.49458782793954,,,,path seed,
five_level_weak_anharmonic,continuation_path_seed,0.03,static_only,0.0,0.0,33,0.814501217299735,0.03838123859434606,0.038428776181931745,0.26074730010869623,0.9999999329445137,0.0013843749999999998,120,66.49458782793954,,,,path seed,
five_level_weak_anharmonic,continuation_path_seed,0.03,static_only,0.0,0.0,34,0.8391474522627522,0.05494725442088422,0.05500974768966582,0.17137630120239006,0.9999998759832843,0.0013843749999999998,120,66.49458782793954,,,,path seed,
five_level_weak_anharmonic,continuation_path_seed,0.03,static_only,0.0,0.0,35,0.9163613272693122,0.062171300607442914,0.06576452373896413,0.08783146993431164,0.9999998521123361,0.0013843749999999998,120,66.49458782793954,,,,path seed,
five_level_weak_anharmonic,continuation_path_seed,0.03,static_only,0.0,0.0,36,0.8387149609369838,0.0421829534819933,0.04784064653993936,0.08684233217420159,0.999999821545023,0.0013843749999999998,120,66.49458782793954,,,,path seed,
five_level_weak_anharmonic,continuation_path_seed,0.03,static_only,0.0,0.0,37,0.8873308609188368,0.037885337993870394,0.04251599768719638,0.19999773682816818,0.9999999064149222,0.0013843749999999998,120,66.49458782793954,,,,path seed,
five_level_weak_anharmonic,continuation_path_seed,0.03,static_only,0.0,0.0,38,0.7253882898057549,0.022758768241234018,0.023795789638172304,0.3326186242769021,0.999999947815384,0.0013843749999999998,120,66.49458782793954,,,,path seed,
five_level_weak_anharmonic,continuation_path_seed,0.03,static_only,0.0,0.0,39,0.8495852394980558,0.04088318220625187,0.05229929669742772,0.10411506475746309,0.9999998100198201,0.0013843749999999998,120,66.49458782793954,,,,path seed,
five_level_weak_anharmonic,continuation_path_seed,0.03,static_only,0.0,0.0,40,0.9306674291038217,0.05450554518659645,0.05693588735168409,0.06140509535418176,0.9999998488812938,0.0013843749999999998,120,66.49458782793954,,,,path seed,
five_level_weak_anharmonic,continuation_path_seed,0.03,static_only,0.0,0.0,41,0.885563652916104,0.047810279162057046,0.050904559195759314,0.06733246697703245,0.9999998629281857,0.0013843749999999998,120,66.49458782793954,,,,path seed,
five_level_weak_anharmonic,continuation_path_seed,0.03,static_only,0.0,0.0,42,0.8712708006419744,0.05168535341241154,0.05168535341241154,0.1640212086457615,0.9999999026394203,0.0013843749999999998,120,66.49458782793954,,,,path seed,
five_level_weak_anharmonic,continuation_path_seed,0.03,static_only,0.0,0.0,43,0.8316593954052589,0.035531149545943275,0.04027005600462219,0.11839408796622206,0.9999998655833929,0.0013843749999999998,120,66.49458782793954,,,,path seed,
five_level_weak_anharmonic,continuation_path_seed,0.03,static_only,0.0,0.0,44,0.6726877086293164,0.027029729638023525,0.029771577146876282,0.4130765789981287,0.9999999454511616,0.0013843749999999998,120,66.49458782793954,,,,path seed,
five_level_weak_anharmonic,continuation_path_seed,0.03,static_only,0.0,0.0,45,0.8649523049516455,0.04848195081676021,0.053443012763449094,0.15208708797274298,0.9999998676705028,0.0013843749999999998,120,66.49458782793954,,,,path seed,
five_level_weak_anharmonic,continuation_path_seed,0.03,static_only,0.0,0.0,46,0.7838628001412463,0.03534165010293622,0.038443431135139816,0.10160758619461548,0.9999998516604384,0.0013843749999999998,120,66.49458782793954,,,,path seed,
five_level_weak_anharmonic,continuation_path_seed,0.03,static_only,0.0,0.0,47,0.9061463952814123,0.038526054313907765,0.04949987258447064,0.058028079342822655,0.9999998474503957,0.0013843749999999998,120,66.49458782793954,,,,path seed,
five_level_weak_anharmonic,continuation_path_seed,0.03,static_only,0.0,0.0,48,0.5599218072894847,0.024110939208806137,0.04404342720990695,0.2638505588974588,0.9999997892742235,0.0013843749999999998,120,66.49458782793954,,,,path seed,
five_level_weak_anharmonic,continuation_path_seed,0.03,static_only,0.0,0.0,49,0.9076089585240091,0.04061471930772054,0.04937550421478876,0.059345573129620154,0.9999998308444873,0.0013843749999999998,120,66.49458782793954,,,,path seed,
five_level_weak_anharmonic,continuation_path_seed,0.03,static_only,0.0,0.0,50,0.8791013487612541,0.0444309712190325,0.050013580146498704,0.1401343179856609,0.9999998642577075,0.0013843749999999998,120,66.49458782793954,,,,path seed,
five_level_weak_anharmonic,continuation_path_seed,0.03,static_only,0.0,0.0,51,0.9397075845766638,0.05793943662310941,0.05933784067013925,0.0688831411987662,0.9999998599754223,0.0013843749999999998,120,66.49458782793954,,,,path seed,
five_level_weak_anharmonic,continuation_path_seed,0.03,static_only,0.0,0.0,52,0.8720193374249984,0.03634400524377335,0.04425972910433995,0.06925837642089354,0.99999984369447,0.0013843749999999998,120,66.49458782793954,,,,path seed,
five_level_weak_anharmonic,continuation_path_seed,0.03,static_only,0.0,0.0,53,0.7602410548213806,0.03994610271573873,0.040169600271320216,0.20987960927911722,0.9999998795874339,0.0013843749999999998,120,66.49458782793954,,,,path seed,
five_level_weak_anharmonic,continuation_path_seed,0.03,static_only,0.0,0.0,54,0.7908553767693389,0.04104008554809524,0.044307051516644935,0.16437885307102035,0.9999998495927317,0.0013843749999999998,120,66.49458782793954,,,,path seed,
five_level_weak_anharmonic,continuation_path_seed,0.03,static_only,0.0,0.0,55,0.6704906880135763,0.035876396386643306,0.03929077364330391,0.3861887766210683,0.9999999230552395,0.0013843749999999998,120,66.49458782793954,,,,path seed,
five_level_weak_anharmonic,continuation_path_seed,0.03,static_only,0.0,0.0,56,0.8457233064283293,0.03457471302365456,0.04927398353636714,0.09576262337791835,0.999999854970905,0.0013843749999999998,120,66.49458782793954,,,,path seed,
five_level_weak_anharmonic,continuation_path_seed,0.03,static_only,0.0,0.0,57,0.9252092849344421,0.06392877091362126,0.0695993627921292,0.10931122863029163,0.9999998464765003,0.0013843749999999998,120,66.49458782793954,,,,path seed,
five_level_weak_anharmonic,continuation_path_seed,0.03,static_only,0.0,0.0,58,0.8902608463597428,0.03449232292203119,0.04110604073238466,0.06895778118105773,0.9999998493872527,0.0013843749999999998,120,66.49458782793954,,,,path seed,
five_level_weak_anharmonic,continuation_path_seed,0.03,static_only,0.0,0.0,59,0.6805465576275876,0.035152909807474986,0.044785517730376756,0.178046650613628,0.9999997895509304,0.0013843749999999998,120,66.49458782793954,,,,path seed,
five_level_weak_anharmonic,continuation_path_seed,0.03,deph_0.001,0.001,0.0,10,0.9296954633005995,0.044879142430861996,0.04873272277382701,0.13877965794717934,0.9802114419392116,0.0013843749999999998,120,66.49458782793954,,,,path seed,
five_level_weak_anharmonic,continuation_path_seed,0.03,deph_0.001,0.001,0.0,11,0.7633061857803081,0.04657282807536833,0.05097618039813456,0.12150600462849157,0.9838724033038208,0.0013843749999999998,120,66.49458782793954,,,,path seed,
five_level_weak_anharmonic,continuation_path_seed,0.03,deph_0.001,0.001,0.0,12,0.7959999966496881,0.042696351952669076,0.044402986385059906,0.12028232716359367,0.9826633302706108,0.0013843749999999998,120,66.49458782793954,,,,path seed,
five_level_weak_anharmonic,continuation_path_seed,0.03,deph_0.001,0.001,0.0,13,0.521722278539412,0.024687245345489606,0.02603312979012906,0.5117428761976166,0.9752947128698027,0.0013843749999999998,120,66.49458782793954,,,,path seed,
five_level_weak_anharmonic,continuation_path_seed,0.03,deph_0.001,0.001,0.0,14,0.685048676686088,0.028627441285943522,0.03039181219168574,0.3350461322537164,0.9765023313706676,0.0013843749999999998,120,66.49458782793954,,,,path seed,
five_level_weak_anharmonic,continuation_path_seed,0.03,deph_0.001,0.001,0.0,15,0.905663471885199,0.05611308059948528,0.06123634492476204,0.09097904060628054,0.9826694965384848,0.0013843749999999998,120,66.49458782793954,,,,path seed,
five_level_weak_anharmonic,continuation_path_seed,0.03,deph_0.001,0.001,0.0,16,0.8572457190724978,0.05116178743895183,0.05474424758581886,0.0754630066751148,0.9840642355805077,0.0013843749999999998,120,66.49458782793954,,,,path seed,
five_level_weak_anharmonic,continuation_path_seed,0.03,deph_0.001,0.001,0.0,17,0.9369754442209142,0.03961775505303944,0.04389895353663498,0.11172483963817084,0.9823065782188032,0.0013843749999999998,120,66.49458782793954,,,,path seed,
five_level_weak_anharmonic,continuation_path_seed,0.03,deph_0.001,0.001,0.0,18,0.9082163360081495,0.054514633580782235,0.05520504492668998,0.13013511043537435,0.9811031983562007,0.0013843749999999998,120,66.49458782793954,,,,path seed,
five_level_weak_anharmonic,continuation_path_seed,0.03,deph_0.001,0.001,0.0,19,0.8114906165980664,0.034643859531643395,0.03907996454383389,0.10143785742335741,0.9839219933684142,0.0013843749999999998,120,66.49458782793954,,,,path seed,
five_level_weak_anharmonic,continuation_path_seed,0.03,deph_0.001,0.001,0.0,20,0.8940835661785586,0.05467215553095395,0.057107208227126005,0.0774215625958803,0.9833280835660322,0.0013843749999999998,120,66.49458782793954,,,,path seed,
five_level_weak_anharmonic,continuation_path_seed,0.03,deph_0.001,0.001,0.0,21,0.9124815099101631,0.03847923125966668,0.04400534739886475,0.05434408628403787,0.9847071956583419,0.0013843749999999998,120,66.49458782793954,,,,path seed,
five_level_weak_anharmonic,continuation_path_seed,0.03,deph_0.001,0.001,0.0,22,0.9050171858499589,0.04142327870193985,0.045614648264050595,0.05890872174812871,0.9843457423180604,0.0013843749999999998,120,66.49458782793954,,,,path seed,
five_level_weak_anharmonic,continuation_path_seed,0.03,deph_0.001,0.001,0.0,23,0.8998118306071113,0.04557539442215397,0.04800698431979877,0.08709340287420522,0.9829087062993938,0.0013843749999999998,120,66.49458782793954,,,,path seed,
five_level_weak_anharmonic,continuation_path_seed,0.03,deph_0.001,0.001,0.0,24,0.8365645643815748,0.02658283934190475,0.03482607195157805,0.1555548481377023,0.9810388268245125,0.0013843749999999998,120,66.49458782793954,,,,path seed,
five_level_weak_anharmonic,continuation_path_seed,0.03,deph_0.001,0.001,0.0,25,0.8206032875937695,0.040959094287493225,0.0440284629726001,0.16734290119453366,0.9805666994548515,0.0013843749999999998,120,66.49458782793954,,,,path seed,
five_level_weak_anharmonic,continuation_path_seed,0.03,deph_0.001,0.001,0.0,26,0.8977261315677109,0.05784578922502304,0.05784578922502304,0.12083090478685157,0.9810533311651571,0.0013843749999999998,120,66.49458782793954,,,,path seed,
five_level_weak_anharmonic,continuation_path_seed,0.03,deph_0.001,0.001,0.0,27,0.8613025611855841,0.04043438157130563,0.04418312909373079,0.16560230993111386,0.9803432800988618,0.0013843749999999998,120,66.49458782793954,,,,path seed,
five_level_weak_anharmonic,continuation_path_seed,0.03,deph_0.001,0.001,0.0,28,0.902031091733823,0.05872152756003102,0.06441905357085409,0.06801585680645257,0.9828459074784778,0.0013843749999999998,120,66.49458782793954,,,,path seed,
five_level_weak_anharmonic,continuation_path_seed,0.03,deph_0.001,0.001,0.0,29,0.9387150384014841,0.04910733516035204,0.050940787053860626,0.09389461163929572,0.9818449968004709,0.0013843749999999998,120,66.49458782793954,,,,path seed,
five_level_weak_anharmonic,continuation_path_seed,0.03,deph_0.001,0.001,0.0,30,0.8243545738749936,0.039084484742372805,0.04010136416494703,0.23172799307149614,0.9790298241474458,0.0013843749999999998,120,66.49458782793954,,,,path seed,
five_level_weak_anharmonic,continuation_path_seed,0.03,deph_0.001,0.001,0.0,31,0.8031507223575061,0.038363978107769814,0.04790544527384266,0.11192366713286102,0.9836682681782969,0.0013843749999999998,120,66.49458782793954,,,,path seed,
five_level_weak_anharmonic,continuation_path_seed,0.03,deph_0.001,0.001,0.0,32,0.8047427608814474,0.037782591645152186,0.042354423638729766,0.10472508200352669,0.9843909783710978,0.0013843749999999998,120,66.49458782793954,,,,path seed,
five_level_weak_anharmonic,continuation_path_seed,0.03,deph_0.001,0.001,0.0,33,0.80911098588518,0.038799453945625784,0.038799453945625784,0.26458760182989205,0.9786322603436362,0.0013843749999999998,120,66.49458782793954,,,,path seed,
five_level_weak_anharmonic,continuation_path_seed,0.03,deph_0.001,0.001,0.0,34,0.8335937390665887,0.05516018281416668,0.055240349859181914,0.17650096505773002,0.9793306754985547,0.0013843749999999998,120,66.49458782793954,,,,path seed,
five_level_weak_anharmonic,continuation_path_seed,0.03,deph_0.001,0.001,0.0,35,0.9086702303559582,0.06228063260861294,0.06568769436393007,0.0951983562408126,0.9826644005601929,0.0013843749999999998,120,66.49458782793954,,,,path seed,
five_level_weak_anharmonic,continuation_path_seed,0.03,deph_0.001,0.001,0.0,36,0.8336821082580186,0.04246004225355715,0.047919755102191264,0.09269662744961271,0.9840606820313155,0.0013843749999999998,120,66.49458782793954,,,,path seed,
five_level_weak_anharmonic,continuation_path_seed,0.03,deph_0.001,0.001,0.0,37,0.8800875022282163,0.03889479674198093,0.04327657433939269,0.20519950576208815,0.9806508188808502,0.0013843749999999998,120,66.49458782793954,,,,path seed,
five_level_weak_anharmonic,continuation_path_seed,0.03,deph_0.001,0.001,0.0,38,0.7224867610444885,0.022995997505294463,0.02397057045534634,0.33449702071404397,0.9776737821768176,0.0013843749999999998,120,66.49458782793954,,,,path seed,
five_level_weak_anharmonic,continuation_path_seed,0.03,deph_0.001,0.001,0.0,39,0.8435244557639592,0.04191310782404567,0.052366119848243464,0.11008117513088206,0.9828248793799916,0.0013843749999999998,120,66.49458782793954,,,,path seed,
five_level_weak_anharmonic,continuation_path_seed,0.03,deph_0.001,0.001,0.0,40,0.9232909725701782,0.05477272504237807,0.05713557992331009,0.06856033343810619,0.9832922587089923,0.0013843749999999998,120,66.49458782793954,,,,path seed,
five_level_weak_anharmonic,continuation_path_seed,0.03,deph_0.001,0.001,0.0,41,0.8791707289623462,0.04810419500155505,0.051133737527482404,0.07436169831421395,0.9839912316092161,0.0013843749999999998,120,66.49458782793954,,,,path seed,
five_level_weak_anharmonic,continuation_path_seed,0.03,deph_0.001,0.001,0.0,42,0.8651389290321131,0.05154034746118619,0.05154034746118619,0.16941035759951434,0.9794927869656718,0.0013843749999999998,120,66.49458782793954,,,,path seed,
five_level_weak_anharmonic,continuation_path_seed,0.03,deph_0.001,0.001,0.0,43,0.8266435813084452,0.03595929347536053,0.040539604744567526,0.12357024845777366,0.9829752527958436,0.0013843749999999998,120,66.49458782793954,,,,path seed,
five_level_weak_anharmonic,continuation_path_seed,0.03,deph_0.001,0.001,0.0,44,0.6697225111504788,0.027563487318933433,0.030049247925246325,0.41448332213950934,0.9763225191653958,0.0013843749999999998,120,66.49458782793954,,,,path seed,
five_level_weak_anharmonic,continuation_path_seed,0.03,deph_0.001,0.001,0.0,45,0.8587748614195037,0.04903645547224178,0.05366214931629698,0.1572533526024136,0.979758645697619,0.0013843749999999998,120,66.49458782793954,,,,path seed,
five_level_weak_anharmonic,continuation_path_seed,0.03,deph_0.001,0.001,0.0,46,0.78031421714174,0.035629231309412424,0.03872722267454387,0.10705896736864386,0.9845976509448415,0.0013843749999999998,120,66.49458782793954,,,,path seed,
five_level_weak_anharmonic,continuation_path_seed,0.03,deph_0.001,0.001,0.0,47,0.899381739350117,0.039395732159416386,0.04955201023285838,0.06472030223026425,0.984416097491952,0.0013843749999999998,120,66.49458782793954,,,,path seed,
five_level_weak_anharmonic,continuation_path_seed,0.03,deph_0.001,0.001,0.0,48,0.56046041713002,0.024984055850988618,0.0441215063193523,0.26628431015396015,0.9817338202709653,0.0013843749999999998,120,66.49458782793954,,,,path seed,
five_level_weak_anharmonic,continuation_path_seed,0.03,deph_0.001,0.001,0.0,49,0.900650524200957,0.04164024416761258,0.049735977735207104,0.06604474006906787,0.9843444068862084,0.0013843749999999998,120,66.49458782793954,,,,path seed,
five_level_weak_anharmonic,continuation_path_seed,0.03,deph_0.001,0.001,0.0,50,0.8726650653701865,0.045198673589375904,0.05049210828418893,0.14544196885680857,0.9806748281505087,0.0013843749999999998,120,66.49458782793954,,,,path seed,
five_level_weak_anharmonic,continuation_path_seed,0.03,deph_0.001,0.001,0.0,51,0.9320083455590766,0.058181109505608175,0.05952171829251662,0.07607426646930665,0.9832975955018403,0.0013843749999999998,120,66.49458782793954,,,,path seed,
five_level_weak_anharmonic,continuation_path_seed,0.03,deph_0.001,0.001,0.0,52,0.8658091727564092,0.03720874274190211,0.04446340879664157,0.07590348679751183,0.9840532249861715,0.0013843749999999998,120,66.49458782793954,,,,path seed,
five_level_weak_anharmonic,continuation_path_seed,0.03,deph_0.001,0.001,0.0,53,0.7563736417335333,0.04031223879108703,0.04063354019968013,0.21381737606525447,0.9794680549239712,0.0013843749999999998,120,66.49458782793954,,,,path seed,
five_level_weak_anharmonic,continuation_path_seed,0.03,deph_0.001,0.001,0.0,54,0.7862342447496456,0.04157862990184025,0.044755431903480636,0.1691319267784414,0.9808771031162011,0.0013843749999999998,120,66.49458782793954,,,,path seed,
five_level_weak_anharmonic,continuation_path_seed,0.03,deph_0.001,0.001,0.0,55,0.6678675890464907,0.036528375476420516,0.03959252335894514,0.3875454566806299,0.9752685027975865,0.0013843749999999998,120,66.49458782793954,,,,path seed,
five_level_weak_anharmonic,continuation_path_seed,0.03,deph_0.001,0.001,0.0,56,0.839885148504509,0.035483167406582417,0.04915968806413806,0.10187304011182802,0.983643588158155,0.0013843749999999998,120,66.49458782793954,,,,path seed,
five_level_weak_anharmonic,continuation_path_seed,0.03,deph_0.001,0.001,0.0,57,0.9175726746843882,0.06447807440396791,0.06975842537252985,0.11563253290956346,0.9819496251709796,0.0013843749999999998,120,66.49458782793954,,,,path seed,
five_level_weak_anharmonic,continuation_path_seed,0.03,deph_0.001,0.001,0.0,58,0.8842225896013572,0.034942489653918996,0.04126771633626458,0.07499742428807565,0.984334691691955,0.0013843749999999998,120,66.49458782793954,,,,path seed,
five_level_weak_anharmonic,continuation_path_seed,0.03,deph_0.001,0.001,0.0,59,0.6786087762430321,0.03593483800803288,0.04519883612397324,0.18227587498363593,0.9825172121181021,0.0013843749999999998,120,66.49458782793954,,,,path seed,
five_level_weak_anharmonic,continuation_path_seed,0.03,relax_0.0005,0.0,0.0005,10,0.929741732910027,0.04391021269847595,0.0478910183704887,0.13981824970067536,0.9855773826097194,0.0013843749999999998,120,66.49458782793954,,,,path seed,
five_level_weak_anharmonic,continuation_path_seed,0.03,relax_0.0005,0.0,0.0005,11,0.7631972895501901,0.04578660022098202,0.0502193143030667,0.12166556782536887,0.9748538068349332,0.0013843749999999998,120,66.49458782793954,,,,path seed,
five_level_weak_anharmonic,continuation_path_seed,0.03,relax_0.0005,0.0,0.0005,12,0.79313498140177,0.04171533587516263,0.043517628304497014,0.12185248921658147,0.9776369759246728,0.0013843749999999998,120,66.49458782793954,,,,path seed,
five_level_weak_anharmonic,continuation_path_seed,0.03,relax_0.0005,0.0,0.0005,13,0.520429402512739,0.023987719403278485,0.0254395288429079,0.5145173166424626,0.9952580231420733,0.0013843749999999998,120,66.49458782793954,,,,path seed,
five_level_weak_anharmonic,continuation_path_seed,0.03,relax_0.0005,0.0,0.0005,14,0.6852191477884585,0.028067568278904664,0.029873034755361738,0.3366718557857833,0.9899632168288761,0.0013843749999999998,120,66.49458782793954,,,,path seed,
five_level_weak_anharmonic,continuation_path_seed,0.03,relax_0.0005,0.0,0.0005,15,0.9065592854141293,0.05490580706812842,0.06034132097143041,0.09108294505500641,0.9805539663962959,0.0013843749999999998,120,66.49458782793954,,,,path seed,
five_level_weak_anharmonic,continuation_path_seed,0.03,relax_0.0005,0.0,0.0005,16,0.8569659877652989,0.050366760163054414,0.05396441873121338,0.07583040562492802,0.976348440092912,0.0013843749999999998,120,66.49458782793954,,,,path seed,
five_level_weak_anharmonic,continuation_path_seed,0.03,relax_0.0005,0.0,0.0005,17,0.9364799845527776,0.03861193415589537,0.04298211769931781,0.11281822063826354,0.9839866842640934,0.0013843749999999998,120,66.49458782793954,,,,path seed,
five_level_weak_anharmonic,continuation_path_seed,0.03,relax_0.0005,0.0,0.0005,18,0.908231031517896,0.053708887362325264,0.05442794323207645,0.13087447072239905,0.9847656825841892,0.0013843749999999998,120,66.49458782793954,,,,path seed,
five_level_weak_anharmonic,continuation_path_seed,0.03,relax_0.0005,0.0,0.0005,19,0.808647232632548,0.03390344877025009,0.038397516380373586,0.1033781923627602,0.9763243903819119,0.0013843749999999998,120,66.49458782793954,,,,path seed,
five_level_weak_anharmonic,continuation_path_seed,0.03,relax_0.0005,0.0,0.0005,20,0.8919994238798226,0.054057483114224536,0.05653847364224962,0.07884483880189076,0.9785525071550737,0.0013843749999999998,120,66.49458782793954,,,,path seed,
five_level_weak_anharmonic,continuation_path_seed,0.03,relax_0.0005,0.0,0.0005,21,0.9110613785720394,0.03775644099594144,0.04339534331452344,0.055659676609755356,0.9772651614624145,0.0013843749999999998,120,66.49458782793954,,,,path seed,
five_level_weak_anharmonic,continuation_path_seed,0.03,relax_0.0005,0.0,0.0005,22,0.9047361854615077,0.04059574674317534,0.04483578276562594,0.05975642394520379,0.9770345810484157,0.0013843749999999998,120,66.49458782793954,,,,path seed,
five_level_weak_anharmonic,continuation_path_seed,0.03,relax_0.0005,0.0,0.0005,23,0.900346039886649,0.04498076594853384,0.04746676620744783,0.08744634626337273,0.9804516123645126,0.0013843749999999998,120,66.49458782793954,,,,path seed,
five_level_weak_anharmonic,continuation_path_seed,0.03,relax_0.0005,0.0,0.0005,24,0.8372772634819309,0.025659510921208994,0.03441101532329571,0.15617212237544476,0.9830514002845052,0.0013843749999999998,120,66.49458782793954,,,,path seed,
five_level_weak_anharmonic,continuation_path_seed,0.03,relax_0.0005,0.0,0.0005,25,0.8213318138778165,0.04027208799969151,0.04338581643158723,0.1679734640413459,0.983489952538061,0.0013843749999999998,120,66.49458782793954,,,,path seed,
five_level_weak_anharmonic,continuation_path_seed,0.03,relax_0.0005,0.0,0.0005,26,0.8980934874922638,0.05718614061634997,0.05718614061634997,0.12121735135857246,0.9839123163529864,0.0013843749999999998,120,66.49458782793954,,,,path seed,
five_level_weak_anharmonic,continuation_path_seed,0.03,relax_0.0005,0.0,0.0005,27,0.8614454401868964,0.039704284497338205,0.04358707752943691,0.16657271954927202,0.9858795036423026,0.0013843749999999998,120,66.49458782793954,,,,path seed,
five_level_weak_anharmonic,continuation_path_seed,0.03,relax_0.0005,0.0,0.0005,28,0.902099177826752,0.05786763627637337,0.06370922972581894,0.0682332120529064,0.9784922468216691,0.0013843749999999998,120,66.49458782793954,,,,path seed,
five_level_weak_anharmonic,continuation_path_seed,0.03,relax_0.0005,0.0,0.0005,29,0.9385840323174207,0.048528826979068906,0.05045732654590851,0.09450181741944318,0.983379559824503,0.0013843749999999998,120,66.49458782793954,,,,path seed,
five_level_weak_anharmonic,continuation_path_seed,0.03,relax_0.0005,0.0,0.0005,30,0.8236290391394956,0.03856567987399617,0.03960040824908595,0.23340855561761978,0.9887862869699808,0.0013843749999999998,120,66.49458782793954,,,,path seed,
five_level_weak_anharmonic,continuation_path_seed,0.03,relax_0.0005,0.0,0.0005,31,0.8041633252161656,0.03749519199333151,0.04734899703728457,0.11187448638678518,0.9759254347045567,0.0013843749999999998,120,66.49458782793954,,,,path seed,
five_level_weak_anharmonic,continuation_path_seed,0.03,relax_0.0005,0.0,0.0005,32,0.805267445998304,0.03695526213564693,0.0415319437442182,0.10485397182310184,0.975631535056506,0.0013843749999999998,120,66.49458782793954,,,,path seed,
five_level_weak_anharmonic,continuation_path_seed,0.03,relax_0.0005,0.0,0.0005,33,0.8083359447832315,0.03811856916902878,0.03814618421134108,0.26637258235036126,0.9903659537716689,0.0013843749999999998,120,66.49458782793954,,,,path seed,
five_level_weak_anharmonic,continuation_path_seed,0.03,relax_0.0005,0.0,0.0005,34,0.8341847025744891,0.0545437155833699,0.054615893598022214,0.17702214867842136,0.9857376587948391,0.0013843749999999998,120,66.49458782793954,,,,path seed,
five_level_weak_anharmonic,continuation_path_seed,0.03,relax_0.0005,0.0,0.0005,35,0.9072927310299174,0.06149793844804896,0.06502086696379838,0.09631976464895857,0.980464063675088,0.0013843749999999998,120,66.49458782793954,,,,path seed,
five_level_weak_anharmonic,continuation_path_seed,0.03,relax_0.0005,0.0,0.0005,36,0.8341558349068939,0.04184243039931157,0.04740647030509959,0.09270904254202826,0.9769424589646919,0.0013843749999999998,120,66.49458782793954,,,,path seed,
five_level_weak_anharmonic,continuation_path_seed,0.03,relax_0.0005,0.0,0.0005,37,0.8791507126209989,0.03769598995861223,0.04221240094133971,0.20667220904728714,0.988583870829855,0.0013843749999999998,120,66.49458782793954,,,,path seed,
five_level_weak_anharmonic,continuation_path_seed,0.03,relax_0.0005,0.0,0.0005,38,0.7215174473870777,0.022594718533353708,0.023609061360630124,0.3366843981634409,0.9913264526862214,0.0013843749999999998,120,66.49458782793954,,,,path seed,
five_level_weak_anharmonic,continuation_path_seed,0.03,relax_0.0005,0.0,0.0005,39,0.8449863760508567,0.04083603530137958,0.051768893344638744,0.10984725500092135,0.979021780909556,0.0013843749999999998,120,66.49458782793954,,,,path seed,
five_level_weak_anharmonic,continuation_path_seed,0.03,relax_0.0005,0.0,0.0005,40,0.923137334332444,0.05398402597823215,0.0563991118876741,0.0690727946605635,0.9798361576507708,0.0013843749999999998,120,66.49458782793954,,,,path seed,
five_level_weak_anharmonic,continuation_path_seed,0.03,relax_0.0005,0.0,0.0005,41,0.8770272211483182,0.047328644197045744,0.050401658778865155,0.07590715559097459,0.9772857077997954,0.0013843749999999998,120,66.49458782793954,,,,path seed,
five_level_weak_anharmonic,continuation_path_seed,0.03,relax_0.0005,0.0,0.0005,42,0.8652489134133753,0.05111180003774907,0.05111180003774907,0.17035206074444947,0.986147634928812,0.0013843749999999998,120,66.49458782793954,,,,path seed,
five_level_weak_anharmonic,continuation_path_seed,0.03,relax_0.0005,0.0,0.0005,43,0.827687051705204,0.03531632250778427,0.03997376519352369,0.12362589181301345,0.9797478556833946,0.0013843749999999998,120,66.49458782793954,,,,path seed,
five_level_weak_anharmonic,continuation_path_seed,0.03,relax_0.0005,0.0,0.0005,44,0.6690874953899777,0.0268165661661679,0.029475989739541575,0.4166382473121287,0.9945294321971795,0.0013843749999999998,120,66.49458782793954,,,,path seed,
five_level_weak_anharmonic,continuation_path_seed,0.03,relax_0.0005,0.0,0.0005,45,0.8595973767938931,0.0481351852125661,0.052953050870790275,0.15792003512073194,0.9848338005491091,0.0013843749999999998,120,66.49458782793954,,,,path seed,
five_level_weak_anharmonic,continuation_path_seed,0.03,relax_0.0005,0.0,0.0005,46,0.7781446819765045,0.03500895448160579,0.03810968018938787,0.10848236812899024,0.9751828050158257,0.0013843749999999998,120,66.49458782793954,,,,path seed,
five_level_weak_anharmonic,continuation_path_seed,0.03,relax_0.0005,0.0,0.0005,47,0.897988958984599,0.03832192480051033,0.048968277657514436,0.06598433540706962,0.9770486414353372,0.0013843749999999998,120,66.49458782793954,,,,path seed,
five_level_weak_anharmonic,continuation_path_seed,0.03,relax_0.0005,0.0,0.0005,48,0.5580237984007173,0.024118229844624528,0.04365964724693505,0.26778395115594267,0.9753357506607153,0.0013843749999999998,120,66.49458782793954,,,,path seed,
five_level_weak_anharmonic,continuation_path_seed,0.03,relax_0.0005,0.0,0.0005,49,0.9002907291952543,0.040502388110774334,0.04897243492249381,0.06679768564671174,0.977375752939704,0.0013843749999999998,120,66.49458782793954,,,,path seed,
five_level_weak_anharmonic,continuation_path_seed,0.03,relax_0.0005,0.0,0.0005,50,0.8733122495334437,0.044216021108077874,0.04965548234278394,0.14607707401809442,0.9845658413116201,0.0013843749999999998,120,66.49458782793954,,,,path seed,
five_level_weak_anharmonic,continuation_path_seed,0.03,relax_0.0005,0.0,0.0005,51,0.9310945602234318,0.057381895441000697,0.05877192170022083,0.07712007547154412,0.980335670806479,0.0013843749999999998,120,66.49458782793954,,,,path seed,
five_level_weak_anharmonic,continuation_path_seed,0.03,relax_0.0005,0.0,0.0005,52,0.8642803969007051,0.03620805632188606,0.04385276868698251,0.07718053567188427,0.9763518201046045,0.0013843749999999998,120,66.49458782793954,,,,path seed,
five_level_weak_anharmonic,continuation_path_seed,0.03,relax_0.0005,0.0,0.0005,53,0.7574473165268941,0.03975172971526597,0.04000598891867235,0.2141029636664205,0.9845526321223342,0.0013843749999999998,120,66.49458782793954,,,,path seed,
five_level_weak_anharmonic,continuation_path_seed,0.03,relax_0.0005,0.0,0.0005,54,0.7879970313577308,0.040912350683547594,0.04412355467534146,0.16876104955665053,0.9821834129601806,0.0013843749999999998,120,66.49458782793954,,,,path seed,
five_level_weak_anharmonic,continuation_path_seed,0.03,relax_0.0005,0.0,0.0005,55,0.6675483374361935,0.03563904685226549,0.038941056122693496,0.38960988393295254,0.9934428812309245,0.0013843749999999998,120,66.49458782793954,,,,path seed,
five_level_weak_anharmonic,continuation_path_seed,0.03,relax_0.0005,0.0,0.0005,56,0.8413637937818161,0.03456333471731732,0.04868600235091092,0.10139320942265426,0.978124427269815,0.0013843749999999998,120,66.49458782793954,,,,path seed,
five_level_weak_anharmonic,continuation_path_seed,0.03,relax_0.0005,0.0,0.0005,57,0.9170665976257052,0.06341190101880911,0.06891903677662159,0.11675299775490965,0.9828969820418243,0.0013843749999999998,120,66.49458782793954,,,,path seed,
five_level_weak_anharmonic,continuation_path_seed,0.03,relax_0.0005,0.0,0.0005,58,0.8845055533307621,0.03423961125449326,0.04071564543040995,0.0754068975512309,0.9780967373734647,0.0013843749999999998,120,66.49458782793954,,,,path seed,
five_level_weak_anharmonic,continuation_path_seed,0.03,relax_0.0005,0.0,0.0005,59,0.6763253098904581,0.035034689481560966,0.04448468934803229,0.1837459103946211,0.975161937334671,0.0013843749999999998,120,66.49458782793954,,,,path seed,
five_level_weak_anharmonic,continuation_path_seed,0.03,combined,0.001,0.0005,10,0.9209740062704591,0.04451965989073614,0.04826168804270847,0.14664571525423273,0.966215987347058,0.0013843749999999998,120,66.49458782793954,,,,path seed,
five_level_weak_anharmonic,continuation_path_seed,0.03,combined,0.001,0.0005,11,0.759409845605487,0.04625220180240719,0.05061638932514456,0.12718885472805447,0.9594191769395165,0.0013843749999999998,120,66.49458782793954,,,,path seed,
five_level_weak_anharmonic,continuation_path_seed,0.03,combined,0.001,0.0005,12,0.7884166258097679,0.04231962752646001,0.04408391179228022,0.12820414327227914,0.9609184040338786,0.0013843749999999998,120,66.49458782793954,,,,path seed,
five_level_weak_anharmonic,continuation_path_seed,0.03,combined,0.001,0.0005,13,0.521082903524364,0.024637973133712632,0.02592925833851001,0.5133578075475805,0.9709178437468328,0.0013843749999999998,120,66.49458782793954,,,,path seed,
five_level_weak_anharmonic,continuation_path_seed,0.03,combined,0.001,0.0005,14,0.6827604442511085,0.028478853275871074,0.030199767371877462,0.3384300607739854,0.9668964983930931,0.0013843749999999998,120,66.49458782793954,,,,path seed,
five_level_weak_anharmonic,continuation_path_seed,0.03,combined,0.001,0.0005,15,0.898944813009823,0.05584685047143645,0.06084117100040676,0.09782266998111581,0.96373794033222,0.0013843749999999998,120,66.49458782793954,,,,path seed,
five_level_weak_anharmonic,continuation_path_seed,0.03,combined,0.001,0.0005,16,0.8511691989514568,0.05077527849419183,0.054329221729983,0.08248565071054767,0.9610319060940165,0.0013843749999999998,120,66.49458782793954,,,,path seed,
five_level_weak_anharmonic,continuation_path_seed,0.03,combined,0.001,0.0005,17,0.9287330705612459,0.039401272679813415,0.043591367756052324,0.11909041717441272,0.9667111970827952,0.0013843749999999998,120,66.49458782793954,,,,path seed,
five_level_weak_anharmonic,continuation_path_seed,0.03,combined,0.001,0.0005,18,0.9009058869769858,0.0540297598479097,0.054726482121645104,0.13714204035678434,0.96629685653379,0.0013843749999999998,120,66.49458782793954,,,,path seed,
five_level_weak_anharmonic,continuation_path_seed,0.03,combined,0.001,0.0005,19,0.8040118292897624,0.034382655513738425,0.03875543834441775,0.10934239742153362,0.9608532813816156,0.0013843749999999998,120,66.49458782793954,,,,path seed,
five_level_weak_anharmonic,continuation_path_seed,0.03,combined,0.001,0.0005,20,0.8853276957951257,0.05402402326847844,0.056440423758954195,0.08599320121744582,0.9624423026922825,0.0013843749999999998,120,66.49458782793954,,,,path seed,
five_level_weak_anharmonic,continuation_path_seed,0.03,combined,0.001,0.0005,21,0.9043707370814822,0.038141879719659544,0.04356255498784345,0.06246838214621045,0.9625178829238511,0.0013843749999999998,120,66.49458782793954,,,,path seed,
five_level_weak_anharmonic,continuation_path_seed,0.03,combined,0.001,0.0005,22,0.8978284326987556,0.04116464806515274,0.04527571656148677,0.0666056477449898,0.9619415433932461,0.0013843749999999998,120,66.49458782793954,,,,path seed,
five_level_weak_anharmonic,continuation_path_seed,0.03,combined,0.001,0.0005,23,0.8937761551490304,0.04514337537118551,0.047554356436445566,0.0937666099458503,0.963865663492322,0.0013843749999999998,120,66.49458782793954,,,,path seed,
five_level_weak_anharmonic,continuation_path_seed,0.03,combined,0.001,0.0005,24,0.8318512326059427,0.02661476546341046,0.03447859491305927,0.1609645268549408,0.9645724606860432,0.0013843749999999998,120,66.49458782793954,,,,path seed,
five_level_weak_anharmonic,continuation_path_seed,0.03,combined,0.001,0.0005,25,0.8162478485335376,0.040682971126207,0.04370032035680338,0.17263064889018742,0.9645394182950964,0.0013843749999999998,120,66.49458782793954,,,,path seed,
five_level_weak_anharmonic,continuation_path_seed,0.03,combined,0.001,0.0005,26,0.8911675536685612,0.05730953827652119,0.05730953827652119,0.12758600853373525,0.9654193739941861,0.0013843749999999998,120,66.49458782793954,,,,path seed,
five_level_weak_anharmonic,continuation_path_seed,0.03,combined,0.001,0.0005,27,0.8557009211483582,0.040127041108846684,0.04379217592194795,0.1713187580870925,0.9666364477495099,0.0013843749999999998,120,66.49458782793954,,,,path seed,
five_level_weak_anharmonic,continuation_path_seed,0.03,combined,0.001,0.0005,28,0.8951068248752293,0.05809677722244366,0.06368897739112134,0.07541733286172214,0.9619174312854212,0.0013843749999999998,120,66.49458782793954,,,,path seed,
five_level_weak_anharmonic,continuation_path_seed,0.03,combined,0.001,0.0005,29,0.9309231223975544,0.048501684720239524,0.050335652137989184,0.10139559486031705,0.9656736374511203,0.0013843749999999998,120,66.49458782793954,,,,path seed,
five_level_weak_anharmonic,continuation_path_seed,0.03,combined,0.001,0.0005,30,0.8185173829707036,0.038709571193710546,0.03971978804436738,0.2374095101611359,0.9682027903110105,0.0013843749999999998,120,66.49458782793954,,,,path seed,
five_level_weak_anharmonic,continuation_path_seed,0.03,combined,0.001,0.0005,31,0.7992027261728109,0.038266895803430456,0.047493469336829075,0.11739920991571429,0.9602492285087751,0.0013843749999999998,120,66.49458782793954,,,,path seed,
five_level_weak_anharmonic,continuation_path_seed,0.03,combined,0.001,0.0005,32,0.8004974650431685,0.03762697685435312,0.04214446056528931,0.11054668000890475,0.9606576781341225,0.0013843749999999998,120,66.49458782793954,,,,path seed,
five_level_weak_anharmonic,continuation_path_seed,0.03,combined,0.001,0.0005,33,0.8029837404607126,0.03852367590172778,0.03852367590172778,0.27018824912052886,0.9693675416910046,0.0013843749999999998,120,66.49458782793954,,,,path seed,
five_level_weak_anharmonic,continuation_path_seed,0.03,combined,0.001,0.0005,34,0.8286461948577094,0.05475561333919021,0.05484476094226476,0.18211386280854888,0.9655156041804537,0.0013843749999999998,120,66.49458782793954,,,,path seed,
five_level_weak_anharmonic,continuation_path_seed,0.03,combined,0.001,0.0005,35,0.8996843422162141,0.06160418693564074,0.06494678144255994,0.10361037436764571,0.9636550515904737,0.0013843749999999998,120,66.49458782793954,,,,path seed,
five_level_weak_anharmonic,continuation_path_seed,0.03,combined,0.001,0.0005,36,0.8291326571899893,0.04211565233355863,0.047487942377510306,0.09853090306933567,0.9616147047450644,0.0013843749999999998,120,66.49458782793954,,,,path seed,
five_level_weak_anharmonic,continuation_path_seed,0.03,combined,0.001,0.0005,37,0.8719915030161162,0.03867495176621871,0.04295016261822593,0.21182682292510055,0.9695922830348637,0.0013843749999999998,120,66.49458782793954,,,,path seed,
five_level_weak_anharmonic,continuation_path_seed,0.03,combined,0.001,0.0005,38,0.7186040575189078,0.022827005288311275,0.023780454868900902,0.33857122248527616,0.9693848420769927,0.0013843749999999998,120,66.49458782793954,,,,path seed,
five_level_weak_anharmonic,continuation_path_seed,0.03,combined,0.001,0.0005,39,0.8389618612073654,0.04183346784276598,0.051834549425572196,0.11577321449119804,0.9624132711943226,0.0013843749999999998,120,66.49458782793954,,,,path seed,
five_level_weak_anharmonic,continuation_path_seed,0.03,combined,0.001,0.0005,40,0.91582261248129,0.054245301041466853,0.05659488564841031,0.07616303154068729,0.9636426294181876,0.0013843749999999998,120,66.49458782793954,,,,path seed,
five_level_weak_anharmonic,continuation_path_seed,0.03,combined,0.001,0.0005,41,0.8707020498531499,0.04761473291689944,0.05062426269312348,0.08286312583928808,0.9618498835011673,0.0013843749999999998,120,66.49458782793954,,,,path seed,
five_level_weak_anharmonic,continuation_path_seed,0.03,combined,0.001,0.0005,42,0.8591404939000826,0.050976370741694366,0.050976370741694366,0.17570383155607566,0.9660731202425914,0.0013843749999999998,120,66.49458782793954,,,,path seed,
five_level_weak_anharmonic,continuation_path_seed,0.03,combined,0.001,0.0005,43,0.8226807143154936,0.0357332214961994,0.04023700810601305,0.1287785836893275,0.9632627114133808,0.0013843749999999998,120,66.49458782793954,,,,path seed,
five_level_weak_anharmonic,continuation_path_seed,0.03,combined,0.001,0.0005,44,0.666112636157059,0.027338667433399744,0.029750303612286366,0.41806046257607493,0.971211393182706,0.0013843749999999998,120,66.49458782793954,,,,path seed,
five_level_weak_anharmonic,continuation_path_seed,0.03,combined,0.001,0.0005,45,0.8534501372311037,0.04867409889217478,0.05316837130370056,0.16305830469783256,0.9650436253363528,0.0013843749999999998,120,66.49458782793954,,,,path seed,
five_level_weak_anharmonic,continuation_path_seed,0.03,combined,0.001,0.0005,46,0.7746110306224765,0.035291796814210796,0.038387977692803,0.1138902500213105,0.9604146553194449,0.0013843749999999998,120,66.49458782793954,,,,path seed,
five_level_weak_anharmonic,continuation_path_seed,0.03,combined,0.001,0.0005,47,0.8912995585047353,0.03916479995390576,0.04902040840025634,0.07261564300134916,0.9620346260294792,0.0013843749999999998,120,66.49458782793954,,,,path seed,
five_level_weak_anharmonic,continuation_path_seed,0.03,combined,0.001,0.0005,48,0.5585211603716551,0.024970966380241877,0.04373493960385977,0.27021911158451917,0.9578240395120738,0.0013843749999999998,120,66.49458782793954,,,,path seed,
five_level_weak_anharmonic,continuation_path_seed,0.03,combined,0.001,0.0005,49,0.8934034069405002,0.041494398791508624,0.049322037422399045,0.07343799378953692,0.9622847434327009,0.0013843749999999998,120,66.49458782793954,,,,path seed,
five_level_weak_anharmonic,continuation_path_seed,0.03,combined,0.001,0.0005,50,0.866920657547334,0.04495985831198057,0.05012016867644864,0.1513521175922983,0.9656807098585677,0.0013843749999999998,120,66.49458782793954,,,,path seed,
five_level_weak_anharmonic,continuation_path_seed,0.03,combined,0.001,0.0005,51,0.9234728783902687,0.05761734622090431,0.05895123594516938,0.08423885307518092,0.9641299846860834,0.0013843749999999998,120,66.49458782793954,,,,path seed,
five_level_weak_anharmonic,continuation_path_seed,0.03,combined,0.001,0.0005,52,0.8581368478896235,0.03704531054080784,0.044053381214175125,0.0837650497120229,0.9610129542669998,0.0013843749999999998,120,66.49458782793954,,,,path seed,
five_level_weak_anharmonic,continuation_path_seed,0.03,combined,0.001,0.0005,53,0.7535692124854719,0.04011032791758484,0.04045869621720688,0.2180288531209146,0.9645169965122041,0.0013843749999999998,120,66.49458782793954,,,,path seed,
five_level_weak_anharmonic,continuation_path_seed,0.03,combined,0.001,0.0005,54,0.7833713898482935,0.04143867069089546,0.04456298083706045,0.17349812139544413,0.9635892840174393,0.0013843749999999998,120,66.49458782793954,,,,path seed,
five_level_weak_anharmonic,continuation_path_seed,0.03,combined,0.001,0.0005,55,0.6649047102854205,0.03627641124567638,0.03923966370570886,0.39098647394895847,0.9690912599298931,0.0013843749999999998,120,66.49458782793954,,,,path seed,
five_level_weak_anharmonic,continuation_path_seed,0.03,combined,0.001,0.0005,56,0.8355598775298554,0.03544426570786563,0.04857701785741375,0.10745964403533259,0.9623510763408575,0.0013843749999999998,120,66.49458782793954,,,,path seed,
five_level_weak_anharmonic,continuation_path_seed,0.03,combined,0.001,0.0005,57,0.9095075034822883,0.06394350390139592,0.06907336367300299,0.12301937220743905,0.9653102893745996,0.0013843749999999998,120,66.49458782793954,,,,path seed,
five_level_weak_anharmonic,continuation_path_seed,0.03,combined,0.001,0.0005,58,0.8785015098527807,0.034677726323275926,0.040874737717702114,0.08140895989370957,0.9629770365623072,0.0013843749999999998,120,66.49458782793954,,,,path seed,
five_level_weak_anharmonic,continuation_path_seed,0.03,combined,0.001,0.0005,59,0.6743837139829285,0.03579723221066211,0.04488790295590939,0.1879500666484545,0.9584032569986445,0.0013843749999999998,120,66.49458782793954,,,,path seed,
five_level_weak_anharmonic,continuation_stageA_alpha0p8_lw1p5,0.03,static_only,0.0,0.0,10,0.8430370504376217,0.0034248375116332497,0.023888570543580956,0.13762754654845832,0.99999974144069,0.0016555876926502055,120,79.45438120607287,0.40806952348579073,648,False,low-leakage seed,"a=0.8,lw=1.5,r=0.04,w=0.25"
five_level_weak_anharmonic,continuation_stageA_alpha0p8_lw1p5,0.03,static_only,0.0,0.0,11,0.8220633943482273,0.00581291755878921,0.028119688555248046,0.11395953991661745,0.9999996403004187,0.0016555876926502055,120,79.45438120607287,0.40806952348579073,648,False,low-leakage seed,"a=0.8,lw=1.5,r=0.04,w=0.25"
five_level_weak_anharmonic,continuation_stageA_alpha0p8_lw1p5,0.03,static_only,0.0,0.0,12,0.689338906868841,0.00361601207598905,0.02419768968804692,0.25527783966910833,0.9999997244330903,0.0016555876926502055,120,79.45438120607287,0.40806952348579073,648,False,low-leakage seed,"a=0.8,lw=1.5,r=0.04,w=0.25"
five_level_weak_anharmonic,continuation_stageA_alpha0p8_lw1p5,0.03,static_only,0.0,0.0,13,0.8154448811578746,0.001565105056208771,0.02132074836451281,0.1831661313873653,0.9999997673432237,0.0016555876926502055,120,79.45438120607287,0.40806952348579073,648,False,low-leakage seed,"a=0.8,lw=1.5,r=0.04,w=0.25"
five_level_weak_anharmonic,continuation_stageA_alpha0p8_lw1p5,0.03,static_only,0.0,0.0,14,0.9504338576609782,0.003044131331269684,0.01705972321729221,0.05241976892951643,0.9999997408732574,0.0016555876926502055,120,79.45438120607287,0.40806952348579073,648,False,low-leakage seed,"a=0.8,lw=1.5,r=0.04,w=0.25"
five_level_weak_anharmonic,continuation_stageA_alpha0p8_lw1p5,0.03,static_only,0.0,0.0,15,0.954068280631773,0.001672666015223867,0.026766688815922257,0.05900729738128179,0.9999997085322527,0.0016555876926502055,120,79.45438120607287,0.40806952348579073,648,False,low-leakage seed,"a=0.8,lw=1.5,r=0.04,w=0.25"
five_level_weak_anharmonic,continuation_stageA_alpha0p8_lw1p5,0.03,static_only,0.0,0.0,16,0.8666871707074713,0.003939114463108906,0.026199220337900897,0.09658925235571036,0.999999677426885,0.0016555876926502055,120,79.45438120607287,0.40806952348579073,648,False,low-leakage seed,"a=0.8,lw=1.5,r=0.04,w=0.25"
five_level_weak_anharmonic,continuation_stageA_alpha0p8_lw1p5,0.03,static_only,0.0,0.0,17,0.8306559200082179,0.002571200585547606,0.020222254936770545,0.18754918149694216,0.999999807402314,0.0016555876926502055,120,79.45438120607287,0.40806952348579073,648,False,low-leakage seed,"a=0.8,lw=1.5,r=0.04,w=0.25"
five_level_weak_anharmonic,continuation_stageA_alpha0p8_lw1p5,0.03,static_only,0.0,0.0,18,0.9183879339088914,0.0031089880168886364,0.021811273186720714,0.10558506604500482,0.9999997605321389,0.0016555876926502055,120,79.45438120607287,0.40806952348579073,648,False,low-leakage seed,"a=0.8,lw=1.5,r=0.04,w=0.25"
five_level_weak_anharmonic,continuation_stageA_alpha0p8_lw1p5,0.03,static_only,0.0,0.0,19,0.7127605607319153,0.0018232111028735343,0.018086836452584243,0.2268478447429926,0.9999997195305477,0.0016555876926502055,120,79.45438120607287,0.40806952348579073,648,False,low-leakage seed,"a=0.8,lw=1.5,r=0.04,w=0.25"
five_level_weak_anharmonic,continuation_stageA_alpha0p8_lw1p5,0.03,static_only,0.0,0.0,20,0.6974259294003933,0.0041326667015331164,0.023287015517733933,0.25213223551529995,0.9999997519604558,0.0016555876926502055,120,79.45438120607287,0.40806952348579073,648,False,low-leakage seed,"a=0.8,lw=1.5,r=0.04,w=0.25"
five_level_weak_anharmonic,continuation_stageA_alpha0p8_lw1p5,0.03,static_only,0.0,0.0,21,0.822005288457954,0.003937213974179898,0.017036800169731636,0.14364451578208542,0.9999997498315282,0.0016555876926502055,120,79.45438120607287,0.40806952348579073,648,False,low-leakage seed,"a=0.8,lw=1.5,r=0.04,w=0.25"
five_level_weak_anharmonic,continuation_stageA_alpha0p8_lw1p5,0.03,static_only,0.0,0.0,22,0.8471965000369166,0.002778016315483134,0.02078494884049764,0.10869547217392458,0.9999996896631606,0.0016555876926502055,120,79.45438120607287,0.40806952348579073,648,False,low-leakage seed,"a=0.8,lw=1.5,r=0.04,w=0.25"
five_level_weak_anharmonic,continuation_stageA_alpha0p8_lw1p5,0.03,static_only,0.0,0.0,23,0.9621166180865853,0.0036150014442229983,0.019914587270248862,0.03244929731590641,0.9999997430836962,0.0016555876926502055,120,79.45438120607287,0.40806952348579073,648,False,low-leakage seed,"a=0.8,lw=1.5,r=0.04,w=0.25"
five_level_weak_anharmonic,continuation_stageA_alpha0p8_lw1p5,0.03,static_only,0.0,0.0,24,0.9846413844202432,0.0024989870843811213,0.02182207520238344,0.03592370572523737,0.9999997587355022,0.0016555876926502055,120,79.45438120607287,0.40806952348579073,648,False,low-leakage seed,"a=0.8,lw=1.5,r=0.04,w=0.25"
five_level_weak_anharmonic,continuation_stageA_alpha0p8_lw1p5,0.03,static_only,0.0,0.0,25,0.9884451255180252,0.00624617436174868,0.022288826937658213,0.024349309664672893,0.9999997274090209,0.0016555876926502055,120,79.45438120607287,0.40806952348579073,648,False,low-leakage seed,"a=0.8,lw=1.5,r=0.04,w=0.25"
five_level_weak_anharmonic,continuation_stageA_alpha0p8_lw1p5,0.03,static_only,0.0,0.0,26,0.9576804680022568,0.002870864919878313,0.023820979140123155,0.06047235341889975,0.9999997402231293,0.0016555876926502055,120,79.45438120607287,0.40806952348579073,648,False,low-leakage seed,"a=0.8,lw=1.5,r=0.04,w=0.25"
five_level_weak_anharmonic,continuation_stageA_alpha0p8_lw1p5,0.03,static_only,0.0,0.0,27,0.9337788985912134,0.0023345778524862526,0.020597669118247675,0.09625071281709613,0.9999998027686369,0.0016555876926502055,120,79.45438120607287,0.40806952348579073,648,False,low-leakage seed,"a=0.8,lw=1.5,r=0.04,w=0.25"
five_level_weak_anharmonic,continuation_stageA_alpha0p8_lw1p5,0.03,static_only,0.0,0.0,28,0.821014900065677,0.008001878012504071,0.030427127724003467,0.1328845509050291,0.9999996947568544,0.0016555876926502055,120,79.45438120607287,0.40806952348579073,648,False,low-leakage seed,"a=0.8,lw=1.5,r=0.04,w=0.25"
five_level_weak_anharmonic,continuation_stageA_alpha0p8_lw1p5,0.03,static_only,0.0,0.0,29,0.8867260722809938,0.003836100332906045,0.020278854257923973,0.11054702517551768,0.9999997603612066,0.0016555876926502055,120,79.45438120607287,0.40806952348579073,648,False,low-leakage seed,"a=0.8,lw=1.5,r=0.04,w=0.25"
five_level_weak_anharmonic,continuation_stageA_alpha0p8_lw1p5,0.03,static_only,0.0,0.0,30,0.9172149450085717,0.00545905969447158,0.01748647320982677,0.11577651352796135,0.999999785824184,0.0016555876926502055,120,79.45438120607287,0.40806952348579073,648,False,low-leakage seed,"a=0.8,lw=1.5,r=0.04,w=0.25"
five_level_weak_anharmonic,continuation_stageA_alpha0p8_lw1p5,0.03,static_only,0.0,0.0,31,0.8653518711234792,0.0034358189755183677,0.033566249734023446,0.07952204049256445,0.9999996491538924,0.0016555876926502055,120,79.45438120607287,0.40806952348579073,648,False,low-leakage seed,"a=0.8,lw=1.5,r=0.04,w=0.25"
five_level_weak_anharmonic,continuation_stageA_alpha0p8_lw1p5,0.03,static_only,0.0,0.0,32,0.9125779688625163,0.0044792439866399025,0.02316454066934759,0.04990348512253609,0.9999996552826257,0.0016555876926502055,120,79.45438120607287,0.40806952348579073,648,False,low-leakage seed,"a=0.8,lw=1.5,r=0.04,w=0.25"
five_level_weak_anharmonic,continuation_stageA_alpha0p8_lw1p5,0.03,static_only,0.0,0.0,33,0.9054220119009875,0.0011823620113411426,0.016461002594661767,0.137339853016191,0.9999997935293664,0.0016555876926502055,120,79.45438120607287,0.40806952348579073,648,False,low-leakage seed,"a=0.8,lw=1.5,r=0.04,w=0.25"
five_level_weak_anharmonic,continuation_stageA_alpha0p8_lw1p5,0.03,static_only,0.0,0.0,34,0.9871780398094945,0.0018022486233411072,0.025948211071324945,0.03697993937267181,0.9999997294579914,0.0016555876926502055,120,79.45438120607287,0.40806952348579073,648,False,low-leakage seed,"a=0.8,lw=1.5,r=0.04,w=0.25"
five_level_weak_anharmonic,continuation_stageA_alpha0p8_lw1p5,0.03,static_only,0.0,0.0,35,0.7226047931320454,0.003287141995098164,0.025663945901262752,0.24700285542495642,0.9999997350080194,0.0016555876926502055,120,79.45438120607287,0.40806952348579073,648,False,low-leakage seed,"a=0.8,lw=1.5,r=0.04,w=0.25"
five_level_weak_anharmonic,continuation_stageA_alpha0p8_lw1p5,0.03,static_only,0.0,0.0,36,0.9418092685350656,0.004978369762349777,0.024560224884513926,0.03655889555335193,0.9999997222659417,0.0016555876926502055,120,79.45438120607287,0.40806952348579073,648,False,low-leakage seed,"a=0.8,lw=1.5,r=0.04,w=0.25"
five_level_weak_anharmonic,continuation_stageA_alpha0p8_lw1p5,0.03,static_only,0.0,0.0,37,0.6798230641955133,0.003818424944367793,0.017804222798235014,0.3380619199635612,0.9999998376862196,0.0016555876926502055,120,79.45438120607287,0.40806952348579073,648,False,low-leakage seed,"a=0.8,lw=1.5,r=0.04,w=0.25"
five_level_weak_anharmonic,continuation_stageA_alpha0p8_lw1p5,0.03,static_only,0.0,0.0,38,0.9256358133067504,0.0016603453223766884,0.011806430799177425,0.10894163881360332,0.9999998112267324,0.0016555876926502055,120,79.45438120607287,0.40806952348579073,648,False,low-leakage seed,"a=0.8,lw=1.5,r=0.04,w=0.25"
five_level_weak_anharmonic,continuation_stageA_alpha0p8_lw1p5,0.03,static_only,0.0,0.0,39,0.9853336923592566,0.003758519840944774,0.02452918584526753,0.01252587067991672,0.999999689434351,0.0016555876926502055,120,79.45438120607287,0.40806952348579073,648,False,low-leakage seed,"a=0.8,lw=1.5,r=0.04,w=0.25"
five_level_weak_anharmonic,continuation_stageA_alpha0p8_lw1p5,0.03,static_only,0.0,0.0,40,0.8967892621029366,0.00471131328140284,0.025283161751713745,0.0948291038473025,0.9999997268067474,0.0016555876926502055,120,79.45438120607287,0.40806952348579073,648,False,low-leakage seed,"a=0.8,lw=1.5,r=0.04,w=0.25"
five_level_weak_anharmonic,continuation_stageA_alpha0p8_lw1p5,0.03,static_only,0.0,0.0,41,0.7416370721392227,0.004213026768272732,0.020811310890485712,0.20988243548231328,0.9999997216030778,0.0016555876926502055,120,79.45438120607287,0.40806952348579073,648,False,low-leakage seed,"a=0.8,lw=1.5,r=0.04,w=0.25"
five_level_weak_anharmonic,continuation_stageA_alpha0p8_lw1p5,0.03,static_only,0.0,0.0,42,0.9799419144666396,0.0030922503727652817,0.02204402502056757,0.03410691408007919,0.9999997399078406,0.0016555876926502055,120,79.45438120607287,0.40806952348579073,648,False,low-leakage seed,"a=0.8,lw=1.5,r=0.04,w=0.25"
five_level_weak_anharmonic,continuation_stageA_alpha0p8_lw1p5,0.03,static_only,0.0,0.0,43,0.9948799797190945,0.0038551856688125996,0.019342367711786546,0.009550692699789618,0.9999997517113373,0.0016555876926502055,120,79.45438120607287,0.40806952348579073,648,False,low-leakage seed,"a=0.8,lw=1.5,r=0.04,w=0.25"
five_level_weak_anharmonic,continuation_stageA_alpha0p8_lw1p5,0.03,static_only,0.0,0.0,44,0.9568900790252772,0.0028972412782459767,0.018446006576398832,0.07443677208169036,0.9999997957073289,0.0016555876926502055,120,79.45438120607287,0.40806952348579073,648,False,low-leakage seed,"a=0.8,lw=1.5,r=0.04,w=0.25"
five_level_weak_anharmonic,continuation_stageA_alpha0p8_lw1p5,0.03,static_only,0.0,0.0,45,0.9849195987317381,0.0030089002600708348,0.029647828487204264,0.03177724254290179,0.9999997305720886,0.0016555876926502055,120,79.45438120607287,0.40806952348579073,648,False,low-leakage seed,"a=0.8,lw=1.5,r=0.04,w=0.25"
five_level_weak_anharmonic,continuation_stageA_alpha0p8_lw1p5,0.03,static_only,0.0,0.0,46,0.8252461650989523,0.0037475920586522715,0.01875971228701645,0.12861603026671786,0.9999997095844305,0.0016555876926502055,120,79.45438120607287,0.40806952348579073,648,False,low-leakage seed,"a=0.8,lw=1.5,r=0.04,w=0.25"
five_level_weak_anharmonic,continuation_stageA_alpha0p8_lw1p5,0.03,static_only,0.0,0.0,47,0.8266758103738685,0.005437557111865332,0.020823364718487003,0.14867198195845885,0.9999997461926902,0.0016555876926502055,120,79.45438120607287,0.40806952348579073,648,False,low-leakage seed,"a=0.8,lw=1.5,r=0.04,w=0.25"
five_level_weak_anharmonic,continuation_stageA_alpha0p8_lw1p5,0.03,static_only,0.0,0.0,48,0.7080832285416823,0.0035070557611603936,0.024921875965197904,0.21344931683272775,0.999999598025211,0.0016555876926502055,120,79.45438120607287,0.40806952348579073,648,False,low-leakage seed,"a=0.8,lw=1.5,r=0.04,w=0.25"
five_level_weak_anharmonic,continuation_stageA_alpha0p8_lw1p5,0.03,static_only,0.0,0.0,49,0.9040880308145584,0.004299343032897585,0.025125213539416213,0.09105673214416134,0.9999997255471545,0.0016555876926502055,120,79.45438120607287,0.40806952348579073,648,False,low-leakage seed,"a=0.8,lw=1.5,r=0.04,w=0.25"
five_level_weak_anharmonic,continuation_stageA_alpha0p8_lw1p5,0.03,static_only,0.0,0.0,50,0.9494699036369114,0.003238724164812634,0.025713197867959336,0.07660459806493063,0.9999997701450337,0.0016555876926502055,120,79.45438120607287,0.40806952348579073,648,False,low-leakage seed,"a=0.8,lw=1.5,r=0.04,w=0.25"
five_level_weak_anharmonic,continuation_stageA_alpha0p8_lw1p5,0.03,static_only,0.0,0.0,51,0.8467274574301675,0.0035333466537079694,0.02190568818026839,0.14947155541920154,0.9999997354539198,0.0016555876926502055,120,79.45438120607287,0.40806952348579073,648,False,low-leakage seed,"a=0.8,lw=1.5,r=0.04,w=0.25"
five_level_weak_anharmonic,continuation_stageA_alpha0p8_lw1p5,0.03,static_only,0.0,0.0,52,0.7745619547484983,0.0023030860828243682,0.02191137391405129,0.17927342759023257,0.9999996984369169,0.0016555876926502055,120,79.45438120607287,0.40806952348579073,648,False,low-leakage seed,"a=0.8,lw=1.5,r=0.04,w=0.25"
five_level_weak_anharmonic,continuation_stageA_alpha0p8_lw1p5,0.03,static_only,0.0,0.0,53,0.9750668761242958,0.0021256203163756426,0.024917827196426323,0.037159477826414905,0.9999997093761784,0.0016555876926502055,120,79.45438120607287,0.40806952348579073,648,False,low-leakage seed,"a=0.8,lw=1.5,r=0.04,w=0.25"
five_level_weak_anharmonic,continuation_stageA_alpha0p8_lw1p5,0.03,static_only,0.0,0.0,54,0.9967491261305317,0.0010196299795909303,0.023643797592910354,0.008966190721638677,0.9999997109987839,0.0016555876926502055,120,79.45438120607287,0.40806952348579073,648,False,low-leakage seed,"a=0.8,lw=1.5,r=0.04,w=0.25"
five_level_weak_anharmonic,continuation_stageA_alpha0p8_lw1p5,0.03,static_only,0.0,0.0,55,0.9526487933507531,0.004439230188734378,0.027583571687862518,0.06557237065547554,0.9999997529885386,0.0016555876926502055,120,79.45438120607287,0.40806952348579073,648,False,low-leakage seed,"a=0.8,lw=1.5,r=0.04,w=0.25"
five_level_weak_anharmonic,continuation_stageA_alpha0p8_lw1p5,0.03,static_only,0.0,0.0,56,0.9800868533650416,0.0008501611621939409,0.02105582214441526,0.011013050149557597,0.9999996945926997,0.0016555876926502055,120,79.45438120607287,0.40806952348579073,648,False,low-leakage seed,"a=0.8,lw=1.5,r=0.04,w=0.25"
five_level_weak_anharmonic,continuation_stageA_alpha0p8_lw1p5,0.03,static_only,0.0,0.0,57,0.8153380957739129,0.005929708300993819,0.02757909684694715,0.19957259827057125,0.9999997405076845,0.0016555876926502055,120,79.45438120607287,0.40806952348579073,648,False,low-leakage seed,"a=0.8,lw=1.5,r=0.04,w=0.25"
five_level_weak_anharmonic,continuation_stageA_alpha0p8_lw1p5,0.03,static_only,0.0,0.0,58,0.9601944055244667,0.003293117445767546,0.017949736348765732,0.034852435571043214,0.999999757080312,0.0016555876926502055,120,79.45438120607287,0.40806952348579073,648,False,low-leakage seed,"a=0.8,lw=1.5,r=0.04,w=0.25"
five_level_weak_anharmonic,continuation_stageA_alpha0p8_lw1p5,0.03,static_only,0.0,0.0,59,0.7646550067648117,0.00224234694871972,0.02597833271842709,0.1759572511936969,0.9999996092970611,0.0016555876926502055,120,79.45438120607287,0.40806952348579073,648,False,low-leakage seed,"a=0.8,lw=1.5,r=0.04,w=0.25"
five_level_weak_anharmonic,continuation_stageA_alpha0p8_lw1p5,0.03,deph_0.001,0.001,0.0,10,0.83717553210333,0.0038964734237185716,0.023986531158890934,0.14359704594984055,0.9793939674991101,0.0016555876926502055,120,79.45438120607287,0.40806952348579073,648,False,low-leakage seed,"a=0.8,lw=1.5,r=0.04,w=0.25"
five_level_weak_anharmonic,continuation_stageA_alpha0p8_lw1p5,0.03,deph_0.001,0.001,0.0,11,0.818396872583706,0.006322752967631073,0.028353438646175122,0.11873055044473883,0.9840460922102193,0.0016555876926502055,120,79.45438120607287,0.40806952348579073,648,False,low-leakage seed,"a=0.8,lw=1.5,r=0.04,w=0.25"
five_level_weak_anharmonic,continuation_stageA_alpha0p8_lw1p5,0.03,deph_0.001,0.001,0.0,12,0.6876740677152726,0.003932259365906243,0.024325124992354175,0.2581953917490108,0.9777293512346736,0.0016555876926502055,120,79.45438120607287,0.40806952348579073,648,False,low-leakage seed,"a=0.8,lw=1.5,r=0.04,w=0.25"
five_level_weak_anharmonic,continuation_stageA_alpha0p8_lw1p5,0.03,deph_0.001,0.001,0.0,13,0.81090859576578,0.001954895424526315,0.021422777379715763,0.18775171650706496,0.9767820532951765,0.0016555876926502055,120,79.45438120607287,0.40806952348579073,648,False,low-leakage seed,"a=0.8,lw=1.5,r=0.04,w=0.25"
five_level_weak_anharmonic,continuation_stageA_alpha0p8_lw1p5,0.03,deph_0.001,0.001,0.0,14,0.9436309672565262,0.003350683005703625,0.017158502007319276,0.05884226825496171,0.9822072877136016,0.0016555876926502055,120,79.45438120607287,0.40806952348579073,648,False,low-leakage seed,"a=0.8,lw=1.5,r=0.04,w=0.25"
five_level_weak_anharmonic,continuation_stageA_alpha0p8_lw1p5,0.03,deph_0.001,0.001,0.0,15,0.9468454492619098,0.0023016343703256004,0.026864120295194693,0.06560848622984317,0.982210015208318,0.0016555876926502055,120,79.45438120607287,0.40806952348579073,648,False,low-leakage seed,"a=0.8,lw=1.5,r=0.04,w=0.25"
five_level_weak_anharmonic,continuation_stageA_alpha0p8_lw1p5,0.03,deph_0.001,0.001,0.0,16,0.8617752759102261,0.004496382326711346,0.02629208574391728,0.10208256616805311,0.9827158607953533,0.0016555876926502055,120,79.45438120607287,0.40806952348579073,648,False,low-leakage seed,"a=0.8,lw=1.5,r=0.04,w=0.25"
five_level_weak_anharmonic,continuation_stageA_alpha0p8_lw1p5,0.03,deph_0.001,0.001,0.0,17,0.8248110728142469,0.002987140948736755,0.02031089126439356,0.19279296736197543,0.9772911878999663,0.0016555876926502055,120,79.45438120607287,0.40806952348579073,648,False,low-leakage seed,"a=0.8,lw=1.5,r=0.04,w=0.25"
five_level_weak_anharmonic,continuation_stageA_alpha0p8_lw1p5,0.03,deph_0.001,0.001,0.0,18,0.9111671226925977,0.0035739403191445973,0.02194170254174377,0.11200456478700888,0.979601625518501,0.0016555876926502055,120,79.45438120607287,0.40806952348579073,648,False,low-leakage seed,"a=0.8,lw=1.5,r=0.04,w=0.25"
five_level_weak_anharmonic,continuation_stageA_alpha0p8_lw1p5,0.03,deph_0.001,0.001,0.0,19,0.7109727780228395,0.0022393928183812584,0.0182384652914388,0.2299471442666464,0.9792750604968561,0.0016555876926502055,120,79.45438120607287,0.40806952348579073,648,False,low-leakage seed,"a=0.8,lw=1.5,r=0.04,w=0.25"
five_level_weak_anharmonic,continuation_stageA_alpha0p8_lw1p5,0.03,deph_0.001,0.001,0.0,20,0.6949717325562066,0.0046900709708143085,0.023490373984844437,0.25570768374942254,0.9768653499599974,0.0016555876926502055,120,79.45438120607287,0.40806952348579073,648,False,low-leakage seed,"a=0.8,lw=1.5,r=0.04,w=0.25"
five_level_weak_anharmonic,continuation_stageA_alpha0p8_lw1p5,0.03,deph_0.001,0.001,0.0,21,0.8178406790763284,0.0042344688017526,0.01717883646928353,0.14845930253360992,0.9808807947635598,0.0016555876926502055,120,79.45438120607287,0.40806952348579073,648,False,low-leakage seed,"a=0.8,lw=1.5,r=0.04,w=0.25"
five_level_weak_anharmonic,continuation_stageA_alpha0p8_lw1p5,0.03,deph_0.001,0.001,0.0,22,0.8425316888853583,0.0032840230989440444,0.020892081804394724,0.11399953388194936,0.9827539294414137,0.0016555876926502055,120,79.45438120607287,0.40806952348579073,648,False,low-leakage seed,"a=0.8,lw=1.5,r=0.04,w=0.25"
five_level_weak_anharmonic,continuation_stageA_alpha0p8_lw1p5,0.03,deph_0.001,0.001,0.0,23,0.9551781498611521,0.003924394517532237,0.020075439502478032,0.039155672435645446,0.9843534487375926,0.0016555876926502055,120,79.45438120607287,0.40806952348579073,648,False,low-leakage seed,"a=0.8,lw=1.5,r=0.04,w=0.25"
five_level_weak_anharmonic,continuation_stageA_alpha0p8_lw1p5,0.03,deph_0.001,0.001,0.0,24,0.9772010125304383,0.0029680930730899835,0.02193764004075971,0.04257323178761467,0.9831811333983244,0.0016555876926502055,120,79.45438120607287,0.40806952348579073,648,False,low-leakage seed,"a=0.8,lw=1.5,r=0.04,w=0.25"
five_level_weak_anharmonic,continuation_stageA_alpha0p8_lw1p5,0.03,deph_0.001,0.001,0.0,25,0.9809660523110885,0.0066095988885617185,0.022412886240456675,0.0312348906369621,0.9837165503042475,0.0016555876926502055,120,79.45438120607287,0.40806952348579073,648,False,low-leakage seed,"a=0.8,lw=1.5,r=0.04,w=0.25"
five_level_weak_anharmonic,continuation_stageA_alpha0p8_lw1p5,0.03,deph_0.001,0.001,0.0,26,0.950006919265328,0.0033734858619813846,0.02407327566181061,0.06744580779425917,0.9815189923441712,0.0016555876926502055,120,79.45438120607287,0.40806952348579073,648,False,low-leakage seed,"a=0.8,lw=1.5,r=0.04,w=0.25"
five_level_weak_anharmonic,continuation_stageA_alpha0p8_lw1p5,0.03,deph_0.001,0.001,0.0,27,0.9266845665494119,0.0026776086039786984,0.020675231768374047,0.1024804405434957,0.9800468383410945,0.0016555876926502055,120,79.45438120607287,0.40806952348579073,648,False,low-leakage seed,"a=0.8,lw=1.5,r=0.04,w=0.25"
five_level_weak_anharmonic,continuation_stageA_alpha0p8_lw1p5,0.03,deph_0.001,0.001,0.0,28,0.8165723887198075,0.008510086122538563,0.030657768926358298,0.13816500340923057,0.9806922695014388,0.0016555876926502055,120,79.45438120607287,0.40806952348579073,648,False,low-leakage seed,"a=0.8,lw=1.5,r=0.04,w=0.25"
five_level_weak_anharmonic,continuation_stageA_alpha0p8_lw1p5,0.03,deph_0.001,0.001,0.0,29,0.8805186293916554,0.00408546232092688,0.020472803330153888,0.11658872496166171,0.9804132330863728,0.0016555876926502055,120,79.45438120607287,0.40806952348579073,648,False,low-leakage seed,"a=0.8,lw=1.5,r=0.04,w=0.25"
five_level_weak_anharmonic,continuation_stageA_alpha0p8_lw1p5,0.03,deph_0.001,0.001,0.0,30,0.9101047264922913,0.005703993689370801,0.017524634982668763,0.12197664212047776,0.9789740405161048,0.0016555876926502055,120,79.45438120607287,0.40806952348579073,648,False,low-leakage seed,"a=0.8,lw=1.5,r=0.04,w=0.25"
five_level_weak_anharmonic,continuation_stageA_alpha0p8_lw1p5,0.03,deph_0.001,0.001,0.0,31,0.8605902350162705,0.0040433467531511,0.03366325496051814,0.08506922595960319,0.9849127939985439,0.0016555876926502055,120,79.45438120607287,0.40806952348579073,648,False,low-leakage seed,"a=0.8,lw=1.5,r=0.04,w=0.25"
five_level_weak_anharmonic,continuation_stageA_alpha0p8_lw1p5,0.03,deph_0.001,0.001,0.0,32,0.9071010047812921,0.0049542580586652285,0.02328506192643065,0.055805506156391974,0.9858785943142266,0.0016555876926502055,120,79.45438120607287,0.40806952348579073,648,False,low-leakage seed,"a=0.8,lw=1.5,r=0.04,w=0.25"
five_level_weak_anharmonic,continuation_stageA_alpha0p8_lw1p5,0.03,deph_0.001,0.001,0.0,33,0.897971924144411,0.0016244094344526339,0.016551411980119113,0.14356765645152195,0.9779822869411037,0.0016555876926502055,120,79.45438120607287,0.40806952348579073,648,False,low-leakage seed,"a=0.8,lw=1.5,r=0.04,w=0.25"
five_level_weak_anharmonic,continuation_stageA_alpha0p8_lw1p5,0.03,deph_0.001,0.001,0.0,34,0.9790171008436194,0.002470850805462055,0.0260383282844463,0.04427165061578327,0.982207872393523,0.0016555876926502055,120,79.45438120607287,0.40806952348579073,648,False,low-leakage seed,"a=0.8,lw=1.5,r=0.04,w=0.25"
five_level_weak_anharmonic,continuation_stageA_alpha0p8_lw1p5,0.03,deph_0.001,0.001,0.0,35,0.7190488814202783,0.003891813140977307,0.025746524656463654,0.25118176059554465,0.9761964562043935,0.0016555876926502055,120,79.45438120607287,0.40806952348579073,648,False,low-leakage seed,"a=0.8,lw=1.5,r=0.04,w=0.25"
five_level_weak_anharmonic,continuation_stageA_alpha0p8_lw1p5,0.03,deph_0.001,0.001,0.0,36,0.9357709262087895,0.005316142725512063,0.02463989560350688,0.042799357443467925,0.9852507084540245,0.0016555876926502055,120,79.45438120607287,0.40806952348579073,648,False,low-leakage seed,"a=0.8,lw=1.5,r=0.04,w=0.25"
five_level_weak_anharmonic,continuation_stageA_alpha0p8_lw1p5,0.03,deph_0.001,0.001,0.0,37,0.675383370150517,0.004205765266955375,0.017879694052755246,0.341948058766192,0.9740070202379594,0.0016555876926502055,120,79.45438120607287,0.40806952348579073,648,False,low-leakage seed,"a=0.8,lw=1.5,r=0.04,w=0.25"
five_level_weak_anharmonic,continuation_stageA_alpha0p8_lw1p5,0.03,deph_0.001,0.001,0.0,38,0.9186770634926794,0.0018530381693148135,0.011889044323391884,0.11498930323828653,0.9793412700817825,0.0016555876926502055,120,79.45438120607287,0.40806952348579073,648,False,low-leakage seed,"a=0.8,lw=1.5,r=0.04,w=0.25"
five_level_weak_anharmonic,continuation_stageA_alpha0p8_lw1p5,0.03,deph_0.001,0.001,0.0,39,0.9780836537243738,0.004344711862842909,0.024647085391826806,0.01940139182793169,0.985373578174911,0.0016555876926502055,120,79.45438120607287,0.40806952348579073,648,False,low-leakage seed,"a=0.8,lw=1.5,r=0.04,w=0.25"
five_level_weak_anharmonic,continuation_stageA_alpha0p8_lw1p5,0.03,deph_0.001,0.001,0.0,40,0.890660200325965,0.005159018535905946,0.02546986986278721,0.1009151083917908,0.9812307249242042,0.0016555876926502055,120,79.45438120607287,0.40806952348579073,648,False,low-leakage seed,"a=0.8,lw=1.5,r=0.04,w=0.25"
five_level_weak_anharmonic,continuation_stageA_alpha0p8_lw1p5,0.03,deph_0.001,0.001,0.0,41,0.7387506112736666,0.004642719719484489,0.02094300405006877,0.21379391947810703,0.9786747813289304,0.0016555876926502055,120,79.45438120607287,0.40806952348579073,648,False,low-leakage seed,"a=0.8,lw=1.5,r=0.04,w=0.25"
five_level_weak_anharmonic,continuation_stageA_alpha0p8_lw1p5,0.03,deph_0.001,0.001,0.0,42,0.9717935528626914,0.003554300451576564,0.022320000243183813,0.04157701444703475,0.9825995812198828,0.0016555876926502055,120,79.45438120607287,0.40806952348579073,648,False,low-leakage seed,"a=0.8,lw=1.5,r=0.04,w=0.25"
five_level_weak_anharmonic,continuation_stageA_alpha0p8_lw1p5,0.03,deph_0.001,0.001,0.0,43,0.9877848597683314,0.004132757289734279,0.019494806795363306,0.016222103965291824,0.9855743699948325,0.0016555876926502055,120,79.45438120607287,0.40806952348579073,648,False,low-leakage seed,"a=0.8,lw=1.5,r=0.04,w=0.25"
five_level_weak_anharmonic,continuation_stageA_alpha0p8_lw1p5,0.03,deph_0.001,0.001,0.0,44,0.9488572322027862,0.0031278933043870083,0.018519596722515352,0.08160323627969182,0.9798272980855703,0.0016555876926502055,120,79.45438120607287,0.40806952348579073,648,False,low-leakage seed,"a=0.8,lw=1.5,r=0.04,w=0.25"
five_level_weak_anharmonic,continuation_stageA_alpha0p8_lw1p5,0.03,deph_0.001,0.001,0.0,45,0.9768229563310359,0.003663132678797032,0.029743704689239703,0.03915411247044269,0.9825478750670995,0.0016555876926502055,120,79.45438120607287,0.40806952348579073,648,False,low-leakage seed,"a=0.8,lw=1.5,r=0.04,w=0.25"
five_level_weak_anharmonic,continuation_stageA_alpha0p8_lw1p5,0.03,deph_0.001,0.001,0.0,46,0.8218191524570962,0.00398965209697888,0.018836583067440626,0.13296745709201635,0.9829575242415598,0.0016555876926502055,120,79.45438120607287,0.40806952348579073,648,False,low-leakage seed,"a=0.8,lw=1.5,r=0.04,w=0.25"
five_level_weak_anharmonic,continuation_stageA_alpha0p8_lw1p5,0.03,deph_0.001,0.001,0.0,47,0.8222172412674986,0.0058635268401630025,0.021022376610518645,0.15359736640457192,0.9800700224469151,0.0016555876926502055,120,79.45438120607287,0.40806952348579073,648,False,low-leakage seed,"a=0.8,lw=1.5,r=0.04,w=0.25"
five_level_weak_anharmonic,continuation_stageA_alpha0p8_lw1p5,0.03,deph_0.001,0.001,0.0,48,0.7071705611373428,0.003926136569022409,0.025096765017615486,0.21593828764512865,0.9824136685970569,0.0016555876926502055,120,79.45438120607287,0.40806952348579073,648,False,low-leakage seed,"a=0.8,lw=1.5,r=0.04,w=0.25"
five_level_weak_anharmonic,continuation_stageA_alpha0p8_lw1p5,0.03,deph_0.001,0.001,0.0,49,0.8980254921922781,0.00491490862753452,0.025221164630139237,0.0970040974146702,0.9815560161481823,0.0016555876926502055,120,79.45438120607287,0.40806952348579073,648,False,low-leakage seed,"a=0.8,lw=1.5,r=0.04,w=0.25"
five_level_weak_anharmonic,continuation_stageA_alpha0p8_lw1p5,0.03,deph_0.001,0.001,0.0,50,0.9421455725652556,0.0037250080559200205,0.025803327531224052,0.08307873361072826,0.9807181373682057,0.0016555876926502055,120,79.45438120607287,0.40806952348579073,648,False,low-leakage seed,"a=0.8,lw=1.5,r=0.04,w=0.25"
five_level_weak_anharmonic,continuation_stageA_alpha0p8_lw1p5,0.03,deph_0.001,0.001,0.0,51,0.8410123891614852,0.004114859229426893,0.022123135671886507,0.1550916865355085,0.9788049627394861,0.0016555876926502055,120,79.45438120607287,0.40806952348579073,648,False,low-leakage seed,"a=0.8,lw=1.5,r=0.04,w=0.25"
five_level_weak_anharmonic,continuation_stageA_alpha0p8_lw1p5,0.03,deph_0.001,0.001,0.0,52,0.7712655464049288,0.002958806551563775,0.022008252626206426,0.18345971738280242,0.979821978290895,0.0016555876926502055,120,79.45438120607287,0.40806952348579073,648,False,low-leakage seed,"a=0.8,lw=1.5,r=0.04,w=0.25"
five_level_weak_anharmonic,continuation_stageA_alpha0p8_lw1p5,0.03,deph_0.001,0.001,0.0,53,0.9680294358266306,0.0026305789073214347,0.025023693649536716,0.043559395098173914,0.9834555789735079,0.0016555876926502055,120,79.45438120607287,0.40806952348579073,648,False,low-leakage seed,"a=0.8,lw=1.5,r=0.04,w=0.25"
five_level_weak_anharmonic,continuation_stageA_alpha0p8_lw1p5,0.03,deph_0.001,0.001,0.0,54,0.9893599735638412,0.0015371400223589404,0.023882602179835177,0.015807147858823766,0.9852919342795585,0.0016555876926502055,120,79.45438120607287,0.40806952348579073,648,False,low-leakage seed,"a=0.8,lw=1.5,r=0.04,w=0.25"
five_level_weak_anharmonic,continuation_stageA_alpha0p8_lw1p5,0.03,deph_0.001,0.001,0.0,55,0.9449343029912297,0.004862943106532458,0.027676198445823363,0.07269053011902846,0.9800995896214557,0.0016555876926502055,120,79.45438120607287,0.40806952348579073,648,False,low-leakage seed,"a=0.8,lw=1.5,r=0.04,w=0.25"
five_level_weak_anharmonic,continuation_stageA_alpha0p8_lw1p5,0.03,deph_0.001,0.001,0.0,56,0.9734016924695135,0.001157531358229158,0.021069849087464787,0.017404812823636567,0.9867572786928896,0.0016555876926502055,120,79.45438120607287,0.40806952348579073,648,False,low-leakage seed,"a=0.8,lw=1.5,r=0.04,w=0.25"
five_level_weak_anharmonic,continuation_stageA_alpha0p8_lw1p5,0.03,deph_0.001,0.001,0.0,57,0.8095554635445995,0.006631080748313312,0.02768144922474436,0.20483349760122654,0.9761230511740099,0.0016555876926502055,120,79.45438120607287,0.40806952348579073,648,False,low-leakage seed,"a=0.8,lw=1.5,r=0.04,w=0.25"
five_level_weak_anharmonic,continuation_stageA_alpha0p8_lw1p5,0.03,deph_0.001,0.001,0.0,58,0.9536978477530935,0.0035646179879769146,0.018105290643806837,0.04117616403952661,0.9847200077876587,0.0016555876926502055,120,79.45438120607287,0.40806952348579073,648,False,low-leakage seed,"a=0.8,lw=1.5,r=0.04,w=0.25"
five_level_weak_anharmonic,continuation_stageA_alpha0p8_lw1p5,0.03,deph_0.001,0.001,0.0,59,0.7622990573736451,0.0028274865632246238,0.02607227716776317,0.17953372298356446,0.9816283234708184,0.0016555876926502055,120,79.45438120607287,0.40806952348579073,648,False,low-leakage seed,"a=0.8,lw=1.5,r=0.04,w=0.25"
five_level_weak_anharmonic,continuation_stageA_alpha0p8_lw1p5,0.03,relax_0.0005,0.0,0.0005,10,0.8289468198606393,0.003356628285808516,0.02381867736557819,0.15111269949419426,0.9729952185530022,0.0016555876926502055,120,79.45438120607287,0.40806952348579073,648,False,low-leakage seed,"a=0.8,lw=1.5,r=0.04,w=0.25"
five_level_weak_anharmonic,continuation_stageA_alpha0p8_lw1p5,0.03,relax_0.0005,0.0,0.0005,11,0.8079808382124493,0.0056474560089249115,0.027947228805032198,0.12767210474803958,0.9649916994167633,0.0016555876926502055,120,79.45438120607287,0.40806952348579073,648,False,low-leakage seed,"a=0.8,lw=1.5,r=0.04,w=0.25"
five_level_weak_anharmonic,continuation_stageA_alpha0p8_lw1p5,0.03,relax_0.0005,0.0,0.0005,12,0.6738449833713218,0.003493663495841348,0.024021439251815435,0.26964274367395286,0.9740147400741862,0.0016555876926502055,120,79.45438120607287,0.40806952348579073,648,False,low-leakage seed,"a=0.8,lw=1.5,r=0.04,w=0.25"
five_level_weak_anharmonic,continuation_stageA_alpha0p8_lw1p5,0.03,relax_0.0005,0.0,0.0005,13,0.8023774862219338,0.0015478884917820013,0.021255358948183978,0.1950700022817129,0.980004872221236,0.0016555876926502055,120,79.45438120607287,0.40806952348579073,648,False,low-leakage seed,"a=0.8,lw=1.5,r=0.04,w=0.25"
five_level_weak_anharmonic,continuation_stageA_alpha0p8_lw1p5,0.03,relax_0.0005,0.0,0.0005,14,0.9358278812712434,0.0029829233965470436,0.017012792509185748,0.06590023236474396,0.971583992349016,0.0016555876926502055,120,79.45438120607287,0.40806952348579073,648,False,low-leakage seed,"a=0.8,lw=1.5,r=0.04,w=0.25"
five_level_weak_anharmonic,continuation_stageA_alpha0p8_lw1p5,0.03,relax_0.0005,0.0,0.0005,15,0.9358141715424578,0.0017096987087152904,0.026555057607488664,0.07500050779298142,0.9687129935484583,0.0016555876926502055,120,79.45438120607287,0.40806952348579073,648,False,low-leakage seed,"a=0.8,lw=1.5,r=0.04,w=0.25"
five_level_weak_anharmonic,continuation_stageA_alpha0p8_lw1p5,0.03,relax_0.0005,0.0,0.0005,16,0.8505438066321701,0.003841908343601541,0.026118217698978263,0.11160047192041357,0.966860359374526,0.0016555876926502055,120,79.45438120607287,0.40806952348579073,648,False,low-leakage seed,"a=0.8,lw=1.5,r=0.04,w=0.25"
five_level_weak_anharmonic,continuation_stageA_alpha0p8_lw1p5,0.03,relax_0.0005,0.0,0.0005,17,0.8136609893364244,0.0025362040129830454,0.020162885820055987,0.20229543626314594,0.9774039369287296,0.0016555876926502055,120,79.45438120607287,0.40806952348579073,648,False,low-leakage seed,"a=0.8,lw=1.5,r=0.04,w=0.25"
five_level_weak_anharmonic,continuation_stageA_alpha0p8_lw1p5,0.03,relax_0.0005,0.0,0.0005,18,0.900854388718177,0.0030554850038819747,0.021654471359730865,0.1208927921989819,0.9734356424027515,0.0016555876926502055,120,79.45438120607287,0.40806952348579073,648,False,low-leakage seed,"a=0.8,lw=1.5,r=0.04,w=0.25"
five_level_weak_anharmonic,continuation_stageA_alpha0p8_lw1p5,0.03,relax_0.0005,0.0,0.0005,19,0.6971749145120834,0.001767765617182837,0.017983873464056277,0.24144978719939528,0.9714893385167546,0.0016555876926502055,120,79.45438120607287,0.40806952348579073,648,False,low-leakage seed,"a=0.8,lw=1.5,r=0.04,w=0.25"
five_level_weak_anharmonic,continuation_stageA_alpha0p8_lw1p5,0.03,relax_0.0005,0.0,0.0005,20,0.682601279524265,0.004012446014679316,0.023217502776255117,0.26607391488206916,0.9743207543794803,0.0016555876926502055,120,79.45438120607287,0.40806952348579073,648,False,low-leakage seed,"a=0.8,lw=1.5,r=0.04,w=0.25"
five_level_weak_anharmonic,continuation_stageA_alpha0p8_lw1p5,0.03,relax_0.0005,0.0,0.0005,21,0.8054174617576046,0.003818984787792523,0.016933079998112555,0.15890822550752376,0.9699347820056448,0.0016555876926502055,120,79.45438120607287,0.40806952348579073,648,False,low-leakage seed,"a=0.8,lw=1.5,r=0.04,w=0.25"
five_level_weak_anharmonic,continuation_stageA_alpha0p8_lw1p5,0.03,relax_0.0005,0.0,0.0005,22,0.8319286140920178,0.0027268022378603707,0.020728219943443316,0.12322199941999651,0.9669316130465817,0.0016555876926502055,120,79.45438120607287,0.40806952348579073,648,False,low-leakage seed,"a=0.8,lw=1.5,r=0.04,w=0.25"
five_level_weak_anharmonic,continuation_stageA_alpha0p8_lw1p5,0.03,relax_0.0005,0.0,0.0005,23,0.9453088281259393,0.003506187903305702,0.019788145673500068,0.047781037782850345,0.9671818992124472,0.0016555876926502055,120,79.45438120607287,0.40806952348579073,648,False,low-leakage seed,"a=0.8,lw=1.5,r=0.04,w=0.25"
five_level_weak_anharmonic,continuation_stageA_alpha0p8_lw1p5,0.03,relax_0.0005,0.0,0.0005,24,0.9670008726920117,0.0024708589038275885,0.021765420261047108,0.051455554818974625,0.969204006311472,0.0016555876926502055,120,79.45438120607287,0.40806952348579073,648,False,low-leakage seed,"a=0.8,lw=1.5,r=0.04,w=0.25"
five_level_weak_anharmonic,continuation_stageA_alpha0p8_lw1p5,0.03,relax_0.0005,0.0,0.0005,25,0.9712980049049224,0.006090681023597555,0.02212319767219806,0.03968837597044955,0.9683142742304467,0.0016555876926502055,120,79.45438120607287,0.40806952348579073,648,False,low-leakage seed,"a=0.8,lw=1.5,r=0.04,w=0.25"
five_level_weak_anharmonic,continuation_stageA_alpha0p8_lw1p5,0.03,relax_0.0005,0.0,0.0005,26,0.9403505208960385,0.002812369305185025,0.023675015735107552,0.0758110150574738,0.9707515984113161,0.0016555876926502055,120,79.45438120607287,0.40806952348579073,648,False,low-leakage seed,"a=0.8,lw=1.5,r=0.04,w=0.25"
five_level_weak_anharmonic,continuation_stageA_alpha0p8_lw1p5,0.03,relax_0.0005,0.0,0.0005,27,0.9163869393240073,0.0022740512193796247,0.020536756674894963,0.11133966074775853,0.9739823691745626,0.0016555876926502055,120,79.45438120607287,0.40806952348579073,648,False,low-leakage seed,"a=0.8,lw=1.5,r=0.04,w=0.25"
five_level_weak_anharmonic,continuation_stageA_alpha0p8_lw1p5,0.03,relax_0.0005,0.0,0.0005,28,0.8065350654286597,0.0077662408541512296,0.030291366231911754,0.14678616680810105,0.9699030418647556,0.0016555876926502055,120,79.45438120607287,0.40806952348579073,648,False,low-leakage seed,"a=0.8,lw=1.5,r=0.04,w=0.25"
five_level_weak_anharmonic,continuation_stageA_alpha0p8_lw1p5,0.03,relax_0.0005,0.0,0.0005,29,0.8703778565312021,0.0037057001869370554,0.0201549569458932,0.125374546348009,0.9729999428485494,0.0016555876926502055,120,79.45438120607287,0.40806952348579073,648,False,low-leakage seed,"a=0.8,lw=1.5,r=0.04,w=0.25"
five_level_weak_anharmonic,continuation_stageA_alpha0p8_lw1p5,0.03,relax_0.0005,0.0,0.0005,30,0.9002546311286908,0.005323633520544324,0.017347507701691356,0.13056556100811384,0.9757007084898521,0.0016555876926502055,120,79.45438120607287,0.40806952348579073,648,False,low-leakage seed,"a=0.8,lw=1.5,r=0.04,w=0.25"
five_level_weak_anharmonic,continuation_stageA_alpha0p8_lw1p5,0.03,relax_0.0005,0.0,0.0005,31,0.851263148594536,0.0033781454207746364,0.0334603165195988,0.09324148746782232,0.9644341833753531,0.0016555876926502055,120,79.45438120607287,0.40806952348579073,648,False,low-leakage seed,"a=0.8,lw=1.5,r=0.04,w=0.25"
five_level_weak_anharmonic,continuation_stageA_alpha0p8_lw1p5,0.03,relax_0.0005,0.0,0.0005,32,0.8966830524050144,0.004378340236221301,0.02300985740190109,0.06483151347171694,0.963577551437708,0.0016555876926502055,120,79.45438120607287,0.40806952348579073,648,False,low-leakage seed,"a=0.8,lw=1.5,r=0.04,w=0.25"
five_level_weak_anharmonic,continuation_stageA_alpha0p8_lw1p5,0.03,relax_0.0005,0.0,0.0005,33,0.8885396598974301,0.0011921581259970448,0.016333199882223925,0.15186006867426402,0.9767786911719365,0.0016555876926502055,120,79.45438120607287,0.40806952348579073,648,False,low-leakage seed,"a=0.8,lw=1.5,r=0.04,w=0.25"
five_level_weak_anharmonic,continuation_stageA_alpha0p8_lw1p5,0.03,relax_0.0005,0.0,0.0005,34,0.969957420485224,0.0017975943106378622,0.025865124642466153,0.052174026078844166,0.9698938076825034,0.0016555876926502055,120,79.45438120607287,0.40806952348579073,648,False,low-leakage seed,"a=0.8,lw=1.5,r=0.04,w=0.25"
five_level_weak_anharmonic,continuation_stageA_alpha0p8_lw1p5,0.03,relax_0.0005,0.0,0.0005,35,0.707189998857313,0.003218742017137899,0.025580144052669507,0.2611395720480714,0.9753404506074527,0.0016555876926502055,120,79.45438120607287,0.40806952348579073,648,False,low-leakage seed,"a=0.8,lw=1.5,r=0.04,w=0.25"
five_level_weak_anharmonic,continuation_stageA_alpha0p8_lw1p5,0.03,relax_0.0005,0.0,0.0005,36,0.9250817169502599,0.004825570430177173,0.024480690545748418,0.05190110373570602,0.9654623987577792,0.0016555876926502055,120,79.45438120607287,0.40806952348579073,648,False,low-leakage seed,"a=0.8,lw=1.5,r=0.04,w=0.25"
five_level_weak_anharmonic,continuation_stageA_alpha0p8_lw1p5,0.03,relax_0.0005,0.0,0.0005,37,0.6654374607860662,0.0037233744644346034,0.017754657467281,0.3505299734757407,0.9852898340792422,0.0016555876926502055,120,79.45438120607287,0.40806952348579073,648,False,low-leakage seed,"a=0.8,lw=1.5,r=0.04,w=0.25"
five_level_weak_anharmonic,continuation_stageA_alpha0p8_lw1p5,0.03,relax_0.0005,0.0,0.0005,38,0.9094976759872376,0.0016159378783483502,0.011777660628048081,0.12306536452398588,0.9755158029735257,0.0016555876926502055,120,79.45438120607287,0.40806952348579073,648,False,low-leakage seed,"a=0.8,lw=1.5,r=0.04,w=0.25"
five_level_weak_anharmonic,continuation_stageA_alpha0p8_lw1p5,0.03,relax_0.0005,0.0,0.0005,39,0.9679767420904296,0.003720795072285066,0.024461885082873724,0.028173528882134535,0.9652463815838612,0.0016555876926502055,120,79.45438120607287,0.40806952348579073,648,False,low-leakage seed,"a=0.8,lw=1.5,r=0.04,w=0.25"
five_level_weak_anharmonic,continuation_stageA_alpha0p8_lw1p5,0.03,relax_0.0005,0.0,0.0005,40,0.8797577067445183,0.0045775739162337015,0.025121108171877404,0.11020886497130994,0.9700062885393571,0.0016555876926502055,120,79.45438120607287,0.40806952348579073,648,False,low-leakage seed,"a=0.8,lw=1.5,r=0.04,w=0.25"
five_level_weak_anharmonic,continuation_stageA_alpha0p8_lw1p5,0.03,relax_0.0005,0.0,0.0005,41,0.7259172791885372,0.004083328722422674,0.02065795041569063,0.22455351891729958,0.9716751720425485,0.0016555876926502055,120,79.45438120607287,0.40806952348579073,648,False,low-leakage seed,"a=0.8,lw=1.5,r=0.04,w=0.25"
five_level_weak_anharmonic,continuation_stageA_alpha0p8_lw1p5,0.03,relax_0.0005,0.0,0.0005,42,0.9636789928420324,0.0030151563818691107,0.0219050839352386,0.04886638102162646,0.9696065465428104,0.0016555876926502055,120,79.45438120607287,0.40806952348579073,648,False,low-leakage seed,"a=0.8,lw=1.5,r=0.04,w=0.25"
five_level_weak_anharmonic,continuation_stageA_alpha0p8_lw1p5,0.03,relax_0.0005,0.0,0.0005,43,0.9774171108305312,0.0037379612545493934,0.019223923149906952,0.025180327191637812,0.9661003626905025,0.0016555876926502055,120,79.45438120607287,0.40806952348579073,648,False,low-leakage seed,"a=0.8,lw=1.5,r=0.04,w=0.25"
five_level_weak_anharmonic,continuation_stageA_alpha0p8_lw1p5,0.03,relax_0.0005,0.0,0.0005,44,0.9420158612256816,0.0028092111085175064,0.01839154532977627,0.08782147264396276,0.9761738647923929,0.0016555876926502055,120,79.45438120607287,0.40806952348579073,648,False,low-leakage seed,"a=0.8,lw=1.5,r=0.04,w=0.25"
five_level_weak_anharmonic,continuation_stageA_alpha0p8_lw1p5,0.03,relax_0.0005,0.0,0.0005,45,0.9679004788191422,0.0029595360254897063,0.029556698662341452,0.04699407871997355,0.9693584846046562,0.0016555876926502055,120,79.45438120607287,0.40806952348579073,648,False,low-leakage seed,"a=0.8,lw=1.5,r=0.04,w=0.25"
five_level_weak_anharmonic,continuation_stageA_alpha0p8_lw1p5,0.03,relax_0.0005,0.0,0.0005,46,0.8083198731257917,0.0036157592701399066,0.01862662001920401,0.14418580166521822,0.9672886197721546,0.0016555876926502055,120,79.45438120607287,0.40806952348579073,648,False,low-leakage seed,"a=0.8,lw=1.5,r=0.04,w=0.25"
five_level_weak_anharmonic,continuation_stageA_alpha0p8_lw1p5,0.03,relax_0.0005,0.0,0.0005,47,0.8096401105133537,0.005297793730952405,0.020708344611385154,0.1640504679835346,0.9706712310030147,0.0016555876926502055,120,79.45438120607287,0.40806952348579073,648,False,low-leakage seed,"a=0.8,lw=1.5,r=0.04,w=0.25"
five_level_weak_anharmonic,continuation_stageA_alpha0p8_lw1p5,0.03,relax_0.0005,0.0,0.0005,48,0.694420121898507,0.003387018791671137,0.02477073849969358,0.22663435937621604,0.9670340453687053,0.0016555876926502055,120,79.45438120607287,0.40806952348579073,648,False,low-leakage seed,"a=0.8,lw=1.5,r=0.04,w=0.25"
five_level_weak_anharmonic,continuation_stageA_alpha0p8_lw1p5,0.03,relax_0.0005,0.0,0.0005,49,0.8860541380323593,0.004241860902797323,0.0250506273248996,0.10704830457137338,0.9686574293842729,0.0016555876926502055,120,79.45438120607287,0.40806952348579073,648,False,low-leakage seed,"a=0.8,lw=1.5,r=0.04,w=0.25"
five_level_weak_anharmonic,continuation_stageA_alpha0p8_lw1p5,0.03,relax_0.0005,0.0,0.0005,50,0.9318139785053859,0.003193912395223042,0.025632556194334466,0.09198586640899692,0.9726044242650238,0.0016555876926502055,120,79.45438120607287,0.40806952348579073,648,False,low-leakage seed,"a=0.8,lw=1.5,r=0.04,w=0.25"
five_level_weak_anharmonic,continuation_stageA_alpha0p8_lw1p5,0.03,relax_0.0005,0.0,0.0005,51,0.829543781434854,0.0034625440728117685,0.02175862452289179,0.16478388204212965,0.9720268049836178,0.0016555876926502055,120,79.45438120607287,0.40806952348579073,648,False,low-leakage seed,"a=0.8,lw=1.5,r=0.04,w=0.25"
five_level_weak_anharmonic,continuation_stageA_alpha0p8_lw1p5,0.03,relax_0.0005,0.0,0.0005,52,0.7584165353803259,0.0022934733135704377,0.021856354443809956,0.19421693964126657,0.9701459150044739,0.0016555876926502055,120,79.45438120607287,0.40806952348579073,648,False,low-leakage seed,"a=0.8,lw=1.5,r=0.04,w=0.25"
five_level_weak_anharmonic,continuation_stageA_alpha0p8_lw1p5,0.03,relax_0.0005,0.0,0.0005,53,0.9585186651214085,0.0021073744914297254,0.024725144385353115,0.05188204194934988,0.9687911895311219,0.0016555876926502055,120,79.45438120607287,0.40806952348579073,648,False,low-leakage seed,"a=0.8,lw=1.5,r=0.04,w=0.25"
five_level_weak_anharmonic,continuation_stageA_alpha0p8_lw1p5,0.03,relax_0.0005,0.0,0.0005,54,0.9800796712758131,0.0010196818713180678,0.023496866997428367,0.023936317376552916,0.9664427042080347,0.0016555876926502055,120,79.45438120607287,0.40806952348579073,648,False,low-leakage seed,"a=0.8,lw=1.5,r=0.04,w=0.25"
five_level_weak_anharmonic,continuation_stageA_alpha0p8_lw1p5,0.03,relax_0.0005,0.0,0.0005,55,0.9379327255526793,0.004331099435256336,0.027492244586402093,0.07896280063886159,0.975023773396186,0.0016555876926502055,120,79.45438120607287,0.40806952348579073,648,False,low-leakage seed,"a=0.8,lw=1.5,r=0.04,w=0.25"
five_level_weak_anharmonic,continuation_stageA_alpha0p8_lw1p5,0.03,relax_0.0005,0.0,0.0005,56,0.9631276301883208,0.0008443266366401359,0.020869424967144834,0.026370503894593104,0.964107508273933,0.0016555876926502055,120,79.45438120607287,0.40806952348579073,648,False,low-leakage seed,"a=0.8,lw=1.5,r=0.04,w=0.25"
five_level_weak_anharmonic,continuation_stageA_alpha0p8_lw1p5,0.03,relax_0.0005,0.0,0.0005,57,0.7982470455856545,0.005833625457156155,0.02748548200668066,0.2143988747853023,0.9763462559003353,0.0016555876926502055,120,79.45438120607287,0.40806952348579073,648,False,low-leakage seed,"a=0.8,lw=1.5,r=0.04,w=0.25"
five_level_weak_anharmonic,continuation_stageA_alpha0p8_lw1p5,0.03,relax_0.0005,0.0,0.0005,58,0.9425442758102871,0.0031904926204318063,0.017845357919727522,0.05069258660394835,0.9668441064171466,0.0016555876926502055,120,79.45438120607287,0.40806952348579073,648,False,low-leakage seed,"a=0.8,lw=1.5,r=0.04,w=0.25"
five_level_weak_anharmonic,continuation_stageA_alpha0p8_lw1p5,0.03,relax_0.0005,0.0,0.0005,59,0.7490870504763637,0.0021931793256450005,0.025898906237248998,0.19049773249020732,0.9673762131160218,0.0016555876926502055,120,79.45438120607287,0.40806952348579073,648,False,low-leakage seed,"a=0.8,lw=1.5,r=0.04,w=0.25"
five_level_weak_anharmonic,continuation_stageA_alpha0p8_lw1p5,0.03,combined,0.001,0.0005,10,0.82318222491195,0.0038083758956699576,0.023916110907665433,0.15698623039676085,0.9530931881548975,0.0016555876926502055,120,79.45438120607287,0.40806952348579073,648,False,low-leakage seed,"a=0.8,lw=1.5,r=0.04,w=0.25"
five_level_weak_anharmonic,continuation_stageA_alpha0p8_lw1p5,0.03,combined,0.001,0.0005,11,0.8043824027456848,0.006135588851580276,0.028178565509832332,0.13236238817774454,0.9498233649698395,0.0016555876926502055,120,79.45438120607287,0.40806952348579073,648,False,low-leakage seed,"a=0.8,lw=1.5,r=0.04,w=0.25"
five_level_weak_anharmonic,continuation_stageA_alpha0p8_lw1p5,0.03,combined,0.001,0.0005,12,0.6722465224243114,0.0037961226068141674,0.024147884559622135,0.2724871286025763,0.9524829722061753,0.0016555876926502055,120,79.45438120607287,0.40806952348579073,648,False,low-leakage seed,"a=0.8,lw=1.5,r=0.04,w=0.25"
five_level_weak_anharmonic,continuation_stageA_alpha0p8_lw1p5,0.03,combined,0.001,0.0005,13,0.7979008350164667,0.0019211150805970023,0.021356847242544053,0.19959631941149603,0.9573524213071268,0.0016555876926502055,120,79.45438120607287,0.40806952348579073,648,False,low-leakage seed,"a=0.8,lw=1.5,r=0.04,w=0.25"
five_level_weak_anharmonic,continuation_stageA_alpha0p8_lw1p5,0.03,combined,0.001,0.0005,14,0.9291117562865041,0.003276995626719792,0.017111040024713864,0.07224150870476141,0.9543888599590248,0.0016555876926502055,120,79.45438120607287,0.40806952348579073,648,False,low-leakage seed,"a=0.8,lw=1.5,r=0.04,w=0.25"
five_level_weak_anharmonic,continuation_stageA_alpha0p8_lw1p5,0.03,combined,0.001,0.0005,15,0.9287299792964703,0.002314818137800767,0.026650956728549557,0.08148710922490757,0.9515896175394207,0.0016555876926502055,120,79.45438120607287,0.40806952348579073,648,False,low-leakage seed,"a=0.8,lw=1.5,r=0.04,w=0.25"
five_level_weak_anharmonic,continuation_stageA_alpha0p8_lw1p5,0.03,combined,0.001,0.0005,16,0.8457315793361193,0.004377259769883235,0.026210535535910018,0.1169942637744453,0.9503185961239509,0.0016555876926502055,120,79.45438120607287,0.40806952348579073,648,False,low-leakage seed,"a=0.8,lw=1.5,r=0.04,w=0.25"
five_level_weak_anharmonic,continuation_stageA_alpha0p8_lw1p5,0.03,combined,0.001,0.0005,17,0.8079353153608221,0.0029343022241345995,0.02025102212669294,0.20744191578680193,0.9553243455343864,0.0016555876926502055,120,79.45438120607287,0.40806952348579073,648,False,low-leakage seed,"a=0.8,lw=1.5,r=0.04,w=0.25"
five_level_weak_anharmonic,continuation_stageA_alpha0p8_lw1p5,0.03,combined,0.001,0.0005,18,0.8937670868011877,0.0035015245483941415,0.02178346622242333,0.12720261024827217,0.9536758933490778,0.0016555876926502055,120,79.45438120607287,0.40806952348579073,648,False,low-leakage seed,"a=0.8,lw=1.5,r=0.04,w=0.25"
five_level_weak_anharmonic,continuation_stageA_alpha0p8_lw1p5,0.03,combined,0.001,0.0005,19,0.6954527003656421,0.002166945255168473,0.018133806316852907,0.2444756724468775,0.9515041205225956,0.0016555876926502055,120,79.45438120607287,0.40806952348579073,648,False,low-leakage seed,"a=0.8,lw=1.5,r=0.04,w=0.25"
five_level_weak_anharmonic,continuation_stageA_alpha0p8_lw1p5,0.03,combined,0.001,0.0005,20,0.6802258121906395,0.004547019270756847,0.023361749783056274,0.26956369085883086,0.9519714789716472,0.0016555876926502055,120,79.45438120607287,0.40806952348579073,648,False,low-leakage seed,"a=0.8,lw=1.5,r=0.04,w=0.25"
five_level_weak_anharmonic,continuation_stageA_alpha0p8_lw1p5,0.03,combined,0.001,0.0005,21,0.8013437648617278,0.004103441284966092,0.017073760024021167,0.16363210752530308,0.951513184115818,0.0016555876926502055,120,79.45438120607287,0.40806952348579073,648,False,low-leakage seed,"a=0.8,lw=1.5,r=0.04,w=0.25"
five_level_weak_anharmonic,continuation_stageA_alpha0p8_lw1p5,0.03,combined,0.001,0.0005,22,0.8273515586545582,0.003212812682067745,0.02083475812957558,0.128435710598857,0.9504250985601143,0.0016555876926502055,120,79.45438120607287,0.40806952348579073,648,False,low-leakage seed,"a=0.8,lw=1.5,r=0.04,w=0.25"
five_level_weak_anharmonic,continuation_stageA_alpha0p8_lw1p5,0.03,combined,0.001,0.0005,23,0.9384836558507061,0.0038020432573692142,0.01994747052520851,0.05438361477132183,0.9521725563384332,0.0016555876926502055,120,79.45438120607287,0.40806952348579073,648,False,low-leakage seed,"a=0.8,lw=1.5,r=0.04,w=0.25"
five_level_weak_anharmonic,continuation_stageA_alpha0p8_lw1p5,0.03,combined,0.001,0.0005,24,0.9596849025657322,0.0029205983232537536,0.021880365376462985,0.05800137764088678,0.9529782207700778,0.0016555876926502055,120,79.45438120607287,0.40806952348579073,648,False,low-leakage seed,"a=0.8,lw=1.5,r=0.04,w=0.25"
five_level_weak_anharmonic,continuation_stageA_alpha0p8_lw1p5,0.03,combined,0.001,0.0005,25,0.963937812258592,0.006438978369851411,0.022246094753996748,0.04646969172779441,0.9526461721487753,0.0016555876926502055,120,79.45438120607287,0.40806952348579073,648,False,low-leakage seed,"a=0.8,lw=1.5,r=0.04,w=0.25"
five_level_weak_anharmonic,continuation_stageA_alpha0p8_lw1p5,0.03,combined,0.001,0.0005,26,0.9328135132719269,0.003293639192178177,0.023924751352186302,0.08266813264268265,0.9529157865177732,0.0016555876926502055,120,79.45438120607287,0.40806952348579073,648,False,low-leakage seed,"a=0.8,lw=1.5,r=0.04,w=0.25"
five_level_weak_anharmonic,continuation_stageA_alpha0p8_lw1p5,0.03,combined,0.001,0.0005,27,0.9094162112750429,0.002601687916869211,0.0206138831165934,0.11746759147020396,0.9546183367035949,0.0016555876926502055,120,79.45438120607287,0.40806952348579073,648,False,low-leakage seed,"a=0.8,lw=1.5,r=0.04,w=0.25"
five_level_weak_anharmonic,continuation_stageA_alpha0p8_lw1p5,0.03,combined,0.001,0.0005,28,0.8021805211120191,0.008252692315303456,0.0305203800185625,0.15197004376960305,0.9513389152669485,0.0016555876926502055,120,79.45438120607287,0.40806952348579073,648,False,low-leakage seed,"a=0.8,lw=1.5,r=0.04,w=0.25"
five_level_weak_anharmonic,continuation_stageA_alpha0p8_lw1p5,0.03,combined,0.001,0.0005,29,0.8642820321753475,0.003943785737144934,0.02034745779450231,0.13131423420010335,0.9540356828586112,0.0016555876926502055,120,79.45438120607287,0.40806952348579073,648,False,low-leakage seed,"a=0.8,lw=1.5,r=0.04,w=0.25"
five_level_weak_anharmonic,continuation_stageA_alpha0p8_lw1p5,0.03,combined,0.001,0.0005,30,0.893262435893292,0.005558109973994307,0.01738529989397941,0.13666807285360552,0.9552615159494923,0.0016555876926502055,120,79.45438120607287,0.40806952348579073,648,False,low-leakage seed,"a=0.8,lw=1.5,r=0.04,w=0.25"
five_level_weak_anharmonic,continuation_stageA_alpha0p8_lw1p5,0.03,combined,0.001,0.0005,31,0.8465806492979399,0.003960456088362374,0.03355672940455867,0.09870083206277222,0.9501211194949235,0.0016555876926502055,120,79.45438120607287,0.40806952348579073,648,False,low-leakage seed,"a=0.8,lw=1.5,r=0.04,w=0.25"
five_level_weak_anharmonic,continuation_stageA_alpha0p8_lw1p5,0.03,combined,0.001,0.0005,32,0.8912994464179304,0.0048343485416677545,0.023128876407914944,0.07064001817090476,0.9501738125852875,0.0016555876926502055,120,79.45438120607287,0.40806952348579073,648,False,low-leakage seed,"a=0.8,lw=1.5,r=0.04,w=0.25"
five_level_weak_anharmonic,continuation_stageA_alpha0p8_lw1p5,0.03,combined,0.001,0.0005,33,0.8812182537419728,0.0016170725733654079,0.016422387042411613,0.15798865687466954,0.9553771947790257,0.0016555876926502055,120,79.45438120607287,0.40806952348579073,648,False,low-leakage seed,"a=0.8,lw=1.5,r=0.04,w=0.25"
five_level_weak_anharmonic,continuation_stageA_alpha0p8_lw1p5,0.03,combined,0.001,0.0005,34,0.9619369388098742,0.0024394448031667126,0.02595475784891388,0.059347265793887036,0.952744057017327,0.0016555876926502055,120,79.45438120607287,0.40806952348579073,648,False,low-leakage seed,"a=0.8,lw=1.5,r=0.04,w=0.25"
five_level_weak_anharmonic,continuation_stageA_alpha0p8_lw1p5,0.03,combined,0.001,0.0005,35,0.7037305748890966,0.0037990485524064255,0.02566223831442871,0.2652243989769499,0.9523264700415079,0.0016555876926502055,120,79.45438120607287,0.40806952348579073,648,False,low-leakage seed,"a=0.8,lw=1.5,r=0.04,w=0.25"
five_level_weak_anharmonic,continuation_stageA_alpha0p8_lw1p5,0.03,combined,0.001,0.0005,36,0.9191479379461126,0.00514814088332971,0.02455986642785557,0.05804014374467163,0.9513782517466133,0.0016555876926502055,120,79.45438120607287,0.40806952348579073,648,False,low-leakage seed,"a=0.8,lw=1.5,r=0.04,w=0.25"
five_level_weak_anharmonic,continuation_stageA_alpha0p8_lw1p5,0.03,combined,0.001,0.0005,37,0.6610939793023849,0.0040947588512969535,0.01782979832197773,0.35433782540081743,0.9599196319432571,0.0016555876926502055,120,79.45438120607287,0.40806952348579073,648,False,low-leakage seed,"a=0.8,lw=1.5,r=0.04,w=0.25"
five_level_weak_anharmonic,continuation_stageA_alpha0p8_lw1p5,0.03,combined,0.001,0.0005,38,0.9026414764164191,0.0018010652110033165,0.01185982383409745,0.12902831901109446,0.9554479074345126,0.0016555876926502055,120,79.45438120607287,0.40806952348579073,648,False,low-leakage seed,"a=0.8,lw=1.5,r=0.04,w=0.25"
five_level_weak_anharmonic,continuation_stageA_alpha0p8_lw1p5,0.03,combined,0.001,0.0005,39,0.9608504948385879,0.00428401865095307,0.024579093975269695,0.03494011882049549,0.9512748886985953,0.0016555876926502055,120,79.45438120607287,0.40806952348579073,648,False,low-leakage seed,"a=0.8,lw=1.5,r=0.04,w=0.25"
five_level_weak_anharmonic,continuation_stageA_alpha0p8_lw1p5,0.03,combined,0.001,0.0005,40,0.8737477254605008,0.005006984468542974,0.02530621842295311,0.11618674275082248,0.9519172184125326,0.0016555876926502055,120,79.45438120607287,0.40806952348579073,648,False,low-leakage seed,"a=0.8,lw=1.5,r=0.04,w=0.25"
five_level_weak_anharmonic,continuation_stageA_alpha0p8_lw1p5,0.03,combined,0.001,0.0005,41,0.7231106264404701,0.00449554545358688,0.020788097028779817,0.2283803736254587,0.951115870086611,0.0016555876926502055,120,79.45438120607287,0.40806952348579073,648,False,low-leakage seed,"a=0.8,lw=1.5,r=0.04,w=0.25"
five_level_weak_anharmonic,continuation_stageA_alpha0p8_lw1p5,0.03,combined,0.001,0.0005,42,0.9556606491493596,0.003457746913930859,0.02217841253455677,0.05622154533720989,0.9528630699370579,0.0016555876926502055,120,79.45438120607287,0.40806952348579073,648,False,low-leakage seed,"a=0.8,lw=1.5,r=0.04,w=0.25"
five_level_weak_anharmonic,continuation_stageA_alpha0p8_lw1p5,0.03,combined,0.001,0.0005,43,0.9704349266640335,0.004002843464595118,0.01937492937450258,0.031751489749915006,0.9522811234755745,0.0016555876926502055,120,79.45438120607287,0.40806952348579073,648,False,low-leakage seed,"a=0.8,lw=1.5,r=0.04,w=0.25"
five_level_weak_anharmonic,continuation_stageA_alpha0p8_lw1p5,0.03,combined,0.001,0.0005,44,0.9340921423649623,0.003029475019538097,0.01846477144775982,0.09489289032335833,0.9565814920908158,0.0016555876926502055,120,79.45438120607287,0.40806952348579073,648,False,low-leakage seed,"a=0.8,lw=1.5,r=0.04,w=0.25"
five_level_weak_anharmonic,continuation_stageA_alpha0p8_lw1p5,0.03,combined,0.001,0.0005,45,0.9599418139368331,0.0035878293673022865,0.02965207697173211,0.054251652006748044,0.9525518813900407,0.0016555876926502055,120,79.45438120607287,0.40806952348579073,648,False,low-leakage seed,"a=0.8,lw=1.5,r=0.04,w=0.25"
five_level_weak_anharmonic,continuation_stageA_alpha0p8_lw1p5,0.03,combined,0.001,0.0005,46,0.8049733476093588,0.003847624311857256,0.018702787995559023,0.14845371865107787,0.9509304224178637,0.0016555876926502055,120,79.45438120607287,0.40806952348579073,648,False,low-leakage seed,"a=0.8,lw=1.5,r=0.04,w=0.25"
five_level_weak_anharmonic,continuation_stageA_alpha0p8_lw1p5,0.03,combined,0.001,0.0005,47,0.8052846101793493,0.0057055823726012145,0.02090579011239113,0.1688787554511048,0.9514535288916509,0.0016555876926502055,120,79.45438120607287,0.40806952348579073,648,False,low-leakage seed,"a=0.8,lw=1.5,r=0.04,w=0.25"
five_level_weak_anharmonic,continuation_stageA_alpha0p8_lw1p5,0.03,combined,0.001,0.0005,48,0.6935461111730656,0.0037881229452024767,0.024943671858547067,0.22906881761687345,0.9502441831432279,0.0016555876926502055,120,79.45438120607287,0.40806952348579073,648,False,low-leakage seed,"a=0.8,lw=1.5,r=0.04,w=0.25"
five_level_weak_anharmonic,continuation_stageA_alpha0p8_lw1p5,0.03,combined,0.001,0.0005,49,0.8801205332409635,0.004831993034908222,0.02514604012619326,0.11288412429742278,0.9509133761010918,0.0016555876926502055,120,79.45438120607287,0.40806952348579073,648,False,low-leakage seed,"a=0.8,lw=1.5,r=0.04,w=0.25"
five_level_weak_anharmonic,continuation_stageA_alpha0p8_lw1p5,0.03,combined,0.001,0.0005,50,0.9246208000690581,0.003659700201671612,0.025722148621954766,0.09835222757708932,0.9539192024323478,0.0016555876926502055,120,79.45438120607287,0.40806952348579073,648,False,low-leakage seed,"a=0.8,lw=1.5,r=0.04,w=0.25"
five_level_weak_anharmonic,continuation_stageA_alpha0p8_lw1p5,0.03,combined,0.001,0.0005,51,0.8239528630490468,0.004021087884119368,0.021973502260520306,0.17029505515928872,0.951569112013765,0.0016555876926502055,120,79.45438120607287,0.40806952348579073,648,False,low-leakage seed,"a=0.8,lw=1.5,r=0.04,w=0.25"
five_level_weak_anharmonic,continuation_stageA_alpha0p8_lw1p5,0.03,combined,0.001,0.0005,52,0.7552095727730334,0.002925142318238705,0.021952841466650996,0.19831457340456876,0.9507178302010983,0.0016555876926502055,120,79.45438120607287,0.40806952348579073,648,False,low-leakage seed,"a=0.8,lw=1.5,r=0.04,w=0.25"
five_level_weak_anharmonic,continuation_stageA_alpha0p8_lw1p5,0.03,combined,0.001,0.0005,53,0.9515902866447629,0.0025931962728860114,0.024829964649197622,0.058189469022825124,0.9528674335219031,0.0016555876926502055,120,79.45438120607287,0.40806952348579073,648,False,low-leakage seed,"a=0.8,lw=1.5,r=0.04,w=0.25"
five_level_weak_anharmonic,continuation_stageA_alpha0p8_lw1p5,0.03,combined,0.001,0.0005,54,0.9728052907558858,0.0015161191019076314,0.023732739288192084,0.030676788295235166,0.9523638748978295,0.0016555876926502055,120,79.45438120607287,0.40806952348579073,648,False,low-leakage seed,"a=0.8,lw=1.5,r=0.04,w=0.25"
five_level_weak_anharmonic,continuation_stageA_alpha0p8_lw1p5,0.03,combined,0.001,0.0005,55,0.9303264531623356,0.004736460000604792,0.02758436082704374,0.08598235378987544,0.9557134251607815,0.0016555876926502055,120,79.45438120607287,0.40806952348579073,648,False,low-leakage seed,"a=0.8,lw=1.5,r=0.04,w=0.25"
five_level_weak_anharmonic,continuation_stageA_alpha0p8_lw1p5,0.03,combined,0.001,0.0005,56,0.956547633825875,0.001139930294956848,0.020883251580599227,0.03266982299151989,0.95150637557956,0.0016555876926502055,120,79.45438120607287,0.40806952348579073,648,False,low-leakage seed,"a=0.8,lw=1.5,r=0.04,w=0.25"
five_level_weak_anharmonic,continuation_stageA_alpha0p8_lw1p5,0.03,combined,0.001,0.0005,57,0.7925947212162642,0.006508412616402337,0.02758723792295581,0.2195526128645461,0.953198499769346,0.0016555876926502055,120,79.45438120607287,0.40806952348579073,648,False,low-leakage seed,"a=0.8,lw=1.5,r=0.04,w=0.25"
five_level_weak_anharmonic,continuation_stageA_alpha0p8_lw1p5,0.03,combined,0.001,0.0005,58,0.9361601545046453,0.0034498683423239696,0.017999673623973145,0.0569155276663812,0.9521777757172613,0.0016555876926502055,120,79.45438120607287,0.40806952348579073,648,False,low-leakage seed,"a=0.8,lw=1.5,r=0.04,w=0.25"
five_level_weak_anharmonic,continuation_stageA_alpha0p8_lw1p5,0.03,combined,0.001,0.0005,59,0.7468032745833413,0.002754429813794479,0.025992280043005356,0.19399565717508757,0.9497911121386815,0.0016555876926502055,120,79.45438120607287,0.40806952348579073,648,False,low-leakage seed,"a=0.8,lw=1.5,r=0.04,w=0.25"
five_level_weak_anharmonic,continuation_target08_leak12,0.03,static_only,0.0,0.0,10,0.907462729863155,0.003053352415454458,0.05580283753476967,0.04210352873835284,0.9999976603085734,0.0029600075948861353,120,103.73267675098032,0.34434720413033376,1950,False,"low-leak seed, target 0.8 then leak 1.2","a=0.8,lw=1.5,r=0.04,w=0.25; a=1,lw=0.8,r=0.02,w=0.25; a=1,lw=1.2,r=0.015,w=0.25"
five_level_weak_anharmonic,continuation_target08_leak12,0.03,static_only,0.0,0.0,11,0.9322846033554492,0.005686853568584893,0.0620563624221222,0.05503419129582238,0.9999972001027261,0.0029600075948861353,120,103.73267675098032,0.34434720413033376,1950,False,"low-leak seed, target 0.8 then leak 1.2","a=0.8,lw=1.5,r=0.04,w=0.25; a=1,lw=0.8,r=0.02,w=0.25; a=1,lw=1.2,r=0.015,w=0.25"
five_level_weak_anharmonic,continuation_target08_leak12,0.03,static_only,0.0,0.0,12,0.9144216512481337,0.001579157237741713,0.0448048452001677,0.064903114273062,0.999997435626485,0.0029600075948861353,120,103.73267675098032,0.34434720413033376,1950,False,"low-leak seed, target 0.8 then leak 1.2","a=0.8,lw=1.5,r=0.04,w=0.25; a=1,lw=0.8,r=0.02,w=0.25; a=1,lw=1.2,r=0.015,w=0.25"
five_level_weak_anharmonic,continuation_target08_leak12,0.03,static_only,0.0,0.0,13,0.7835368487032878,0.001983008686525456,0.05182573627114895,0.22749396050569717,0.9999979501337649,0.0029600075948861353,120,103.73267675098032,0.34434720413033376,1950,False,"low-leak seed, target 0.8 then leak 1.2","a=0.8,lw=1.5,r=0.04,w=0.25; a=1,lw=0.8,r=0.02,w=0.25; a=1,lw=1.2,r=0.015,w=0.25"
five_level_weak_anharmonic,continuation_target08_leak12,0.03,static_only,0.0,0.0,14,0.8787581519659735,0.0031393017872248796,0.04683778109216341,0.12784271797961666,0.9999977597007705,0.0029600075948861353,120,103.73267675098032,0.34434720413033376,1950,False,"low-leak seed, target 0.8 then leak 1.2","a=0.8,lw=1.5,r=0.04,w=0.25; a=1,lw=0.8,r=0.02,w=0.25; a=1,lw=1.2,r=0.015,w=0.25"
five_level_weak_anharmonic,continuation_target08_leak12,0.03,static_only,0.0,0.0,15,0.9919766508832188,0.0015937793463455252,0.05928763377310342,0.010658795757864388,0.9999975637025104,0.0029600075948861353,120,103.73267675098032,0.34434720413033376,1950,False,"low-leak seed, target 0.8 then leak 1.2","a=0.8,lw=1.5,r=0.04,w=0.25; a=1,lw=0.8,r=0.02,w=0.25; a=1,lw=1.2,r=0.015,w=0.25"
five_level_weak_anharmonic,continuation_target08_leak12,0.03,static_only,0.0,0.0,16,0.9711065249731491,0.0039930205251504924,0.06690669949582917,0.015992547390824098,0.9999974165038658,0.0029600075948861353,120,103.73267675098032,0.34434720413033376,1950,False,"low-leak seed, target 0.8 then leak 1.2","a=0.8,lw=1.5,r=0.04,w=0.25; a=1,lw=0.8,r=0.02,w=0.25; a=1,lw=1.2,r=0.015,w=0.25"
five_level_weak_anharmonic,continuation_target08_leak12,0.03,static_only,0.0,0.0,17,0.908650689872041,0.0024486654203329516,0.04887995251266597,0.08104724764547205,0.9999982201518957,0.0029600075948861353,120,103.73267675098032,0.34434720413033376,1950,False,"low-leak seed, target 0.8 then leak 1.2","a=0.8,lw=1.5,r=0.04,w=0.25; a=1,lw=0.8,r=0.02,w=0.25; a=1,lw=1.2,r=0.015,w=0.25"
five_level_weak_anharmonic,continuation_target08_leak12,0.03,static_only,0.0,0.0,18,0.9776114820906676,0.0026509663155094287,0.050990926090384914,0.026145076251866087,0.9999978394883292,0.0029600075948861353,120,103.73267675098032,0.34434720413033376,1950,False,"low-leak seed, target 0.8 then leak 1.2","a=0.8,lw=1.5,r=0.04,w=0.25; a=1,lw=0.8,r=0.02,w=0.25; a=1,lw=1.2,r=0.015,w=0.25"
five_level_weak_anharmonic,continuation_target08_leak12,0.03,static_only,0.0,0.0,19,0.9223110585431619,0.003927711183620453,0.047009266435167785,0.05527535753132987,0.9999974647870443,0.0029600075948861353,120,103.73267675098032,0.34434720413033376,1950,False,"low-leak seed, target 0.8 then leak 1.2","a=0.8,lw=1.5,r=0.04,w=0.25; a=1,lw=0.8,r=0.02,w=0.25; a=1,lw=1.2,r=0.015,w=0.25"
five_level_weak_anharmonic,continuation_target08_leak12,0.03,static_only,0.0,0.0,20,0.8764873013209359,0.00520878731675134,0.055782328338575216,0.0786123062514831,0.9999977161682299,0.0029600075948861353,120,103.73267675098032,0.34434720413033376,1950,False,"low-leak seed, target 0.8 then leak 1.2","a=0.8,lw=1.5,r=0.04,w=0.25; a=1,lw=0.8,r=0.02,w=0.25; a=1,lw=1.2,r=0.015,w=0.25"
five_level_weak_anharmonic,continuation_target08_leak12,0.03,static_only,0.0,0.0,21,0.955386561403136,0.006336277884837149,0.043875610890355965,0.020908362534465055,0.9999977243491879,0.0029600075948861353,120,103.73267675098032,0.34434720413033376,1950,False,"low-leak seed, target 0.8 then leak 1.2","a=0.8,lw=1.5,r=0.04,w=0.25; a=1,lw=0.8,r=0.02,w=0.25; a=1,lw=1.2,r=0.015,w=0.25"
five_level_weak_anharmonic,continuation_target08_leak12,0.03,static_only,0.0,0.0,22,0.944272652110919,0.004216784204102764,0.05234487332339621,0.032680311729582134,0.9999973220713664,0.0029600075948861353,120,103.73267675098032,0.34434720413033376,1950,False,"low-leak seed, target 0.8 then leak 1.2","a=0.8,lw=1.5,r=0.04,w=0.25; a=1,lw=0.8,r=0.02,w=0.25; a=1,lw=1.2,r=0.015,w=0.25"
five_level_weak_anharmonic,continuation_target08_leak12,0.03,static_only,0.0,0.0,23,0.9917184305598317,0.003204214258963445,0.049347590205739644,0.007031373751503627,0.9999977433642888,0.0029600075948861353,120,103.73267675098032,0.34434720413033376,1950,False,"low-leak seed, target 0.8 then leak 1.2","a=0.8,lw=1.5,r=0.04,w=0.25; a=1,lw=0.8,r=0.02,w=0.25; a=1,lw=1.2,r=0.015,w=0.25"
five_level_weak_anharmonic,continuation_target08_leak12,0.03,static_only,0.0,0.0,24,0.9651034059263388,0.003351677774244277,0.04659151338664658,0.05034844165392956,0.9999979478927999,0.0029600075948861353,120,103.73267675098032,0.34434720413033376,1950,False,"low-leak seed, target 0.8 then leak 1.2","a=0.8,lw=1.5,r=0.04,w=0.25; a=1,lw=0.8,r=0.02,w=0.25; a=1,lw=1.2,r=0.015,w=0.25"
five_level_weak_anharmonic,continuation_target08_leak12,0.03,static_only,0.0,0.0,25,0.9589115416751123,0.005497618097706658,0.046362470418070734,0.053294765006599895,0.9999976459976672,0.0029600075948861353,120,103.73267675098032,0.34434720413033376,1950,False,"low-leak seed, target 0.8 then leak 1.2","a=0.8,lw=1.5,r=0.04,w=0.25; a=1,lw=0.8,r=0.02,w=0.25; a=1,lw=1.2,r=0.015,w=0.25"
five_level_weak_anharmonic,continuation_target08_leak12,0.03,static_only,0.0,0.0,26,0.9964498932026411,0.0019094862846400495,0.05860461882555068,0.008320849762228142,0.9999977226597384,0.0029600075948861353,120,103.73267675098032,0.34434720413033376,1950,False,"low-leak seed, target 0.8 then leak 1.2","a=0.8,lw=1.5,r=0.04,w=0.25; a=1,lw=0.8,r=0.02,w=0.25; a=1,lw=1.2,r=0.015,w=0.25"
five_level_weak_anharmonic,continuation_target08_leak12,0.03,static_only,0.0,0.0,27,0.9512770890287173,0.0017848931887683994,0.04921650567186964,0.06561438038853909,0.9999982006517563,0.0029600075948861353,120,103.73267675098032,0.34434720413033376,1950,False,"low-leak seed, target 0.8 then leak 1.2","a=0.8,lw=1.5,r=0.04,w=0.25; a=1,lw=0.8,r=0.02,w=0.25; a=1,lw=1.2,r=0.015,w=0.25"
five_level_weak_anharmonic,continuation_target08_leak12,0.03,static_only,0.0,0.0,28,0.9344135936967687,0.005338651242381198,0.06420037693311098,0.03400946926617249,0.9999974601997392,0.0029600075948861353,120,103.73267675098032,0.34434720413033376,1950,False,"low-leak seed, target 0.8 then leak 1.2","a=0.8,lw=1.5,r=0.04,w=0.25; a=1,lw=0.8,r=0.02,w=0.25; a=1,lw=1.2,r=0.015,w=0.25"
five_level_weak_anharmonic,continuation_target08_leak12,0.03,static_only,0.0,0.0,29,0.9747493675936701,0.0014617137089041332,0.04746779664931644,0.010530729601153577,0.9999978077402626,0.0029600075948861353,120,103.73267675098032,0.34434720413033376,1950,False,"low-leak seed, target 0.8 then leak 1.2","a=0.8,lw=1.5,r=0.04,w=0.25; a=1,lw=0.8,r=0.02,w=0.25; a=1,lw=1.2,r=0.015,w=0.25"
five_level_weak_anharmonic,continuation_target08_leak12,0.03,static_only,0.0,0.0,30,0.9569155402140597,0.004637611277197529,0.04483470618156016,0.0642500048160648,0.9999979929400279,0.0029600075948861353,120,103.73267675098032,0.34434720413033376,1950,False,"low-leak seed, target 0.8 then leak 1.2","a=0.8,lw=1.5,r=0.04,w=0.25; a=1,lw=0.8,r=0.02,w=0.25; a=1,lw=1.2,r=0.015,w=0.25"
five_level_weak_anharmonic,continuation_target08_leak12,0.03,static_only,0.0,0.0,31,0.9327675429849515,0.005901671252353524,0.07178150111836312,0.0501294407968145,0.9999973886039533,0.0029600075948861353,120,103.73267675098032,0.34434720413033376,1950,False,"low-leak seed, target 0.8 then leak 1.2","a=0.8,lw=1.5,r=0.04,w=0.25; a=1,lw=0.8,r=0.02,w=0.25; a=1,lw=1.2,r=0.015,w=0.25"
five_level_weak_anharmonic,continuation_target08_leak12,0.03,static_only,0.0,0.0,32,0.9676230410069863,0.004189770807235482,0.05230476228758896,0.02936397103693933,0.9999972291781958,0.0029600075948861353,120,103.73267675098032,0.34434720413033376,1950,False,"low-leak seed, target 0.8 then leak 1.2","a=0.8,lw=1.5,r=0.04,w=0.25; a=1,lw=0.8,r=0.02,w=0.25; a=1,lw=1.2,r=0.015,w=0.25"
five_level_weak_anharmonic,continuation_target08_leak12,0.03,static_only,0.0,0.0,33,0.968594741826725,0.003275896363399311,0.04774775530391184,0.05560534589119971,0.9999980363589958,0.0029600075948861353,120,103.73267675098032,0.34434720413033376,1950,False,"low-leak seed, target 0.8 then leak 1.2","a=0.8,lw=1.5,r=0.04,w=0.25; a=1,lw=0.8,r=0.02,w=0.25; a=1,lw=1.2,r=0.015,w=0.25"
five_level_weak_anharmonic,continuation_target08_leak12,0.03,static_only,0.0,0.0,34,0.9867078870248763,0.0025348546700347807,0.06410843471408456,0.02757096824761206,0.9999977232319988,0.0029600075948861353,120,103.73267675098032,0.34434720413033376,1950,False,"low-leak seed, target 0.8 then leak 1.2","a=0.8,lw=1.5,r=0.04,w=0.25; a=1,lw=0.8,r=0.02,w=0.25; a=1,lw=1.2,r=0.015,w=0.25"
five_level_weak_anharmonic,continuation_target08_leak12,0.03,static_only,0.0,0.0,35,0.8758840880778936,0.004585511212372495,0.06522646702635637,0.0774201808784504,0.9999977236441527,0.0029600075948861353,120,103.73267675098032,0.34434720413033376,1950,False,"low-leak seed, target 0.8 then leak 1.2","a=0.8,lw=1.5,r=0.04,w=0.25; a=1,lw=0.8,r=0.02,w=0.25; a=1,lw=1.2,r=0.015,w=0.25"
five_level_weak_anharmonic,continuation_target08_leak12,0.03,static_only,0.0,0.0,36,0.9898264775189858,0.004726026453803156,0.05792356423474043,0.008411129286592108,0.9999977321048328,0.0029600075948861353,120,103.73267675098032,0.34434720413033376,1950,False,"low-leak seed, target 0.8 then leak 1.2","a=0.8,lw=1.5,r=0.04,w=0.25; a=1,lw=0.8,r=0.02,w=0.25; a=1,lw=1.2,r=0.015,w=0.25"
five_level_weak_anharmonic,continuation_target08_leak12,0.03,static_only,0.0,0.0,37,0.8099203812623846,0.002329384626224895,0.041699325309568325,0.18154246445332636,0.9999983259957954,0.0029600075948861353,120,103.73267675098032,0.34434720413033376,1950,False,"low-leak seed, target 0.8 then leak 1.2","a=0.8,lw=1.5,r=0.04,w=0.25; a=1,lw=0.8,r=0.02,w=0.25; a=1,lw=1.2,r=0.015,w=0.25"
five_level_weak_anharmonic,continuation_target08_leak12,0.03,static_only,0.0,0.0,38,0.9278290126103614,0.004155836734675122,0.03900616452887551,0.10126944475608038,0.9999981577174671,0.0029600075948861353,120,103.73267675098032,0.34434720413033376,1950,False,"low-leak seed, target 0.8 then leak 1.2","a=0.8,lw=1.5,r=0.04,w=0.25; a=1,lw=0.8,r=0.02,w=0.25; a=1,lw=1.2,r=0.015,w=0.25"
five_level_weak_anharmonic,continuation_target08_leak12,0.03,static_only,0.0,0.0,39,0.9874260291669473,0.0026946130265455004,0.060251099889357396,0.01946274037419501,0.9999975874744039,0.0029600075948861353,120,103.73267675098032,0.34434720413033376,1950,False,"low-leak seed, target 0.8 then leak 1.2","a=0.8,lw=1.5,r=0.04,w=0.25; a=1,lw=0.8,r=0.02,w=0.25; a=1,lw=1.2,r=0.015,w=0.25"
five_level_weak_anharmonic,continuation_target08_leak12,0.03,static_only,0.0,0.0,40,0.9825957631094062,0.002374740273290654,0.04903486474312335,0.0065709812187062025,0.9999974968892725,0.0029600075948861353,120,103.73267675098032,0.34434720413033376,1950,False,"low-leak seed, target 0.8 then leak 1.2","a=0.8,lw=1.5,r=0.04,w=0.25; a=1,lw=0.8,r=0.02,w=0.25; a=1,lw=1.2,r=0.015,w=0.25"
five_level_weak_anharmonic,continuation_target08_leak12,0.03,static_only,0.0,0.0,41,0.9187771050995583,0.005853745959751744,0.048499448503006026,0.04958536654368431,0.9999974851580785,0.0029600075948861353,120,103.73267675098032,0.34434720413033376,1950,False,"low-leak seed, target 0.8 then leak 1.2","a=0.8,lw=1.5,r=0.04,w=0.25; a=1,lw=0.8,r=0.02,w=0.25; a=1,lw=1.2,r=0.015,w=0.25"
five_level_weak_anharmonic,continuation_target08_leak12,0.03,static_only,0.0,0.0,42,0.9882467964405507,0.003668789186146215,0.05405551472769732,0.009194418471926742,0.9999976485748834,0.0029600075948861353,120,103.73267675098032,0.34434720413033376,1950,False,"low-leak seed, target 0.8 then leak 1.2","a=0.8,lw=1.5,r=0.04,w=0.25; a=1,lw=0.8,r=0.02,w=0.25; a=1,lw=1.2,r=0.015,w=0.25"
five_level_weak_anharmonic,continuation_target08_leak12,0.03,static_only,0.0,0.0,43,0.9708983610208847,0.003342732147663563,0.04497977366747796,0.038394618923330986,0.9999978686363837,0.0029600075948861353,120,103.73267675098032,0.34434720413033376,1950,False,"low-leak seed, target 0.8 then leak 1.2","a=0.8,lw=1.5,r=0.04,w=0.25; a=1,lw=0.8,r=0.02,w=0.25; a=1,lw=1.2,r=0.015,w=0.25"
five_level_weak_anharmonic,continuation_target08_leak12,0.03,static_only,0.0,0.0,44,0.9495320443203334,0.0015352744421842646,0.04446646272331156,0.06331806074545646,0.9999980564868567,0.0029600075948861353,120,103.73267675098032,0.34434720413033376,1950,False,"low-leak seed, target 0.8 then leak 1.2","a=0.8,lw=1.5,r=0.04,w=0.25; a=1,lw=0.8,r=0.02,w=0.25; a=1,lw=1.2,r=0.015,w=0.25"
five_level_weak_anharmonic,continuation_target08_leak12,0.03,static_only,0.0,0.0,45,0.9949702935070824,0.002371986181326835,0.06473647218024503,0.013715177082328474,0.9999977785645611,0.0029600075948861353,120,103.73267675098032,0.34434720413033376,1950,False,"low-leak seed, target 0.8 then leak 1.2","a=0.8,lw=1.5,r=0.04,w=0.25; a=1,lw=0.8,r=0.02,w=0.25; a=1,lw=1.2,r=0.015,w=0.25"
five_level_weak_anharmonic,continuation_target08_leak12,0.03,static_only,0.0,0.0,46,0.9771885249329546,0.00519580032377398,0.04109042602209456,0.015607909364721263,0.9999974576795935,0.0029600075948861353,120,103.73267675098032,0.34434720413033376,1950,False,"low-leak seed, target 0.8 then leak 1.2","a=0.8,lw=1.5,r=0.04,w=0.25; a=1,lw=0.8,r=0.02,w=0.25; a=1,lw=1.2,r=0.015,w=0.25"
five_level_weak_anharmonic,continuation_target08_leak12,0.03,static_only,0.0,0.0,47,0.9555897039559597,0.006765509116552937,0.04750099963370169,0.02255777657469225,0.99999770929243,0.0029600075948861353,120,103.73267675098032,0.34434720413033376,1950,False,"low-leak seed, target 0.8 then leak 1.2","a=0.8,lw=1.5,r=0.04,w=0.25; a=1,lw=0.8,r=0.02,w=0.25; a=1,lw=1.2,r=0.015,w=0.25"
five_level_weak_anharmonic,continuation_target08_leak12,0.03,static_only,0.0,0.0,48,0.9190509288327783,0.004040554157307419,0.05600300327663965,0.07969715470999576,0.9999968832426371,0.0029600075948861353,120,103.73267675098032,0.34434720413033376,1950,False,"low-leak seed, target 0.8 then leak 1.2","a=0.8,lw=1.5,r=0.04,w=0.25; a=1,lw=0.8,r=0.02,w=0.25; a=1,lw=1.2,r=0.015,w=0.25"
five_level_weak_anharmonic,continuation_target08_leak12,0.03,static_only,0.0,0.0,49,0.9778117579784275,0.004475031070154456,0.057844845753929564,0.011885523349681328,0.9999977591005216,0.0029600075948861353,120,103.73267675098032,0.34434720413033376,1950,False,"low-leak seed, target 0.8 then leak 1.2","a=0.8,lw=1.5,r=0.04,w=0.25; a=1,lw=0.8,r=0.02,w=0.25; a=1,lw=1.2,r=0.015,w=0.25"
five_level_weak_anharmonic,continuation_target08_leak12,0.03,static_only,0.0,0.0,50,0.9641229278868305,0.0027655987409912486,0.06018703276729709,0.048749888145808704,0.9999981138821161,0.0029600075948861353,120,103.73267675098032,0.34434720413033376,1950,False,"low-leak seed, target 0.8 then leak 1.2","a=0.8,lw=1.5,r=0.04,w=0.25; a=1,lw=0.8,r=0.02,w=0.25; a=1,lw=1.2,r=0.015,w=0.25"
five_level_weak_anharmonic,continuation_target08_leak12,0.03,static_only,0.0,0.0,51,0.9501198065363238,0.004548046311964371,0.05458056937640787,0.028829524087155205,0.9999975930727889,0.0029600075948861353,120,103.73267675098032,0.34434720413033376,1950,False,"low-leak seed, target 0.8 then leak 1.2","a=0.8,lw=1.5,r=0.04,w=0.25; a=1,lw=0.8,r=0.02,w=0.25; a=1,lw=1.2,r=0.015,w=0.25"
five_level_weak_anharmonic,continuation_target08_leak12,0.03,static_only,0.0,0.0,52,0.9397784225974598,0.002877973363826447,0.05005592009702342,0.036788249867390405,0.9999974303276545,0.0029600075948861353,120,103.73267675098032,0.34434720413033376,1950,False,"low-leak seed, target 0.8 then leak 1.2","a=0.8,lw=1.5,r=0.04,w=0.25; a=1,lw=0.8,r=0.02,w=0.25; a=1,lw=1.2,r=0.015,w=0.25"
five_level_weak_anharmonic,continuation_target08_leak12,0.03,static_only,0.0,0.0,53,0.9119158579608783,0.0020020450541150536,0.04938288879631747,0.10416778301583624,0.9999975676748144,0.0029600075948861353,120,103.73267675098032,0.34434720413033376,1950,False,"low-leak seed, target 0.8 then leak 1.2","a=0.8,lw=1.5,r=0.04,w=0.25; a=1,lw=0.8,r=0.02,w=0.25; a=1,lw=1.2,r=0.015,w=0.25"
five_level_weak_anharmonic,continuation_target08_leak12,0.03,static_only,0.0,0.0,54,0.9526232514794736,0.0011558831742110032,0.05704782534772601,0.060881727441222146,0.9999976427492003,0.0029600075948861353,120,103.73267675098032,0.34434720413033376,1950,False,"low-leak seed, target 0.8 then leak 1.2","a=0.8,lw=1.5,r=0.04,w=0.25; a=1,lw=0.8,r=0.02,w=0.25; a=1,lw=1.2,r=0.015,w=0.25"
five_level_weak_anharmonic,continuation_target08_leak12,0.03,static_only,0.0,0.0,55,0.9220043718668364,0.004730300974788881,0.062199059479535634,0.08460599520872797,0.9999979118120937,0.0029600075948861353,120,103.73267675098032,0.34434720413033376,1950,False,"low-leak seed, target 0.8 then leak 1.2","a=0.8,lw=1.5,r=0.04,w=0.25; a=1,lw=0.8,r=0.02,w=0.25; a=1,lw=1.2,r=0.015,w=0.25"
five_level_weak_anharmonic,continuation_target08_leak12,0.03,static_only,0.0,0.0,56,0.9736330915097838,0.0010059951663237143,0.04866584127969853,0.03639469644270046,0.9999974557213225,0.0029600075948861353,120,103.73267675098032,0.34434720413033376,1950,False,"low-leak seed, target 0.8 then leak 1.2","a=0.8,lw=1.5,r=0.04,w=0.25; a=1,lw=0.8,r=0.02,w=0.25; a=1,lw=1.2,r=0.015,w=0.25"
five_level_weak_anharmonic,continuation_target08_leak12,0.03,static_only,0.0,0.0,57,0.8853631553195098,0.0068022655843557045,0.06838865664647575,0.09510427826728698,0.999997941783766,0.0029600075948861353,120,103.73267675098032,0.34434720413033376,1950,False,"low-leak seed, target 0.8 then leak 1.2","a=0.8,lw=1.5,r=0.04,w=0.25; a=1,lw=0.8,r=0.02,w=0.25; a=1,lw=1.2,r=0.015,w=0.25"
five_level_weak_anharmonic,continuation_target08_leak12,0.03,static_only,0.0,0.0,58,0.9948610987000747,0.004621926756510075,0.04483442237551405,0.005554342576465068,0.9999978703630665,0.0029600075948861353,120,103.73267675098032,0.34434720413033376,1950,False,"low-leak seed, target 0.8 then leak 1.2","a=0.8,lw=1.5,r=0.04,w=0.25; a=1,lw=0.8,r=0.02,w=0.25; a=1,lw=1.2,r=0.015,w=0.25"
five_level_weak_anharmonic,continuation_target08_leak12,0.03,static_only,0.0,0.0,59,0.9535333616524303,0.004830221035418192,0.06702192053393397,0.04110828538329057,0.9999970691328715,0.0029600075948861353,120,103.73267675098032,0.34434720413033376,1950,False,"low-leak seed, target 0.8 then leak 1.2","a=0.8,lw=1.5,r=0.04,w=0.25; a=1,lw=0.8,r=0.02,w=0.25; a=1,lw=1.2,r=0.015,w=0.25"
five_level_weak_anharmonic,continuation_target08_leak12,0.03,deph_0.001,0.001,0.0,10,0.9017388549302602,0.003917940395296471,0.05626054759105026,0.04840163061628019,0.9861617938927396,0.0029600075948861353,120,103.73267675098032,0.34434720413033376,1950,False,"low-leak seed, target 0.8 then leak 1.2","a=0.8,lw=1.5,r=0.04,w=0.25; a=1,lw=0.8,r=0.02,w=0.25; a=1,lw=1.2,r=0.015,w=0.25"
five_level_weak_anharmonic,continuation_target08_leak12,0.03,deph_0.001,0.001,0.0,11,0.9271056388170863,0.0066061224166584775,0.062490404022295776,0.060283433464235966,0.9880285099419733,0.0029600075948861353,120,103.73267675098032,0.34434720413033376,1950,False,"low-leak seed, target 0.8 then leak 1.2","a=0.8,lw=1.5,r=0.04,w=0.25; a=1,lw=0.8,r=0.02,w=0.25; a=1,lw=1.2,r=0.015,w=0.25"
five_level_weak_anharmonic,continuation_target08_leak12,0.03,deph_0.001,0.001,0.0,12,0.9108822740107557,0.0023467151937350827,0.04522782117155022,0.06895038100847856,0.9874008821202205,0.0029600075948861353,120,103.73267675098032,0.34434720413033376,1950,False,"low-leak seed, target 0.8 then leak 1.2","a=0.8,lw=1.5,r=0.04,w=0.25; a=1,lw=0.8,r=0.02,w=0.25; a=1,lw=1.2,r=0.015,w=0.25"
five_level_weak_anharmonic,continuation_target08_leak12,0.03,deph_0.001,0.001,0.0,13,0.7794642451897668,0.0026466670081910504,0.052285096646538465,0.23099925599367577,0.9746198340684711,0.0029600075948861353,120,103.73267675098032,0.34434720413033376,1950,False,"low-leak seed, target 0.8 then leak 1.2","a=0.8,lw=1.5,r=0.04,w=0.25; a=1,lw=0.8,r=0.02,w=0.25; a=1,lw=1.2,r=0.015,w=0.25"
five_level_weak_anharmonic,continuation_target08_leak12,0.03,deph_0.001,0.001,0.0,14,0.873107284958804,0.0037729064215716868,0.04678007376016735,0.13277978304199306,0.9797304077093686,0.0029600075948861353,120,103.73267675098032,0.34434720413033376,1950,False,"low-leak seed, target 0.8 then leak 1.2","a=0.8,lw=1.5,r=0.04,w=0.25; a=1,lw=0.8,r=0.02,w=0.25; a=1,lw=1.2,r=0.015,w=0.25"
five_level_weak_anharmonic,continuation_target08_leak12,0.03,deph_0.001,0.001,0.0,15,0.9855391869313497,0.002644531609314771,0.05974831834201533,0.016949665782813265,0.9856381671986048,0.0029600075948861353,120,103.73267675098032,0.34434720413033376,1950,False,"low-leak seed, target 0.8 then leak 1.2","a=0.8,lw=1.5,r=0.04,w=0.25; a=1,lw=0.8,r=0.02,w=0.25; a=1,lw=1.2,r=0.015,w=0.25"
five_level_weak_anharmonic,continuation_target08_leak12,0.03,deph_0.001,0.001,0.0,16,0.9654044026473767,0.004997369962069453,0.06733895239339094,0.02187078911762573,0.9880877779541393,0.0029600075948861353,120,103.73267675098032,0.34434720413033376,1950,False,"low-leak seed, target 0.8 then leak 1.2","a=0.8,lw=1.5,r=0.04,w=0.25; a=1,lw=0.8,r=0.02,w=0.25; a=1,lw=1.2,r=0.015,w=0.25"
five_level_weak_anharmonic,continuation_target08_leak12,0.03,deph_0.001,0.001,0.0,17,0.9034377784117738,0.0031666226063549185,0.04929245064673671,0.08634728151329978,0.9810708680970955,0.0029600075948861353,120,103.73267675098032,0.34434720413033376,1950,False,"low-leak seed, target 0.8 then leak 1.2","a=0.8,lw=1.5,r=0.04,w=0.25; a=1,lw=0.8,r=0.02,w=0.25; a=1,lw=1.2,r=0.015,w=0.25"
five_level_weak_anharmonic,continuation_target08_leak12,0.03,deph_0.001,0.001,0.0,18,0.9709242519788106,0.0034814463020526043,0.051414095827320816,0.03249570524146621,0.983668727608007,0.0029600075948861353,120,103.73267675098032,0.34434720413033376,1950,False,"low-leak seed, target 0.8 then leak 1.2","a=0.8,lw=1.5,r=0.04,w=0.25; a=1,lw=0.8,r=0.02,w=0.25; a=1,lw=1.2,r=0.015,w=0.25"
five_level_weak_anharmonic,continuation_target08_leak12,0.03,deph_0.001,0.001,0.0,19,0.9184817230731094,0.004772082909023201,0.04744219109921244,0.05957531757971303,0.9882240606101065,0.0029600075948861353,120,103.73267675098032,0.34434720413033376,1950,False,"low-leak seed, target 0.8 then leak 1.2","a=0.8,lw=1.5,r=0.04,w=0.25; a=1,lw=0.8,r=0.02,w=0.25; a=1,lw=1.2,r=0.015,w=0.25"
five_level_weak_anharmonic,continuation_target08_leak12,0.03,deph_0.001,0.001,0.0,20,0.872965335447216,0.006154882085561697,0.056198908170126405,0.0831321945954178,0.985412503650225,0.0029600075948861353,120,103.73267675098032,0.34434720413033376,1950,False,"low-leak seed, target 0.8 then leak 1.2","a=0.8,lw=1.5,r=0.04,w=0.25; a=1,lw=0.8,r=0.02,w=0.25; a=1,lw=1.2,r=0.015,w=0.25"
five_level_weak_anharmonic,continuation_target08_leak12,0.03,deph_0.001,0.001,0.0,21,0.9505048047867415,0.0069654050822390845,0.04428062505967256,0.02628042074347579,0.9881292651853264,0.0029600075948861353,120,103.73267675098032,0.34434720413033376,1950,False,"low-leak seed, target 0.8 then leak 1.2","a=0.8,lw=1.5,r=0.04,w=0.25; a=1,lw=0.8,r=0.02,w=0.25; a=1,lw=1.2,r=0.015,w=0.25"
five_level_weak_anharmonic,continuation_target08_leak12,0.03,deph_0.001,0.001,0.0,22,0.9387561434537375,0.005138148308284407,0.05281773736876494,0.03837716636342458,0.9881969534841858,0.0029600075948861353,120,103.73267675098032,0.34434720413033376,1950,False,"low-leak seed, target 0.8 then leak 1.2","a=0.8,lw=1.5,r=0.04,w=0.25; a=1,lw=0.8,r=0.02,w=0.25; a=1,lw=1.2,r=0.015,w=0.25"
five_level_weak_anharmonic,continuation_target08_leak12,0.03,deph_0.001,0.001,0.0,23,0.9851034879370267,0.0038772564327853587,0.04975264151887049,0.013368666447032527,0.9871722305066142,0.0029600075948861353,120,103.73267675098032,0.34434720413033376,1950,False,"low-leak seed, target 0.8 then leak 1.2","a=0.8,lw=1.5,r=0.04,w=0.25; a=1,lw=0.8,r=0.02,w=0.25; a=1,lw=1.2,r=0.015,w=0.25"
five_level_weak_anharmonic,continuation_target08_leak12,0.03,deph_0.001,0.001,0.0,24,0.9586446465942792,0.004113424984465652,0.04706034733178177,0.05613925673018409,0.9830558978957442,0.0029600075948861353,120,103.73267675098032,0.34434720413033376,1950,False,"low-leak seed, target 0.8 then leak 1.2","a=0.8,lw=1.5,r=0.04,w=0.25; a=1,lw=0.8,r=0.02,w=0.25; a=1,lw=1.2,r=0.015,w=0.25"
five_level_weak_anharmonic,continuation_target08_leak12,0.03,deph_0.001,0.001,0.0,25,0.9525214572756247,0.006236416748977902,0.046304763771330526,0.05906181921598453,0.9832738685088891,0.0029600075948861353,120,103.73267675098032,0.34434720413033376,1950,False,"low-leak seed, target 0.8 then leak 1.2","a=0.8,lw=1.5,r=0.04,w=0.25; a=1,lw=0.8,r=0.02,w=0.25; a=1,lw=1.2,r=0.015,w=0.25"
five_level_weak_anharmonic,continuation_target08_leak12,0.03,deph_0.001,0.001,0.0,26,0.9892843958241051,0.002822659734339039,0.059018616654810785,0.015090816413097764,0.9851038980636675,0.0029600075948861353,120,103.73267675098032,0.34434720413033376,1950,False,"low-leak seed, target 0.8 then leak 1.2","a=0.8,lw=1.5,r=0.04,w=0.25; a=1,lw=0.8,r=0.02,w=0.25; a=1,lw=1.2,r=0.015,w=0.25"
five_level_weak_anharmonic,continuation_target08_leak12,0.03,deph_0.001,0.001,0.0,27,0.9449170600136431,0.0024530519931580397,0.04961633943738408,0.07135874322512319,0.981328350933671,0.0029600075948861353,120,103.73267675098032,0.34434720413033376,1950,False,"low-leak seed, target 0.8 then leak 1.2","a=0.8,lw=1.5,r=0.04,w=0.25; a=1,lw=0.8,r=0.02,w=0.25; a=1,lw=1.2,r=0.015,w=0.25"
five_level_weak_anharmonic,continuation_target08_leak12,0.03,deph_0.001,0.001,0.0,28,0.9291535015742297,0.006174106355626319,0.06460523908687255,0.03978408534976518,0.9874882998790808,0.0029600075948861353,120,103.73267675098032,0.34434720413033376,1950,False,"low-leak seed, target 0.8 then leak 1.2","a=0.8,lw=1.5,r=0.04,w=0.25; a=1,lw=0.8,r=0.02,w=0.25; a=1,lw=1.2,r=0.015,w=0.25"
five_level_weak_anharmonic,continuation_target08_leak12,0.03,deph_0.001,0.001,0.0,29,0.968472640653542,0.0020916762435964076,0.04783441542883771,0.016857643593206125,0.9865917460507466,0.0029600075948861353,120,103.73267675098032,0.34434720413033376,1950,False,"low-leak seed, target 0.8 then leak 1.2","a=0.8,lw=1.5,r=0.04,w=0.25; a=1,lw=0.8,r=0.02,w=0.25; a=1,lw=1.2,r=0.015,w=0.25"
five_level_weak_anharmonic,continuation_target08_leak12,0.03,deph_0.001,0.001,0.0,30,0.9500795819110363,0.005294412291084849,0.04478360700905393,0.070178939982597,0.9809373679825449,0.0029600075948861353,120,103.73267675098032,0.34434720413033376,1950,False,"low-leak seed, target 0.8 then leak 1.2","a=0.8,lw=1.5,r=0.04,w=0.25; a=1,lw=0.8,r=0.02,w=0.25; a=1,lw=1.2,r=0.015,w=0.25"
five_level_weak_anharmonic,continuation_target08_leak12,0.03,deph_0.001,0.001,0.0,31,0.9271347816146684,0.00678860099351597,0.07225409414484818,0.055855589993120514,0.9873706689333794,0.0029600075948861353,120,103.73267675098032,0.34434720413033376,1950,False,"low-leak seed, target 0.8 then leak 1.2","a=0.8,lw=1.5,r=0.04,w=0.25; a=1,lw=0.8,r=0.02,w=0.25; a=1,lw=1.2,r=0.015,w=0.25"
five_level_weak_anharmonic,continuation_target08_leak12,0.03,deph_0.001,0.001,0.0,32,0.9616619963459975,0.005091459438619883,0.05278693938555579,0.0351158840647691,0.98805132170273,0.0029600075948861353,120,103.73267675098032,0.34434720413033376,1950,False,"low-leak seed, target 0.8 then leak 1.2","a=0.8,lw=1.5,r=0.04,w=0.25; a=1,lw=0.8,r=0.02,w=0.25; a=1,lw=1.2,r=0.015,w=0.25"
five_level_weak_anharmonic,continuation_target08_leak12,0.03,deph_0.001,0.001,0.0,33,0.9611563262709774,0.00402977805992355,0.04768360069562083,0.06201240473363573,0.9807344886269714,0.0029600075948861353,120,103.73267675098032,0.34434720413033376,1950,False,"low-leak seed, target 0.8 then leak 1.2","a=0.8,lw=1.5,r=0.04,w=0.25; a=1,lw=0.8,r=0.02,w=0.25; a=1,lw=1.2,r=0.015,w=0.25"
five_level_weak_anharmonic,continuation_target08_leak12,0.03,deph_0.001,0.001,0.0,34,0.9792804876562193,0.0035164152163916773,0.06455668981531149,0.034372212975854285,0.9834859499857264,0.0029600075948861353,120,103.73267675098032,0.34434720413033376,1950,False,"low-leak seed, target 0.8 then leak 1.2","a=0.8,lw=1.5,r=0.04,w=0.25; a=1,lw=0.8,r=0.02,w=0.25; a=1,lw=1.2,r=0.015,w=0.25"
five_level_weak_anharmonic,continuation_target08_leak12,0.03,deph_0.001,0.001,0.0,35,0.8720453366704448,0.005609835150469866,0.06564921253602962,0.08235010379525998,0.9838265896244257,0.0029600075948861353,120,103.73267675098032,0.34434720413033376,1950,False,"low-leak seed, target 0.8 then leak 1.2","a=0.8,lw=1.5,r=0.04,w=0.25; a=1,lw=0.8,r=0.02,w=0.25; a=1,lw=1.2,r=0.015,w=0.25"
five_level_weak_anharmonic,continuation_target08_leak12,0.03,deph_0.001,0.001,0.0,36,0.9837480017492832,0.00539698067537997,0.0583073770357041,0.014426148350354837,0.9879082397874184,0.0029600075948861353,120,103.73267675098032,0.34434720413033376,1950,False,"low-leak seed, target 0.8 then leak 1.2","a=0.8,lw=1.5,r=0.04,w=0.25; a=1,lw=0.8,r=0.02,w=0.25; a=1,lw=1.2,r=0.015,w=0.25"
five_level_weak_anharmonic,continuation_target08_leak12,0.03,deph_0.001,0.001,0.0,37,0.805390355640994,0.0029972480245634703,0.04208028240934614,0.18600524925148482,0.9762135165591094,0.0029600075948861353,120,103.73267675098032,0.34434720413033376,1950,False,"low-leak seed, target 0.8 then leak 1.2","a=0.8,lw=1.5,r=0.04,w=0.25; a=1,lw=0.8,r=0.02,w=0.25; a=1,lw=1.2,r=0.015,w=0.25"
five_level_weak_anharmonic,continuation_target08_leak12,0.03,deph_0.001,0.001,0.0,38,0.9211964584275965,0.004662643371075914,0.0389658588086238,0.10674710844312012,0.9792971183366337,0.0029600075948861353,120,103.73267675098032,0.34434720413033376,1950,False,"low-leak seed, target 0.8 then leak 1.2","a=0.8,lw=1.5,r=0.04,w=0.25; a=1,lw=0.8,r=0.02,w=0.25; a=1,lw=1.2,r=0.015,w=0.25"
five_level_weak_anharmonic,continuation_target08_leak12,0.03,deph_0.001,0.001,0.0,39,0.9808612484814949,0.003677003843983284,0.060729951673468174,0.02562601466238057,0.9861035820476751,0.0029600075948861353,120,103.73267675098032,0.34434720413033376,1950,False,"low-leak seed, target 0.8 then leak 1.2","a=0.8,lw=1.5,r=0.04,w=0.25; a=1,lw=0.8,r=0.02,w=0.25; a=1,lw=1.2,r=0.015,w=0.25"
five_level_weak_anharmonic,continuation_target08_leak12,0.03,deph_0.001,0.001,0.0,40,0.9764756826302865,0.00323356914569628,0.0494546702833899,0.012750166589410371,0.9871114648728071,0.0029600075948861353,120,103.73267675098032,0.34434720413033376,1950,False,"low-leak seed, target 0.8 then leak 1.2","a=0.8,lw=1.5,r=0.04,w=0.25; a=1,lw=0.8,r=0.02,w=0.25; a=1,lw=1.2,r=0.015,w=0.25"
five_level_weak_anharmonic,continuation_target08_leak12,0.03,deph_0.001,0.001,0.0,41,0.9146269562472286,0.0067668343961072575,0.048939230477955675,0.0543863234963935,0.9872850835109214,0.0029600075948861353,120,103.73267675098032,0.34434720413033376,1950,False,"low-leak seed, target 0.8 then leak 1.2","a=0.8,lw=1.5,r=0.04,w=0.25; a=1,lw=0.8,r=0.02,w=0.25; a=1,lw=1.2,r=0.015,w=0.25"
five_level_weak_anharmonic,continuation_target08_leak12,0.03,deph_0.001,0.001,0.0,42,0.9806880355597974,0.004513149364640312,0.05448485759563171,0.016295415610977103,0.9855651098449569,0.0029600075948861353,120,103.73267675098032,0.34434720413033376,1950,False,"low-leak seed, target 0.8 then leak 1.2","a=0.8,lw=1.5,r=0.04,w=0.25; a=1,lw=0.8,r=0.02,w=0.25; a=1,lw=1.2,r=0.015,w=0.25"
five_level_weak_anharmonic,continuation_target08_leak12,0.03,deph_0.001,0.001,0.0,43,0.9648913080428914,0.003956552140908509,0.045378824206290136,0.043997937791811506,0.9851221877185863,0.0029600075948861353,120,103.73267675098032,0.34434720413033376,1950,False,"low-leak seed, target 0.8 then leak 1.2","a=0.8,lw=1.5,r=0.04,w=0.25; a=1,lw=0.8,r=0.02,w=0.25; a=1,lw=1.2,r=0.015,w=0.25"
five_level_weak_anharmonic,continuation_target08_leak12,0.03,deph_0.001,0.001,0.0,44,0.9420525446175769,0.0020576843847953663,0.04485722035387818,0.06987208296021355,0.9808983406863492,0.0029600075948861353,120,103.73267675098032,0.34434720413033376,1950,False,"low-leak seed, target 0.8 then leak 1.2","a=0.8,lw=1.5,r=0.04,w=0.25; a=1,lw=0.8,r=0.02,w=0.25; a=1,lw=1.2,r=0.015,w=0.25"
five_level_weak_anharmonic,continuation_target08_leak12,0.03,deph_0.001,0.001,0.0,45,0.9873788795782023,0.0033726222366289305,0.06519673510597968,0.02073638552591458,0.9844487519950439,0.0029600075948861353,120,103.73267675098032,0.34434720413033376,1950,False,"low-leak seed, target 0.8 then leak 1.2","a=0.8,lw=1.5,r=0.04,w=0.25; a=1,lw=0.8,r=0.02,w=0.25; a=1,lw=1.2,r=0.015,w=0.25"
five_level_weak_anharmonic,continuation_target08_leak12,0.03,deph_0.001,0.001,0.0,46,0.972303332815144,0.0058588988582655155,0.04104364093904578,0.020643779211272667,0.9897676661597025,0.0029600075948861353,120,103.73267675098032,0.34434720413033376,1950,False,"low-leak seed, target 0.8 then leak 1.2","a=0.8,lw=1.5,r=0.04,w=0.25; a=1,lw=0.8,r=0.02,w=0.25; a=1,lw=1.2,r=0.015,w=0.25"
five_level_weak_anharmonic,continuation_target08_leak12,0.03,deph_0.001,0.001,0.0,47,0.950853453086619,0.007408867776730332,0.04790482787640782,0.027848984107346784,0.9874137487165648,0.0029600075948861353,120,103.73267675098032,0.34434720413033376,1950,False,"low-leak seed, target 0.8 then leak 1.2","a=0.8,lw=1.5,r=0.04,w=0.25; a=1,lw=0.8,r=0.02,w=0.25; a=1,lw=1.2,r=0.015,w=0.25"
five_level_weak_anharmonic,continuation_target08_leak12,0.03,deph_0.001,0.001,0.0,48,0.9148474780699849,0.004876453231691058,0.0564529708367395,0.08385776155356198,0.9884852448353053,0.0029600075948861353,120,103.73267675098032,0.34434720413033376,1950,False,"low-leak seed, target 0.8 then leak 1.2","a=0.8,lw=1.5,r=0.04,w=0.25; a=1,lw=0.8,r=0.02,w=0.25; a=1,lw=1.2,r=0.015,w=0.25"
five_level_weak_anharmonic,continuation_target08_leak12,0.03,deph_0.001,0.001,0.0,49,0.9721295267327313,0.00542505053246789,0.05828737288080443,0.017734167172689146,0.9864877693397526,0.0029600075948861353,120,103.73267675098032,0.34434720413033376,1950,False,"low-leak seed, target 0.8 then leak 1.2","a=0.8,lw=1.5,r=0.04,w=0.25; a=1,lw=0.8,r=0.02,w=0.25; a=1,lw=1.2,r=0.015,w=0.25"
five_level_weak_anharmonic,continuation_target08_leak12,0.03,deph_0.001,0.001,0.0,50,0.9576440170970018,0.0035393328510348043,0.060611224290245236,0.05472960542256303,0.9820729908955949,0.0029600075948861353,120,103.73267675098032,0.34434720413033376,1950,False,"low-leak seed, target 0.8 then leak 1.2","a=0.8,lw=1.5,r=0.04,w=0.25; a=1,lw=0.8,r=0.02,w=0.25; a=1,lw=1.2,r=0.015,w=0.25"
five_level_weak_anharmonic,continuation_target08_leak12,0.03,deph_0.001,0.001,0.0,51,0.9444978425996922,0.00561415269424359,0.05501859501124584,0.034785265864475494,0.9852115659392799,0.0029600075948861353,120,103.73267675098032,0.34434720413033376,1950,False,"low-leak seed, target 0.8 then leak 1.2","a=0.8,lw=1.5,r=0.04,w=0.25; a=1,lw=0.8,r=0.02,w=0.25; a=1,lw=1.2,r=0.015,w=0.25"
five_level_weak_anharmonic,continuation_target08_leak12,0.03,deph_0.001,0.001,0.0,52,0.9352279139683362,0.003898531650273318,0.050503305698571754,0.04175591721606246,0.9878828059117882,0.0029600075948861353,120,103.73267675098032,0.34434720413033376,1950,False,"low-leak seed, target 0.8 then leak 1.2","a=0.8,lw=1.5,r=0.04,w=0.25; a=1,lw=0.8,r=0.02,w=0.25; a=1,lw=1.2,r=0.015,w=0.25"
five_level_weak_anharmonic,continuation_target08_leak12,0.03,deph_0.001,0.001,0.0,53,0.9063795436496949,0.00282904088999536,0.04931323600410298,0.10902135769403158,0.9811125660508787,0.0029600075948861353,120,103.73267675098032,0.34434720413033376,1950,False,"low-leak seed, target 0.8 then leak 1.2","a=0.8,lw=1.5,r=0.04,w=0.25; a=1,lw=0.8,r=0.02,w=0.25; a=1,lw=1.2,r=0.015,w=0.25"
five_level_weak_anharmonic,continuation_target08_leak12,0.03,deph_0.001,0.001,0.0,54,0.9464218206925253,0.001956853356889554,0.057488169658703514,0.06654998533614083,0.9836343887619173,0.0029600075948861353,120,103.73267675098032,0.34434720413033376,1950,False,"low-leak seed, target 0.8 then leak 1.2","a=0.8,lw=1.5,r=0.04,w=0.25; a=1,lw=0.8,r=0.02,w=0.25; a=1,lw=1.2,r=0.015,w=0.25"
five_level_weak_anharmonic,continuation_target08_leak12,0.03,deph_0.001,0.001,0.0,55,0.9150428689601746,0.005459327699040339,0.06264717315957258,0.09088359318907754,0.9798317216062004,0.0029600075948861353,120,103.73267675098032,0.34434720413033376,1950,False,"low-leak seed, target 0.8 then leak 1.2","a=0.8,lw=1.5,r=0.04,w=0.25; a=1,lw=0.8,r=0.02,w=0.25; a=1,lw=1.2,r=0.015,w=0.25"
five_level_weak_anharmonic,continuation_target08_leak12,0.03,deph_0.001,0.001,0.0,56,0.9675897022427619,0.0017578294270284012,0.04860043276800441,0.04198675331004353,0.9866151808016868,0.0029600075948861353,120,103.73267675098032,0.34434720413033376,1950,False,"low-leak seed, target 0.8 then leak 1.2","a=0.8,lw=1.5,r=0.04,w=0.25; a=1,lw=0.8,r=0.02,w=0.25; a=1,lw=1.2,r=0.015,w=0.25"
five_level_weak_anharmonic,continuation_target08_leak12,0.03,deph_0.001,0.001,0.0,57,0.8804331815834342,0.007892740310159074,0.06883417790123547,0.10043516934030716,0.9795614799392968,0.0029600075948861353,120,103.73267675098032,0.34434720413033376,1950,False,"low-leak seed, target 0.8 then leak 1.2","a=0.8,lw=1.5,r=0.04,w=0.25; a=1,lw=0.8,r=0.02,w=0.25; a=1,lw=1.2,r=0.015,w=0.25"
five_level_weak_anharmonic,continuation_target08_leak12,0.03,deph_0.001,0.001,0.0,58,0.9888042754353017,0.005147419771371342,0.04519266376841613,0.011473672902208274,0.9874231515807412,0.0029600075948861353,120,103.73267675098032,0.34434720413033376,1950,False,"low-leak seed, target 0.8 then leak 1.2","a=0.8,lw=1.5,r=0.04,w=0.25; a=1,lw=0.8,r=0.02,w=0.25; a=1,lw=1.2,r=0.015,w=0.25"
five_level_weak_anharmonic,continuation_target08_leak12,0.03,deph_0.001,0.001,0.0,59,0.9488802205742056,0.005805513921867456,0.06746620837438633,0.04590090037730105,0.9887169386612557,0.0029600075948861353,120,103.73267675098032,0.34434720413033376,1950,False,"low-leak seed, target 0.8 then leak 1.2","a=0.8,lw=1.5,r=0.04,w=0.25; a=1,lw=0.8,r=0.02,w=0.25; a=1,lw=1.2,r=0.015,w=0.25"
five_level_weak_anharmonic,continuation_target08_leak12,0.03,relax_0.0005,0.0,0.0005,10,0.8916062102010739,0.0029860610305961766,0.055660467115827617,0.057175783185414344,0.96169089816941,0.0029600075948861353,120,103.73267675098032,0.34434720413033376,1950,False,"low-leak seed, target 0.8 then leak 1.2","a=0.8,lw=1.5,r=0.04,w=0.25; a=1,lw=0.8,r=0.02,w=0.25; a=1,lw=1.2,r=0.015,w=0.25"
five_level_weak_anharmonic,continuation_target08_leak12,0.03,relax_0.0005,0.0,0.0005,11,0.9148111555762837,0.005535926635572452,0.06189033025500135,0.07018622253058635,0.9590980890041058,0.0029600075948861353,120,103.73267675098032,0.34434720413033376,1950,False,"low-leak seed, target 0.8 then leak 1.2","a=0.8,lw=1.5,r=0.04,w=0.25; a=1,lw=0.8,r=0.02,w=0.25; a=1,lw=1.2,r=0.015,w=0.25"
five_level_weak_anharmonic,continuation_target08_leak12,0.03,relax_0.0005,0.0,0.0005,12,0.8930977932885321,0.0015513916366165503,0.04468100842383582,0.08349146592299524,0.9594615647520431,0.0029600075948861353,120,103.73267675098032,0.34434720413033376,1950,False,"low-leak seed, target 0.8 then leak 1.2","a=0.8,lw=1.5,r=0.04,w=0.25; a=1,lw=0.8,r=0.02,w=0.25; a=1,lw=1.2,r=0.015,w=0.25"
five_level_weak_anharmonic,continuation_target08_leak12,0.03,relax_0.0005,0.0,0.0005,13,0.7708327480074658,0.0019592221611370864,0.05167361265322701,0.23885878221700985,0.9779141458416268,0.0029600075948861353,120,103.73267675098032,0.34434720413033376,1950,False,"low-leak seed, target 0.8 then leak 1.2","a=0.8,lw=1.5,r=0.04,w=0.25; a=1,lw=0.8,r=0.02,w=0.25; a=1,lw=1.2,r=0.015,w=0.25"
five_level_weak_anharmonic,continuation_target08_leak12,0.03,relax_0.0005,0.0,0.0005,14,0.8648892986878511,0.0031091843673278774,0.0467031890450782,0.14021131461068478,0.9705362365710481,0.0029600075948861353,120,103.73267675098032,0.34434720413033376,1950,False,"low-leak seed, target 0.8 then leak 1.2","a=0.8,lw=1.5,r=0.04,w=0.25; a=1,lw=0.8,r=0.02,w=0.25; a=1,lw=1.2,r=0.015,w=0.25"
five_level_weak_anharmonic,continuation_target08_leak12,0.03,relax_0.0005,0.0,0.0005,15,0.9714823011833758,0.0016308625883065808,0.059132079672468474,0.0282315970355692,0.9620240480001271,0.0029600075948861353,120,103.73267675098032,0.34434720413033376,1950,False,"low-leak seed, target 0.8 then leak 1.2","a=0.8,lw=1.5,r=0.04,w=0.25; a=1,lw=0.8,r=0.02,w=0.25; a=1,lw=1.2,r=0.015,w=0.25"
five_level_weak_anharmonic,continuation_target08_leak12,0.03,relax_0.0005,0.0,0.0005,16,0.9515636699853628,0.003894962986818351,0.06671067950164211,0.03295993629639059,0.9586798533844748,0.0029600075948861353,120,103.73267675098032,0.34434720413033376,1950,False,"low-leak seed, target 0.8 then leak 1.2","a=0.8,lw=1.5,r=0.04,w=0.25; a=1,lw=0.8,r=0.02,w=0.25; a=1,lw=1.2,r=0.015,w=0.25"
five_level_weak_anharmonic,continuation_target08_leak12,0.03,relax_0.0005,0.0,0.0005,17,0.8886295187211685,0.002400895817737836,0.048753121166559166,0.09857674609408891,0.9679927866115287,0.0029600075948861353,120,103.73267675098032,0.34434720413033376,1950,False,"low-leak seed, target 0.8 then leak 1.2","a=0.8,lw=1.5,r=0.04,w=0.25; a=1,lw=0.8,r=0.02,w=0.25; a=1,lw=1.2,r=0.015,w=0.25"
five_level_weak_anharmonic,continuation_target08_leak12,0.03,relax_0.0005,0.0,0.0005,18,0.9576040273660569,0.0026178150683534573,0.05085376704036659,0.04350834760662238,0.9647649078568622,0.0029600075948861353,120,103.73267675098032,0.34434720413033376,1950,False,"low-leak seed, target 0.8 then leak 1.2","a=0.8,lw=1.5,r=0.04,w=0.25; a=1,lw=0.8,r=0.02,w=0.25; a=1,lw=1.2,r=0.015,w=0.25"
five_level_weak_anharmonic,continuation_target08_leak12,0.03,relax_0.0005,0.0,0.0005,19,0.9013985574718338,0.0038434637304848307,0.04689822087766693,0.07358918008333656,0.9584124850040289,0.0029600075948861353,120,103.73267675098032,0.34434720413033376,1950,False,"low-leak seed, target 0.8 then leak 1.2","a=0.8,lw=1.5,r=0.04,w=0.25; a=1,lw=0.8,r=0.02,w=0.25; a=1,lw=1.2,r=0.015,w=0.25"
five_level_weak_anharmonic,continuation_target08_leak12,0.03,relax_0.0005,0.0,0.0005,20,0.8568770148067779,0.005063905115218259,0.055631237867877714,0.09630564095317715,0.9609778955390244,0.0029600075948861353,120,103.73267675098032,0.34434720413033376,1950,False,"low-leak seed, target 0.8 then leak 1.2","a=0.8,lw=1.5,r=0.04,w=0.25; a=1,lw=0.8,r=0.02,w=0.25; a=1,lw=1.2,r=0.015,w=0.25"
five_level_weak_anharmonic,continuation_target08_leak12,0.03,relax_0.0005,0.0,0.0005,21,0.9348032459864456,0.006162761184184129,0.04377413345407066,0.03901983474569679,0.9589297707299401,0.0029600075948861353,120,103.73267675098032,0.34434720413033376,1950,False,"low-leak seed, target 0.8 then leak 1.2","a=0.8,lw=1.5,r=0.04,w=0.25; a=1,lw=0.8,r=0.02,w=0.25; a=1,lw=1.2,r=0.015,w=0.25"
five_level_weak_anharmonic,continuation_target08_leak12,0.03,relax_0.0005,0.0,0.0005,22,0.9260409572958019,0.004155209606304222,0.05221784044505884,0.04883083337502014,0.9588846003491653,0.0029600075948861353,120,103.73267675098032,0.34434720413033376,1950,False,"low-leak seed, target 0.8 then leak 1.2","a=0.8,lw=1.5,r=0.04,w=0.25; a=1,lw=0.8,r=0.02,w=0.25; a=1,lw=1.2,r=0.015,w=0.25"
five_level_weak_anharmonic,continuation_target08_leak12,0.03,relax_0.0005,0.0,0.0005,23,0.9729654307428471,0.0031334380277381335,0.04921655754875176,0.023305600946393116,0.9609329098103042,0.0029600075948861353,120,103.73267675098032,0.34434720413033376,1950,False,"low-leak seed, target 0.8 then leak 1.2","a=0.8,lw=1.5,r=0.04,w=0.25; a=1,lw=0.8,r=0.02,w=0.25; a=1,lw=1.2,r=0.015,w=0.25"
five_level_weak_anharmonic,continuation_target08_leak12,0.03,relax_0.0005,0.0,0.0005,24,0.946404078052388,0.003287983712756626,0.04649269863443217,0.06631560977616215,0.9661931404120369,0.0029600075948861353,120,103.73267675098032,0.34434720413033376,1950,False,"low-leak seed, target 0.8 then leak 1.2","a=0.8,lw=1.5,r=0.04,w=0.25; a=1,lw=0.8,r=0.02,w=0.25; a=1,lw=1.2,r=0.015,w=0.25"
five_level_weak_anharmonic,continuation_target08_leak12,0.03,relax_0.0005,0.0,0.0005,25,0.9408764649682451,0.005395036543310305,0.04622783013880394,0.06877629525740345,0.9657710271268389,0.0029600075948861353,120,103.73267675098032,0.34434720413033376,1950,False,"low-leak seed, target 0.8 then leak 1.2","a=0.8,lw=1.5,r=0.04,w=0.25; a=1,lw=0.8,r=0.02,w=0.25; a=1,lw=1.2,r=0.015,w=0.25"
five_level_weak_anharmonic,continuation_target08_leak12,0.03,relax_0.0005,0.0,0.0005,26,0.977042612018276,0.0018934371817075357,0.058430101862837924,0.025143049232513297,0.9631648404994241,0.0029600075948861353,120,103.73267675098032,0.34434720413033376,1950,False,"low-leak seed, target 0.8 then leak 1.2","a=0.8,lw=1.5,r=0.04,w=0.25; a=1,lw=0.8,r=0.02,w=0.25; a=1,lw=1.2,r=0.015,w=0.25"
five_level_weak_anharmonic,continuation_target08_leak12,0.03,relax_0.0005,0.0,0.0005,27,0.9320412435257166,0.001750410229954702,0.049083434013122096,0.0820431238850429,0.9680525159586789,0.0029600075948861353,120,103.73267675098032,0.34434720413033376,1950,False,"low-leak seed, target 0.8 then leak 1.2","a=0.8,lw=1.5,r=0.04,w=0.25; a=1,lw=0.8,r=0.02,w=0.25; a=1,lw=1.2,r=0.015,w=0.25"
five_level_weak_anharmonic,continuation_target08_leak12,0.03,relax_0.0005,0.0,0.0005,28,0.9164339505241347,0.00515614979067025,0.06402240327051101,0.050074825754965906,0.95998944558956,0.0029600075948861353,120,103.73267675098032,0.34434720413033376,1950,False,"low-leak seed, target 0.8 then leak 1.2","a=0.8,lw=1.5,r=0.04,w=0.25; a=1,lw=0.8,r=0.02,w=0.25; a=1,lw=1.2,r=0.015,w=0.25"
five_level_weak_anharmonic,continuation_target08_leak12,0.03,relax_0.0005,0.0,0.0005,29,0.9553555727879565,0.001423902532938448,0.04733617139866009,0.027618312438761942,0.961906058885468,0.0029600075948861353,120,103.73267675098032,0.34434720413033376,1950,False,"low-leak seed, target 0.8 then leak 1.2","a=0.8,lw=1.5,r=0.04,w=0.25; a=1,lw=0.8,r=0.02,w=0.25; a=1,lw=1.2,r=0.015,w=0.25"
five_level_weak_anharmonic,continuation_target08_leak12,0.03,relax_0.0005,0.0,0.0005,30,0.9381879840089914,0.004557516243607562,0.044708546152630424,0.08044692934039084,0.9690457190572165,0.0029600075948861353,120,103.73267675098032,0.34434720413033376,1950,False,"low-leak seed, target 0.8 then leak 1.2","a=0.8,lw=1.5,r=0.04,w=0.25; a=1,lw=0.8,r=0.02,w=0.25; a=1,lw=1.2,r=0.015,w=0.25"
five_level_weak_anharmonic,continuation_target08_leak12,0.03,relax_0.0005,0.0,0.0005,31,0.9161991714419438,0.005742373655537203,0.07157830479678418,0.06471910911098842,0.9598953861254096,0.0029600075948861353,120,103.73267675098032,0.34434720413033376,1950,False,"low-leak seed, target 0.8 then leak 1.2","a=0.8,lw=1.5,r=0.04,w=0.25; a=1,lw=0.8,r=0.02,w=0.25; a=1,lw=1.2,r=0.015,w=0.25"
five_level_weak_anharmonic,continuation_target08_leak12,0.03,relax_0.0005,0.0,0.0005,32,0.9493004249965951,0.004127744461199345,0.052188786393389974,0.04511585376124486,0.9594994952173279,0.0029600075948861353,120,103.73267675098032,0.34434720413033376,1950,False,"low-leak seed, target 0.8 then leak 1.2","a=0.8,lw=1.5,r=0.04,w=0.25; a=1,lw=0.8,r=0.02,w=0.25; a=1,lw=1.2,r=0.015,w=0.25"
five_level_weak_anharmonic,continuation_target08_leak12,0.03,relax_0.0005,0.0,0.0005,33,0.9497751020782865,0.0032408477084474585,0.047611346231593465,0.07196903309861873,0.9686423000168164,0.0029600075948861353,120,103.73267675098032,0.34434720413033376,1950,False,"low-leak seed, target 0.8 then leak 1.2","a=0.8,lw=1.5,r=0.04,w=0.25; a=1,lw=0.8,r=0.02,w=0.25; a=1,lw=1.2,r=0.015,w=0.25"
five_level_weak_anharmonic,continuation_target08_leak12,0.03,relax_0.0005,0.0,0.0005,34,0.9683416900767253,0.002511289215821666,0.0639100086871065,0.043464212895885555,0.9650891052507324,0.0029600075948861353,120,103.73267675098032,0.34434720413033376,1950,False,"low-leak seed, target 0.8 then leak 1.2","a=0.8,lw=1.5,r=0.04,w=0.25; a=1,lw=0.8,r=0.02,w=0.25; a=1,lw=1.2,r=0.015,w=0.25"
five_level_weak_anharmonic,continuation_target08_leak12,0.03,relax_0.0005,0.0,0.0005,35,0.8562369807235176,0.0044650177620311204,0.06502946393994069,0.09523600784681463,0.9622016433865412,0.0029600075948861353,120,103.73267675098032,0.34434720413033376,1950,False,"low-leak seed, target 0.8 then leak 1.2","a=0.8,lw=1.5,r=0.04,w=0.25; a=1,lw=0.8,r=0.02,w=0.25; a=1,lw=1.2,r=0.015,w=0.25"
five_level_weak_anharmonic,continuation_target08_leak12,0.03,relax_0.0005,0.0,0.0005,36,0.9705428001531144,0.004570248605718308,0.05776160053811419,0.024961585059685185,0.9599045339253173,0.0029600075948861353,120,103.73267675098032,0.34434720413033376,1950,False,"low-leak seed, target 0.8 then leak 1.2","a=0.8,lw=1.5,r=0.04,w=0.25; a=1,lw=0.8,r=0.02,w=0.25; a=1,lw=1.2,r=0.015,w=0.25"
five_level_weak_anharmonic,continuation_target08_leak12,0.03,relax_0.0005,0.0,0.0005,37,0.7918048495301272,0.0022687373386134357,0.04159878109699211,0.19764783494487936,0.9751872215079768,0.0029600075948861353,120,103.73267675098032,0.34434720413033376,1950,False,"low-leak seed, target 0.8 then leak 1.2","a=0.8,lw=1.5,r=0.04,w=0.25; a=1,lw=0.8,r=0.02,w=0.25; a=1,lw=1.2,r=0.015,w=0.25"
five_level_weak_anharmonic,continuation_target08_leak12,0.03,relax_0.0005,0.0,0.0005,38,0.9109149243824759,0.004095194702401717,0.038896143643736725,0.11588977084776848,0.9710543821579901,0.0029600075948861353,120,103.73267675098032,0.34434720413033376,1950,False,"low-leak seed, target 0.8 then leak 1.2","a=0.8,lw=1.5,r=0.04,w=0.25; a=1,lw=0.8,r=0.02,w=0.25; a=1,lw=1.2,r=0.015,w=0.25"
five_level_weak_anharmonic,continuation_target08_leak12,0.03,relax_0.0005,0.0,0.0005,39,0.9685268127418749,0.002685274070878818,0.06010507213125582,0.03558989888192212,0.961964732076831,0.0029600075948861353,120,103.73267675098032,0.34434720413033376,1950,False,"low-leak seed, target 0.8 then leak 1.2","a=0.8,lw=1.5,r=0.04,w=0.25; a=1,lw=0.8,r=0.02,w=0.25; a=1,lw=1.2,r=0.015,w=0.25"
five_level_weak_anharmonic,continuation_target08_leak12,0.03,relax_0.0005,0.0,0.0005,40,0.9623997882082712,0.0023305489969736026,0.04891432439836396,0.02415039047030334,0.9606180914264262,0.0029600075948861353,120,103.73267675098032,0.34434720413033376,1950,False,"low-leak seed, target 0.8 then leak 1.2","a=0.8,lw=1.5,r=0.04,w=0.25; a=1,lw=0.8,r=0.02,w=0.25; a=1,lw=1.2,r=0.015,w=0.25"
five_level_weak_anharmonic,continuation_target08_leak12,0.03,relax_0.0005,0.0,0.0005,41,0.8983221708654451,0.00570716069342625,0.04837953916624238,0.06773368775305175,0.9588756428218606,0.0029600075948861353,120,103.73267675098032,0.34434720413033376,1950,False,"low-leak seed, target 0.8 then leak 1.2","a=0.8,lw=1.5,r=0.04,w=0.25; a=1,lw=0.8,r=0.02,w=0.25; a=1,lw=1.2,r=0.015,w=0.25"
five_level_weak_anharmonic,continuation_target08_leak12,0.03,relax_0.0005,0.0,0.0005,42,0.9709712060729383,0.0036113173145079225,0.05389343168396343,0.024618544791540544,0.9630017543640227,0.0029600075948861353,120,103.73267675098032,0.34434720413033376,1950,False,"low-leak seed, target 0.8 then leak 1.2","a=0.8,lw=1.5,r=0.04,w=0.25; a=1,lw=0.8,r=0.02,w=0.25; a=1,lw=1.2,r=0.015,w=0.25"
five_level_weak_anharmonic,continuation_target08_leak12,0.03,relax_0.0005,0.0,0.0005,43,0.9521304965220442,0.0032637461437289295,0.044873598143446713,0.05434107930776138,0.9634483806412624,0.0029600075948861353,120,103.73267675098032,0.34434720413033376,1950,False,"low-leak seed, target 0.8 then leak 1.2","a=0.8,lw=1.5,r=0.04,w=0.25; a=1,lw=0.8,r=0.02,w=0.25; a=1,lw=1.2,r=0.015,w=0.25"
five_level_weak_anharmonic,continuation_target08_leak12,0.03,relax_0.0005,0.0,0.0005,44,0.9347635369751082,0.001511958794804591,0.044345446053334125,0.07675954637108516,0.9697538489949866,0.0029600075948861353,120,103.73267675098032,0.34434720413033376,1950,False,"low-leak seed, target 0.8 then leak 1.2","a=0.8,lw=1.5,r=0.04,w=0.25; a=1,lw=0.8,r=0.02,w=0.25; a=1,lw=1.2,r=0.015,w=0.25"
five_level_weak_anharmonic,continuation_target08_leak12,0.03,relax_0.0005,0.0,0.0005,45,0.976681896703719,0.0023325853266250585,0.06455621840989256,0.029650297848435384,0.9640440182579633,0.0029600075948861353,120,103.73267675098032,0.34434720413033376,1950,False,"low-leak seed, target 0.8 then leak 1.2","a=0.8,lw=1.5,r=0.04,w=0.25; a=1,lw=0.8,r=0.02,w=0.25; a=1,lw=1.2,r=0.015,w=0.25"
five_level_weak_anharmonic,continuation_target08_leak12,0.03,relax_0.0005,0.0,0.0005,46,0.9559384821830853,0.00506108120624571,0.040975065453141224,0.033899030628849636,0.9572711464855367,0.0029600075948861353,120,103.73267675098032,0.34434720413033376,1950,False,"low-leak seed, target 0.8 then leak 1.2","a=0.8,lw=1.5,r=0.04,w=0.25; a=1,lw=0.8,r=0.02,w=0.25; a=1,lw=1.2,r=0.015,w=0.25"
five_level_weak_anharmonic,continuation_target08_leak12,0.03,relax_0.0005,0.0,0.0005,47,0.9344018414354127,0.00656518523620242,0.04736522828903156,0.0411143289870858,0.9596714383685734,0.0029600075948861353,120,103.73267675098032,0.34434720413033376,1950,False,"low-leak seed, target 0.8 then leak 1.2","a=0.8,lw=1.5,r=0.04,w=0.25; a=1,lw=0.8,r=0.02,w=0.25; a=1,lw=1.2,r=0.015,w=0.25"
five_level_weak_anharmonic,continuation_target08_leak12,0.03,relax_0.0005,0.0,0.0005,48,0.900271181732877,0.00392653276056909,0.05586655195247414,0.09567352254548289,0.9584883165578157,0.0029600075948861353,120,103.73267675098032,0.34434720413033376,1950,False,"low-leak seed, target 0.8 then leak 1.2","a=0.8,lw=1.5,r=0.04,w=0.25; a=1,lw=0.8,r=0.02,w=0.25; a=1,lw=1.2,r=0.015,w=0.25"
five_level_weak_anharmonic,continuation_target08_leak12,0.03,relax_0.0005,0.0,0.0005,49,0.9566698269962405,0.004399357010294591,0.05769411892466747,0.030170530416526408,0.9605907626955835,0.0029600075948861353,120,103.73267675098032,0.34434720413033376,1950,False,"low-leak seed, target 0.8 then leak 1.2","a=0.8,lw=1.5,r=0.04,w=0.25; a=1,lw=0.8,r=0.02,w=0.25; a=1,lw=1.2,r=0.015,w=0.25"
five_level_weak_anharmonic,continuation_target08_leak12,0.03,relax_0.0005,0.0,0.0005,50,0.9447108110277826,0.002706628173225978,0.06001687874168493,0.06538951795809,0.9669020985945257,0.0029600075948861353,120,103.73267675098032,0.34434720413033376,1950,False,"low-leak seed, target 0.8 then leak 1.2","a=0.8,lw=1.5,r=0.04,w=0.25; a=1,lw=0.8,r=0.02,w=0.25; a=1,lw=1.2,r=0.015,w=0.25"
five_level_weak_anharmonic,continuation_target08_leak12,0.03,relax_0.0005,0.0,0.0005,51,0.9295161903271686,0.00447084363635486,0.05442693159390999,0.04700964213234359,0.9612825049952265,0.0029600075948861353,120,103.73267675098032,0.34434720413033376,1950,False,"low-leak seed, target 0.8 then leak 1.2","a=0.8,lw=1.5,r=0.04,w=0.25; a=1,lw=0.8,r=0.02,w=0.25; a=1,lw=1.2,r=0.015,w=0.25"
five_level_weak_anharmonic,continuation_target08_leak12,0.03,relax_0.0005,0.0,0.0005,52,0.9190487299785824,0.0028802884504991466,0.04994834327289466,0.054921020534362944,0.9587138089537348,0.0029600075948861353,120,103.73267675098032,0.34434720413033376,1950,False,"low-leak seed, target 0.8 then leak 1.2","a=0.8,lw=1.5,r=0.04,w=0.25; a=1,lw=0.8,r=0.02,w=0.25; a=1,lw=1.2,r=0.015,w=0.25"
five_level_weak_anharmonic,continuation_target08_leak12,0.03,relax_0.0005,0.0,0.0005,53,0.8950210554159048,0.0020177817541016108,0.04923854296706209,0.11849310811002155,0.9682760289355454,0.0029600075948861353,120,103.73267675098032,0.34434720413033376,1950,False,"low-leak seed, target 0.8 then leak 1.2","a=0.8,lw=1.5,r=0.04,w=0.25; a=1,lw=0.8,r=0.02,w=0.25; a=1,lw=1.2,r=0.015,w=0.25"
five_level_weak_anharmonic,continuation_target08_leak12,0.03,relax_0.0005,0.0,0.0005,54,0.9352259942074405,0.0011537500783537213,0.0568867685864618,0.07566707010936172,0.9650915191021902,0.0029600075948861353,120,103.73267675098032,0.34434720413033376,1950,False,"low-leak seed, target 0.8 then leak 1.2","a=0.8,lw=1.5,r=0.04,w=0.25; a=1,lw=0.8,r=0.02,w=0.25; a=1,lw=1.2,r=0.015,w=0.25"
five_level_weak_anharmonic,continuation_target08_leak12,0.03,relax_0.0005,0.0,0.0005,55,0.9076788627552397,0.0046112054526527,0.06200651103031185,0.09768195981477679,0.9705484957842666,0.0029600075948861353,120,103.73267675098032,0.34434720413033376,1950,False,"low-leak seed, target 0.8 then leak 1.2","a=0.8,lw=1.5,r=0.04,w=0.25; a=1,lw=0.8,r=0.02,w=0.25; a=1,lw=1.2,r=0.015,w=0.25"
five_level_weak_anharmonic,continuation_target08_leak12,0.03,relax_0.0005,0.0,0.0005,56,0.9552694457886476,0.0010507067389192715,0.048533577894394164,0.0519066982033568,0.9611724594677816,0.0029600075948861353,120,103.73267675098032,0.34434720413033376,1950,False,"low-leak seed, target 0.8 then leak 1.2","a=0.8,lw=1.5,r=0.04,w=0.25; a=1,lw=0.8,r=0.02,w=0.25; a=1,lw=1.2,r=0.015,w=0.25"
five_level_weak_anharmonic,continuation_target08_leak12,0.03,relax_0.0005,0.0,0.0005,57,0.8654604739356049,0.006642667145350556,0.06817382298859709,0.11275615517465724,0.9677274247514471,0.0029600075948861353,120,103.73267675098032,0.34434720413033376,1950,False,"low-leak seed, target 0.8 then leak 1.2","a=0.8,lw=1.5,r=0.04,w=0.25; a=1,lw=0.8,r=0.02,w=0.25; a=1,lw=1.2,r=0.015,w=0.25"
five_level_weak_anharmonic,continuation_target08_leak12,0.03,relax_0.0005,0.0,0.0005,58,0.9748616424422779,0.004484305236393427,0.04472394414998093,0.022700440031058835,0.9607073758918216,0.0029600075948861353,120,103.73267675098032,0.34434720413033376,1950,False,"low-leak seed, target 0.8 then leak 1.2","a=0.8,lw=1.5,r=0.04,w=0.25; a=1,lw=0.8,r=0.02,w=0.25; a=1,lw=1.2,r=0.015,w=0.25"
five_level_weak_anharmonic,continuation_target08_leak12,0.03,relax_0.0005,0.0,0.0005,59,0.9331151722025982,0.004704443680873749,0.06682996309154632,0.05862992039765363,0.9574214585569439,0.0029600075948861353,120,103.73267675098032,0.34434720413033376,1950,False,"low-leak seed, target 0.8 then leak 1.2","a=0.8,lw=1.5,r=0.04,w=0.25; a=1,lw=0.8,r=0.02,w=0.25; a=1,lw=1.2,r=0.015,w=0.25"
five_level_weak_anharmonic,continuation_target08_leak12,0.03,combined,0.001,0.0005,10,0.8859967226361583,0.003811029441691649,0.05611548081574591,0.06336482665761056,0.9486060033269483,0.0029600075948861353,120,103.73267675098032,0.34434720413033376,1950,False,"low-leak seed, target 0.8 then leak 1.2","a=0.8,lw=1.5,r=0.04,w=0.25; a=1,lw=0.8,r=0.02,w=0.25; a=1,lw=1.2,r=0.015,w=0.25"
five_level_weak_anharmonic,continuation_target08_leak12,0.03,combined,0.001,0.0005,11,0.9097517597107806,0.006413121068483352,0.06232170863476405,0.07533674600732733,0.9479556287021447,0.0029600075948861353,120,103.73267675098032,0.34434720413033376,1950,False,"low-leak seed, target 0.8 then leak 1.2","a=0.8,lw=1.5,r=0.04,w=0.25; a=1,lw=0.8,r=0.02,w=0.25; a=1,lw=1.2,r=0.015,w=0.25"
five_level_weak_anharmonic,continuation_target08_leak12,0.03,combined,0.001,0.0005,12,0.8896880828810255,0.0022842182853216597,0.04510126565671402,0.08742920596661699,0.9475190777644366,0.0029600075948861353,120,103.73267675098032,0.34434720413033376,1950,False,"low-leak seed, target 0.8 then leak 1.2","a=0.8,lw=1.5,r=0.04,w=0.25; a=1,lw=0.8,r=0.02,w=0.25; a=1,lw=1.2,r=0.015,w=0.25"
five_level_weak_anharmonic,continuation_target08_leak12,0.03,combined,0.001,0.0005,13,0.7668096247663421,0.002591987674935292,0.05213036535328586,0.24232009898548856,0.9532395370070283,0.0029600075948861353,120,103.73267675098032,0.34434720413033376,1950,False,"low-leak seed, target 0.8 then leak 1.2","a=0.8,lw=1.5,r=0.04,w=0.25; a=1,lw=0.8,r=0.02,w=0.25; a=1,lw=1.2,r=0.015,w=0.25"
five_level_weak_anharmonic,continuation_target08_leak12,0.03,combined,0.001,0.0005,14,0.8593108860478154,0.0037138792476368865,0.04664568145026138,0.14508983535550257,0.9510181507246452,0.0029600075948861353,120,103.73267675098032,0.34434720413033376,1950,False,"low-leak seed, target 0.8 then leak 1.2","a=0.8,lw=1.5,r=0.04,w=0.25; a=1,lw=0.8,r=0.02,w=0.25; a=1,lw=1.2,r=0.015,w=0.25"
five_level_weak_anharmonic,continuation_target08_leak12,0.03,combined,0.001,0.0005,15,0.9652017658288204,0.0026371777180815847,0.0595899600187908,0.03439339389639339,0.9483485474023656,0.0029600075948861353,120,103.73267675098032,0.34434720413033376,1950,False,"low-leak seed, target 0.8 then leak 1.2","a=0.8,lw=1.5,r=0.04,w=0.25; a=1,lw=0.8,r=0.02,w=0.25; a=1,lw=1.2,r=0.015,w=0.25"
five_level_weak_anharmonic,continuation_target08_leak12,0.03,combined,0.001,0.0005,16,0.946006259446448,0.0048546092838009924,0.06714024116963868,0.03871658923238724,0.9475383143662179,0.0029600075948861353,120,103.73267675098032,0.34434720413033376,1950,False,"low-leak seed, target 0.8 then leak 1.2","a=0.8,lw=1.5,r=0.04,w=0.25; a=1,lw=0.8,r=0.02,w=0.25; a=1,lw=1.2,r=0.015,w=0.25"
five_level_weak_anharmonic,continuation_target08_leak12,0.03,combined,0.001,0.0005,17,0.8835533492347435,0.003085783521959984,0.0491631784589428,0.10376222785213227,0.9496997845865045,0.0029600075948861353,120,103.73267675098032,0.34434720413033376,1950,False,"low-leak seed, target 0.8 then leak 1.2","a=0.8,lw=1.5,r=0.04,w=0.25; a=1,lw=0.8,r=0.02,w=0.25; a=1,lw=1.2,r=0.015,w=0.25"
five_level_weak_anharmonic,continuation_target08_leak12,0.03,combined,0.001,0.0005,18,0.9510663747103182,0.0034113869861531754,0.05127445788531548,0.04973660907393917,0.9490916566544838,0.0029600075948861353,120,103.73267675098032,0.34434720413033376,1950,False,"low-leak seed, target 0.8 then leak 1.2","a=0.8,lw=1.5,r=0.04,w=0.25; a=1,lw=0.8,r=0.02,w=0.25; a=1,lw=1.2,r=0.015,w=0.25"
five_level_weak_anharmonic,continuation_target08_leak12,0.03,combined,0.001,0.0005,19,0.897701577618102,0.004649537698248607,0.0473285842292388,0.07777793036519252,0.9473195709693313,0.0029600075948861353,120,103.73267675098032,0.34434720413033376,1950,False,"low-leak seed, target 0.8 then leak 1.2","a=0.8,lw=1.5,r=0.04,w=0.25; a=1,lw=0.8,r=0.02,w=0.25; a=1,lw=1.2,r=0.015,w=0.25"
five_level_weak_anharmonic,continuation_target08_leak12,0.03,combined,0.001,0.0005,20,0.8534843032278887,0.005968215702454205,0.05604537446693714,0.1007062041899016,0.9471179123430404,0.0029600075948861353,120,103.73267675098032,0.34434720413033376,1950,False,"low-leak seed, target 0.8 then leak 1.2","a=0.8,lw=1.5,r=0.04,w=0.25; a=1,lw=0.8,r=0.02,w=0.25; a=1,lw=1.2,r=0.015,w=0.25"
five_level_weak_anharmonic,continuation_target08_leak12,0.03,combined,0.001,0.0005,21,0.9300523784326733,0.006762948936214319,0.04417668797906327,0.04427773750147325,0.9477248507829844,0.0029600075948861353,120,103.73267675098032,0.34434720413033376,1950,False,"low-leak seed, target 0.8 then leak 1.2","a=0.8,lw=1.5,r=0.04,w=0.25; a=1,lw=0.8,r=0.02,w=0.25; a=1,lw=1.2,r=0.015,w=0.25"
five_level_weak_anharmonic,continuation_target08_leak12,0.03,combined,0.001,0.0005,22,0.9206542768161265,0.005035083495724457,0.0526878972853595,0.05441934834933899,0.9478482605285419,0.0029600075948861353,120,103.73267675098032,0.34434720413033376,1950,False,"low-leak seed, target 0.8 then leak 1.2","a=0.8,lw=1.5,r=0.04,w=0.25; a=1,lw=0.8,r=0.02,w=0.25; a=1,lw=1.2,r=0.015,w=0.25"
five_level_weak_anharmonic,continuation_target08_leak12,0.03,combined,0.001,0.0005,23,0.9664808096899037,0.0037756655114042914,0.049619183318763804,0.029536539149985715,0.9488164225700257,0.0029600075948861353,120,103.73267675098032,0.34434720413033376,1950,False,"low-leak seed, target 0.8 then leak 1.2","a=0.8,lw=1.5,r=0.04,w=0.25; a=1,lw=0.8,r=0.02,w=0.25; a=1,lw=1.2,r=0.015,w=0.25"
five_level_weak_anharmonic,continuation_target08_leak12,0.03,combined,0.001,0.0005,24,0.9400741145980116,0.004014892862430286,0.046958828393934504,0.0720073946044611,0.9499169169399954,0.0029600075948861353,120,103.73267675098032,0.34434720413033376,1950,False,"low-leak seed, target 0.8 then leak 1.2","a=0.8,lw=1.5,r=0.04,w=0.25; a=1,lw=0.8,r=0.02,w=0.25; a=1,lw=1.2,r=0.015,w=0.25"
five_level_weak_anharmonic,continuation_target08_leak12,0.03,combined,0.001,0.0005,25,0.9346074870002319,0.0061001439105993205,0.0461703260423898,0.07444925613627448,0.9497438407756641,0.0029600075948861353,120,103.73267675098032,0.34434720413033376,1950,False,"low-leak seed, target 0.8 then leak 1.2","a=0.8,lw=1.5,r=0.04,w=0.25; a=1,lw=0.8,r=0.02,w=0.25; a=1,lw=1.2,r=0.015,w=0.25"
five_level_weak_anharmonic,continuation_target08_leak12,0.03,combined,0.001,0.0005,26,0.9700298294243745,0.002765191931321964,0.05884167293024922,0.03178809533806784,0.9489614668109314,0.0029600075948861353,120,103.73267675098032,0.34434720413033376,1950,False,"low-leak seed, target 0.8 then leak 1.2","a=0.8,lw=1.5,r=0.04,w=0.25; a=1,lw=0.8,r=0.02,w=0.25; a=1,lw=1.2,r=0.015,w=0.25"
five_level_weak_anharmonic,continuation_target08_leak12,0.03,combined,0.001,0.0005,27,0.9258149874042467,0.002387532694893668,0.049480949456304546,0.08768246992641243,0.9500408601377383,0.0029600075948861353,120,103.73267675098032,0.34434720413033376,1950,False,"low-leak seed, target 0.8 then leak 1.2","a=0.8,lw=1.5,r=0.04,w=0.25; a=1,lw=0.8,r=0.02,w=0.25; a=1,lw=1.2,r=0.015,w=0.25"
five_level_weak_anharmonic,continuation_target08_leak12,0.03,combined,0.001,0.0005,28,0.9113014826464493,0.00595405118789627,0.06442494714277847,0.05573513226279729,0.9482264352694395,0.0029600075948861353,120,103.73267675098032,0.34434720413033376,1950,False,"low-leak seed, target 0.8 then leak 1.2","a=0.8,lw=1.5,r=0.04,w=0.25; a=1,lw=0.8,r=0.02,w=0.25; a=1,lw=1.2,r=0.015,w=0.25"
five_level_weak_anharmonic,continuation_target08_leak12,0.03,combined,0.001,0.0005,29,0.9492157429231604,0.002026003659113429,0.047700666195904406,0.03382974545451665,0.9491463965526931,0.0029600075948861353,120,103.73267675098032,0.34434720413033376,1950,False,"low-leak seed, target 0.8 then leak 1.2","a=0.8,lw=1.5,r=0.04,w=0.25; a=1,lw=0.8,r=0.02,w=0.25; a=1,lw=1.2,r=0.015,w=0.25"
five_level_weak_anharmonic,continuation_target08_leak12,0.03,combined,0.001,0.0005,30,0.9314836761703609,0.005183734838849485,0.044657613426461795,0.08627393381824526,0.9506134761775523,0.0029600075948861353,120,103.73267675098032,0.34434720413033376,1950,False,"low-leak seed, target 0.8 then leak 1.2","a=0.8,lw=1.5,r=0.04,w=0.25; a=1,lw=0.8,r=0.02,w=0.25; a=1,lw=1.2,r=0.015,w=0.25"
five_level_weak_anharmonic,continuation_target08_leak12,0.03,combined,0.001,0.0005,31,0.9106833148516127,0.006588887300797319,0.07204799765725767,0.07034454129832518,0.94811931376846,0.0029600075948861353,120,103.73267675098032,0.34434720413033376,1950,False,"low-leak seed, target 0.8 then leak 1.2","a=0.8,lw=1.5,r=0.04,w=0.25; a=1,lw=0.8,r=0.02,w=0.25; a=1,lw=1.2,r=0.015,w=0.25"
five_level_weak_anharmonic,continuation_target08_leak12,0.03,combined,0.001,0.0005,32,0.9434683714996631,0.004988204992082079,0.052668051074122424,0.05076576902319461,0.9483220839911454,0.0029600075948861353,120,103.73267675098032,0.34434720413033376,1950,False,"low-leak seed, target 0.8 then leak 1.2","a=0.8,lw=1.5,r=0.04,w=0.25; a=1,lw=0.8,r=0.02,w=0.25; a=1,lw=1.2,r=0.015,w=0.25"
five_level_weak_anharmonic,continuation_target08_leak12,0.03,combined,0.001,0.0005,33,0.9424800704420744,0.003961424293213778,0.04754740763541743,0.07826401849171208,0.9500409317926432,0.0029600075948861353,120,103.73267675098032,0.34434720413033376,1950,False,"low-leak seed, target 0.8 then leak 1.2","a=0.8,lw=1.5,r=0.04,w=0.25; a=1,lw=0.8,r=0.02,w=0.25; a=1,lw=1.2,r=0.015,w=0.25"
five_level_weak_anharmonic,continuation_target08_leak12,0.03,combined,0.001,0.0005,34,0.9610615903468083,0.0034495869225592557,0.06435570257676049,0.05014330968621891,0.9493005346077796,0.0029600075948861353,120,103.73267675098032,0.34434720413033376,1950,False,"low-leak seed, target 0.8 then leak 1.2","a=0.8,lw=1.5,r=0.04,w=0.25; a=1,lw=0.8,r=0.02,w=0.25; a=1,lw=1.2,r=0.015,w=0.25"
five_level_weak_anharmonic,continuation_target08_leak12,0.03,combined,0.001,0.0005,35,0.8525351451084545,0.0054438372441925065,0.06544965467400754,0.10003682796268032,0.9467867136277085,0.0029600075948861353,120,103.73267675098032,0.34434720413033376,1950,False,"low-leak seed, target 0.8 then leak 1.2","a=0.8,lw=1.5,r=0.04,w=0.25; a=1,lw=0.8,r=0.02,w=0.25; a=1,lw=1.2,r=0.015,w=0.25"
five_level_weak_anharmonic,continuation_target08_leak12,0.03,combined,0.001,0.0005,36,0.9645945878900447,0.00521030983282178,0.05814306329534724,0.03086828529516594,0.9485374593945152,0.0029600075948861353,120,103.73267675098032,0.34434720413033376,1950,False,"low-leak seed, target 0.8 then leak 1.2","a=0.8,lw=1.5,r=0.04,w=0.25; a=1,lw=0.8,r=0.02,w=0.25; a=1,lw=1.2,r=0.015,w=0.25"
five_level_weak_anharmonic,continuation_target08_leak12,0.03,combined,0.001,0.0005,37,0.7873964029955882,0.0029067605081797288,0.04197768924209011,0.20200921826961388,0.9520427051636081,0.0029600075948861353,120,103.73267675098032,0.34434720413033376,1950,False,"low-leak seed, target 0.8 then leak 1.2","a=0.8,lw=1.5,r=0.04,w=0.25; a=1,lw=0.8,r=0.02,w=0.25; a=1,lw=1.2,r=0.015,w=0.25"
five_level_weak_anharmonic,continuation_target08_leak12,0.03,combined,0.001,0.0005,38,0.9043887101426943,0.004578914835977277,0.038855986452675406,0.12128813766387596,0.9510339486874795,0.0029600075948861353,120,103.73267675098032,0.34434720413033376,1950,False,"low-leak seed, target 0.8 then leak 1.2","a=0.8,lw=1.5,r=0.04,w=0.25; a=1,lw=0.8,r=0.02,w=0.25; a=1,lw=1.2,r=0.015,w=0.25"
five_level_weak_anharmonic,continuation_target08_leak12,0.03,combined,0.001,0.0005,39,0.962102530898528,0.0036237336000781717,0.06058098579597826,0.04164239499632522,0.9487950858314661,0.0029600075948861353,120,103.73267675098032,0.34434720413033376,1950,False,"low-leak seed, target 0.8 then leak 1.2","a=0.8,lw=1.5,r=0.04,w=0.25; a=1,lw=0.8,r=0.02,w=0.25; a=1,lw=1.2,r=0.015,w=0.25"
five_level_weak_anharmonic,continuation_target08_leak12,0.03,combined,0.001,0.0005,40,0.9564276149364102,0.0031511227165234024,0.04933181185216173,0.030207456218074472,0.9483959653730824,0.0029600075948861353,120,103.73267675098032,0.34434720413033376,1950,False,"low-leak seed, target 0.8 then leak 1.2","a=0.8,lw=1.5,r=0.04,w=0.25; a=1,lw=0.8,r=0.02,w=0.25; a=1,lw=1.2,r=0.015,w=0.25"
five_level_weak_anharmonic,continuation_target08_leak12,0.03,combined,0.001,0.0005,41,0.8943072924581542,0.006579289422977808,0.048816638063760576,0.0724170365476204,0.9468723684632784,0.0029600075948861353,120,103.73267675098032,0.34434720413033376,1950,False,"low-leak seed, target 0.8 then leak 1.2","a=0.8,lw=1.5,r=0.04,w=0.25; a=1,lw=0.8,r=0.02,w=0.25; a=1,lw=1.2,r=0.015,w=0.25"
five_level_weak_anharmonic,continuation_target08_leak12,0.03,combined,0.001,0.0005,42,0.9635477165557933,0.004417949426625878,0.05432031660258252,0.0316049641435365,0.9492985089528334,0.0029600075948861353,120,103.73267675098032,0.34434720413033376,1950,False,"low-leak seed, target 0.8 then leak 1.2","a=0.8,lw=1.5,r=0.04,w=0.25; a=1,lw=0.8,r=0.02,w=0.25; a=1,lw=1.2,r=0.015,w=0.25"
five_level_weak_anharmonic,continuation_target08_leak12,0.03,combined,0.001,0.0005,43,0.9462415929896747,0.003848525926454349,0.0452702932129464,0.05985244438908063,0.9492702431724562,0.0029600075948861353,120,103.73267675098032,0.34434720413033376,1950,False,"low-leak seed, target 0.8 then leak 1.2","a=0.8,lw=1.5,r=0.04,w=0.25; a=1,lw=0.8,r=0.02,w=0.25; a=1,lw=1.2,r=0.015,w=0.25"
five_level_weak_anharmonic,continuation_target08_leak12,0.03,combined,0.001,0.0005,44,0.927382176522011,0.002010141246474806,0.044733995761459866,0.08323073727576316,0.9513553164953246,0.0029600075948861353,120,103.73267675098032,0.34434720413033376,1950,False,"low-leak seed, target 0.8 then leak 1.2","a=0.8,lw=1.5,r=0.04,w=0.25; a=1,lw=0.8,r=0.02,w=0.25; a=1,lw=1.2,r=0.015,w=0.25"
five_level_weak_anharmonic,continuation_target08_leak12,0.03,combined,0.001,0.0005,45,0.9692407188408807,0.003289399566728468,0.06501385943114679,0.03654752015498921,0.9492162721097407,0.0029600075948861353,120,103.73267675098032,0.34434720413033376,1950,False,"low-leak seed, target 0.8 then leak 1.2","a=0.8,lw=1.5,r=0.04,w=0.25; a=1,lw=0.8,r=0.02,w=0.25; a=1,lw=1.2,r=0.015,w=0.25"
five_level_weak_anharmonic,continuation_target08_leak12,0.03,combined,0.001,0.0005,46,0.9511850660353798,0.005694234853000801,0.04092843168174787,0.03882671064738454,0.9477033940477497,0.0029600075948861353,120,103.73267675098032,0.34434720413033376,1950,False,"low-leak seed, target 0.8 then leak 1.2","a=0.8,lw=1.5,r=0.04,w=0.25; a=1,lw=0.8,r=0.02,w=0.25; a=1,lw=1.2,r=0.015,w=0.25"
five_level_weak_anharmonic,continuation_target08_leak12,0.03,combined,0.001,0.0005,47,0.9297995536808926,0.007179250262624559,0.047766451875338456,0.04628768765744826,0.9477299648464388,0.0029600075948861353,120,103.73267675098032,0.34434720413033376,1950,False,"low-leak seed, target 0.8 then leak 1.2","a=0.8,lw=1.5,r=0.04,w=0.25; a=1,lw=0.8,r=0.02,w=0.25; a=1,lw=1.2,r=0.015,w=0.25"
five_level_weak_anharmonic,continuation_target08_leak12,0.03,combined,0.001,0.0005,48,0.8961867272793594,0.004723627012903631,0.056313753043980785,0.09973937640801162,0.947778866267748,0.0029600075948861353,120,103.73267675098032,0.34434720413033376,1950,False,"low-leak seed, target 0.8 then leak 1.2","a=0.8,lw=1.5,r=0.04,w=0.25; a=1,lw=0.8,r=0.02,w=0.25; a=1,lw=1.2,r=0.015,w=0.25"
five_level_weak_anharmonic,continuation_target08_leak12,0.03,combined,0.001,0.0005,49,0.9511415645496439,0.005306121765225269,0.05813401664848161,0.03589240863423221,0.9477587039552439,0.0029600075948861353,120,103.73267675098032,0.34434720413033376,1950,False,"low-leak seed, target 0.8 then leak 1.2","a=0.8,lw=1.5,r=0.04,w=0.25; a=1,lw=0.8,r=0.02,w=0.25; a=1,lw=1.2,r=0.015,w=0.25"
five_level_weak_anharmonic,continuation_target08_leak12,0.03,combined,0.001,0.0005,50,0.9383732266792796,0.003444684655613206,0.06043849878442753,0.07125549995242016,0.9496493127230609,0.0029600075948861353,120,103.73267675098032,0.34434720413033376,1950,False,"low-leak seed, target 0.8 then leak 1.2","a=0.8,lw=1.5,r=0.04,w=0.25; a=1,lw=0.8,r=0.02,w=0.25; a=1,lw=1.2,r=0.015,w=0.25"
five_level_weak_anharmonic,continuation_target08_leak12,0.03,combined,0.001,0.0005,51,0.9240515851683291,0.005489560401034321,0.05486239744900079,0.05283196718697302,0.9472075236511718,0.0029600075948861353,120,103.73267675098032,0.34434720413033376,1950,False,"low-leak seed, target 0.8 then leak 1.2","a=0.8,lw=1.5,r=0.04,w=0.25; a=1,lw=0.8,r=0.02,w=0.25; a=1,lw=1.2,r=0.015,w=0.25"
five_level_weak_anharmonic,continuation_target08_leak12,0.03,combined,0.001,0.0005,52,0.9146416944315916,0.003857000844267877,0.0503933185523362,0.05977103169566764,0.9472883218492337,0.0029600075948861353,120,103.73267675098032,0.34434720413033376,1950,False,"low-leak seed, target 0.8 then leak 1.2","a=0.8,lw=1.5,r=0.04,w=0.25; a=1,lw=0.8,r=0.02,w=0.25; a=1,lw=1.2,r=0.015,w=0.25"
five_level_weak_anharmonic,continuation_target08_leak12,0.03,combined,0.001,0.0005,53,0.8895866188014512,0.002809202672722444,0.049169126100593985,0.12327104027935068,0.9501179070463122,0.0029600075948861353,120,103.73267675098032,0.34434720413033376,1950,False,"low-leak seed, target 0.8 then leak 1.2","a=0.8,lw=1.5,r=0.04,w=0.25; a=1,lw=0.8,r=0.02,w=0.25; a=1,lw=1.2,r=0.015,w=0.25"
five_level_weak_anharmonic,continuation_target08_leak12,0.03,combined,0.001,0.0005,54,0.9291393116541269,0.0019188541572766615,0.057324581810087816,0.08124381580450322,0.9494755141808473,0.0029600075948861353,120,103.73267675098032,0.34434720413033376,1950,False,"low-leak seed, target 0.8 then leak 1.2","a=0.8,lw=1.5,r=0.04,w=0.25; a=1,lw=0.8,r=0.02,w=0.25; a=1,lw=1.2,r=0.015,w=0.25"
five_level_weak_anharmonic,continuation_target08_leak12,0.03,combined,0.001,0.0005,55,0.9008141424381224,0.005306256013861255,0.06245202262107363,0.10387310948172476,0.9511186475472176,0.0029600075948861353,120,103.73267675098032,0.34434720413033376,1950,False,"low-leak seed, target 0.8 then leak 1.2","a=0.8,lw=1.5,r=0.04,w=0.25; a=1,lw=0.8,r=0.02,w=0.25; a=1,lw=1.2,r=0.015,w=0.25"
five_level_weak_anharmonic,continuation_target08_leak12,0.03,combined,0.001,0.0005,56,0.9493440638772193,0.001770378403240458,0.048468378640250886,0.05740843050918118,0.9485505677384661,0.0029600075948861353,120,103.73267675098032,0.34434720413033376,1950,False,"low-leak seed, target 0.8 then leak 1.2","a=0.8,lw=1.5,r=0.04,w=0.25; a=1,lw=0.8,r=0.02,w=0.25; a=1,lw=1.2,r=0.015,w=0.25"
five_level_weak_anharmonic,continuation_target08_leak12,0.03,combined,0.001,0.0005,57,0.860681922555569,0.00768614136537904,0.06861658098454493,0.11795341276538908,0.948028346601625,0.0029600075948861353,120,103.73267675098032,0.34434720413033376,1950,False,"low-leak seed, target 0.8 then leak 1.2","a=0.8,lw=1.5,r=0.04,w=0.25; a=1,lw=0.8,r=0.02,w=0.25; a=1,lw=1.2,r=0.015,w=0.25"
five_level_weak_anharmonic,continuation_target08_leak12,0.03,combined,0.001,0.0005,58,0.9689338547377951,0.004984793310681357,0.04508004830407275,0.02851545564322249,0.9487975022246946,0.0029600075948861353,120,103.73267675098032,0.34434720413033376,1950,False,"low-leak seed, target 0.8 then leak 1.2","a=0.8,lw=1.5,r=0.04,w=0.25; a=1,lw=0.8,r=0.02,w=0.25; a=1,lw=1.2,r=0.015,w=0.25"
five_level_weak_anharmonic,continuation_target08_leak12,0.03,combined,0.001,0.0005,59,0.9286025006662404,0.005635911520355696,0.06727148491782131,0.06330574383058792,0.9469205017337317,0.0029600075948861353,120,103.73267675098032,0.34434720413033376,1950,False,"low-leak seed, target 0.8 then leak 1.2","a=0.8,lw=1.5,r=0.04,w=0.25; a=1,lw=0.8,r=0.02,w=0.25; a=1,lw=1.2,r=0.015,w=0.25"
five_level_weak_anharmonic,continuation_target05_leak15,0.03,static_only,0.0,0.0,10,0.9343653464231755,0.002576274990552352,0.05652002515245114,0.03194640140282039,0.9999976166618469,0.002774531877997316,120,106.33695179899223,0.3628400368267913,1956,False,"low-leak seed, target 0.5 then leak 1.5","a=0.8,lw=1.5,r=0.04,w=0.25; a=1,lw=0.5,r=0.025,w=0.25; a=1,lw=1.5,r=0.015,w=0.25"
five_level_weak_anharmonic,continuation_target05_leak15,0.03,static_only,0.0,0.0,11,0.9306165771402535,0.00490916941983599,0.05657128835918557,0.04721958940168003,0.9999972674117931,0.002774531877997316,120,106.33695179899223,0.3628400368267913,1956,False,"low-leak seed, target 0.5 then leak 1.5","a=0.8,lw=1.5,r=0.04,w=0.25; a=1,lw=0.5,r=0.025,w=0.25; a=1,lw=1.5,r=0.015,w=0.25"
five_level_weak_anharmonic,continuation_target05_leak15,0.03,static_only,0.0,0.0,12,0.9020674504668768,0.0008831341225936651,0.04865739054942542,0.07656286320493966,0.9999975105717154,0.002774531877997316,120,106.33695179899223,0.3628400368267913,1956,False,"low-leak seed, target 0.5 then leak 1.5","a=0.8,lw=1.5,r=0.04,w=0.25; a=1,lw=0.5,r=0.025,w=0.25; a=1,lw=1.5,r=0.015,w=0.25"
five_level_weak_anharmonic,continuation_target05_leak15,0.03,static_only,0.0,0.0,13,0.7041700476920786,0.0023220855097381143,0.059464123055769424,0.2851919871515539,0.9999978604338823,0.002774531877997316,120,106.33695179899223,0.3628400368267913,1956,False,"low-leak seed, target 0.5 then leak 1.5","a=0.8,lw=1.5,r=0.04,w=0.25; a=1,lw=0.5,r=0.025,w=0.25; a=1,lw=1.5,r=0.015,w=0.25"
five_level_weak_anharmonic,continuation_target05_leak15,0.03,static_only,0.0,0.0,14,0.8332171954261157,0.002411264537119151,0.05845925892176729,0.15888883811234375,0.9999977014935135,0.002774531877997316,120,106.33695179899223,0.3628400368267913,1956,False,"low-leak seed, target 0.5 then leak 1.5","a=0.8,lw=1.5,r=0.04,w=0.25; a=1,lw=0.5,r=0.025,w=0.25; a=1,lw=1.5,r=0.015,w=0.25"
five_level_weak_anharmonic,continuation_target05_leak15,0.03,static_only,0.0,0.0,15,0.986197528966677,0.0023113604782285524,0.06646170596774015,0.021616284907789142,0.9999976209708429,0.002774531877997316,120,106.33695179899223,0.3628400368267913,1956,False,"low-leak seed, target 0.5 then leak 1.5","a=0.8,lw=1.5,r=0.04,w=0.25; a=1,lw=0.5,r=0.025,w=0.25; a=1,lw=1.5,r=0.015,w=0.25"
five_level_weak_anharmonic,continuation_target05_leak15,0.03,static_only,0.0,0.0,16,0.9745869799177268,0.0036317714098951237,0.05883380583687847,0.01295493888372881,0.9999974569512786,0.002774531877997316,120,106.33695179899223,0.3628400368267913,1956,False,"low-leak seed, target 0.5 then leak 1.5","a=0.8,lw=1.5,r=0.04,w=0.25; a=1,lw=0.5,r=0.025,w=0.25; a=1,lw=1.5,r=0.015,w=0.25"
five_level_weak_anharmonic,continuation_target05_leak15,0.03,static_only,0.0,0.0,17,0.8988928637347501,0.0021492354296185345,0.050540923240145474,0.10521523908923756,0.9999982084185444,0.002774531877997316,120,106.33695179899223,0.3628400368267913,1956,False,"low-leak seed, target 0.5 then leak 1.5","a=0.8,lw=1.5,r=0.04,w=0.25; a=1,lw=0.5,r=0.025,w=0.25; a=1,lw=1.5,r=0.015,w=0.25"
five_level_weak_anharmonic,continuation_target05_leak15,0.03,static_only,0.0,0.0,18,0.9704515348146591,0.002533645830498088,0.05817662015295677,0.042228316127805865,0.9999978347962306,0.002774531877997316,120,106.33695179899223,0.3628400368267913,1956,False,"low-leak seed, target 0.5 then leak 1.5","a=0.8,lw=1.5,r=0.04,w=0.25; a=1,lw=0.5,r=0.025,w=0.25; a=1,lw=1.5,r=0.015,w=0.25"
five_level_weak_anharmonic,continuation_target05_leak15,0.03,static_only,0.0,0.0,19,0.9095375519361821,0.0034668868139378084,0.05521158006572935,0.06530050424792827,0.9999974952708218,0.002774531877997316,120,106.33695179899223,0.3628400368267913,1956,False,"low-leak seed, target 0.5 then leak 1.5","a=0.8,lw=1.5,r=0.04,w=0.25; a=1,lw=0.5,r=0.025,w=0.25; a=1,lw=1.5,r=0.015,w=0.25"
five_level_weak_anharmonic,continuation_target05_leak15,0.03,static_only,0.0,0.0,20,0.8808835219144546,0.004362181761888295,0.04868526397860662,0.08543661134809886,0.999997695415059,0.002774531877997316,120,106.33695179899223,0.3628400368267913,1956,False,"low-leak seed, target 0.5 then leak 1.5","a=0.8,lw=1.5,r=0.04,w=0.25; a=1,lw=0.5,r=0.025,w=0.25; a=1,lw=1.5,r=0.015,w=0.25"
five_level_weak_anharmonic,continuation_target05_leak15,0.03,static_only,0.0,0.0,21,0.9584557634120152,0.0067563626206420535,0.048824074299863574,0.023678163685245127,0.999997715560971,0.002774531877997316,120,106.33695179899223,0.3628400368267913,1956,False,"low-leak seed, target 0.5 then leak 1.5","a=0.8,lw=1.5,r=0.04,w=0.25; a=1,lw=0.5,r=0.025,w=0.25; a=1,lw=1.5,r=0.015,w=0.25"
five_level_weak_anharmonic,continuation_target05_leak15,0.03,static_only,0.0,0.0,22,0.9480718011749104,0.0037972770288550173,0.06315954938160795,0.02942090838591228,0.9999973262769427,0.002774531877997316,120,106.33695179899223,0.3628400368267913,1956,False,"low-leak seed, target 0.5 then leak 1.5","a=0.8,lw=1.5,r=0.04,w=0.25; a=1,lw=0.5,r=0.025,w=0.25; a=1,lw=1.5,r=0.015,w=0.25"
five_level_weak_anharmonic,continuation_target05_leak15,0.03,static_only,0.0,0.0,23,0.9914318411128051,0.0027556740596448304,0.051504295497572405,0.008641714263264997,0.9999977192959923,0.002774531877997316,120,106.33695179899223,0.3628400368267913,1956,False,"low-leak seed, target 0.5 then leak 1.5","a=0.8,lw=1.5,r=0.04,w=0.25; a=1,lw=0.5,r=0.025,w=0.25; a=1,lw=1.5,r=0.015,w=0.25"
five_level_weak_anharmonic,continuation_target05_leak15,0.03,static_only,0.0,0.0,24,0.9431041052165693,0.003570353009226257,0.05245745299483451,0.06880543504338968,0.9999979298613064,0.002774531877997316,120,106.33695179899223,0.3628400368267913,1956,False,"low-leak seed, target 0.5 then leak 1.5","a=0.8,lw=1.5,r=0.04,w=0.25; a=1,lw=0.5,r=0.025,w=0.25; a=1,lw=1.5,r=0.015,w=0.25"
five_level_weak_anharmonic,continuation_target05_leak15,0.03,static_only,0.0,0.0,25,0.9375898185963247,0.004420902447571762,0.057261894060729235,0.07014824874323705,0.9999976589681828,0.002774531877997316,120,106.33695179899223,0.3628400368267913,1956,False,"low-leak seed, target 0.5 then leak 1.5","a=0.8,lw=1.5,r=0.04,w=0.25; a=1,lw=0.5,r=0.025,w=0.25; a=1,lw=1.5,r=0.015,w=0.25"
five_level_weak_anharmonic,continuation_target05_leak15,0.03,static_only,0.0,0.0,26,0.9925597280125854,0.0018555575397706248,0.05487375741197953,0.017742181963446343,0.9999977305768774,0.002774531877997316,120,106.33695179899223,0.3628400368267913,1956,False,"low-leak seed, target 0.5 then leak 1.5","a=0.8,lw=1.5,r=0.04,w=0.25; a=1,lw=0.5,r=0.025,w=0.25; a=1,lw=1.5,r=0.015,w=0.25"
five_level_weak_anharmonic,continuation_target05_leak15,0.03,static_only,0.0,0.0,27,0.9245439181913183,0.001652729895764482,0.04694552536827579,0.0928208292191985,0.9999981791898552,0.002774531877997316,120,106.33695179899223,0.3628400368267913,1956,False,"low-leak seed, target 0.5 then leak 1.5","a=0.8,lw=1.5,r=0.04,w=0.25; a=1,lw=0.5,r=0.025,w=0.25; a=1,lw=1.5,r=0.015,w=0.25"
five_level_weak_anharmonic,continuation_target05_leak15,0.03,static_only,0.0,0.0,28,0.9469881045532171,0.004293289935353495,0.05232754891061686,0.0277016328277664,0.9999974685699045,0.002774531877997316,120,106.33695179899223,0.3628400368267913,1956,False,"low-leak seed, target 0.5 then leak 1.5","a=0.8,lw=1.5,r=0.04,w=0.25; a=1,lw=0.5,r=0.025,w=0.25; a=1,lw=1.5,r=0.015,w=0.25"
five_level_weak_anharmonic,continuation_target05_leak15,0.03,static_only,0.0,0.0,29,0.9878280470799928,0.0009295318972754041,0.04212405097232985,0.009089567565852387,0.9999978260014817,0.002774531877997316,120,106.33695179899223,0.3628400368267913,1956,False,"low-leak seed, target 0.5 then leak 1.5","a=0.8,lw=1.5,r=0.04,w=0.25; a=1,lw=0.5,r=0.025,w=0.25; a=1,lw=1.5,r=0.015,w=0.25"
five_level_weak_anharmonic,continuation_target05_leak15,0.03,static_only,0.0,0.0,30,0.9280976144620054,0.004040053799320931,0.054927409220407064,0.0921591901035624,0.9999979697195045,0.002774531877997316,120,106.33695179899223,0.3628400368267913,1956,False,"low-leak seed, target 0.5 then leak 1.5","a=0.8,lw=1.5,r=0.04,w=0.25; a=1,lw=0.5,r=0.025,w=0.25; a=1,lw=1.5,r=0.015,w=0.25"
five_level_weak_anharmonic,continuation_target05_leak15,0.03,static_only,0.0,0.0,31,0.9326030948445688,0.006039077068876297,0.06398644608200033,0.04264958539292312,0.999997406447416,0.002774531877997316,120,106.33695179899223,0.3628400368267913,1956,False,"low-leak seed, target 0.5 then leak 1.5","a=0.8,lw=1.5,r=0.04,w=0.25; a=1,lw=0.5,r=0.025,w=0.25; a=1,lw=1.5,r=0.015,w=0.25"
five_level_weak_anharmonic,continuation_target05_leak15,0.03,static_only,0.0,0.0,32,0.9674526912947378,0.003887542265159194,0.06172846795603193,0.023199301820259626,0.999997294858998,0.002774531877997316,120,106.33695179899223,0.3628400368267913,1956,False,"low-leak seed, target 0.5 then leak 1.5","a=0.8,lw=1.5,r=0.04,w=0.25; a=1,lw=0.5,r=0.025,w=0.25; a=1,lw=1.5,r=0.015,w=0.25"
five_level_weak_anharmonic,continuation_target05_leak15,0.03,static_only,0.0,0.0,33,0.9442490527163675,0.004168313400107815,0.060832941496728576,0.08032914631823437,0.9999980114366902,0.002774531877997316,120,106.33695179899223,0.3628400368267913,1956,False,"low-leak seed, target 0.5 then leak 1.5","a=0.8,lw=1.5,r=0.04,w=0.25; a=1,lw=0.5,r=0.025,w=0.25; a=1,lw=1.5,r=0.015,w=0.25"
five_level_weak_anharmonic,continuation_target05_leak15,0.03,static_only,0.0,0.0,34,0.9692452512565347,0.0031512239360093064,0.06470166471256789,0.042646204833899,0.9999977185993312,0.002774531877997316,120,106.33695179899223,0.3628400368267913,1956,False,"low-leak seed, target 0.5 then leak 1.5","a=0.8,lw=1.5,r=0.04,w=0.25; a=1,lw=0.5,r=0.025,w=0.25; a=1,lw=1.5,r=0.015,w=0.25"
five_level_weak_anharmonic,continuation_target05_leak15,0.03,static_only,0.0,0.0,35,0.8836980670078598,0.004793371639832511,0.06190588094335192,0.08728730175613951,0.9999977646249907,0.002774531877997316,120,106.33695179899223,0.3628400368267913,1956,False,"low-leak seed, target 0.5 then leak 1.5","a=0.8,lw=1.5,r=0.04,w=0.25; a=1,lw=0.5,r=0.025,w=0.25; a=1,lw=1.5,r=0.015,w=0.25"
five_level_weak_anharmonic,continuation_target05_leak15,0.03,static_only,0.0,0.0,36,0.9905227840852848,0.004095738530555226,0.04635706378010629,0.006821915156693166,0.9999977596016306,0.002774531877997316,120,106.33695179899223,0.3628400368267913,1956,False,"low-leak seed, target 0.5 then leak 1.5","a=0.8,lw=1.5,r=0.04,w=0.25; a=1,lw=0.5,r=0.025,w=0.25; a=1,lw=1.5,r=0.015,w=0.25"
five_level_weak_anharmonic,continuation_target05_leak15,0.03,static_only,0.0,0.0,37,0.7940871074856056,0.0018236206021693402,0.04311706842234719,0.2121079915509766,0.9999982916697916,0.002774531877997316,120,106.33695179899223,0.3628400368267913,1956,False,"low-leak seed, target 0.5 then leak 1.5","a=0.8,lw=1.5,r=0.04,w=0.25; a=1,lw=0.5,r=0.025,w=0.25; a=1,lw=1.5,r=0.015,w=0.25"
five_level_weak_anharmonic,continuation_target05_leak15,0.03,static_only,0.0,0.0,38,0.884011451558398,0.003331090309653506,0.048103057641593616,0.13472549996757027,0.9999980778360372,0.002774531877997316,120,106.33695179899223,0.3628400368267913,1956,False,"low-leak seed, target 0.5 then leak 1.5","a=0.8,lw=1.5,r=0.04,w=0.25; a=1,lw=0.5,r=0.025,w=0.25; a=1,lw=1.5,r=0.015,w=0.25"
five_level_weak_anharmonic,continuation_target05_leak15,0.03,static_only,0.0,0.0,39,0.9818047457011756,0.0026728393006519857,0.06229492585776364,0.023047914966865958,0.9999976398952611,0.002774531877997316,120,106.33695179899223,0.3628400368267913,1956,False,"low-leak seed, target 0.5 then leak 1.5","a=0.8,lw=1.5,r=0.04,w=0.25; a=1,lw=0.5,r=0.025,w=0.25; a=1,lw=1.5,r=0.015,w=0.25"
five_level_weak_anharmonic,continuation_target05_leak15,0.03,static_only,0.0,0.0,40,0.9897122404463123,0.0015321484146539888,0.052551056324601,0.009043050517961672,0.9999975232173709,0.002774531877997316,120,106.33695179899223,0.3628400368267913,1956,False,"low-leak seed, target 0.5 then leak 1.5","a=0.8,lw=1.5,r=0.04,w=0.25; a=1,lw=0.5,r=0.025,w=0.25; a=1,lw=1.5,r=0.015,w=0.25"
five_level_weak_anharmonic,continuation_target05_leak15,0.03,static_only,0.0,0.0,41,0.917184984433158,0.005124197230351735,0.05561183700122907,0.057132782783834345,0.9999974978682445,0.002774531877997316,120,106.33695179899223,0.3628400368267913,1956,False,"low-leak seed, target 0.5 then leak 1.5","a=0.8,lw=1.5,r=0.04,w=0.25; a=1,lw=0.5,r=0.025,w=0.25; a=1,lw=1.5,r=0.015,w=0.25"
five_level_weak_anharmonic,continuation_target05_leak15,0.03,static_only,0.0,0.0,42,0.9849322895433666,0.0037517959677100254,0.05301281270182168,0.015065661203980759,0.9999975903445866,0.002774531877997316,120,106.33695179899223,0.3628400368267913,1956,False,"low-leak seed, target 0.5 then leak 1.5","a=0.8,lw=1.5,r=0.04,w=0.25; a=1,lw=0.5,r=0.025,w=0.25; a=1,lw=1.5,r=0.015,w=0.25"
five_level_weak_anharmonic,continuation_target05_leak15,0.03,static_only,0.0,0.0,43,0.9585010879107138,0.0027903508468777316,0.04897149506402876,0.047721937615309996,0.9999978862683586,0.002774531877997316,120,106.33695179899223,0.3628400368267913,1956,False,"low-leak seed, target 0.5 then leak 1.5","a=0.8,lw=1.5,r=0.04,w=0.25; a=1,lw=0.5,r=0.025,w=0.25; a=1,lw=1.5,r=0.015,w=0.25"
five_level_weak_anharmonic,continuation_target05_leak15,0.03,static_only,0.0,0.0,44,0.9070101550825388,0.001204787722214884,0.047474593098226325,0.09698365597083758,0.9999979595068291,0.002774531877997316,120,106.33695179899223,0.3628400368267913,1956,False,"low-leak seed, target 0.5 then leak 1.5","a=0.8,lw=1.5,r=0.04,w=0.25; a=1,lw=0.5,r=0.025,w=0.25; a=1,lw=1.5,r=0.015,w=0.25"
five_level_weak_anharmonic,continuation_target05_leak15,0.03,static_only,0.0,0.0,45,0.9859275411645868,0.00216703058519252,0.058778990043233614,0.02425034435144847,0.9999977733258422,0.002774531877997316,120,106.33695179899223,0.3628400368267913,1956,False,"low-leak seed, target 0.5 then leak 1.5","a=0.8,lw=1.5,r=0.04,w=0.25; a=1,lw=0.5,r=0.025,w=0.25; a=1,lw=1.5,r=0.015,w=0.25"
five_level_weak_anharmonic,continuation_target05_leak15,0.03,static_only,0.0,0.0,46,0.9726464046802279,0.004515177260117076,0.05069086134807477,0.01656014034196415,0.9999975400620597,0.002774531877997316,120,106.33695179899223,0.3628400368267913,1956,False,"low-leak seed, target 0.5 then leak 1.5","a=0.8,lw=1.5,r=0.04,w=0.25; a=1,lw=0.5,r=0.025,w=0.25; a=1,lw=1.5,r=0.015,w=0.25"
five_level_weak_anharmonic,continuation_target05_leak15,0.03,static_only,0.0,0.0,47,0.9552147939986736,0.008370623573872304,0.043933609901004145,0.03059111402537034,0.999997725831009,0.002774531877997316,120,106.33695179899223,0.3628400368267913,1956,False,"low-leak seed, target 0.5 then leak 1.5","a=0.8,lw=1.5,r=0.04,w=0.25; a=1,lw=0.5,r=0.025,w=0.25; a=1,lw=1.5,r=0.015,w=0.25"
five_level_weak_anharmonic,continuation_target05_leak15,0.03,static_only,0.0,0.0,48,0.9057369096309724,0.003497989077099084,0.05631537242240381,0.07392728531568354,0.9999970022628443,0.002774531877997316,120,106.33695179899223,0.3628400368267913,1956,False,"low-leak seed, target 0.5 then leak 1.5","a=0.8,lw=1.5,r=0.04,w=0.25; a=1,lw=0.5,r=0.025,w=0.25; a=1,lw=1.5,r=0.015,w=0.25"
five_level_weak_anharmonic,continuation_target05_leak15,0.03,static_only,0.0,0.0,49,0.9767451452645851,0.004505918259128605,0.05797929186262274,0.02219797005398602,0.9999977962404524,0.002774531877997316,120,106.33695179899223,0.3628400368267913,1956,False,"low-leak seed, target 0.5 then leak 1.5","a=0.8,lw=1.5,r=0.04,w=0.25; a=1,lw=0.5,r=0.025,w=0.25; a=1,lw=1.5,r=0.015,w=0.25"
five_level_weak_anharmonic,continuation_target05_leak15,0.03,static_only,0.0,0.0,50,0.940447842251399,0.002744118979674748,0.057261439236900635,0.07416356142941824,0.9999981284820617,0.002774531877997316,120,106.33695179899223,0.3628400368267913,1956,False,"low-leak seed, target 0.5 then leak 1.5","a=0.8,lw=1.5,r=0.04,w=0.25; a=1,lw=0.5,r=0.025,w=0.25; a=1,lw=1.5,r=0.015,w=0.25"
five_level_weak_anharmonic,continuation_target05_leak15,0.03,static_only,0.0,0.0,51,0.956427950221805,0.0043229785161003065,0.05739724924929268,0.03736645786285484,0.9999976033111342,0.002774531877997316,120,106.33695179899223,0.3628400368267913,1956,False,"low-leak seed, target 0.5 then leak 1.5","a=0.8,lw=1.5,r=0.04,w=0.25; a=1,lw=0.5,r=0.025,w=0.25; a=1,lw=1.5,r=0.015,w=0.25"
five_level_weak_anharmonic,continuation_target05_leak15,0.03,static_only,0.0,0.0,52,0.9377371156277307,0.0024453047791647142,0.05981574970856629,0.042852042366324665,0.9999975075686014,0.002774531877997316,120,106.33695179899223,0.3628400368267913,1956,False,"low-leak seed, target 0.5 then leak 1.5","a=0.8,lw=1.5,r=0.04,w=0.25; a=1,lw=0.5,r=0.025,w=0.25; a=1,lw=1.5,r=0.015,w=0.25"
five_level_weak_anharmonic,continuation_target05_leak15,0.03,static_only,0.0,0.0,53,0.8782201166196465,0.0019880031636844153,0.06157146116953416,0.12653512972770975,0.9999976076551663,0.002774531877997316,120,106.33695179899223,0.3628400368267913,1956,False,"low-leak seed, target 0.5 then leak 1.5","a=0.8,lw=1.5,r=0.04,w=0.25; a=1,lw=0.5,r=0.025,w=0.25; a=1,lw=1.5,r=0.015,w=0.25"
five_level_weak_anharmonic,continuation_target05_leak15,0.03,static_only,0.0,0.0,54,0.9319242500194497,0.0017275607025935003,0.059978458189417605,0.07217815412212898,0.9999976776179548,0.002774531877997316,120,106.33695179899223,0.3628400368267913,1956,False,"low-leak seed, target 0.5 then leak 1.5","a=0.8,lw=1.5,r=0.04,w=0.25; a=1,lw=0.5,r=0.025,w=0.25; a=1,lw=1.5,r=0.015,w=0.25"
five_level_weak_anharmonic,continuation_target05_leak15,0.03,static_only,0.0,0.0,55,0.8754844993072106,0.004299724548436301,0.05875819360584633,0.12125942118195578,0.9999978283707761,0.002774531877997316,120,106.33695179899223,0.3628400368267913,1956,False,"low-leak seed, target 0.5 then leak 1.5","a=0.8,lw=1.5,r=0.04,w=0.25; a=1,lw=0.5,r=0.025,w=0.25; a=1,lw=1.5,r=0.015,w=0.25"
five_level_weak_anharmonic,continuation_target05_leak15,0.03,static_only,0.0,0.0,56,0.9675752889521221,0.001674810766523649,0.06091568830259275,0.03406454399451114,0.9999975040021717,0.002774531877997316,120,106.33695179899223,0.3628400368267913,1956,False,"low-leak seed, target 0.5 then leak 1.5","a=0.8,lw=1.5,r=0.04,w=0.25; a=1,lw=0.5,r=0.025,w=0.25; a=1,lw=1.5,r=0.015,w=0.25"
five_level_weak_anharmonic,continuation_target05_leak15,0.03,static_only,0.0,0.0,57,0.8674275135486182,0.0074442244321689666,0.06992086964828115,0.1278579094354283,0.9999979923877541,0.002774531877997316,120,106.33695179899223,0.3628400368267913,1956,False,"low-leak seed, target 0.5 then leak 1.5","a=0.8,lw=1.5,r=0.04,w=0.25; a=1,lw=0.5,r=0.025,w=0.25; a=1,lw=1.5,r=0.015,w=0.25"
five_level_weak_anharmonic,continuation_target05_leak15,0.03,static_only,0.0,0.0,58,0.9928743706996158,0.0045835790961542555,0.04238604195244822,0.009389622814415697,0.999997884781763,0.002774531877997316,120,106.33695179899223,0.3628400368267913,1956,False,"low-leak seed, target 0.5 then leak 1.5","a=0.8,lw=1.5,r=0.04,w=0.25; a=1,lw=0.5,r=0.025,w=0.25; a=1,lw=1.5,r=0.015,w=0.25"
five_level_weak_anharmonic,continuation_target05_leak15,0.03,static_only,0.0,0.0,59,0.9423613919445648,0.004992094448104556,0.06425562297627685,0.04133662639801022,0.9999971916927891,0.002774531877997316,120,106.33695179899223,0.3628400368267913,1956,False,"low-leak seed, target 0.5 then leak 1.5","a=0.8,lw=1.5,r=0.04,w=0.25; a=1,lw=0.5,r=0.025,w=0.25; a=1,lw=1.5,r=0.015,w=0.25"
five_level_weak_anharmonic,continuation_target05_leak15,0.03,deph_0.001,0.001,0.0,10,0.9280134440085699,0.0034045421359735206,0.05651217168582934,0.03843589341121896,0.9861890437294352,0.002774531877997316,120,106.33695179899223,0.3628400368267913,1956,False,"low-leak seed, target 0.5 then leak 1.5","a=0.8,lw=1.5,r=0.04,w=0.25; a=1,lw=0.5,r=0.025,w=0.25; a=1,lw=1.5,r=0.015,w=0.25"
five_level_weak_anharmonic,continuation_target05_leak15,0.03,deph_0.001,0.001,0.0,11,0.9254236687422139,0.005752068915493291,0.05654958999931747,0.052526353793523925,0.9884198074304966,0.002774531877997316,120,106.33695179899223,0.3628400368267913,1956,False,"low-leak seed, target 0.5 then leak 1.5","a=0.8,lw=1.5,r=0.04,w=0.25; a=1,lw=0.5,r=0.025,w=0.25; a=1,lw=1.5,r=0.015,w=0.25"
five_level_weak_anharmonic,continuation_target05_leak15,0.03,deph_0.001,0.001,0.0,12,0.8986267651563865,0.0015566234536468215,0.04862361244153901,0.08042070695552163,0.9866912730047346,0.002774531877997316,120,106.33695179899223,0.3628400368267913,1956,False,"low-leak seed, target 0.5 then leak 1.5","a=0.8,lw=1.5,r=0.04,w=0.25; a=1,lw=0.5,r=0.025,w=0.25; a=1,lw=1.5,r=0.015,w=0.25"
five_level_weak_anharmonic,continuation_target05_leak15,0.03,deph_0.001,0.001,0.0,13,0.7018853329934501,0.0029057938173538966,0.05943451698513358,0.2875794456450172,0.9734955338610113,0.002774531877997316,120,106.33695179899223,0.3628400368267913,1956,False,"low-leak seed, target 0.5 then leak 1.5","a=0.8,lw=1.5,r=0.04,w=0.25; a=1,lw=0.5,r=0.025,w=0.25; a=1,lw=1.5,r=0.015,w=0.25"
five_level_weak_anharmonic,continuation_target05_leak15,0.03,deph_0.001,0.001,0.0,14,0.8285576276984042,0.003080604892809591,0.05843390078272148,0.1632030470516746,0.9787664824038842,0.002774531877997316,120,106.33695179899223,0.3628400368267913,1956,False,"low-leak seed, target 0.5 then leak 1.5","a=0.8,lw=1.5,r=0.04,w=0.25; a=1,lw=0.5,r=0.025,w=0.25; a=1,lw=1.5,r=0.015,w=0.25"
five_level_weak_anharmonic,continuation_target05_leak15,0.03,deph_0.001,0.001,0.0,15,0.9796146773731926,0.0032389713839718892,0.0664555243177376,0.02790471114519678,0.9843623625541864,0.002774531877997316,120,106.33695179899223,0.3628400368267913,1956,False,"low-leak seed, target 0.5 then leak 1.5","a=0.8,lw=1.5,r=0.04,w=0.25; a=1,lw=0.5,r=0.025,w=0.25; a=1,lw=1.5,r=0.015,w=0.25"
five_level_weak_anharmonic,continuation_target05_leak15,0.03,deph_0.001,0.001,0.0,16,0.9686657015279762,0.004547850537597209,0.05923598657399576,0.01890942825464069,0.9878945715608339,0.002774531877997316,120,106.33695179899223,0.3628400368267913,1956,False,"low-leak seed, target 0.5 then leak 1.5","a=0.8,lw=1.5,r=0.04,w=0.25; a=1,lw=0.5,r=0.025,w=0.25; a=1,lw=1.5,r=0.015,w=0.25"
five_level_weak_anharmonic,continuation_target05_leak15,0.03,deph_0.001,0.001,0.0,17,0.8933479945727997,0.002845902794113009,0.05052404264674404,0.11050117107357264,0.9792854469874291,0.002774531877997316,120,106.33695179899223,0.3628400368267913,1956,False,"low-leak seed, target 0.5 then leak 1.5","a=0.8,lw=1.5,r=0.04,w=0.25; a=1,lw=0.5,r=0.025,w=0.25; a=1,lw=1.5,r=0.015,w=0.25"
five_level_weak_anharmonic,continuation_target05_leak15,0.03,deph_0.001,0.001,0.0,18,0.9636354475908075,0.003294463469277198,0.05813905118397655,0.048505681952815835,0.982283186348341,0.002774531877997316,120,106.33695179899223,0.3628400368267913,1956,False,"low-leak seed, target 0.5 then leak 1.5","a=0.8,lw=1.5,r=0.04,w=0.25; a=1,lw=0.5,r=0.025,w=0.25; a=1,lw=1.5,r=0.015,w=0.25"
five_level_weak_anharmonic,continuation_target05_leak15,0.03,deph_0.001,0.001,0.0,19,0.9057770019555165,0.0042713273747361225,0.05518745767571165,0.06944343208211184,0.9875598933894693,0.002774531877997316,120,106.33695179899223,0.3628400368267913,1956,False,"low-leak seed, target 0.5 then leak 1.5","a=0.8,lw=1.5,r=0.04,w=0.25; a=1,lw=0.5,r=0.025,w=0.25; a=1,lw=1.5,r=0.015,w=0.25"
five_level_weak_anharmonic,continuation_target05_leak15,0.03,deph_0.001,0.001,0.0,20,0.8770352975777835,0.0052392022444694986,0.04873107180529024,0.0899154858331687,0.984703881756002,0.002774531877997316,120,106.33695179899223,0.3628400368267913,1956,False,"low-leak seed, target 0.5 then leak 1.5","a=0.8,lw=1.5,r=0.04,w=0.25; a=1,lw=0.5,r=0.025,w=0.25; a=1,lw=1.5,r=0.015,w=0.25"
five_level_weak_anharmonic,continuation_target05_leak15,0.03,deph_0.001,0.001,0.0,21,0.9532195768533515,0.007346641493714778,0.04878865889314188,0.02913038535877448,0.9874618057142647,0.002774531877997316,120,106.33695179899223,0.3628400368267913,1956,False,"low-leak seed, target 0.5 then leak 1.5","a=0.8,lw=1.5,r=0.04,w=0.25; a=1,lw=0.5,r=0.025,w=0.25; a=1,lw=1.5,r=0.015,w=0.25"
five_level_weak_anharmonic,continuation_target05_leak15,0.03,deph_0.001,0.001,0.0,22,0.9423275966090114,0.004700268497098259,0.06312618332703024,0.035182751279595095,0.9881318724803262,0.002774531877997316,120,106.33695179899223,0.3628400368267913,1956,False,"low-leak seed, target 0.5 then leak 1.5","a=0.8,lw=1.5,r=0.04,w=0.25; a=1,lw=0.5,r=0.025,w=0.25; a=1,lw=1.5,r=0.015,w=0.25"
five_level_weak_anharmonic,continuation_target05_leak15,0.03,deph_0.001,0.001,0.0,23,0.9846709527598979,0.0033792402734134086,0.05148595992146032,0.014998793237927206,0.9866830061959861,0.002774531877997316,120,106.33695179899223,0.3628400368267913,1956,False,"low-leak seed, target 0.5 then leak 1.5","a=0.8,lw=1.5,r=0.04,w=0.25; a=1,lw=0.5,r=0.025,w=0.25; a=1,lw=1.5,r=0.015,w=0.25"
five_level_weak_anharmonic,continuation_target05_leak15,0.03,deph_0.001,0.001,0.0,24,0.9368146518408295,0.004302823434325864,0.052456441526250064,0.07449552083329779,0.981708802203839,0.002774531877997316,120,106.33695179899223,0.3628400368267913,1956,False,"low-leak seed, target 0.5 then leak 1.5","a=0.8,lw=1.5,r=0.04,w=0.25; a=1,lw=0.5,r=0.025,w=0.25; a=1,lw=1.5,r=0.015,w=0.25"
five_level_weak_anharmonic,continuation_target05_leak15,0.03,deph_0.001,0.001,0.0,25,0.9314366383792471,0.005178058001600094,0.057213300643304876,0.07574442351718332,0.9821731152836434,0.002774531877997316,120,106.33695179899223,0.3628400368267913,1956,False,"low-leak seed, target 0.5 then leak 1.5","a=0.8,lw=1.5,r=0.04,w=0.25; a=1,lw=0.5,r=0.025,w=0.25; a=1,lw=1.5,r=0.015,w=0.25"
five_level_weak_anharmonic,continuation_target05_leak15,0.03,deph_0.001,0.001,0.0,26,0.9853219631790151,0.002657801410930749,0.05489254716243319,0.024456675967905777,0.9841818836706421,0.002774531877997316,120,106.33695179899223,0.3628400368267913,1956,False,"low-leak seed, target 0.5 then leak 1.5","a=0.8,lw=1.5,r=0.04,w=0.25; a=1,lw=0.5,r=0.025,w=0.25; a=1,lw=1.5,r=0.015,w=0.25"
five_level_weak_anharmonic,continuation_target05_leak15,0.03,deph_0.001,0.001,0.0,27,0.9184502646848443,0.0022361449532740663,0.046939124604826965,0.09831445782911966,0.9797497267125977,0.002774531877997316,120,106.33695179899223,0.3628400368267913,1956,False,"low-leak seed, target 0.5 then leak 1.5","a=0.8,lw=1.5,r=0.04,w=0.25; a=1,lw=0.5,r=0.025,w=0.25; a=1,lw=1.5,r=0.015,w=0.25"
five_level_weak_anharmonic,continuation_target05_leak15,0.03,deph_0.001,0.001,0.0,28,0.9413478838464787,0.005053522942757405,0.05271576696750291,0.03358660027541125,0.9875215610433321,0.002774531877997316,120,106.33695179899223,0.3628400368267913,1956,False,"low-leak seed, target 0.5 then leak 1.5","a=0.8,lw=1.5,r=0.04,w=0.25; a=1,lw=0.5,r=0.025,w=0.25; a=1,lw=1.5,r=0.015,w=0.25"
five_level_weak_anharmonic,continuation_target05_leak15,0.03,deph_0.001,0.001,0.0,29,0.9811231071999912,0.0014791347472273841,0.042104598514030034,0.015515533109108168,0.9861470266252602,0.002774531877997316,120,106.33695179899223,0.3628400368267913,1956,False,"low-leak seed, target 0.5 then leak 1.5","a=0.8,lw=1.5,r=0.04,w=0.25; a=1,lw=0.5,r=0.025,w=0.25; a=1,lw=1.5,r=0.015,w=0.25"
five_level_weak_anharmonic,continuation_target05_leak15,0.03,deph_0.001,0.001,0.0,30,0.9216402025614623,0.004719137469828771,0.05488433789174629,0.09781224996907129,0.9793405391644147,0.002774531877997316,120,106.33695179899223,0.3628400368267913,1956,False,"low-leak seed, target 0.5 then leak 1.5","a=0.8,lw=1.5,r=0.04,w=0.25; a=1,lw=0.5,r=0.025,w=0.25; a=1,lw=1.5,r=0.015,w=0.25"
five_level_weak_anharmonic,continuation_target05_leak15,0.03,deph_0.001,0.001,0.0,31,0.9269222593804671,0.006836937425625522,0.06442951661229457,0.04844569232259406,0.9876708946033399,0.002774531877997316,120,106.33695179899223,0.3628400368267913,1956,False,"low-leak seed, target 0.5 then leak 1.5","a=0.8,lw=1.5,r=0.04,w=0.25; a=1,lw=0.5,r=0.025,w=0.25; a=1,lw=1.5,r=0.015,w=0.25"
five_level_weak_anharmonic,continuation_target05_leak15,0.03,deph_0.001,0.001,0.0,32,0.961320139182124,0.004789185734956902,0.06170469059440076,0.02909048948127207,0.988055552431893,0.002774531877997316,120,106.33695179899223,0.3628400368267913,1956,False,"low-leak seed, target 0.5 then leak 1.5","a=0.8,lw=1.5,r=0.04,w=0.25; a=1,lw=0.5,r=0.025,w=0.25; a=1,lw=1.5,r=0.015,w=0.25"
five_level_weak_anharmonic,continuation_target05_leak15,0.03,deph_0.001,0.001,0.0,33,0.9372206503347804,0.004821600872821019,0.0607897820459099,0.08644131483098928,0.9793718894810449,0.002774531877997316,120,106.33695179899223,0.3628400368267913,1956,False,"low-leak seed, target 0.5 then leak 1.5","a=0.8,lw=1.5,r=0.04,w=0.25; a=1,lw=0.5,r=0.025,w=0.25; a=1,lw=1.5,r=0.015,w=0.25"
five_level_weak_anharmonic,continuation_target05_leak15,0.03,deph_0.001,0.001,0.0,34,0.9621318009716614,0.003977941417198982,0.06470121466936718,0.04927808790690413,0.9824821127102762,0.002774531877997316,120,106.33695179899223,0.3628400368267913,1956,False,"low-leak seed, target 0.5 then leak 1.5","a=0.8,lw=1.5,r=0.04,w=0.25; a=1,lw=0.5,r=0.025,w=0.25; a=1,lw=1.5,r=0.015,w=0.25"
five_level_weak_anharmonic,continuation_target05_leak15,0.03,deph_0.001,0.001,0.0,35,0.879361436543621,0.005708840619094824,0.0620875025388139,0.09224478846337947,0.9826820349994457,0.002774531877997316,120,106.33695179899223,0.3628400368267913,1956,False,"low-leak seed, target 0.5 then leak 1.5","a=0.8,lw=1.5,r=0.04,w=0.25; a=1,lw=0.5,r=0.025,w=0.25; a=1,lw=1.5,r=0.015,w=0.25"
five_level_weak_anharmonic,continuation_target05_leak15,0.03,deph_0.001,0.001,0.0,36,0.9842244139258454,0.004703923766991136,0.046739738529314234,0.012918796386734113,0.987563884463583,0.002774531877997316,120,106.33695179899223,0.3628400368267913,1956,False,"low-leak seed, target 0.5 then leak 1.5","a=0.8,lw=1.5,r=0.04,w=0.25; a=1,lw=0.5,r=0.025,w=0.25; a=1,lw=1.5,r=0.015,w=0.25"
five_level_weak_anharmonic,continuation_target05_leak15,0.03,deph_0.001,0.001,0.0,37,0.789337573280287,0.0024363269888146855,0.043103989268296394,0.2165088532757805,0.9747397441569966,0.002774531877997316,120,106.33695179899223,0.3628400368267913,1956,False,"low-leak seed, target 0.5 then leak 1.5","a=0.8,lw=1.5,r=0.04,w=0.25; a=1,lw=0.5,r=0.025,w=0.25; a=1,lw=1.5,r=0.015,w=0.25"
five_level_weak_anharmonic,continuation_target05_leak15,0.03,deph_0.001,0.001,0.0,38,0.878221387335045,0.003877316157847144,0.04807097689773565,0.13965828058262558,0.97800978782087,0.002774531877997316,120,106.33695179899223,0.3628400368267913,1956,False,"low-leak seed, target 0.5 then leak 1.5","a=0.8,lw=1.5,r=0.04,w=0.25; a=1,lw=0.5,r=0.025,w=0.25; a=1,lw=1.5,r=0.015,w=0.25"
five_level_weak_anharmonic,continuation_target05_leak15,0.03,deph_0.001,0.001,0.0,39,0.9751634954862183,0.003585630195635181,0.06231482446222836,0.02926332625499033,0.9853117412823992,0.002774531877997316,120,106.33695179899223,0.3628400368267913,1956,False,"low-leak seed, target 0.5 then leak 1.5","a=0.8,lw=1.5,r=0.04,w=0.25; a=1,lw=0.5,r=0.025,w=0.25; a=1,lw=1.5,r=0.015,w=0.25"
five_level_weak_anharmonic,continuation_target05_leak15,0.03,deph_0.001,0.001,0.0,40,0.9831979492962384,0.0023346759645361814,0.052525375798138874,0.015300235789069711,0.9864438880894673,0.002774531877997316,120,106.33695179899223,0.3628400368267913,1956,False,"low-leak seed, target 0.5 then leak 1.5","a=0.8,lw=1.5,r=0.04,w=0.25; a=1,lw=0.5,r=0.025,w=0.25; a=1,lw=1.5,r=0.015,w=0.25"
five_level_weak_anharmonic,continuation_target05_leak15,0.03,deph_0.001,0.001,0.0,41,0.9128073269497781,0.006013628895634282,0.05559086277969638,0.061893085967861194,0.9865091607695916,0.002774531877997316,120,106.33695179899223,0.3628400368267913,1956,False,"low-leak seed, target 0.5 then leak 1.5","a=0.8,lw=1.5,r=0.04,w=0.25; a=1,lw=0.5,r=0.025,w=0.25; a=1,lw=1.5,r=0.015,w=0.25"
five_level_weak_anharmonic,continuation_target05_leak15,0.03,deph_0.001,0.001,0.0,42,0.9774698847938058,0.0044857260564551416,0.05300045569119649,0.0220341370353654,0.9851372118883875,0.002774531877997316,120,106.33695179899223,0.3628400368267913,1956,False,"low-leak seed, target 0.5 then leak 1.5","a=0.8,lw=1.5,r=0.04,w=0.25; a=1,lw=0.5,r=0.025,w=0.25; a=1,lw=1.5,r=0.015,w=0.25"
five_level_weak_anharmonic,continuation_target05_leak15,0.03,deph_0.001,0.001,0.0,43,0.9524772877230363,0.0033813921758412135,0.048934114919087834,0.053303174023964874,0.9841556620206812,0.002774531877997316,120,106.33695179899223,0.3628400368267913,1956,False,"low-leak seed, target 0.5 then leak 1.5","a=0.8,lw=1.5,r=0.04,w=0.25; a=1,lw=0.5,r=0.025,w=0.25; a=1,lw=1.5,r=0.015,w=0.25"
five_level_weak_anharmonic,continuation_target05_leak15,0.03,deph_0.001,0.001,0.0,44,0.9006018534519721,0.0016848062703596067,0.047445293307412206,0.10280431815055327,0.9798131139460166,0.002774531877997316,120,106.33695179899223,0.3628400368267913,1956,False,"low-leak seed, target 0.5 then leak 1.5","a=0.8,lw=1.5,r=0.04,w=0.25; a=1,lw=0.5,r=0.025,w=0.25; a=1,lw=1.5,r=0.015,w=0.25"
five_level_weak_anharmonic,continuation_target05_leak15,0.03,deph_0.001,0.001,0.0,45,0.9784260040000083,0.0030738049951283264,0.059188516926740764,0.03115153879024445,0.9835638939436645,0.002774531877997316,120,106.33695179899223,0.3628400368267913,1956,False,"low-leak seed, target 0.5 then leak 1.5","a=0.8,lw=1.5,r=0.04,w=0.25; a=1,lw=0.5,r=0.025,w=0.25; a=1,lw=1.5,r=0.015,w=0.25"
five_level_weak_anharmonic,continuation_target05_leak15,0.03,deph_0.001,0.001,0.0,46,0.9676306377838704,0.005163186273081211,0.05064837397880728,0.02161419448663648,0.9894024002508505,0.002774531877997316,120,106.33695179899223,0.3628400368267913,1956,False,"low-leak seed, target 0.5 then leak 1.5","a=0.8,lw=1.5,r=0.04,w=0.25; a=1,lw=0.5,r=0.025,w=0.25; a=1,lw=1.5,r=0.015,w=0.25"
five_level_weak_anharmonic,continuation_target05_leak15,0.03,deph_0.001,0.001,0.0,47,0.9501577558004843,0.008892645293715473,0.043911996283923393,0.035937172831092365,0.9863979340221302,0.002774531877997316,120,106.33695179899223,0.3628400368267913,1956,False,"low-leak seed, target 0.5 then leak 1.5","a=0.8,lw=1.5,r=0.04,w=0.25; a=1,lw=0.5,r=0.025,w=0.25; a=1,lw=1.5,r=0.015,w=0.25"
five_level_weak_anharmonic,continuation_target05_leak15,0.03,deph_0.001,0.001,0.0,48,0.901818653464742,0.004284672771151743,0.05628669574214973,0.07803372645556317,0.9890459589530979,0.002774531877997316,120,106.33695179899223,0.3628400368267913,1956,False,"low-leak seed, target 0.5 then leak 1.5","a=0.8,lw=1.5,r=0.04,w=0.25; a=1,lw=0.5,r=0.025,w=0.25; a=1,lw=1.5,r=0.015,w=0.25"
five_level_weak_anharmonic,continuation_target05_leak15,0.03,deph_0.001,0.001,0.0,49,0.9706576437823934,0.00542195847481175,0.0580025320787243,0.028134418106098086,0.985194144900165,0.002774531877997316,120,106.33695179899223,0.3628400368267913,1956,False,"low-leak seed, target 0.5 then leak 1.5","a=0.8,lw=1.5,r=0.04,w=0.25; a=1,lw=0.5,r=0.025,w=0.25; a=1,lw=1.5,r=0.015,w=0.25"
five_level_weak_anharmonic,continuation_target05_leak15,0.03,deph_0.001,0.001,0.0,50,0.9341423832576955,0.0034456719803555025,0.05727913845454735,0.07994614052574517,0.980387416622469,0.002774531877997316,120,106.33695179899223,0.3628400368267913,1956,False,"low-leak seed, target 0.5 then leak 1.5","a=0.8,lw=1.5,r=0.04,w=0.25; a=1,lw=0.5,r=0.025,w=0.25; a=1,lw=1.5,r=0.015,w=0.25"
five_level_weak_anharmonic,continuation_target05_leak15,0.03,deph_0.001,0.001,0.0,51,0.9503434790192605,0.005304665924427021,0.057375822239539964,0.04337510123079623,0.984126875709751,0.002774531877997316,120,106.33695179899223,0.3628400368267913,1956,False,"low-leak seed, target 0.5 then leak 1.5","a=0.8,lw=1.5,r=0.04,w=0.25; a=1,lw=0.5,r=0.025,w=0.25; a=1,lw=1.5,r=0.015,w=0.25"
five_level_weak_anharmonic,continuation_target05_leak15,0.03,deph_0.001,0.001,0.0,52,0.9329782627376593,0.0034194543295646973,0.05980022709271804,0.04780790826451848,0.9871923358749436,0.002774531877997316,120,106.33695179899223,0.3628400368267913,1956,False,"low-leak seed, target 0.5 then leak 1.5","a=0.8,lw=1.5,r=0.04,w=0.25; a=1,lw=0.5,r=0.025,w=0.25; a=1,lw=1.5,r=0.015,w=0.25"
five_level_weak_anharmonic,continuation_target05_leak15,0.03,deph_0.001,0.001,0.0,53,0.8732616174965416,0.002772031406421349,0.06153077931775641,0.1310579772409693,0.9800201236175562,0.002774531877997316,120,106.33695179899223,0.3628400368267913,1956,False,"low-leak seed, target 0.5 then leak 1.5","a=0.8,lw=1.5,r=0.04,w=0.25; a=1,lw=0.5,r=0.025,w=0.25; a=1,lw=1.5,r=0.015,w=0.25"
five_level_weak_anharmonic,continuation_target05_leak15,0.03,deph_0.001,0.001,0.0,54,0.9260683308447879,0.002391224594659902,0.05998457311893213,0.0777151952580487,0.9828193075698572,0.002774531877997316,120,106.33695179899223,0.3628400368267913,1956,False,"low-leak seed, target 0.5 then leak 1.5","a=0.8,lw=1.5,r=0.04,w=0.25; a=1,lw=0.5,r=0.025,w=0.25; a=1,lw=1.5,r=0.015,w=0.25"
five_level_weak_anharmonic,continuation_target05_leak15,0.03,deph_0.001,0.001,0.0,55,0.8696404114582184,0.004974079730977743,0.05878162150754673,0.12677139319052358,0.9786616767615961,0.002774531877997316,120,106.33695179899223,0.3628400368267913,1956,False,"low-leak seed, target 0.5 then leak 1.5","a=0.8,lw=1.5,r=0.04,w=0.25; a=1,lw=0.5,r=0.025,w=0.25; a=1,lw=1.5,r=0.015,w=0.25"
five_level_weak_anharmonic,continuation_target05_leak15,0.03,deph_0.001,0.001,0.0,56,0.9615583125094799,0.0023237289433247765,0.060862195550234865,0.03973162378026398,0.9863186903302693,0.002774531877997316,120,106.33695179899223,0.3628400368267913,1956,False,"low-leak seed, target 0.5 then leak 1.5","a=0.8,lw=1.5,r=0.04,w=0.25; a=1,lw=0.5,r=0.025,w=0.25; a=1,lw=1.5,r=0.015,w=0.25"
five_level_weak_anharmonic,continuation_target05_leak15,0.03,deph_0.001,0.001,0.0,57,0.8622881711362869,0.008441131146655456,0.07011393322521364,0.13305943167741555,0.977365398108464,0.002774531877997316,120,106.33695179899223,0.3628400368267913,1956,False,"low-leak seed, target 0.5 then leak 1.5","a=0.8,lw=1.5,r=0.04,w=0.25; a=1,lw=0.5,r=0.025,w=0.25; a=1,lw=1.5,r=0.015,w=0.25"
five_level_weak_anharmonic,continuation_target05_leak15,0.03,deph_0.001,0.001,0.0,58,0.986568490006666,0.0050664040709972324,0.04236351583774012,0.015376237019213495,0.9866656649144553,0.002774531877997316,120,106.33695179899223,0.3628400368267913,1956,False,"low-leak seed, target 0.5 then leak 1.5","a=0.8,lw=1.5,r=0.04,w=0.25; a=1,lw=0.5,r=0.025,w=0.25; a=1,lw=1.5,r=0.015,w=0.25"
five_level_weak_anharmonic,continuation_target05_leak15,0.03,deph_0.001,0.001,0.0,59,0.9378841129623289,0.005872605399755981,0.0642523246629284,0.046058987959168934,0.9886865697373283,0.002774531877997316,120,106.33695179899223,0.3628400368267913,1956,False,"low-leak seed, target 0.5 then leak 1.5","a=0.8,lw=1.5,r=0.04,w=0.25; a=1,lw=0.5,r=0.025,w=0.25; a=1,lw=1.5,r=0.015,w=0.25"
five_level_weak_anharmonic,continuation_target05_leak15,0.03,relax_0.0005,0.0,0.0005,10,0.9182064109600168,0.0025403614951260423,0.05633221769335117,0.047235498066015257,0.9614380268251186,0.002774531877997316,120,106.33695179899223,0.3628400368267913,1956,False,"low-leak seed, target 0.5 then leak 1.5","a=0.8,lw=1.5,r=0.04,w=0.25; a=1,lw=0.5,r=0.025,w=0.25; a=1,lw=1.5,r=0.015,w=0.25"
five_level_weak_anharmonic,continuation_target05_leak15,0.03,relax_0.0005,0.0,0.0005,11,0.9134466435041783,0.004802199053460132,0.05637918685876964,0.06265200124893978,0.958309544507329,0.002774531877997316,120,106.33695179899223,0.3628400368267913,1956,False,"low-leak seed, target 0.5 then leak 1.5","a=0.8,lw=1.5,r=0.04,w=0.25; a=1,lw=0.5,r=0.025,w=0.25; a=1,lw=1.5,r=0.015,w=0.25"
five_level_weak_anharmonic,continuation_target05_leak15,0.03,relax_0.0005,0.0,0.0005,12,0.8808523925569006,0.0008900751411019536,0.04850427235936783,0.09530694818844099,0.9598477107981831,0.002774531877997316,120,106.33695179899223,0.3628400368267913,1956,False,"low-leak seed, target 0.5 then leak 1.5","a=0.8,lw=1.5,r=0.04,w=0.25; a=1,lw=0.5,r=0.025,w=0.25; a=1,lw=1.5,r=0.015,w=0.25"
five_level_weak_anharmonic,continuation_target05_leak15,0.03,relax_0.0005,0.0,0.0005,13,0.6922437903812978,0.002275813126579873,0.05925586888082357,0.29617217994087003,0.9795574276711879,0.002774531877997316,120,106.33695179899223,0.3628400368267913,1956,False,"low-leak seed, target 0.5 then leak 1.5","a=0.8,lw=1.5,r=0.04,w=0.25; a=1,lw=0.5,r=0.025,w=0.25; a=1,lw=1.5,r=0.015,w=0.25"
five_level_weak_anharmonic,continuation_target05_leak15,0.03,relax_0.0005,0.0,0.0005,14,0.8198537606163094,0.002418559492392558,0.05825189196941549,0.1711158688002811,0.9714774265050022,0.002774531877997316,120,106.33695179899223,0.3628400368267913,1956,False,"low-leak seed, target 0.5 then leak 1.5","a=0.8,lw=1.5,r=0.04,w=0.25; a=1,lw=0.5,r=0.025,w=0.25; a=1,lw=1.5,r=0.015,w=0.25"
five_level_weak_anharmonic,continuation_target05_leak15,0.03,relax_0.0005,0.0,0.0005,15,0.965771867831907,0.0023263241357800446,0.06622531180874791,0.039339389305963264,0.9633427033471883,0.002774531877997316,120,106.33695179899223,0.3628400368267913,1956,False,"low-leak seed, target 0.5 then leak 1.5","a=0.8,lw=1.5,r=0.04,w=0.25; a=1,lw=0.5,r=0.025,w=0.25; a=1,lw=1.5,r=0.015,w=0.25"
five_level_weak_anharmonic,continuation_target05_leak15,0.03,relax_0.0005,0.0,0.0005,16,0.9551402988989987,0.0035533044099574917,0.05863182462946215,0.030186712127477696,0.9586206763048877,0.002774531877997316,120,106.33695179899223,0.3628400368267913,1956,False,"low-leak seed, target 0.5 then leak 1.5","a=0.8,lw=1.5,r=0.04,w=0.25; a=1,lw=0.5,r=0.025,w=0.25; a=1,lw=1.5,r=0.015,w=0.25"
five_level_weak_anharmonic,continuation_target05_leak15,0.03,relax_0.0005,0.0,0.0005,17,0.8789356926410938,0.002122637003522776,0.05036535426489075,0.12260706609998667,0.9703192671403986,0.002774531877997316,120,106.33695179899223,0.3628400368267913,1956,False,"low-leak seed, target 0.5 then leak 1.5","a=0.8,lw=1.5,r=0.04,w=0.25; a=1,lw=0.5,r=0.025,w=0.25; a=1,lw=1.5,r=0.015,w=0.25"
five_level_weak_anharmonic,continuation_target05_leak15,0.03,relax_0.0005,0.0,0.0005,18,0.9504348589646858,0.002509576983407702,0.057974187449300274,0.059637256908443036,0.9663876475902143,0.002774531877997316,120,106.33695179899223,0.3628400368267913,1956,False,"low-leak seed, target 0.5 then leak 1.5","a=0.8,lw=1.5,r=0.04,w=0.25; a=1,lw=0.5,r=0.025,w=0.25; a=1,lw=1.5,r=0.015,w=0.25"
five_level_weak_anharmonic,continuation_target05_leak15,0.03,relax_0.0005,0.0,0.0005,19,0.8888323014886196,0.003419729820441142,0.05502076707221737,0.08372278295458475,0.9585227135824437,0.002774531877997316,120,106.33695179899223,0.3628400368267913,1956,False,"low-leak seed, target 0.5 then leak 1.5","a=0.8,lw=1.5,r=0.04,w=0.25; a=1,lw=0.5,r=0.025,w=0.25; a=1,lw=1.5,r=0.015,w=0.25"
five_level_weak_anharmonic,continuation_target05_leak15,0.03,relax_0.0005,0.0,0.0005,20,0.8612024589191197,0.004259513984451568,0.04850941288374755,0.10323830018309557,0.9613794052125719,0.002774531877997316,120,106.33695179899223,0.3628400368267913,1956,False,"low-leak seed, target 0.5 then leak 1.5","a=0.8,lw=1.5,r=0.04,w=0.25; a=1,lw=0.5,r=0.025,w=0.25; a=1,lw=1.5,r=0.015,w=0.25"
five_level_weak_anharmonic,continuation_target05_leak15,0.03,relax_0.0005,0.0,0.0005,21,0.9379027510973118,0.006585199966664734,0.04867309217748739,0.04197386895531387,0.9591636069144734,0.002774531877997316,120,106.33695179899223,0.3628400368267913,1956,False,"low-leak seed, target 0.5 then leak 1.5","a=0.8,lw=1.5,r=0.04,w=0.25; a=1,lw=0.5,r=0.025,w=0.25; a=1,lw=1.5,r=0.015,w=0.25"
five_level_weak_anharmonic,continuation_target05_leak15,0.03,relax_0.0005,0.0,0.0005,22,0.9299807334169897,0.0037728149212579165,0.06294349830526413,0.045764760799793296,0.958447386806316,0.002774531877997316,120,106.33695179899223,0.3628400368267913,1956,False,"low-leak seed, target 0.5 then leak 1.5","a=0.8,lw=1.5,r=0.04,w=0.25; a=1,lw=0.5,r=0.025,w=0.25; a=1,lw=1.5,r=0.015,w=0.25"
five_level_weak_anharmonic,continuation_target05_leak15,0.03,relax_0.0005,0.0,0.0005,23,0.9727951754341927,0.0027176354689882887,0.05132462956551265,0.025103136341448937,0.9611877051658884,0.002774531877997316,120,106.33695179899223,0.3628400368267913,1956,False,"low-leak seed, target 0.5 then leak 1.5","a=0.8,lw=1.5,r=0.04,w=0.25; a=1,lw=0.5,r=0.025,w=0.25; a=1,lw=1.5,r=0.015,w=0.25"
five_level_weak_anharmonic,continuation_target05_leak15,0.03,relax_0.0005,0.0,0.0005,24,0.9247651739698094,0.0035138735366333496,0.052280161230128686,0.08474277415254344,0.9676489630772769,0.002774531877997316,120,106.33695179899223,0.3628400368267913,1956,False,"low-leak seed, target 0.5 then leak 1.5","a=0.8,lw=1.5,r=0.04,w=0.25; a=1,lw=0.5,r=0.025,w=0.25; a=1,lw=1.5,r=0.015,w=0.25"
five_level_weak_anharmonic,continuation_target05_leak15,0.03,relax_0.0005,0.0,0.0005,25,0.9198527225492144,0.004370289228818214,0.057080320680355845,0.08564866358378863,0.9668816923064408,0.002774531877997316,120,106.33695179899223,0.3628400368267913,1956,False,"low-leak seed, target 0.5 then leak 1.5","a=0.8,lw=1.5,r=0.04,w=0.25; a=1,lw=0.5,r=0.025,w=0.25; a=1,lw=1.5,r=0.015,w=0.25"
five_level_weak_anharmonic,continuation_target05_leak15,0.03,relax_0.0005,0.0,0.0005,26,0.9731674241180331,0.0018415698652424206,0.05466991880746519,0.03470477690350808,0.964246529969837,0.002774531877997316,120,106.33695179899223,0.3628400368267913,1956,False,"low-leak seed, target 0.5 then leak 1.5","a=0.8,lw=1.5,r=0.04,w=0.25; a=1,lw=0.5,r=0.025,w=0.25; a=1,lw=1.5,r=0.015,w=0.25"
five_level_weak_anharmonic,continuation_target05_leak15,0.03,relax_0.0005,0.0,0.0005,27,0.9056608285394687,0.001626886428182317,0.0467819160131564,0.10911234899421532,0.970061078748205,0.002774531877997316,120,106.33695179899223,0.3628400368267913,1956,False,"low-leak seed, target 0.5 then leak 1.5","a=0.8,lw=1.5,r=0.04,w=0.25; a=1,lw=0.5,r=0.025,w=0.25; a=1,lw=1.5,r=0.015,w=0.25"
five_level_weak_anharmonic,continuation_target05_leak15,0.03,relax_0.0005,0.0,0.0005,28,0.9290441916660572,0.004160404567902232,0.05216530473886882,0.04397586459064432,0.9598531733224243,0.002774531877997316,120,106.33695179899223,0.3628400368267913,1956,False,"low-leak seed, target 0.5 then leak 1.5","a=0.8,lw=1.5,r=0.04,w=0.25; a=1,lw=0.5,r=0.025,w=0.25; a=1,lw=1.5,r=0.015,w=0.25"
five_level_weak_anharmonic,continuation_target05_leak15,0.03,relax_0.0005,0.0,0.0005,29,0.9682866637390427,0.0009217099985507904,0.04199151225648423,0.026405609881268985,0.9622138827327431,0.002774531877997316,120,106.33695179899223,0.3628400368267913,1956,False,"low-leak seed, target 0.5 then leak 1.5","a=0.8,lw=1.5,r=0.04,w=0.25; a=1,lw=0.5,r=0.025,w=0.25; a=1,lw=1.5,r=0.015,w=0.25"
five_level_weak_anharmonic,continuation_target05_leak15,0.03,relax_0.0005,0.0,0.0005,30,0.9095657873102317,0.003989882192019012,0.05475785524075327,0.10826801505229611,0.9708537652718431,0.002774531877997316,120,106.33695179899223,0.3628400368267913,1956,False,"low-leak seed, target 0.5 then leak 1.5","a=0.8,lw=1.5,r=0.04,w=0.25; a=1,lw=0.5,r=0.025,w=0.25; a=1,lw=1.5,r=0.015,w=0.25"
five_level_weak_anharmonic,continuation_target05_leak15,0.03,relax_0.0005,0.0,0.0005,31,0.9163819686050377,0.005884927516773719,0.06377039019652608,0.05744742284990736,0.9593059059677991,0.002774531877997316,120,106.33695179899223,0.3628400368267913,1956,False,"low-leak seed, target 0.5 then leak 1.5","a=0.8,lw=1.5,r=0.04,w=0.25; a=1,lw=0.5,r=0.025,w=0.25; a=1,lw=1.5,r=0.015,w=0.25"
five_level_weak_anharmonic,continuation_target05_leak15,0.03,relax_0.0005,0.0,0.0005,32,0.9493331392825344,0.003858080689950971,0.0615218011515104,0.03925318090207871,0.9590553962661648,0.002774531877997316,120,106.33695179899223,0.3628400368267913,1956,False,"low-leak seed, target 0.5 then leak 1.5","a=0.8,lw=1.5,r=0.04,w=0.25; a=1,lw=0.5,r=0.025,w=0.25; a=1,lw=1.5,r=0.015,w=0.25"
five_level_weak_anharmonic,continuation_target05_leak15,0.03,relax_0.0005,0.0,0.0005,33,0.9254851014563589,0.004088217829584129,0.06061858667614928,0.09670159698009279,0.9703810837666627,0.002774531877997316,120,106.33695179899223,0.3628400368267913,1956,False,"low-leak seed, target 0.5 then leak 1.5","a=0.8,lw=1.5,r=0.04,w=0.25; a=1,lw=0.5,r=0.025,w=0.25; a=1,lw=1.5,r=0.015,w=0.25"
five_level_weak_anharmonic,continuation_target05_leak15,0.03,relax_0.0005,0.0,0.0005,34,0.951040732401807,0.0030978882648521333,0.06445980183339506,0.058652650044310486,0.966282285740325,0.002774531877997316,120,106.33695179899223,0.3628400368267913,1956,False,"low-leak seed, target 0.5 then leak 1.5","a=0.8,lw=1.5,r=0.04,w=0.25; a=1,lw=0.5,r=0.025,w=0.25; a=1,lw=1.5,r=0.015,w=0.25"
five_level_weak_anharmonic,continuation_target05_leak15,0.03,relax_0.0005,0.0,0.0005,35,0.8639023578380834,0.004662717964689533,0.061679504881664515,0.10516050795361212,0.9633129157342889,0.002774531877997316,120,106.33695179899223,0.3628400368267913,1956,False,"low-leak seed, target 0.5 then leak 1.5","a=0.8,lw=1.5,r=0.04,w=0.25; a=1,lw=0.5,r=0.025,w=0.25; a=1,lw=1.5,r=0.015,w=0.25"
five_level_weak_anharmonic,continuation_target05_leak15,0.03,relax_0.0005,0.0,0.0005,36,0.9714147315680648,0.003976436736407463,0.04621049665985755,0.02360164323590906,0.9601393566871279,0.002774531877997316,120,106.33695179899223,0.3628400368267913,1956,False,"low-leak seed, target 0.5 then leak 1.5","a=0.8,lw=1.5,r=0.04,w=0.25; a=1,lw=0.5,r=0.025,w=0.25; a=1,lw=1.5,r=0.015,w=0.25"
five_level_weak_anharmonic,continuation_target05_leak15,0.03,relax_0.0005,0.0,0.0005,37,0.775984920959637,0.0017891012133477435,0.04298123543145671,0.22798642503309524,0.9776518023796958,0.002774531877997316,120,106.33695179899223,0.3628400368267913,1956,False,"low-leak seed, target 0.5 then leak 1.5","a=0.8,lw=1.5,r=0.04,w=0.25; a=1,lw=0.5,r=0.025,w=0.25; a=1,lw=1.5,r=0.015,w=0.25"
five_level_weak_anharmonic,continuation_target05_leak15,0.03,relax_0.0005,0.0,0.0005,38,0.8674533923864095,0.0033156360751596115,0.0479527576877159,0.14922821492247634,0.972453833785255,0.002774531877997316,120,106.33695179899223,0.3628400368267913,1956,False,"low-leak seed, target 0.5 then leak 1.5","a=0.8,lw=1.5,r=0.04,w=0.25; a=1,lw=0.5,r=0.025,w=0.25; a=1,lw=1.5,r=0.015,w=0.25"
five_level_weak_anharmonic,continuation_target05_leak15,0.03,relax_0.0005,0.0,0.0005,39,0.9631083508793891,0.0026754878264039217,0.06207840587504965,0.039360001519205996,0.9626742558810543,0.002774531877997316,120,106.33695179899223,0.3628400368267913,1956,False,"low-leak seed, target 0.5 then leak 1.5","a=0.8,lw=1.5,r=0.04,w=0.25; a=1,lw=0.5,r=0.025,w=0.25; a=1,lw=1.5,r=0.015,w=0.25"
five_level_weak_anharmonic,continuation_target05_leak15,0.03,relax_0.0005,0.0,0.0005,40,0.9694253869773164,0.0015300458220137703,0.05238768387043713,0.02683300232814743,0.9611697901792108,0.002774531877997316,120,106.33695179899223,0.3628400368267913,1956,False,"low-leak seed, target 0.5 then leak 1.5","a=0.8,lw=1.5,r=0.04,w=0.25; a=1,lw=0.5,r=0.025,w=0.25; a=1,lw=1.5,r=0.015,w=0.25"
five_level_weak_anharmonic,continuation_target05_leak15,0.03,relax_0.0005,0.0,0.0005,41,0.8967592561473391,0.005027808004492762,0.05542486458428875,0.07540083321640251,0.9591093275269097,0.002774531877997316,120,106.33695179899223,0.3628400368267913,1956,False,"low-leak seed, target 0.5 then leak 1.5","a=0.8,lw=1.5,r=0.04,w=0.25; a=1,lw=0.5,r=0.025,w=0.25; a=1,lw=1.5,r=0.015,w=0.25"
five_level_weak_anharmonic,continuation_target05_leak15,0.03,relax_0.0005,0.0,0.0005,42,0.9676544521376131,0.0036964348438193184,0.05282801866588127,0.030654974682022492,0.9633344582337352,0.002774531877997316,120,106.33695179899223,0.3628400368267913,1956,False,"low-leak seed, target 0.5 then leak 1.5","a=0.8,lw=1.5,r=0.04,w=0.25; a=1,lw=0.5,r=0.025,w=0.25; a=1,lw=1.5,r=0.015,w=0.25"
five_level_weak_anharmonic,continuation_target05_leak15,0.03,relax_0.0005,0.0,0.0005,43,0.9400468721600241,0.002748145081546194,0.048817136551958296,0.06376098145690526,0.9643257496042448,0.002774531877997316,120,106.33695179899223,0.3628400368267913,1956,False,"low-leak seed, target 0.5 then leak 1.5","a=0.8,lw=1.5,r=0.04,w=0.25; a=1,lw=0.5,r=0.025,w=0.25; a=1,lw=1.5,r=0.015,w=0.25"
five_level_weak_anharmonic,continuation_target05_leak15,0.03,relax_0.0005,0.0,0.0005,44,0.8925291940088979,0.0012013023810979462,0.047322576133002614,0.11030096601129195,0.9708530089876362,0.002774531877997316,120,106.33695179899223,0.3628400368267913,1956,False,"low-leak seed, target 0.5 then leak 1.5","a=0.8,lw=1.5,r=0.04,w=0.25; a=1,lw=0.5,r=0.025,w=0.25; a=1,lw=1.5,r=0.015,w=0.25"
five_level_weak_anharmonic,continuation_target05_leak15,0.03,relax_0.0005,0.0,0.0005,45,0.9677333306758066,0.002137107989183651,0.05858143566896723,0.04028663782777831,0.9650772897297649,0.002774531877997316,120,106.33695179899223,0.3628400368267913,1956,False,"low-leak seed, target 0.5 then leak 1.5","a=0.8,lw=1.5,r=0.04,w=0.25; a=1,lw=0.5,r=0.025,w=0.25; a=1,lw=1.5,r=0.015,w=0.25"
five_level_weak_anharmonic,continuation_target05_leak15,0.03,relax_0.0005,0.0,0.0005,46,0.9514379745136914,0.004427011643079126,0.05053401803524782,0.03516989706363141,0.9570644414606414,0.002774531877997316,120,106.33695179899223,0.3628400368267913,1956,False,"low-leak seed, target 0.5 then leak 1.5","a=0.8,lw=1.5,r=0.04,w=0.25; a=1,lw=0.5,r=0.025,w=0.25; a=1,lw=1.5,r=0.015,w=0.25"
five_level_weak_anharmonic,continuation_target05_leak15,0.03,relax_0.0005,0.0,0.0005,47,0.9341036214019413,0.00810923483068482,0.04379524277390501,0.049271924823126895,0.9604627255711906,0.002774531877997316,120,106.33695179899223,0.3628400368267913,1956,False,"low-leak seed, target 0.5 then leak 1.5","a=0.8,lw=1.5,r=0.04,w=0.25; a=1,lw=0.5,r=0.025,w=0.25; a=1,lw=1.5,r=0.015,w=0.25"
five_level_weak_anharmonic,continuation_target05_leak15,0.03,relax_0.0005,0.0,0.0005,48,0.8872621821963171,0.003423947553740758,0.0561248209574714,0.09028521194820804,0.9574650807808155,0.002774531877997316,120,106.33695179899223,0.3628400368267913,1956,False,"low-leak seed, target 0.5 then leak 1.5","a=0.8,lw=1.5,r=0.04,w=0.25; a=1,lw=0.5,r=0.025,w=0.25; a=1,lw=1.5,r=0.015,w=0.25"
five_level_weak_anharmonic,continuation_target05_leak15,0.03,relax_0.0005,0.0,0.0005,49,0.9556499287537752,0.004444391815803916,0.0577642060580692,0.04057356077900133,0.9618761383346558,0.002774531877997316,120,106.33695179899223,0.3628400368267913,1956,False,"low-leak seed, target 0.5 then leak 1.5","a=0.8,lw=1.5,r=0.04,w=0.25; a=1,lw=0.5,r=0.025,w=0.25; a=1,lw=1.5,r=0.015,w=0.25"
five_level_weak_anharmonic,continuation_target05_leak15,0.03,relax_0.0005,0.0,0.0005,50,0.9213860205421561,0.002684681884701945,0.05705006728263773,0.09066216002021175,0.969075798360313,0.002774531877997316,120,106.33695179899223,0.3628400368267913,1956,False,"low-leak seed, target 0.5 then leak 1.5","a=0.8,lw=1.5,r=0.04,w=0.25; a=1,lw=0.5,r=0.025,w=0.25; a=1,lw=1.5,r=0.015,w=0.25"
five_level_weak_anharmonic,continuation_target05_leak15,0.03,relax_0.0005,0.0,0.0005,51,0.9356318971908936,0.004260055292284681,0.057203456056892255,0.05569183341559416,0.9622626831585857,0.002774531877997316,120,106.33695179899223,0.3628400368267913,1956,False,"low-leak seed, target 0.5 then leak 1.5","a=0.8,lw=1.5,r=0.04,w=0.25; a=1,lw=0.5,r=0.025,w=0.25; a=1,lw=1.5,r=0.015,w=0.25"
five_level_weak_anharmonic,continuation_target05_leak15,0.03,relax_0.0005,0.0,0.0005,52,0.9170935296602275,0.002474111908477128,0.05960733318377964,0.06112121117398878,0.9590096392092915,0.002774531877997316,120,106.33695179899223,0.3628400368267913,1956,False,"low-leak seed, target 0.5 then leak 1.5","a=0.8,lw=1.5,r=0.04,w=0.25; a=1,lw=0.5,r=0.025,w=0.25; a=1,lw=1.5,r=0.015,w=0.25"
five_level_weak_anharmonic,continuation_target05_leak15,0.03,relax_0.0005,0.0,0.0005,53,0.8618515977013274,0.002005504860730145,0.06135132330628723,0.14081610300408157,0.9695045653320813,0.002774531877997316,120,106.33695179899223,0.3628400368267913,1956,False,"low-leak seed, target 0.5 then leak 1.5","a=0.8,lw=1.5,r=0.04,w=0.25; a=1,lw=0.5,r=0.025,w=0.25; a=1,lw=1.5,r=0.015,w=0.25"
five_level_weak_anharmonic,continuation_target05_leak15,0.03,relax_0.0005,0.0,0.0005,54,0.914967387275391,0.0017016167863492804,0.059751892015518004,0.08705993200217982,0.9659800941298791,0.002774531877997316,120,106.33695179899223,0.3628400368267913,1956,False,"low-leak seed, target 0.5 then leak 1.5","a=0.8,lw=1.5,r=0.04,w=0.25; a=1,lw=0.5,r=0.025,w=0.25; a=1,lw=1.5,r=0.015,w=0.25"
five_level_weak_anharmonic,continuation_target05_leak15,0.03,relax_0.0005,0.0,0.0005,55,0.861517388440979,0.004193843885913262,0.05853830036205898,0.13416250024831883,0.9719560720767101,0.002774531877997316,120,106.33695179899223,0.3628400368267913,1956,False,"low-leak seed, target 0.5 then leak 1.5","a=0.8,lw=1.5,r=0.04,w=0.25; a=1,lw=0.5,r=0.025,w=0.25; a=1,lw=1.5,r=0.015,w=0.25"
five_level_weak_anharmonic,continuation_target05_leak15,0.03,relax_0.0005,0.0,0.0005,56,0.9494464964020876,0.001704985819897864,0.06070712623092822,0.049921971782837284,0.9611134352970637,0.002774531877997316,120,106.33695179899223,0.3628400368267913,1956,False,"low-leak seed, target 0.5 then leak 1.5","a=0.8,lw=1.5,r=0.04,w=0.25; a=1,lw=0.5,r=0.025,w=0.25; a=1,lw=1.5,r=0.015,w=0.25"
five_level_weak_anharmonic,continuation_target05_leak15,0.03,relax_0.0005,0.0,0.0005,57,0.8477072069618586,0.0072508514147289205,0.06962831511795264,0.14523288930332354,0.9706888066782218,0.002774531877997316,120,106.33695179899223,0.3628400368267913,1956,False,"low-leak seed, target 0.5 then leak 1.5","a=0.8,lw=1.5,r=0.04,w=0.25; a=1,lw=0.5,r=0.025,w=0.25; a=1,lw=1.5,r=0.015,w=0.25"
five_level_weak_anharmonic,continuation_target05_leak15,0.03,relax_0.0005,0.0,0.0005,58,0.9730380594935123,0.0044652668941971285,0.04225396287231864,0.02670623803067291,0.9612853702282917,0.002774531877997316,120,106.33695179899223,0.3628400368267913,1956,False,"low-leak seed, target 0.5 then leak 1.5","a=0.8,lw=1.5,r=0.04,w=0.25; a=1,lw=0.5,r=0.025,w=0.25; a=1,lw=1.5,r=0.015,w=0.25"
five_level_weak_anharmonic,continuation_target05_leak15,0.03,relax_0.0005,0.0,0.0005,59,0.9221696319411525,0.004868019414866587,0.06401991523132633,0.05915924365480654,0.9570063946323032,0.002774531877997316,120,106.33695179899223,0.3628400368267913,1956,False,"low-leak seed, target 0.5 then leak 1.5","a=0.8,lw=1.5,r=0.04,w=0.25; a=1,lw=0.5,r=0.025,w=0.25; a=1,lw=1.5,r=0.015,w=0.25"
five_level_weak_anharmonic,continuation_target05_leak15,0.03,combined,0.001,0.0005,10,0.9119661864280371,0.003329661773342707,0.05632446088351828,0.05362145984652585,0.9483561089708193,0.002774531877997316,120,106.33695179899223,0.3628400368267913,1956,False,"low-leak seed, target 0.5 then leak 1.5","a=0.8,lw=1.5,r=0.04,w=0.25; a=1,lw=0.5,r=0.025,w=0.25; a=1,lw=1.5,r=0.015,w=0.25"
five_level_weak_anharmonic,continuation_target05_leak15,0.03,combined,0.001,0.0005,11,0.9083593125735583,0.005605354316493227,0.056357642937041375,0.0678664069790039,0.9475289224355037,0.002774531877997316,120,106.33695179899223,0.3628400368267913,1956,False,"low-leak seed, target 0.5 then leak 1.5","a=0.8,lw=1.5,r=0.04,w=0.25; a=1,lw=0.5,r=0.025,w=0.25; a=1,lw=1.5,r=0.015,w=0.25"
five_level_weak_anharmonic,continuation_target05_leak15,0.03,combined,0.001,0.0005,12,0.8775287450576454,0.0015321272439651201,0.0484706304668836,0.0990638375382203,0.9471792469120797,0.002774531877997316,120,106.33695179899223,0.3628400368267913,1956,False,"low-leak seed, target 0.5 then leak 1.5","a=0.8,lw=1.5,r=0.04,w=0.25; a=1,lw=0.5,r=0.025,w=0.25; a=1,lw=1.5,r=0.015,w=0.25"
five_level_weak_anharmonic,continuation_target05_leak15,0.03,combined,0.001,0.0005,13,0.6899821936942016,0.002830923254591,0.05922645513085345,0.29853162277493883,0.9537619282283787,0.002774531877997316,120,106.33695179899223,0.3628400368267913,1956,False,"low-leak seed, target 0.5 then leak 1.5","a=0.8,lw=1.5,r=0.04,w=0.25; a=1,lw=0.5,r=0.025,w=0.25; a=1,lw=1.5,r=0.015,w=0.25"
five_level_weak_anharmonic,continuation_target05_leak15,0.03,combined,0.001,0.0005,14,0.8152503203235961,0.0030563301634886075,0.058226708858093223,0.17538300828798906,0.9509871307704963,0.002774531877997316,120,106.33695179899223,0.3628400368267913,1956,False,"low-leak seed, target 0.5 then leak 1.5","a=0.8,lw=1.5,r=0.04,w=0.25; a=1,lw=0.5,r=0.025,w=0.25; a=1,lw=1.5,r=0.015,w=0.25"
five_level_weak_anharmonic,continuation_target05_leak15,0.03,combined,0.001,0.0005,15,0.9593375266092664,0.0032137365902781267,0.06621928004921718,0.04550327841871351,0.94836931555694,0.002774531877997316,120,106.33695179899223,0.3628400368267913,1956,False,"low-leak seed, target 0.5 then leak 1.5","a=0.8,lw=1.5,r=0.04,w=0.25; a=1,lw=0.5,r=0.025,w=0.25; a=1,lw=1.5,r=0.015,w=0.25"
five_level_weak_anharmonic,continuation_target05_leak15,0.03,combined,0.001,0.0005,16,0.9493539059936459,0.004427688471130953,0.059031852611790114,0.036024997430742854,0.9472552980378545,0.002774531877997316,120,106.33695179899223,0.3628400368267913,1956,False,"low-leak seed, target 0.5 then leak 1.5","a=0.8,lw=1.5,r=0.04,w=0.25; a=1,lw=0.5,r=0.025,w=0.25; a=1,lw=1.5,r=0.015,w=0.25"
five_level_weak_anharmonic,continuation_target05_leak15,0.03,combined,0.001,0.0005,17,0.8735253254361974,0.0027862317125220137,0.050348617490694525,0.1277833773554405,0.9502379845996489,0.002774531877997316,120,106.33695179899223,0.3628400368267913,1956,False,"low-leak seed, target 0.5 then leak 1.5","a=0.8,lw=1.5,r=0.04,w=0.25; a=1,lw=0.5,r=0.025,w=0.25; a=1,lw=1.5,r=0.015,w=0.25"
five_level_weak_anharmonic,continuation_target05_leak15,0.03,combined,0.001,0.0005,18,0.9437620415516123,0.0032353416969821414,0.057936836440246164,0.06579847561469832,0.9493110872938195,0.002774531877997316,120,106.33695179899223,0.3628400368267913,1956,False,"low-leak seed, target 0.5 then leak 1.5","a=0.8,lw=1.5,r=0.04,w=0.25; a=1,lw=0.5,r=0.025,w=0.25; a=1,lw=1.5,r=0.015,w=0.25"
five_level_weak_anharmonic,continuation_target05_leak15,0.03,combined,0.001,0.0005,19,0.8851938595386463,0.004186292534606562,0.05499679241478428,0.08776156063664492,0.9467611177141986,0.002774531877997316,120,106.33695179899223,0.3628400368267913,1956,False,"low-leak seed, target 0.5 then leak 1.5","a=0.8,lw=1.5,r=0.04,w=0.25; a=1,lw=0.5,r=0.025,w=0.25; a=1,lw=1.5,r=0.015,w=0.25"
five_level_weak_anharmonic,continuation_target05_leak15,0.03,combined,0.001,0.0005,20,0.8574761313718334,0.005096811935465073,0.048555154520703026,0.10760594908994994,0.9467992496394686,0.002774531877997316,120,106.33695179899223,0.3628400368267913,1956,False,"low-leak seed, target 0.5 then leak 1.5","a=0.8,lw=1.5,r=0.04,w=0.25; a=1,lw=0.5,r=0.025,w=0.25; a=1,lw=1.5,r=0.015,w=0.25"
five_level_weak_anharmonic,continuation_target05_leak15,0.03,combined,0.001,0.0005,21,0.9327929081145713,0.007147101095118402,0.04863785379272123,0.04731576070865582,0.9472817698108623,0.002774531877997316,120,106.33695179899223,0.3628400368267913,1956,False,"low-leak seed, target 0.5 then leak 1.5","a=0.8,lw=1.5,r=0.04,w=0.25; a=1,lw=0.5,r=0.025,w=0.25; a=1,lw=1.5,r=0.015,w=0.25"
five_level_weak_anharmonic,continuation_target05_leak15,0.03,combined,0.001,0.0005,22,0.9243582009743192,0.004633731730808277,0.06291032272576635,0.051423481416079324,0.9473298692531099,0.002774531877997316,120,106.33695179899223,0.3628400368267913,1956,False,"low-leak seed, target 0.5 then leak 1.5","a=0.8,lw=1.5,r=0.04,w=0.25; a=1,lw=0.5,r=0.025,w=0.25; a=1,lw=1.5,r=0.015,w=0.25"
five_level_weak_anharmonic,continuation_target05_leak15,0.03,combined,0.001,0.0005,23,0.9661558907622076,0.0033114013670915154,0.05130644526048189,0.03135971193632717,0.9485612491480887,0.002774531877997316,120,106.33695179899223,0.3628400368267913,1956,False,"low-leak seed, target 0.5 then leak 1.5","a=0.8,lw=1.5,r=0.04,w=0.25; a=1,lw=0.5,r=0.025,w=0.25; a=1,lw=1.5,r=0.015,w=0.25"
five_level_weak_anharmonic,continuation_target05_leak15,0.03,combined,0.001,0.0005,24,0.9185948460164961,0.004211751252607421,0.05227923168045856,0.09033878651979647,0.9500194451214311,0.002774531877997316,120,106.33695179899223,0.3628400368267913,1956,False,"low-leak seed, target 0.5 then leak 1.5","a=0.8,lw=1.5,r=0.04,w=0.25; a=1,lw=0.5,r=0.025,w=0.25; a=1,lw=1.5,r=0.015,w=0.25"
five_level_weak_anharmonic,continuation_target05_leak15,0.03,combined,0.001,0.0005,25,0.9138110690578937,0.0050920613142126925,0.05703193652471883,0.09115707195380526,0.9497400294336114,0.002774531877997316,120,106.33695179899223,0.3628400368267913,1956,False,"low-leak seed, target 0.5 then leak 1.5","a=0.8,lw=1.5,r=0.04,w=0.25; a=1,lw=0.5,r=0.025,w=0.25; a=1,lw=1.5,r=0.015,w=0.25"
five_level_weak_anharmonic,continuation_target05_leak15,0.03,combined,0.001,0.0005,26,0.9660728359625331,0.0026060824031058916,0.054688747200646426,0.04130105742255453,0.94909065806402,0.002774531877997316,120,106.33695179899223,0.3628400368267913,1956,False,"low-leak seed, target 0.5 then leak 1.5","a=0.8,lw=1.5,r=0.04,w=0.25; a=1,lw=0.5,r=0.025,w=0.25; a=1,lw=1.5,r=0.015,w=0.25"
five_level_weak_anharmonic,continuation_target05_leak15,0.03,combined,0.001,0.0005,27,0.8996880763109962,0.0021819711963033672,0.04677561064969238,0.11450977024810821,0.9504627275607923,0.002774531877997316,120,106.33695179899223,0.3628400368267913,1956,False,"low-leak seed, target 0.5 then leak 1.5","a=0.8,lw=1.5,r=0.04,w=0.25; a=1,lw=0.5,r=0.025,w=0.25; a=1,lw=1.5,r=0.015,w=0.25"
five_level_weak_anharmonic,continuation_target05_leak15,0.03,combined,0.001,0.0005,28,0.9235218223703725,0.004885592348186862,0.052551512717339266,0.04975402490425222,0.9480854237329479,0.002774531877997316,120,106.33695179899223,0.3628400368267913,1956,False,"low-leak seed, target 0.5 then leak 1.5","a=0.8,lw=1.5,r=0.04,w=0.25; a=1,lw=0.5,r=0.025,w=0.25; a=1,lw=1.5,r=0.015,w=0.25"
five_level_weak_anharmonic,continuation_target05_leak15,0.03,combined,0.001,0.0005,29,0.9617124221373535,0.0014461654366747512,0.04197216032923401,0.03272200920773175,0.9489856492941202,0.002774531877997316,120,106.33695179899223,0.3628400368267913,1956,False,"low-leak seed, target 0.5 then leak 1.5","a=0.8,lw=1.5,r=0.04,w=0.25; a=1,lw=0.5,r=0.025,w=0.25; a=1,lw=1.5,r=0.015,w=0.25"
five_level_weak_anharmonic,continuation_target05_leak15,0.03,combined,0.001,0.0005,30,0.9032312808235022,0.004636810930045421,0.054714968300156985,0.11382550690472934,0.950827613037855,0.002774531877997316,120,106.33695179899223,0.3628400368267913,1956,False,"low-leak seed, target 0.5 then leak 1.5","a=0.8,lw=1.5,r=0.04,w=0.25; a=1,lw=0.5,r=0.025,w=0.25; a=1,lw=1.5,r=0.015,w=0.25"
five_level_weak_anharmonic,continuation_target05_leak15,0.03,combined,0.001,0.0005,31,0.9108040297596324,0.00664504479713246,0.06421106137042565,0.06314909174059105,0.9477992586143293,0.002774531877997316,120,106.33695179899223,0.3628400368267913,1956,False,"low-leak seed, target 0.5 then leak 1.5","a=0.8,lw=1.5,r=0.04,w=0.25; a=1,lw=0.5,r=0.025,w=0.25; a=1,lw=1.5,r=0.015,w=0.25"
five_level_weak_anharmonic,continuation_target05_leak15,0.03,combined,0.001,0.0005,32,0.9433221570056654,0.00471728865665344,0.061498176163273355,0.045044909261163085,0.9478625206238264,0.002774531877997316,120,106.33695179899223,0.3628400368267913,1956,False,"low-leak seed, target 0.5 then leak 1.5","a=0.8,lw=1.5,r=0.04,w=0.25; a=1,lw=0.5,r=0.025,w=0.25; a=1,lw=1.5,r=0.015,w=0.25"
five_level_weak_anharmonic,continuation_target05_leak15,0.03,combined,0.001,0.0005,33,0.9185888579078095,0.004711430114130999,0.060575664082221925,0.10270876426450933,0.9504029852525407,0.002774531877997316,120,106.33695179899223,0.3628400368267913,1956,False,"low-leak seed, target 0.5 then leak 1.5","a=0.8,lw=1.5,r=0.04,w=0.25; a=1,lw=0.5,r=0.025,w=0.25; a=1,lw=1.5,r=0.015,w=0.25"
five_level_weak_anharmonic,continuation_target05_leak15,0.03,combined,0.001,0.0005,34,0.9440606067091871,0.0038864712556181402,0.06445946880814701,0.06516832464495786,0.9494625921218648,0.002774531877997316,120,106.33695179899223,0.3628400368267913,1956,False,"low-leak seed, target 0.5 then leak 1.5","a=0.8,lw=1.5,r=0.04,w=0.25; a=1,lw=0.5,r=0.025,w=0.25; a=1,lw=1.5,r=0.015,w=0.25"
five_level_weak_anharmonic,continuation_target05_leak15,0.03,combined,0.001,0.0005,35,0.8596984949083543,0.005536355281644423,0.06183467359692418,0.10999501814977805,0.9467404373580793,0.002774531877997316,120,106.33695179899223,0.3628400368267913,1956,False,"low-leak seed, target 0.5 then leak 1.5","a=0.8,lw=1.5,r=0.04,w=0.25; a=1,lw=0.5,r=0.025,w=0.25; a=1,lw=1.5,r=0.015,w=0.25"
five_level_weak_anharmonic,continuation_target05_leak15,0.03,combined,0.001,0.0005,36,0.9652375793981889,0.004555689574605282,0.04659108616217422,0.029595580133072244,0.9483947833983044,0.002774531877997316,120,106.33695179899223,0.3628400368267913,1956,False,"low-leak seed, target 0.5 then leak 1.5","a=0.8,lw=1.5,r=0.04,w=0.25; a=1,lw=0.5,r=0.025,w=0.25; a=1,lw=1.5,r=0.015,w=0.25"
five_level_weak_anharmonic,continuation_target05_leak15,0.03,combined,0.001,0.0005,37,0.7713539085295904,0.002373596956977031,0.04296823112219683,0.2322919820068418,0.9530384018072238,0.002774531877997316,120,106.33695179899223,0.3628400368267913,1956,False,"low-leak seed, target 0.5 then leak 1.5","a=0.8,lw=1.5,r=0.04,w=0.25; a=1,lw=0.5,r=0.025,w=0.25; a=1,lw=1.5,r=0.015,w=0.25"
five_level_weak_anharmonic,continuation_target05_leak15,0.03,combined,0.001,0.0005,38,0.8617558288029523,0.003836164393447583,0.047920843964233684,0.15409167284322842,0.9511514667836766,0.002774531877997316,120,106.33695179899223,0.3628400368267913,1956,False,"low-leak seed, target 0.5 then leak 1.5","a=0.8,lw=1.5,r=0.04,w=0.25; a=1,lw=0.5,r=0.025,w=0.25; a=1,lw=1.5,r=0.015,w=0.25"
five_level_weak_anharmonic,continuation_target05_leak15,0.03,combined,0.001,0.0005,39,0.9565978214003179,0.0035465954808824307,0.062098381697284655,0.04546861931603266,0.9486898341569944,0.002774531877997316,120,106.33695179899223,0.3628400368267913,1956,False,"low-leak seed, target 0.5 then leak 1.5","a=0.8,lw=1.5,r=0.04,w=0.25; a=1,lw=0.5,r=0.025,w=0.25; a=1,lw=1.5,r=0.015,w=0.25"
five_level_weak_anharmonic,continuation_target05_leak15,0.03,combined,0.001,0.0005,40,0.9630534169057609,0.002295923202221384,0.05236210361986049,0.03297355686141722,0.9482550719852122,0.002774531877997316,120,106.33695179899223,0.3628400368267913,1956,False,"low-leak seed, target 0.5 then leak 1.5","a=0.8,lw=1.5,r=0.04,w=0.25; a=1,lw=0.5,r=0.025,w=0.25; a=1,lw=1.5,r=0.015,w=0.25"
five_level_weak_anharmonic,continuation_target05_leak15,0.03,combined,0.001,0.0005,41,0.892510792092701,0.005876146863795562,0.055404040444498204,0.08004953054323063,0.9463286773242526,0.002774531877997316,120,106.33695179899223,0.3628400368267913,1956,False,"low-leak seed, target 0.5 then leak 1.5","a=0.8,lw=1.5,r=0.04,w=0.25; a=1,lw=0.5,r=0.025,w=0.25; a=1,lw=1.5,r=0.015,w=0.25"
five_level_weak_anharmonic,continuation_target05_leak15,0.03,combined,0.001,0.0005,42,0.9603156570272341,0.004396248867479358,0.052815774285337014,0.037516872290206345,0.9491768009137626,0.002774531877997316,120,106.33695179899223,0.3628400368267913,1956,False,"low-leak seed, target 0.5 then leak 1.5","a=0.8,lw=1.5,r=0.04,w=0.25; a=1,lw=0.5,r=0.025,w=0.25; a=1,lw=1.5,r=0.015,w=0.25"
five_level_weak_anharmonic,continuation_target05_leak15,0.03,combined,0.001,0.0005,43,0.9341321863740621,0.00331014490102699,0.04877993201083064,0.06925551047366382,0.9491672217985194,0.002774531877997316,120,106.33695179899223,0.3628400368267913,1956,False,"low-leak seed, target 0.5 then leak 1.5","a=0.8,lw=1.5,r=0.04,w=0.25; a=1,lw=0.5,r=0.025,w=0.25; a=1,lw=1.5,r=0.015,w=0.25"
five_level_weak_anharmonic,continuation_target05_leak15,0.03,combined,0.001,0.0005,44,0.8861998509364261,0.0016580164939933306,0.04729342446994589,0.11605235536398945,0.9513567301987277,0.002774531877997316,120,106.33695179899223,0.3628400368267913,1956,False,"low-leak seed, target 0.5 then leak 1.5","a=0.8,lw=1.5,r=0.04,w=0.25; a=1,lw=0.5,r=0.025,w=0.25; a=1,lw=1.5,r=0.015,w=0.25"
five_level_weak_anharmonic,continuation_target05_leak15,0.03,combined,0.001,0.0005,45,0.9603714362854179,0.003002740538309845,0.05898894636510943,0.047071066500005934,0.9493360547147408,0.002774531877997316,120,106.33695179899223,0.3628400368267913,1956,False,"low-leak seed, target 0.5 then leak 1.5","a=0.8,lw=1.5,r=0.04,w=0.25; a=1,lw=0.5,r=0.025,w=0.25; a=1,lw=1.5,r=0.015,w=0.25"
five_level_weak_anharmonic,continuation_target05_leak15,0.03,combined,0.001,0.0005,46,0.9465485199124039,0.005044775424649428,0.05049171319673673,0.04011895209371085,0.947118131467507,0.002774531877997316,120,106.33695179899223,0.3628400368267913,1956,False,"low-leak seed, target 0.5 then leak 1.5","a=0.8,lw=1.5,r=0.04,w=0.25; a=1,lw=0.5,r=0.025,w=0.25; a=1,lw=1.5,r=0.015,w=0.25"
five_level_weak_anharmonic,continuation_target05_leak15,0.03,combined,0.001,0.0005,47,0.9291737597513395,0.008606260038294344,0.043773740585560605,0.054504593605426095,0.9474933124988602,0.002774531877997316,120,106.33695179899223,0.3628400368267913,1956,False,"low-leak seed, target 0.5 then leak 1.5","a=0.8,lw=1.5,r=0.04,w=0.25; a=1,lw=0.5,r=0.025,w=0.25; a=1,lw=1.5,r=0.015,w=0.25"
five_level_weak_anharmonic,continuation_target05_leak15,0.03,combined,0.001,0.0005,48,0.8834493695094933,0.004172763987870809,0.05609632340013304,0.09430196645136457,0.9472863211110049,0.002774531877997316,120,106.33695179899223,0.3628400368267913,1956,False,"low-leak seed, target 0.5 then leak 1.5","a=0.8,lw=1.5,r=0.04,w=0.25; a=1,lw=0.5,r=0.025,w=0.25; a=1,lw=1.5,r=0.015,w=0.25"
five_level_weak_anharmonic,continuation_target05_leak15,0.03,combined,0.001,0.0005,49,0.9497132990470022,0.005317657975322465,0.05778747690185826,0.046386398643609855,0.9477338666202382,0.002774531877997316,120,106.33695179899223,0.3628400368267913,1956,False,"low-leak seed, target 0.5 then leak 1.5","a=0.8,lw=1.5,r=0.04,w=0.25; a=1,lw=0.5,r=0.025,w=0.25; a=1,lw=1.5,r=0.015,w=0.25"
five_level_weak_anharmonic,continuation_target05_leak15,0.03,combined,0.001,0.0005,50,0.9152104568828914,0.003352797081294212,0.05706783990472042,0.0963388557952851,0.9501201410072053,0.002774531877997316,120,106.33695179899223,0.3628400368267913,1956,False,"low-leak seed, target 0.5 then leak 1.5","a=0.8,lw=1.5,r=0.04,w=0.25; a=1,lw=0.5,r=0.025,w=0.25; a=1,lw=1.5,r=0.015,w=0.25"
five_level_weak_anharmonic,continuation_target05_leak15,0.03,combined,0.001,0.0005,51,0.929701782607739,0.005196960494113112,0.05718216914233398,0.06157202207509613,0.9470907405619905,0.002774531877997316,120,106.33695179899223,0.3628400368267913,1956,False,"low-leak seed, target 0.5 then leak 1.5","a=0.8,lw=1.5,r=0.04,w=0.25; a=1,lw=0.5,r=0.025,w=0.25; a=1,lw=1.5,r=0.015,w=0.25"
five_level_weak_anharmonic,continuation_target05_leak15,0.03,combined,0.001,0.0005,52,0.9124702473646583,0.0034056249407468098,0.059591908082204936,0.0659648612517643,0.9468792862469081,0.002774531877997316,120,106.33695179899223,0.3628400368267913,1956,False,"low-leak seed, target 0.5 then leak 1.5","a=0.8,lw=1.5,r=0.04,w=0.25; a=1,lw=0.5,r=0.025,w=0.25; a=1,lw=1.5,r=0.015,w=0.25"
five_level_weak_anharmonic,continuation_target05_leak15,0.03,combined,0.001,0.0005,53,0.8569788712298989,0.002754569188000655,0.0613108543241655,0.14527235320474016,0.9502353870960641,0.002774531877997316,120,106.33695179899223,0.3628400368267913,1956,False,"low-leak seed, target 0.5 then leak 1.5","a=0.8,lw=1.5,r=0.04,w=0.25; a=1,lw=0.5,r=0.025,w=0.25; a=1,lw=1.5,r=0.015,w=0.25"
five_level_weak_anharmonic,continuation_target05_leak15,0.03,combined,0.001,0.0005,54,0.909209406339707,0.0023339732914973155,0.05975808728715282,0.09251189088062674,0.9495214110932559,0.002774531877997316,120,106.33695179899223,0.3628400368267913,1956,False,"low-leak seed, target 0.5 then leak 1.5","a=0.8,lw=1.5,r=0.04,w=0.25; a=1,lw=0.5,r=0.025,w=0.25; a=1,lw=1.5,r=0.015,w=0.25"
five_level_weak_anharmonic,continuation_target05_leak15,0.03,combined,0.001,0.0005,55,0.8557513969047216,0.0048354279944993195,0.058561789032544276,0.13960172608581803,0.9513364343364551,0.002774531877997316,120,106.33695179899223,0.3628400368267913,1956,False,"low-leak seed, target 0.5 then leak 1.5","a=0.8,lw=1.5,r=0.04,w=0.25; a=1,lw=0.5,r=0.025,w=0.25; a=1,lw=1.5,r=0.015,w=0.25"
five_level_weak_anharmonic,continuation_target05_leak15,0.03,combined,0.001,0.0005,56,0.9435356393309013,0.002324904013754847,0.060653924851179486,0.05550132738131579,0.9481733097527874,0.002774531877997316,120,106.33695179899223,0.3628400368267913,1956,False,"low-leak seed, target 0.5 then leak 1.5","a=0.8,lw=1.5,r=0.04,w=0.25; a=1,lw=0.5,r=0.025,w=0.25; a=1,lw=1.5,r=0.015,w=0.25"
five_level_weak_anharmonic,continuation_target05_leak15,0.03,combined,0.001,0.0005,57,0.8427145639213082,0.008203733316817896,0.06982062747408835,0.15030745217536082,0.9487858678801784,0.002774531877997316,120,106.33695179899223,0.3628400368267913,1956,False,"low-leak seed, target 0.5 then leak 1.5","a=0.8,lw=1.5,r=0.04,w=0.25; a=1,lw=0.5,r=0.025,w=0.25; a=1,lw=1.5,r=0.015,w=0.25"
five_level_weak_anharmonic,continuation_target05_leak15,0.03,combined,0.001,0.0005,58,0.9668544727787142,0.004924042025841957,0.042231566529339126,0.0325930175308461,0.9485996089719385,0.002774531877997316,120,106.33695179899223,0.3628400368267913,1956,False,"low-leak seed, target 0.5 then leak 1.5","a=0.8,lw=1.5,r=0.04,w=0.25; a=1,lw=0.5,r=0.025,w=0.25; a=1,lw=1.5,r=0.015,w=0.25"
five_level_weak_anharmonic,continuation_target05_leak15,0.03,combined,0.001,0.0005,59,0.9178196743909298,0.005707492810614556,0.06401676699773517,0.0637703038646069,0.9464490161450633,0.002774531877997316,120,106.33695179899223,0.3628400368267913,1956,False,"low-leak seed, target 0.5 then leak 1.5","a=0.8,lw=1.5,r=0.04,w=0.25; a=1,lw=0.5,r=0.025,w=0.25; a=1,lw=1.5,r=0.015,w=0.25"
five_level_weak_anharmonic,continuation_robust_leak12,0.03,static_only,0.0,0.0,10,0.897969750960958,0.0029938712274935053,0.05527799735713723,0.053195885920526535,0.9999972152604568,0.003039148829038597,120,106.90225073113106,0.4223374940163891,1946,False,"low-leak seed, robust target 0.8 then leak 1.2","a=0.8,lw=1.5,r=0.04,w=0.25; a=1,lw=0.8,r=0.025,w=0.5; a=1,lw=1.2,r=0.015,w=0.5"
five_level_weak_anharmonic,continuation_robust_leak12,0.03,static_only,0.0,0.0,11,0.9222502669491588,0.004535841305344679,0.05996916635567073,0.06246082825314746,0.9999967056110898,0.003039148829038597,120,106.90225073113106,0.4223374940163891,1946,False,"low-leak seed, robust target 0.8 then leak 1.2","a=0.8,lw=1.5,r=0.04,w=0.25; a=1,lw=0.8,r=0.025,w=0.5; a=1,lw=1.2,r=0.015,w=0.5"
five_level_weak_anharmonic,continuation_robust_leak12,0.03,static_only,0.0,0.0,12,0.9052333412031675,0.0010338230269220094,0.04395531074624737,0.07630984215661755,0.9999969631936793,0.003039148829038597,120,106.90225073113106,0.4223374940163891,1946,False,"low-leak seed, robust target 0.8 then leak 1.2","a=0.8,lw=1.5,r=0.04,w=0.25; a=1,lw=0.8,r=0.025,w=0.5; a=1,lw=1.2,r=0.015,w=0.5"
five_level_weak_anharmonic,continuation_robust_leak12,0.03,static_only,0.0,0.0,13,0.7786852198522335,0.0026104377248303834,0.05289202561281792,0.22550351685592843,0.9999975910765976,0.003039148829038597,120,106.90225073113106,0.4223374940163891,1946,False,"low-leak seed, robust target 0.8 then leak 1.2","a=0.8,lw=1.5,r=0.04,w=0.25; a=1,lw=0.8,r=0.025,w=0.5; a=1,lw=1.2,r=0.015,w=0.5"
five_level_weak_anharmonic,continuation_robust_leak12,0.03,static_only,0.0,0.0,14,0.8699735320444746,0.0032082290543806735,0.0515867864237296,0.1300353424032817,0.9999973835289626,0.003039148829038597,120,106.90225073113106,0.4223374940163891,1946,False,"low-leak seed, robust target 0.8 then leak 1.2","a=0.8,lw=1.5,r=0.04,w=0.25; a=1,lw=0.8,r=0.025,w=0.5; a=1,lw=1.2,r=0.015,w=0.5"
five_level_weak_anharmonic,continuation_robust_leak12,0.03,static_only,0.0,0.0,15,0.9943572968320762,0.0017829203852871567,0.06065677804971059,0.007387327037555735,0.9999971230942821,0.003039148829038597,120,106.90225073113106,0.4223374940163891,1946,False,"low-leak seed, robust target 0.8 then leak 1.2","a=0.8,lw=1.5,r=0.04,w=0.25; a=1,lw=0.8,r=0.025,w=0.5; a=1,lw=1.2,r=0.015,w=0.5"
five_level_weak_anharmonic,continuation_robust_leak12,0.03,static_only,0.0,0.0,16,0.9648461836459096,0.003284551695323157,0.06541902154986512,0.022350415838646304,0.9999969310246909,0.003039148829038597,120,106.90225073113106,0.4223374940163891,1946,False,"low-leak seed, robust target 0.8 then leak 1.2","a=0.8,lw=1.5,r=0.04,w=0.25; a=1,lw=0.8,r=0.025,w=0.5; a=1,lw=1.2,r=0.015,w=0.5"
five_level_weak_anharmonic,continuation_robust_leak12,0.03,static_only,0.0,0.0,17,0.9189136922668265,0.002658407038764854,0.048258012097301184,0.07120019583210743,0.999997882539432,0.003039148829038597,120,106.90225073113106,0.4223374940163891,1946,False,"low-leak seed, robust target 0.8 then leak 1.2","a=0.8,lw=1.5,r=0.04,w=0.25; a=1,lw=0.8,r=0.025,w=0.5; a=1,lw=1.2,r=0.015,w=0.5"
five_level_weak_anharmonic,continuation_robust_leak12,0.03,static_only,0.0,0.0,18,0.9837361861147508,0.0024485914117279295,0.05121235536939217,0.019391215086848948,0.999997448373351,0.003039148829038597,120,106.90225073113106,0.4223374940163891,1946,False,"low-leak seed, robust target 0.8 then leak 1.2","a=0.8,lw=1.5,r=0.04,w=0.25; a=1,lw=0.8,r=0.025,w=0.5; a=1,lw=1.2,r=0.015,w=0.5"
five_level_weak_anharmonic,continuation_robust_leak12,0.03,static_only,0.0,0.0,19,0.9106767606330322,0.0044866853655651795,0.048557736818739206,0.06723500305040195,0.9999969944795539,0.003039148829038597,120,106.90225073113106,0.4223374940163891,1946,False,"low-leak seed, robust target 0.8 then leak 1.2","a=0.8,lw=1.5,r=0.04,w=0.25; a=1,lw=0.8,r=0.025,w=0.5; a=1,lw=1.2,r=0.015,w=0.5"
five_level_weak_anharmonic,continuation_robust_leak12,0.03,static_only,0.0,0.0,20,0.8697544778416738,0.004798004548902002,0.05401431491008657,0.09018611502976848,0.9999972727093617,0.003039148829038597,120,106.90225073113106,0.4223374940163891,1946,False,"low-leak seed, robust target 0.8 then leak 1.2","a=0.8,lw=1.5,r=0.04,w=0.25; a=1,lw=0.8,r=0.025,w=0.5; a=1,lw=1.2,r=0.015,w=0.5"
five_level_weak_anharmonic,continuation_robust_leak12,0.03,static_only,0.0,0.0,21,0.9501563874113497,0.006872948048639582,0.043064504024986405,0.027704731846708523,0.9999973067759834,0.003039148829038597,120,106.90225073113106,0.4223374940163891,1946,False,"low-leak seed, robust target 0.8 then leak 1.2","a=0.8,lw=1.5,r=0.04,w=0.25; a=1,lw=0.8,r=0.025,w=0.5; a=1,lw=1.2,r=0.015,w=0.5"
five_level_weak_anharmonic,continuation_robust_leak12,0.03,static_only,0.0,0.0,22,0.933127801285591,0.004378543937495927,0.05485276358807134,0.043164270200639246,0.9999968400735804,0.003039148829038597,120,106.90225073113106,0.4223374940163891,1946,False,"low-leak seed, robust target 0.8 then leak 1.2","a=0.8,lw=1.5,r=0.04,w=0.25; a=1,lw=0.8,r=0.025,w=0.5; a=1,lw=1.2,r=0.015,w=0.5"
five_level_weak_anharmonic,continuation_robust_leak12,0.03,static_only,0.0,0.0,23,0.9877553689308384,0.0029815961633817833,0.04788434546867282,0.009287899807014593,0.9999973348124735,0.003039148829038597,120,106.90225073113106,0.4223374940163891,1946,False,"low-leak seed, robust target 0.8 then leak 1.2","a=0.8,lw=1.5,r=0.04,w=0.25; a=1,lw=0.8,r=0.025,w=0.5; a=1,lw=1.2,r=0.015,w=0.5"
five_level_weak_anharmonic,continuation_robust_leak12,0.03,static_only,0.0,0.0,24,0.9681025308643193,0.004026782704987464,0.04615166406009186,0.04277393131582148,0.9999975683061446,0.003039148829038597,120,106.90225073113106,0.4223374940163891,1946,False,"low-leak seed, robust target 0.8 then leak 1.2","a=0.8,lw=1.5,r=0.04,w=0.25; a=1,lw=0.8,r=0.025,w=0.5; a=1,lw=1.2,r=0.015,w=0.5"
five_level_weak_anharmonic,continuation_robust_leak12,0.03,static_only,0.0,0.0,25,0.9607886223182448,0.004486200356919268,0.05098820901642487,0.04821011764367253,0.9999972489665561,0.003039148829038597,120,106.90225073113106,0.4223374940163891,1946,False,"low-leak seed, robust target 0.8 then leak 1.2","a=0.8,lw=1.5,r=0.04,w=0.25; a=1,lw=0.8,r=0.025,w=0.5; a=1,lw=1.2,r=0.015,w=0.5"
five_level_weak_anharmonic,continuation_robust_leak12,0.03,static_only,0.0,0.0,26,0.9980197231789091,0.0016793922348261603,0.057984337382019135,0.00549994280277569,0.9999973127597968,0.003039148829038597,120,106.90225073113106,0.4223374940163891,1946,False,"low-leak seed, robust target 0.8 then leak 1.2","a=0.8,lw=1.5,r=0.04,w=0.25; a=1,lw=0.8,r=0.025,w=0.5; a=1,lw=1.2,r=0.015,w=0.5"
five_level_weak_anharmonic,continuation_robust_leak12,0.03,static_only,0.0,0.0,27,0.9587345848832047,0.002133486395433426,0.048062499713889206,0.05460435597965949,0.9999978697117142,0.003039148829038597,120,106.90225073113106,0.4223374940163891,1946,False,"low-leak seed, robust target 0.8 then leak 1.2","a=0.8,lw=1.5,r=0.04,w=0.25; a=1,lw=0.8,r=0.025,w=0.5; a=1,lw=1.2,r=0.015,w=0.5"
five_level_weak_anharmonic,continuation_robust_leak12,0.03,static_only,0.0,0.0,28,0.9263439886184196,0.003925194181125136,0.06135215634619651,0.04421131203398957,0.9999969875057025,0.003039148829038597,120,106.90225073113106,0.4223374940163891,1946,False,"low-leak seed, robust target 0.8 then leak 1.2","a=0.8,lw=1.5,r=0.04,w=0.25; a=1,lw=0.8,r=0.025,w=0.5; a=1,lw=1.2,r=0.015,w=0.5"
five_level_weak_anharmonic,continuation_robust_leak12,0.03,static_only,0.0,0.0,29,0.9741832669157202,0.0012100051686445568,0.04522174528196565,0.012074535172723624,0.9999974066441867,0.003039148829038597,120,106.90225073113106,0.4223374940163891,1946,False,"low-leak seed, robust target 0.8 then leak 1.2","a=0.8,lw=1.5,r=0.04,w=0.25; a=1,lw=0.8,r=0.025,w=0.5; a=1,lw=1.2,r=0.015,w=0.5"
five_level_weak_anharmonic,continuation_robust_leak12,0.03,static_only,0.0,0.0,30,0.9648147114217352,0.003609438904272788,0.04919282726530505,0.05313900357342529,0.9999976384402918,0.003039148829038597,120,106.90225073113106,0.4223374940163891,1946,False,"low-leak seed, robust target 0.8 then leak 1.2","a=0.8,lw=1.5,r=0.04,w=0.25; a=1,lw=0.8,r=0.025,w=0.5; a=1,lw=1.2,r=0.015,w=0.5"
five_level_weak_anharmonic,continuation_robust_leak12,0.03,static_only,0.0,0.0,31,0.9207915310699142,0.006520116411822041,0.07056762376142522,0.05823069251154861,0.9999969090581207,0.003039148829038597,120,106.90225073113106,0.4223374940163891,1946,False,"low-leak seed, robust target 0.8 then leak 1.2","a=0.8,lw=1.5,r=0.04,w=0.25; a=1,lw=0.8,r=0.025,w=0.5; a=1,lw=1.2,r=0.015,w=0.5"
five_level_weak_anharmonic,continuation_robust_leak12,0.03,static_only,0.0,0.0,32,0.9615515717698293,0.0036193049058704796,0.05421944625472974,0.032666765596515095,0.9999967458747098,0.003039148829038597,120,106.90225073113106,0.4223374940163891,1946,False,"low-leak seed, robust target 0.8 then leak 1.2","a=0.8,lw=1.5,r=0.04,w=0.25; a=1,lw=0.8,r=0.025,w=0.5; a=1,lw=1.2,r=0.015,w=0.5"
five_level_weak_anharmonic,continuation_robust_leak12,0.03,static_only,0.0,0.0,33,0.9748091524866597,0.004557181261522714,0.052652028876399415,0.04407016148406615,0.9999976948106053,0.003039148829038597,120,106.90225073113106,0.4223374940163891,1946,False,"low-leak seed, robust target 0.8 then leak 1.2","a=0.8,lw=1.5,r=0.04,w=0.25; a=1,lw=0.8,r=0.025,w=0.5; a=1,lw=1.2,r=0.015,w=0.5"
five_level_weak_anharmonic,continuation_robust_leak12,0.03,static_only,0.0,0.0,34,0.9864553447474592,0.003122927463906744,0.06501233375625959,0.02370825186854037,0.9999973149751532,0.003039148829038597,120,106.90225073113106,0.4223374940163891,1946,False,"low-leak seed, robust target 0.8 then leak 1.2","a=0.8,lw=1.5,r=0.04,w=0.25; a=1,lw=0.8,r=0.025,w=0.5; a=1,lw=1.2,r=0.015,w=0.5"
five_level_weak_anharmonic,continuation_robust_leak12,0.03,static_only,0.0,0.0,35,0.8742811128800569,0.004414841335193986,0.06545253541454565,0.08456342843750977,0.9999972906245838,0.003039148829038597,120,106.90225073113106,0.4223374940163891,1946,False,"low-leak seed, robust target 0.8 then leak 1.2","a=0.8,lw=1.5,r=0.04,w=0.25; a=1,lw=0.8,r=0.025,w=0.5; a=1,lw=1.2,r=0.015,w=0.5"
five_level_weak_anharmonic,continuation_robust_leak12,0.03,static_only,0.0,0.0,36,0.9873058578974251,0.0043136884639087825,0.05511106237637775,0.009456788750574905,0.9999973152526355,0.003039148829038597,120,106.90225073113106,0.4223374940163891,1946,False,"low-leak seed, robust target 0.8 then leak 1.2","a=0.8,lw=1.5,r=0.04,w=0.25; a=1,lw=0.8,r=0.025,w=0.5; a=1,lw=1.2,r=0.015,w=0.5"
five_level_weak_anharmonic,continuation_robust_leak12,0.03,static_only,0.0,0.0,37,0.8292831082855607,0.00178302818780951,0.040329570145192895,0.16164172754381909,0.9999980059171657,0.003039148829038597,120,106.90225073113106,0.4223374940163891,1946,False,"low-leak seed, robust target 0.8 then leak 1.2","a=0.8,lw=1.5,r=0.04,w=0.25; a=1,lw=0.8,r=0.025,w=0.5; a=1,lw=1.2,r=0.015,w=0.5"
five_level_weak_anharmonic,continuation_robust_leak12,0.03,static_only,0.0,0.0,38,0.9295013430933522,0.005004230378840235,0.04302193786663011,0.09254329436760195,0.9999978348172452,0.003039148829038597,120,106.90225073113106,0.4223374940163891,1946,False,"low-leak seed, robust target 0.8 then leak 1.2","a=0.8,lw=1.5,r=0.04,w=0.25; a=1,lw=0.8,r=0.025,w=0.5; a=1,lw=1.2,r=0.015,w=0.5"
five_level_weak_anharmonic,continuation_robust_leak12,0.03,static_only,0.0,0.0,39,0.9872128417434818,0.002076779441393173,0.060002597261504476,0.017331277626874683,0.9999971481286738,0.003039148829038597,120,106.90225073113106,0.4223374940163891,1946,False,"low-leak seed, robust target 0.8 then leak 1.2","a=0.8,lw=1.5,r=0.04,w=0.25; a=1,lw=0.8,r=0.025,w=0.5; a=1,lw=1.2,r=0.015,w=0.5"
five_level_weak_anharmonic,continuation_robust_leak12,0.03,static_only,0.0,0.0,40,0.9825733791986327,0.0014966256642231501,0.047734226623586395,0.008407750958597386,0.9999970389395432,0.003039148829038597,120,106.90225073113106,0.4223374940163891,1946,False,"low-leak seed, robust target 0.8 then leak 1.2","a=0.8,lw=1.5,r=0.04,w=0.25; a=1,lw=0.8,r=0.025,w=0.5; a=1,lw=1.2,r=0.015,w=0.5"
five_level_weak_anharmonic,continuation_robust_leak12,0.03,static_only,0.0,0.0,41,0.9117026104910146,0.0052974568321561,0.04854341857399458,0.06014275241090848,0.999997009093256,0.003039148829038597,120,106.90225073113106,0.4223374940163891,1946,False,"low-leak seed, robust target 0.8 then leak 1.2","a=0.8,lw=1.5,r=0.04,w=0.25; a=1,lw=0.8,r=0.025,w=0.5; a=1,lw=1.2,r=0.015,w=0.5"
five_level_weak_anharmonic,continuation_robust_leak12,0.03,static_only,0.0,0.0,42,0.9818670442557532,0.003613843702377717,0.05349133577639975,0.012697793597902192,0.9999972129706514,0.003039148829038597,120,106.90225073113106,0.4223374940163891,1946,False,"low-leak seed, robust target 0.8 then leak 1.2","a=0.8,lw=1.5,r=0.04,w=0.25; a=1,lw=0.8,r=0.025,w=0.5; a=1,lw=1.2,r=0.015,w=0.5"
five_level_weak_anharmonic,continuation_robust_leak12,0.03,static_only,0.0,0.0,43,0.9727975709657968,0.003122866165296889,0.04316719272203606,0.033361726638605066,0.9999974976617019,0.003039148829038597,120,106.90225073113106,0.4223374940163891,1946,False,"low-leak seed, robust target 0.8 then leak 1.2","a=0.8,lw=1.5,r=0.04,w=0.25; a=1,lw=0.8,r=0.025,w=0.5; a=1,lw=1.2,r=0.015,w=0.5"
five_level_weak_anharmonic,continuation_robust_leak12,0.03,static_only,0.0,0.0,44,0.940758580868901,0.0016578393613227993,0.04347353596900039,0.06491928750523751,0.9999977121538761,0.003039148829038597,120,106.90225073113106,0.4223374940163891,1946,False,"low-leak seed, robust target 0.8 then leak 1.2","a=0.8,lw=1.5,r=0.04,w=0.25; a=1,lw=0.8,r=0.025,w=0.5; a=1,lw=1.2,r=0.015,w=0.5"
five_level_weak_anharmonic,continuation_robust_leak12,0.03,static_only,0.0,0.0,45,0.9938041410121509,0.0025843086119381464,0.06421994708694867,0.011690636895851538,0.9999973679023569,0.003039148829038597,120,106.90225073113106,0.4223374940163891,1946,False,"low-leak seed, robust target 0.8 then leak 1.2","a=0.8,lw=1.5,r=0.04,w=0.25; a=1,lw=0.8,r=0.025,w=0.5; a=1,lw=1.2,r=0.015,w=0.5"
five_level_weak_anharmonic,continuation_robust_leak12,0.03,static_only,0.0,0.0,46,0.9708851170518915,0.005199826602357738,0.04527455773769784,0.021081557242246432,0.999997005249461,0.003039148829038597,120,106.90225073113106,0.4223374940163891,1946,False,"low-leak seed, robust target 0.8 then leak 1.2","a=0.8,lw=1.5,r=0.04,w=0.25; a=1,lw=0.8,r=0.025,w=0.5; a=1,lw=1.2,r=0.015,w=0.5"
five_level_weak_anharmonic,continuation_robust_leak12,0.03,static_only,0.0,0.0,47,0.9530428939762802,0.007350555466864472,0.04409177527203456,0.027548202262000724,0.9999972815270576,0.003039148829038597,120,106.90225073113106,0.4223374940163891,1946,False,"low-leak seed, robust target 0.8 then leak 1.2","a=0.8,lw=1.5,r=0.04,w=0.25; a=1,lw=0.8,r=0.025,w=0.5; a=1,lw=1.2,r=0.015,w=0.5"
five_level_weak_anharmonic,continuation_robust_leak12,0.03,static_only,0.0,0.0,48,0.909516536405968,0.0038615100100123367,0.05419246296451863,0.082996443193562,0.9999963302470499,0.003039148829038597,120,106.90225073113106,0.4223374940163891,1946,False,"low-leak seed, robust target 0.8 then leak 1.2","a=0.8,lw=1.5,r=0.04,w=0.25; a=1,lw=0.8,r=0.025,w=0.5; a=1,lw=1.2,r=0.015,w=0.5"
five_level_weak_anharmonic,continuation_robust_leak12,0.03,static_only,0.0,0.0,49,0.9788660690960541,0.004458654388345806,0.05690984443678637,0.012461069789610257,0.9999973405713013,0.003039148829038597,120,106.90225073113106,0.4223374940163891,1946,False,"low-leak seed, robust target 0.8 then leak 1.2","a=0.8,lw=1.5,r=0.04,w=0.25; a=1,lw=0.8,r=0.025,w=0.5; a=1,lw=1.2,r=0.015,w=0.5"
five_level_weak_anharmonic,continuation_robust_leak12,0.03,static_only,0.0,0.0,50,0.9700950110724292,0.002785229881925866,0.05982437855738221,0.039977360217262184,0.9999977728184786,0.003039148829038597,120,106.90225073113106,0.4223374940163891,1946,False,"low-leak seed, robust target 0.8 then leak 1.2","a=0.8,lw=1.5,r=0.04,w=0.25; a=1,lw=0.8,r=0.025,w=0.5; a=1,lw=1.2,r=0.015,w=0.5"
five_level_weak_anharmonic,continuation_robust_leak12,0.03,static_only,0.0,0.0,51,0.9523529768215309,0.0042471175665048655,0.05458709510579396,0.029865900442486083,0.9999971379660083,0.003039148829038597,120,106.90225073113106,0.4223374940163891,1946,False,"low-leak seed, robust target 0.8 then leak 1.2","a=0.8,lw=1.5,r=0.04,w=0.25; a=1,lw=0.8,r=0.025,w=0.5; a=1,lw=1.2,r=0.015,w=0.5"
five_level_weak_anharmonic,continuation_robust_leak12,0.03,static_only,0.0,0.0,52,0.9320786667367061,0.003048382699308183,0.05272324351112778,0.046263511884313664,0.9999969812652395,0.003039148829038597,120,106.90225073113106,0.4223374940163891,1946,False,"low-leak seed, robust target 0.8 then leak 1.2","a=0.8,lw=1.5,r=0.04,w=0.25; a=1,lw=0.8,r=0.025,w=0.5; a=1,lw=1.2,r=0.015,w=0.5"
five_level_weak_anharmonic,continuation_robust_leak12,0.03,static_only,0.0,0.0,53,0.912479455472512,0.002261992253264733,0.05432713728549121,0.09766344680594001,0.999997166470262,0.003039148829038597,120,106.90225073113106,0.4223374940163891,1946,False,"low-leak seed, robust target 0.8 then leak 1.2","a=0.8,lw=1.5,r=0.04,w=0.25; a=1,lw=0.8,r=0.025,w=0.5; a=1,lw=1.2,r=0.015,w=0.5"
five_level_weak_anharmonic,continuation_robust_leak12,0.03,static_only,0.0,0.0,54,0.9512190433765305,0.001951172912196264,0.05722584688088661,0.05647373045863269,0.9999972374821611,0.003039148829038597,120,106.90225073113106,0.4223374940163891,1946,False,"low-leak seed, robust target 0.8 then leak 1.2","a=0.8,lw=1.5,r=0.04,w=0.25; a=1,lw=0.8,r=0.025,w=0.5; a=1,lw=1.2,r=0.015,w=0.5"
five_level_weak_anharmonic,continuation_robust_leak12,0.03,static_only,0.0,0.0,55,0.9142563671573136,0.00465669382314382,0.06211133163065097,0.08638064333245414,0.9999975323752942,0.003039148829038597,120,106.90225073113106,0.4223374940163891,1946,False,"low-leak seed, robust target 0.8 then leak 1.2","a=0.8,lw=1.5,r=0.04,w=0.25; a=1,lw=0.8,r=0.025,w=0.5; a=1,lw=1.2,r=0.015,w=0.5"
five_level_weak_anharmonic,continuation_robust_leak12,0.03,static_only,0.0,0.0,56,0.9690958542897813,0.002049089650673852,0.05336108385778271,0.03550134867379412,0.999997026369631,0.003039148829038597,120,106.90225073113106,0.4223374940163891,1946,False,"low-leak seed, robust target 0.8 then leak 1.2","a=0.8,lw=1.5,r=0.04,w=0.25; a=1,lw=0.8,r=0.025,w=0.5; a=1,lw=1.2,r=0.015,w=0.5"
five_level_weak_anharmonic,continuation_robust_leak12,0.03,static_only,0.0,0.0,57,0.8945305410342259,0.006371807861834666,0.06995690189157922,0.08739670772751303,0.9999975543029666,0.003039148829038597,120,106.90225073113106,0.4223374940163891,1946,False,"low-leak seed, robust target 0.8 then leak 1.2","a=0.8,lw=1.5,r=0.04,w=0.25; a=1,lw=0.8,r=0.025,w=0.5; a=1,lw=1.2,r=0.015,w=0.5"
five_level_weak_anharmonic,continuation_robust_leak12,0.03,static_only,0.0,0.0,58,0.9944303387824908,0.0051685231299793966,0.0419151343036126,0.004385666678845443,0.9999974961135022,0.003039148829038597,120,106.90225073113106,0.4223374940163891,1946,False,"low-leak seed, robust target 0.8 then leak 1.2","a=0.8,lw=1.5,r=0.04,w=0.25; a=1,lw=0.8,r=0.025,w=0.5; a=1,lw=1.2,r=0.015,w=0.5"
five_level_weak_anharmonic,continuation_robust_leak12,0.03,static_only,0.0,0.0,59,0.9436956866114401,0.005120098420924757,0.06648357690345152,0.04782271899590951,0.9999965438481874,0.003039148829038597,120,106.90225073113106,0.4223374940163891,1946,False,"low-leak seed, robust target 0.8 then leak 1.2","a=0.8,lw=1.5,r=0.04,w=0.25; a=1,lw=0.8,r=0.025,w=0.5; a=1,lw=1.2,r=0.015,w=0.5"
five_level_weak_anharmonic,continuation_robust_leak12,0.03,deph_0.001,0.001,0.0,10,0.8923549679827132,0.0038865675641899244,0.0557151687236781,0.05935216824202929,0.9861660522318398,0.003039148829038597,120,106.90225073113106,0.4223374940163891,1946,False,"low-leak seed, robust target 0.8 then leak 1.2","a=0.8,lw=1.5,r=0.04,w=0.25; a=1,lw=0.8,r=0.025,w=0.5; a=1,lw=1.2,r=0.015,w=0.5"
five_level_weak_anharmonic,continuation_robust_leak12,0.03,deph_0.001,0.001,0.0,11,0.9171904261510461,0.0055113906759348685,0.06039287411481564,0.06760679121092168,0.9878968285421216,0.003039148829038597,120,106.90225073113106,0.4223374940163891,1946,False,"low-leak seed, robust target 0.8 then leak 1.2","a=0.8,lw=1.5,r=0.04,w=0.25; a=1,lw=0.8,r=0.025,w=0.5; a=1,lw=1.2,r=0.015,w=0.5"
five_level_weak_anharmonic,continuation_robust_leak12,0.03,deph_0.001,0.001,0.0,12,0.9018270165732656,0.0018368662933856417,0.044427903883713205,0.08012234004549322,0.9872230249274742,0.003039148829038597,120,106.90225073113106,0.4223374940163891,1946,False,"low-leak seed, robust target 0.8 then leak 1.2","a=0.8,lw=1.5,r=0.04,w=0.25; a=1,lw=0.8,r=0.025,w=0.5; a=1,lw=1.2,r=0.015,w=0.5"
five_level_weak_anharmonic,continuation_robust_leak12,0.03,deph_0.001,0.001,0.0,13,0.7747503933906338,0.0032773637020625523,0.053335286627972156,0.2291003363991064,0.9747271898143661,0.003039148829038597,120,106.90225073113106,0.4223374940163891,1946,False,"low-leak seed, robust target 0.8 then leak 1.2","a=0.8,lw=1.5,r=0.04,w=0.25; a=1,lw=0.8,r=0.025,w=0.5; a=1,lw=1.2,r=0.015,w=0.5"
five_level_weak_anharmonic,continuation_robust_leak12,0.03,deph_0.001,0.001,0.0,14,0.8644686382708532,0.003880098594925885,0.05152815639251407,0.13502887541032185,0.9797963869425624,0.003039148829038597,120,106.90225073113106,0.4223374940163891,1946,False,"low-leak seed, robust target 0.8 then leak 1.2","a=0.8,lw=1.5,r=0.04,w=0.25; a=1,lw=0.8,r=0.025,w=0.5; a=1,lw=1.2,r=0.015,w=0.5"
five_level_weak_anharmonic,continuation_robust_leak12,0.03,deph_0.001,0.001,0.0,15,0.9878517624580602,0.0028334618361458563,0.06108737102560935,0.01380507326660454,0.9858026045275948,0.003039148829038597,120,106.90225073113106,0.4223374940163891,1946,False,"low-leak seed, robust target 0.8 then leak 1.2","a=0.8,lw=1.5,r=0.04,w=0.25; a=1,lw=0.8,r=0.025,w=0.5; a=1,lw=1.2,r=0.015,w=0.5"
five_level_weak_anharmonic,continuation_robust_leak12,0.03,deph_0.001,0.001,0.0,16,0.9592006486138807,0.004332104009229676,0.06583547320368255,0.028146736635148405,0.9880229967746293,0.003039148829038597,120,106.90225073113106,0.4223374940163891,1946,False,"low-leak seed, robust target 0.8 then leak 1.2","a=0.8,lw=1.5,r=0.04,w=0.25; a=1,lw=0.8,r=0.025,w=0.5; a=1,lw=1.2,r=0.015,w=0.5"
five_level_weak_anharmonic,continuation_robust_leak12,0.03,deph_0.001,0.001,0.0,17,0.9134719950896983,0.0033959615665686282,0.0486664052993504,0.07674851404531229,0.9813833296563677,0.003039148829038597,120,106.90225073113106,0.4223374940163891,1946,False,"low-leak seed, robust target 0.8 then leak 1.2","a=0.8,lw=1.5,r=0.04,w=0.25; a=1,lw=0.8,r=0.025,w=0.5; a=1,lw=1.2,r=0.015,w=0.5"
five_level_weak_anharmonic,continuation_robust_leak12,0.03,deph_0.001,0.001,0.0,18,0.9769260114377213,0.003291688345097521,0.0516279536765345,0.0259332438599469,0.9839881430565709,0.003039148829038597,120,106.90225073113106,0.4223374940163891,1946,False,"low-leak seed, robust target 0.8 then leak 1.2","a=0.8,lw=1.5,r=0.04,w=0.25; a=1,lw=0.8,r=0.025,w=0.5; a=1,lw=1.2,r=0.015,w=0.5"
five_level_weak_anharmonic,continuation_robust_leak12,0.03,deph_0.001,0.001,0.0,19,0.9069847173630802,0.005372863152510843,0.048509196468176974,0.07132154165286186,0.9879811543481065,0.003039148829038597,120,106.90225073113106,0.4223374940163891,1946,False,"low-leak seed, robust target 0.8 then leak 1.2","a=0.8,lw=1.5,r=0.04,w=0.25; a=1,lw=0.8,r=0.025,w=0.5; a=1,lw=1.2,r=0.015,w=0.5"
five_level_weak_anharmonic,continuation_robust_leak12,0.03,deph_0.001,0.001,0.0,20,0.8662852318358556,0.00579207238455326,0.05441581298053655,0.09449398998414515,0.9852612018915592,0.003039148829038597,120,106.90225073113106,0.4223374940163891,1946,False,"low-leak seed, robust target 0.8 then leak 1.2","a=0.8,lw=1.5,r=0.04,w=0.25; a=1,lw=0.8,r=0.025,w=0.5; a=1,lw=1.2,r=0.015,w=0.5"
five_level_weak_anharmonic,continuation_robust_leak12,0.03,deph_0.001,0.001,0.0,21,0.9452570559746272,0.007557590182484808,0.04302328280214929,0.03298329632968464,0.9880634548167581,0.003039148829038597,120,106.90225073113106,0.4223374940163891,1946,False,"low-leak seed, robust target 0.8 then leak 1.2","a=0.8,lw=1.5,r=0.04,w=0.25; a=1,lw=0.8,r=0.025,w=0.5; a=1,lw=1.2,r=0.015,w=0.5"
five_level_weak_anharmonic,continuation_robust_leak12,0.03,deph_0.001,0.001,0.0,22,0.9277121046547948,0.005348264489403398,0.05479439603421865,0.04873541936993625,0.9880284518080545,0.003039148829038597,120,106.90225073113106,0.4223374940163891,1946,False,"low-leak seed, robust target 0.8 then leak 1.2","a=0.8,lw=1.5,r=0.04,w=0.25; a=1,lw=0.8,r=0.025,w=0.5; a=1,lw=1.2,r=0.015,w=0.5"
five_level_weak_anharmonic,continuation_robust_leak12,0.03,deph_0.001,0.001,0.0,23,0.9811452615411022,0.003691085873929967,0.04829278433938344,0.015654933398877854,0.9872449448954186,0.003039148829038597,120,106.90225073113106,0.4223374940163891,1946,False,"low-leak seed, robust target 0.8 then leak 1.2","a=0.8,lw=1.5,r=0.04,w=0.25; a=1,lw=0.8,r=0.025,w=0.5; a=1,lw=1.2,r=0.015,w=0.5"
five_level_weak_anharmonic,continuation_robust_leak12,0.03,deph_0.001,0.001,0.0,24,0.9615233095686059,0.004828795110528472,0.04611821866153987,0.04880644280722702,0.9833430569674491,0.003039148829038597,120,106.90225073113106,0.4223374940163891,1946,False,"low-leak seed, robust target 0.8 then leak 1.2","a=0.8,lw=1.5,r=0.04,w=0.25; a=1,lw=0.8,r=0.025,w=0.5; a=1,lw=1.2,r=0.015,w=0.5"
five_level_weak_anharmonic,continuation_robust_leak12,0.03,deph_0.001,0.001,0.0,25,0.954305586809784,0.0052991424851339675,0.0509297149678265,0.054167148774552275,0.9834853955070839,0.003039148829038597,120,106.90225073113106,0.4223374940163891,1946,False,"low-leak seed, robust target 0.8 then leak 1.2","a=0.8,lw=1.5,r=0.04,w=0.25; a=1,lw=0.8,r=0.025,w=0.5; a=1,lw=1.2,r=0.015,w=0.5"
five_level_weak_anharmonic,continuation_robust_leak12,0.03,deph_0.001,0.001,0.0,26,0.990803864461981,0.002614000525807847,0.05838522015056291,0.012391647597748738,0.9853563851938395,0.003039148829038597,120,106.90225073113106,0.4223374940163891,1946,False,"low-leak seed, robust target 0.8 then leak 1.2","a=0.8,lw=1.5,r=0.04,w=0.25; a=1,lw=0.8,r=0.025,w=0.5; a=1,lw=1.2,r=0.015,w=0.5"
five_level_weak_anharmonic,continuation_robust_leak12,0.03,deph_0.001,0.001,0.0,27,0.9522206577142878,0.0028143531634929886,0.04845452195283251,0.060636696702835155,0.9817056809768705,0.003039148829038597,120,106.90225073113106,0.4223374940163891,1946,False,"low-leak seed, robust target 0.8 then leak 1.2","a=0.8,lw=1.5,r=0.04,w=0.25; a=1,lw=0.8,r=0.025,w=0.5; a=1,lw=1.2,r=0.015,w=0.5"
five_level_weak_anharmonic,continuation_robust_leak12,0.03,deph_0.001,0.001,0.0,28,0.9211545489267277,0.004813427583996166,0.06179798454923113,0.0498259854268302,0.987400594042382,0.003039148829038597,120,106.90225073113106,0.4223374940163891,1946,False,"low-leak seed, robust target 0.8 then leak 1.2","a=0.8,lw=1.5,r=0.04,w=0.25; a=1,lw=0.8,r=0.025,w=0.5; a=1,lw=1.2,r=0.015,w=0.5"
five_level_weak_anharmonic,continuation_robust_leak12,0.03,deph_0.001,0.001,0.0,29,0.9678530182080826,0.0018758453757953264,0.04558407018601174,0.018418913808929717,0.9868113420343017,0.003039148829038597,120,106.90225073113106,0.4223374940163891,1946,False,"low-leak seed, robust target 0.8 then leak 1.2","a=0.8,lw=1.5,r=0.04,w=0.25; a=1,lw=0.8,r=0.025,w=0.5; a=1,lw=1.2,r=0.015,w=0.5"
five_level_weak_anharmonic,continuation_robust_leak12,0.03,deph_0.001,0.001,0.0,30,0.9577896834490924,0.004360525421386208,0.04914160787767541,0.059364294412959866,0.9813655699168455,0.003039148829038597,120,106.90225073113106,0.4223374940163891,1946,False,"low-leak seed, robust target 0.8 then leak 1.2","a=0.8,lw=1.5,r=0.04,w=0.25; a=1,lw=0.8,r=0.025,w=0.5; a=1,lw=1.2,r=0.015,w=0.5"
five_level_weak_anharmonic,continuation_robust_leak12,0.03,deph_0.001,0.001,0.0,31,0.9153229131829174,0.007414518811805104,0.07102163929103378,0.06386104051021975,0.9872372955828551,0.003039148829038597,120,106.90225073113106,0.4223374940163891,1946,False,"low-leak seed, robust target 0.8 then leak 1.2","a=0.8,lw=1.5,r=0.04,w=0.25; a=1,lw=0.8,r=0.025,w=0.5; a=1,lw=1.2,r=0.015,w=0.5"
five_level_weak_anharmonic,continuation_robust_leak12,0.03,deph_0.001,0.001,0.0,32,0.955617083006083,0.0045836416333390195,0.05416753330211521,0.03841808891774356,0.9880313282086913,0.003039148829038597,120,106.90225073113106,0.4223374940163891,1946,False,"low-leak seed, robust target 0.8 then leak 1.2","a=0.8,lw=1.5,r=0.04,w=0.25; a=1,lw=0.8,r=0.025,w=0.5; a=1,lw=1.2,r=0.015,w=0.5"
five_level_weak_anharmonic,continuation_robust_leak12,0.03,deph_0.001,0.001,0.0,33,0.9672850057175807,0.0052996742367802385,0.052585967115212906,0.050770613219825796,0.9812145141980017,0.003039148829038597,120,106.90225073113106,0.4223374940163891,1946,False,"low-leak seed, robust target 0.8 then leak 1.2","a=0.8,lw=1.5,r=0.04,w=0.25; a=1,lw=0.8,r=0.025,w=0.5; a=1,lw=1.2,r=0.015,w=0.5"
five_level_weak_anharmonic,continuation_robust_leak12,0.03,deph_0.001,0.001,0.0,34,0.9789984965644313,0.004135003648499391,0.06543548766595786,0.030686064687899833,0.9837177476233908,0.003039148829038597,120,106.90225073113106,0.4223374940163891,1946,False,"low-leak seed, robust target 0.8 then leak 1.2","a=0.8,lw=1.5,r=0.04,w=0.25; a=1,lw=0.8,r=0.025,w=0.5; a=1,lw=1.2,r=0.015,w=0.5"
five_level_weak_anharmonic,continuation_robust_leak12,0.03,deph_0.001,0.001,0.0,35,0.8704257918941031,0.005467130261182174,0.06585540536305956,0.08936887363353034,0.9837334622478547,0.003039148829038597,120,106.90225073113106,0.4223374940163891,1946,False,"low-leak seed, robust target 0.8 then leak 1.2","a=0.8,lw=1.5,r=0.04,w=0.25; a=1,lw=0.8,r=0.025,w=0.5; a=1,lw=1.2,r=0.015,w=0.5"
five_level_weak_anharmonic,continuation_robust_leak12,0.03,deph_0.001,0.001,0.0,36,0.9812047299252347,0.005027471713980103,0.05553508907984894,0.01548860767977009,0.9879809843902003,0.003039148829038597,120,106.90225073113106,0.4223374940163891,1946,False,"low-leak seed, robust target 0.8 then leak 1.2","a=0.8,lw=1.5,r=0.04,w=0.25; a=1,lw=0.8,r=0.025,w=0.5; a=1,lw=1.2,r=0.015,w=0.5"
five_level_weak_anharmonic,continuation_robust_leak12,0.03,deph_0.001,0.001,0.0,37,0.8243880902425049,0.002487860406110376,0.04070855126877293,0.16652721119610348,0.9766707861839684,0.003039148829038597,120,106.90225073113106,0.4223374940163891,1946,False,"low-leak seed, robust target 0.8 then leak 1.2","a=0.8,lw=1.5,r=0.04,w=0.25; a=1,lw=0.8,r=0.025,w=0.5; a=1,lw=1.2,r=0.015,w=0.5"
five_level_weak_anharmonic,continuation_robust_leak12,0.03,deph_0.001,0.001,0.0,38,0.9228109820690031,0.005571518101748385,0.042981587804595156,0.09825630529029807,0.9796698766000459,0.003039148829038597,120,106.90225073113106,0.4223374940163891,1946,False,"low-leak seed, robust target 0.8 then leak 1.2","a=0.8,lw=1.5,r=0.04,w=0.25; a=1,lw=0.8,r=0.025,w=0.5; a=1,lw=1.2,r=0.015,w=0.5"
five_level_weak_anharmonic,continuation_robust_leak12,0.03,deph_0.001,0.001,0.0,39,0.9806158026246647,0.003083457657115485,0.06045872532329577,0.023604664903637645,0.9862200212706604,0.003039148829038597,120,106.90225073113106,0.4223374940163891,1946,False,"low-leak seed, robust target 0.8 then leak 1.2","a=0.8,lw=1.5,r=0.04,w=0.25; a=1,lw=0.8,r=0.025,w=0.5; a=1,lw=1.2,r=0.015,w=0.5"
five_level_weak_anharmonic,continuation_robust_leak12,0.03,deph_0.001,0.001,0.0,40,0.9763965525564421,0.0023969515857027446,0.04814360317498978,0.014594365993642739,0.9872303210018918,0.003039148829038597,120,106.90225073113106,0.4223374940163891,1946,False,"low-leak seed, robust target 0.8 then leak 1.2","a=0.8,lw=1.5,r=0.04,w=0.25; a=1,lw=0.8,r=0.025,w=0.5; a=1,lw=1.2,r=0.015,w=0.5"
five_level_weak_anharmonic,continuation_robust_leak12,0.03,deph_0.001,0.001,0.0,41,0.9075934323005876,0.006277574088363047,0.048500836103220424,0.06476383269764409,0.9871121714614707,0.003039148829038597,120,106.90225073113106,0.4223374940163891,1946,False,"low-leak seed, robust target 0.8 then leak 1.2","a=0.8,lw=1.5,r=0.04,w=0.25; a=1,lw=0.8,r=0.025,w=0.5; a=1,lw=1.2,r=0.015,w=0.5"
five_level_weak_anharmonic,continuation_robust_leak12,0.03,deph_0.001,0.001,0.0,42,0.9743928807460973,0.0044977658265149545,0.0539070317329573,0.019817010126918288,0.9857195935151131,0.003039148829038597,120,106.90225073113106,0.4223374940163891,1946,False,"low-leak seed, robust target 0.8 then leak 1.2","a=0.8,lw=1.5,r=0.04,w=0.25; a=1,lw=0.8,r=0.025,w=0.5; a=1,lw=1.2,r=0.015,w=0.5"
five_level_weak_anharmonic,continuation_robust_leak12,0.03,deph_0.001,0.001,0.0,43,0.9666888744316467,0.0037864244965708505,0.04350260820071872,0.03912864287117725,0.9853036847344978,0.003039148829038597,120,106.90225073113106,0.4223374940163891,1946,False,"low-leak seed, robust target 0.8 then leak 1.2","a=0.8,lw=1.5,r=0.04,w=0.25; a=1,lw=0.8,r=0.025,w=0.5; a=1,lw=1.2,r=0.015,w=0.5"
five_level_weak_anharmonic,continuation_robust_leak12,0.03,deph_0.001,0.001,0.0,44,0.9334865266819037,0.0022013169784836917,0.04386676510917353,0.0714777002218571,0.9811481891971133,0.003039148829038597,120,106.90225073113106,0.4223374940163891,1946,False,"low-leak seed, robust target 0.8 then leak 1.2","a=0.8,lw=1.5,r=0.04,w=0.25; a=1,lw=0.8,r=0.025,w=0.5; a=1,lw=1.2,r=0.015,w=0.5"
five_level_weak_anharmonic,continuation_robust_leak12,0.03,deph_0.001,0.001,0.0,45,0.9862095049495778,0.0035998074489451692,0.06464990057046072,0.018838809113845015,0.9846856927398976,0.003039148829038597,120,106.90225073113106,0.4223374940163891,1946,False,"low-leak seed, robust target 0.8 then leak 1.2","a=0.8,lw=1.5,r=0.04,w=0.25; a=1,lw=0.8,r=0.025,w=0.5; a=1,lw=1.2,r=0.015,w=0.5"
five_level_weak_anharmonic,continuation_robust_leak12,0.03,deph_0.001,0.001,0.0,46,0.966015856808305,0.0059395663508478025,0.04522718286403249,0.026025095386822232,0.9896886414567869,0.003039148829038597,120,106.90225073113106,0.4223374940163891,1946,False,"low-leak seed, robust target 0.8 then leak 1.2","a=0.8,lw=1.5,r=0.04,w=0.25; a=1,lw=0.8,r=0.025,w=0.5; a=1,lw=1.2,r=0.015,w=0.5"
five_level_weak_anharmonic,continuation_robust_leak12,0.03,deph_0.001,0.001,0.0,47,0.9482946841750189,0.008005714656752705,0.04453887196222883,0.032752251041686824,0.9873757491366848,0.003039148829038597,120,106.90225073113106,0.4223374940163891,1946,False,"low-leak seed, robust target 0.8 then leak 1.2","a=0.8,lw=1.5,r=0.04,w=0.25; a=1,lw=0.8,r=0.025,w=0.5; a=1,lw=1.2,r=0.015,w=0.5"
five_level_weak_anharmonic,continuation_robust_leak12,0.03,deph_0.001,0.001,0.0,48,0.9054614397790354,0.004739234806996451,0.05462969632422032,0.08708295468839039,0.9884863854445756,0.003039148829038597,120,106.90225073113106,0.4223374940163891,1946,False,"low-leak seed, robust target 0.8 then leak 1.2","a=0.8,lw=1.5,r=0.04,w=0.25; a=1,lw=0.8,r=0.025,w=0.5; a=1,lw=1.2,r=0.015,w=0.5"
five_level_weak_anharmonic,continuation_robust_leak12,0.03,deph_0.001,0.001,0.0,49,0.9731066378609617,0.005435803472470524,0.057346659024731794,0.018337508285810374,0.9864951565551489,0.003039148829038597,120,106.90225073113106,0.4223374940163891,1946,False,"low-leak seed, robust target 0.8 then leak 1.2","a=0.8,lw=1.5,r=0.04,w=0.25; a=1,lw=0.8,r=0.025,w=0.5; a=1,lw=1.2,r=0.015,w=0.5"
five_level_weak_anharmonic,continuation_robust_leak12,0.03,deph_0.001,0.001,0.0,50,0.9634883743136239,0.003564955751544807,0.06023826751341699,0.04620737339287111,0.9823538329606727,0.003039148829038597,120,106.90225073113106,0.4223374940163891,1946,False,"low-leak seed, robust target 0.8 then leak 1.2","a=0.8,lw=1.5,r=0.04,w=0.25; a=1,lw=0.8,r=0.025,w=0.5; a=1,lw=1.2,r=0.015,w=0.5"
five_level_weak_anharmonic,continuation_robust_leak12,0.03,deph_0.001,0.001,0.0,51,0.9466372026357044,0.005348848576823051,0.05500755456191364,0.03584347469616636,0.9853218277607773,0.003039148829038597,120,106.90225073113106,0.4223374940163891,1946,False,"low-leak seed, robust target 0.8 then leak 1.2","a=0.8,lw=1.5,r=0.04,w=0.25; a=1,lw=0.8,r=0.025,w=0.5; a=1,lw=1.2,r=0.015,w=0.5"
five_level_weak_anharmonic,continuation_robust_leak12,0.03,deph_0.001,0.001,0.0,52,0.9275882299590379,0.004115559327876772,0.05267052431424002,0.05107339974584606,0.9876952518872227,0.003039148829038597,120,106.90225073113106,0.4223374940163891,1946,False,"low-leak seed, robust target 0.8 then leak 1.2","a=0.8,lw=1.5,r=0.04,w=0.25; a=1,lw=0.8,r=0.025,w=0.5; a=1,lw=1.2,r=0.015,w=0.5"
five_level_weak_anharmonic,continuation_robust_leak12,0.03,deph_0.001,0.001,0.0,53,0.9069251817908522,0.0031006666663127014,0.054255546097614404,0.1027343523913188,0.9812996104630451,0.003039148829038597,120,106.90225073113106,0.4223374940163891,1946,False,"low-leak seed, robust target 0.8 then leak 1.2","a=0.8,lw=1.5,r=0.04,w=0.25; a=1,lw=0.8,r=0.025,w=0.5; a=1,lw=1.2,r=0.015,w=0.5"
five_level_weak_anharmonic,continuation_robust_leak12,0.03,deph_0.001,0.001,0.0,54,0.9450182845617509,0.0027565787423309285,0.05764985743705253,0.06231717287049726,0.9837964898015411,0.003039148829038597,120,106.90225073113106,0.4223374940163891,1946,False,"low-leak seed, robust target 0.8 then leak 1.2","a=0.8,lw=1.5,r=0.04,w=0.25; a=1,lw=0.8,r=0.025,w=0.5; a=1,lw=1.2,r=0.015,w=0.5"
five_level_weak_anharmonic,continuation_robust_leak12,0.03,deph_0.001,0.001,0.0,55,0.9074827432024871,0.005393099759276043,0.06254659595171597,0.09268492660727308,0.9800020768426783,0.003039148829038597,120,106.90225073113106,0.4223374940163891,1946,False,"low-leak seed, robust target 0.8 then leak 1.2","a=0.8,lw=1.5,r=0.04,w=0.25; a=1,lw=0.8,r=0.025,w=0.5; a=1,lw=1.2,r=0.015,w=0.5"
five_level_weak_anharmonic,continuation_robust_leak12,0.03,deph_0.001,0.001,0.0,56,0.9630999820192515,0.0027881993206090305,0.0532934485817127,0.041192994636844504,0.9866931969842465,0.003039148829038597,120,106.90225073113106,0.4223374940163891,1946,False,"low-leak seed, robust target 0.8 then leak 1.2","a=0.8,lw=1.5,r=0.04,w=0.25; a=1,lw=0.8,r=0.025,w=0.5; a=1,lw=1.2,r=0.015,w=0.5"
five_level_weak_anharmonic,continuation_robust_leak12,0.03,deph_0.001,0.001,0.0,57,0.8893975387864407,0.007481206048007061,0.07038602772988267,0.09295248411539836,0.9797192541223023,0.003039148829038597,120,106.90225073113106,0.4223374940163891,1946,False,"low-leak seed, robust target 0.8 then leak 1.2","a=0.8,lw=1.5,r=0.04,w=0.25; a=1,lw=0.8,r=0.025,w=0.5; a=1,lw=1.2,r=0.015,w=0.5"
five_level_weak_anharmonic,continuation_robust_leak12,0.03,deph_0.001,0.001,0.0,58,0.9882973442580198,0.00572765675579745,0.04231176599296704,0.010375537179960048,0.9875667217905219,0.003039148829038597,120,106.90225073113106,0.4223374940163891,1946,False,"low-leak seed, robust target 0.8 then leak 1.2","a=0.8,lw=1.5,r=0.04,w=0.25; a=1,lw=0.8,r=0.025,w=0.5; a=1,lw=1.2,r=0.015,w=0.5"
five_level_weak_anharmonic,continuation_robust_leak12,0.03,deph_0.001,0.001,0.0,59,0.9392185114868637,0.006108441566680889,0.06691176758423834,0.05247571534779407,0.9885695010665604,0.003039148829038597,120,106.90225073113106,0.4223374940163891,1946,False,"low-leak seed, robust target 0.8 then leak 1.2","a=0.8,lw=1.5,r=0.04,w=0.25; a=1,lw=0.8,r=0.025,w=0.5; a=1,lw=1.2,r=0.015,w=0.5"
five_level_weak_anharmonic,continuation_robust_leak12,0.03,relax_0.0005,0.0,0.0005,10,0.8826620393064728,0.0029289925385724835,0.05512644812769274,0.06773352344471865,0.9613085395752848,0.003039148829038597,120,106.90225073113106,0.4223374940163891,1946,False,"low-leak seed, robust target 0.8 then leak 1.2","a=0.8,lw=1.5,r=0.04,w=0.25; a=1,lw=0.8,r=0.025,w=0.5; a=1,lw=1.2,r=0.015,w=0.5"
five_level_weak_anharmonic,continuation_robust_leak12,0.03,relax_0.0005,0.0,0.0005,11,0.9050863343233863,0.004433436191823348,0.059801261015960616,0.0774647048712977,0.9589577568894766,0.003039148829038597,120,106.90225073113106,0.4223374940163891,1946,False,"low-leak seed, robust target 0.8 then leak 1.2","a=0.8,lw=1.5,r=0.04,w=0.25; a=1,lw=0.8,r=0.025,w=0.5; a=1,lw=1.2,r=0.015,w=0.5"
five_level_weak_anharmonic,continuation_robust_leak12,0.03,relax_0.0005,0.0,0.0005,12,0.8840841266698655,0.0010422563951847374,0.0437524705454837,0.09478695067890751,0.959327842451943,0.003039148829038597,120,106.90225073113106,0.4223374940163891,1946,False,"low-leak seed, robust target 0.8 then leak 1.2","a=0.8,lw=1.5,r=0.04,w=0.25; a=1,lw=0.8,r=0.025,w=0.5; a=1,lw=1.2,r=0.015,w=0.5"
five_level_weak_anharmonic,continuation_robust_leak12,0.03,relax_0.0005,0.0,0.0005,13,0.7660893848046367,0.0025715702117352635,0.05272469773667865,0.2367529792096742,0.9774830218529276,0.003039148829038597,120,106.90225073113106,0.4223374940163891,1946,False,"low-leak seed, robust target 0.8 then leak 1.2","a=0.8,lw=1.5,r=0.04,w=0.25; a=1,lw=0.8,r=0.025,w=0.5; a=1,lw=1.2,r=0.015,w=0.5"
five_level_weak_anharmonic,continuation_robust_leak12,0.03,relax_0.0005,0.0,0.0005,14,0.8563532653067304,0.0031883162518597796,0.0514375041079268,0.1421793849511815,0.970167611157511,0.003039148829038597,120,106.90225073113106,0.4223374940163891,1946,False,"low-leak seed, robust target 0.8 then leak 1.2","a=0.8,lw=1.5,r=0.04,w=0.25; a=1,lw=0.8,r=0.025,w=0.5; a=1,lw=1.2,r=0.015,w=0.5"
five_level_weak_anharmonic,continuation_robust_leak12,0.03,relax_0.0005,0.0,0.0005,15,0.9738627740756162,0.001806794752339247,0.06048223735621683,0.02501439576960453,0.9615040110449147,0.003039148829038597,120,106.90225073113106,0.4223374940163891,1946,False,"low-leak seed, robust target 0.8 then leak 1.2","a=0.8,lw=1.5,r=0.04,w=0.25; a=1,lw=0.8,r=0.025,w=0.5; a=1,lw=1.2,r=0.015,w=0.5"
five_level_weak_anharmonic,continuation_robust_leak12,0.03,relax_0.0005,0.0,0.0005,16,0.9455357875974905,0.003215503645525253,0.06521900779463852,0.039182715816989865,0.9584582058095741,0.003039148829038597,120,106.90225073113106,0.4223374940163891,1946,False,"low-leak seed, robust target 0.8 then leak 1.2","a=0.8,lw=1.5,r=0.04,w=0.25; a=1,lw=0.8,r=0.025,w=0.5; a=1,lw=1.2,r=0.015,w=0.5"
five_level_weak_anharmonic,continuation_robust_leak12,0.03,relax_0.0005,0.0,0.0005,17,0.8987268715979159,0.002604574334045373,0.04812385946907893,0.08887465502514297,0.9672211384188544,0.003039148829038597,120,106.90225073113106,0.4223374940163891,1946,False,"low-leak seed, robust target 0.8 then leak 1.2","a=0.8,lw=1.5,r=0.04,w=0.25; a=1,lw=0.8,r=0.025,w=0.5; a=1,lw=1.2,r=0.015,w=0.5"
five_level_weak_anharmonic,continuation_robust_leak12,0.03,relax_0.0005,0.0,0.0005,18,0.9636955032985414,0.0024214544133472904,0.05106407245711131,0.03677889528001413,0.9640307982367807,0.003039148829038597,120,106.90225073113106,0.4223374940163891,1946,False,"low-leak seed, robust target 0.8 then leak 1.2","a=0.8,lw=1.5,r=0.04,w=0.25; a=1,lw=0.8,r=0.025,w=0.5; a=1,lw=1.2,r=0.015,w=0.5"
five_level_weak_anharmonic,continuation_robust_leak12,0.03,relax_0.0005,0.0,0.0005,19,0.8900542912667898,0.004400254865583042,0.04841921399160798,0.08537531223512572,0.9583332835094359,0.003039148829038597,120,106.90225073113106,0.4223374940163891,1946,False,"low-leak seed, robust target 0.8 then leak 1.2","a=0.8,lw=1.5,r=0.04,w=0.25; a=1,lw=0.8,r=0.025,w=0.5; a=1,lw=1.2,r=0.015,w=0.5"
five_level_weak_anharmonic,continuation_robust_leak12,0.03,relax_0.0005,0.0,0.0005,20,0.8504234150358678,0.004676211735983982,0.05386004254714216,0.10760561969551308,0.9607605174789822,0.003039148829038597,120,106.90225073113106,0.4223374940163891,1946,False,"low-leak seed, robust target 0.8 then leak 1.2","a=0.8,lw=1.5,r=0.04,w=0.25; a=1,lw=0.8,r=0.025,w=0.5; a=1,lw=1.2,r=0.015,w=0.5"
five_level_weak_anharmonic,continuation_robust_leak12,0.03,relax_0.0005,0.0,0.0005,21,0.9297805579632387,0.00669878693700332,0.04294298437491739,0.045679215839613645,0.9586209778024287,0.003039148829038597,120,106.90225073113106,0.4223374940163891,1946,False,"low-leak seed, robust target 0.8 then leak 1.2","a=0.8,lw=1.5,r=0.04,w=0.25; a=1,lw=0.8,r=0.025,w=0.5; a=1,lw=1.2,r=0.015,w=0.5"
five_level_weak_anharmonic,continuation_robust_leak12,0.03,relax_0.0005,0.0,0.0005,22,0.9153235148390151,0.00432391778648944,0.05469807102253066,0.05900182568508618,0.9587302737413745,0.003039148829038597,120,106.90225073113106,0.4223374940163891,1946,False,"low-leak seed, robust target 0.8 then leak 1.2","a=0.8,lw=1.5,r=0.04,w=0.25; a=1,lw=0.8,r=0.025,w=0.5; a=1,lw=1.2,r=0.015,w=0.5"
five_level_weak_anharmonic,continuation_robust_leak12,0.03,relax_0.0005,0.0,0.0005,23,0.9692037417718632,0.002936312760301152,0.04775041033688665,0.025430479064126182,0.9605243442105789,0.003039148829038597,120,106.90225073113106,0.4223374940163891,1946,False,"low-leak seed, robust target 0.8 then leak 1.2","a=0.8,lw=1.5,r=0.04,w=0.25; a=1,lw=0.8,r=0.025,w=0.5; a=1,lw=1.2,r=0.015,w=0.5"
five_level_weak_anharmonic,continuation_robust_leak12,0.03,relax_0.0005,0.0,0.0005,24,0.9493473727624667,0.003951037253792977,0.0460222726321462,0.058852838523832565,0.9656111541767368,0.003039148829038597,120,106.90225073113106,0.4223374940163891,1946,False,"low-leak seed, robust target 0.8 then leak 1.2","a=0.8,lw=1.5,r=0.04,w=0.25; a=1,lw=0.8,r=0.025,w=0.5; a=1,lw=1.2,r=0.015,w=0.5"
five_level_weak_anharmonic,continuation_robust_leak12,0.03,relax_0.0005,0.0,0.0005,25,0.9427260255139469,0.004429286366779639,0.050839264141735896,0.06372496973354672,0.9652283198613558,0.003039148829038597,120,106.90225073113106,0.4223374940163891,1946,False,"low-leak seed, robust target 0.8 then leak 1.2","a=0.8,lw=1.5,r=0.04,w=0.25; a=1,lw=0.8,r=0.025,w=0.5; a=1,lw=1.2,r=0.015,w=0.5"
five_level_weak_anharmonic,continuation_robust_leak12,0.03,relax_0.0005,0.0,0.0005,26,0.978693037797986,0.001677678739415045,0.057803626503227123,0.022260842222981504,0.9625720177347528,0.003039148829038597,120,106.90225073113106,0.4223374940163891,1946,False,"low-leak seed, robust target 0.8 then leak 1.2","a=0.8,lw=1.5,r=0.04,w=0.25; a=1,lw=0.8,r=0.025,w=0.5; a=1,lw=1.2,r=0.015,w=0.5"
five_level_weak_anharmonic,continuation_robust_leak12,0.03,relax_0.0005,0.0,0.0005,27,0.9393532356879227,0.0021017465092433296,0.047925288363339424,0.07119516997696797,0.9673247889468722,0.003039148829038597,120,106.90225073113106,0.4223374940163891,1946,False,"low-leak seed, robust target 0.8 then leak 1.2","a=0.8,lw=1.5,r=0.04,w=0.25; a=1,lw=0.8,r=0.025,w=0.5; a=1,lw=1.2,r=0.015,w=0.5"
five_level_weak_anharmonic,continuation_robust_leak12,0.03,relax_0.0005,0.0,0.0005,28,0.9087339337877023,0.0037960043766093188,0.06117538371361497,0.05995878222678038,0.959761424446619,0.003039148829038597,120,106.90225073113106,0.4223374940163891,1946,False,"low-leak seed, robust target 0.8 then leak 1.2","a=0.8,lw=1.5,r=0.04,w=0.25; a=1,lw=0.8,r=0.025,w=0.5; a=1,lw=1.2,r=0.015,w=0.5"
five_level_weak_anharmonic,continuation_robust_leak12,0.03,relax_0.0005,0.0,0.0005,29,0.9549799312916831,0.0012053869310182375,0.04509267072663525,0.02899337784570372,0.9613238832590192,0.003039148829038597,120,106.90225073113106,0.4223374940163891,1946,False,"low-leak seed, robust target 0.8 then leak 1.2","a=0.8,lw=1.5,r=0.04,w=0.25; a=1,lw=0.8,r=0.025,w=0.5; a=1,lw=1.2,r=0.015,w=0.5"
five_level_weak_anharmonic,continuation_robust_leak12,0.03,relax_0.0005,0.0,0.0005,30,0.9459706646591295,0.003572101637870584,0.049053462117720104,0.06940413405244074,0.9682317592841019,0.003039148829038597,120,106.90225073113106,0.4223374940163891,1946,False,"low-leak seed, robust target 0.8 then leak 1.2","a=0.8,lw=1.5,r=0.04,w=0.25; a=1,lw=0.8,r=0.025,w=0.5; a=1,lw=1.2,r=0.015,w=0.5"
five_level_weak_anharmonic,continuation_robust_leak12,0.03,relax_0.0005,0.0,0.0005,31,0.904635272355921,0.006340016603766929,0.07035710186268307,0.07259950675835211,0.9597681592735198,0.003039148829038597,120,106.90225073113106,0.4223374940163891,1946,False,"low-leak seed, robust target 0.8 then leak 1.2","a=0.8,lw=1.5,r=0.04,w=0.25; a=1,lw=0.8,r=0.025,w=0.5; a=1,lw=1.2,r=0.015,w=0.5"
five_level_weak_anharmonic,continuation_robust_leak12,0.03,relax_0.0005,0.0,0.0005,32,0.9434269437484324,0.0035854531653227717,0.05406951992689635,0.048355882887457166,0.9592360931738373,0.003039148829038597,120,106.90225073113106,0.4223374940163891,1946,False,"low-leak seed, robust target 0.8 then leak 1.2","a=0.8,lw=1.5,r=0.04,w=0.25; a=1,lw=0.8,r=0.025,w=0.5; a=1,lw=1.2,r=0.015,w=0.5"
five_level_weak_anharmonic,continuation_robust_leak12,0.03,relax_0.0005,0.0,0.0005,33,0.9559726385148716,0.004480564714244073,0.05250060566693815,0.06047845938598471,0.9677655260150495,0.003039148829038597,120,106.90225073113106,0.4223374940163891,1946,False,"low-leak seed, robust target 0.8 then leak 1.2","a=0.8,lw=1.5,r=0.04,w=0.25; a=1,lw=0.8,r=0.025,w=0.5; a=1,lw=1.2,r=0.015,w=0.5"
five_level_weak_anharmonic,continuation_robust_leak12,0.03,relax_0.0005,0.0,0.0005,34,0.9681727214960141,0.0030902020499600225,0.06479944795629011,0.039559072630140385,0.9645312676013236,0.003039148829038597,120,106.90225073113106,0.4223374940163891,1946,False,"low-leak seed, robust target 0.8 then leak 1.2","a=0.8,lw=1.5,r=0.04,w=0.25; a=1,lw=0.8,r=0.025,w=0.5; a=1,lw=1.2,r=0.015,w=0.5"
five_level_weak_anharmonic,continuation_robust_leak12,0.03,relax_0.0005,0.0,0.0005,35,0.8548235198799936,0.004296979883289698,0.06524436781842535,0.10215993490551281,0.9618352476300496,0.003039148829038597,120,106.90225073113106,0.4223374940163891,1946,False,"low-leak seed, robust target 0.8 then leak 1.2","a=0.8,lw=1.5,r=0.04,w=0.25; a=1,lw=0.8,r=0.025,w=0.5; a=1,lw=1.2,r=0.015,w=0.5"
five_level_weak_anharmonic,continuation_robust_leak12,0.03,relax_0.0005,0.0,0.0005,36,0.9681057484369469,0.004187955196325643,0.05495027833579025,0.026024752873449256,0.9595553551743286,0.003039148829038597,120,106.90225073113106,0.4223374940163891,1946,False,"low-leak seed, robust target 0.8 then leak 1.2","a=0.8,lw=1.5,r=0.04,w=0.25; a=1,lw=0.8,r=0.025,w=0.5; a=1,lw=1.2,r=0.015,w=0.5"
five_level_weak_anharmonic,continuation_robust_leak12,0.03,relax_0.0005,0.0,0.0005,37,0.8108172851957903,0.0017484276182602176,0.040226521478053945,0.17801988330762647,0.9741603450950104,0.003039148829038597,120,106.90225073113106,0.4223374940163891,1946,False,"low-leak seed, robust target 0.8 then leak 1.2","a=0.8,lw=1.5,r=0.04,w=0.25; a=1,lw=0.8,r=0.025,w=0.5; a=1,lw=1.2,r=0.015,w=0.5"
five_level_weak_anharmonic,continuation_robust_leak12,0.03,relax_0.0005,0.0,0.0005,38,0.9125878705343953,0.004949080042204068,0.042899547392590054,0.10717661464706747,0.9703624420641185,0.003039148829038597,120,106.90225073113106,0.4223374940163891,1946,False,"low-leak seed, robust target 0.8 then leak 1.2","a=0.8,lw=1.5,r=0.04,w=0.25; a=1,lw=0.8,r=0.025,w=0.5; a=1,lw=1.2,r=0.015,w=0.5"
five_level_weak_anharmonic,continuation_robust_leak12,0.03,relax_0.0005,0.0,0.0005,39,0.968359426291492,0.0020820278015009075,0.05984422634623687,0.03348764929758191,0.9615518021512244,0.003039148829038597,120,106.90225073113106,0.4223374940163891,1946,False,"low-leak seed, robust target 0.8 then leak 1.2","a=0.8,lw=1.5,r=0.04,w=0.25; a=1,lw=0.8,r=0.025,w=0.5; a=1,lw=1.2,r=0.015,w=0.5"
five_level_weak_anharmonic,continuation_robust_leak12,0.03,relax_0.0005,0.0,0.0005,40,0.9624824162083145,0.001491548450931801,0.04760897984017065,0.02589607247045261,0.9601418220880299,0.003039148829038597,120,106.90225073113106,0.4223374940163891,1946,False,"low-leak seed, robust target 0.8 then leak 1.2","a=0.8,lw=1.5,r=0.04,w=0.25; a=1,lw=0.8,r=0.025,w=0.5; a=1,lw=1.2,r=0.015,w=0.5"
five_level_weak_anharmonic,continuation_robust_leak12,0.03,relax_0.0005,0.0,0.0005,41,0.8914913726283091,0.005183117149441863,0.048410136689381655,0.07807348451704658,0.9586777589224498,0.003039148829038597,120,106.90225073113106,0.4223374940163891,1946,False,"low-leak seed, robust target 0.8 then leak 1.2","a=0.8,lw=1.5,r=0.04,w=0.25; a=1,lw=0.8,r=0.025,w=0.5; a=1,lw=1.2,r=0.015,w=0.5"
five_level_weak_anharmonic,continuation_robust_leak12,0.03,relax_0.0005,0.0,0.0005,42,0.9649101981108736,0.003574675337361777,0.053322314738985965,0.02783655247022654,0.9625321809495258,0.003039148829038597,120,106.90225073113106,0.4223374940163891,1946,False,"low-leak seed, robust target 0.8 then leak 1.2","a=0.8,lw=1.5,r=0.04,w=0.25; a=1,lw=0.8,r=0.025,w=0.5; a=1,lw=1.2,r=0.015,w=0.5"
five_level_weak_anharmonic,continuation_robust_leak12,0.03,relax_0.0005,0.0,0.0005,43,0.9539657431651581,0.003071352718007403,0.04304255266023427,0.04944024274748246,0.9629521200612184,0.003039148829038597,120,106.90225073113106,0.4223374940163891,1946,False,"low-leak seed, robust target 0.8 then leak 1.2","a=0.8,lw=1.5,r=0.04,w=0.25; a=1,lw=0.8,r=0.025,w=0.5; a=1,lw=1.2,r=0.015,w=0.5"
five_level_weak_anharmonic,continuation_robust_leak12,0.03,relax_0.0005,0.0,0.0005,44,0.9263164044853736,0.0016506099026912802,0.04334932977015282,0.0780480328692988,0.9691733861365341,0.003039148829038597,120,106.90225073113106,0.4223374940163891,1946,False,"low-leak seed, robust target 0.8 then leak 1.2","a=0.8,lw=1.5,r=0.04,w=0.25; a=1,lw=0.8,r=0.025,w=0.5; a=1,lw=1.2,r=0.015,w=0.5"
five_level_weak_anharmonic,continuation_robust_leak12,0.03,relax_0.0005,0.0,0.0005,45,0.97565001683091,0.002542423403073535,0.06403051479199962,0.027528586711517283,0.9635431256629569,0.003039148829038597,120,106.90225073113106,0.4223374940163891,1946,False,"low-leak seed, robust target 0.8 then leak 1.2","a=0.8,lw=1.5,r=0.04,w=0.25; a=1,lw=0.8,r=0.025,w=0.5; a=1,lw=1.2,r=0.015,w=0.5"
five_level_weak_anharmonic,continuation_robust_leak12,0.03,relax_0.0005,0.0,0.0005,46,0.9497185639088588,0.005092309511953941,0.04514646119305743,0.039403296668651104,0.9570453191795969,0.003039148829038597,120,106.90225073113106,0.4223374940163891,1946,False,"low-leak seed, robust target 0.8 then leak 1.2","a=0.8,lw=1.5,r=0.04,w=0.25; a=1,lw=0.8,r=0.025,w=0.5; a=1,lw=1.2,r=0.015,w=0.5"
five_level_weak_anharmonic,continuation_robust_leak12,0.03,relax_0.0005,0.0,0.0005,47,0.9319491714547143,0.007129204730157546,0.04398056624355151,0.04607024330065787,0.9593090324871871,0.003039148829038597,120,106.90225073113106,0.4223374940163891,1946,False,"low-leak seed, robust target 0.8 then leak 1.2","a=0.8,lw=1.5,r=0.04,w=0.25; a=1,lw=0.8,r=0.025,w=0.5; a=1,lw=1.2,r=0.015,w=0.5"
five_level_weak_anharmonic,continuation_robust_leak12,0.03,relax_0.0005,0.0,0.0005,48,0.8909007835777315,0.003768047503723393,0.05405063947388933,0.0990517012466185,0.958289987792004,0.003039148829038597,120,106.90225073113106,0.4223374940163891,1946,False,"low-leak seed, robust target 0.8 then leak 1.2","a=0.8,lw=1.5,r=0.04,w=0.25; a=1,lw=0.8,r=0.025,w=0.5; a=1,lw=1.2,r=0.015,w=0.5"
five_level_weak_anharmonic,continuation_robust_leak12,0.03,relax_0.0005,0.0,0.0005,49,0.9577214773696727,0.0043803632839131135,0.0567514953527507,0.030786925038927045,0.960167510224293,0.003039148829038597,120,106.90225073113106,0.4223374940163891,1946,False,"low-leak seed, robust target 0.8 then leak 1.2","a=0.8,lw=1.5,r=0.04,w=0.25; a=1,lw=0.8,r=0.025,w=0.5; a=1,lw=1.2,r=0.015,w=0.5"
five_level_weak_anharmonic,continuation_robust_leak12,0.03,relax_0.0005,0.0,0.0005,50,0.9505856330767735,0.002724810972488445,0.05964568191431319,0.056730213907687954,0.9662565594950235,0.003039148829038597,120,106.90225073113106,0.4223374940163891,1946,False,"low-leak seed, robust target 0.8 then leak 1.2","a=0.8,lw=1.5,r=0.04,w=0.25; a=1,lw=0.8,r=0.025,w=0.5; a=1,lw=1.2,r=0.015,w=0.5"
five_level_weak_anharmonic,continuation_robust_leak12,0.03,relax_0.0005,0.0,0.0005,51,0.931802396306886,0.004183618177978965,0.0544227245780573,0.04797019628843369,0.9607530563139538,0.003039148829038597,120,106.90225073113106,0.4223374940163891,1946,False,"low-leak seed, robust target 0.8 then leak 1.2","a=0.8,lw=1.5,r=0.04,w=0.25; a=1,lw=0.8,r=0.025,w=0.5; a=1,lw=1.2,r=0.015,w=0.5"
five_level_weak_anharmonic,continuation_robust_leak12,0.03,relax_0.0005,0.0,0.0005,52,0.9115855450515498,0.003055517863259083,0.052568650453537535,0.06424032154520166,0.95853416221545,0.003039148829038597,120,106.90225073113106,0.4223374940163891,1946,False,"low-leak seed, robust target 0.8 then leak 1.2","a=0.8,lw=1.5,r=0.04,w=0.25; a=1,lw=0.8,r=0.025,w=0.5; a=1,lw=1.2,r=0.015,w=0.5"
five_level_weak_anharmonic,continuation_robust_leak12,0.03,relax_0.0005,0.0,0.0005,53,0.8955607644593349,0.0022717958679262518,0.054167349941692366,0.11208379665891374,0.9677840387020044,0.003039148829038597,120,106.90225073113106,0.4223374940163891,1946,False,"low-leak seed, robust target 0.8 then leak 1.2","a=0.8,lw=1.5,r=0.04,w=0.25; a=1,lw=0.8,r=0.025,w=0.5; a=1,lw=1.2,r=0.015,w=0.5"
five_level_weak_anharmonic,continuation_robust_leak12,0.03,relax_0.0005,0.0,0.0005,54,0.9338627023822575,0.0019327431604378997,0.05705259630510706,0.07133372576922441,0.9646500616048143,0.003039148829038597,120,106.90225073113106,0.4223374940163891,1946,False,"low-leak seed, robust target 0.8 then leak 1.2","a=0.8,lw=1.5,r=0.04,w=0.25; a=1,lw=0.8,r=0.025,w=0.5; a=1,lw=1.2,r=0.015,w=0.5"
five_level_weak_anharmonic,continuation_robust_leak12,0.03,relax_0.0005,0.0,0.0005,55,0.9002005377954876,0.004543755708333874,0.0619101364688015,0.0991747768916436,0.9700707578595275,0.003039148829038597,120,106.90225073113106,0.4223374940163891,1946,False,"low-leak seed, robust target 0.8 then leak 1.2","a=0.8,lw=1.5,r=0.04,w=0.25; a=1,lw=0.8,r=0.025,w=0.5; a=1,lw=1.2,r=0.015,w=0.5"
five_level_weak_anharmonic,continuation_robust_leak12,0.03,relax_0.0005,0.0,0.0005,56,0.9508684738296018,0.002074935109177223,0.053214635410661515,0.05106257311300288,0.9608155999612457,0.003039148829038597,120,106.90225073113106,0.4223374940163891,1946,False,"low-leak seed, robust target 0.8 then leak 1.2","a=0.8,lw=1.5,r=0.04,w=0.25; a=1,lw=0.8,r=0.025,w=0.5; a=1,lw=1.2,r=0.015,w=0.5"
five_level_weak_anharmonic,continuation_robust_leak12,0.03,relax_0.0005,0.0,0.0005,57,0.8744683100162896,0.006209134921981829,0.06972369011910284,0.10515975557946071,0.9670929314672724,0.003039148829038597,120,106.90225073113106,0.4223374940163891,1946,False,"low-leak seed, robust target 0.8 then leak 1.2","a=0.8,lw=1.5,r=0.04,w=0.25; a=1,lw=0.8,r=0.025,w=0.5; a=1,lw=1.2,r=0.015,w=0.5"
five_level_weak_anharmonic,continuation_robust_leak12,0.03,relax_0.0005,0.0,0.0005,58,0.9744633338842248,0.005034890723606522,0.0418083152869233,0.021591618533446058,0.960247896817382,0.003039148829038597,120,106.90225073113106,0.4223374940163891,1946,False,"low-leak seed, robust target 0.8 then leak 1.2","a=0.8,lw=1.5,r=0.04,w=0.25; a=1,lw=0.8,r=0.025,w=0.5; a=1,lw=1.2,r=0.015,w=0.5"
five_level_weak_anharmonic,continuation_robust_leak12,0.03,relax_0.0005,0.0,0.0005,59,0.9234737583795226,0.004986418001989068,0.0662816406775193,0.06533937379916799,0.9572745542496,0.003039148829038597,120,106.90225073113106,0.4223374940163891,1946,False,"low-leak seed, robust target 0.8 then leak 1.2","a=0.8,lw=1.5,r=0.04,w=0.25; a=1,lw=0.8,r=0.025,w=0.5; a=1,lw=1.2,r=0.015,w=0.5"
five_level_weak_anharmonic,continuation_robust_leak12,0.03,combined,0.001,0.0005,10,0.8771554823421204,0.0037807031411585257,0.055561259925053674,0.07378642913007774,0.9482588375832365,0.003039148829038597,120,106.90225073113106,0.4223374940163891,1946,False,"low-leak seed, robust target 0.8 then leak 1.2","a=0.8,lw=1.5,r=0.04,w=0.25; a=1,lw=0.8,r=0.025,w=0.5; a=1,lw=1.2,r=0.015,w=0.5"
five_level_weak_anharmonic,continuation_robust_leak12,0.03,combined,0.001,0.0005,11,0.9001423916187975,0.005364050494960582,0.06022255363528195,0.08251365958996798,0.9477006119830205,0.003039148829038597,120,106.90225073113106,0.4223374940163891,1946,False,"low-leak seed, robust target 0.8 then leak 1.2","a=0.8,lw=1.5,r=0.04,w=0.25; a=1,lw=0.8,r=0.025,w=0.5; a=1,lw=1.2,r=0.015,w=0.5"
five_level_weak_anharmonic,continuation_robust_leak12,0.03,combined,0.001,0.0005,12,0.8808043203707585,0.0018088412778752838,0.044220053190941466,0.09849230338671187,0.9472229446021418,0.003039148829038597,120,106.90225073113106,0.4223374940163891,1946,False,"low-leak seed, robust target 0.8 then leak 1.2","a=0.8,lw=1.5,r=0.04,w=0.25; a=1,lw=0.8,r=0.025,w=0.5; a=1,lw=1.2,r=0.015,w=0.5"
five_level_weak_anharmonic,continuation_robust_leak12,0.03,combined,0.001,0.0005,13,0.762202584273941,0.0032069111074217727,0.05316558998311616,0.24030593907372227,0.9529306215652866,0.003039148829038597,120,106.90225073113106,0.4223374940163891,1946,False,"low-leak seed, robust target 0.8 then leak 1.2","a=0.8,lw=1.5,r=0.04,w=0.25; a=1,lw=0.8,r=0.025,w=0.5; a=1,lw=1.2,r=0.015,w=0.5"
five_level_weak_anharmonic,continuation_robust_leak12,0.03,combined,0.001,0.0005,14,0.8509188151409168,0.0038291505433047934,0.05137908554072301,0.14711565722204578,0.9507361568734833,0.003039148829038597,120,106.90225073113106,0.4223374940163891,1946,False,"low-leak seed, robust target 0.8 then leak 1.2","a=0.8,lw=1.5,r=0.04,w=0.25; a=1,lw=0.8,r=0.025,w=0.5; a=1,lw=1.2,r=0.015,w=0.5"
five_level_weak_anharmonic,continuation_robust_leak12,0.03,combined,0.001,0.0005,15,0.9675144264131037,0.002812506945184534,0.060910401170857,0.03130092350118993,0.9480062507259068,0.003039148829038597,120,106.90225073113106,0.4223374940163891,1946,False,"low-leak seed, robust target 0.8 then leak 1.2","a=0.8,lw=1.5,r=0.04,w=0.25; a=1,lw=0.8,r=0.025,w=0.5; a=1,lw=1.2,r=0.015,w=0.5"
five_level_weak_anharmonic,continuation_robust_leak12,0.03,combined,0.001,0.0005,16,0.9400322046152512,0.004216259313365778,0.06563308856833094,0.04485853556005755,0.9472671713246549,0.003039148829038597,120,106.90225073113106,0.4223374940163891,1946,False,"low-leak seed, robust target 0.8 then leak 1.2","a=0.8,lw=1.5,r=0.04,w=0.25; a=1,lw=0.8,r=0.025,w=0.5; a=1,lw=1.2,r=0.015,w=0.5"
five_level_weak_anharmonic,continuation_robust_leak12,0.03,combined,0.001,0.0005,17,0.8934256347795962,0.003307748058616111,0.04852997991686259,0.09430469979285439,0.9492524189198812,0.003039148829038597,120,106.90225073113106,0.4223374940163891,1946,False,"low-leak seed, robust target 0.8 then leak 1.2","a=0.8,lw=1.5,r=0.04,w=0.25; a=1,lw=0.8,r=0.025,w=0.5; a=1,lw=1.2,r=0.015,w=0.5"
five_level_weak_anharmonic,continuation_robust_leak12,0.03,combined,0.001,0.0005,18,0.9570360327610629,0.0032266855961128327,0.05147736224522714,0.043196610389332084,0.9486927159370349,0.003039148829038597,120,106.90225073113106,0.4223374940163891,1946,False,"low-leak seed, robust target 0.8 then leak 1.2","a=0.8,lw=1.5,r=0.04,w=0.25; a=1,lw=0.8,r=0.025,w=0.5; a=1,lw=1.2,r=0.015,w=0.5"
five_level_weak_anharmonic,continuation_robust_leak12,0.03,combined,0.001,0.0005,19,0.8864915567841558,0.0052459717474189205,0.04837083464730263,0.08935262337505769,0.9470166681147352,0.003039148829038597,120,106.90225073113106,0.4223374940163891,1946,False,"low-leak seed, robust target 0.8 then leak 1.2","a=0.8,lw=1.5,r=0.04,w=0.25; a=1,lw=0.8,r=0.025,w=0.5; a=1,lw=1.2,r=0.015,w=0.5"
five_level_weak_anharmonic,continuation_robust_leak12,0.03,combined,0.001,0.0005,20,0.8470803778911656,0.005626295500554379,0.054259380756186415,0.11179774790947264,0.9467714204639425,0.003039148829038597,120,106.90225073113106,0.4223374940163891,1946,False,"low-leak seed, robust target 0.8 then leak 1.2","a=0.8,lw=1.5,r=0.04,w=0.25; a=1,lw=0.8,r=0.025,w=0.5; a=1,lw=1.2,r=0.015,w=0.5"
five_level_weak_anharmonic,continuation_robust_leak12,0.03,combined,0.001,0.0005,21,0.9250118726696753,0.007351407812572264,0.0429019190900326,0.05084484495464329,0.9473690698675337,0.003039148829038597,120,106.90225073113106,0.4223374940163891,1946,False,"low-leak seed, robust target 0.8 then leak 1.2","a=0.8,lw=1.5,r=0.04,w=0.25; a=1,lw=0.8,r=0.025,w=0.5; a=1,lw=1.2,r=0.015,w=0.5"
five_level_weak_anharmonic,continuation_robust_leak12,0.03,combined,0.001,0.0005,22,0.9100339963602562,0.005249435020084348,0.054639895486797596,0.06446732203360395,0.9475499256122669,0.003039148829038597,120,106.90225073113106,0.4223374940163891,1946,False,"low-leak seed, robust target 0.8 then leak 1.2","a=0.8,lw=1.5,r=0.04,w=0.25; a=1,lw=0.8,r=0.025,w=0.5; a=1,lw=1.2,r=0.015,w=0.5"
five_level_weak_anharmonic,continuation_robust_leak12,0.03,combined,0.001,0.0005,23,0.9627223925371,0.003612990564059615,0.048156538482696964,0.03169179470662266,0.9485000262998731,0.003039148829038597,120,106.90225073113106,0.4223374940163891,1946,False,"low-leak seed, robust target 0.8 then leak 1.2","a=0.8,lw=1.5,r=0.04,w=0.25; a=1,lw=0.8,r=0.025,w=0.5; a=1,lw=1.2,r=0.015,w=0.5"
five_level_weak_anharmonic,continuation_robust_leak12,0.03,combined,0.001,0.0005,24,0.9428999723307316,0.004715836006180196,0.0459889450052986,0.06478286905292467,0.9496308330595519,0.003039148829038597,120,106.90225073113106,0.4223374940163891,1946,False,"low-leak seed, robust target 0.8 then leak 1.2","a=0.8,lw=1.5,r=0.04,w=0.25; a=1,lw=0.8,r=0.025,w=0.5; a=1,lw=1.2,r=0.015,w=0.5"
five_level_weak_anharmonic,continuation_robust_leak12,0.03,combined,0.001,0.0005,25,0.9363668073946831,0.005205053996630182,0.050780983087522324,0.06958577032282488,0.949426690399524,0.003039148829038597,120,106.90225073113106,0.4223374940163891,1946,False,"low-leak seed, robust target 0.8 then leak 1.2","a=0.8,lw=1.5,r=0.04,w=0.25; a=1,lw=0.8,r=0.025,w=0.5; a=1,lw=1.2,r=0.015,w=0.5"
five_level_weak_anharmonic,continuation_robust_leak12,0.03,combined,0.001,0.0005,26,0.9716292885242984,0.002569592850601654,0.058202305956950195,0.029026993027819095,0.9486369416601241,0.003039148829038597,120,106.90225073113106,0.4223374940163891,1946,False,"low-leak seed, robust target 0.8 then leak 1.2","a=0.8,lw=1.5,r=0.04,w=0.25; a=1,lw=0.8,r=0.025,w=0.5; a=1,lw=1.2,r=0.015,w=0.5"
five_level_weak_anharmonic,continuation_robust_leak12,0.03,combined,0.001,0.0005,27,0.9329756244862928,0.00275073892514599,0.04831518508858579,0.0771185688783248,0.94969861314541,0.003039148829038597,120,106.90225073113106,0.4223374940163891,1946,False,"low-leak seed, robust target 0.8 then leak 1.2","a=0.8,lw=1.5,r=0.04,w=0.25; a=1,lw=0.8,r=0.025,w=0.5; a=1,lw=1.2,r=0.015,w=0.5"
five_level_weak_anharmonic,continuation_robust_leak12,0.03,combined,0.001,0.0005,28,0.9036678275210613,0.004644136369107432,0.06161866839415253,0.06546342638079737,0.9479323023676496,0.003039148829038597,120,106.90225073113106,0.4223374940163891,1946,False,"low-leak seed, robust target 0.8 then leak 1.2","a=0.8,lw=1.5,r=0.04,w=0.25; a=1,lw=0.8,r=0.025,w=0.5; a=1,lw=1.2,r=0.015,w=0.5"
five_level_weak_anharmonic,continuation_robust_leak12,0.03,combined,0.001,0.0005,29,0.9487850535201764,0.001841583171057315,0.04545305149455703,0.03522361037555155,0.9488018121698277,0.003039148829038597,120,106.90225073113106,0.4223374940163891,1946,False,"low-leak seed, robust target 0.8 then leak 1.2","a=0.8,lw=1.5,r=0.04,w=0.25; a=1,lw=0.8,r=0.025,w=0.5; a=1,lw=1.2,r=0.015,w=0.5"
five_level_weak_anharmonic,continuation_robust_leak12,0.03,combined,0.001,0.0005,30,0.9390823712210737,0.004288367355947065,0.0490024176924011,0.07552413117049675,0.950239574488277,0.003039148829038597,120,106.90225073113106,0.4223374940163891,1946,False,"low-leak seed, robust target 0.8 then leak 1.2","a=0.8,lw=1.5,r=0.04,w=0.25; a=1,lw=0.8,r=0.025,w=0.5; a=1,lw=1.2,r=0.015,w=0.5"
five_level_weak_anharmonic,continuation_robust_leak12,0.03,combined,0.001,0.0005,31,0.8992778305930916,0.007193193415670929,0.07080852873608312,0.07813129856556454,0.9478778976449257,0.003039148829038597,120,106.90225073113106,0.4223374940163891,1946,False,"low-leak seed, robust target 0.8 then leak 1.2","a=0.8,lw=1.5,r=0.04,w=0.25; a=1,lw=0.8,r=0.025,w=0.5; a=1,lw=1.2,r=0.015,w=0.5"
five_level_weak_anharmonic,continuation_robust_leak12,0.03,combined,0.001,0.0005,32,0.937620543323117,0.0045053334387497035,0.054017773117146506,0.05400488074484402,0.948053110103231,0.003039148829038597,120,106.90225073113106,0.4223374940163891,1946,False,"low-leak seed, robust target 0.8 then leak 1.2","a=0.8,lw=1.5,r=0.04,w=0.25; a=1,lw=0.8,r=0.025,w=0.5; a=1,lw=1.2,r=0.015,w=0.5"
five_level_weak_anharmonic,continuation_robust_leak12,0.03,combined,0.001,0.0005,33,0.9485926970915237,0.005189782868436965,0.05243477423590981,0.06706360086302379,0.9496574729378134,0.003039148829038597,120,106.90225073113106,0.4223374940163891,1946,False,"low-leak seed, robust target 0.8 then leak 1.2","a=0.8,lw=1.5,r=0.04,w=0.25; a=1,lw=0.8,r=0.025,w=0.5; a=1,lw=1.2,r=0.015,w=0.5"
five_level_weak_anharmonic,continuation_robust_leak12,0.03,combined,0.001,0.0005,34,0.9608635674539266,0.00405704922455008,0.06522033590630927,0.04641291254100368,0.9489921608605129,0.003039148829038597,120,106.90225073113106,0.4223374940163891,1946,False,"low-leak seed, robust target 0.8 then leak 1.2","a=0.8,lw=1.5,r=0.04,w=0.25; a=1,lw=0.8,r=0.025,w=0.5; a=1,lw=1.2,r=0.015,w=0.5"
five_level_weak_anharmonic,continuation_robust_leak12,0.03,combined,0.001,0.0005,35,0.8511032849976291,0.005302154761102185,0.06564497700342442,0.10683857241565267,0.9463524091739853,0.003039148829038597,120,106.90225073113106,0.4223374940163891,1946,False,"low-leak seed, robust target 0.8 then leak 1.2","a=0.8,lw=1.5,r=0.04,w=0.25; a=1,lw=0.8,r=0.025,w=0.5; a=1,lw=1.2,r=0.015,w=0.5"
five_level_weak_anharmonic,continuation_robust_leak12,0.03,combined,0.001,0.0005,36,0.962134402549616,0.00486860976993464,0.055371735464045724,0.03194790009170892,0.9482705975255059,0.003039148829038597,120,106.90225073113106,0.4223374940163891,1946,False,"low-leak seed, robust target 0.8 then leak 1.2","a=0.8,lw=1.5,r=0.04,w=0.25; a=1,lw=0.8,r=0.025,w=0.5; a=1,lw=1.2,r=0.015,w=0.5"
five_level_weak_anharmonic,continuation_robust_leak12,0.03,combined,0.001,0.0005,37,0.806050673703151,0.002421359745085172,0.040603577254931245,0.18279823361260278,0.9514798674803022,0.003039148829038597,120,106.90225073113106,0.4223374940163891,1946,False,"low-leak seed, robust target 0.8 then leak 1.2","a=0.8,lw=1.5,r=0.04,w=0.25; a=1,lw=0.8,r=0.025,w=0.5; a=1,lw=1.2,r=0.015,w=0.5"
five_level_weak_anharmonic,continuation_robust_leak12,0.03,combined,0.001,0.0005,38,0.9060064811474754,0.005490108468846011,0.042859354558378526,0.11280824905843395,0.9507249027748907,0.003039148829038597,120,106.90225073113106,0.4223374940163891,1946,False,"low-leak seed, robust target 0.8 then leak 1.2","a=0.8,lw=1.5,r=0.04,w=0.25; a=1,lw=0.8,r=0.025,w=0.5; a=1,lw=1.2,r=0.015,w=0.5"
five_level_weak_anharmonic,continuation_robust_leak12,0.03,combined,0.001,0.0005,39,0.961902561080127,0.003043396366310569,0.06029778000275088,0.03964873268388795,0.9485111972884913,0.003039148829038597,120,106.90225073113106,0.4223374940163891,1946,False,"low-leak seed, robust target 0.8 then leak 1.2","a=0.8,lw=1.5,r=0.04,w=0.25; a=1,lw=0.8,r=0.025,w=0.5; a=1,lw=1.2,r=0.015,w=0.5"
five_level_weak_anharmonic,continuation_robust_leak12,0.03,combined,0.001,0.0005,40,0.9564529548889638,0.0023515330719022787,0.04801624952399375,0.0319611023154132,0.9480543800674804,0.003039148829038597,120,106.90225073113106,0.4223374940163891,1946,False,"low-leak seed, robust target 0.8 then leak 1.2","a=0.8,lw=1.5,r=0.04,w=0.25; a=1,lw=0.8,r=0.025,w=0.5; a=1,lw=1.2,r=0.015,w=0.5"
five_level_weak_anharmonic,continuation_robust_leak12,0.03,combined,0.001,0.0005,41,0.8875162009782284,0.0061189066203468645,0.04836769231040261,0.08257931433931626,0.9465232938572904,0.003039148829038597,120,106.90225073113106,0.4223374940163891,1946,False,"low-leak seed, robust target 0.8 then leak 1.2","a=0.8,lw=1.5,r=0.04,w=0.25; a=1,lw=0.8,r=0.025,w=0.5; a=1,lw=1.2,r=0.015,w=0.5"
five_level_weak_anharmonic,continuation_robust_leak12,0.03,combined,0.001,0.0005,42,0.9575681057252887,0.004418849658923918,0.05373579509041093,0.034843259177670914,0.9490058038264514,0.003039148829038597,120,106.90225073113106,0.4223374940163891,1946,False,"low-leak seed, robust target 0.8 then leak 1.2","a=0.8,lw=1.5,r=0.04,w=0.25; a=1,lw=0.8,r=0.025,w=0.5; a=1,lw=1.2,r=0.015,w=0.5"
five_level_weak_anharmonic,continuation_robust_leak12,0.03,combined,0.001,0.0005,43,0.9479774356774017,0.0037032527057724307,0.043392032170295414,0.05511260914297818,0.9489651855006604,0.003039148829038597,120,106.90225073113106,0.4223374940163891,1946,False,"low-leak seed, robust target 0.8 then leak 1.2","a=0.8,lw=1.5,r=0.04,w=0.25; a=1,lw=0.8,r=0.025,w=0.5; a=1,lw=1.2,r=0.015,w=0.5"
five_level_weak_anharmonic,continuation_robust_leak12,0.03,combined,0.001,0.0005,44,0.9191382142275905,0.0021685193450919904,0.043740447310253394,0.0845266748362012,0.951044857666747,0.003039148829038597,120,106.90225073113106,0.4223374940163891,1946,False,"low-leak seed, robust target 0.8 then leak 1.2","a=0.8,lw=1.5,r=0.04,w=0.25; a=1,lw=0.8,r=0.025,w=0.5; a=1,lw=1.2,r=0.015,w=0.5"
five_level_weak_anharmonic,continuation_robust_leak12,0.03,combined,0.001,0.0005,45,0.9682041589900043,0.0035132727702432698,0.06445822958813485,0.03455226112534882,0.9489668997303861,0.003039148829038597,120,106.90225073113106,0.4223374940163891,1946,False,"low-leak seed, robust target 0.8 then leak 1.2","a=0.8,lw=1.5,r=0.04,w=0.25; a=1,lw=0.8,r=0.025,w=0.5; a=1,lw=1.2,r=0.015,w=0.5"
five_level_weak_anharmonic,continuation_robust_leak12,0.03,combined,0.001,0.0005,46,0.9449819159220697,0.005798324959518819,0.04509924714548441,0.04423823081216186,0.9474085499459136,0.003039148829038597,120,106.90225073113106,0.4223374940163891,1946,False,"low-leak seed, robust target 0.8 then leak 1.2","a=0.8,lw=1.5,r=0.04,w=0.25; a=1,lw=0.8,r=0.025,w=0.5; a=1,lw=1.2,r=0.015,w=0.5"
five_level_weak_anharmonic,continuation_robust_leak12,0.03,combined,0.001,0.0005,47,0.9273339480772429,0.007753992079580385,0.0444110445342607,0.051157224717961775,0.9473443626499869,0.003039148829038597,120,106.90225073113106,0.4223374940163891,1946,False,"low-leak seed, robust target 0.8 then leak 1.2","a=0.8,lw=1.5,r=0.04,w=0.25; a=1,lw=0.8,r=0.025,w=0.5; a=1,lw=1.2,r=0.015,w=0.5"
five_level_weak_anharmonic,continuation_robust_leak12,0.03,combined,0.001,0.0005,48,0.8869623032916388,0.004604700351375612,0.054485376781508776,0.10304256737604116,0.9475858373407355,0.003039148829038597,120,106.90225073113106,0.4223374940163891,1946,False,"low-leak seed, robust target 0.8 then leak 1.2","a=0.8,lw=1.5,r=0.04,w=0.25; a=1,lw=0.8,r=0.025,w=0.5; a=1,lw=1.2,r=0.015,w=0.5"
five_level_weak_anharmonic,continuation_robust_leak12,0.03,combined,0.001,0.0005,49,0.9521169391874432,0.005312432554966051,0.057185862798624476,0.03653525281485011,0.9473584126276207,0.003039148829038597,120,106.90225073113106,0.4223374940163891,1946,False,"low-leak seed, robust target 0.8 then leak 1.2","a=0.8,lw=1.5,r=0.04,w=0.25; a=1,lw=0.8,r=0.025,w=0.5; a=1,lw=1.2,r=0.015,w=0.5"
five_level_weak_anharmonic,continuation_robust_leak12,0.03,combined,0.001,0.0005,50,0.9441222226262888,0.00346809803321968,0.060057217146302966,0.06284317924543148,0.9492971164584119,0.003039148829038597,120,106.90225073113106,0.4223374940163891,1946,False,"low-leak seed, robust target 0.8 then leak 1.2","a=0.8,lw=1.5,r=0.04,w=0.25; a=1,lw=0.8,r=0.025,w=0.5; a=1,lw=1.2,r=0.015,w=0.5"
five_level_weak_anharmonic,continuation_robust_leak12,0.03,combined,0.001,0.0005,51,0.9262446223452854,0.005236063415574255,0.05484090521448293,0.05381407055078113,0.9468062390492712,0.003039148829038597,120,106.90225073113106,0.4223374940163891,1946,False,"low-leak seed, robust target 0.8 then leak 1.2","a=0.8,lw=1.5,r=0.04,w=0.25; a=1,lw=0.8,r=0.025,w=0.5; a=1,lw=1.2,r=0.015,w=0.5"
five_level_weak_anharmonic,continuation_robust_leak12,0.03,combined,0.001,0.0005,52,0.907236556970241,0.0040764012281717665,0.05251610750664759,0.06893409251904425,0.9469409057521565,0.003039148829038597,120,106.90225073113106,0.4223374940163891,1946,False,"low-leak seed, robust target 0.8 then leak 1.2","a=0.8,lw=1.5,r=0.04,w=0.25; a=1,lw=0.8,r=0.025,w=0.5; a=1,lw=1.2,r=0.015,w=0.5"
five_level_weak_anharmonic,continuation_robust_leak12,0.03,combined,0.001,0.0005,53,0.8901088470983012,0.0030741145242462187,0.05409600869140807,0.11707630793494403,0.9498242816567689,0.003039148829038597,120,106.90225073113106,0.4223374940163891,1946,False,"low-leak seed, robust target 0.8 then leak 1.2","a=0.8,lw=1.5,r=0.04,w=0.25; a=1,lw=0.8,r=0.025,w=0.5; a=1,lw=1.2,r=0.015,w=0.5"
five_level_weak_anharmonic,continuation_robust_leak12,0.03,combined,0.001,0.0005,54,0.9277761431772152,0.002701506899187023,0.05747430865835135,0.07708313886196995,0.9492080028271702,0.003039148829038597,120,106.90225073113106,0.4223374940163891,1946,False,"low-leak seed, robust target 0.8 then leak 1.2","a=0.8,lw=1.5,r=0.04,w=0.25; a=1,lw=0.8,r=0.025,w=0.5; a=1,lw=1.2,r=0.015,w=0.5"
five_level_weak_anharmonic,continuation_robust_leak12,0.03,combined,0.001,0.0005,55,0.8935200241400764,0.0052454351682549305,0.062343024862079766,0.1053950184666726,0.950831758536292,0.003039148829038597,120,106.90225073113106,0.4223374940163891,1946,False,"low-leak seed, robust target 0.8 then leak 1.2","a=0.8,lw=1.5,r=0.04,w=0.25; a=1,lw=0.8,r=0.025,w=0.5; a=1,lw=1.2,r=0.015,w=0.5"
five_level_weak_anharmonic,continuation_robust_leak12,0.03,combined,0.001,0.0005,56,0.9449880806777208,0.002781960328420263,0.05314722572114039,0.056661805368126254,0.9482840643834499,0.003039148829038597,120,106.90225073113106,0.4223374940163891,1946,False,"low-leak seed, robust target 0.8 then leak 1.2","a=0.8,lw=1.5,r=0.04,w=0.25; a=1,lw=0.8,r=0.025,w=0.5; a=1,lw=1.2,r=0.015,w=0.5"
five_level_weak_anharmonic,continuation_robust_leak12,0.03,combined,0.001,0.0005,57,0.8694905642684626,0.007270256894961191,0.07015032920613606,0.11057802203644629,0.9475672699570694,0.003039148829038597,120,106.90225073113106,0.4223374940163891,1946,False,"low-leak seed, robust target 0.8 then leak 1.2","a=0.8,lw=1.5,r=0.04,w=0.25; a=1,lw=0.8,r=0.025,w=0.5; a=1,lw=1.2,r=0.015,w=0.5"
five_level_weak_anharmonic,continuation_robust_leak12,0.03,combined,0.001,0.0005,58,0.9684602428723574,0.005566954687301728,0.042202581904237535,0.027475945555403204,0.9484911508459499,0.003039148829038597,120,106.90225073113106,0.4223374940163891,1946,False,"low-leak seed, robust target 0.8 then leak 1.2","a=0.8,lw=1.5,r=0.04,w=0.25; a=1,lw=0.8,r=0.025,w=0.5; a=1,lw=1.2,r=0.015,w=0.5"
five_level_weak_anharmonic,continuation_robust_leak12,0.03,combined,0.001,0.0005,59,0.9191332034223509,0.00592984102477867,0.06670734639521725,0.06987580463228403,0.9466388759975355,0.003039148829038597,120,106.90225073113106,0.4223374940163891,1946,False,"low-leak seed, robust target 0.8 then leak 1.2","a=0.8,lw=1.5,r=0.04,w=0.25; a=1,lw=0.8,r=0.025,w=0.5; a=1,lw=1.2,r=0.015,w=0.5"
