task,pulse_type,train_noise_case,eval_noise_case,disorder_strength,gamma_phi,gamma_relax,seed,final_fidelity,final_infidelity,final_purity,pulse_energy
Z,closed_trained,closed_static,static_only,0.08,0.0,0.0,10,0.9978606264179474,0.0021393735820526283,0.9984403250582412,4.9225
Z,closed_trained,closed_static,static_only,0.08,0.0,0.0,11,0.998187475731221,0.001812524268778981,0.9982652589923678,4.9225
Z,closed_trained,closed_static,static_only,0.08,0.0,0.0,12,0.9978344398922911,0.0021655601077088527,0.9982447987866043,4.9225
Z,closed_trained,closed_static,static_only,0.08,0.0,0.0,13,0.9949986668119924,0.005001333188007551,0.998545207136774,4.9225
Z,closed_trained,closed_static,static_only,0.08,0.0,0.0,14,0.9972379308201627,0.0027620691798373453,0.9984902305141736,4.9225
Z,closed_trained,closed_static,static_only,0.08,0.0,0.0,15,0.9970802461220167,0.0029197538779832666,0.9984428671257797,4.9225
Z,closed_trained,closed_static,static_only,0.08,0.0,0.0,16,0.9985361971599993,0.0014638028400006942,0.9982986959278798,4.9225
Z,closed_trained,closed_static,static_only,0.08,0.0,0.0,17,0.998517669692955,0.0014823303070450322,0.9984327292267468,4.9225
Z,closed_trained,closed_static,static_only,0.08,0.0,0.0,18,0.9949855666789057,0.005014433321094303,0.9985074643262284,4.9225
Z,closed_trained,closed_static,static_only,0.08,0.0,0.0,19,0.9971065646102597,0.0028934353897402953,0.9982107260384202,4.9225
Z,closed_trained,closed_static,static_only,0.08,0.0,0.0,20,0.9983613695667575,0.0016386304332425272,0.9982757417994695,4.9225
Z,closed_trained,closed_static,static_only,0.08,0.0,0.0,21,0.9972120035801539,0.0027879964198460616,0.9983116656423812,4.9225
Z,closed_trained,closed_static,static_only,0.08,0.0,0.0,22,0.9975293581968211,0.002470641803178908,0.9984509717915946,4.9225
Z,closed_trained,closed_static,static_only,0.08,0.0,0.0,23,0.9986976193094772,0.0013023806905227975,0.9984209008013126,4.9225
Z,closed_trained,closed_static,static_only,0.08,0.0,0.0,24,0.9984591340411167,0.001540865958883253,0.9984361296594816,4.9225
Z,closed_trained,closed_static,static_only,0.08,0.0,0.0,25,0.998492717289754,0.0015072827102460273,0.9984524287118622,4.9225
Z,closed_trained,closed_static,static_only,0.08,0.0,0.0,26,0.9952271802724113,0.004772819727588695,0.9984907735394355,4.9225
Z,closed_trained,closed_static,static_only,0.08,0.0,0.0,27,0.9991018799607578,0.0008981200392421673,0.9983914324153473,4.9225
Z,closed_trained,closed_static,static_only,0.08,0.0,0.0,28,0.9989650179467163,0.0010349820532836729,0.9983444349746333,4.9225
Z,closed_trained,closed_static,static_only,0.08,0.0,0.0,29,0.999056014222955,0.00094398577704502,0.998350811921027,4.9225
Z,closed_trained,closed_static,static_only,0.08,0.0,0.0,30,0.9982740401980204,0.0017259598019796485,0.9984066595818384,4.9225
Z,closed_trained,closed_static,static_only,0.08,0.0,0.0,31,0.9986230287441774,0.00137697125582259,0.9983202098058203,4.9225
Z,closed_trained,closed_static,static_only,0.08,0.0,0.0,32,0.9980859267142529,0.0019140732857471088,0.9983479634598462,4.9225
Z,closed_trained,closed_static,static_only,0.08,0.0,0.0,33,0.9962940037135057,0.003705996286494262,0.9985377773482619,4.9225
Z,closed_trained,closed_static,static_only,0.08,0.0,0.0,34,0.9970371021212117,0.0029628978787883398,0.9984929117822687,4.9225
Z,closed_trained,closed_static,static_only,0.08,0.0,0.0,35,0.9984699997057063,0.0015300002942937319,0.9982932777722534,4.9225
Z,closed_trained,closed_static,static_only,0.08,0.0,0.0,36,0.9986087324697015,0.0013912675302985011,0.9983994491229252,4.9225
Z,closed_trained,closed_static,static_only,0.08,0.0,0.0,37,0.9980318636956159,0.0019681363043840827,0.9984824863976155,4.9225
Z,closed_trained,closed_static,static_only,0.08,0.0,0.0,38,0.9990167558640626,0.0009832441359374222,0.9984776051392872,4.9225
Z,closed_trained,closed_static,static_only,0.08,0.0,0.0,39,0.9977124775654787,0.0022875224345213496,0.9982419874234664,4.9225
Z,closed_trained,closed_static,static_only,0.08,0.0,0.0,40,0.9969948463052325,0.003005153694767504,0.9984565752625809,4.9225
Z,closed_trained,closed_static,static_only,0.08,0.0,0.0,41,0.9987904874264774,0.001209512573522642,0.9983223010522633,4.9225
Z,closed_trained,closed_static,static_only,0.08,0.0,0.0,42,0.9951589327732329,0.004841067226767137,0.9985378569375093,4.9225
Z,closed_trained,closed_static,static_only,0.08,0.0,0.0,43,0.9968128134026715,0.0031871865973285285,0.9982938528605183,4.9225
Z,closed_trained,closed_static,static_only,0.08,0.0,0.0,44,0.9990100493692862,0.0009899506307138317,0.998481631927725,4.9225
Z,closed_trained,closed_static,static_only,0.08,0.0,0.0,45,0.9953924807845291,0.004607519215470868,0.9984832604509613,4.9225
Z,closed_trained,closed_static,static_only,0.08,0.0,0.0,46,0.9962027110584142,0.003797288941585819,0.9982088327994827,4.9225
Z,closed_trained,closed_static,static_only,0.08,0.0,0.0,47,0.9990712095640317,0.0009287904359682742,0.998401311018849,4.9225
Z,closed_trained,closed_static,static_only,0.08,0.0,0.0,48,0.9963783456719384,0.0036216543280616076,0.9981946212880666,4.9225
Z,closed_trained,closed_static,static_only,0.08,0.0,0.0,49,0.9970568435710015,0.00294315642899845,0.9982460865327603,4.9225
Z,closed_trained,closed_static,static_only,0.08,0.0,0.0,50,0.9969803055579882,0.0030196944420117777,0.9985313281489262,4.9225
Z,closed_trained,closed_static,static_only,0.08,0.0,0.0,51,0.995923772696354,0.004076227303645985,0.998471009228564,4.9225
Z,closed_trained,closed_static,static_only,0.08,0.0,0.0,52,0.9987133029804486,0.0012866970195514194,0.9983123983274117,4.9225
Z,closed_trained,closed_static,static_only,0.08,0.0,0.0,53,0.9958707684143516,0.004129231585648374,0.9985229624700499,4.9225
Z,closed_trained,closed_static,static_only,0.08,0.0,0.0,54,0.9981838073184559,0.0018161926815440932,0.9984013409045581,4.9225
Z,closed_trained,closed_static,static_only,0.08,0.0,0.0,55,0.9939664005503898,0.0060335994496102385,0.9985282462610496,4.9225
Z,closed_trained,closed_static,static_only,0.08,0.0,0.0,56,0.9986252728790217,0.001374727120978303,0.9983638723061419,4.9225
Z,closed_trained,closed_static,static_only,0.08,0.0,0.0,57,0.9989856724166025,0.0010143275833974785,0.9983878995852187,4.9225
Z,closed_trained,closed_static,static_only,0.08,0.0,0.0,58,0.9990310708483462,0.0009689291516538079,0.9984054654863559,4.9225
Z,closed_trained,closed_static,static_only,0.08,0.0,0.0,59,0.9983271867956679,0.001672813204332102,0.998274198460423,4.9225
Z,closed_trained,closed_static,deph_0.005,0.08,0.005,0.0,10,0.9609141826445491,0.039085817355450914,0.9270984022813391,4.9225
Z,closed_trained,closed_static,deph_0.005,0.08,0.005,0.0,11,0.9612565726393497,0.038743427360650284,0.9270367078427328,4.9225
Z,closed_trained,closed_static,deph_0.005,0.08,0.005,0.0,12,0.9609520221768586,0.0390479778231414,0.9270313121889415,4.9225
Z,closed_trained,closed_static,deph_0.005,0.08,0.005,0.0,13,0.958367085957638,0.041632914042362024,0.9272499875824737,4.9225
Z,closed_trained,closed_static,deph_0.005,0.08,0.005,0.0,14,0.9603539308603823,0.03964606913961766,0.9271817439160652,4.9225
Z,closed_trained,closed_static,deph_0.005,0.08,0.005,0.0,15,0.9602079645941609,0.03979203540583909,0.9270773890806953,4.9225
Z,closed_trained,closed_static,deph_0.005,0.08,0.005,0.0,16,0.9615009707955193,0.03849902920448067,0.9269787565779424,4.9225
Z,closed_trained,closed_static,deph_0.005,0.08,0.005,0.0,17,0.9614198191491148,0.038580180850885215,0.9269673179218072,4.9225
Z,closed_trained,closed_static,deph_0.005,0.08,0.005,0.0,18,0.9583656980606154,0.041634301939384555,0.9272224768683232,4.9225
Z,closed_trained,closed_static,deph_0.005,0.08,0.005,0.0,19,0.9602712776427671,0.039728722357232904,0.9269659975377196,4.9225
Z,closed_trained,closed_static,deph_0.005,0.08,0.005,0.0,20,0.9613827159464197,0.038617284053580336,0.9270123093291658,4.9225
Z,closed_trained,closed_static,deph_0.005,0.08,0.005,0.0,21,0.9603379457198293,0.03966205428017067,0.927009224450234,4.9225
Z,closed_trained,closed_static,deph_0.005,0.08,0.005,0.0,22,0.9606312235727998,0.03936877642720016,0.9271365406034167,4.9225
Z,closed_trained,closed_static,deph_0.005,0.08,0.005,0.0,23,0.9615896033671573,0.038410396632842736,0.9269583181723827,4.9225
Z,closed_trained,closed_static,deph_0.005,0.08,0.005,0.0,24,0.9613730832707166,0.03862691672928342,0.9269910757503842,4.9225
Z,closed_trained,closed_static,deph_0.005,0.08,0.005,0.0,25,0.961415730639336,0.03858426936066395,0.9270402136717917,4.9225
Z,closed_trained,closed_static,deph_0.005,0.08,0.005,0.0,26,0.9585872515750776,0.041412748424922374,0.9272012118279724,4.9225
Z,closed_trained,closed_static,deph_0.005,0.08,0.005,0.0,27,0.9619971406699253,0.038002859330074745,0.9270170537513805,4.9225
Z,closed_trained,closed_static,deph_0.005,0.08,0.005,0.0,28,0.9618155808013078,0.0381844191986922,0.9268818412818806,4.9225
Z,closed_trained,closed_static,deph_0.005,0.08,0.005,0.0,29,0.9618986220546855,0.03810137794531454,0.9268949975888912,4.9225
Z,closed_trained,closed_static,deph_0.005,0.08,0.005,0.0,30,0.961223523653274,0.038776476346725985,0.9269764682457291,4.9225
Z,closed_trained,closed_static,deph_0.005,0.08,0.005,0.0,31,0.961565732704226,0.03843426729577404,0.9269772664085171,4.9225
Z,closed_trained,closed_static,deph_0.005,0.08,0.005,0.0,32,0.9611167374183129,0.03888326258168706,0.9269979309311825,4.9225
Z,closed_trained,closed_static,deph_0.005,0.08,0.005,0.0,33,0.9594816237034325,0.040518376296567515,0.9271849411592573,4.9225
Z,closed_trained,closed_static,deph_0.005,0.08,0.005,0.0,34,0.9601482826525403,0.039851717347459736,0.9271544561148723,4.9225
Z,closed_trained,closed_static,deph_0.005,0.08,0.005,0.0,35,0.9614181338957262,0.03858186610427383,0.9269322887957974,4.9225
Z,closed_trained,closed_static,deph_0.005,0.08,0.005,0.0,36,0.9615388239131654,0.038461176086834636,0.9269793709329168,4.9225
Z,closed_trained,closed_static,deph_0.005,0.08,0.005,0.0,37,0.9610208572087356,0.038979142791264354,0.9271007025064497,4.9225
Z,closed_trained,closed_static,deph_0.005,0.08,0.005,0.0,38,0.9618406728891868,0.03815932711081316,0.926967319034316,4.9225
Z,closed_trained,closed_static,deph_0.005,0.08,0.005,0.0,39,0.9608540423107919,0.039145957689208144,0.9270399198709326,4.9225
Z,closed_trained,closed_static,deph_0.005,0.08,0.005,0.0,40,0.960162844761594,0.03983715523840603,0.9271528316197435,4.9225
Z,closed_trained,closed_static,deph_0.005,0.08,0.005,0.0,41,0.9616542728430071,0.038345727156992915,0.9268597798406493,4.9225
Z,closed_trained,closed_static,deph_0.005,0.08,0.005,0.0,42,0.9585018614343565,0.04149813856564355,0.9272384211037203,4.9225
Z,closed_trained,closed_static,deph_0.005,0.08,0.005,0.0,43,0.9600048115432105,0.03999518845678951,0.9270206007393913,4.9225
Z,closed_trained,closed_static,deph_0.005,0.08,0.005,0.0,44,0.9618341973516851,0.03816580264831493,0.9269719726798128,4.9225
Z,closed_trained,closed_static,deph_0.005,0.08,0.005,0.0,45,0.9587386921737626,0.04126130782623738,0.9271941736495402,4.9225
Z,closed_trained,closed_static,deph_0.005,0.08,0.005,0.0,46,0.9594414003209503,0.040558599679049734,0.9269417152387697,4.9225
Z,closed_trained,closed_static,deph_0.005,0.08,0.005,0.0,47,0.9619506003059031,0.03804939969409693,0.9270187114086077,4.9225
Z,closed_trained,closed_static,deph_0.005,0.08,0.005,0.0,48,0.9596450439080011,0.040354956091998906,0.9269851069219711,4.9225
Z,closed_trained,closed_static,deph_0.005,0.08,0.005,0.0,49,0.9602900087066898,0.03970999129331021,0.9270544734034865,4.9225
Z,closed_trained,closed_static,deph_0.005,0.08,0.005,0.0,50,0.9600772121983419,0.039922787801658144,0.9271514696735919,4.9225
Z,closed_trained,closed_static,deph_0.005,0.08,0.005,0.0,51,0.9592065110850223,0.040793488914977694,0.9271640193415731,4.9225
Z,closed_trained,closed_static,deph_0.005,0.08,0.005,0.0,52,0.9615812353473459,0.03841876465265415,0.9268507416431588,4.9225
Z,closed_trained,closed_static,deph_0.005,0.08,0.005,0.0,53,0.9591228628599358,0.040877137140064246,0.9272045254931223,4.9225
Z,closed_trained,closed_static,deph_0.005,0.08,0.005,0.0,54,0.961164419449765,0.03883558055023495,0.9270265237888071,4.9225
Z,closed_trained,closed_static,deph_0.005,0.08,0.005,0.0,55,0.957497344750474,0.04250265524952601,0.9273233310777311,4.9225
Z,closed_trained,closed_static,deph_0.005,0.08,0.005,0.0,56,0.9615674433990845,0.03843255660091549,0.9270211469277758,4.9225
Z,closed_trained,closed_static,deph_0.005,0.08,0.005,0.0,57,0.9619043103176059,0.038095689682394074,0.9270721482319543,4.9225
Z,closed_trained,closed_static,deph_0.005,0.08,0.005,0.0,58,0.961917104957047,0.038082895042953036,0.9270276476535075,4.9225
Z,closed_trained,closed_static,deph_0.005,0.08,0.005,0.0,59,0.9613301610265017,0.038669838973498294,0.9269796316862395,4.9225
Z,closed_trained,closed_static,relax_0.002,0.08,0.0,0.002,10,0.993916610895522,0.006083389104478032,0.9906173037519793,4.9225
Z,closed_trained,closed_static,relax_0.002,0.08,0.0,0.002,11,0.994531131856367,0.00546886814363301,0.9909587148515739,4.9225
Z,closed_trained,closed_static,relax_0.002,0.08,0.0,0.002,12,0.9941730225335274,0.005826977466472649,0.9909225461285668,4.9225
Z,closed_trained,closed_static,relax_0.002,0.08,0.0,0.002,13,0.9911632283582318,0.008836771641768215,0.9909489367061635,4.9225
Z,closed_trained,closed_static,relax_0.002,0.08,0.0,0.002,14,0.9932937147722893,0.006706285227710662,0.9906675725335049,4.9225
Z,closed_trained,closed_static,relax_0.002,0.08,0.0,0.002,15,0.9932286764449985,0.0067713235550015405,0.9908012501791468,4.9225
Z,closed_trained,closed_static,relax_0.002,0.08,0.0,0.002,16,0.9948621273811993,0.005137872618800721,0.9909639683735039,4.9225
Z,closed_trained,closed_static,relax_0.002,0.08,0.0,0.002,17,0.9947123055267378,0.005287694473262161,0.990859994805681,4.9225
Z,closed_trained,closed_static,relax_0.002,0.08,0.0,0.002,18,0.9911644725192976,0.008835527480702376,0.9909312139199242,4.9225
Z,closed_trained,closed_static,relax_0.002,0.08,0.0,0.002,19,0.9934226918693562,0.006577308130643833,0.9908285106859609,4.9225
Z,closed_trained,closed_static,relax_0.002,0.08,0.0,0.002,20,0.9947028981787578,0.005297101821242212,0.9909666342141301,4.9225
Z,closed_trained,closed_static,relax_0.002,0.08,0.0,0.002,21,0.9933967311342606,0.0066032688657393646,0.9906781051612208,4.9225
Z,closed_trained,closed_static,relax_0.002,0.08,0.0,0.002,22,0.9935742161809152,0.006425783819084763,0.9906069033697822,4.9225
Z,closed_trained,closed_static,relax_0.002,0.08,0.0,0.002,23,0.9949388465879818,0.005061153412018182,0.9909398089133374,4.9225
Z,closed_trained,closed_static,relax_0.002,0.08,0.0,0.002,24,0.9946193271874726,0.0053806728125274095,0.9907958230474655,4.9225
Z,closed_trained,closed_static,relax_0.002,0.08,0.0,0.002,25,0.9946045396572978,0.0053954603427022185,0.9907243366821296,4.9225
Z,closed_trained,closed_static,relax_0.002,0.08,0.0,0.002,26,0.9913743785699409,0.008625621430059072,0.9908509075329275,4.9225
Z,closed_trained,closed_static,relax_0.002,0.08,0.0,0.002,27,0.9954197666698179,0.004580233330182093,0.9910601225499893,4.9225
Z,closed_trained,closed_static,relax_0.002,0.08,0.0,0.002,28,0.9951181368542745,0.0048818631457254735,0.99068441702385,4.9225
Z,closed_trained,closed_static,relax_0.002,0.08,0.0,0.002,29,0.9951871735434862,0.004812826456513819,0.9906476196099884,4.9225
Z,closed_trained,closed_static,relax_0.002,0.08,0.0,0.002,30,0.994471513150884,0.005528486849115999,0.9908311425322227,4.9225
Z,closed_trained,closed_static,relax_0.002,0.08,0.0,0.002,31,0.9949394002179296,0.005060599782070407,0.9909723413767235,4.9225
Z,closed_trained,closed_static,relax_0.002,0.08,0.0,0.002,32,0.9943567970816919,0.00564320291830811,0.9909087755081212,4.9225
Z,closed_trained,closed_static,relax_0.002,0.08,0.0,0.002,33,0.9925326283981364,0.007467371601863615,0.9910827438478018,4.9225
Z,closed_trained,closed_static,relax_0.002,0.08,0.0,0.002,34,0.9933169987155777,0.006683001284422341,0.9911083725700619,4.9225
Z,closed_trained,closed_static,relax_0.002,0.08,0.0,0.002,35,0.9947727283578962,0.005227271642103792,0.9909112769603642,4.9225
Z,closed_trained,closed_static,relax_0.002,0.08,0.0,0.002,36,0.9947184687957098,0.005281531204290202,0.9906742108371038,4.9225
Z,closed_trained,closed_static,relax_0.002,0.08,0.0,0.002,37,0.9941174000985445,0.005882599901455454,0.9907142311529156,4.9225
Z,closed_trained,closed_static,relax_0.002,0.08,0.0,0.002,38,0.9952667789517757,0.004733221048224268,0.9910297734415494,4.9225
Z,closed_trained,closed_static,relax_0.002,0.08,0.0,0.002,39,0.9940486515521132,0.005951348447886806,0.9909143161240259,4.9225
Z,closed_trained,closed_static,relax_0.002,0.08,0.0,0.002,40,0.993048881442783,0.006951118557216973,0.9906314349846067,4.9225
Z,closed_trained,closed_static,relax_0.002,0.08,0.0,0.002,41,0.9949791650726532,0.00502083492734684,0.9907244797045869,4.9225
Z,closed_trained,closed_static,relax_0.002,0.08,0.0,0.002,42,0.9913666300643816,0.008633369935618362,0.9910228855127573,4.9225
Z,closed_trained,closed_static,relax_0.002,0.08,0.0,0.002,43,0.9930228801950161,0.0069771198049839445,0.9907058752660192,4.9225
Z,closed_trained,closed_static,relax_0.002,0.08,0.0,0.002,44,0.9952623959952487,0.004737604004751317,0.991039445108622,4.9225
Z,closed_trained,closed_static,relax_0.002,0.08,0.0,0.002,45,0.991518313159262,0.008481686840738023,0.9908009293894585,4.9225
Z,closed_trained,closed_static,relax_0.002,0.08,0.0,0.002,46,0.9924629206165192,0.007537079383480805,0.990699446853133,4.9225
Z,closed_trained,closed_static,relax_0.002,0.08,0.0,0.002,47,0.9951476560279483,0.004852343972051698,0.9905976648363618,4.9225
Z,closed_trained,closed_static,relax_0.002,0.08,0.0,0.002,48,0.9926806919099889,0.007319308090011134,0.9907757795948161,4.9225
Z,closed_trained,closed_static,relax_0.002,0.08,0.0,0.002,49,0.9933632440715545,0.006636755928445481,0.9908557439209229,4.9225
Z,closed_trained,closed_static,relax_0.002,0.08,0.0,0.002,50,0.9932382901673056,0.006761709832694418,0.9911119741778135,4.9225
Z,closed_trained,closed_static,relax_0.002,0.08,0.0,0.002,51,0.992040510842543,0.007959489157457034,0.9907702221545316,4.9225
Z,closed_trained,closed_static,relax_0.002,0.08,0.0,0.002,52,0.9949019782537907,0.005098021746209325,0.990709398384087,4.9225
Z,closed_trained,closed_static,relax_0.002,0.08,0.0,0.002,53,0.9921105389883509,0.007889461011649113,0.9910669342074665,4.9225
Z,closed_trained,closed_static,relax_0.002,0.08,0.0,0.002,54,0.9944565438764642,0.005543456123535795,0.9909889103208587,4.9225
Z,closed_trained,closed_static,relax_0.002,0.08,0.0,0.002,55,0.990064647236351,0.009935352763648986,0.9907961048085865,4.9225
Z,closed_trained,closed_static,relax_0.002,0.08,0.0,0.002,56,0.9949423774941917,0.0050576225058083235,0.9910273932241946,4.9225
Z,closed_trained,closed_static,relax_0.002,0.08,0.0,0.002,57,0.995331929278353,0.0046680707216469886,0.9911111852321397,4.9225
Z,closed_trained,closed_static,relax_0.002,0.08,0.0,0.002,58,0.9951067649458267,0.004893235054173273,0.9906007467469421,4.9225
Z,closed_trained,closed_static,relax_0.002,0.08,0.0,0.002,59,0.9946582040858919,0.005341795914108105,0.990943120105539,4.9225
Z,closed_trained,closed_static,combined,0.08,0.005,0.002,10,0.9572578294658294,0.04274217053417062,0.9203876048229879,4.9225
Z,closed_trained,closed_static,combined,0.08,0.005,0.002,11,0.9578741038351861,0.04212589616481388,0.92077861489961,4.9225
Z,closed_trained,closed_static,combined,0.08,0.005,0.002,12,0.9575651335997069,0.04243486640029315,0.9207602326904064,4.9225
Z,closed_trained,closed_static,combined,0.08,0.005,0.002,13,0.9548084169054674,0.04519158309453264,0.9207319078467329,4.9225
Z,closed_trained,closed_static,combined,0.08,0.005,0.002,14,0.9566990394291002,0.04330096057089983,0.920474975445712,4.9225
Z,closed_trained,closed_static,combined,0.08,0.005,0.002,15,0.9566358049697141,0.04336419503028588,0.9205204702912131,4.9225
Z,closed_trained,closed_static,combined,0.08,0.005,0.002,16,0.9581007060271425,0.04189929397285752,0.9206946037217425,4.9225
Z,closed_trained,closed_static,combined,0.08,0.005,0.002,17,0.95790009506747,0.04209990493253002,0.9204854077446811,4.9225
Z,closed_trained,closed_static,combined,0.08,0.005,0.002,18,0.9548193478310054,0.045180652168994584,0.9207191549183436,4.9225
Z,closed_trained,closed_static,combined,0.08,0.005,0.002,19,0.9568639963557934,0.043136003644206555,0.9206443896915047,4.9225
Z,closed_trained,closed_static,combined,0.08,0.005,0.002,20,0.957997778806099,0.04200222119390096,0.9207512413173959,4.9225
Z,closed_trained,closed_static,combined,0.08,0.005,0.002,21,0.9568105288797306,0.043189471120269385,0.9204760018759873,4.9225
Z,closed_trained,closed_static,combined,0.08,0.005,0.002,22,0.9569641112656029,0.04303588873439712,0.9204071038794889,4.9225
Z,closed_trained,closed_static,combined,0.08,0.005,0.002,23,0.9581130526093837,0.04188694739061627,0.9205547860825642,4.9225
Z,closed_trained,closed_static,combined,0.08,0.005,0.002,24,0.9578212223436916,0.0421787776563084,0.9204507200165561,4.9225
Z,closed_trained,closed_static,combined,0.08,0.005,0.002,25,0.9578177615250223,0.04218223847497771,0.9204222758671967,4.9225
Z,closed_trained,closed_static,combined,0.08,0.005,0.002,26,0.9550114369248304,0.04498856307516963,0.9206428652039098,4.9225
Z,closed_trained,closed_static,combined,0.08,0.005,0.002,27,0.9585906885890207,0.041409311410979255,0.9207390623924434,4.9225
Z,closed_trained,closed_static,combined,0.08,0.005,0.002,28,0.958253904320745,0.041746095679255024,0.9203175137518345,4.9225
Z,closed_trained,closed_static,combined,0.08,0.005,0.002,29,0.9583170711375777,0.04168292886242231,0.9202943494274384,4.9225
Z,closed_trained,closed_static,combined,0.08,0.005,0.002,30,0.957706955185213,0.04229304481478702,0.9204927451045695,4.9225
Z,closed_trained,closed_static,combined,0.08,0.005,0.002,31,0.9581559127283819,0.04184408727161815,0.9206809478701838,4.9225
Z,closed_trained,closed_static,combined,0.08,0.005,0.002,32,0.9576682180812633,0.042331781918736655,0.9206304091261039,4.9225
Z,closed_trained,closed_static,combined,0.08,0.005,0.002,33,0.955993708936052,0.044006291063948044,0.9207906643182042,4.9225
Z,closed_trained,closed_static,combined,0.08,0.005,0.002,34,0.9566996136528805,0.043300386347119524,0.920821000705329,4.9225
Z,closed_trained,closed_static,combined,0.08,0.005,0.002,35,0.9579962352124016,0.042003764787598374,0.9206075982541462,4.9225
Z,closed_trained,closed_static,combined,0.08,0.005,0.002,36,0.9579339522520767,0.04206604774792333,0.9203547884100396,4.9225
Z,closed_trained,closed_static,combined,0.08,0.005,0.002,37,0.9573960957293571,0.04260390427064287,0.9204447310806951,4.9225
Z,closed_trained,closed_static,combined,0.08,0.005,0.002,38,0.9583705289279782,0.04162947107202175,0.9205898901915575,4.9225
Z,closed_trained,closed_static,combined,0.08,0.005,0.002,39,0.9574650814863392,0.04253491851366076,0.9207645189371063,4.9225
Z,closed_trained,closed_static,combined,0.08,0.005,0.002,40,0.9565031003360505,0.04349689966394954,0.9204380909148657,4.9225
Z,closed_trained,closed_static,combined,0.08,0.005,0.002,41,0.9581260558714375,0.04187394412856249,0.9203495295981734,4.9225
Z,closed_trained,closed_static,combined,0.08,0.005,0.002,42,0.9549832153395191,0.04501678466048087,0.9207897777707887,4.9225
Z,closed_trained,closed_static,combined,0.08,0.005,0.002,43,0.9565009296055762,0.0434990703944238,0.9205266311139442,4.9225
Z,closed_trained,closed_static,combined,0.08,0.005,0.002,44,0.9583659966037033,0.04163400339629675,0.9205990564996596,4.9225
Z,closed_trained,closed_static,combined,0.08,0.005,0.002,45,0.9551431231652484,0.04485687683475159,0.9205992810794186,4.9225
Z,closed_trained,closed_static,combined,0.08,0.005,0.002,46,0.9559834437085508,0.04401655629144918,0.9205134336421466,4.9225
Z,closed_trained,closed_static,combined,0.08,0.005,0.002,47,0.9583194049589656,0.041680595041034385,0.9203338172743709,4.9225
Z,closed_trained,closed_static,combined,0.08,0.005,0.002,48,0.9562255566259443,0.04377444337405567,0.9206332205934775,4.9225
Z,closed_trained,closed_static,combined,0.08,0.005,0.002,49,0.9568742257081625,0.043125774291837504,0.9207273102588599,4.9225
Z,closed_trained,closed_static,combined,0.08,0.005,0.002,50,0.9566085160484998,0.043391483951500165,0.9207894859602168,4.9225
Z,closed_trained,closed_static,combined,0.08,0.005,0.002,51,0.9556031306341197,0.044396869365880276,0.9205539492787307,4.9225
Z,closed_trained,closed_static,combined,0.08,0.005,0.002,52,0.9580536364975684,0.04194636350243164,0.9203369782294037,4.9225
Z,closed_trained,closed_static,combined,0.08,0.005,0.002,53,0.9556350005708908,0.04436499942910921,0.9208075376007937,4.9225
Z,closed_trained,closed_static,combined,0.08,0.005,0.002,54,0.9577110019836019,0.04228899801639807,0.9206708702861046,4.9225
Z,closed_trained,closed_static,combined,0.08,0.005,0.002,55,0.9538754814643295,0.046124518535670456,0.9206857227666634,4.9225
Z,closed_trained,closed_static,combined,0.08,0.005,0.002,56,0.9581572264384025,0.04184277356159749,0.9207331818597959,4.9225
Z,closed_trained,closed_static,combined,0.08,0.005,0.002,57,0.9585223822670261,0.04147761773297387,0.9208373538565057,4.9225
Z,closed_trained,closed_static,combined,0.08,0.005,0.002,58,0.9582852760342082,0.04171472396579179,0.9203420012756909,4.9225
Z,closed_trained,closed_static,combined,0.08,0.005,0.002,59,0.9579352674728719,0.04206473252712806,0.9206995037988606,4.9225
H,closed_trained,closed_static,static_only,0.08,0.0,0.0,10,0.999432086804419,0.0005679131955810268,0.9993917366429863,5.6075
H,closed_trained,closed_static,static_only,0.08,0.0,0.0,11,0.9985291504125979,0.0014708495874020677,0.9992936672183903,5.6075
H,closed_trained,closed_static,static_only,0.08,0.0,0.0,12,0.9987339275722653,0.001266072427734688,0.9992835609315784,5.6075
H,closed_trained,closed_static,static_only,0.08,0.0,0.0,13,0.9954087159235621,0.00459128407643794,0.9994185541659864,5.6075
H,closed_trained,closed_static,static_only,0.08,0.0,0.0,14,0.9994548323188022,0.0005451676811978334,0.9993927694882584,5.6075
H,closed_trained,closed_static,static_only,0.08,0.0,0.0,15,0.9982371683127735,0.0017628316872264627,0.999376649271743,5.6075
H,closed_trained,closed_static,static_only,0.08,0.0,0.0,16,0.9981552764870559,0.0018447235129440687,0.9992922432083087,5.6075
H,closed_trained,closed_static,static_only,0.08,0.0,0.0,17,0.9992081710197669,0.0007918289802331113,0.999317945850131,5.6075
H,closed_trained,closed_static,static_only,0.08,0.0,0.0,18,0.9959199358455051,0.004080064154494911,0.9994045419607832,5.6075
H,closed_trained,closed_static,static_only,0.08,0.0,0.0,19,0.9990908867188842,0.0009091132811157587,0.9992581065285929,5.6075
H,closed_trained,closed_static,static_only,0.08,0.0,0.0,20,0.9983506765509154,0.0016493234490846387,0.9992919102297046,5.6075
H,closed_trained,closed_static,static_only,0.08,0.0,0.0,21,0.9985344468697515,0.0014655531302485425,0.9992775292411157,5.6075
H,closed_trained,closed_static,static_only,0.08,0.0,0.0,22,0.9993730358541939,0.000626964145806097,0.9993989880150006,5.6075
H,closed_trained,closed_static,static_only,0.08,0.0,0.0,23,0.9988819762345386,0.00111802376546144,0.9993219035011902,5.6075
H,closed_trained,closed_static,static_only,0.08,0.0,0.0,24,0.9993813941847915,0.0006186058152084506,0.9993203010431466,5.6075
H,closed_trained,closed_static,static_only,0.08,0.0,0.0,25,0.9995913586827174,0.00040864131728257647,0.9993405768412174,5.6075
H,closed_trained,closed_static,static_only,0.08,0.0,0.0,26,0.9969186014076266,0.003081398592373441,0.9994036375348231,5.6075
H,closed_trained,closed_static,static_only,0.08,0.0,0.0,27,0.9980513664605477,0.0019486335394522936,0.9993426143196046,5.6075
H,closed_trained,closed_static,static_only,0.08,0.0,0.0,28,0.9996290335805658,0.0003709664194342377,0.9993221300849767,5.6075
H,closed_trained,closed_static,static_only,0.08,0.0,0.0,29,0.9996553993120154,0.00034460068798458643,0.9993295133612743,5.6075
H,closed_trained,closed_static,static_only,0.08,0.0,0.0,30,0.9991445710276692,0.0008554289723308184,0.9993043989776604,5.6075
H,closed_trained,closed_static,static_only,0.08,0.0,0.0,31,0.9979555540123914,0.0020444459876085563,0.9992988321277908,5.6075
H,closed_trained,closed_static,static_only,0.08,0.0,0.0,32,0.99881465569808,0.001185344301919966,0.9992975850536336,5.6075
H,closed_trained,closed_static,static_only,0.08,0.0,0.0,33,0.9948252866692594,0.005174713330740599,0.9994054865335065,5.6075
H,closed_trained,closed_static,static_only,0.08,0.0,0.0,34,0.9951858221222255,0.004814177877774495,0.9993818854097487,5.6075
H,closed_trained,closed_static,static_only,0.08,0.0,0.0,35,0.9984862963684568,0.0015137036315432395,0.9992842410041314,5.6075
H,closed_trained,closed_static,static_only,0.08,0.0,0.0,36,0.9995043729753936,0.000495627024606371,0.9993595578474601,5.6075
H,closed_trained,closed_static,static_only,0.08,0.0,0.0,37,0.9996345975085497,0.00036540249145033954,0.9993695836300628,5.6075
H,closed_trained,closed_static,static_only,0.08,0.0,0.0,38,0.9981498275797465,0.0018501724202535375,0.9993595390311942,5.6075
H,closed_trained,closed_static,static_only,0.08,0.0,0.0,39,0.9987842847089686,0.0012157152910313718,0.999283120999513,5.6075
H,closed_trained,closed_static,static_only,0.08,0.0,0.0,40,0.9991553705143643,0.000844629485635684,0.9994027488319631,5.6075
H,closed_trained,closed_static,static_only,0.08,0.0,0.0,41,0.9995202984149467,0.00047970158505328264,0.999304640666124,5.6075
H,closed_trained,closed_static,static_only,0.08,0.0,0.0,42,0.9947492407544561,0.005250759245543857,0.9994110524089117,5.6075
H,closed_trained,closed_static,static_only,0.08,0.0,0.0,43,0.9985034739613046,0.0014965260386954338,0.9992668473963271,5.6075
H,closed_trained,closed_static,static_only,0.08,0.0,0.0,44,0.9980188913761454,0.0019811086238545883,0.9993629562819475,5.6075
H,closed_trained,closed_static,static_only,0.08,0.0,0.0,45,0.9974595474131926,0.0025404525868073513,0.999404737466167,5.6075
H,closed_trained,closed_static,static_only,0.08,0.0,0.0,46,0.9990430515338165,0.0009569484661835492,0.9992514205528575,5.6075
H,closed_trained,closed_static,static_only,0.08,0.0,0.0,47,0.9993001190210614,0.0006998809789385829,0.9993501664553085,5.6075
H,closed_trained,closed_static,static_only,0.08,0.0,0.0,48,0.9991028666790767,0.0008971333209233379,0.9992505450451192,5.6075
H,closed_trained,closed_static,static_only,0.08,0.0,0.0,49,0.9988344831897548,0.0011655168102452373,0.9992733898680886,5.6075
H,closed_trained,closed_static,static_only,0.08,0.0,0.0,50,0.995034871286512,0.004965128713487976,0.9994008277482928,5.6075
H,closed_trained,closed_static,static_only,0.08,0.0,0.0,51,0.9979612095081953,0.002038790491804665,0.9993999690854873,5.6075
H,closed_trained,closed_static,static_only,0.08,0.0,0.0,52,0.999571702161239,0.0004282978387609715,0.999300305210159,5.6075
H,closed_trained,closed_static,static_only,0.08,0.0,0.0,53,0.9948059855754539,0.005194014424546145,0.9993998172044729,5.6075
H,closed_trained,closed_static,static_only,0.08,0.0,0.0,54,0.997196985156148,0.0028030148438520364,0.9993349660901959,5.6075
H,closed_trained,closed_static,static_only,0.08,0.0,0.0,55,0.9965098316898022,0.003490168310197772,0.9994274482308503,5.6075
H,closed_trained,closed_static,static_only,0.08,0.0,0.0,56,0.9972768489461912,0.0027231510538088255,0.9993194031154061,5.6075
H,closed_trained,closed_static,static_only,0.08,0.0,0.0,57,0.9970024510337385,0.0029975489662614763,0.9993455121502594,5.6075
H,closed_trained,closed_static,static_only,0.08,0.0,0.0,58,0.9992961061761171,0.0007038938238829173,0.9993498955155338,5.6075
H,closed_trained,closed_static,static_only,0.08,0.0,0.0,59,0.9984221450725673,0.0015778549274326759,0.9992846127775274,5.6075
H,closed_trained,closed_static,deph_0.005,0.08,0.005,0.0,10,0.9616357421076508,0.03836425789234921,0.9266364939729275,5.6075
H,closed_trained,closed_static,deph_0.005,0.08,0.005,0.0,11,0.9607560873902794,0.0392439126097206,0.92657294489166,5.6075
H,closed_trained,closed_static,deph_0.005,0.08,0.005,0.0,12,0.9609513890386074,0.03904861096139256,0.9265568428741776,5.6075
H,closed_trained,closed_static,deph_0.005,0.08,0.005,0.0,13,0.9579357093705767,0.042064290629423295,0.9267135627139167,5.6075
H,closed_trained,closed_static,deph_0.005,0.08,0.005,0.0,14,0.961678454425009,0.03832154557499101,0.9266795454502674,5.6075
H,closed_trained,closed_static,deph_0.005,0.08,0.005,0.0,15,0.9605273284934692,0.039472671506530776,0.9266803482111868,5.6075
H,closed_trained,closed_static,deph_0.005,0.08,0.005,0.0,16,0.9604069457732667,0.039593054226733315,0.9266457399799786,5.6075
H,closed_trained,closed_static,deph_0.005,0.08,0.005,0.0,17,0.9614477916388837,0.03855220836111628,0.926627957915752,5.6075
H,closed_trained,closed_static,deph_0.005,0.08,0.005,0.0,18,0.958403836814915,0.04159616318508497,0.9267496661164564,5.6075
H,closed_trained,closed_static,deph_0.005,0.08,0.005,0.0,19,0.9612957795576255,0.03870422044237454,0.9265481612394604,5.6075
H,closed_trained,closed_static,deph_0.005,0.08,0.005,0.0,20,0.9605867852069276,0.03941321479307236,0.9266055101163095,5.6075
H,closed_trained,closed_static,deph_0.005,0.08,0.005,0.0,21,0.9608498164676931,0.039150183532306926,0.9266409207666888,5.6075
H,closed_trained,closed_static,deph_0.005,0.08,0.005,0.0,22,0.9615841179470688,0.03841588205293123,0.9266433183680811,5.6075
H,closed_trained,closed_static,deph_0.005,0.08,0.005,0.0,23,0.9611301737287564,0.03886982627124358,0.926591152295154,5.6075
H,closed_trained,closed_static,deph_0.005,0.08,0.005,0.0,24,0.9616149774325302,0.038385022567469784,0.9266554860499314,5.6075
H,closed_trained,closed_static,deph_0.005,0.08,0.005,0.0,25,0.9618092603030446,0.03819073969695541,0.9266796940155251,5.6075
H,closed_trained,closed_static,deph_0.005,0.08,0.005,0.0,26,0.9593242791573129,0.04067572084268711,0.9267168448853502,5.6075
H,closed_trained,closed_static,deph_0.005,0.08,0.005,0.0,27,0.9603248377894229,0.0396751622105771,0.9265767213349514,5.6075
H,closed_trained,closed_static,deph_0.005,0.08,0.005,0.0,28,0.9618039039002471,0.03819609609975294,0.9266006836686353,5.6075
H,closed_trained,closed_static,deph_0.005,0.08,0.005,0.0,29,0.9618353928314539,0.03816460716854608,0.9265989206931877,5.6075
H,closed_trained,closed_static,deph_0.005,0.08,0.005,0.0,30,0.9613938057913246,0.03860619420867539,0.9266317361198504,5.6075
H,closed_trained,closed_static,deph_0.005,0.08,0.005,0.0,31,0.9602247746493497,0.039775225350650256,0.9266695144426852,5.6075
H,closed_trained,closed_static,deph_0.005,0.08,0.005,0.0,32,0.9610673372320677,0.03893266276793228,0.9265682606315293,5.6075
H,closed_trained,closed_static,deph_0.005,0.08,0.005,0.0,33,0.9573822468262163,0.04261775317378369,0.9267458071214514,5.6075
H,closed_trained,closed_static,deph_0.005,0.08,0.005,0.0,34,0.9577047264426406,0.0422952735573594,0.9267851603881471,5.6075
H,closed_trained,closed_static,deph_0.005,0.08,0.005,0.0,35,0.9607172259211467,0.03928277407885328,0.9266389095664138,5.6075
H,closed_trained,closed_static,deph_0.005,0.08,0.005,0.0,36,0.9616924474340112,0.038307552565988834,0.926622428581665,5.6075
H,closed_trained,closed_static,deph_0.005,0.08,0.005,0.0,37,0.961846657227714,0.03815334277228599,0.926678270813988,5.6075
H,closed_trained,closed_static,deph_0.005,0.08,0.005,0.0,38,0.9604403349097438,0.03955966509025621,0.9265990368393194,5.6075
H,closed_trained,closed_static,deph_0.005,0.08,0.005,0.0,39,0.9610022665933386,0.03899773340666135,0.9265468852802912,5.6075
H,closed_trained,closed_static,deph_0.005,0.08,0.005,0.0,40,0.9613835844227372,0.03861641557726281,0.9266448561279856,5.6075
H,closed_trained,closed_static,deph_0.005,0.08,0.005,0.0,41,0.9616973561098796,0.03830264389012039,0.9266007425951099,5.6075
H,closed_trained,closed_static,deph_0.005,0.08,0.005,0.0,42,0.9573216227314265,0.042678377268573486,0.9267587065656774,5.6075
H,closed_trained,closed_static,deph_0.005,0.08,0.005,0.0,43,0.9608217503749901,0.03917824962500993,0.9266249547409416,5.6075
H,closed_trained,closed_static,deph_0.005,0.08,0.005,0.0,44,0.9603180384352742,0.03968196156472581,0.926601561661104,5.6075
H,closed_trained,closed_static,deph_0.005,0.08,0.005,0.0,45,0.9598228551935871,0.04017714480641288,0.9266965873321894,5.6075
H,closed_trained,closed_static,deph_0.005,0.08,0.005,0.0,46,0.961297057370744,0.038702942629256,0.9265489732502039,5.6075
H,closed_trained,closed_static,deph_0.005,0.08,0.005,0.0,47,0.9615281308991526,0.03847186910084743,0.9266580160230478,5.6075
H,closed_trained,closed_static,deph_0.005,0.08,0.005,0.0,48,0.9613293607868373,0.038670639213162716,0.9265330216388401,5.6075
H,closed_trained,closed_static,deph_0.005,0.08,0.005,0.0,49,0.9610802514791499,0.03891974852085012,0.9265345797795381,5.6075
H,closed_trained,closed_static,deph_0.005,0.08,0.005,0.0,50,0.9575687413319095,0.0424312586680905,0.9267350402315919,5.6075
H,closed_trained,closed_static,deph_0.005,0.08,0.005,0.0,51,0.9602826653443056,0.03971733465569438,0.9266813505065377,5.6075
H,closed_trained,closed_static,deph_0.005,0.08,0.005,0.0,52,0.9617481839694193,0.0382518160305807,0.9265922375744124,5.6075
H,closed_trained,closed_static,deph_0.005,0.08,0.005,0.0,53,0.9573672895584131,0.042632710441586896,0.9267791208832553,5.6075
H,closed_trained,closed_static,deph_0.005,0.08,0.005,0.0,54,0.9595436884796898,0.04045631152031015,0.9267332640994306,5.6075
H,closed_trained,closed_static,deph_0.005,0.08,0.005,0.0,55,0.9589602960037822,0.04103970399621781,0.9266940932708301,5.6075
H,closed_trained,closed_static,deph_0.005,0.08,0.005,0.0,56,0.9596027451488169,0.04039725485118306,0.926711526517189,5.6075
H,closed_trained,closed_static,deph_0.005,0.08,0.005,0.0,57,0.9593443041783415,0.04065569582165851,0.9266705484207479,5.6075
H,closed_trained,closed_static,deph_0.005,0.08,0.005,0.0,58,0.9615258003933912,0.038474199606608805,0.9266640470049571,5.6075
H,closed_trained,closed_static,deph_0.005,0.08,0.005,0.0,59,0.9606539605546938,0.039346039445306236,0.9266165670096855,5.6075
H,closed_trained,closed_static,relax_0.002,0.08,0.0,0.002,10,0.995063745407228,0.004936254592772027,0.9907264977599588,5.6075
H,closed_trained,closed_static,relax_0.002,0.08,0.0,0.002,11,0.9945956000904056,0.005404399909594404,0.9913964074617105,5.6075
H,closed_trained,closed_static,relax_0.002,0.08,0.0,0.002,12,0.9947658482472224,0.005234151752777638,0.9913209774220049,5.6075
H,closed_trained,closed_static,relax_0.002,0.08,0.0,0.002,13,0.9913372898883898,0.008662710111610239,0.9912859527287982,5.6075
H,closed_trained,closed_static,relax_0.002,0.08,0.0,0.002,14,0.994993398388778,0.005006601611222017,0.9905338893898208,5.6075
H,closed_trained,closed_static,relax_0.002,0.08,0.0,0.002,15,0.9941318725392648,0.005868127460735173,0.9912103570105971,5.6075
H,closed_trained,closed_static,relax_0.002,0.08,0.0,0.002,16,0.9942518022609924,0.005748197739007588,0.9914570243765785,5.6075
H,closed_trained,closed_static,relax_0.002,0.08,0.0,0.002,17,0.9948902987933228,0.005109701206677197,0.9906811682474883,5.6075
H,closed_trained,closed_static,relax_0.002,0.08,0.0,0.002,18,0.9919231613560564,0.008076838643943596,0.9914318140089318,5.6075
H,closed_trained,closed_static,relax_0.002,0.08,0.0,0.002,19,0.9950369085852444,0.004963091414755594,0.9911356774276687,5.6075
H,closed_trained,closed_static,relax_0.002,0.08,0.0,0.002,20,0.9944413686999587,0.005558631300041306,0.9914423810226582,5.6075
H,closed_trained,closed_static,relax_0.002,0.08,0.0,0.002,21,0.9940999860125975,0.005900013987402475,0.9903973243820177,5.6075
H,closed_trained,closed_static,relax_0.002,0.08,0.0,0.002,22,0.9949825600730632,0.0050174399269368175,0.9906927538631978,5.6075
H,closed_trained,closed_static,relax_0.002,0.08,0.0,0.002,23,0.9946832210260939,0.005316778973906144,0.9909103308903899,5.6075
H,closed_trained,closed_static,relax_0.002,0.08,0.0,0.002,24,0.994984829611242,0.0050151703887579835,0.9905365935474977,5.6075
H,closed_trained,closed_static,relax_0.002,0.08,0.0,0.002,25,0.9951230617360394,0.0048769382639606285,0.9904332657193743,5.6075
H,closed_trained,closed_static,relax_0.002,0.08,0.0,0.002,26,0.9928512590150083,0.007148740984991742,0.9913095892358784,5.6075
H,closed_trained,closed_static,relax_0.002,0.08,0.0,0.002,27,0.9940855397645303,0.0059144602354697096,0.9913780807316128,5.6075
H,closed_trained,closed_static,relax_0.002,0.08,0.0,0.002,28,0.9953674029510559,0.004632597048944143,0.9908360172725968,5.6075
H,closed_trained,closed_static,relax_0.002,0.08,0.0,0.002,29,0.9953248970263904,0.004675102973609624,0.990708998119647,5.6075
H,closed_trained,closed_static,relax_0.002,0.08,0.0,0.002,30,0.9948060694493157,0.005193930550684289,0.9906216853015422,5.6075
H,closed_trained,closed_static,relax_0.002,0.08,0.0,0.002,31,0.9940591488813046,0.005940851118695356,0.9914790204431904,5.6075
H,closed_trained,closed_static,relax_0.002,0.08,0.0,0.002,32,0.9946442931546005,0.005355706845399544,0.9909330867517956,5.6075
H,closed_trained,closed_static,relax_0.002,0.08,0.0,0.002,33,0.990898900819451,0.009101099180549022,0.9915314972477007,5.6075
H,closed_trained,closed_static,relax_0.002,0.08,0.0,0.002,34,0.9913460219942228,0.008653978005777163,0.9916718296934677,5.6075
H,closed_trained,closed_static,relax_0.002,0.08,0.0,0.002,35,0.9945318549264353,0.005468145073564745,0.9913576063985224,5.6075
H,closed_trained,closed_static,relax_0.002,0.08,0.0,0.002,36,0.995232503346075,0.004767496653924952,0.990870703971406,5.6075
H,closed_trained,closed_static,relax_0.002,0.08,0.0,0.002,37,0.9951759953280337,0.004824004671966309,0.9905003761047209,5.6075
H,closed_trained,closed_static,relax_0.002,0.08,0.0,0.002,38,0.9940509635620508,0.0059490364379491956,0.9911471549466775,5.6075
H,closed_trained,closed_static,relax_0.002,0.08,0.0,0.002,39,0.9947985645011066,0.005201435498893403,0.9912857932657319,5.6075
H,closed_trained,closed_static,relax_0.002,0.08,0.0,0.002,40,0.9948145235224571,0.005185476477542861,0.9907966669104178,5.6075
H,closed_trained,closed_static,relax_0.002,0.08,0.0,0.002,41,0.99532271132151,0.004677288678490044,0.9909358925170487,5.6075
H,closed_trained,closed_static,relax_0.002,0.08,0.0,0.002,42,0.9907916769440219,0.009208323055978074,0.9914898242136374,5.6075
H,closed_trained,closed_static,relax_0.002,0.08,0.0,0.002,43,0.9941142281396611,0.005885771860338895,0.9904706193699195,5.6075
H,closed_trained,closed_static,relax_0.002,0.08,0.0,0.002,44,0.9939337629135978,0.006066237086402193,0.9911770697849331,5.6075
H,closed_trained,closed_static,relax_0.002,0.08,0.0,0.002,45,0.9933411611686371,0.006658838831362868,0.9912196042465036,5.6075
H,closed_trained,closed_static,relax_0.002,0.08,0.0,0.002,46,0.9947858996961029,0.005214100303897129,0.9907332115465843,5.6075
H,closed_trained,closed_static,relax_0.002,0.08,0.0,0.002,47,0.9947883857969637,0.0052116142030362855,0.9903641005381179,5.6075
H,closed_trained,closed_static,relax_0.002,0.08,0.0,0.002,48,0.9949690605592388,0.005030939440761162,0.9909709699130493,5.6075
H,closed_trained,closed_static,relax_0.002,0.08,0.0,0.002,49,0.9947223974769791,0.005277602523020897,0.991024390678997,5.6075
H,closed_trained,closed_static,relax_0.002,0.08,0.0,0.002,50,0.9911276227855007,0.008872377214499294,0.9915580869886542,5.6075
H,closed_trained,closed_static,relax_0.002,0.08,0.0,0.002,51,0.9938120534512868,0.006187946548713241,0.9911584054384011,5.6075
H,closed_trained,closed_static,relax_0.002,0.08,0.0,0.002,52,0.9953494166325565,0.004650583367443506,0.9908815413046757,5.6075
H,closed_trained,closed_static,relax_0.002,0.08,0.0,0.002,53,0.9909093009037759,0.009090699096224064,0.9915897089294484,5.6075
H,closed_trained,closed_static,relax_0.002,0.08,0.0,0.002,54,0.9933007332344657,0.00669926676553434,0.9915279596618345,5.6075
H,closed_trained,closed_static,relax_0.002,0.08,0.0,0.002,55,0.9923040998519941,0.007695900148005919,0.9910620652090292,5.6075
H,closed_trained,closed_static,relax_0.002,0.08,0.0,0.002,56,0.9934230382569254,0.00657696174307465,0.9915794027650373,5.6075
H,closed_trained,closed_static,relax_0.002,0.08,0.0,0.002,57,0.9931762551292286,0.00682374487077142,0.9916479742805793,5.6075
H,closed_trained,closed_static,relax_0.002,0.08,0.0,0.002,58,0.9947778335488795,0.005222166451120502,0.990350073446149,5.6075
H,closed_trained,closed_static,relax_0.002,0.08,0.0,0.002,59,0.994497988295537,0.005502011704462961,0.9914093247090539,5.6075
H,closed_trained,closed_static,combined,0.08,0.005,0.002,10,0.9575901896283231,0.042409810371676904,0.9192197730406733,5.6075
H,closed_trained,closed_static,combined,0.08,0.005,0.002,11,0.957130396704676,0.042869603295323966,0.9198400780999889,5.6075
H,closed_trained,closed_static,combined,0.08,0.005,0.002,12,0.9572923803802604,0.04270761961973957,0.9197659762311998,5.6075
H,closed_trained,closed_static,combined,0.08,0.005,0.002,13,0.9541758426898603,0.04582415731013967,0.9197716968706249,5.6075
H,closed_trained,closed_static,combined,0.08,0.005,0.002,14,0.9575438936449391,0.04245610635506092,0.9190916270924728,5.6075
H,closed_trained,closed_static,combined,0.08,0.005,0.002,15,0.9567349433003383,0.04326505669966174,0.9197061296925132,5.6075
H,closed_trained,closed_static,combined,0.08,0.005,0.002,16,0.9568098622146823,0.04319013778531766,0.9199657866707799,5.6075
H,closed_trained,closed_static,combined,0.08,0.005,0.002,17,0.9574517285535542,0.042548271446445796,0.9192373528027624,5.6075
H,closed_trained,closed_static,combined,0.08,0.005,0.002,18,0.954715631651218,0.04528436834878202,0.9199483531072917,5.6075
H,closed_trained,closed_static,combined,0.08,0.005,0.002,19,0.9575536646252056,0.042446335374794364,0.9196142221259098,5.6075
H,closed_trained,closed_static,combined,0.08,0.005,0.002,20,0.9569843238367475,0.043015676163252525,0.9199140874430027,5.6075
H,closed_trained,closed_static,combined,0.08,0.005,0.002,21,0.9567404106375805,0.04325958936241947,0.9190328453486635,5.6075
H,closed_trained,closed_static,combined,0.08,0.005,0.002,22,0.9575172871789568,0.04248271282104321,0.9191904367546171,5.6075
H,closed_trained,closed_static,combined,0.08,0.005,0.002,23,0.9572489763451897,0.042751023654810316,0.9194015130196478,5.6075
H,closed_trained,closed_static,combined,0.08,0.005,0.002,24,0.9575430109650588,0.04245698903494122,0.9191337791562851,5.6075
H,closed_trained,closed_static,combined,0.08,0.005,0.002,25,0.9576681462814428,0.04233185371855719,0.9190478975455978,5.6075
H,closed_trained,closed_static,combined,0.08,0.005,0.002,26,0.9555682114792627,0.04443178852073726,0.9198077229841322,5.6075
H,closed_trained,closed_static,combined,0.08,0.005,0.002,27,0.9566681795617966,0.04333182043820338,0.9197852433856168,5.6075
H,closed_trained,closed_static,combined,0.08,0.005,0.002,28,0.957861094614718,0.04213890538528198,0.9193416419262286,5.6075
H,closed_trained,closed_static,combined,0.08,0.005,0.002,29,0.9578261849339148,0.042173815066085196,0.9192207462480826,5.6075
H,closed_trained,closed_static,combined,0.08,0.005,0.002,30,0.9573777370409731,0.042622262959026935,0.9192000726091414,5.6075
H,closed_trained,closed_static,combined,0.08,0.005,0.002,31,0.9566343720225186,0.04336562797748145,0.9200028018529651,5.6075
H,closed_trained,closed_static,combined,0.08,0.005,0.002,32,0.9572133808522316,0.04278661914776838,0.9194206779719343,5.6075
H,closed_trained,closed_static,combined,0.08,0.005,0.002,33,0.9537621349015055,0.04623786509849448,0.9200330905823502,5.6075
H,closed_trained,closed_static,combined,0.08,0.005,0.002,34,0.954168083826867,0.04583191617313298,0.920216799127066,5.6075
H,closed_trained,closed_static,combined,0.08,0.005,0.002,35,0.9570708771136153,0.04292912288638473,0.9198770897189351,5.6075
H,closed_trained,closed_static,combined,0.08,0.005,0.002,36,0.9577397634137219,0.04226023658627809,0.9193614690818376,5.6075
H,closed_trained,closed_static,combined,0.08,0.005,0.002,37,0.9577149634722117,0.042285036527788256,0.9190808421302757,5.6075
H,closed_trained,closed_static,combined,0.08,0.005,0.002,38,0.9566553625121287,0.04334463748787132,0.9195868538707521,5.6075
H,closed_trained,closed_static,combined,0.08,0.005,0.002,39,0.9573262684400294,0.04267373155997056,0.9197254351210297,5.6075
H,closed_trained,closed_static,combined,0.08,0.005,0.002,40,0.9573644900820761,0.042635509917923864,0.9192810350538366,5.6075
H,closed_trained,closed_static,combined,0.08,0.005,0.002,41,0.9578163086238194,0.04218369137618061,0.9194457147881505,5.6075
H,closed_trained,closed_static,combined,0.08,0.005,0.002,42,0.9536712164870136,0.046328783512986416,0.9200038401381295,5.6075
H,closed_trained,closed_static,combined,0.08,0.005,0.002,43,0.9567559823583647,0.043244017641635324,0.9190918431493622,5.6075
H,closed_trained,closed_static,combined,0.08,0.005,0.002,44,0.9565462757812286,0.04345372421877136,0.919612951839786,5.6075
H,closed_trained,closed_static,combined,0.08,0.005,0.002,45,0.9560176960072628,0.04398230399273717,0.9197066297293325,5.6075
H,closed_trained,closed_static,combined,0.08,0.005,0.002,46,0.9573585396953821,0.042641460304617906,0.9192629766930995,5.6075
H,closed_trained,closed_static,combined,0.08,0.005,0.002,47,0.9573444618877741,0.04265553811222589,0.9189557031827752,5.6075
H,closed_trained,closed_static,combined,0.08,0.005,0.002,48,0.9575101304852073,0.04248986951479272,0.9194598100004725,5.6075
H,closed_trained,closed_static,combined,0.08,0.005,0.002,49,0.9572822933098064,0.04271770669019359,0.9194898695082592,5.6075
H,closed_trained,closed_static,combined,0.08,0.005,0.002,50,0.9539672545646568,0.04603274543534319,0.9200501838846369,5.6075
H,closed_trained,closed_static,combined,0.08,0.005,0.002,51,0.9564479498144329,0.04355205018556707,0.919641095433415,5.6075
H,closed_trained,closed_static,combined,0.08,0.005,0.002,52,0.957843321500383,0.04215667849961702,0.9193928677912455,5.6075
H,closed_trained,closed_static,combined,0.08,0.005,0.002,53,0.9537755911239721,0.046224408876027856,0.9201223822533345,5.6075
H,closed_trained,closed_static,combined,0.08,0.005,0.002,54,0.9559529524393697,0.04404704756063027,0.9200773812072078,5.6075
H,closed_trained,closed_static,combined,0.08,0.005,0.002,55,0.9550711429781055,0.04492885702189453,0.9195456532963951,5.6075
H,closed_trained,closed_static,combined,0.08,0.005,0.002,56,0.956053255773184,0.04394674422681599,0.9201157249293462,5.6075
H,closed_trained,closed_static,combined,0.08,0.005,0.002,57,0.9558218413839124,0.04417815861608765,0.9201147102938434,5.6075
H,closed_trained,closed_static,combined,0.08,0.005,0.002,58,0.9573358751820038,0.042664124817996196,0.9189495253067815,5.6075
H,closed_trained,closed_static,combined,0.08,0.005,0.002,59,0.9570370513303198,0.0429629486696802,0.9199015023840496,5.6075
Z,open_trained,trained_combined,static_only,0.08,0.0,0.0,10,0.9878372320373638,0.012162767962636156,0.9779104383215927,3.75
Z,open_trained,trained_combined,static_only,0.08,0.0,0.0,11,0.9893404399823272,0.010659560017672765,0.9819193687693062,3.75
Z,open_trained,trained_combined,static_only,0.08,0.0,0.0,12,0.9897712655569384,0.010228734443061605,0.9820600024548714,3.75
Z,open_trained,trained_combined,static_only,0.08,0.0,0.0,13,0.9882676058393896,0.011732394160610449,0.9788232887681436,3.75
Z,open_trained,trained_combined,static_only,0.08,0.0,0.0,14,0.9866449516811373,0.013355048318862695,0.9791867661090637,3.75
Z,open_trained,trained_combined,static_only,0.08,0.0,0.0,15,0.9884877008353916,0.011512299164608386,0.9785012096412666,3.75
Z,open_trained,trained_combined,static_only,0.08,0.0,0.0,16,0.9884814876583743,0.011518512341625708,0.9814149319331598,3.75
Z,open_trained,trained_combined,static_only,0.08,0.0,0.0,17,0.9890962753400782,0.010903724659921843,0.9810967392729397,3.75
Z,open_trained,trained_combined,static_only,0.08,0.0,0.0,18,0.9881954944462938,0.011804505553706157,0.978470141570638,3.75
Z,open_trained,trained_combined,static_only,0.08,0.0,0.0,19,0.9902753548071657,0.009724645192834336,0.9821468799639703,3.75
Z,open_trained,trained_combined,static_only,0.08,0.0,0.0,20,0.9888941047550379,0.011105895244962083,0.9817582378089555,3.75
Z,open_trained,trained_combined,static_only,0.08,0.0,0.0,21,0.9888835368239837,0.011116463176016333,0.9815667905654405,3.75
Z,open_trained,trained_combined,static_only,0.08,0.0,0.0,22,0.9876407834079627,0.012359216592037314,0.9778121358842639,3.75
Z,open_trained,trained_combined,static_only,0.08,0.0,0.0,23,0.9896887916275192,0.010311208372480785,0.9811800524290992,3.75
Z,open_trained,trained_combined,static_only,0.08,0.0,0.0,24,0.9883507220911261,0.011649277908873934,0.9809668824900242,3.75
Z,open_trained,trained_combined,static_only,0.08,0.0,0.0,25,0.9871305852486176,0.012869414751382369,0.9804702821189754,3.75
Z,open_trained,trained_combined,static_only,0.08,0.0,0.0,26,0.9885239361969539,0.01147606380304611,0.9782008165029148,3.75
Z,open_trained,trained_combined,static_only,0.08,0.0,0.0,27,0.9890732857080184,0.010926714291981554,0.9811894633999622,3.75
Z,open_trained,trained_combined,static_only,0.08,0.0,0.0,28,0.9884749233058747,0.01152507669412528,0.9795515296603793,3.75
Z,open_trained,trained_combined,static_only,0.08,0.0,0.0,29,0.9882129505078812,0.01178704949211884,0.9794260833735946,3.75
Z,open_trained,trained_combined,static_only,0.08,0.0,0.0,30,0.9892227553010132,0.010777244698986777,0.98129643735212,3.75
Z,open_trained,trained_combined,static_only,0.08,0.0,0.0,31,0.9881937107360971,0.011806289263902925,0.9811531573571282,3.75
Z,open_trained,trained_combined,static_only,0.08,0.0,0.0,32,0.9903643625256282,0.009635637474371794,0.981672082756703,3.75
Z,open_trained,trained_combined,static_only,0.08,0.0,0.0,33,0.9875370918493712,0.012462908150628782,0.9792439187164629,3.75
Z,open_trained,trained_combined,static_only,0.08,0.0,0.0,34,0.9868245985367395,0.013175401463260461,0.9795864239135152,3.75
Z,open_trained,trained_combined,static_only,0.08,0.0,0.0,35,0.9887452338643765,0.011254766135623484,0.9812554076821101,3.75
Z,open_trained,trained_combined,static_only,0.08,0.0,0.0,36,0.9883126720642061,0.011687327935793856,0.9785918257602212,3.75
Z,open_trained,trained_combined,static_only,0.08,0.0,0.0,37,0.9868959204568982,0.013104079543101776,0.9798979928065997,3.75
Z,open_trained,trained_combined,static_only,0.08,0.0,0.0,38,0.9890349547039511,0.010965045296048914,0.9806084342263992,3.75
Z,open_trained,trained_combined,static_only,0.08,0.0,0.0,39,0.9899853056868488,0.010014694313151162,0.9821067762776434,3.75
Z,open_trained,trained_combined,static_only,0.08,0.0,0.0,40,0.988070912585717,0.011929087414283002,0.9777017787773846,3.75
Z,open_trained,trained_combined,static_only,0.08,0.0,0.0,41,0.9887272107954922,0.011272789204507805,0.9800274069001256,3.75
Z,open_trained,trained_combined,static_only,0.08,0.0,0.0,42,0.9878235105496032,0.012176489450396843,0.9788507660927999,3.75
Z,open_trained,trained_combined,static_only,0.08,0.0,0.0,43,0.989652259249095,0.010347740750905055,0.9818492237498618,3.75
Z,open_trained,trained_combined,static_only,0.08,0.0,0.0,44,0.9889562148430461,0.011043785156953922,0.9805550445744586,3.75
Z,open_trained,trained_combined,static_only,0.08,0.0,0.0,45,0.9886533503642994,0.011346649635700645,0.9780229826471247,3.75
Z,open_trained,trained_combined,static_only,0.08,0.0,0.0,46,0.9904192547445183,0.009580745255481693,0.98201953054394,3.75
Z,open_trained,trained_combined,static_only,0.08,0.0,0.0,47,0.9863429983978512,0.013657001602148777,0.979487232948616,3.75
Z,open_trained,trained_combined,static_only,0.08,0.0,0.0,48,0.9907691688073492,0.009230831192650779,0.982301940712015,3.75
Z,open_trained,trained_combined,static_only,0.08,0.0,0.0,49,0.9908709198932408,0.009129080106759169,0.9822099701462417,3.75
Z,open_trained,trained_combined,static_only,0.08,0.0,0.0,50,0.9874000337789222,0.01259996622107784,0.9794784754639795,3.75
Z,open_trained,trained_combined,static_only,0.08,0.0,0.0,51,0.9886575077277947,0.011342492272205296,0.9779986912421349,3.75
Z,open_trained,trained_combined,static_only,0.08,0.0,0.0,52,0.9887779563364949,0.011222043663505099,0.9801559227575811,3.75
Z,open_trained,trained_combined,static_only,0.08,0.0,0.0,53,0.9873622570026288,0.012637742997371193,0.9790945545616736,3.75
Z,open_trained,trained_combined,static_only,0.08,0.0,0.0,54,0.9875718480378104,0.012428151962189604,0.9800949129324965,3.75
Z,open_trained,trained_combined,static_only,0.08,0.0,0.0,55,0.9884616602373897,0.011538339762610317,0.97830928476155,3.75
Z,open_trained,trained_combined,static_only,0.08,0.0,0.0,56,0.9875161449983413,0.012483855001658717,0.9808118328883902,3.75
Z,open_trained,trained_combined,static_only,0.08,0.0,0.0,57,0.9873484820596454,0.012651517940354573,0.9809901452274054,3.75
Z,open_trained,trained_combined,static_only,0.08,0.0,0.0,58,0.9862239515860982,0.013776048413901787,0.9795548071475797,3.75
Z,open_trained,trained_combined,static_only,0.08,0.0,0.0,59,0.9889055079837462,0.011094492016253787,0.9816659014155826,3.75
Z,open_trained,trained_combined,deph_0.005,0.08,0.005,0.0,10,0.9522594772801589,0.04774052271984108,0.9107375178034987,3.75
Z,open_trained,trained_combined,deph_0.005,0.08,0.005,0.0,11,0.9531952919779372,0.046804708022062824,0.913144974750898,3.75
Z,open_trained,trained_combined,deph_0.005,0.08,0.005,0.0,12,0.9536241234749225,0.046375876525077464,0.9133282813932997,3.75
Z,open_trained,trained_combined,deph_0.005,0.08,0.005,0.0,13,0.9518602987201059,0.04813970127989409,0.9101989542774307,3.75
Z,open_trained,trained_combined,deph_0.005,0.08,0.005,0.0,14,0.9505605568288749,0.04943944317112514,0.9107611665669079,3.75
Z,open_trained,trained_combined,deph_0.005,0.08,0.005,0.0,15,0.9526397366494209,0.04736026335057908,0.9111638356318825,3.75
Z,open_trained,trained_combined,deph_0.005,0.08,0.005,0.0,16,0.9523086434036752,0.04769135659632484,0.9127894895366544,3.75
Z,open_trained,trained_combined,deph_0.005,0.08,0.005,0.0,17,0.952871940869868,0.04712805913013196,0.9127941886537227,3.75
Z,open_trained,trained_combined,deph_0.005,0.08,0.005,0.0,18,0.952085894276127,0.047914105723873,0.9106136352969736,3.75
Z,open_trained,trained_combined,deph_0.005,0.08,0.005,0.0,19,0.9541183896928032,0.04588161030719684,0.9136052166965088,3.75
Z,open_trained,trained_combined,deph_0.005,0.08,0.005,0.0,20,0.9527298927384428,0.047270107261557226,0.9129959546120927,3.75
Z,open_trained,trained_combined,deph_0.005,0.08,0.005,0.0,21,0.9528906888556343,0.04710931114436567,0.9136756542277298,3.75
Z,open_trained,trained_combined,deph_0.005,0.08,0.005,0.0,22,0.9520521319207892,0.04794786807921081,0.9105391127440035,3.75
Z,open_trained,trained_combined,deph_0.005,0.08,0.005,0.0,23,0.9534750129924784,0.04652498700752161,0.9128156335617813,3.75
Z,open_trained,trained_combined,deph_0.005,0.08,0.005,0.0,24,0.9521566074726607,0.04784339252733927,0.9126926208670194,3.75
Z,open_trained,trained_combined,deph_0.005,0.08,0.005,0.0,25,0.9510050073623788,0.04899499263762119,0.9121789488126039,3.75
Z,open_trained,trained_combined,deph_0.005,0.08,0.005,0.0,26,0.9525509661994258,0.04744903380057419,0.9106289184583602,3.75
Z,open_trained,trained_combined,deph_0.005,0.08,0.005,0.0,27,0.9529258762347899,0.04707412376521014,0.9125435542901728,3.75
Z,open_trained,trained_combined,deph_0.005,0.08,0.005,0.0,28,0.9527149036329776,0.04728509636702238,0.9122168659166703,3.75
Z,open_trained,trained_combined,deph_0.005,0.08,0.005,0.0,29,0.9525198122932415,0.04748018770675855,0.9121612534179317,3.75
Z,open_trained,trained_combined,deph_0.005,0.08,0.005,0.0,30,0.9530351438383737,0.04696485616162627,0.9130685433776344,3.75
Z,open_trained,trained_combined,deph_0.005,0.08,0.005,0.0,31,0.9520264762402193,0.0479735237597807,0.9126178371411702,3.75
Z,open_trained,trained_combined,deph_0.005,0.08,0.005,0.0,32,0.9542134471340353,0.04578655286596467,0.913335555862029,3.75
Z,open_trained,trained_combined,deph_0.005,0.08,0.005,0.0,33,0.9511810024227597,0.048818997577240286,0.910637326104949,3.75
Z,open_trained,trained_combined,deph_0.005,0.08,0.005,0.0,34,0.95059582219294,0.04940417780705997,0.9111635604342961,3.75
Z,open_trained,trained_combined,deph_0.005,0.08,0.005,0.0,35,0.952591870189098,0.04740812981090203,0.9128272065939971,3.75
Z,open_trained,trained_combined,deph_0.005,0.08,0.005,0.0,36,0.9526508334597684,0.04734916654023158,0.9114624035607161,3.75
Z,open_trained,trained_combined,deph_0.005,0.08,0.005,0.0,37,0.9507319494397967,0.049268050560203336,0.9114451196326099,3.75
Z,open_trained,trained_combined,deph_0.005,0.08,0.005,0.0,38,0.9527595388637728,0.04724046113622715,0.9120597761536011,3.75
Z,open_trained,trained_combined,deph_0.005,0.08,0.005,0.0,39,0.9538453442978011,0.0461546557021989,0.9133999141904401,3.75
Z,open_trained,trained_combined,deph_0.005,0.08,0.005,0.0,40,0.9524509427867804,0.04754905721321956,0.9104708285538108,3.75
Z,open_trained,trained_combined,deph_0.005,0.08,0.005,0.0,41,0.9528606298853328,0.04713937011466718,0.9124884179304951,3.75
Z,open_trained,trained_combined,deph_0.005,0.08,0.005,0.0,42,0.9514979998416824,0.048502000158317626,0.9104257665701956,3.75
Z,open_trained,trained_combined,deph_0.005,0.08,0.005,0.0,43,0.953604352664273,0.046395647335726986,0.9138762035908131,3.75
Z,open_trained,trained_combined,deph_0.005,0.08,0.005,0.0,44,0.952676785880772,0.04732321411922802,0.9119872703013481,3.75
Z,open_trained,trained_combined,deph_0.005,0.08,0.005,0.0,45,0.9527604651449664,0.04723953485503363,0.9105824536245388,3.75
Z,open_trained,trained_combined,deph_0.005,0.08,0.005,0.0,46,0.9543611766436664,0.045638823356333624,0.9139422973858913,3.75
Z,open_trained,trained_combined,deph_0.005,0.08,0.005,0.0,47,0.9506679956976712,0.04933200430232876,0.9119159663091312,3.75
Z,open_trained,trained_combined,deph_0.005,0.08,0.005,0.0,48,0.9546343643237445,0.04536563567625551,0.913891002416861,3.75
Z,open_trained,trained_combined,deph_0.005,0.08,0.005,0.0,49,0.9547496646921585,0.045250335307841505,0.913751820210199,3.75
Z,open_trained,trained_combined,deph_0.005,0.08,0.005,0.0,50,0.9510589855772877,0.04894101442271226,0.9108186613771857,3.75
Z,open_trained,trained_combined,deph_0.005,0.08,0.005,0.0,51,0.9528318178003525,0.04716818219964747,0.9106723270463104,3.75
Z,open_trained,trained_combined,deph_0.005,0.08,0.005,0.0,52,0.9529160699010432,0.04708393009895684,0.9126085809564981,3.75
Z,open_trained,trained_combined,deph_0.005,0.08,0.005,0.0,53,0.951088674620346,0.048911325379654036,0.9107308942053878,3.75
Z,open_trained,trained_combined,deph_0.005,0.08,0.005,0.0,54,0.9514500470528039,0.04854995294719611,0.9119427245652519,3.75
Z,open_trained,trained_combined,deph_0.005,0.08,0.005,0.0,55,0.9521928572500293,0.047807142749970666,0.9098664726826103,3.75
Z,open_trained,trained_combined,deph_0.005,0.08,0.005,0.0,56,0.9513483494608772,0.04865165053912279,0.9122843905963798,3.75
Z,open_trained,trained_combined,deph_0.005,0.08,0.005,0.0,57,0.9511967777769006,0.04880322222309941,0.9121875457245479,3.75
Z,open_trained,trained_combined,deph_0.005,0.08,0.005,0.0,58,0.9505255840369866,0.049474415963013385,0.9119221919257819,3.75
Z,open_trained,trained_combined,deph_0.005,0.08,0.005,0.0,59,0.952732256918356,0.047267743081644054,0.9129900455502343,3.75
Z,open_trained,trained_combined,relax_0.002,0.08,0.0,0.002,10,0.9835547277618624,0.01644527223813763,0.969608746064148,3.75
Z,open_trained,trained_combined,relax_0.002,0.08,0.0,0.002,11,0.9854375442415341,0.014562455758465931,0.9743014228822036,3.75
Z,open_trained,trained_combined,relax_0.002,0.08,0.0,0.002,12,0.9858352271471919,0.01416477285280815,0.9743855415235727,3.75
Z,open_trained,trained_combined,relax_0.002,0.08,0.0,0.002,13,0.9839248804804529,0.0160751195195471,0.9702462484228616,3.75
Z,open_trained,trained_combined,relax_0.002,0.08,0.0,0.002,14,0.9818318685485223,0.018168131451477665,0.9697013728848731,3.75
Z,open_trained,trained_combined,relax_0.002,0.08,0.0,0.002,15,0.9845847745980106,0.015415225401989363,0.9709053221492273,3.75
Z,open_trained,trained_combined,relax_0.002,0.08,0.0,0.002,16,0.9847636333577539,0.015236366642246146,0.9741603592429877,3.75
Z,open_trained,trained_combined,relax_0.002,0.08,0.0,0.002,17,0.9843133508216875,0.01568664917831253,0.971627700380431,3.75
Z,open_trained,trained_combined,relax_0.002,0.08,0.0,0.002,18,0.9842430601674469,0.015756939832553107,0.9707135165764591,3.75
Z,open_trained,trained_combined,relax_0.002,0.08,0.0,0.002,19,0.9863463181585819,0.01365368184141813,0.9745053744863125,3.75
Z,open_trained,trained_combined,relax_0.002,0.08,0.0,0.002,20,0.9850912609438814,0.014908739056118558,0.9743380370985119,3.75
Z,open_trained,trained_combined,relax_0.002,0.08,0.0,0.002,21,0.9842363557615363,0.01576364423846366,0.9724204969200828,3.75
Z,open_trained,trained_combined,relax_0.002,0.08,0.0,0.002,22,0.9832882820012845,0.016711717998715514,0.9693690062503669,3.75
Z,open_trained,trained_combined,relax_0.002,0.08,0.0,0.002,23,0.985061850335623,0.01493814966437701,0.9720374400635657,3.75
Z,open_trained,trained_combined,relax_0.002,0.08,0.0,0.002,24,0.9834986735354698,0.016501326464530175,0.9713543530212643,3.75
Z,open_trained,trained_combined,relax_0.002,0.08,0.0,0.002,25,0.9822469470694302,0.017753052930569835,0.9707985296191133,3.75
Z,open_trained,trained_combined,relax_0.002,0.08,0.0,0.002,26,0.9845465983450908,0.01545340165490916,0.9704321683392658,3.75
Z,open_trained,trained_combined,relax_0.002,0.08,0.0,0.002,27,0.9848657005406595,0.015134299459340528,0.9729052571355625,3.75
Z,open_trained,trained_combined,relax_0.002,0.08,0.0,0.002,28,0.9844709755467768,0.015529024453223239,0.971777317194777,3.75
Z,open_trained,trained_combined,relax_0.002,0.08,0.0,0.002,29,0.9840965012158389,0.015903498784161085,0.9714311084652111,3.75
Z,open_trained,trained_combined,relax_0.002,0.08,0.0,0.002,30,0.9844436649104179,0.015556335089582096,0.9718420998608965,3.75
Z,open_trained,trained_combined,relax_0.002,0.08,0.0,0.002,31,0.9845041502478323,0.015495849752167667,0.9739478787226429,3.75
Z,open_trained,trained_combined,relax_0.002,0.08,0.0,0.002,32,0.9858501910213395,0.014149808978660472,0.9727863465095353,3.75
Z,open_trained,trained_combined,relax_0.002,0.08,0.0,0.002,33,0.9834303359109824,0.01656966408901761,0.9711061484225614,3.75
Z,open_trained,trained_combined,relax_0.002,0.08,0.0,0.002,34,0.9830023272123166,0.016997672787683382,0.972024909308149,3.75
Z,open_trained,trained_combined,relax_0.002,0.08,0.0,0.002,35,0.9850297571990586,0.014970242800941391,0.9740177244029483,3.75
Z,open_trained,trained_combined,relax_0.002,0.08,0.0,0.002,36,0.9842566692524117,0.01574333074758827,0.9707271253546151,3.75
Z,open_trained,trained_combined,relax_0.002,0.08,0.0,0.002,37,0.9820193685618102,0.017980631438189842,0.9702511089692735,3.75
Z,open_trained,trained_combined,relax_0.002,0.08,0.0,0.002,38,0.9845232204821418,0.015476779517858197,0.9716798583149411,3.75
Z,open_trained,trained_combined,relax_0.002,0.08,0.0,0.002,39,0.9859993460518247,0.01400065394817529,0.9743327325355233,3.75
Z,open_trained,trained_combined,relax_0.002,0.08,0.0,0.002,40,0.9837916321215515,0.016208367878448482,0.9694067748965416,3.75
Z,open_trained,trained_combined,relax_0.002,0.08,0.0,0.002,41,0.9848142189934734,0.015185781006526566,0.9724258833393418,3.75
Z,open_trained,trained_combined,relax_0.002,0.08,0.0,0.002,42,0.9837367017579148,0.016263298242085167,0.9707741765216534,3.75
Z,open_trained,trained_combined,relax_0.002,0.08,0.0,0.002,43,0.9850270132643606,0.014972986735639404,0.972750150017096,3.75
Z,open_trained,trained_combined,relax_0.002,0.08,0.0,0.002,44,0.9844655709581767,0.015534429041823339,0.9716673124425635,3.75
Z,open_trained,trained_combined,relax_0.002,0.08,0.0,0.002,45,0.9846329380866878,0.015367061913312163,0.970189981341493,3.75
Z,open_trained,trained_combined,relax_0.002,0.08,0.0,0.002,46,0.9862430260459287,0.013756973954071272,0.9738792668338997,3.75
Z,open_trained,trained_combined,relax_0.002,0.08,0.0,0.002,47,0.9817600437850279,0.018239956214972097,0.9705116481026586,3.75
Z,open_trained,trained_combined,relax_0.002,0.08,0.0,0.002,48,0.98670189807213,0.013298101927869954,0.9743844143163244,3.75
Z,open_trained,trained_combined,relax_0.002,0.08,0.0,0.002,49,0.9866035561328503,0.013396443867149666,0.973864417045363,3.75
Z,open_trained,trained_combined,relax_0.002,0.08,0.0,0.002,50,0.9833020668343071,0.016697933165692902,0.9713523046858866,3.75
Z,open_trained,trained_combined,relax_0.002,0.08,0.0,0.002,51,0.9846327506642668,0.01536724933573319,0.9701706952194247,3.75
Z,open_trained,trained_combined,relax_0.002,0.08,0.0,0.002,52,0.9848303977551356,0.01516960224486441,0.9724864049382823,3.75
Z,open_trained,trained_combined,relax_0.002,0.08,0.0,0.002,53,0.9834165662302975,0.016583433769702505,0.9712913093985123,3.75
Z,open_trained,trained_combined,relax_0.002,0.08,0.0,0.002,54,0.9838937539039279,0.01610624609607214,0.9728875196552252,3.75
Z,open_trained,trained_combined,relax_0.002,0.08,0.0,0.002,55,0.984002860212152,0.015997139787848003,0.969555425080667,3.75
Z,open_trained,trained_combined,relax_0.002,0.08,0.0,0.002,56,0.9838417234989592,0.016158276501040847,0.9736106192680191,3.75
Z,open_trained,trained_combined,relax_0.002,0.08,0.0,0.002,57,0.983503620052043,0.01649637994795705,0.9734204844512684,3.75
Z,open_trained,trained_combined,relax_0.002,0.08,0.0,0.002,58,0.9816054551605895,0.018394544839410498,0.9704992220264503,3.75
Z,open_trained,trained_combined,relax_0.002,0.08,0.0,0.002,59,0.9851448190589881,0.014855180941011903,0.9743355434054647,3.75
Z,open_trained,trained_combined,combined,0.08,0.005,0.002,10,0.9482893858947069,0.051710614105293096,0.9036104494373172,3.75
Z,open_trained,trained_combined,combined,0.08,0.005,0.002,11,0.9495959773774607,0.05040402262253929,0.9066423416451044,3.75
Z,open_trained,trained_combined,combined,0.08,0.005,0.002,12,0.9499925435683894,0.05000745643161064,0.906774018945566,3.75
Z,open_trained,trained_combined,combined,0.08,0.005,0.002,13,0.9478401074606319,0.05215989253936815,0.9028413602932792,3.75
Z,open_trained,trained_combined,combined,0.08,0.005,0.002,14,0.9460834556268874,0.05391654437311255,0.902592024602781,3.75
Z,open_trained,trained_combined,combined,0.08,0.005,0.002,15,0.9490391656297174,0.05096083437028265,0.9046676643457268,3.75
Z,open_trained,trained_combined,combined,0.08,0.005,0.002,16,0.9488894603167985,0.05111053968320145,0.9066149517867894,3.75
Z,open_trained,trained_combined,combined,0.08,0.005,0.002,17,0.948423732015371,0.051576267984629,0.9046253974589341,3.75
Z,open_trained,trained_combined,combined,0.08,0.005,0.002,18,0.9484402074828193,0.05155979251718068,0.9039793775748358,3.75
Z,open_trained,trained_combined,combined,0.08,0.005,0.002,19,0.950493578055552,0.04950642194444799,0.9070796986120753,3.75
Z,open_trained,trained_combined,combined,0.08,0.005,0.002,20,0.9492279402501331,0.05077205974986687,0.9066725339889027,3.75
Z,open_trained,trained_combined,combined,0.08,0.005,0.002,21,0.9485712310751477,0.051428768924852264,0.9057934011551358,3.75
Z,open_trained,trained_combined,combined,0.08,0.005,0.002,22,0.9480145895035312,0.051985410496468765,0.9032873362206663,3.75
Z,open_trained,trained_combined,combined,0.08,0.005,0.002,23,0.9491767915683424,0.05082320843165755,0.9049377429034041,3.75
Z,open_trained,trained_combined,combined,0.08,0.005,0.002,24,0.9476418314168724,0.052358168583127584,0.9043974406672739,3.75
Z,open_trained,trained_combined,combined,0.08,0.005,0.002,25,0.9464597321883574,0.05354026781164256,0.9038353359311946,3.75
Z,open_trained,trained_combined,combined,0.08,0.005,0.002,26,0.9488797391869582,0.051120260813041773,0.9039803776405315,3.75
Z,open_trained,trained_combined,combined,0.08,0.005,0.002,27,0.9490320817473333,0.050967918252666666,0.9054389545082338,3.75
Z,open_trained,trained_combined,combined,0.08,0.005,0.002,28,0.9490153316535899,0.050984668346410134,0.9055628148087342,3.75
Z,open_trained,trained_combined,combined,0.08,0.005,0.002,29,0.9487108988357582,0.05128910116424179,0.9053089983385265,3.75
Z,open_trained,trained_combined,combined,0.08,0.005,0.002,30,0.9485901603901231,0.051409839609876884,0.9049115557666471,3.75
Z,open_trained,trained_combined,combined,0.08,0.005,0.002,31,0.9486348819166579,0.0513651180833421,0.9064870349168102,3.75
Z,open_trained,trained_combined,combined,0.08,0.005,0.002,32,0.9500229602207586,0.049977039779241395,0.9056859016046109,3.75
Z,open_trained,trained_combined,combined,0.08,0.005,0.002,33,0.9473884568034843,0.05261154319651573,0.903671002047004,3.75
Z,open_trained,trained_combined,combined,0.08,0.005,0.002,34,0.9470774440688792,0.05292255593112083,0.9047113127302651,3.75
Z,open_trained,trained_combined,combined,0.08,0.005,0.002,35,0.9491747812420483,0.05082521875795165,0.9066661319164451,3.75
Z,open_trained,trained_combined,combined,0.08,0.005,0.002,36,0.9489002655567724,0.051099734443227574,0.9047246436637191,3.75
Z,open_trained,trained_combined,combined,0.08,0.005,0.002,37,0.9461941662358018,0.05380583376419823,0.9031287127511424,3.75
Z,open_trained,trained_combined,combined,0.08,0.005,0.002,38,0.9485735815722165,0.051426418427783505,0.9043778682058402,3.75
Z,open_trained,trained_combined,combined,0.08,0.005,0.002,39,0.9501652639395171,0.04983473606048294,0.906755206791999,3.75
Z,open_trained,trained_combined,combined,0.08,0.005,0.002,40,0.9484843604900203,0.05151563950997973,0.9033501192632126,3.75
Z,open_trained,trained_combined,combined,0.08,0.005,0.002,41,0.9492498835902894,0.05075011640971061,0.9059913164542754,3.75
Z,open_trained,trained_combined,combined,0.08,0.005,0.002,42,0.9477245062197986,0.052275493780201354,0.9035125927584156,3.75
Z,open_trained,trained_combined,combined,0.08,0.005,0.002,43,0.9493061878641781,0.050693812135821914,0.9060351995305638,3.75
Z,open_trained,trained_combined,combined,0.08,0.005,0.002,44,0.9485112805988676,0.05148871940113242,0.9043424167934588,3.75
Z,open_trained,trained_combined,combined,0.08,0.005,0.002,45,0.9490467386612499,0.05095326133875011,0.9038748992890585,3.75
Z,open_trained,trained_combined,combined,0.08,0.005,0.002,46,0.9504964352195393,0.049503564780460696,0.9069640386458405,3.75
Z,open_trained,trained_combined,combined,0.08,0.005,0.002,47,0.9464088365972196,0.05359116340278036,0.904191087307111,3.75
Z,open_trained,trained_combined,combined,0.08,0.005,0.002,48,0.9508753745647996,0.04912462543520035,0.907114983830626,3.75
Z,open_trained,trained_combined,combined,0.08,0.005,0.002,49,0.95079690463049,0.04920309536950995,0.9065885486589506,3.75
Z,open_trained,trained_combined,combined,0.08,0.005,0.002,50,0.9472747163106526,0.05272528368934737,0.9038627651753385,3.75
Z,open_trained,trained_combined,combined,0.08,0.005,0.002,51,0.9491132037486019,0.050886796251398136,0.903968057723482,3.75
Z,open_trained,trained_combined,combined,0.08,0.005,0.002,52,0.9492717673961275,0.05072823260387249,0.9060506256828825,3.75
Z,open_trained,trained_combined,combined,0.08,0.005,0.002,53,0.9474512663483815,0.052548733651618496,0.9040613604591674,3.75
Z,open_trained,trained_combined,combined,0.08,0.005,0.002,54,0.9480697889703718,0.05193021102962825,0.9058056430648745,3.75
Z,open_trained,trained_combined,combined,0.08,0.005,0.002,55,0.948059205875443,0.05194079412455699,0.9023505525560376,3.75
Z,open_trained,trained_combined,combined,0.08,0.005,0.002,56,0.9479718284221275,0.05202817157787254,0.9061572099158588,3.75
Z,open_trained,trained_combined,combined,0.08,0.005,0.002,57,0.9476548343785496,0.05234516562145042,0.9057303240513775,3.75
Z,open_trained,trained_combined,combined,0.08,0.005,0.002,58,0.9462323752638468,0.05376762473615315,0.9041263994159079,3.75
Z,open_trained,trained_combined,combined,0.08,0.005,0.002,59,0.9492713023901084,0.050728697609891626,0.9067473075802885,3.75
H,open_trained,trained_combined,static_only,0.08,0.0,0.0,10,0.9686404834932627,0.031359516506737295,0.9911859097822586,2.466666666666667
H,open_trained,trained_combined,static_only,0.08,0.0,0.0,11,0.9926047087996395,0.007395291200360532,0.9962681292861255,2.466666666666667
H,open_trained,trained_combined,static_only,0.08,0.0,0.0,12,0.9899754505474178,0.010024549452582243,0.996577741483742,2.466666666666667
H,open_trained,trained_combined,static_only,0.08,0.0,0.0,13,0.9922181242856033,0.007781875714396702,0.9978512762899907,2.466666666666667
H,open_trained,trained_combined,static_only,0.08,0.0,0.0,14,0.9933186336919311,0.006681366308068926,0.9923248701771145,2.466666666666667
H,open_trained,trained_combined,static_only,0.08,0.0,0.0,15,0.9831569804584517,0.01684301954154832,0.9970019626354164,2.466666666666667
H,open_trained,trained_combined,static_only,0.08,0.0,0.0,16,0.9891168827366195,0.010883117263380537,0.9971298046879242,2.466666666666667
H,open_trained,trained_combined,static_only,0.08,0.0,0.0,17,0.9955394016309778,0.0044605983690222395,0.9969256314053158,2.466666666666667
H,open_trained,trained_combined,static_only,0.08,0.0,0.0,18,0.9930324034601241,0.0069675965398758866,0.9979287206360372,2.466666666666667
H,open_trained,trained_combined,static_only,0.08,0.0,0.0,19,0.9763152085900187,0.023684791409981254,0.997145633420931,2.466666666666667
H,open_trained,trained_combined,static_only,0.08,0.0,0.0,20,0.9913732549987334,0.00862674500126659,0.9965500975386093,2.466666666666667
H,open_trained,trained_combined,static_only,0.08,0.0,0.0,21,0.964124994160521,0.035875005839479,0.9917888688477174,2.466666666666667
H,open_trained,trained_combined,static_only,0.08,0.0,0.0,22,0.9718696838816503,0.028130316118349707,0.9907943835422386,2.466666666666667
H,open_trained,trained_combined,static_only,0.08,0.0,0.0,23,0.9967918934454315,0.0032081065545684906,0.9975452734326626,2.466666666666667
H,open_trained,trained_combined,static_only,0.08,0.0,0.0,24,0.9930266441548593,0.006973355845140694,0.9953557143036644,2.466666666666667
H,open_trained,trained_combined,static_only,0.08,0.0,0.0,25,0.9900573834253392,0.009942616574660779,0.9928993714006049,2.466666666666667
H,open_trained,trained_combined,static_only,0.08,0.0,0.0,26,0.9911081792584355,0.008891820741564471,0.9976266664913314,2.466666666666667
H,open_trained,trained_combined,static_only,0.08,0.0,0.0,27,0.9970709536605723,0.002929046339427699,0.9955350531141314,2.466666666666667
H,open_trained,trained_combined,static_only,0.08,0.0,0.0,28,0.9534581685977032,0.04654183140229684,0.9936155725156061,2.466666666666667
H,open_trained,trained_combined,static_only,0.08,0.0,0.0,29,0.9479245083404313,0.05207549165956871,0.9917767255086526,2.466666666666667
H,open_trained,trained_combined,static_only,0.08,0.0,0.0,30,0.9930254677954831,0.006974532204516937,0.9963986345606697,2.466666666666667
H,open_trained,trained_combined,static_only,0.08,0.0,0.0,31,0.9893069957113605,0.010693004288639507,0.9972935528750667,2.466666666666667
H,open_trained,trained_combined,static_only,0.08,0.0,0.0,32,0.9945681554629033,0.005431844537096664,0.9972180962073127,2.466666666666667
H,open_trained,trained_combined,static_only,0.08,0.0,0.0,33,0.9906409213288591,0.009359078671140941,0.996595766625271,2.466666666666667
H,open_trained,trained_combined,static_only,0.08,0.0,0.0,34,0.9937720684953079,0.006227931504692141,0.996218710625903,2.466666666666667
H,open_trained,trained_combined,static_only,0.08,0.0,0.0,35,0.9828394790610364,0.017160520938963586,0.9976766229015457,2.466666666666667
H,open_trained,trained_combined,static_only,0.08,0.0,0.0,36,0.9631974898238121,0.03680251017618785,0.9934207334405087,2.466666666666667
H,open_trained,trained_combined,static_only,0.08,0.0,0.0,37,0.9939956960562499,0.006004303943750067,0.9932244217766104,2.466666666666667
H,open_trained,trained_combined,static_only,0.08,0.0,0.0,38,0.9959765440525208,0.004023455947479215,0.9971966941041923,2.466666666666667
H,open_trained,trained_combined,static_only,0.08,0.0,0.0,39,0.9900903065990054,0.009909693400994568,0.9965639118116925,2.466666666666667
H,open_trained,trained_combined,static_only,0.08,0.0,0.0,40,0.9758683964591695,0.02413160354083055,0.9922118879753693,2.466666666666667
H,open_trained,trained_combined,static_only,0.08,0.0,0.0,41,0.9572261196222132,0.042773880377786844,0.9951609998350455,2.466666666666667
H,open_trained,trained_combined,static_only,0.08,0.0,0.0,42,0.9916880470842828,0.00831195291571718,0.9973658772053582,2.466666666666667
H,open_trained,trained_combined,static_only,0.08,0.0,0.0,43,0.9695319140325149,0.03046808596748507,0.993426346717321,2.466666666666667
H,open_trained,trained_combined,static_only,0.08,0.0,0.0,44,0.9956467961800686,0.004353203819931428,0.9970841382501366,2.466666666666667
H,open_trained,trained_combined,static_only,0.08,0.0,0.0,45,0.9892131964584909,0.010786803541509071,0.9970601162149616,2.466666666666667
H,open_trained,trained_combined,static_only,0.08,0.0,0.0,46,0.9539065934058468,0.046093406594153175,0.9947633814901266,2.466666666666667
H,open_trained,trained_combined,static_only,0.08,0.0,0.0,47,0.9554591509316055,0.044540849068394506,0.9874507324493591,2.466666666666667
H,open_trained,trained_combined,static_only,0.08,0.0,0.0,48,0.9705056358547182,0.029494364145281837,0.9966799809574594,2.466666666666667
H,open_trained,trained_combined,static_only,0.08,0.0,0.0,49,0.9880704012866076,0.011929598713392386,0.9968522219242619,2.466666666666667
H,open_trained,trained_combined,static_only,0.08,0.0,0.0,50,0.9906322104352568,0.009367789564743156,0.9960737599081643,2.466666666666667
H,open_trained,trained_combined,static_only,0.08,0.0,0.0,51,0.9863186336063163,0.01368136639368367,0.9965222354176241,2.466666666666667
H,open_trained,trained_combined,static_only,0.08,0.0,0.0,52,0.9534724171331699,0.04652758286683012,0.9946327656637097,2.466666666666667
H,open_trained,trained_combined,static_only,0.08,0.0,0.0,53,0.9923907825185041,0.0076092174814959,0.996908336801384,2.466666666666667
H,open_trained,trained_combined,static_only,0.08,0.0,0.0,54,0.9910441658544183,0.008955834145581654,0.9976939925061405,2.466666666666667
H,open_trained,trained_combined,static_only,0.08,0.0,0.0,55,0.9954452413342987,0.0045547586657013195,0.9972076902474252,2.466666666666667
H,open_trained,trained_combined,static_only,0.08,0.0,0.0,56,0.993242411402988,0.006757588597012032,0.996860367125793,2.466666666666667
H,open_trained,trained_combined,static_only,0.08,0.0,0.0,57,0.9970212717409151,0.0029787282590848507,0.9946877784591412,2.466666666666667
H,open_trained,trained_combined,static_only,0.08,0.0,0.0,58,0.9580398723278439,0.04196012767215607,0.9874865972715596,2.466666666666667
H,open_trained,trained_combined,static_only,0.08,0.0,0.0,59,0.9879890686793162,0.01201093132068376,0.9970683721463907,2.466666666666667
H,open_trained,trained_combined,deph_0.005,0.08,0.005,0.0,10,0.9335445361200811,0.06645546387991885,0.9221545494881556,2.466666666666667
H,open_trained,trained_combined,deph_0.005,0.08,0.005,0.0,11,0.9556948711955409,0.04430512880445914,0.9248799951410075,2.466666666666667
H,open_trained,trained_combined,deph_0.005,0.08,0.005,0.0,12,0.9531687814262413,0.046831218573758715,0.9252609457537749,2.466666666666667
H,open_trained,trained_combined,deph_0.005,0.08,0.005,0.0,13,0.9550822938493934,0.04491770615060664,0.9268359622207109,2.466666666666667
H,open_trained,trained_combined,deph_0.005,0.08,0.005,0.0,14,0.9568233325658944,0.04317666743410564,0.9226237449808713,2.466666666666667
H,open_trained,trained_combined,deph_0.005,0.08,0.005,0.0,15,0.9467117459570407,0.05328825404295934,0.9254063777443913,2.466666666666667
H,open_trained,trained_combined,deph_0.005,0.08,0.005,0.0,16,0.9524194394062128,0.047580560593787236,0.9253076557065594,2.466666666666667
H,open_trained,trained_combined,deph_0.005,0.08,0.005,0.0,17,0.9584077236239832,0.04159227637601681,0.9257214664527642,2.466666666666667
H,open_trained,trained_combined,deph_0.005,0.08,0.005,0.0,18,0.9560009929344297,0.04399900706557025,0.9269208315146613,2.466666666666667
H,open_trained,trained_combined,deph_0.005,0.08,0.005,0.0,19,0.9402179759589294,0.05978202404107058,0.92628411188916,2.466666666666667
H,open_trained,trained_combined,deph_0.005,0.08,0.005,0.0,20,0.9545555278394717,0.04544447216052827,0.9249855035037065,2.466666666666667
H,open_trained,trained_combined,deph_0.005,0.08,0.005,0.0,21,0.9294499068080233,0.07055009319197669,0.9253100979634759,2.466666666666667
H,open_trained,trained_combined,deph_0.005,0.08,0.005,0.0,22,0.9366419183615733,0.06335808163842671,0.9218843582144034,2.466666666666667
H,open_trained,trained_combined,deph_0.005,0.08,0.005,0.0,23,0.9594225716203078,0.04057742837969225,0.925747516970412,2.466666666666667
H,open_trained,trained_combined,deph_0.005,0.08,0.005,0.0,24,0.9562755750627818,0.043724424937218176,0.9250900505742776,2.466666666666667
H,open_trained,trained_combined,deph_0.005,0.08,0.005,0.0,25,0.9537736906132421,0.04622630938675787,0.9236934559176886,2.466666666666667
H,open_trained,trained_combined,deph_0.005,0.08,0.005,0.0,26,0.954172777373832,0.04582722262616801,0.9263077992912017,2.466666666666667
H,open_trained,trained_combined,deph_0.005,0.08,0.005,0.0,27,0.9598510609481684,0.04014893905183159,0.9242217008211232,2.466666666666667
H,open_trained,trained_combined,deph_0.005,0.08,0.005,0.0,28,0.91896107103284,0.08103892896716003,0.9241615086554033,2.466666666666667
H,open_trained,trained_combined,deph_0.005,0.08,0.005,0.0,29,0.9139456616845765,0.08605433831542353,0.9235340172574684,2.466666666666667
H,open_trained,trained_combined,deph_0.005,0.08,0.005,0.0,30,0.9561262725606994,0.043873727439300625,0.9257833467470001,2.466666666666667
H,open_trained,trained_combined,deph_0.005,0.08,0.005,0.0,31,0.9526081024983707,0.04739189750162931,0.9254010868646783,2.466666666666667
H,open_trained,trained_combined,deph_0.005,0.08,0.005,0.0,32,0.9573721325331668,0.042627867466833225,0.9259136397987258,2.466666666666667
H,open_trained,trained_combined,deph_0.005,0.08,0.005,0.0,33,0.9537920981235789,0.0462079018764211,0.9263261489667209,2.466666666666667
H,open_trained,trained_combined,deph_0.005,0.08,0.005,0.0,34,0.9569541147458445,0.043045885254155536,0.9259608631644096,2.466666666666667
H,open_trained,trained_combined,deph_0.005,0.08,0.005,0.0,35,0.9464210318150799,0.05357896818492014,0.9257230152123148,2.466666666666667
H,open_trained,trained_combined,deph_0.005,0.08,0.005,0.0,36,0.9281643215142099,0.07183567848579009,0.9234960611124666,2.466666666666667
H,open_trained,trained_combined,deph_0.005,0.08,0.005,0.0,37,0.9574038738267776,0.04259612617322239,0.9233321630543768,2.466666666666667
H,open_trained,trained_combined,deph_0.005,0.08,0.005,0.0,38,0.9586108815088059,0.04138911849119409,0.9252595203682841,2.466666666666667
H,open_trained,trained_combined,deph_0.005,0.08,0.005,0.0,39,0.9532618827530427,0.04673811724695731,0.9253313426606726,2.466666666666667
H,open_trained,trained_combined,deph_0.005,0.08,0.005,0.0,40,0.9402457848491459,0.059754215150854106,0.9225415480959422,2.466666666666667
H,open_trained,trained_combined,deph_0.005,0.08,0.005,0.0,41,0.9223685543587302,0.07763144564126978,0.9249181735013069,2.466666666666667
H,open_trained,trained_combined,deph_0.005,0.08,0.005,0.0,42,0.9547328555069372,0.045267144493062794,0.926951436391855,2.466666666666667
H,open_trained,trained_combined,deph_0.005,0.08,0.005,0.0,43,0.9343468511456046,0.06565314885439544,0.9260490506043152,2.466666666666667
H,open_trained,trained_combined,deph_0.005,0.08,0.005,0.0,44,0.9583070247960286,0.041692975203971416,0.9252058224472841,2.466666666666667
H,open_trained,trained_combined,deph_0.005,0.08,0.005,0.0,45,0.9524061876105991,0.04759381238940086,0.9257384438378707,2.466666666666667
H,open_trained,trained_combined,deph_0.005,0.08,0.005,0.0,46,0.9193204388417853,0.08067956115821473,0.926706439998846,2.466666666666667
H,open_trained,trained_combined,deph_0.005,0.08,0.005,0.0,47,0.9217004185218932,0.07829958147810678,0.9218162112687379,2.466666666666667
H,open_trained,trained_combined,deph_0.005,0.08,0.005,0.0,48,0.934768198043543,0.06523180195645695,0.9267570757874262,2.466666666666667
H,open_trained,trained_combined,deph_0.005,0.08,0.005,0.0,49,0.9512971475996883,0.04870285240031169,0.9261534197331402,2.466666666666667
H,open_trained,trained_combined,deph_0.005,0.08,0.005,0.0,50,0.9538263687528928,0.04617363124710716,0.9258531885712988,2.466666666666667
H,open_trained,trained_combined,deph_0.005,0.08,0.005,0.0,51,0.9497107811396118,0.050289218860388174,0.9252267664412567,2.466666666666667
H,open_trained,trained_combined,deph_0.005,0.08,0.005,0.0,52,0.9188758744712286,0.08112412552877135,0.9248833190634013,2.466666666666667
H,open_trained,trained_combined,deph_0.005,0.08,0.005,0.0,53,0.9555167639030042,0.04448323609699578,0.9266582951304758,2.466666666666667
H,open_trained,trained_combined,deph_0.005,0.08,0.005,0.0,54,0.9542574201749794,0.04574257982502061,0.9259157863748628,2.466666666666667
H,open_trained,trained_combined,deph_0.005,0.08,0.005,0.0,55,0.9581980787698043,0.04180192123019566,0.9260228016507075,2.466666666666667
H,open_trained,trained_combined,deph_0.005,0.08,0.005,0.0,56,0.9564093478100872,0.04359065218991276,0.9252552469521278,2.466666666666667
H,open_trained,trained_combined,deph_0.005,0.08,0.005,0.0,57,0.960079968483603,0.039920031516397,0.9239452828840743,2.466666666666667
H,open_trained,trained_combined,deph_0.005,0.08,0.005,0.0,58,0.9241438331987833,0.07585616680121665,0.9217977636676113,2.466666666666667
H,open_trained,trained_combined,deph_0.005,0.08,0.005,0.0,59,0.9513273338217513,0.048672666178248725,0.9253422323382701,2.466666666666667
H,open_trained,trained_combined,relax_0.002,0.08,0.0,0.002,10,0.9641753972523404,0.03582460274765964,0.9822102583862216,2.466666666666667
H,open_trained,trained_combined,relax_0.002,0.08,0.0,0.002,11,0.9884657713624393,0.011534228637560706,0.9880374896695827,2.466666666666667
H,open_trained,trained_combined,relax_0.002,0.08,0.0,0.002,12,0.9858631132770208,0.014136886722979192,0.9883190796400455,2.466666666666667
H,open_trained,trained_combined,relax_0.002,0.08,0.0,0.002,13,0.9880283163888702,0.011971683611129769,0.9893307986357271,2.466666666666667
H,open_trained,trained_combined,relax_0.002,0.08,0.0,0.002,14,0.9889171310110296,0.011082868988970374,0.9836137826701732,2.466666666666667
H,open_trained,trained_combined,relax_0.002,0.08,0.0,0.002,15,0.9786621525076813,0.021337847492318707,0.9882145618128335,2.466666666666667
H,open_trained,trained_combined,relax_0.002,0.08,0.0,0.002,16,0.9848827442639998,0.015117255736000201,0.9888162484103084,2.466666666666667
H,open_trained,trained_combined,relax_0.002,0.08,0.0,0.002,17,0.9914565252986028,0.008543474701397158,0.988586344328723,2.466666666666667
H,open_trained,trained_combined,relax_0.002,0.08,0.0,0.002,18,0.9885998586355291,0.011400141364470873,0.9892126792470799,2.466666666666667
H,open_trained,trained_combined,relax_0.002,0.08,0.0,0.002,19,0.9722612641181069,0.02773873588189313,0.9887222032610046,2.466666666666667
H,open_trained,trained_combined,relax_0.002,0.08,0.0,0.002,20,0.9871907760047112,0.012809223995288832,0.9882945230055431,2.466666666666667
H,open_trained,trained_combined,relax_0.002,0.08,0.0,0.002,21,0.9601040277930855,0.03989597220691454,0.9828558016157496,2.466666666666667
H,open_trained,trained_combined,relax_0.002,0.08,0.0,0.002,22,0.9673830964584471,0.03261690354155289,0.9818230572879241,2.466666666666667
H,open_trained,trained_combined,relax_0.002,0.08,0.0,0.002,23,0.9927739440883233,0.007226055911676688,0.9893427377970604,2.466666666666667
H,open_trained,trained_combined,relax_0.002,0.08,0.0,0.002,24,0.9888771256477601,0.011122874352239909,0.9868683649775871,2.466666666666667
H,open_trained,trained_combined,relax_0.002,0.08,0.0,0.002,25,0.9858064746925339,0.014193525307466093,0.9842455096940214,2.466666666666667
H,open_trained,trained_combined,relax_0.002,0.08,0.0,0.002,26,0.9866049605739584,0.013395039426041588,0.9888407766892062,2.466666666666667
H,open_trained,trained_combined,relax_0.002,0.08,0.0,0.002,27,0.9930304746267765,0.006969525373223484,0.9873893598258162,2.466666666666667
H,open_trained,trained_combined,relax_0.002,0.08,0.0,0.002,28,0.9492359563821099,0.05076404361789011,0.9847088171259284,2.466666666666667
H,open_trained,trained_combined,relax_0.002,0.08,0.0,0.002,29,0.9437311749505254,0.05626882504947461,0.9827756240901591,2.466666666666667
H,open_trained,trained_combined,relax_0.002,0.08,0.0,0.002,30,0.9889433214893899,0.011056678510610096,0.9879889378978555,2.466666666666667
H,open_trained,trained_combined,relax_0.002,0.08,0.0,0.002,31,0.9850398160659111,0.014960183934088933,0.98895072973773,2.466666666666667
H,open_trained,trained_combined,relax_0.002,0.08,0.0,0.002,32,0.9905591259622205,0.00944087403777949,0.9889734969960745,2.466666666666667
H,open_trained,trained_combined,relax_0.002,0.08,0.0,0.002,33,0.9865034849278547,0.013496515072145332,0.9881455282423072,2.466666666666667
H,open_trained,trained_combined,relax_0.002,0.08,0.0,0.002,34,0.9895012878735138,0.010498712126486232,0.9877450721727525,2.466666666666667
H,open_trained,trained_combined,relax_0.002,0.08,0.0,0.002,35,0.9786104113441088,0.021389588655891245,0.9892811154199644,2.466666666666667
H,open_trained,trained_combined,relax_0.002,0.08,0.0,0.002,36,0.9588151990836653,0.041184800916334696,0.9845007931952678,2.466666666666667
H,open_trained,trained_combined,relax_0.002,0.08,0.0,0.002,37,0.9896797805897787,0.01032021941022132,0.9845989906258237,2.466666666666667
H,open_trained,trained_combined,relax_0.002,0.08,0.0,0.002,38,0.9919847488954954,0.008015251104504628,0.9890487153422076,2.466666666666667
H,open_trained,trained_combined,relax_0.002,0.08,0.0,0.002,39,0.9859966064496348,0.014003393550365173,0.9883046697527693,2.466666666666667
H,open_trained,trained_combined,relax_0.002,0.08,0.0,0.002,40,0.9713474477889352,0.028652552211064775,0.9832667222364371,2.466666666666667
H,open_trained,trained_combined,relax_0.002,0.08,0.0,0.002,41,0.953026786158438,0.046973213841561945,0.9863535752318819,2.466666666666667
H,open_trained,trained_combined,relax_0.002,0.08,0.0,0.002,42,0.9874536588367497,0.012546341163250263,0.9888018342017233,2.466666666666667
H,open_trained,trained_combined,relax_0.002,0.08,0.0,0.002,43,0.9655331624279175,0.034466837572082465,0.984612405971983,2.466666666666667
H,open_trained,trained_combined,relax_0.002,0.08,0.0,0.002,44,0.9916570340670107,0.008342965932989332,0.9889347377496516,2.466666666666667
H,open_trained,trained_combined,relax_0.002,0.08,0.0,0.002,45,0.9846827111932458,0.015317288806754203,0.9882356216370729,2.466666666666667
H,open_trained,trained_combined,relax_0.002,0.08,0.0,0.002,46,0.9499922369756189,0.05000776302438115,0.9859532536602482,2.466666666666667
H,open_trained,trained_combined,relax_0.002,0.08,0.0,0.002,47,0.9512360278980201,0.04876397210197991,0.9783423717587758,2.466666666666667
H,open_trained,trained_combined,relax_0.002,0.08,0.0,0.002,48,0.9665249392631113,0.03347506073688866,0.988149140293885,2.466666666666667
H,open_trained,trained_combined,relax_0.002,0.08,0.0,0.002,49,0.9840600285819672,0.015939971418032828,0.9885251255695447,2.466666666666667
H,open_trained,trained_combined,relax_0.002,0.08,0.0,0.002,50,0.9865286097259874,0.013471390274012562,0.9876792142616274,2.466666666666667
H,open_trained,trained_combined,relax_0.002,0.08,0.0,0.002,51,0.9817808125839182,0.01821918741608175,0.9876793216119228,2.466666666666667
H,open_trained,trained_combined,relax_0.002,0.08,0.0,0.002,52,0.9493147055957877,0.05068529440421232,0.985791178332742,2.466666666666667
H,open_trained,trained_combined,relax_0.002,0.08,0.0,0.002,53,0.9881305741688367,0.01186942583116335,0.9883632991937482,2.466666666666667
H,open_trained,trained_combined,relax_0.002,0.08,0.0,0.002,54,0.9866732602564368,0.013326739743563243,0.9892133984803287,2.466666666666667
H,open_trained,trained_combined,relax_0.002,0.08,0.0,0.002,55,0.9910796489569985,0.008920351043001484,0.9885337384695342,2.466666666666667
H,open_trained,trained_combined,relax_0.002,0.08,0.0,0.002,56,0.9889389869867795,0.011061013013220489,0.9885123135498278,2.466666666666667
H,open_trained,trained_combined,relax_0.002,0.08,0.0,0.002,57,0.9928369281650203,0.007163071834979662,0.9864541922589465,2.466666666666667
H,open_trained,trained_combined,relax_0.002,0.08,0.0,0.002,58,0.9538077295370183,0.04619227046298169,0.9783939577308904,2.466666666666667
H,open_trained,trained_combined,relax_0.002,0.08,0.0,0.002,59,0.9837940611431447,0.016205938856855284,0.9887676397495422,2.466666666666667
H,open_trained,trained_combined,combined,0.08,0.005,0.002,10,0.9293997071680515,0.07060029283194846,0.9144282235602098,2.466666666666667
H,open_trained,trained_combined,combined,0.08,0.005,0.002,11,0.9518696378793577,0.048130362120642256,0.9178342853493185,2.466666666666667
H,open_trained,trained_combined,combined,0.08,0.005,0.002,12,0.9493700084101004,0.05062999158989956,0.9181885048668199,2.466666666666667
H,open_trained,trained_combined,combined,0.08,0.005,0.002,13,0.9512031254945228,0.048796874505477206,0.9195140901705315,2.466666666666667
H,open_trained,trained_combined,combined,0.08,0.005,0.002,14,0.9527456990807581,0.047254300919241876,0.9151476220294458,2.466666666666667
H,open_trained,trained_combined,combined,0.08,0.005,0.002,15,0.9425388398371495,0.05746116016285052,0.9178693105609748,2.466666666666667
H,open_trained,trained_combined,combined,0.08,0.005,0.002,16,0.9485004441829178,0.05149955581708221,0.9181929987023674,2.466666666666667
H,open_trained,trained_combined,combined,0.08,0.005,0.002,17,0.954642147003386,0.04535785299661399,0.9185896579544833,2.466666666666667
H,open_trained,trained_combined,combined,0.08,0.005,0.002,18,0.9518860760018191,0.04811392399818093,0.9194236793390009,2.466666666666667
H,open_trained,trained_combined,combined,0.08,0.005,0.002,19,0.9364757115222895,0.06352428847771052,0.9190544112319451,2.466666666666667
H,open_trained,trained_combined,combined,0.08,0.005,0.002,20,0.9506873156810417,0.0493126843189583,0.917919439248916,2.466666666666667
H,open_trained,trained_combined,combined,0.08,0.005,0.002,21,0.9257387441877402,0.07426125581225984,0.9175654418972529,2.466666666666667
H,open_trained,trained_combined,combined,0.08,0.005,0.002,22,0.9324766427022636,0.0675233572977364,0.9141616973278259,2.466666666666667
H,open_trained,trained_combined,combined,0.08,0.005,0.002,23,0.955718851175653,0.04428114882434697,0.9187427963285223,2.466666666666667
H,open_trained,trained_combined,combined,0.08,0.005,0.002,24,0.9524450404391714,0.04755495956082856,0.9178147180412808,2.466666666666667
H,open_trained,trained_combined,combined,0.08,0.005,0.002,25,0.9498433821108194,0.05015661788918058,0.9162577007215077,2.466666666666667
H,open_trained,trained_combined,combined,0.08,0.005,0.002,26,0.9499908518426465,0.05000914815735347,0.9187597104486682,2.466666666666667
H,open_trained,trained_combined,combined,0.08,0.005,0.002,27,0.9561203811366008,0.043879618863399195,0.9172539789774731,2.466666666666667
H,open_trained,trained_combined,combined,0.08,0.005,0.002,28,0.915051023341962,0.08494897665803802,0.9164909606449323,2.466666666666667
H,open_trained,trained_combined,combined,0.08,0.005,0.002,29,0.9100624883332477,0.08993751166675235,0.9157622546931222,2.466666666666667
H,open_trained,trained_combined,combined,0.08,0.005,0.002,30,0.9523614252671686,0.047638574732831396,0.9185790457536784,2.466666666666667
H,open_trained,trained_combined,combined,0.08,0.005,0.002,31,0.948656571977444,0.05134342802255598,0.9182610029001487,2.466666666666667
H,open_trained,trained_combined,combined,0.08,0.005,0.002,32,0.9536771903603578,0.04632280963964219,0.91886111390663,2.466666666666667
H,open_trained,trained_combined,combined,0.08,0.005,0.002,33,0.9499605883943747,0.050039411605625306,0.919052226983577,2.466666666666667
H,open_trained,trained_combined,combined,0.08,0.005,0.002,34,0.9529932745238365,0.04700672547616347,0.9186675465244543,2.466666666666667
H,open_trained,trained_combined,combined,0.08,0.005,0.002,35,0.9425072158330192,0.05749278416698078,0.9185372798826028,2.466666666666667
H,open_trained,trained_combined,combined,0.08,0.005,0.002,36,0.9240995781782462,0.07590042182175383,0.915826022472059,2.466666666666667
H,open_trained,trained_combined,combined,0.08,0.005,0.002,37,0.95341040582544,0.04658959417455999,0.9159341613437277,2.466666666666667
H,open_trained,trained_combined,combined,0.08,0.005,0.002,38,0.9549289526569122,0.045071047343087756,0.9183011095246172,2.466666666666667
H,open_trained,trained_combined,combined,0.08,0.005,0.002,39,0.9494815788900005,0.05051842110999949,0.918257309301755,2.466666666666667
H,open_trained,trained_combined,combined,0.08,0.005,0.002,40,0.9360476525466876,0.06395234745331235,0.9148508488102218,2.466666666666667
H,open_trained,trained_combined,combined,0.08,0.005,0.002,41,0.9184816068029298,0.08151839319707022,0.9173449655230268,2.466666666666667
H,open_trained,trained_combined,combined,0.08,0.005,0.002,42,0.9508079923984482,0.049192007601551846,0.9195763068449831,2.466666666666667
H,open_trained,trained_combined,combined,0.08,0.005,0.002,43,0.9306588968233303,0.06934110317666975,0.9184234299014353,2.466666666666667
H,open_trained,trained_combined,combined,0.08,0.005,0.002,44,0.9546265461991995,0.04537345380080049,0.9182444455059942,2.466666666666667
H,open_trained,trained_combined,combined,0.08,0.005,0.002,45,0.9481984983153919,0.051801501684608064,0.918160643906453,2.466666666666667
H,open_trained,trained_combined,combined,0.08,0.005,0.002,46,0.9157114093936713,0.08428859060632865,0.9190853069644864,2.466666666666667
H,open_trained,trained_combined,combined,0.08,0.005,0.002,47,0.917788576802987,0.08221142319701302,0.9139155229708517,2.466666666666667
H,open_trained,trained_combined,combined,0.08,0.005,0.002,48,0.9310971916790012,0.06890280832099882,0.9194154759055281,2.466666666666667
H,open_trained,trained_combined,combined,0.08,0.005,0.002,49,0.9475997401074059,0.052400259892594114,0.9190117413036722,2.466666666666667
H,open_trained,trained_combined,combined,0.08,0.005,0.002,50,0.9500275382002705,0.04997246179972947,0.9186301170947322,2.466666666666667
H,open_trained,trained_combined,combined,0.08,0.005,0.002,51,0.9454962937422875,0.0545037062577125,0.9176361017537651,2.466666666666667
H,open_trained,trained_combined,combined,0.08,0.005,0.002,52,0.9150289173733965,0.08497108262660347,0.9172714891540853,2.466666666666667
H,open_trained,trained_combined,combined,0.08,0.005,0.002,53,0.9515661773444613,0.04843382265553875,0.9192979295011304,2.466666666666667
H,open_trained,trained_combined,combined,0.08,0.005,0.002,54,0.9502036499543759,0.049796350045624105,0.9186479399901366,2.466666666666667
H,open_trained,trained_combined,combined,0.08,0.005,0.002,55,0.9541514062599878,0.045848593740012156,0.9185759646033967,2.466666666666667
H,open_trained,trained_combined,combined,0.08,0.005,0.002,56,0.9524212529397897,0.04757874706021026,0.918104591875815,2.466666666666667
H,open_trained,trained_combined,combined,0.08,0.005,0.002,57,0.9562060737968617,0.04379392620313827,0.9168852458040876,2.466666666666667
H,open_trained,trained_combined,combined,0.08,0.005,0.002,58,0.9202237670677462,0.07977623293225378,0.9139126327435493,2.466666666666667
H,open_trained,trained_combined,combined,0.08,0.005,0.002,59,0.9474469368794629,0.05255306312053709,0.9182376971708627,2.466666666666667
