system,controller,eval_strength,noise_case,gamma_phi,gamma_relax,seed,final_fidelity,final_leakage,max_leakage,tail_infidelity_mean,final_purity,pulse_energy,segments,training_seconds,training_objective,optimizer_iterations,optimizer_success,cap_label,reference_stages,leakage_cap,cap_weight,mean_leakage_weight,trust_radius
five_level_weak_anharmonic,worstcap_path_seed,0.03,static_only,0.0,0.0,10,0.9385594302258522,0.0442467840959867,0.04834731393124225,0.13188602034729044,0.9999998929561222,0.0013843749999999998,120,66.87109858891927,,,,path seed,"a=0.8,lw=1.5,r=0.04,w=0.25; a=1,lw=0.8,r=0.025,w=0.5; a=1,lw=0.5,r=0.015,w=0.5",,,,
five_level_weak_anharmonic,worstcap_path_seed,0.03,static_only,0.0,0.0,11,0.7670929036634855,0.04609719969595172,0.050571120097872124,0.1159487019466316,0.9999997988611964,0.0013843749999999998,120,66.87109858891927,,,,path seed,"a=0.8,lw=1.5,r=0.04,w=0.25; a=1,lw=0.8,r=0.025,w=0.5; a=1,lw=0.5,r=0.015,w=0.5",,,,
five_level_weak_anharmonic,worstcap_path_seed,0.03,static_only,0.0,0.0,12,0.800772660557086,0.042079282664754136,0.04397017071811793,0.11385828502018466,0.9999998361987751,0.0013843749999999998,120,66.87109858891927,,,,path seed,"a=0.8,lw=1.5,r=0.04,w=0.25; a=1,lw=0.8,r=0.025,w=0.5; a=1,lw=0.5,r=0.015,w=0.5",,,,
five_level_weak_anharmonic,worstcap_path_seed,0.03,static_only,0.0,0.0,13,0.5210049001012788,0.02402228210837143,0.025534061204040892,0.5129517759635257,0.9999999454460391,0.0013843749999999998,120,66.87109858891927,,,,path seed,"a=0.8,lw=1.5,r=0.04,w=0.25; a=1,lw=0.8,r=0.025,w=0.5; a=1,lw=0.5,r=0.015,w=0.5",,,,
five_level_weak_anharmonic,worstcap_path_seed,0.03,static_only,0.0,0.0,14,0.6874798154182011,0.028205780652755252,0.0300571019663316,0.3333036117538011,0.9999999242390858,0.0013843749999999998,120,66.87109858891927,,,,path seed,"a=0.8,lw=1.5,r=0.04,w=0.25; a=1,lw=0.8,r=0.025,w=0.5; a=1,lw=0.5,r=0.015,w=0.5",,,,
five_level_weak_anharmonic,worstcap_path_seed,0.03,static_only,0.0,0.0,15,0.913352886140659,0.055139534309706306,0.061032155136744204,0.08418080625253001,0.9999998222340329,0.0013843749999999998,120,66.87109858891927,,,,path seed,"a=0.8,lw=1.5,r=0.04,w=0.25; a=1,lw=0.8,r=0.025,w=0.5; a=1,lw=0.5,r=0.015,w=0.5",,,,
five_level_weak_anharmonic,worstcap_path_seed,0.03,static_only,0.0,0.0,16,0.8630785865184628,0.05074503166952993,0.054371142348127566,0.06875192418405715,0.9999998165240375,0.0013843749999999998,120,66.87109858891927,,,,path seed,"a=0.8,lw=1.5,r=0.04,w=0.25; a=1,lw=0.8,r=0.025,w=0.5; a=1,lw=0.5,r=0.015,w=0.5",,,,
five_level_weak_anharmonic,worstcap_path_seed,0.03,static_only,0.0,0.0,17,0.9448073163456742,0.038801589996633856,0.04326864571648059,0.10539409921830582,0.9999998880700692,0.0013843749999999998,120,66.87109858891927,,,,path seed,"a=0.8,lw=1.5,r=0.04,w=0.25; a=1,lw=0.8,r=0.025,w=0.5; a=1,lw=0.5,r=0.015,w=0.5",,,,
five_level_weak_anharmonic,worstcap_path_seed,0.03,static_only,0.0,0.0,18,0.9156054761200509,0.054184327052104186,0.054898103801933607,0.1238107882733133,0.999999878101818,0.0013843749999999998,120,66.87109858891927,,,,path seed,"a=0.8,lw=1.5,r=0.04,w=0.25; a=1,lw=0.8,r=0.025,w=0.5; a=1,lw=0.5,r=0.015,w=0.5",,,,
five_level_weak_anharmonic,worstcap_path_seed,0.03,static_only,0.0,0.0,19,0.8161722518844072,0.03415074786434669,0.03871145318278024,0.09541641335476549,0.9999998735629022,0.0013843749999999998,120,66.87109858891927,,,,path seed,"a=0.8,lw=1.5,r=0.04,w=0.25; a=1,lw=0.8,r=0.025,w=0.5; a=1,lw=0.5,r=0.015,w=0.5",,,,
five_level_weak_anharmonic,worstcap_path_seed,0.03,static_only,0.0,0.0,20,0.900821467528843,0.054709962256766054,0.05721063776738666,0.07019797745662576,0.999999880693482,0.0013843749999999998,120,66.87109858891927,,,,path seed,"a=0.8,lw=1.5,r=0.04,w=0.25; a=1,lw=0.8,r=0.025,w=0.5; a=1,lw=0.5,r=0.015,w=0.5",,,,
five_level_weak_anharmonic,worstcap_path_seed,0.03,static_only,0.0,0.0,21,0.9192366710578953,0.03808217868107455,0.04383324822677126,0.04747327468145988,0.9999998715798559,0.0013843749999999998,120,66.87109858891927,,,,path seed,"a=0.8,lw=1.5,r=0.04,w=0.25; a=1,lw=0.8,r=0.025,w=0.5; a=1,lw=0.5,r=0.015,w=0.5",,,,
five_level_weak_anharmonic,worstcap_path_seed,0.03,static_only,0.0,0.0,22,0.9119854332044961,0.0408344654938243,0.045158166501615304,0.05199998696156542,0.999999861573619,0.0013843749999999998,120,66.87109858891927,,,,path seed,"a=0.8,lw=1.5,r=0.04,w=0.25; a=1,lw=0.8,r=0.025,w=0.5; a=1,lw=0.5,r=0.015,w=0.5",,,,
five_level_weak_anharmonic,worstcap_path_seed,0.03,static_only,0.0,0.0,23,0.9064179633873213,0.045410076329983284,0.04791916280425257,0.08072717360135527,0.9999998762196693,0.0013843749999999998,120,66.87109858891927,,,,path seed,"a=0.8,lw=1.5,r=0.04,w=0.25; a=1,lw=0.8,r=0.025,w=0.5; a=1,lw=0.5,r=0.015,w=0.5",,,,
five_level_weak_anharmonic,worstcap_path_seed,0.03,static_only,0.0,0.0,24,0.8420216361065859,0.02559764272158649,0.034757861175422566,0.15073220713937496,0.9999998788808018,0.0013843749999999998,120,66.87109858891927,,,,path seed,"a=0.8,lw=1.5,r=0.04,w=0.25; a=1,lw=0.8,r=0.025,w=0.5; a=1,lw=0.5,r=0.015,w=0.5",,,,
five_level_weak_anharmonic,worstcap_path_seed,0.03,static_only,0.0,0.0,25,0.8257012083104096,0.04053702640648449,0.04370513738154291,0.1626626042796547,0.9999998756901294,0.0013843749999999998,120,66.87109858891927,,,,path seed,"a=0.8,lw=1.5,r=0.04,w=0.25; a=1,lw=0.8,r=0.025,w=0.5; a=1,lw=0.5,r=0.015,w=0.5",,,,
five_level_weak_anharmonic,worstcap_path_seed,0.03,static_only,0.0,0.0,26,0.9046966608983575,0.0577231637567861,0.0577231637567861,0.11440784863659814,0.9999998599060711,0.0013843749999999998,120,66.87109858891927,,,,path seed,"a=0.8,lw=1.5,r=0.04,w=0.25; a=1,lw=0.8,r=0.025,w=0.5; a=1,lw=0.5,r=0.015,w=0.5",,,,
five_level_weak_anharmonic,worstcap_path_seed,0.03,static_only,0.0,0.0,27,0.8670756228003252,0.04000104334015886,0.043974744024457446,0.16083117914798944,0.9999998965659617,0.0013843749999999998,120,66.87109858891927,,,,path seed,"a=0.8,lw=1.5,r=0.04,w=0.25; a=1,lw=0.8,r=0.025,w=0.5; a=1,lw=0.5,r=0.015,w=0.5",,,,
five_level_weak_anharmonic,worstcap_path_seed,0.03,static_only,0.0,0.0,28,0.909072612728995,0.058489386980214,0.0644444156127103,0.06077172555907381,0.9999998065015004,0.0013843749999999998,120,66.87109858891927,,,,path seed,"a=0.8,lw=1.5,r=0.04,w=0.25; a=1,lw=0.8,r=0.025,w=0.5; a=1,lw=0.5,r=0.015,w=0.5",,,,
five_level_weak_anharmonic,worstcap_path_seed,0.03,static_only,0.0,0.0,29,0.946434762580584,0.049140573726391135,0.05107110123938008,0.08694053986128827,0.9999998738884137,0.0013843749999999998,120,66.87109858891927,,,,path seed,"a=0.8,lw=1.5,r=0.04,w=0.25; a=1,lw=0.8,r=0.025,w=0.5; a=1,lw=0.5,r=0.015,w=0.5",,,,
five_level_weak_anharmonic,worstcap_path_seed,0.03,static_only,0.0,0.0,30,0.8294908478263073,0.038936828162260406,0.03997833656191607,0.22770251809118797,0.9999999138345802,0.0013843749999999998,120,66.87109858891927,,,,path seed,"a=0.8,lw=1.5,r=0.04,w=0.25; a=1,lw=0.8,r=0.025,w=0.5; a=1,lw=0.5,r=0.015,w=0.5",,,,
five_level_weak_anharmonic,worstcap_path_seed,0.03,static_only,0.0,0.0,31,0.8081248057560041,0.037567194889427835,0.0477588780765561,0.1063739960918792,0.9999998188833742,0.0013843749999999998,120,66.87109858891927,,,,path seed,"a=0.8,lw=1.5,r=0.04,w=0.25; a=1,lw=0.8,r=0.025,w=0.5; a=1,lw=0.5,r=0.015,w=0.5",,,,
five_level_weak_anharmonic,worstcap_path_seed,0.03,static_only,0.0,0.0,32,0.8095284756011647,0.037090347774460186,0.04172199473971361,0.09899587571183549,0.9999998189839673,0.0013843749999999998,120,66.87109858891927,,,,path seed,"a=0.8,lw=1.5,r=0.04,w=0.25; a=1,lw=0.8,r=0.025,w=0.5; a=1,lw=0.5,r=0.015,w=0.5",,,,
five_level_weak_anharmonic,worstcap_path_seed,0.03,static_only,0.0,0.0,33,0.814501217299735,0.03838123859434606,0.038428776181931745,0.26074730010869623,0.9999999329445137,0.0013843749999999998,120,66.87109858891927,,,,path seed,"a=0.8,lw=1.5,r=0.04,w=0.25; a=1,lw=0.8,r=0.025,w=0.5; a=1,lw=0.5,r=0.015,w=0.5",,,,
five_level_weak_anharmonic,worstcap_path_seed,0.03,static_only,0.0,0.0,34,0.8391474522627522,0.05494725442088422,0.05500974768966582,0.17137630120239006,0.9999998759832843,0.0013843749999999998,120,66.87109858891927,,,,path seed,"a=0.8,lw=1.5,r=0.04,w=0.25; a=1,lw=0.8,r=0.025,w=0.5; a=1,lw=0.5,r=0.015,w=0.5",,,,
five_level_weak_anharmonic,worstcap_path_seed,0.03,static_only,0.0,0.0,35,0.9163613272693122,0.062171300607442914,0.06576452373896413,0.08783146993431164,0.9999998521123361,0.0013843749999999998,120,66.87109858891927,,,,path seed,"a=0.8,lw=1.5,r=0.04,w=0.25; a=1,lw=0.8,r=0.025,w=0.5; a=1,lw=0.5,r=0.015,w=0.5",,,,
five_level_weak_anharmonic,worstcap_path_seed,0.03,static_only,0.0,0.0,36,0.8387149609369838,0.0421829534819933,0.04784064653993936,0.08684233217420159,0.999999821545023,0.0013843749999999998,120,66.87109858891927,,,,path seed,"a=0.8,lw=1.5,r=0.04,w=0.25; a=1,lw=0.8,r=0.025,w=0.5; a=1,lw=0.5,r=0.015,w=0.5",,,,
five_level_weak_anharmonic,worstcap_path_seed,0.03,static_only,0.0,0.0,37,0.8873308609188368,0.037885337993870394,0.04251599768719638,0.19999773682816818,0.9999999064149222,0.0013843749999999998,120,66.87109858891927,,,,path seed,"a=0.8,lw=1.5,r=0.04,w=0.25; a=1,lw=0.8,r=0.025,w=0.5; a=1,lw=0.5,r=0.015,w=0.5",,,,
five_level_weak_anharmonic,worstcap_path_seed,0.03,static_only,0.0,0.0,38,0.7253882898057549,0.022758768241234018,0.023795789638172304,0.3326186242769021,0.999999947815384,0.0013843749999999998,120,66.87109858891927,,,,path seed,"a=0.8,lw=1.5,r=0.04,w=0.25; a=1,lw=0.8,r=0.025,w=0.5; a=1,lw=0.5,r=0.015,w=0.5",,,,
five_level_weak_anharmonic,worstcap_path_seed,0.03,static_only,0.0,0.0,39,0.8495852394980558,0.04088318220625187,0.05229929669742772,0.10411506475746309,0.9999998100198201,0.0013843749999999998,120,66.87109858891927,,,,path seed,"a=0.8,lw=1.5,r=0.04,w=0.25; a=1,lw=0.8,r=0.025,w=0.5; a=1,lw=0.5,r=0.015,w=0.5",,,,
five_level_weak_anharmonic,worstcap_path_seed,0.03,static_only,0.0,0.0,40,0.9306674291038217,0.05450554518659645,0.05693588735168409,0.06140509535418176,0.9999998488812938,0.0013843749999999998,120,66.87109858891927,,,,path seed,"a=0.8,lw=1.5,r=0.04,w=0.25; a=1,lw=0.8,r=0.025,w=0.5; a=1,lw=0.5,r=0.015,w=0.5",,,,
five_level_weak_anharmonic,worstcap_path_seed,0.03,static_only,0.0,0.0,41,0.885563652916104,0.047810279162057046,0.050904559195759314,0.06733246697703245,0.9999998629281857,0.0013843749999999998,120,66.87109858891927,,,,path seed,"a=0.8,lw=1.5,r=0.04,w=0.25; a=1,lw=0.8,r=0.025,w=0.5; a=1,lw=0.5,r=0.015,w=0.5",,,,
five_level_weak_anharmonic,worstcap_path_seed,0.03,static_only,0.0,0.0,42,0.8712708006419744,0.05168535341241154,0.05168535341241154,0.1640212086457615,0.9999999026394203,0.0013843749999999998,120,66.87109858891927,,,,path seed,"a=0.8,lw=1.5,r=0.04,w=0.25; a=1,lw=0.8,r=0.025,w=0.5; a=1,lw=0.5,r=0.015,w=0.5",,,,
five_level_weak_anharmonic,worstcap_path_seed,0.03,static_only,0.0,0.0,43,0.8316593954052589,0.035531149545943275,0.04027005600462219,0.11839408796622206,0.9999998655833929,0.0013843749999999998,120,66.87109858891927,,,,path seed,"a=0.8,lw=1.5,r=0.04,w=0.25; a=1,lw=0.8,r=0.025,w=0.5; a=1,lw=0.5,r=0.015,w=0.5",,,,
five_level_weak_anharmonic,worstcap_path_seed,0.03,static_only,0.0,0.0,44,0.6726877086293164,0.027029729638023525,0.029771577146876282,0.4130765789981287,0.9999999454511616,0.0013843749999999998,120,66.87109858891927,,,,path seed,"a=0.8,lw=1.5,r=0.04,w=0.25; a=1,lw=0.8,r=0.025,w=0.5; a=1,lw=0.5,r=0.015,w=0.5",,,,
five_level_weak_anharmonic,worstcap_path_seed,0.03,static_only,0.0,0.0,45,0.8649523049516455,0.04848195081676021,0.053443012763449094,0.15208708797274298,0.9999998676705028,0.0013843749999999998,120,66.87109858891927,,,,path seed,"a=0.8,lw=1.5,r=0.04,w=0.25; a=1,lw=0.8,r=0.025,w=0.5; a=1,lw=0.5,r=0.015,w=0.5",,,,
five_level_weak_anharmonic,worstcap_path_seed,0.03,static_only,0.0,0.0,46,0.7838628001412463,0.03534165010293622,0.038443431135139816,0.10160758619461548,0.9999998516604384,0.0013843749999999998,120,66.87109858891927,,,,path seed,"a=0.8,lw=1.5,r=0.04,w=0.25; a=1,lw=0.8,r=0.025,w=0.5; a=1,lw=0.5,r=0.015,w=0.5",,,,
five_level_weak_anharmonic,worstcap_path_seed,0.03,static_only,0.0,0.0,47,0.9061463952814123,0.038526054313907765,0.04949987258447064,0.058028079342822655,0.9999998474503957,0.0013843749999999998,120,66.87109858891927,,,,path seed,"a=0.8,lw=1.5,r=0.04,w=0.25; a=1,lw=0.8,r=0.025,w=0.5; a=1,lw=0.5,r=0.015,w=0.5",,,,
five_level_weak_anharmonic,worstcap_path_seed,0.03,static_only,0.0,0.0,48,0.5599218072894847,0.024110939208806137,0.04404342720990695,0.2638505588974588,0.9999997892742235,0.0013843749999999998,120,66.87109858891927,,,,path seed,"a=0.8,lw=1.5,r=0.04,w=0.25; a=1,lw=0.8,r=0.025,w=0.5; a=1,lw=0.5,r=0.015,w=0.5",,,,
five_level_weak_anharmonic,worstcap_path_seed,0.03,static_only,0.0,0.0,49,0.9076089585240091,0.04061471930772054,0.04937550421478876,0.059345573129620154,0.9999998308444873,0.0013843749999999998,120,66.87109858891927,,,,path seed,"a=0.8,lw=1.5,r=0.04,w=0.25; a=1,lw=0.8,r=0.025,w=0.5; a=1,lw=0.5,r=0.015,w=0.5",,,,
five_level_weak_anharmonic,worstcap_path_seed,0.03,static_only,0.0,0.0,50,0.8791013487612541,0.0444309712190325,0.050013580146498704,0.1401343179856609,0.9999998642577075,0.0013843749999999998,120,66.87109858891927,,,,path seed,"a=0.8,lw=1.5,r=0.04,w=0.25; a=1,lw=0.8,r=0.025,w=0.5; a=1,lw=0.5,r=0.015,w=0.5",,,,
five_level_weak_anharmonic,worstcap_path_seed,0.03,static_only,0.0,0.0,51,0.9397075845766638,0.05793943662310941,0.05933784067013925,0.0688831411987662,0.9999998599754223,0.0013843749999999998,120,66.87109858891927,,,,path seed,"a=0.8,lw=1.5,r=0.04,w=0.25; a=1,lw=0.8,r=0.025,w=0.5; a=1,lw=0.5,r=0.015,w=0.5",,,,
five_level_weak_anharmonic,worstcap_path_seed,0.03,static_only,0.0,0.0,52,0.8720193374249984,0.03634400524377335,0.04425972910433995,0.06925837642089354,0.99999984369447,0.0013843749999999998,120,66.87109858891927,,,,path seed,"a=0.8,lw=1.5,r=0.04,w=0.25; a=1,lw=0.8,r=0.025,w=0.5; a=1,lw=0.5,r=0.015,w=0.5",,,,
five_level_weak_anharmonic,worstcap_path_seed,0.03,static_only,0.0,0.0,53,0.7602410548213806,0.03994610271573873,0.040169600271320216,0.20987960927911722,0.9999998795874339,0.0013843749999999998,120,66.87109858891927,,,,path seed,"a=0.8,lw=1.5,r=0.04,w=0.25; a=1,lw=0.8,r=0.025,w=0.5; a=1,lw=0.5,r=0.015,w=0.5",,,,
five_level_weak_anharmonic,worstcap_path_seed,0.03,static_only,0.0,0.0,54,0.7908553767693389,0.04104008554809524,0.044307051516644935,0.16437885307102035,0.9999998495927317,0.0013843749999999998,120,66.87109858891927,,,,path seed,"a=0.8,lw=1.5,r=0.04,w=0.25; a=1,lw=0.8,r=0.025,w=0.5; a=1,lw=0.5,r=0.015,w=0.5",,,,
five_level_weak_anharmonic,worstcap_path_seed,0.03,static_only,0.0,0.0,55,0.6704906880135763,0.035876396386643306,0.03929077364330391,0.3861887766210683,0.9999999230552395,0.0013843749999999998,120,66.87109858891927,,,,path seed,"a=0.8,lw=1.5,r=0.04,w=0.25; a=1,lw=0.8,r=0.025,w=0.5; a=1,lw=0.5,r=0.015,w=0.5",,,,
five_level_weak_anharmonic,worstcap_path_seed,0.03,static_only,0.0,0.0,56,0.8457233064283293,0.03457471302365456,0.04927398353636714,0.09576262337791835,0.999999854970905,0.0013843749999999998,120,66.87109858891927,,,,path seed,"a=0.8,lw=1.5,r=0.04,w=0.25; a=1,lw=0.8,r=0.025,w=0.5; a=1,lw=0.5,r=0.015,w=0.5",,,,
five_level_weak_anharmonic,worstcap_path_seed,0.03,static_only,0.0,0.0,57,0.9252092849344421,0.06392877091362126,0.0695993627921292,0.10931122863029163,0.9999998464765003,0.0013843749999999998,120,66.87109858891927,,,,path seed,"a=0.8,lw=1.5,r=0.04,w=0.25; a=1,lw=0.8,r=0.025,w=0.5; a=1,lw=0.5,r=0.015,w=0.5",,,,
five_level_weak_anharmonic,worstcap_path_seed,0.03,static_only,0.0,0.0,58,0.8902608463597428,0.03449232292203119,0.04110604073238466,0.06895778118105773,0.9999998493872527,0.0013843749999999998,120,66.87109858891927,,,,path seed,"a=0.8,lw=1.5,r=0.04,w=0.25; a=1,lw=0.8,r=0.025,w=0.5; a=1,lw=0.5,r=0.015,w=0.5",,,,
five_level_weak_anharmonic,worstcap_path_seed,0.03,static_only,0.0,0.0,59,0.6805465576275876,0.035152909807474986,0.044785517730376756,0.178046650613628,0.9999997895509304,0.0013843749999999998,120,66.87109858891927,,,,path seed,"a=0.8,lw=1.5,r=0.04,w=0.25; a=1,lw=0.8,r=0.025,w=0.5; a=1,lw=0.5,r=0.015,w=0.5",,,,
five_level_weak_anharmonic,worstcap_path_seed,0.03,deph_0.001,0.001,0.0,10,0.9296954633005995,0.044879142430861996,0.04873272277382701,0.13877965794717934,0.9802114419392116,0.0013843749999999998,120,66.87109858891927,,,,path seed,"a=0.8,lw=1.5,r=0.04,w=0.25; a=1,lw=0.8,r=0.025,w=0.5; a=1,lw=0.5,r=0.015,w=0.5",,,,
five_level_weak_anharmonic,worstcap_path_seed,0.03,deph_0.001,0.001,0.0,11,0.7633061857803081,0.04657282807536833,0.05097618039813456,0.12150600462849157,0.9838724033038208,0.0013843749999999998,120,66.87109858891927,,,,path seed,"a=0.8,lw=1.5,r=0.04,w=0.25; a=1,lw=0.8,r=0.025,w=0.5; a=1,lw=0.5,r=0.015,w=0.5",,,,
five_level_weak_anharmonic,worstcap_path_seed,0.03,deph_0.001,0.001,0.0,12,0.7959999966496881,0.042696351952669076,0.044402986385059906,0.12028232716359367,0.9826633302706108,0.0013843749999999998,120,66.87109858891927,,,,path seed,"a=0.8,lw=1.5,r=0.04,w=0.25; a=1,lw=0.8,r=0.025,w=0.5; a=1,lw=0.5,r=0.015,w=0.5",,,,
five_level_weak_anharmonic,worstcap_path_seed,0.03,deph_0.001,0.001,0.0,13,0.521722278539412,0.024687245345489606,0.02603312979012906,0.5117428761976166,0.9752947128698027,0.0013843749999999998,120,66.87109858891927,,,,path seed,"a=0.8,lw=1.5,r=0.04,w=0.25; a=1,lw=0.8,r=0.025,w=0.5; a=1,lw=0.5,r=0.015,w=0.5",,,,
five_level_weak_anharmonic,worstcap_path_seed,0.03,deph_0.001,0.001,0.0,14,0.685048676686088,0.028627441285943522,0.03039181219168574,0.3350461322537164,0.9765023313706676,0.0013843749999999998,120,66.87109858891927,,,,path seed,"a=0.8,lw=1.5,r=0.04,w=0.25; a=1,lw=0.8,r=0.025,w=0.5; a=1,lw=0.5,r=0.015,w=0.5",,,,
five_level_weak_anharmonic,worstcap_path_seed,0.03,deph_0.001,0.001,0.0,15,0.905663471885199,0.05611308059948528,0.06123634492476204,0.09097904060628054,0.9826694965384848,0.0013843749999999998,120,66.87109858891927,,,,path seed,"a=0.8,lw=1.5,r=0.04,w=0.25; a=1,lw=0.8,r=0.025,w=0.5; a=1,lw=0.5,r=0.015,w=0.5",,,,
five_level_weak_anharmonic,worstcap_path_seed,0.03,deph_0.001,0.001,0.0,16,0.8572457190724978,0.05116178743895183,0.05474424758581886,0.0754630066751148,0.9840642355805077,0.0013843749999999998,120,66.87109858891927,,,,path seed,"a=0.8,lw=1.5,r=0.04,w=0.25; a=1,lw=0.8,r=0.025,w=0.5; a=1,lw=0.5,r=0.015,w=0.5",,,,
five_level_weak_anharmonic,worstcap_path_seed,0.03,deph_0.001,0.001,0.0,17,0.9369754442209142,0.03961775505303944,0.04389895353663498,0.11172483963817084,0.9823065782188032,0.0013843749999999998,120,66.87109858891927,,,,path seed,"a=0.8,lw=1.5,r=0.04,w=0.25; a=1,lw=0.8,r=0.025,w=0.5; a=1,lw=0.5,r=0.015,w=0.5",,,,
five_level_weak_anharmonic,worstcap_path_seed,0.03,deph_0.001,0.001,0.0,18,0.9082163360081495,0.054514633580782235,0.05520504492668998,0.13013511043537435,0.9811031983562007,0.0013843749999999998,120,66.87109858891927,,,,path seed,"a=0.8,lw=1.5,r=0.04,w=0.25; a=1,lw=0.8,r=0.025,w=0.5; a=1,lw=0.5,r=0.015,w=0.5",,,,
five_level_weak_anharmonic,worstcap_path_seed,0.03,deph_0.001,0.001,0.0,19,0.8114906165980664,0.034643859531643395,0.03907996454383389,0.10143785742335741,0.9839219933684142,0.0013843749999999998,120,66.87109858891927,,,,path seed,"a=0.8,lw=1.5,r=0.04,w=0.25; a=1,lw=0.8,r=0.025,w=0.5; a=1,lw=0.5,r=0.015,w=0.5",,,,
five_level_weak_anharmonic,worstcap_path_seed,0.03,deph_0.001,0.001,0.0,20,0.8940835661785586,0.05467215553095395,0.057107208227126005,0.0774215625958803,0.9833280835660322,0.0013843749999999998,120,66.87109858891927,,,,path seed,"a=0.8,lw=1.5,r=0.04,w=0.25; a=1,lw=0.8,r=0.025,w=0.5; a=1,lw=0.5,r=0.015,w=0.5",,,,
five_level_weak_anharmonic,worstcap_path_seed,0.03,deph_0.001,0.001,0.0,21,0.9124815099101631,0.03847923125966668,0.04400534739886475,0.05434408628403787,0.9847071956583419,0.0013843749999999998,120,66.87109858891927,,,,path seed,"a=0.8,lw=1.5,r=0.04,w=0.25; a=1,lw=0.8,r=0.025,w=0.5; a=1,lw=0.5,r=0.015,w=0.5",,,,
five_level_weak_anharmonic,worstcap_path_seed,0.03,deph_0.001,0.001,0.0,22,0.9050171858499589,0.04142327870193985,0.045614648264050595,0.05890872174812871,0.9843457423180604,0.0013843749999999998,120,66.87109858891927,,,,path seed,"a=0.8,lw=1.5,r=0.04,w=0.25; a=1,lw=0.8,r=0.025,w=0.5; a=1,lw=0.5,r=0.015,w=0.5",,,,
five_level_weak_anharmonic,worstcap_path_seed,0.03,deph_0.001,0.001,0.0,23,0.8998118306071113,0.04557539442215397,0.04800698431979877,0.08709340287420522,0.9829087062993938,0.0013843749999999998,120,66.87109858891927,,,,path seed,"a=0.8,lw=1.5,r=0.04,w=0.25; a=1,lw=0.8,r=0.025,w=0.5; a=1,lw=0.5,r=0.015,w=0.5",,,,
five_level_weak_anharmonic,worstcap_path_seed,0.03,deph_0.001,0.001,0.0,24,0.8365645643815748,0.02658283934190475,0.03482607195157805,0.1555548481377023,0.9810388268245125,0.0013843749999999998,120,66.87109858891927,,,,path seed,"a=0.8,lw=1.5,r=0.04,w=0.25; a=1,lw=0.8,r=0.025,w=0.5; a=1,lw=0.5,r=0.015,w=0.5",,,,
five_level_weak_anharmonic,worstcap_path_seed,0.03,deph_0.001,0.001,0.0,25,0.8206032875937695,0.040959094287493225,0.0440284629726001,0.16734290119453366,0.9805666994548515,0.0013843749999999998,120,66.87109858891927,,,,path seed,"a=0.8,lw=1.5,r=0.04,w=0.25; a=1,lw=0.8,r=0.025,w=0.5; a=1,lw=0.5,r=0.015,w=0.5",,,,
five_level_weak_anharmonic,worstcap_path_seed,0.03,deph_0.001,0.001,0.0,26,0.8977261315677109,0.05784578922502304,0.05784578922502304,0.12083090478685157,0.9810533311651571,0.0013843749999999998,120,66.87109858891927,,,,path seed,"a=0.8,lw=1.5,r=0.04,w=0.25; a=1,lw=0.8,r=0.025,w=0.5; a=1,lw=0.5,r=0.015,w=0.5",,,,
five_level_weak_anharmonic,worstcap_path_seed,0.03,deph_0.001,0.001,0.0,27,0.8613025611855841,0.04043438157130563,0.04418312909373079,0.16560230993111386,0.9803432800988618,0.0013843749999999998,120,66.87109858891927,,,,path seed,"a=0.8,lw=1.5,r=0.04,w=0.25; a=1,lw=0.8,r=0.025,w=0.5; a=1,lw=0.5,r=0.015,w=0.5",,,,
five_level_weak_anharmonic,worstcap_path_seed,0.03,deph_0.001,0.001,0.0,28,0.902031091733823,0.05872152756003102,0.06441905357085409,0.06801585680645257,0.9828459074784778,0.0013843749999999998,120,66.87109858891927,,,,path seed,"a=0.8,lw=1.5,r=0.04,w=0.25; a=1,lw=0.8,r=0.025,w=0.5; a=1,lw=0.5,r=0.015,w=0.5",,,,
five_level_weak_anharmonic,worstcap_path_seed,0.03,deph_0.001,0.001,0.0,29,0.9387150384014841,0.04910733516035204,0.050940787053860626,0.09389461163929572,0.9818449968004709,0.0013843749999999998,120,66.87109858891927,,,,path seed,"a=0.8,lw=1.5,r=0.04,w=0.25; a=1,lw=0.8,r=0.025,w=0.5; a=1,lw=0.5,r=0.015,w=0.5",,,,
five_level_weak_anharmonic,worstcap_path_seed,0.03,deph_0.001,0.001,0.0,30,0.8243545738749936,0.039084484742372805,0.04010136416494703,0.23172799307149614,0.9790298241474458,0.0013843749999999998,120,66.87109858891927,,,,path seed,"a=0.8,lw=1.5,r=0.04,w=0.25; a=1,lw=0.8,r=0.025,w=0.5; a=1,lw=0.5,r=0.015,w=0.5",,,,
five_level_weak_anharmonic,worstcap_path_seed,0.03,deph_0.001,0.001,0.0,31,0.8031507223575061,0.038363978107769814,0.04790544527384266,0.11192366713286102,0.9836682681782969,0.0013843749999999998,120,66.87109858891927,,,,path seed,"a=0.8,lw=1.5,r=0.04,w=0.25; a=1,lw=0.8,r=0.025,w=0.5; a=1,lw=0.5,r=0.015,w=0.5",,,,
five_level_weak_anharmonic,worstcap_path_seed,0.03,deph_0.001,0.001,0.0,32,0.8047427608814474,0.037782591645152186,0.042354423638729766,0.10472508200352669,0.9843909783710978,0.0013843749999999998,120,66.87109858891927,,,,path seed,"a=0.8,lw=1.5,r=0.04,w=0.25; a=1,lw=0.8,r=0.025,w=0.5; a=1,lw=0.5,r=0.015,w=0.5",,,,
five_level_weak_anharmonic,worstcap_path_seed,0.03,deph_0.001,0.001,0.0,33,0.80911098588518,0.038799453945625784,0.038799453945625784,0.26458760182989205,0.9786322603436362,0.0013843749999999998,120,66.87109858891927,,,,path seed,"a=0.8,lw=1.5,r=0.04,w=0.25; a=1,lw=0.8,r=0.025,w=0.5; a=1,lw=0.5,r=0.015,w=0.5",,,,
five_level_weak_anharmonic,worstcap_path_seed,0.03,deph_0.001,0.001,0.0,34,0.8335937390665887,0.05516018281416668,0.055240349859181914,0.17650096505773002,0.9793306754985547,0.0013843749999999998,120,66.87109858891927,,,,path seed,"a=0.8,lw=1.5,r=0.04,w=0.25; a=1,lw=0.8,r=0.025,w=0.5; a=1,lw=0.5,r=0.015,w=0.5",,,,
five_level_weak_anharmonic,worstcap_path_seed,0.03,deph_0.001,0.001,0.0,35,0.9086702303559582,0.06228063260861294,0.06568769436393007,0.0951983562408126,0.9826644005601929,0.0013843749999999998,120,66.87109858891927,,,,path seed,"a=0.8,lw=1.5,r=0.04,w=0.25; a=1,lw=0.8,r=0.025,w=0.5; a=1,lw=0.5,r=0.015,w=0.5",,,,
five_level_weak_anharmonic,worstcap_path_seed,0.03,deph_0.001,0.001,0.0,36,0.8336821082580186,0.04246004225355715,0.047919755102191264,0.09269662744961271,0.9840606820313155,0.0013843749999999998,120,66.87109858891927,,,,path seed,"a=0.8,lw=1.5,r=0.04,w=0.25; a=1,lw=0.8,r=0.025,w=0.5; a=1,lw=0.5,r=0.015,w=0.5",,,,
five_level_weak_anharmonic,worstcap_path_seed,0.03,deph_0.001,0.001,0.0,37,0.8800875022282163,0.03889479674198093,0.04327657433939269,0.20519950576208815,0.9806508188808502,0.0013843749999999998,120,66.87109858891927,,,,path seed,"a=0.8,lw=1.5,r=0.04,w=0.25; a=1,lw=0.8,r=0.025,w=0.5; a=1,lw=0.5,r=0.015,w=0.5",,,,
five_level_weak_anharmonic,worstcap_path_seed,0.03,deph_0.001,0.001,0.0,38,0.7224867610444885,0.022995997505294463,0.02397057045534634,0.33449702071404397,0.9776737821768176,0.0013843749999999998,120,66.87109858891927,,,,path seed,"a=0.8,lw=1.5,r=0.04,w=0.25; a=1,lw=0.8,r=0.025,w=0.5; a=1,lw=0.5,r=0.015,w=0.5",,,,
five_level_weak_anharmonic,worstcap_path_seed,0.03,deph_0.001,0.001,0.0,39,0.8435244557639592,0.04191310782404567,0.052366119848243464,0.11008117513088206,0.9828248793799916,0.0013843749999999998,120,66.87109858891927,,,,path seed,"a=0.8,lw=1.5,r=0.04,w=0.25; a=1,lw=0.8,r=0.025,w=0.5; a=1,lw=0.5,r=0.015,w=0.5",,,,
five_level_weak_anharmonic,worstcap_path_seed,0.03,deph_0.001,0.001,0.0,40,0.9232909725701782,0.05477272504237807,0.05713557992331009,0.06856033343810619,0.9832922587089923,0.0013843749999999998,120,66.87109858891927,,,,path seed,"a=0.8,lw=1.5,r=0.04,w=0.25; a=1,lw=0.8,r=0.025,w=0.5; a=1,lw=0.5,r=0.015,w=0.5",,,,
five_level_weak_anharmonic,worstcap_path_seed,0.03,deph_0.001,0.001,0.0,41,0.8791707289623462,0.04810419500155505,0.051133737527482404,0.07436169831421395,0.9839912316092161,0.0013843749999999998,120,66.87109858891927,,,,path seed,"a=0.8,lw=1.5,r=0.04,w=0.25; a=1,lw=0.8,r=0.025,w=0.5; a=1,lw=0.5,r=0.015,w=0.5",,,,
five_level_weak_anharmonic,worstcap_path_seed,0.03,deph_0.001,0.001,0.0,42,0.8651389290321131,0.05154034746118619,0.05154034746118619,0.16941035759951434,0.9794927869656718,0.0013843749999999998,120,66.87109858891927,,,,path seed,"a=0.8,lw=1.5,r=0.04,w=0.25; a=1,lw=0.8,r=0.025,w=0.5; a=1,lw=0.5,r=0.015,w=0.5",,,,
five_level_weak_anharmonic,worstcap_path_seed,0.03,deph_0.001,0.001,0.0,43,0.8266435813084452,0.03595929347536053,0.040539604744567526,0.12357024845777366,0.9829752527958436,0.0013843749999999998,120,66.87109858891927,,,,path seed,"a=0.8,lw=1.5,r=0.04,w=0.25; a=1,lw=0.8,r=0.025,w=0.5; a=1,lw=0.5,r=0.015,w=0.5",,,,
five_level_weak_anharmonic,worstcap_path_seed,0.03,deph_0.001,0.001,0.0,44,0.6697225111504788,0.027563487318933433,0.030049247925246325,0.41448332213950934,0.9763225191653958,0.0013843749999999998,120,66.87109858891927,,,,path seed,"a=0.8,lw=1.5,r=0.04,w=0.25; a=1,lw=0.8,r=0.025,w=0.5; a=1,lw=0.5,r=0.015,w=0.5",,,,
five_level_weak_anharmonic,worstcap_path_seed,0.03,deph_0.001,0.001,0.0,45,0.8587748614195037,0.04903645547224178,0.05366214931629698,0.1572533526024136,0.979758645697619,0.0013843749999999998,120,66.87109858891927,,,,path seed,"a=0.8,lw=1.5,r=0.04,w=0.25; a=1,lw=0.8,r=0.025,w=0.5; a=1,lw=0.5,r=0.015,w=0.5",,,,
five_level_weak_anharmonic,worstcap_path_seed,0.03,deph_0.001,0.001,0.0,46,0.78031421714174,0.035629231309412424,0.03872722267454387,0.10705896736864386,0.9845976509448415,0.0013843749999999998,120,66.87109858891927,,,,path seed,"a=0.8,lw=1.5,r=0.04,w=0.25; a=1,lw=0.8,r=0.025,w=0.5; a=1,lw=0.5,r=0.015,w=0.5",,,,
five_level_weak_anharmonic,worstcap_path_seed,0.03,deph_0.001,0.001,0.0,47,0.899381739350117,0.039395732159416386,0.04955201023285838,0.06472030223026425,0.984416097491952,0.0013843749999999998,120,66.87109858891927,,,,path seed,"a=0.8,lw=1.5,r=0.04,w=0.25; a=1,lw=0.8,r=0.025,w=0.5; a=1,lw=0.5,r=0.015,w=0.5",,,,
five_level_weak_anharmonic,worstcap_path_seed,0.03,deph_0.001,0.001,0.0,48,0.56046041713002,0.024984055850988618,0.0441215063193523,0.26628431015396015,0.9817338202709653,0.0013843749999999998,120,66.87109858891927,,,,path seed,"a=0.8,lw=1.5,r=0.04,w=0.25; a=1,lw=0.8,r=0.025,w=0.5; a=1,lw=0.5,r=0.015,w=0.5",,,,
five_level_weak_anharmonic,worstcap_path_seed,0.03,deph_0.001,0.001,0.0,49,0.900650524200957,0.04164024416761258,0.049735977735207104,0.06604474006906787,0.9843444068862084,0.0013843749999999998,120,66.87109858891927,,,,path seed,"a=0.8,lw=1.5,r=0.04,w=0.25; a=1,lw=0.8,r=0.025,w=0.5; a=1,lw=0.5,r=0.015,w=0.5",,,,
five_level_weak_anharmonic,worstcap_path_seed,0.03,deph_0.001,0.001,0.0,50,0.8726650653701865,0.045198673589375904,0.05049210828418893,0.14544196885680857,0.9806748281505087,0.0013843749999999998,120,66.87109858891927,,,,path seed,"a=0.8,lw=1.5,r=0.04,w=0.25; a=1,lw=0.8,r=0.025,w=0.5; a=1,lw=0.5,r=0.015,w=0.5",,,,
five_level_weak_anharmonic,worstcap_path_seed,0.03,deph_0.001,0.001,0.0,51,0.9320083455590766,0.058181109505608175,0.05952171829251662,0.07607426646930665,0.9832975955018403,0.0013843749999999998,120,66.87109858891927,,,,path seed,"a=0.8,lw=1.5,r=0.04,w=0.25; a=1,lw=0.8,r=0.025,w=0.5; a=1,lw=0.5,r=0.015,w=0.5",,,,
five_level_weak_anharmonic,worstcap_path_seed,0.03,deph_0.001,0.001,0.0,52,0.8658091727564092,0.03720874274190211,0.04446340879664157,0.07590348679751183,0.9840532249861715,0.0013843749999999998,120,66.87109858891927,,,,path seed,"a=0.8,lw=1.5,r=0.04,w=0.25; a=1,lw=0.8,r=0.025,w=0.5; a=1,lw=0.5,r=0.015,w=0.5",,,,
five_level_weak_anharmonic,worstcap_path_seed,0.03,deph_0.001,0.001,0.0,53,0.7563736417335333,0.04031223879108703,0.04063354019968013,0.21381737606525447,0.9794680549239712,0.0013843749999999998,120,66.87109858891927,,,,path seed,"a=0.8,lw=1.5,r=0.04,w=0.25; a=1,lw=0.8,r=0.025,w=0.5; a=1,lw=0.5,r=0.015,w=0.5",,,,
five_level_weak_anharmonic,worstcap_path_seed,0.03,deph_0.001,0.001,0.0,54,0.7862342447496456,0.04157862990184025,0.044755431903480636,0.1691319267784414,0.9808771031162011,0.0013843749999999998,120,66.87109858891927,,,,path seed,"a=0.8,lw=1.5,r=0.04,w=0.25; a=1,lw=0.8,r=0.025,w=0.5; a=1,lw=0.5,r=0.015,w=0.5",,,,
five_level_weak_anharmonic,worstcap_path_seed,0.03,deph_0.001,0.001,0.0,55,0.6678675890464907,0.036528375476420516,0.03959252335894514,0.3875454566806299,0.9752685027975865,0.0013843749999999998,120,66.87109858891927,,,,path seed,"a=0.8,lw=1.5,r=0.04,w=0.25; a=1,lw=0.8,r=0.025,w=0.5; a=1,lw=0.5,r=0.015,w=0.5",,,,
five_level_weak_anharmonic,worstcap_path_seed,0.03,deph_0.001,0.001,0.0,56,0.839885148504509,0.035483167406582417,0.04915968806413806,0.10187304011182802,0.983643588158155,0.0013843749999999998,120,66.87109858891927,,,,path seed,"a=0.8,lw=1.5,r=0.04,w=0.25; a=1,lw=0.8,r=0.025,w=0.5; a=1,lw=0.5,r=0.015,w=0.5",,,,
five_level_weak_anharmonic,worstcap_path_seed,0.03,deph_0.001,0.001,0.0,57,0.9175726746843882,0.06447807440396791,0.06975842537252985,0.11563253290956346,0.9819496251709796,0.0013843749999999998,120,66.87109858891927,,,,path seed,"a=0.8,lw=1.5,r=0.04,w=0.25; a=1,lw=0.8,r=0.025,w=0.5; a=1,lw=0.5,r=0.015,w=0.5",,,,
five_level_weak_anharmonic,worstcap_path_seed,0.03,deph_0.001,0.001,0.0,58,0.8842225896013572,0.034942489653918996,0.04126771633626458,0.07499742428807565,0.984334691691955,0.0013843749999999998,120,66.87109858891927,,,,path seed,"a=0.8,lw=1.5,r=0.04,w=0.25; a=1,lw=0.8,r=0.025,w=0.5; a=1,lw=0.5,r=0.015,w=0.5",,,,
five_level_weak_anharmonic,worstcap_path_seed,0.03,deph_0.001,0.001,0.0,59,0.6786087762430321,0.03593483800803288,0.04519883612397324,0.18227587498363593,0.9825172121181021,0.0013843749999999998,120,66.87109858891927,,,,path seed,"a=0.8,lw=1.5,r=0.04,w=0.25; a=1,lw=0.8,r=0.025,w=0.5; a=1,lw=0.5,r=0.015,w=0.5",,,,
five_level_weak_anharmonic,worstcap_path_seed,0.03,relax_0.0005,0.0,0.0005,10,0.929741732910027,0.04391021269847595,0.0478910183704887,0.13981824970067536,0.9855773826097194,0.0013843749999999998,120,66.87109858891927,,,,path seed,"a=0.8,lw=1.5,r=0.04,w=0.25; a=1,lw=0.8,r=0.025,w=0.5; a=1,lw=0.5,r=0.015,w=0.5",,,,
five_level_weak_anharmonic,worstcap_path_seed,0.03,relax_0.0005,0.0,0.0005,11,0.7631972895501901,0.04578660022098202,0.0502193143030667,0.12166556782536887,0.9748538068349332,0.0013843749999999998,120,66.87109858891927,,,,path seed,"a=0.8,lw=1.5,r=0.04,w=0.25; a=1,lw=0.8,r=0.025,w=0.5; a=1,lw=0.5,r=0.015,w=0.5",,,,
five_level_weak_anharmonic,worstcap_path_seed,0.03,relax_0.0005,0.0,0.0005,12,0.79313498140177,0.04171533587516263,0.043517628304497014,0.12185248921658147,0.9776369759246728,0.0013843749999999998,120,66.87109858891927,,,,path seed,"a=0.8,lw=1.5,r=0.04,w=0.25; a=1,lw=0.8,r=0.025,w=0.5; a=1,lw=0.5,r=0.015,w=0.5",,,,
five_level_weak_anharmonic,worstcap_path_seed,0.03,relax_0.0005,0.0,0.0005,13,0.520429402512739,0.023987719403278485,0.0254395288429079,0.5145173166424626,0.9952580231420733,0.0013843749999999998,120,66.87109858891927,,,,path seed,"a=0.8,lw=1.5,r=0.04,w=0.25; a=1,lw=0.8,r=0.025,w=0.5; a=1,lw=0.5,r=0.015,w=0.5",,,,
five_level_weak_anharmonic,worstcap_path_seed,0.03,relax_0.0005,0.0,0.0005,14,0.6852191477884585,0.028067568278904664,0.029873034755361738,0.3366718557857833,0.9899632168288761,0.0013843749999999998,120,66.87109858891927,,,,path seed,"a=0.8,lw=1.5,r=0.04,w=0.25; a=1,lw=0.8,r=0.025,w=0.5; a=1,lw=0.5,r=0.015,w=0.5",,,,
five_level_weak_anharmonic,worstcap_path_seed,0.03,relax_0.0005,0.0,0.0005,15,0.9065592854141293,0.05490580706812842,0.06034132097143041,0.09108294505500641,0.9805539663962959,0.0013843749999999998,120,66.87109858891927,,,,path seed,"a=0.8,lw=1.5,r=0.04,w=0.25; a=1,lw=0.8,r=0.025,w=0.5; a=1,lw=0.5,r=0.015,w=0.5",,,,
five_level_weak_anharmonic,worstcap_path_seed,0.03,relax_0.0005,0.0,0.0005,16,0.8569659877652989,0.050366760163054414,0.05396441873121338,0.07583040562492802,0.976348440092912,0.0013843749999999998,120,66.87109858891927,,,,path seed,"a=0.8,lw=1.5,r=0.04,w=0.25; a=1,lw=0.8,r=0.025,w=0.5; a=1,lw=0.5,r=0.015,w=0.5",,,,
five_level_weak_anharmonic,worstcap_path_seed,0.03,relax_0.0005,0.0,0.0005,17,0.9364799845527776,0.03861193415589537,0.04298211769931781,0.11281822063826354,0.9839866842640934,0.0013843749999999998,120,66.87109858891927,,,,path seed,"a=0.8,lw=1.5,r=0.04,w=0.25; a=1,lw=0.8,r=0.025,w=0.5; a=1,lw=0.5,r=0.015,w=0.5",,,,
five_level_weak_anharmonic,worstcap_path_seed,0.03,relax_0.0005,0.0,0.0005,18,0.908231031517896,0.053708887362325264,0.05442794323207645,0.13087447072239905,0.9847656825841892,0.0013843749999999998,120,66.87109858891927,,,,path seed,"a=0.8,lw=1.5,r=0.04,w=0.25; a=1,lw=0.8,r=0.025,w=0.5; a=1,lw=0.5,r=0.015,w=0.5",,,,
five_level_weak_anharmonic,worstcap_path_seed,0.03,relax_0.0005,0.0,0.0005,19,0.808647232632548,0.03390344877025009,0.038397516380373586,0.1033781923627602,0.9763243903819119,0.0013843749999999998,120,66.87109858891927,,,,path seed,"a=0.8,lw=1.5,r=0.04,w=0.25; a=1,lw=0.8,r=0.025,w=0.5; a=1,lw=0.5,r=0.015,w=0.5",,,,
five_level_weak_anharmonic,worstcap_path_seed,0.03,relax_0.0005,0.0,0.0005,20,0.8919994238798226,0.054057483114224536,0.05653847364224962,0.07884483880189076,0.9785525071550737,0.0013843749999999998,120,66.87109858891927,,,,path seed,"a=0.8,lw=1.5,r=0.04,w=0.25; a=1,lw=0.8,r=0.025,w=0.5; a=1,lw=0.5,r=0.015,w=0.5",,,,
five_level_weak_anharmonic,worstcap_path_seed,0.03,relax_0.0005,0.0,0.0005,21,0.9110613785720394,0.03775644099594144,0.04339534331452344,0.055659676609755356,0.9772651614624145,0.0013843749999999998,120,66.87109858891927,,,,path seed,"a=0.8,lw=1.5,r=0.04,w=0.25; a=1,lw=0.8,r=0.025,w=0.5; a=1,lw=0.5,r=0.015,w=0.5",,,,
five_level_weak_anharmonic,worstcap_path_seed,0.03,relax_0.0005,0.0,0.0005,22,0.9047361854615077,0.04059574674317534,0.04483578276562594,0.05975642394520379,0.9770345810484157,0.0013843749999999998,120,66.87109858891927,,,,path seed,"a=0.8,lw=1.5,r=0.04,w=0.25; a=1,lw=0.8,r=0.025,w=0.5; a=1,lw=0.5,r=0.015,w=0.5",,,,
five_level_weak_anharmonic,worstcap_path_seed,0.03,relax_0.0005,0.0,0.0005,23,0.900346039886649,0.04498076594853384,0.04746676620744783,0.08744634626337273,0.9804516123645126,0.0013843749999999998,120,66.87109858891927,,,,path seed,"a=0.8,lw=1.5,r=0.04,w=0.25; a=1,lw=0.8,r=0.025,w=0.5; a=1,lw=0.5,r=0.015,w=0.5",,,,
five_level_weak_anharmonic,worstcap_path_seed,0.03,relax_0.0005,0.0,0.0005,24,0.8372772634819309,0.025659510921208994,0.03441101532329571,0.15617212237544476,0.9830514002845052,0.0013843749999999998,120,66.87109858891927,,,,path seed,"a=0.8,lw=1.5,r=0.04,w=0.25; a=1,lw=0.8,r=0.025,w=0.5; a=1,lw=0.5,r=0.015,w=0.5",,,,
five_level_weak_anharmonic,worstcap_path_seed,0.03,relax_0.0005,0.0,0.0005,25,0.8213318138778165,0.04027208799969151,0.04338581643158723,0.1679734640413459,0.983489952538061,0.0013843749999999998,120,66.87109858891927,,,,path seed,"a=0.8,lw=1.5,r=0.04,w=0.25; a=1,lw=0.8,r=0.025,w=0.5; a=1,lw=0.5,r=0.015,w=0.5",,,,
five_level_weak_anharmonic,worstcap_path_seed,0.03,relax_0.0005,0.0,0.0005,26,0.8980934874922638,0.05718614061634997,0.05718614061634997,0.12121735135857246,0.9839123163529864,0.0013843749999999998,120,66.87109858891927,,,,path seed,"a=0.8,lw=1.5,r=0.04,w=0.25; a=1,lw=0.8,r=0.025,w=0.5; a=1,lw=0.5,r=0.015,w=0.5",,,,
five_level_weak_anharmonic,worstcap_path_seed,0.03,relax_0.0005,0.0,0.0005,27,0.8614454401868964,0.039704284497338205,0.04358707752943691,0.16657271954927202,0.9858795036423026,0.0013843749999999998,120,66.87109858891927,,,,path seed,"a=0.8,lw=1.5,r=0.04,w=0.25; a=1,lw=0.8,r=0.025,w=0.5; a=1,lw=0.5,r=0.015,w=0.5",,,,
five_level_weak_anharmonic,worstcap_path_seed,0.03,relax_0.0005,0.0,0.0005,28,0.902099177826752,0.05786763627637337,0.06370922972581894,0.0682332120529064,0.9784922468216691,0.0013843749999999998,120,66.87109858891927,,,,path seed,"a=0.8,lw=1.5,r=0.04,w=0.25; a=1,lw=0.8,r=0.025,w=0.5; a=1,lw=0.5,r=0.015,w=0.5",,,,
five_level_weak_anharmonic,worstcap_path_seed,0.03,relax_0.0005,0.0,0.0005,29,0.9385840323174207,0.048528826979068906,0.05045732654590851,0.09450181741944318,0.983379559824503,0.0013843749999999998,120,66.87109858891927,,,,path seed,"a=0.8,lw=1.5,r=0.04,w=0.25; a=1,lw=0.8,r=0.025,w=0.5; a=1,lw=0.5,r=0.015,w=0.5",,,,
five_level_weak_anharmonic,worstcap_path_seed,0.03,relax_0.0005,0.0,0.0005,30,0.8236290391394956,0.03856567987399617,0.03960040824908595,0.23340855561761978,0.9887862869699808,0.0013843749999999998,120,66.87109858891927,,,,path seed,"a=0.8,lw=1.5,r=0.04,w=0.25; a=1,lw=0.8,r=0.025,w=0.5; a=1,lw=0.5,r=0.015,w=0.5",,,,
five_level_weak_anharmonic,worstcap_path_seed,0.03,relax_0.0005,0.0,0.0005,31,0.8041633252161656,0.03749519199333151,0.04734899703728457,0.11187448638678518,0.9759254347045567,0.0013843749999999998,120,66.87109858891927,,,,path seed,"a=0.8,lw=1.5,r=0.04,w=0.25; a=1,lw=0.8,r=0.025,w=0.5; a=1,lw=0.5,r=0.015,w=0.5",,,,
five_level_weak_anharmonic,worstcap_path_seed,0.03,relax_0.0005,0.0,0.0005,32,0.805267445998304,0.03695526213564693,0.0415319437442182,0.10485397182310184,0.975631535056506,0.0013843749999999998,120,66.87109858891927,,,,path seed,"a=0.8,lw=1.5,r=0.04,w=0.25; a=1,lw=0.8,r=0.025,w=0.5; a=1,lw=0.5,r=0.015,w=0.5",,,,
five_level_weak_anharmonic,worstcap_path_seed,0.03,relax_0.0005,0.0,0.0005,33,0.8083359447832315,0.03811856916902878,0.03814618421134108,0.26637258235036126,0.9903659537716689,0.0013843749999999998,120,66.87109858891927,,,,path seed,"a=0.8,lw=1.5,r=0.04,w=0.25; a=1,lw=0.8,r=0.025,w=0.5; a=1,lw=0.5,r=0.015,w=0.5",,,,
five_level_weak_anharmonic,worstcap_path_seed,0.03,relax_0.0005,0.0,0.0005,34,0.8341847025744891,0.0545437155833699,0.054615893598022214,0.17702214867842136,0.9857376587948391,0.0013843749999999998,120,66.87109858891927,,,,path seed,"a=0.8,lw=1.5,r=0.04,w=0.25; a=1,lw=0.8,r=0.025,w=0.5; a=1,lw=0.5,r=0.015,w=0.5",,,,
five_level_weak_anharmonic,worstcap_path_seed,0.03,relax_0.0005,0.0,0.0005,35,0.9072927310299174,0.06149793844804896,0.06502086696379838,0.09631976464895857,0.980464063675088,0.0013843749999999998,120,66.87109858891927,,,,path seed,"a=0.8,lw=1.5,r=0.04,w=0.25; a=1,lw=0.8,r=0.025,w=0.5; a=1,lw=0.5,r=0.015,w=0.5",,,,
five_level_weak_anharmonic,worstcap_path_seed,0.03,relax_0.0005,0.0,0.0005,36,0.8341558349068939,0.04184243039931157,0.04740647030509959,0.09270904254202826,0.9769424589646919,0.0013843749999999998,120,66.87109858891927,,,,path seed,"a=0.8,lw=1.5,r=0.04,w=0.25; a=1,lw=0.8,r=0.025,w=0.5; a=1,lw=0.5,r=0.015,w=0.5",,,,
five_level_weak_anharmonic,worstcap_path_seed,0.03,relax_0.0005,0.0,0.0005,37,0.8791507126209989,0.03769598995861223,0.04221240094133971,0.20667220904728714,0.988583870829855,0.0013843749999999998,120,66.87109858891927,,,,path seed,"a=0.8,lw=1.5,r=0.04,w=0.25; a=1,lw=0.8,r=0.025,w=0.5; a=1,lw=0.5,r=0.015,w=0.5",,,,
five_level_weak_anharmonic,worstcap_path_seed,0.03,relax_0.0005,0.0,0.0005,38,0.7215174473870777,0.022594718533353708,0.023609061360630124,0.3366843981634409,0.9913264526862214,0.0013843749999999998,120,66.87109858891927,,,,path seed,"a=0.8,lw=1.5,r=0.04,w=0.25; a=1,lw=0.8,r=0.025,w=0.5; a=1,lw=0.5,r=0.015,w=0.5",,,,
five_level_weak_anharmonic,worstcap_path_seed,0.03,relax_0.0005,0.0,0.0005,39,0.8449863760508567,0.04083603530137958,0.051768893344638744,0.10984725500092135,0.979021780909556,0.0013843749999999998,120,66.87109858891927,,,,path seed,"a=0.8,lw=1.5,r=0.04,w=0.25; a=1,lw=0.8,r=0.025,w=0.5; a=1,lw=0.5,r=0.015,w=0.5",,,,
five_level_weak_anharmonic,worstcap_path_seed,0.03,relax_0.0005,0.0,0.0005,40,0.923137334332444,0.05398402597823215,0.0563991118876741,0.0690727946605635,0.9798361576507708,0.0013843749999999998,120,66.87109858891927,,,,path seed,"a=0.8,lw=1.5,r=0.04,w=0.25; a=1,lw=0.8,r=0.025,w=0.5; a=1,lw=0.5,r=0.015,w=0.5",,,,
five_level_weak_anharmonic,worstcap_path_seed,0.03,relax_0.0005,0.0,0.0005,41,0.8770272211483182,0.047328644197045744,0.050401658778865155,0.07590715559097459,0.9772857077997954,0.0013843749999999998,120,66.87109858891927,,,,path seed,"a=0.8,lw=1.5,r=0.04,w=0.25; a=1,lw=0.8,r=0.025,w=0.5; a=1,lw=0.5,r=0.015,w=0.5",,,,
five_level_weak_anharmonic,worstcap_path_seed,0.03,relax_0.0005,0.0,0.0005,42,0.8652489134133753,0.05111180003774907,0.05111180003774907,0.17035206074444947,0.986147634928812,0.0013843749999999998,120,66.87109858891927,,,,path seed,"a=0.8,lw=1.5,r=0.04,w=0.25; a=1,lw=0.8,r=0.025,w=0.5; a=1,lw=0.5,r=0.015,w=0.5",,,,
five_level_weak_anharmonic,worstcap_path_seed,0.03,relax_0.0005,0.0,0.0005,43,0.827687051705204,0.03531632250778427,0.03997376519352369,0.12362589181301345,0.9797478556833946,0.0013843749999999998,120,66.87109858891927,,,,path seed,"a=0.8,lw=1.5,r=0.04,w=0.25; a=1,lw=0.8,r=0.025,w=0.5; a=1,lw=0.5,r=0.015,w=0.5",,,,
five_level_weak_anharmonic,worstcap_path_seed,0.03,relax_0.0005,0.0,0.0005,44,0.6690874953899777,0.0268165661661679,0.029475989739541575,0.4166382473121287,0.9945294321971795,0.0013843749999999998,120,66.87109858891927,,,,path seed,"a=0.8,lw=1.5,r=0.04,w=0.25; a=1,lw=0.8,r=0.025,w=0.5; a=1,lw=0.5,r=0.015,w=0.5",,,,
five_level_weak_anharmonic,worstcap_path_seed,0.03,relax_0.0005,0.0,0.0005,45,0.8595973767938931,0.0481351852125661,0.052953050870790275,0.15792003512073194,0.9848338005491091,0.0013843749999999998,120,66.87109858891927,,,,path seed,"a=0.8,lw=1.5,r=0.04,w=0.25; a=1,lw=0.8,r=0.025,w=0.5; a=1,lw=0.5,r=0.015,w=0.5",,,,
five_level_weak_anharmonic,worstcap_path_seed,0.03,relax_0.0005,0.0,0.0005,46,0.7781446819765045,0.03500895448160579,0.03810968018938787,0.10848236812899024,0.9751828050158257,0.0013843749999999998,120,66.87109858891927,,,,path seed,"a=0.8,lw=1.5,r=0.04,w=0.25; a=1,lw=0.8,r=0.025,w=0.5; a=1,lw=0.5,r=0.015,w=0.5",,,,
five_level_weak_anharmonic,worstcap_path_seed,0.03,relax_0.0005,0.0,0.0005,47,0.897988958984599,0.03832192480051033,0.048968277657514436,0.06598433540706962,0.9770486414353372,0.0013843749999999998,120,66.87109858891927,,,,path seed,"a=0.8,lw=1.5,r=0.04,w=0.25; a=1,lw=0.8,r=0.025,w=0.5; a=1,lw=0.5,r=0.015,w=0.5",,,,
five_level_weak_anharmonic,worstcap_path_seed,0.03,relax_0.0005,0.0,0.0005,48,0.5580237984007173,0.024118229844624528,0.04365964724693505,0.26778395115594267,0.9753357506607153,0.0013843749999999998,120,66.87109858891927,,,,path seed,"a=0.8,lw=1.5,r=0.04,w=0.25; a=1,lw=0.8,r=0.025,w=0.5; a=1,lw=0.5,r=0.015,w=0.5",,,,
five_level_weak_anharmonic,worstcap_path_seed,0.03,relax_0.0005,0.0,0.0005,49,0.9002907291952543,0.040502388110774334,0.04897243492249381,0.06679768564671174,0.977375752939704,0.0013843749999999998,120,66.87109858891927,,,,path seed,"a=0.8,lw=1.5,r=0.04,w=0.25; a=1,lw=0.8,r=0.025,w=0.5; a=1,lw=0.5,r=0.015,w=0.5",,,,
five_level_weak_anharmonic,worstcap_path_seed,0.03,relax_0.0005,0.0,0.0005,50,0.8733122495334437,0.044216021108077874,0.04965548234278394,0.14607707401809442,0.9845658413116201,0.0013843749999999998,120,66.87109858891927,,,,path seed,"a=0.8,lw=1.5,r=0.04,w=0.25; a=1,lw=0.8,r=0.025,w=0.5; a=1,lw=0.5,r=0.015,w=0.5",,,,
five_level_weak_anharmonic,worstcap_path_seed,0.03,relax_0.0005,0.0,0.0005,51,0.9310945602234318,0.057381895441000697,0.05877192170022083,0.07712007547154412,0.980335670806479,0.0013843749999999998,120,66.87109858891927,,,,path seed,"a=0.8,lw=1.5,r=0.04,w=0.25; a=1,lw=0.8,r=0.025,w=0.5; a=1,lw=0.5,r=0.015,w=0.5",,,,
five_level_weak_anharmonic,worstcap_path_seed,0.03,relax_0.0005,0.0,0.0005,52,0.8642803969007051,0.03620805632188606,0.04385276868698251,0.07718053567188427,0.9763518201046045,0.0013843749999999998,120,66.87109858891927,,,,path seed,"a=0.8,lw=1.5,r=0.04,w=0.25; a=1,lw=0.8,r=0.025,w=0.5; a=1,lw=0.5,r=0.015,w=0.5",,,,
five_level_weak_anharmonic,worstcap_path_seed,0.03,relax_0.0005,0.0,0.0005,53,0.7574473165268941,0.03975172971526597,0.04000598891867235,0.2141029636664205,0.9845526321223342,0.0013843749999999998,120,66.87109858891927,,,,path seed,"a=0.8,lw=1.5,r=0.04,w=0.25; a=1,lw=0.8,r=0.025,w=0.5; a=1,lw=0.5,r=0.015,w=0.5",,,,
five_level_weak_anharmonic,worstcap_path_seed,0.03,relax_0.0005,0.0,0.0005,54,0.7879970313577308,0.040912350683547594,0.04412355467534146,0.16876104955665053,0.9821834129601806,0.0013843749999999998,120,66.87109858891927,,,,path seed,"a=0.8,lw=1.5,r=0.04,w=0.25; a=1,lw=0.8,r=0.025,w=0.5; a=1,lw=0.5,r=0.015,w=0.5",,,,
five_level_weak_anharmonic,worstcap_path_seed,0.03,relax_0.0005,0.0,0.0005,55,0.6675483374361935,0.03563904685226549,0.038941056122693496,0.38960988393295254,0.9934428812309245,0.0013843749999999998,120,66.87109858891927,,,,path seed,"a=0.8,lw=1.5,r=0.04,w=0.25; a=1,lw=0.8,r=0.025,w=0.5; a=1,lw=0.5,r=0.015,w=0.5",,,,
five_level_weak_anharmonic,worstcap_path_seed,0.03,relax_0.0005,0.0,0.0005,56,0.8413637937818161,0.03456333471731732,0.04868600235091092,0.10139320942265426,0.978124427269815,0.0013843749999999998,120,66.87109858891927,,,,path seed,"a=0.8,lw=1.5,r=0.04,w=0.25; a=1,lw=0.8,r=0.025,w=0.5; a=1,lw=0.5,r=0.015,w=0.5",,,,
five_level_weak_anharmonic,worstcap_path_seed,0.03,relax_0.0005,0.0,0.0005,57,0.9170665976257052,0.06341190101880911,0.06891903677662159,0.11675299775490965,0.9828969820418243,0.0013843749999999998,120,66.87109858891927,,,,path seed,"a=0.8,lw=1.5,r=0.04,w=0.25; a=1,lw=0.8,r=0.025,w=0.5; a=1,lw=0.5,r=0.015,w=0.5",,,,
five_level_weak_anharmonic,worstcap_path_seed,0.03,relax_0.0005,0.0,0.0005,58,0.8845055533307621,0.03423961125449326,0.04071564543040995,0.0754068975512309,0.9780967373734647,0.0013843749999999998,120,66.87109858891927,,,,path seed,"a=0.8,lw=1.5,r=0.04,w=0.25; a=1,lw=0.8,r=0.025,w=0.5; a=1,lw=0.5,r=0.015,w=0.5",,,,
five_level_weak_anharmonic,worstcap_path_seed,0.03,relax_0.0005,0.0,0.0005,59,0.6763253098904581,0.035034689481560966,0.04448468934803229,0.1837459103946211,0.975161937334671,0.0013843749999999998,120,66.87109858891927,,,,path seed,"a=0.8,lw=1.5,r=0.04,w=0.25; a=1,lw=0.8,r=0.025,w=0.5; a=1,lw=0.5,r=0.015,w=0.5",,,,
five_level_weak_anharmonic,worstcap_path_seed,0.03,combined,0.001,0.0005,10,0.9209740062704591,0.04451965989073614,0.04826168804270847,0.14664571525423273,0.966215987347058,0.0013843749999999998,120,66.87109858891927,,,,path seed,"a=0.8,lw=1.5,r=0.04,w=0.25; a=1,lw=0.8,r=0.025,w=0.5; a=1,lw=0.5,r=0.015,w=0.5",,,,
five_level_weak_anharmonic,worstcap_path_seed,0.03,combined,0.001,0.0005,11,0.759409845605487,0.04625220180240719,0.05061638932514456,0.12718885472805447,0.9594191769395165,0.0013843749999999998,120,66.87109858891927,,,,path seed,"a=0.8,lw=1.5,r=0.04,w=0.25; a=1,lw=0.8,r=0.025,w=0.5; a=1,lw=0.5,r=0.015,w=0.5",,,,
five_level_weak_anharmonic,worstcap_path_seed,0.03,combined,0.001,0.0005,12,0.7884166258097679,0.04231962752646001,0.04408391179228022,0.12820414327227914,0.9609184040338786,0.0013843749999999998,120,66.87109858891927,,,,path seed,"a=0.8,lw=1.5,r=0.04,w=0.25; a=1,lw=0.8,r=0.025,w=0.5; a=1,lw=0.5,r=0.015,w=0.5",,,,
five_level_weak_anharmonic,worstcap_path_seed,0.03,combined,0.001,0.0005,13,0.521082903524364,0.024637973133712632,0.02592925833851001,0.5133578075475805,0.9709178437468328,0.0013843749999999998,120,66.87109858891927,,,,path seed,"a=0.8,lw=1.5,r=0.04,w=0.25; a=1,lw=0.8,r=0.025,w=0.5; a=1,lw=0.5,r=0.015,w=0.5",,,,
five_level_weak_anharmonic,worstcap_path_seed,0.03,combined,0.001,0.0005,14,0.6827604442511085,0.028478853275871074,0.030199767371877462,0.3384300607739854,0.9668964983930931,0.0013843749999999998,120,66.87109858891927,,,,path seed,"a=0.8,lw=1.5,r=0.04,w=0.25; a=1,lw=0.8,r=0.025,w=0.5; a=1,lw=0.5,r=0.015,w=0.5",,,,
five_level_weak_anharmonic,worstcap_path_seed,0.03,combined,0.001,0.0005,15,0.898944813009823,0.05584685047143645,0.06084117100040676,0.09782266998111581,0.96373794033222,0.0013843749999999998,120,66.87109858891927,,,,path seed,"a=0.8,lw=1.5,r=0.04,w=0.25; a=1,lw=0.8,r=0.025,w=0.5; a=1,lw=0.5,r=0.015,w=0.5",,,,
five_level_weak_anharmonic,worstcap_path_seed,0.03,combined,0.001,0.0005,16,0.8511691989514568,0.05077527849419183,0.054329221729983,0.08248565071054767,0.9610319060940165,0.0013843749999999998,120,66.87109858891927,,,,path seed,"a=0.8,lw=1.5,r=0.04,w=0.25; a=1,lw=0.8,r=0.025,w=0.5; a=1,lw=0.5,r=0.015,w=0.5",,,,
five_level_weak_anharmonic,worstcap_path_seed,0.03,combined,0.001,0.0005,17,0.9287330705612459,0.039401272679813415,0.043591367756052324,0.11909041717441272,0.9667111970827952,0.0013843749999999998,120,66.87109858891927,,,,path seed,"a=0.8,lw=1.5,r=0.04,w=0.25; a=1,lw=0.8,r=0.025,w=0.5; a=1,lw=0.5,r=0.015,w=0.5",,,,
five_level_weak_anharmonic,worstcap_path_seed,0.03,combined,0.001,0.0005,18,0.9009058869769858,0.0540297598479097,0.054726482121645104,0.13714204035678434,0.96629685653379,0.0013843749999999998,120,66.87109858891927,,,,path seed,"a=0.8,lw=1.5,r=0.04,w=0.25; a=1,lw=0.8,r=0.025,w=0.5; a=1,lw=0.5,r=0.015,w=0.5",,,,
five_level_weak_anharmonic,worstcap_path_seed,0.03,combined,0.001,0.0005,19,0.8040118292897624,0.034382655513738425,0.03875543834441775,0.10934239742153362,0.9608532813816156,0.0013843749999999998,120,66.87109858891927,,,,path seed,"a=0.8,lw=1.5,r=0.04,w=0.25; a=1,lw=0.8,r=0.025,w=0.5; a=1,lw=0.5,r=0.015,w=0.5",,,,
five_level_weak_anharmonic,worstcap_path_seed,0.03,combined,0.001,0.0005,20,0.8853276957951257,0.05402402326847844,0.056440423758954195,0.08599320121744582,0.9624423026922825,0.0013843749999999998,120,66.87109858891927,,,,path seed,"a=0.8,lw=1.5,r=0.04,w=0.25; a=1,lw=0.8,r=0.025,w=0.5; a=1,lw=0.5,r=0.015,w=0.5",,,,
five_level_weak_anharmonic,worstcap_path_seed,0.03,combined,0.001,0.0005,21,0.9043707370814822,0.038141879719659544,0.04356255498784345,0.06246838214621045,0.9625178829238511,0.0013843749999999998,120,66.87109858891927,,,,path seed,"a=0.8,lw=1.5,r=0.04,w=0.25; a=1,lw=0.8,r=0.025,w=0.5; a=1,lw=0.5,r=0.015,w=0.5",,,,
five_level_weak_anharmonic,worstcap_path_seed,0.03,combined,0.001,0.0005,22,0.8978284326987556,0.04116464806515274,0.04527571656148677,0.0666056477449898,0.9619415433932461,0.0013843749999999998,120,66.87109858891927,,,,path seed,"a=0.8,lw=1.5,r=0.04,w=0.25; a=1,lw=0.8,r=0.025,w=0.5; a=1,lw=0.5,r=0.015,w=0.5",,,,
five_level_weak_anharmonic,worstcap_path_seed,0.03,combined,0.001,0.0005,23,0.8937761551490304,0.04514337537118551,0.047554356436445566,0.0937666099458503,0.963865663492322,0.0013843749999999998,120,66.87109858891927,,,,path seed,"a=0.8,lw=1.5,r=0.04,w=0.25; a=1,lw=0.8,r=0.025,w=0.5; a=1,lw=0.5,r=0.015,w=0.5",,,,
five_level_weak_anharmonic,worstcap_path_seed,0.03,combined,0.001,0.0005,24,0.8318512326059427,0.02661476546341046,0.03447859491305927,0.1609645268549408,0.9645724606860432,0.0013843749999999998,120,66.87109858891927,,,,path seed,"a=0.8,lw=1.5,r=0.04,w=0.25; a=1,lw=0.8,r=0.025,w=0.5; a=1,lw=0.5,r=0.015,w=0.5",,,,
five_level_weak_anharmonic,worstcap_path_seed,0.03,combined,0.001,0.0005,25,0.8162478485335376,0.040682971126207,0.04370032035680338,0.17263064889018742,0.9645394182950964,0.0013843749999999998,120,66.87109858891927,,,,path seed,"a=0.8,lw=1.5,r=0.04,w=0.25; a=1,lw=0.8,r=0.025,w=0.5; a=1,lw=0.5,r=0.015,w=0.5",,,,
five_level_weak_anharmonic,worstcap_path_seed,0.03,combined,0.001,0.0005,26,0.8911675536685612,0.05730953827652119,0.05730953827652119,0.12758600853373525,0.9654193739941861,0.0013843749999999998,120,66.87109858891927,,,,path seed,"a=0.8,lw=1.5,r=0.04,w=0.25; a=1,lw=0.8,r=0.025,w=0.5; a=1,lw=0.5,r=0.015,w=0.5",,,,
five_level_weak_anharmonic,worstcap_path_seed,0.03,combined,0.001,0.0005,27,0.8557009211483582,0.040127041108846684,0.04379217592194795,0.1713187580870925,0.9666364477495099,0.0013843749999999998,120,66.87109858891927,,,,path seed,"a=0.8,lw=1.5,r=0.04,w=0.25; a=1,lw=0.8,r=0.025,w=0.5; a=1,lw=0.5,r=0.015,w=0.5",,,,
five_level_weak_anharmonic,worstcap_path_seed,0.03,combined,0.001,0.0005,28,0.8951068248752293,0.05809677722244366,0.06368897739112134,0.07541733286172214,0.9619174312854212,0.0013843749999999998,120,66.87109858891927,,,,path seed,"a=0.8,lw=1.5,r=0.04,w=0.25; a=1,lw=0.8,r=0.025,w=0.5; a=1,lw=0.5,r=0.015,w=0.5",,,,
five_level_weak_anharmonic,worstcap_path_seed,0.03,combined,0.001,0.0005,29,0.9309231223975544,0.048501684720239524,0.050335652137989184,0.10139559486031705,0.9656736374511203,0.0013843749999999998,120,66.87109858891927,,,,path seed,"a=0.8,lw=1.5,r=0.04,w=0.25; a=1,lw=0.8,r=0.025,w=0.5; a=1,lw=0.5,r=0.015,w=0.5",,,,
five_level_weak_anharmonic,worstcap_path_seed,0.03,combined,0.001,0.0005,30,0.8185173829707036,0.038709571193710546,0.03971978804436738,0.2374095101611359,0.9682027903110105,0.0013843749999999998,120,66.87109858891927,,,,path seed,"a=0.8,lw=1.5,r=0.04,w=0.25; a=1,lw=0.8,r=0.025,w=0.5; a=1,lw=0.5,r=0.015,w=0.5",,,,
five_level_weak_anharmonic,worstcap_path_seed,0.03,combined,0.001,0.0005,31,0.7992027261728109,0.038266895803430456,0.047493469336829075,0.11739920991571429,0.9602492285087751,0.0013843749999999998,120,66.87109858891927,,,,path seed,"a=0.8,lw=1.5,r=0.04,w=0.25; a=1,lw=0.8,r=0.025,w=0.5; a=1,lw=0.5,r=0.015,w=0.5",,,,
five_level_weak_anharmonic,worstcap_path_seed,0.03,combined,0.001,0.0005,32,0.8004974650431685,0.03762697685435312,0.04214446056528931,0.11054668000890475,0.9606576781341225,0.0013843749999999998,120,66.87109858891927,,,,path seed,"a=0.8,lw=1.5,r=0.04,w=0.25; a=1,lw=0.8,r=0.025,w=0.5; a=1,lw=0.5,r=0.015,w=0.5",,,,
five_level_weak_anharmonic,worstcap_path_seed,0.03,combined,0.001,0.0005,33,0.8029837404607126,0.03852367590172778,0.03852367590172778,0.27018824912052886,0.9693675416910046,0.0013843749999999998,120,66.87109858891927,,,,path seed,"a=0.8,lw=1.5,r=0.04,w=0.25; a=1,lw=0.8,r=0.025,w=0.5; a=1,lw=0.5,r=0.015,w=0.5",,,,
five_level_weak_anharmonic,worstcap_path_seed,0.03,combined,0.001,0.0005,34,0.8286461948577094,0.05475561333919021,0.05484476094226476,0.18211386280854888,0.9655156041804537,0.0013843749999999998,120,66.87109858891927,,,,path seed,"a=0.8,lw=1.5,r=0.04,w=0.25; a=1,lw=0.8,r=0.025,w=0.5; a=1,lw=0.5,r=0.015,w=0.5",,,,
five_level_weak_anharmonic,worstcap_path_seed,0.03,combined,0.001,0.0005,35,0.8996843422162141,0.06160418693564074,0.06494678144255994,0.10361037436764571,0.9636550515904737,0.0013843749999999998,120,66.87109858891927,,,,path seed,"a=0.8,lw=1.5,r=0.04,w=0.25; a=1,lw=0.8,r=0.025,w=0.5; a=1,lw=0.5,r=0.015,w=0.5",,,,
five_level_weak_anharmonic,worstcap_path_seed,0.03,combined,0.001,0.0005,36,0.8291326571899893,0.04211565233355863,0.047487942377510306,0.09853090306933567,0.9616147047450644,0.0013843749999999998,120,66.87109858891927,,,,path seed,"a=0.8,lw=1.5,r=0.04,w=0.25; a=1,lw=0.8,r=0.025,w=0.5; a=1,lw=0.5,r=0.015,w=0.5",,,,
five_level_weak_anharmonic,worstcap_path_seed,0.03,combined,0.001,0.0005,37,0.8719915030161162,0.03867495176621871,0.04295016261822593,0.21182682292510055,0.9695922830348637,0.0013843749999999998,120,66.87109858891927,,,,path seed,"a=0.8,lw=1.5,r=0.04,w=0.25; a=1,lw=0.8,r=0.025,w=0.5; a=1,lw=0.5,r=0.015,w=0.5",,,,
five_level_weak_anharmonic,worstcap_path_seed,0.03,combined,0.001,0.0005,38,0.7186040575189078,0.022827005288311275,0.023780454868900902,0.33857122248527616,0.9693848420769927,0.0013843749999999998,120,66.87109858891927,,,,path seed,"a=0.8,lw=1.5,r=0.04,w=0.25; a=1,lw=0.8,r=0.025,w=0.5; a=1,lw=0.5,r=0.015,w=0.5",,,,
five_level_weak_anharmonic,worstcap_path_seed,0.03,combined,0.001,0.0005,39,0.8389618612073654,0.04183346784276598,0.051834549425572196,0.11577321449119804,0.9624132711943226,0.0013843749999999998,120,66.87109858891927,,,,path seed,"a=0.8,lw=1.5,r=0.04,w=0.25; a=1,lw=0.8,r=0.025,w=0.5; a=1,lw=0.5,r=0.015,w=0.5",,,,
five_level_weak_anharmonic,worstcap_path_seed,0.03,combined,0.001,0.0005,40,0.91582261248129,0.054245301041466853,0.05659488564841031,0.07616303154068729,0.9636426294181876,0.0013843749999999998,120,66.87109858891927,,,,path seed,"a=0.8,lw=1.5,r=0.04,w=0.25; a=1,lw=0.8,r=0.025,w=0.5; a=1,lw=0.5,r=0.015,w=0.5",,,,
five_level_weak_anharmonic,worstcap_path_seed,0.03,combined,0.001,0.0005,41,0.8707020498531499,0.04761473291689944,0.05062426269312348,0.08286312583928808,0.9618498835011673,0.0013843749999999998,120,66.87109858891927,,,,path seed,"a=0.8,lw=1.5,r=0.04,w=0.25; a=1,lw=0.8,r=0.025,w=0.5; a=1,lw=0.5,r=0.015,w=0.5",,,,
five_level_weak_anharmonic,worstcap_path_seed,0.03,combined,0.001,0.0005,42,0.8591404939000826,0.050976370741694366,0.050976370741694366,0.17570383155607566,0.9660731202425914,0.0013843749999999998,120,66.87109858891927,,,,path seed,"a=0.8,lw=1.5,r=0.04,w=0.25; a=1,lw=0.8,r=0.025,w=0.5; a=1,lw=0.5,r=0.015,w=0.5",,,,
five_level_weak_anharmonic,worstcap_path_seed,0.03,combined,0.001,0.0005,43,0.8226807143154936,0.0357332214961994,0.04023700810601305,0.1287785836893275,0.9632627114133808,0.0013843749999999998,120,66.87109858891927,,,,path seed,"a=0.8,lw=1.5,r=0.04,w=0.25; a=1,lw=0.8,r=0.025,w=0.5; a=1,lw=0.5,r=0.015,w=0.5",,,,
five_level_weak_anharmonic,worstcap_path_seed,0.03,combined,0.001,0.0005,44,0.666112636157059,0.027338667433399744,0.029750303612286366,0.41806046257607493,0.971211393182706,0.0013843749999999998,120,66.87109858891927,,,,path seed,"a=0.8,lw=1.5,r=0.04,w=0.25; a=1,lw=0.8,r=0.025,w=0.5; a=1,lw=0.5,r=0.015,w=0.5",,,,
five_level_weak_anharmonic,worstcap_path_seed,0.03,combined,0.001,0.0005,45,0.8534501372311037,0.04867409889217478,0.05316837130370056,0.16305830469783256,0.9650436253363528,0.0013843749999999998,120,66.87109858891927,,,,path seed,"a=0.8,lw=1.5,r=0.04,w=0.25; a=1,lw=0.8,r=0.025,w=0.5; a=1,lw=0.5,r=0.015,w=0.5",,,,
five_level_weak_anharmonic,worstcap_path_seed,0.03,combined,0.001,0.0005,46,0.7746110306224765,0.035291796814210796,0.038387977692803,0.1138902500213105,0.9604146553194449,0.0013843749999999998,120,66.87109858891927,,,,path seed,"a=0.8,lw=1.5,r=0.04,w=0.25; a=1,lw=0.8,r=0.025,w=0.5; a=1,lw=0.5,r=0.015,w=0.5",,,,
five_level_weak_anharmonic,worstcap_path_seed,0.03,combined,0.001,0.0005,47,0.8912995585047353,0.03916479995390576,0.04902040840025634,0.07261564300134916,0.9620346260294792,0.0013843749999999998,120,66.87109858891927,,,,path seed,"a=0.8,lw=1.5,r=0.04,w=0.25; a=1,lw=0.8,r=0.025,w=0.5; a=1,lw=0.5,r=0.015,w=0.5",,,,
five_level_weak_anharmonic,worstcap_path_seed,0.03,combined,0.001,0.0005,48,0.5585211603716551,0.024970966380241877,0.04373493960385977,0.27021911158451917,0.9578240395120738,0.0013843749999999998,120,66.87109858891927,,,,path seed,"a=0.8,lw=1.5,r=0.04,w=0.25; a=1,lw=0.8,r=0.025,w=0.5; a=1,lw=0.5,r=0.015,w=0.5",,,,
five_level_weak_anharmonic,worstcap_path_seed,0.03,combined,0.001,0.0005,49,0.8934034069405002,0.041494398791508624,0.049322037422399045,0.07343799378953692,0.9622847434327009,0.0013843749999999998,120,66.87109858891927,,,,path seed,"a=0.8,lw=1.5,r=0.04,w=0.25; a=1,lw=0.8,r=0.025,w=0.5; a=1,lw=0.5,r=0.015,w=0.5",,,,
five_level_weak_anharmonic,worstcap_path_seed,0.03,combined,0.001,0.0005,50,0.866920657547334,0.04495985831198057,0.05012016867644864,0.1513521175922983,0.9656807098585677,0.0013843749999999998,120,66.87109858891927,,,,path seed,"a=0.8,lw=1.5,r=0.04,w=0.25; a=1,lw=0.8,r=0.025,w=0.5; a=1,lw=0.5,r=0.015,w=0.5",,,,
five_level_weak_anharmonic,worstcap_path_seed,0.03,combined,0.001,0.0005,51,0.9234728783902687,0.05761734622090431,0.05895123594516938,0.08423885307518092,0.9641299846860834,0.0013843749999999998,120,66.87109858891927,,,,path seed,"a=0.8,lw=1.5,r=0.04,w=0.25; a=1,lw=0.8,r=0.025,w=0.5; a=1,lw=0.5,r=0.015,w=0.5",,,,
five_level_weak_anharmonic,worstcap_path_seed,0.03,combined,0.001,0.0005,52,0.8581368478896235,0.03704531054080784,0.044053381214175125,0.0837650497120229,0.9610129542669998,0.0013843749999999998,120,66.87109858891927,,,,path seed,"a=0.8,lw=1.5,r=0.04,w=0.25; a=1,lw=0.8,r=0.025,w=0.5; a=1,lw=0.5,r=0.015,w=0.5",,,,
five_level_weak_anharmonic,worstcap_path_seed,0.03,combined,0.001,0.0005,53,0.7535692124854719,0.04011032791758484,0.04045869621720688,0.2180288531209146,0.9645169965122041,0.0013843749999999998,120,66.87109858891927,,,,path seed,"a=0.8,lw=1.5,r=0.04,w=0.25; a=1,lw=0.8,r=0.025,w=0.5; a=1,lw=0.5,r=0.015,w=0.5",,,,
five_level_weak_anharmonic,worstcap_path_seed,0.03,combined,0.001,0.0005,54,0.7833713898482935,0.04143867069089546,0.04456298083706045,0.17349812139544413,0.9635892840174393,0.0013843749999999998,120,66.87109858891927,,,,path seed,"a=0.8,lw=1.5,r=0.04,w=0.25; a=1,lw=0.8,r=0.025,w=0.5; a=1,lw=0.5,r=0.015,w=0.5",,,,
five_level_weak_anharmonic,worstcap_path_seed,0.03,combined,0.001,0.0005,55,0.6649047102854205,0.03627641124567638,0.03923966370570886,0.39098647394895847,0.9690912599298931,0.0013843749999999998,120,66.87109858891927,,,,path seed,"a=0.8,lw=1.5,r=0.04,w=0.25; a=1,lw=0.8,r=0.025,w=0.5; a=1,lw=0.5,r=0.015,w=0.5",,,,
five_level_weak_anharmonic,worstcap_path_seed,0.03,combined,0.001,0.0005,56,0.8355598775298554,0.03544426570786563,0.04857701785741375,0.10745964403533259,0.9623510763408575,0.0013843749999999998,120,66.87109858891927,,,,path seed,"a=0.8,lw=1.5,r=0.04,w=0.25; a=1,lw=0.8,r=0.025,w=0.5; a=1,lw=0.5,r=0.015,w=0.5",,,,
five_level_weak_anharmonic,worstcap_path_seed,0.03,combined,0.001,0.0005,57,0.9095075034822883,0.06394350390139592,0.06907336367300299,0.12301937220743905,0.9653102893745996,0.0013843749999999998,120,66.87109858891927,,,,path seed,"a=0.8,lw=1.5,r=0.04,w=0.25; a=1,lw=0.8,r=0.025,w=0.5; a=1,lw=0.5,r=0.015,w=0.5",,,,
five_level_weak_anharmonic,worstcap_path_seed,0.03,combined,0.001,0.0005,58,0.8785015098527807,0.034677726323275926,0.040874737717702114,0.08140895989370957,0.9629770365623072,0.0013843749999999998,120,66.87109858891927,,,,path seed,"a=0.8,lw=1.5,r=0.04,w=0.25; a=1,lw=0.8,r=0.025,w=0.5; a=1,lw=0.5,r=0.015,w=0.5",,,,
five_level_weak_anharmonic,worstcap_path_seed,0.03,combined,0.001,0.0005,59,0.6743837139829285,0.03579723221066211,0.04488790295590939,0.1879500666484545,0.9584032569986445,0.0013843749999999998,120,66.87109858891927,,,,path seed,"a=0.8,lw=1.5,r=0.04,w=0.25; a=1,lw=0.8,r=0.025,w=0.5; a=1,lw=0.5,r=0.015,w=0.5",,,,
five_level_weak_anharmonic,worstcap_low_leak_seed,0.03,static_only,0.0,0.0,10,0.8430370504376217,0.0034248375116332497,0.023888570543580956,0.13762754654845832,0.99999974144069,0.0016555876926502055,120,79.96683705900796,0.40806952348579073,648,False,low-leakage seed,"a=0.8,lw=1.5,r=0.04,w=0.25; a=1,lw=0.8,r=0.025,w=0.5; a=1,lw=0.5,r=0.015,w=0.5",,,,
five_level_weak_anharmonic,worstcap_low_leak_seed,0.03,static_only,0.0,0.0,11,0.8220633943482273,0.00581291755878921,0.028119688555248046,0.11395953991661745,0.9999996403004187,0.0016555876926502055,120,79.96683705900796,0.40806952348579073,648,False,low-leakage seed,"a=0.8,lw=1.5,r=0.04,w=0.25; a=1,lw=0.8,r=0.025,w=0.5; a=1,lw=0.5,r=0.015,w=0.5",,,,
five_level_weak_anharmonic,worstcap_low_leak_seed,0.03,static_only,0.0,0.0,12,0.689338906868841,0.00361601207598905,0.02419768968804692,0.25527783966910833,0.9999997244330903,0.0016555876926502055,120,79.96683705900796,0.40806952348579073,648,False,low-leakage seed,"a=0.8,lw=1.5,r=0.04,w=0.25; a=1,lw=0.8,r=0.025,w=0.5; a=1,lw=0.5,r=0.015,w=0.5",,,,
five_level_weak_anharmonic,worstcap_low_leak_seed,0.03,static_only,0.0,0.0,13,0.8154448811578746,0.001565105056208771,0.02132074836451281,0.1831661313873653,0.9999997673432237,0.0016555876926502055,120,79.96683705900796,0.40806952348579073,648,False,low-leakage seed,"a=0.8,lw=1.5,r=0.04,w=0.25; a=1,lw=0.8,r=0.025,w=0.5; a=1,lw=0.5,r=0.015,w=0.5",,,,
five_level_weak_anharmonic,worstcap_low_leak_seed,0.03,static_only,0.0,0.0,14,0.9504338576609782,0.003044131331269684,0.01705972321729221,0.05241976892951643,0.9999997408732574,0.0016555876926502055,120,79.96683705900796,0.40806952348579073,648,False,low-leakage seed,"a=0.8,lw=1.5,r=0.04,w=0.25; a=1,lw=0.8,r=0.025,w=0.5; a=1,lw=0.5,r=0.015,w=0.5",,,,
five_level_weak_anharmonic,worstcap_low_leak_seed,0.03,static_only,0.0,0.0,15,0.954068280631773,0.001672666015223867,0.026766688815922257,0.05900729738128179,0.9999997085322527,0.0016555876926502055,120,79.96683705900796,0.40806952348579073,648,False,low-leakage seed,"a=0.8,lw=1.5,r=0.04,w=0.25; a=1,lw=0.8,r=0.025,w=0.5; a=1,lw=0.5,r=0.015,w=0.5",,,,
five_level_weak_anharmonic,worstcap_low_leak_seed,0.03,static_only,0.0,0.0,16,0.8666871707074713,0.003939114463108906,0.026199220337900897,0.09658925235571036,0.999999677426885,0.0016555876926502055,120,79.96683705900796,0.40806952348579073,648,False,low-leakage seed,"a=0.8,lw=1.5,r=0.04,w=0.25; a=1,lw=0.8,r=0.025,w=0.5; a=1,lw=0.5,r=0.015,w=0.5",,,,
five_level_weak_anharmonic,worstcap_low_leak_seed,0.03,static_only,0.0,0.0,17,0.8306559200082179,0.002571200585547606,0.020222254936770545,0.18754918149694216,0.999999807402314,0.0016555876926502055,120,79.96683705900796,0.40806952348579073,648,False,low-leakage seed,"a=0.8,lw=1.5,r=0.04,w=0.25; a=1,lw=0.8,r=0.025,w=0.5; a=1,lw=0.5,r=0.015,w=0.5",,,,
five_level_weak_anharmonic,worstcap_low_leak_seed,0.03,static_only,0.0,0.0,18,0.9183879339088914,0.0031089880168886364,0.021811273186720714,0.10558506604500482,0.9999997605321389,0.0016555876926502055,120,79.96683705900796,0.40806952348579073,648,False,low-leakage seed,"a=0.8,lw=1.5,r=0.04,w=0.25; a=1,lw=0.8,r=0.025,w=0.5; a=1,lw=0.5,r=0.015,w=0.5",,,,
five_level_weak_anharmonic,worstcap_low_leak_seed,0.03,static_only,0.0,0.0,19,0.7127605607319153,0.0018232111028735343,0.018086836452584243,0.2268478447429926,0.9999997195305477,0.0016555876926502055,120,79.96683705900796,0.40806952348579073,648,False,low-leakage seed,"a=0.8,lw=1.5,r=0.04,w=0.25; a=1,lw=0.8,r=0.025,w=0.5; a=1,lw=0.5,r=0.015,w=0.5",,,,
five_level_weak_anharmonic,worstcap_low_leak_seed,0.03,static_only,0.0,0.0,20,0.6974259294003933,0.0041326667015331164,0.023287015517733933,0.25213223551529995,0.9999997519604558,0.0016555876926502055,120,79.96683705900796,0.40806952348579073,648,False,low-leakage seed,"a=0.8,lw=1.5,r=0.04,w=0.25; a=1,lw=0.8,r=0.025,w=0.5; a=1,lw=0.5,r=0.015,w=0.5",,,,
five_level_weak_anharmonic,worstcap_low_leak_seed,0.03,static_only,0.0,0.0,21,0.822005288457954,0.003937213974179898,0.017036800169731636,0.14364451578208542,0.9999997498315282,0.0016555876926502055,120,79.96683705900796,0.40806952348579073,648,False,low-leakage seed,"a=0.8,lw=1.5,r=0.04,w=0.25; a=1,lw=0.8,r=0.025,w=0.5; a=1,lw=0.5,r=0.015,w=0.5",,,,
five_level_weak_anharmonic,worstcap_low_leak_seed,0.03,static_only,0.0,0.0,22,0.8471965000369166,0.002778016315483134,0.02078494884049764,0.10869547217392458,0.9999996896631606,0.0016555876926502055,120,79.96683705900796,0.40806952348579073,648,False,low-leakage seed,"a=0.8,lw=1.5,r=0.04,w=0.25; a=1,lw=0.8,r=0.025,w=0.5; a=1,lw=0.5,r=0.015,w=0.5",,,,
five_level_weak_anharmonic,worstcap_low_leak_seed,0.03,static_only,0.0,0.0,23,0.9621166180865853,0.0036150014442229983,0.019914587270248862,0.03244929731590641,0.9999997430836962,0.0016555876926502055,120,79.96683705900796,0.40806952348579073,648,False,low-leakage seed,"a=0.8,lw=1.5,r=0.04,w=0.25; a=1,lw=0.8,r=0.025,w=0.5; a=1,lw=0.5,r=0.015,w=0.5",,,,
five_level_weak_anharmonic,worstcap_low_leak_seed,0.03,static_only,0.0,0.0,24,0.9846413844202432,0.0024989870843811213,0.02182207520238344,0.03592370572523737,0.9999997587355022,0.0016555876926502055,120,79.96683705900796,0.40806952348579073,648,False,low-leakage seed,"a=0.8,lw=1.5,r=0.04,w=0.25; a=1,lw=0.8,r=0.025,w=0.5; a=1,lw=0.5,r=0.015,w=0.5",,,,
five_level_weak_anharmonic,worstcap_low_leak_seed,0.03,static_only,0.0,0.0,25,0.9884451255180252,0.00624617436174868,0.022288826937658213,0.024349309664672893,0.9999997274090209,0.0016555876926502055,120,79.96683705900796,0.40806952348579073,648,False,low-leakage seed,"a=0.8,lw=1.5,r=0.04,w=0.25; a=1,lw=0.8,r=0.025,w=0.5; a=1,lw=0.5,r=0.015,w=0.5",,,,
five_level_weak_anharmonic,worstcap_low_leak_seed,0.03,static_only,0.0,0.0,26,0.9576804680022568,0.002870864919878313,0.023820979140123155,0.06047235341889975,0.9999997402231293,0.0016555876926502055,120,79.96683705900796,0.40806952348579073,648,False,low-leakage seed,"a=0.8,lw=1.5,r=0.04,w=0.25; a=1,lw=0.8,r=0.025,w=0.5; a=1,lw=0.5,r=0.015,w=0.5",,,,
five_level_weak_anharmonic,worstcap_low_leak_seed,0.03,static_only,0.0,0.0,27,0.9337788985912134,0.0023345778524862526,0.020597669118247675,0.09625071281709613,0.9999998027686369,0.0016555876926502055,120,79.96683705900796,0.40806952348579073,648,False,low-leakage seed,"a=0.8,lw=1.5,r=0.04,w=0.25; a=1,lw=0.8,r=0.025,w=0.5; a=1,lw=0.5,r=0.015,w=0.5",,,,
five_level_weak_anharmonic,worstcap_low_leak_seed,0.03,static_only,0.0,0.0,28,0.821014900065677,0.008001878012504071,0.030427127724003467,0.1328845509050291,0.9999996947568544,0.0016555876926502055,120,79.96683705900796,0.40806952348579073,648,False,low-leakage seed,"a=0.8,lw=1.5,r=0.04,w=0.25; a=1,lw=0.8,r=0.025,w=0.5; a=1,lw=0.5,r=0.015,w=0.5",,,,
five_level_weak_anharmonic,worstcap_low_leak_seed,0.03,static_only,0.0,0.0,29,0.8867260722809938,0.003836100332906045,0.020278854257923973,0.11054702517551768,0.9999997603612066,0.0016555876926502055,120,79.96683705900796,0.40806952348579073,648,False,low-leakage seed,"a=0.8,lw=1.5,r=0.04,w=0.25; a=1,lw=0.8,r=0.025,w=0.5; a=1,lw=0.5,r=0.015,w=0.5",,,,
five_level_weak_anharmonic,worstcap_low_leak_seed,0.03,static_only,0.0,0.0,30,0.9172149450085717,0.00545905969447158,0.01748647320982677,0.11577651352796135,0.999999785824184,0.0016555876926502055,120,79.96683705900796,0.40806952348579073,648,False,low-leakage seed,"a=0.8,lw=1.5,r=0.04,w=0.25; a=1,lw=0.8,r=0.025,w=0.5; a=1,lw=0.5,r=0.015,w=0.5",,,,
five_level_weak_anharmonic,worstcap_low_leak_seed,0.03,static_only,0.0,0.0,31,0.8653518711234792,0.0034358189755183677,0.033566249734023446,0.07952204049256445,0.9999996491538924,0.0016555876926502055,120,79.96683705900796,0.40806952348579073,648,False,low-leakage seed,"a=0.8,lw=1.5,r=0.04,w=0.25; a=1,lw=0.8,r=0.025,w=0.5; a=1,lw=0.5,r=0.015,w=0.5",,,,
five_level_weak_anharmonic,worstcap_low_leak_seed,0.03,static_only,0.0,0.0,32,0.9125779688625163,0.0044792439866399025,0.02316454066934759,0.04990348512253609,0.9999996552826257,0.0016555876926502055,120,79.96683705900796,0.40806952348579073,648,False,low-leakage seed,"a=0.8,lw=1.5,r=0.04,w=0.25; a=1,lw=0.8,r=0.025,w=0.5; a=1,lw=0.5,r=0.015,w=0.5",,,,
five_level_weak_anharmonic,worstcap_low_leak_seed,0.03,static_only,0.0,0.0,33,0.9054220119009875,0.0011823620113411426,0.016461002594661767,0.137339853016191,0.9999997935293664,0.0016555876926502055,120,79.96683705900796,0.40806952348579073,648,False,low-leakage seed,"a=0.8,lw=1.5,r=0.04,w=0.25; a=1,lw=0.8,r=0.025,w=0.5; a=1,lw=0.5,r=0.015,w=0.5",,,,
five_level_weak_anharmonic,worstcap_low_leak_seed,0.03,static_only,0.0,0.0,34,0.9871780398094945,0.0018022486233411072,0.025948211071324945,0.03697993937267181,0.9999997294579914,0.0016555876926502055,120,79.96683705900796,0.40806952348579073,648,False,low-leakage seed,"a=0.8,lw=1.5,r=0.04,w=0.25; a=1,lw=0.8,r=0.025,w=0.5; a=1,lw=0.5,r=0.015,w=0.5",,,,
five_level_weak_anharmonic,worstcap_low_leak_seed,0.03,static_only,0.0,0.0,35,0.7226047931320454,0.003287141995098164,0.025663945901262752,0.24700285542495642,0.9999997350080194,0.0016555876926502055,120,79.96683705900796,0.40806952348579073,648,False,low-leakage seed,"a=0.8,lw=1.5,r=0.04,w=0.25; a=1,lw=0.8,r=0.025,w=0.5; a=1,lw=0.5,r=0.015,w=0.5",,,,
five_level_weak_anharmonic,worstcap_low_leak_seed,0.03,static_only,0.0,0.0,36,0.9418092685350656,0.004978369762349777,0.024560224884513926,0.03655889555335193,0.9999997222659417,0.0016555876926502055,120,79.96683705900796,0.40806952348579073,648,False,low-leakage seed,"a=0.8,lw=1.5,r=0.04,w=0.25; a=1,lw=0.8,r=0.025,w=0.5; a=1,lw=0.5,r=0.015,w=0.5",,,,
five_level_weak_anharmonic,worstcap_low_leak_seed,0.03,static_only,0.0,0.0,37,0.6798230641955133,0.003818424944367793,0.017804222798235014,0.3380619199635612,0.9999998376862196,0.0016555876926502055,120,79.96683705900796,0.40806952348579073,648,False,low-leakage seed,"a=0.8,lw=1.5,r=0.04,w=0.25; a=1,lw=0.8,r=0.025,w=0.5; a=1,lw=0.5,r=0.015,w=0.5",,,,
five_level_weak_anharmonic,worstcap_low_leak_seed,0.03,static_only,0.0,0.0,38,0.9256358133067504,0.0016603453223766884,0.011806430799177425,0.10894163881360332,0.9999998112267324,0.0016555876926502055,120,79.96683705900796,0.40806952348579073,648,False,low-leakage seed,"a=0.8,lw=1.5,r=0.04,w=0.25; a=1,lw=0.8,r=0.025,w=0.5; a=1,lw=0.5,r=0.015,w=0.5",,,,
five_level_weak_anharmonic,worstcap_low_leak_seed,0.03,static_only,0.0,0.0,39,0.9853336923592566,0.003758519840944774,0.02452918584526753,0.01252587067991672,0.999999689434351,0.0016555876926502055,120,79.96683705900796,0.40806952348579073,648,False,low-leakage seed,"a=0.8,lw=1.5,r=0.04,w=0.25; a=1,lw=0.8,r=0.025,w=0.5; a=1,lw=0.5,r=0.015,w=0.5",,,,
five_level_weak_anharmonic,worstcap_low_leak_seed,0.03,static_only,0.0,0.0,40,0.8967892621029366,0.00471131328140284,0.025283161751713745,0.0948291038473025,0.9999997268067474,0.0016555876926502055,120,79.96683705900796,0.40806952348579073,648,False,low-leakage seed,"a=0.8,lw=1.5,r=0.04,w=0.25; a=1,lw=0.8,r=0.025,w=0.5; a=1,lw=0.5,r=0.015,w=0.5",,,,
five_level_weak_anharmonic,worstcap_low_leak_seed,0.03,static_only,0.0,0.0,41,0.7416370721392227,0.004213026768272732,0.020811310890485712,0.20988243548231328,0.9999997216030778,0.0016555876926502055,120,79.96683705900796,0.40806952348579073,648,False,low-leakage seed,"a=0.8,lw=1.5,r=0.04,w=0.25; a=1,lw=0.8,r=0.025,w=0.5; a=1,lw=0.5,r=0.015,w=0.5",,,,
five_level_weak_anharmonic,worstcap_low_leak_seed,0.03,static_only,0.0,0.0,42,0.9799419144666396,0.0030922503727652817,0.02204402502056757,0.03410691408007919,0.9999997399078406,0.0016555876926502055,120,79.96683705900796,0.40806952348579073,648,False,low-leakage seed,"a=0.8,lw=1.5,r=0.04,w=0.25; a=1,lw=0.8,r=0.025,w=0.5; a=1,lw=0.5,r=0.015,w=0.5",,,,
five_level_weak_anharmonic,worstcap_low_leak_seed,0.03,static_only,0.0,0.0,43,0.9948799797190945,0.0038551856688125996,0.019342367711786546,0.009550692699789618,0.9999997517113373,0.0016555876926502055,120,79.96683705900796,0.40806952348579073,648,False,low-leakage seed,"a=0.8,lw=1.5,r=0.04,w=0.25; a=1,lw=0.8,r=0.025,w=0.5; a=1,lw=0.5,r=0.015,w=0.5",,,,
five_level_weak_anharmonic,worstcap_low_leak_seed,0.03,static_only,0.0,0.0,44,0.9568900790252772,0.0028972412782459767,0.018446006576398832,0.07443677208169036,0.9999997957073289,0.0016555876926502055,120,79.96683705900796,0.40806952348579073,648,False,low-leakage seed,"a=0.8,lw=1.5,r=0.04,w=0.25; a=1,lw=0.8,r=0.025,w=0.5; a=1,lw=0.5,r=0.015,w=0.5",,,,
five_level_weak_anharmonic,worstcap_low_leak_seed,0.03,static_only,0.0,0.0,45,0.9849195987317381,0.0030089002600708348,0.029647828487204264,0.03177724254290179,0.9999997305720886,0.0016555876926502055,120,79.96683705900796,0.40806952348579073,648,False,low-leakage seed,"a=0.8,lw=1.5,r=0.04,w=0.25; a=1,lw=0.8,r=0.025,w=0.5; a=1,lw=0.5,r=0.015,w=0.5",,,,
five_level_weak_anharmonic,worstcap_low_leak_seed,0.03,static_only,0.0,0.0,46,0.8252461650989523,0.0037475920586522715,0.01875971228701645,0.12861603026671786,0.9999997095844305,0.0016555876926502055,120,79.96683705900796,0.40806952348579073,648,False,low-leakage seed,"a=0.8,lw=1.5,r=0.04,w=0.25; a=1,lw=0.8,r=0.025,w=0.5; a=1,lw=0.5,r=0.015,w=0.5",,,,
five_level_weak_anharmonic,worstcap_low_leak_seed,0.03,static_only,0.0,0.0,47,0.8266758103738685,0.005437557111865332,0.020823364718487003,0.14867198195845885,0.9999997461926902,0.0016555876926502055,120,79.96683705900796,0.40806952348579073,648,False,low-leakage seed,"a=0.8,lw=1.5,r=0.04,w=0.25; a=1,lw=0.8,r=0.025,w=0.5; a=1,lw=0.5,r=0.015,w=0.5",,,,
five_level_weak_anharmonic,worstcap_low_leak_seed,0.03,static_only,0.0,0.0,48,0.7080832285416823,0.0035070557611603936,0.024921875965197904,0.21344931683272775,0.999999598025211,0.0016555876926502055,120,79.96683705900796,0.40806952348579073,648,False,low-leakage seed,"a=0.8,lw=1.5,r=0.04,w=0.25; a=1,lw=0.8,r=0.025,w=0.5; a=1,lw=0.5,r=0.015,w=0.5",,,,
five_level_weak_anharmonic,worstcap_low_leak_seed,0.03,static_only,0.0,0.0,49,0.9040880308145584,0.004299343032897585,0.025125213539416213,0.09105673214416134,0.9999997255471545,0.0016555876926502055,120,79.96683705900796,0.40806952348579073,648,False,low-leakage seed,"a=0.8,lw=1.5,r=0.04,w=0.25; a=1,lw=0.8,r=0.025,w=0.5; a=1,lw=0.5,r=0.015,w=0.5",,,,
five_level_weak_anharmonic,worstcap_low_leak_seed,0.03,static_only,0.0,0.0,50,0.9494699036369114,0.003238724164812634,0.025713197867959336,0.07660459806493063,0.9999997701450337,0.0016555876926502055,120,79.96683705900796,0.40806952348579073,648,False,low-leakage seed,"a=0.8,lw=1.5,r=0.04,w=0.25; a=1,lw=0.8,r=0.025,w=0.5; a=1,lw=0.5,r=0.015,w=0.5",,,,
five_level_weak_anharmonic,worstcap_low_leak_seed,0.03,static_only,0.0,0.0,51,0.8467274574301675,0.0035333466537079694,0.02190568818026839,0.14947155541920154,0.9999997354539198,0.0016555876926502055,120,79.96683705900796,0.40806952348579073,648,False,low-leakage seed,"a=0.8,lw=1.5,r=0.04,w=0.25; a=1,lw=0.8,r=0.025,w=0.5; a=1,lw=0.5,r=0.015,w=0.5",,,,
five_level_weak_anharmonic,worstcap_low_leak_seed,0.03,static_only,0.0,0.0,52,0.7745619547484983,0.0023030860828243682,0.02191137391405129,0.17927342759023257,0.9999996984369169,0.0016555876926502055,120,79.96683705900796,0.40806952348579073,648,False,low-leakage seed,"a=0.8,lw=1.5,r=0.04,w=0.25; a=1,lw=0.8,r=0.025,w=0.5; a=1,lw=0.5,r=0.015,w=0.5",,,,
five_level_weak_anharmonic,worstcap_low_leak_seed,0.03,static_only,0.0,0.0,53,0.9750668761242958,0.0021256203163756426,0.024917827196426323,0.037159477826414905,0.9999997093761784,0.0016555876926502055,120,79.96683705900796,0.40806952348579073,648,False,low-leakage seed,"a=0.8,lw=1.5,r=0.04,w=0.25; a=1,lw=0.8,r=0.025,w=0.5; a=1,lw=0.5,r=0.015,w=0.5",,,,
five_level_weak_anharmonic,worstcap_low_leak_seed,0.03,static_only,0.0,0.0,54,0.9967491261305317,0.0010196299795909303,0.023643797592910354,0.008966190721638677,0.9999997109987839,0.0016555876926502055,120,79.96683705900796,0.40806952348579073,648,False,low-leakage seed,"a=0.8,lw=1.5,r=0.04,w=0.25; a=1,lw=0.8,r=0.025,w=0.5; a=1,lw=0.5,r=0.015,w=0.5",,,,
five_level_weak_anharmonic,worstcap_low_leak_seed,0.03,static_only,0.0,0.0,55,0.9526487933507531,0.004439230188734378,0.027583571687862518,0.06557237065547554,0.9999997529885386,0.0016555876926502055,120,79.96683705900796,0.40806952348579073,648,False,low-leakage seed,"a=0.8,lw=1.5,r=0.04,w=0.25; a=1,lw=0.8,r=0.025,w=0.5; a=1,lw=0.5,r=0.015,w=0.5",,,,
five_level_weak_anharmonic,worstcap_low_leak_seed,0.03,static_only,0.0,0.0,56,0.9800868533650416,0.0008501611621939409,0.02105582214441526,0.011013050149557597,0.9999996945926997,0.0016555876926502055,120,79.96683705900796,0.40806952348579073,648,False,low-leakage seed,"a=0.8,lw=1.5,r=0.04,w=0.25; a=1,lw=0.8,r=0.025,w=0.5; a=1,lw=0.5,r=0.015,w=0.5",,,,
five_level_weak_anharmonic,worstcap_low_leak_seed,0.03,static_only,0.0,0.0,57,0.8153380957739129,0.005929708300993819,0.02757909684694715,0.19957259827057125,0.9999997405076845,0.0016555876926502055,120,79.96683705900796,0.40806952348579073,648,False,low-leakage seed,"a=0.8,lw=1.5,r=0.04,w=0.25; a=1,lw=0.8,r=0.025,w=0.5; a=1,lw=0.5,r=0.015,w=0.5",,,,
five_level_weak_anharmonic,worstcap_low_leak_seed,0.03,static_only,0.0,0.0,58,0.9601944055244667,0.003293117445767546,0.017949736348765732,0.034852435571043214,0.999999757080312,0.0016555876926502055,120,79.96683705900796,0.40806952348579073,648,False,low-leakage seed,"a=0.8,lw=1.5,r=0.04,w=0.25; a=1,lw=0.8,r=0.025,w=0.5; a=1,lw=0.5,r=0.015,w=0.5",,,,
five_level_weak_anharmonic,worstcap_low_leak_seed,0.03,static_only,0.0,0.0,59,0.7646550067648117,0.00224234694871972,0.02597833271842709,0.1759572511936969,0.9999996092970611,0.0016555876926502055,120,79.96683705900796,0.40806952348579073,648,False,low-leakage seed,"a=0.8,lw=1.5,r=0.04,w=0.25; a=1,lw=0.8,r=0.025,w=0.5; a=1,lw=0.5,r=0.015,w=0.5",,,,
five_level_weak_anharmonic,worstcap_low_leak_seed,0.03,deph_0.001,0.001,0.0,10,0.83717553210333,0.0038964734237185716,0.023986531158890934,0.14359704594984055,0.9793939674991101,0.0016555876926502055,120,79.96683705900796,0.40806952348579073,648,False,low-leakage seed,"a=0.8,lw=1.5,r=0.04,w=0.25; a=1,lw=0.8,r=0.025,w=0.5; a=1,lw=0.5,r=0.015,w=0.5",,,,
five_level_weak_anharmonic,worstcap_low_leak_seed,0.03,deph_0.001,0.001,0.0,11,0.818396872583706,0.006322752967631073,0.028353438646175122,0.11873055044473883,0.9840460922102193,0.0016555876926502055,120,79.96683705900796,0.40806952348579073,648,False,low-leakage seed,"a=0.8,lw=1.5,r=0.04,w=0.25; a=1,lw=0.8,r=0.025,w=0.5; a=1,lw=0.5,r=0.015,w=0.5",,,,
five_level_weak_anharmonic,worstcap_low_leak_seed,0.03,deph_0.001,0.001,0.0,12,0.6876740677152726,0.003932259365906243,0.024325124992354175,0.2581953917490108,0.9777293512346736,0.0016555876926502055,120,79.96683705900796,0.40806952348579073,648,False,low-leakage seed,"a=0.8,lw=1.5,r=0.04,w=0.25; a=1,lw=0.8,r=0.025,w=0.5; a=1,lw=0.5,r=0.015,w=0.5",,,,
five_level_weak_anharmonic,worstcap_low_leak_seed,0.03,deph_0.001,0.001,0.0,13,0.81090859576578,0.001954895424526315,0.021422777379715763,0.18775171650706496,0.9767820532951765,0.0016555876926502055,120,79.96683705900796,0.40806952348579073,648,False,low-leakage seed,"a=0.8,lw=1.5,r=0.04,w=0.25; a=1,lw=0.8,r=0.025,w=0.5; a=1,lw=0.5,r=0.015,w=0.5",,,,
five_level_weak_anharmonic,worstcap_low_leak_seed,0.03,deph_0.001,0.001,0.0,14,0.9436309672565262,0.003350683005703625,0.017158502007319276,0.05884226825496171,0.9822072877136016,0.0016555876926502055,120,79.96683705900796,0.40806952348579073,648,False,low-leakage seed,"a=0.8,lw=1.5,r=0.04,w=0.25; a=1,lw=0.8,r=0.025,w=0.5; a=1,lw=0.5,r=0.015,w=0.5",,,,
five_level_weak_anharmonic,worstcap_low_leak_seed,0.03,deph_0.001,0.001,0.0,15,0.9468454492619098,0.0023016343703256004,0.026864120295194693,0.06560848622984317,0.982210015208318,0.0016555876926502055,120,79.96683705900796,0.40806952348579073,648,False,low-leakage seed,"a=0.8,lw=1.5,r=0.04,w=0.25; a=1,lw=0.8,r=0.025,w=0.5; a=1,lw=0.5,r=0.015,w=0.5",,,,
five_level_weak_anharmonic,worstcap_low_leak_seed,0.03,deph_0.001,0.001,0.0,16,0.8617752759102261,0.004496382326711346,0.02629208574391728,0.10208256616805311,0.9827158607953533,0.0016555876926502055,120,79.96683705900796,0.40806952348579073,648,False,low-leakage seed,"a=0.8,lw=1.5,r=0.04,w=0.25; a=1,lw=0.8,r=0.025,w=0.5; a=1,lw=0.5,r=0.015,w=0.5",,,,
five_level_weak_anharmonic,worstcap_low_leak_seed,0.03,deph_0.001,0.001,0.0,17,0.8248110728142469,0.002987140948736755,0.02031089126439356,0.19279296736197543,0.9772911878999663,0.0016555876926502055,120,79.96683705900796,0.40806952348579073,648,False,low-leakage seed,"a=0.8,lw=1.5,r=0.04,w=0.25; a=1,lw=0.8,r=0.025,w=0.5; a=1,lw=0.5,r=0.015,w=0.5",,,,
five_level_weak_anharmonic,worstcap_low_leak_seed,0.03,deph_0.001,0.001,0.0,18,0.9111671226925977,0.0035739403191445973,0.02194170254174377,0.11200456478700888,0.979601625518501,0.0016555876926502055,120,79.96683705900796,0.40806952348579073,648,False,low-leakage seed,"a=0.8,lw=1.5,r=0.04,w=0.25; a=1,lw=0.8,r=0.025,w=0.5; a=1,lw=0.5,r=0.015,w=0.5",,,,
five_level_weak_anharmonic,worstcap_low_leak_seed,0.03,deph_0.001,0.001,0.0,19,0.7109727780228395,0.0022393928183812584,0.0182384652914388,0.2299471442666464,0.9792750604968561,0.0016555876926502055,120,79.96683705900796,0.40806952348579073,648,False,low-leakage seed,"a=0.8,lw=1.5,r=0.04,w=0.25; a=1,lw=0.8,r=0.025,w=0.5; a=1,lw=0.5,r=0.015,w=0.5",,,,
five_level_weak_anharmonic,worstcap_low_leak_seed,0.03,deph_0.001,0.001,0.0,20,0.6949717325562066,0.0046900709708143085,0.023490373984844437,0.25570768374942254,0.9768653499599974,0.0016555876926502055,120,79.96683705900796,0.40806952348579073,648,False,low-leakage seed,"a=0.8,lw=1.5,r=0.04,w=0.25; a=1,lw=0.8,r=0.025,w=0.5; a=1,lw=0.5,r=0.015,w=0.5",,,,
five_level_weak_anharmonic,worstcap_low_leak_seed,0.03,deph_0.001,0.001,0.0,21,0.8178406790763284,0.0042344688017526,0.01717883646928353,0.14845930253360992,0.9808807947635598,0.0016555876926502055,120,79.96683705900796,0.40806952348579073,648,False,low-leakage seed,"a=0.8,lw=1.5,r=0.04,w=0.25; a=1,lw=0.8,r=0.025,w=0.5; a=1,lw=0.5,r=0.015,w=0.5",,,,
five_level_weak_anharmonic,worstcap_low_leak_seed,0.03,deph_0.001,0.001,0.0,22,0.8425316888853583,0.0032840230989440444,0.020892081804394724,0.11399953388194936,0.9827539294414137,0.0016555876926502055,120,79.96683705900796,0.40806952348579073,648,False,low-leakage seed,"a=0.8,lw=1.5,r=0.04,w=0.25; a=1,lw=0.8,r=0.025,w=0.5; a=1,lw=0.5,r=0.015,w=0.5",,,,
five_level_weak_anharmonic,worstcap_low_leak_seed,0.03,deph_0.001,0.001,0.0,23,0.9551781498611521,0.003924394517532237,0.020075439502478032,0.039155672435645446,0.9843534487375926,0.0016555876926502055,120,79.96683705900796,0.40806952348579073,648,False,low-leakage seed,"a=0.8,lw=1.5,r=0.04,w=0.25; a=1,lw=0.8,r=0.025,w=0.5; a=1,lw=0.5,r=0.015,w=0.5",,,,
five_level_weak_anharmonic,worstcap_low_leak_seed,0.03,deph_0.001,0.001,0.0,24,0.9772010125304383,0.0029680930730899835,0.02193764004075971,0.04257323178761467,0.9831811333983244,0.0016555876926502055,120,79.96683705900796,0.40806952348579073,648,False,low-leakage seed,"a=0.8,lw=1.5,r=0.04,w=0.25; a=1,lw=0.8,r=0.025,w=0.5; a=1,lw=0.5,r=0.015,w=0.5",,,,
five_level_weak_anharmonic,worstcap_low_leak_seed,0.03,deph_0.001,0.001,0.0,25,0.9809660523110885,0.0066095988885617185,0.022412886240456675,0.0312348906369621,0.9837165503042475,0.0016555876926502055,120,79.96683705900796,0.40806952348579073,648,False,low-leakage seed,"a=0.8,lw=1.5,r=0.04,w=0.25; a=1,lw=0.8,r=0.025,w=0.5; a=1,lw=0.5,r=0.015,w=0.5",,,,
five_level_weak_anharmonic,worstcap_low_leak_seed,0.03,deph_0.001,0.001,0.0,26,0.950006919265328,0.0033734858619813846,0.02407327566181061,0.06744580779425917,0.9815189923441712,0.0016555876926502055,120,79.96683705900796,0.40806952348579073,648,False,low-leakage seed,"a=0.8,lw=1.5,r=0.04,w=0.25; a=1,lw=0.8,r=0.025,w=0.5; a=1,lw=0.5,r=0.015,w=0.5",,,,
five_level_weak_anharmonic,worstcap_low_leak_seed,0.03,deph_0.001,0.001,0.0,27,0.9266845665494119,0.0026776086039786984,0.020675231768374047,0.1024804405434957,0.9800468383410945,0.0016555876926502055,120,79.96683705900796,0.40806952348579073,648,False,low-leakage seed,"a=0.8,lw=1.5,r=0.04,w=0.25; a=1,lw=0.8,r=0.025,w=0.5; a=1,lw=0.5,r=0.015,w=0.5",,,,
five_level_weak_anharmonic,worstcap_low_leak_seed,0.03,deph_0.001,0.001,0.0,28,0.8165723887198075,0.008510086122538563,0.030657768926358298,0.13816500340923057,0.9806922695014388,0.0016555876926502055,120,79.96683705900796,0.40806952348579073,648,False,low-leakage seed,"a=0.8,lw=1.5,r=0.04,w=0.25; a=1,lw=0.8,r=0.025,w=0.5; a=1,lw=0.5,r=0.015,w=0.5",,,,
five_level_weak_anharmonic,worstcap_low_leak_seed,0.03,deph_0.001,0.001,0.0,29,0.8805186293916554,0.00408546232092688,0.020472803330153888,0.11658872496166171,0.9804132330863728,0.0016555876926502055,120,79.96683705900796,0.40806952348579073,648,False,low-leakage seed,"a=0.8,lw=1.5,r=0.04,w=0.25; a=1,lw=0.8,r=0.025,w=0.5; a=1,lw=0.5,r=0.015,w=0.5",,,,
five_level_weak_anharmonic,worstcap_low_leak_seed,0.03,deph_0.001,0.001,0.0,30,0.9101047264922913,0.005703993689370801,0.017524634982668763,0.12197664212047776,0.9789740405161048,0.0016555876926502055,120,79.96683705900796,0.40806952348579073,648,False,low-leakage seed,"a=0.8,lw=1.5,r=0.04,w=0.25; a=1,lw=0.8,r=0.025,w=0.5; a=1,lw=0.5,r=0.015,w=0.5",,,,
five_level_weak_anharmonic,worstcap_low_leak_seed,0.03,deph_0.001,0.001,0.0,31,0.8605902350162705,0.0040433467531511,0.03366325496051814,0.08506922595960319,0.9849127939985439,0.0016555876926502055,120,79.96683705900796,0.40806952348579073,648,False,low-leakage seed,"a=0.8,lw=1.5,r=0.04,w=0.25; a=1,lw=0.8,r=0.025,w=0.5; a=1,lw=0.5,r=0.015,w=0.5",,,,
five_level_weak_anharmonic,worstcap_low_leak_seed,0.03,deph_0.001,0.001,0.0,32,0.9071010047812921,0.0049542580586652285,0.02328506192643065,0.055805506156391974,0.9858785943142266,0.0016555876926502055,120,79.96683705900796,0.40806952348579073,648,False,low-leakage seed,"a=0.8,lw=1.5,r=0.04,w=0.25; a=1,lw=0.8,r=0.025,w=0.5; a=1,lw=0.5,r=0.015,w=0.5",,,,
five_level_weak_anharmonic,worstcap_low_leak_seed,0.03,deph_0.001,0.001,0.0,33,0.897971924144411,0.0016244094344526339,0.016551411980119113,0.14356765645152195,0.9779822869411037,0.0016555876926502055,120,79.96683705900796,0.40806952348579073,648,False,low-leakage seed,"a=0.8,lw=1.5,r=0.04,w=0.25; a=1,lw=0.8,r=0.025,w=0.5; a=1,lw=0.5,r=0.015,w=0.5",,,,
five_level_weak_anharmonic,worstcap_low_leak_seed,0.03,deph_0.001,0.001,0.0,34,0.9790171008436194,0.002470850805462055,0.0260383282844463,0.04427165061578327,0.982207872393523,0.0016555876926502055,120,79.96683705900796,0.40806952348579073,648,False,low-leakage seed,"a=0.8,lw=1.5,r=0.04,w=0.25; a=1,lw=0.8,r=0.025,w=0.5; a=1,lw=0.5,r=0.015,w=0.5",,,,
five_level_weak_anharmonic,worstcap_low_leak_seed,0.03,deph_0.001,0.001,0.0,35,0.7190488814202783,0.003891813140977307,0.025746524656463654,0.25118176059554465,0.9761964562043935,0.0016555876926502055,120,79.96683705900796,0.40806952348579073,648,False,low-leakage seed,"a=0.8,lw=1.5,r=0.04,w=0.25; a=1,lw=0.8,r=0.025,w=0.5; a=1,lw=0.5,r=0.015,w=0.5",,,,
five_level_weak_anharmonic,worstcap_low_leak_seed,0.03,deph_0.001,0.001,0.0,36,0.9357709262087895,0.005316142725512063,0.02463989560350688,0.042799357443467925,0.9852507084540245,0.0016555876926502055,120,79.96683705900796,0.40806952348579073,648,False,low-leakage seed,"a=0.8,lw=1.5,r=0.04,w=0.25; a=1,lw=0.8,r=0.025,w=0.5; a=1,lw=0.5,r=0.015,w=0.5",,,,
five_level_weak_anharmonic,worstcap_low_leak_seed,0.03,deph_0.001,0.001,0.0,37,0.675383370150517,0.004205765266955375,0.017879694052755246,0.341948058766192,0.9740070202379594,0.0016555876926502055,120,79.96683705900796,0.40806952348579073,648,False,low-leakage seed,"a=0.8,lw=1.5,r=0.04,w=0.25; a=1,lw=0.8,r=0.025,w=0.5; a=1,lw=0.5,r=0.015,w=0.5",,,,
five_level_weak_anharmonic,worstcap_low_leak_seed,0.03,deph_0.001,0.001,0.0,38,0.9186770634926794,0.0018530381693148135,0.011889044323391884,0.11498930323828653,0.9793412700817825,0.0016555876926502055,120,79.96683705900796,0.40806952348579073,648,False,low-leakage seed,"a=0.8,lw=1.5,r=0.04,w=0.25; a=1,lw=0.8,r=0.025,w=0.5; a=1,lw=0.5,r=0.015,w=0.5",,,,
five_level_weak_anharmonic,worstcap_low_leak_seed,0.03,deph_0.001,0.001,0.0,39,0.9780836537243738,0.004344711862842909,0.024647085391826806,0.01940139182793169,0.985373578174911,0.0016555876926502055,120,79.96683705900796,0.40806952348579073,648,False,low-leakage seed,"a=0.8,lw=1.5,r=0.04,w=0.25; a=1,lw=0.8,r=0.025,w=0.5; a=1,lw=0.5,r=0.015,w=0.5",,,,
five_level_weak_anharmonic,worstcap_low_leak_seed,0.03,deph_0.001,0.001,0.0,40,0.890660200325965,0.005159018535905946,0.02546986986278721,0.1009151083917908,0.9812307249242042,0.0016555876926502055,120,79.96683705900796,0.40806952348579073,648,False,low-leakage seed,"a=0.8,lw=1.5,r=0.04,w=0.25; a=1,lw=0.8,r=0.025,w=0.5; a=1,lw=0.5,r=0.015,w=0.5",,,,
five_level_weak_anharmonic,worstcap_low_leak_seed,0.03,deph_0.001,0.001,0.0,41,0.7387506112736666,0.004642719719484489,0.02094300405006877,0.21379391947810703,0.9786747813289304,0.0016555876926502055,120,79.96683705900796,0.40806952348579073,648,False,low-leakage seed,"a=0.8,lw=1.5,r=0.04,w=0.25; a=1,lw=0.8,r=0.025,w=0.5; a=1,lw=0.5,r=0.015,w=0.5",,,,
five_level_weak_anharmonic,worstcap_low_leak_seed,0.03,deph_0.001,0.001,0.0,42,0.9717935528626914,0.003554300451576564,0.022320000243183813,0.04157701444703475,0.9825995812198828,0.0016555876926502055,120,79.96683705900796,0.40806952348579073,648,False,low-leakage seed,"a=0.8,lw=1.5,r=0.04,w=0.25; a=1,lw=0.8,r=0.025,w=0.5; a=1,lw=0.5,r=0.015,w=0.5",,,,
five_level_weak_anharmonic,worstcap_low_leak_seed,0.03,deph_0.001,0.001,0.0,43,0.9877848597683314,0.004132757289734279,0.019494806795363306,0.016222103965291824,0.9855743699948325,0.0016555876926502055,120,79.96683705900796,0.40806952348579073,648,False,low-leakage seed,"a=0.8,lw=1.5,r=0.04,w=0.25; a=1,lw=0.8,r=0.025,w=0.5; a=1,lw=0.5,r=0.015,w=0.5",,,,
five_level_weak_anharmonic,worstcap_low_leak_seed,0.03,deph_0.001,0.001,0.0,44,0.9488572322027862,0.0031278933043870083,0.018519596722515352,0.08160323627969182,0.9798272980855703,0.0016555876926502055,120,79.96683705900796,0.40806952348579073,648,False,low-leakage seed,"a=0.8,lw=1.5,r=0.04,w=0.25; a=1,lw=0.8,r=0.025,w=0.5; a=1,lw=0.5,r=0.015,w=0.5",,,,
five_level_weak_anharmonic,worstcap_low_leak_seed,0.03,deph_0.001,0.001,0.0,45,0.9768229563310359,0.003663132678797032,0.029743704689239703,0.03915411247044269,0.9825478750670995,0.0016555876926502055,120,79.96683705900796,0.40806952348579073,648,False,low-leakage seed,"a=0.8,lw=1.5,r=0.04,w=0.25; a=1,lw=0.8,r=0.025,w=0.5; a=1,lw=0.5,r=0.015,w=0.5",,,,
five_level_weak_anharmonic,worstcap_low_leak_seed,0.03,deph_0.001,0.001,0.0,46,0.8218191524570962,0.00398965209697888,0.018836583067440626,0.13296745709201635,0.9829575242415598,0.0016555876926502055,120,79.96683705900796,0.40806952348579073,648,False,low-leakage seed,"a=0.8,lw=1.5,r=0.04,w=0.25; a=1,lw=0.8,r=0.025,w=0.5; a=1,lw=0.5,r=0.015,w=0.5",,,,
five_level_weak_anharmonic,worstcap_low_leak_seed,0.03,deph_0.001,0.001,0.0,47,0.8222172412674986,0.0058635268401630025,0.021022376610518645,0.15359736640457192,0.9800700224469151,0.0016555876926502055,120,79.96683705900796,0.40806952348579073,648,False,low-leakage seed,"a=0.8,lw=1.5,r=0.04,w=0.25; a=1,lw=0.8,r=0.025,w=0.5; a=1,lw=0.5,r=0.015,w=0.5",,,,
five_level_weak_anharmonic,worstcap_low_leak_seed,0.03,deph_0.001,0.001,0.0,48,0.7071705611373428,0.003926136569022409,0.025096765017615486,0.21593828764512865,0.9824136685970569,0.0016555876926502055,120,79.96683705900796,0.40806952348579073,648,False,low-leakage seed,"a=0.8,lw=1.5,r=0.04,w=0.25; a=1,lw=0.8,r=0.025,w=0.5; a=1,lw=0.5,r=0.015,w=0.5",,,,
five_level_weak_anharmonic,worstcap_low_leak_seed,0.03,deph_0.001,0.001,0.0,49,0.8980254921922781,0.00491490862753452,0.025221164630139237,0.0970040974146702,0.9815560161481823,0.0016555876926502055,120,79.96683705900796,0.40806952348579073,648,False,low-leakage seed,"a=0.8,lw=1.5,r=0.04,w=0.25; a=1,lw=0.8,r=0.025,w=0.5; a=1,lw=0.5,r=0.015,w=0.5",,,,
five_level_weak_anharmonic,worstcap_low_leak_seed,0.03,deph_0.001,0.001,0.0,50,0.9421455725652556,0.0037250080559200205,0.025803327531224052,0.08307873361072826,0.9807181373682057,0.0016555876926502055,120,79.96683705900796,0.40806952348579073,648,False,low-leakage seed,"a=0.8,lw=1.5,r=0.04,w=0.25; a=1,lw=0.8,r=0.025,w=0.5; a=1,lw=0.5,r=0.015,w=0.5",,,,
five_level_weak_anharmonic,worstcap_low_leak_seed,0.03,deph_0.001,0.001,0.0,51,0.8410123891614852,0.004114859229426893,0.022123135671886507,0.1550916865355085,0.9788049627394861,0.0016555876926502055,120,79.96683705900796,0.40806952348579073,648,False,low-leakage seed,"a=0.8,lw=1.5,r=0.04,w=0.25; a=1,lw=0.8,r=0.025,w=0.5; a=1,lw=0.5,r=0.015,w=0.5",,,,
five_level_weak_anharmonic,worstcap_low_leak_seed,0.03,deph_0.001,0.001,0.0,52,0.7712655464049288,0.002958806551563775,0.022008252626206426,0.18345971738280242,0.979821978290895,0.0016555876926502055,120,79.96683705900796,0.40806952348579073,648,False,low-leakage seed,"a=0.8,lw=1.5,r=0.04,w=0.25; a=1,lw=0.8,r=0.025,w=0.5; a=1,lw=0.5,r=0.015,w=0.5",,,,
five_level_weak_anharmonic,worstcap_low_leak_seed,0.03,deph_0.001,0.001,0.0,53,0.9680294358266306,0.0026305789073214347,0.025023693649536716,0.043559395098173914,0.9834555789735079,0.0016555876926502055,120,79.96683705900796,0.40806952348579073,648,False,low-leakage seed,"a=0.8,lw=1.5,r=0.04,w=0.25; a=1,lw=0.8,r=0.025,w=0.5; a=1,lw=0.5,r=0.015,w=0.5",,,,
five_level_weak_anharmonic,worstcap_low_leak_seed,0.03,deph_0.001,0.001,0.0,54,0.9893599735638412,0.0015371400223589404,0.023882602179835177,0.015807147858823766,0.9852919342795585,0.0016555876926502055,120,79.96683705900796,0.40806952348579073,648,False,low-leakage seed,"a=0.8,lw=1.5,r=0.04,w=0.25; a=1,lw=0.8,r=0.025,w=0.5; a=1,lw=0.5,r=0.015,w=0.5",,,,
five_level_weak_anharmonic,worstcap_low_leak_seed,0.03,deph_0.001,0.001,0.0,55,0.9449343029912297,0.004862943106532458,0.027676198445823363,0.07269053011902846,0.9800995896214557,0.0016555876926502055,120,79.96683705900796,0.40806952348579073,648,False,low-leakage seed,"a=0.8,lw=1.5,r=0.04,w=0.25; a=1,lw=0.8,r=0.025,w=0.5; a=1,lw=0.5,r=0.015,w=0.5",,,,
five_level_weak_anharmonic,worstcap_low_leak_seed,0.03,deph_0.001,0.001,0.0,56,0.9734016924695135,0.001157531358229158,0.021069849087464787,0.017404812823636567,0.9867572786928896,0.0016555876926502055,120,79.96683705900796,0.40806952348579073,648,False,low-leakage seed,"a=0.8,lw=1.5,r=0.04,w=0.25; a=1,lw=0.8,r=0.025,w=0.5; a=1,lw=0.5,r=0.015,w=0.5",,,,
five_level_weak_anharmonic,worstcap_low_leak_seed,0.03,deph_0.001,0.001,0.0,57,0.8095554635445995,0.006631080748313312,0.02768144922474436,0.20483349760122654,0.9761230511740099,0.0016555876926502055,120,79.96683705900796,0.40806952348579073,648,False,low-leakage seed,"a=0.8,lw=1.5,r=0.04,w=0.25; a=1,lw=0.8,r=0.025,w=0.5; a=1,lw=0.5,r=0.015,w=0.5",,,,
five_level_weak_anharmonic,worstcap_low_leak_seed,0.03,deph_0.001,0.001,0.0,58,0.9536978477530935,0.0035646179879769146,0.018105290643806837,0.04117616403952661,0.9847200077876587,0.0016555876926502055,120,79.96683705900796,0.40806952348579073,648,False,low-leakage seed,"a=0.8,lw=1.5,r=0.04,w=0.25; a=1,lw=0.8,r=0.025,w=0.5; a=1,lw=0.5,r=0.015,w=0.5",,,,
five_level_weak_anharmonic,worstcap_low_leak_seed,0.03,deph_0.001,0.001,0.0,59,0.7622990573736451,0.0028274865632246238,0.02607227716776317,0.17953372298356446,0.9816283234708184,0.0016555876926502055,120,79.96683705900796,0.40806952348579073,648,False,low-leakage seed,"a=0.8,lw=1.5,r=0.04,w=0.25; a=1,lw=0.8,r=0.025,w=0.5; a=1,lw=0.5,r=0.015,w=0.5",,,,
five_level_weak_anharmonic,worstcap_low_leak_seed,0.03,relax_0.0005,0.0,0.0005,10,0.8289468198606393,0.003356628285808516,0.02381867736557819,0.15111269949419426,0.9729952185530022,0.0016555876926502055,120,79.96683705900796,0.40806952348579073,648,False,low-leakage seed,"a=0.8,lw=1.5,r=0.04,w=0.25; a=1,lw=0.8,r=0.025,w=0.5; a=1,lw=0.5,r=0.015,w=0.5",,,,
five_level_weak_anharmonic,worstcap_low_leak_seed,0.03,relax_0.0005,0.0,0.0005,11,0.8079808382124493,0.0056474560089249115,0.027947228805032198,0.12767210474803958,0.9649916994167633,0.0016555876926502055,120,79.96683705900796,0.40806952348579073,648,False,low-leakage seed,"a=0.8,lw=1.5,r=0.04,w=0.25; a=1,lw=0.8,r=0.025,w=0.5; a=1,lw=0.5,r=0.015,w=0.5",,,,
five_level_weak_anharmonic,worstcap_low_leak_seed,0.03,relax_0.0005,0.0,0.0005,12,0.6738449833713218,0.003493663495841348,0.024021439251815435,0.26964274367395286,0.9740147400741862,0.0016555876926502055,120,79.96683705900796,0.40806952348579073,648,False,low-leakage seed,"a=0.8,lw=1.5,r=0.04,w=0.25; a=1,lw=0.8,r=0.025,w=0.5; a=1,lw=0.5,r=0.015,w=0.5",,,,
five_level_weak_anharmonic,worstcap_low_leak_seed,0.03,relax_0.0005,0.0,0.0005,13,0.8023774862219338,0.0015478884917820013,0.021255358948183978,0.1950700022817129,0.980004872221236,0.0016555876926502055,120,79.96683705900796,0.40806952348579073,648,False,low-leakage seed,"a=0.8,lw=1.5,r=0.04,w=0.25; a=1,lw=0.8,r=0.025,w=0.5; a=1,lw=0.5,r=0.015,w=0.5",,,,
five_level_weak_anharmonic,worstcap_low_leak_seed,0.03,relax_0.0005,0.0,0.0005,14,0.9358278812712434,0.0029829233965470436,0.017012792509185748,0.06590023236474396,0.971583992349016,0.0016555876926502055,120,79.96683705900796,0.40806952348579073,648,False,low-leakage seed,"a=0.8,lw=1.5,r=0.04,w=0.25; a=1,lw=0.8,r=0.025,w=0.5; a=1,lw=0.5,r=0.015,w=0.5",,,,
five_level_weak_anharmonic,worstcap_low_leak_seed,0.03,relax_0.0005,0.0,0.0005,15,0.9358141715424578,0.0017096987087152904,0.026555057607488664,0.07500050779298142,0.9687129935484583,0.0016555876926502055,120,79.96683705900796,0.40806952348579073,648,False,low-leakage seed,"a=0.8,lw=1.5,r=0.04,w=0.25; a=1,lw=0.8,r=0.025,w=0.5; a=1,lw=0.5,r=0.015,w=0.5",,,,
five_level_weak_anharmonic,worstcap_low_leak_seed,0.03,relax_0.0005,0.0,0.0005,16,0.8505438066321701,0.003841908343601541,0.026118217698978263,0.11160047192041357,0.966860359374526,0.0016555876926502055,120,79.96683705900796,0.40806952348579073,648,False,low-leakage seed,"a=0.8,lw=1.5,r=0.04,w=0.25; a=1,lw=0.8,r=0.025,w=0.5; a=1,lw=0.5,r=0.015,w=0.5",,,,
five_level_weak_anharmonic,worstcap_low_leak_seed,0.03,relax_0.0005,0.0,0.0005,17,0.8136609893364244,0.0025362040129830454,0.020162885820055987,0.20229543626314594,0.9774039369287296,0.0016555876926502055,120,79.96683705900796,0.40806952348579073,648,False,low-leakage seed,"a=0.8,lw=1.5,r=0.04,w=0.25; a=1,lw=0.8,r=0.025,w=0.5; a=1,lw=0.5,r=0.015,w=0.5",,,,
five_level_weak_anharmonic,worstcap_low_leak_seed,0.03,relax_0.0005,0.0,0.0005,18,0.900854388718177,0.0030554850038819747,0.021654471359730865,0.1208927921989819,0.9734356424027515,0.0016555876926502055,120,79.96683705900796,0.40806952348579073,648,False,low-leakage seed,"a=0.8,lw=1.5,r=0.04,w=0.25; a=1,lw=0.8,r=0.025,w=0.5; a=1,lw=0.5,r=0.015,w=0.5",,,,
five_level_weak_anharmonic,worstcap_low_leak_seed,0.03,relax_0.0005,0.0,0.0005,19,0.6971749145120834,0.001767765617182837,0.017983873464056277,0.24144978719939528,0.9714893385167546,0.0016555876926502055,120,79.96683705900796,0.40806952348579073,648,False,low-leakage seed,"a=0.8,lw=1.5,r=0.04,w=0.25; a=1,lw=0.8,r=0.025,w=0.5; a=1,lw=0.5,r=0.015,w=0.5",,,,
five_level_weak_anharmonic,worstcap_low_leak_seed,0.03,relax_0.0005,0.0,0.0005,20,0.682601279524265,0.004012446014679316,0.023217502776255117,0.26607391488206916,0.9743207543794803,0.0016555876926502055,120,79.96683705900796,0.40806952348579073,648,False,low-leakage seed,"a=0.8,lw=1.5,r=0.04,w=0.25; a=1,lw=0.8,r=0.025,w=0.5; a=1,lw=0.5,r=0.015,w=0.5",,,,
five_level_weak_anharmonic,worstcap_low_leak_seed,0.03,relax_0.0005,0.0,0.0005,21,0.8054174617576046,0.003818984787792523,0.016933079998112555,0.15890822550752376,0.9699347820056448,0.0016555876926502055,120,79.96683705900796,0.40806952348579073,648,False,low-leakage seed,"a=0.8,lw=1.5,r=0.04,w=0.25; a=1,lw=0.8,r=0.025,w=0.5; a=1,lw=0.5,r=0.015,w=0.5",,,,
five_level_weak_anharmonic,worstcap_low_leak_seed,0.03,relax_0.0005,0.0,0.0005,22,0.8319286140920178,0.0027268022378603707,0.020728219943443316,0.12322199941999651,0.9669316130465817,0.0016555876926502055,120,79.96683705900796,0.40806952348579073,648,False,low-leakage seed,"a=0.8,lw=1.5,r=0.04,w=0.25; a=1,lw=0.8,r=0.025,w=0.5; a=1,lw=0.5,r=0.015,w=0.5",,,,
five_level_weak_anharmonic,worstcap_low_leak_seed,0.03,relax_0.0005,0.0,0.0005,23,0.9453088281259393,0.003506187903305702,0.019788145673500068,0.047781037782850345,0.9671818992124472,0.0016555876926502055,120,79.96683705900796,0.40806952348579073,648,False,low-leakage seed,"a=0.8,lw=1.5,r=0.04,w=0.25; a=1,lw=0.8,r=0.025,w=0.5; a=1,lw=0.5,r=0.015,w=0.5",,,,
five_level_weak_anharmonic,worstcap_low_leak_seed,0.03,relax_0.0005,0.0,0.0005,24,0.9670008726920117,0.0024708589038275885,0.021765420261047108,0.051455554818974625,0.969204006311472,0.0016555876926502055,120,79.96683705900796,0.40806952348579073,648,False,low-leakage seed,"a=0.8,lw=1.5,r=0.04,w=0.25; a=1,lw=0.8,r=0.025,w=0.5; a=1,lw=0.5,r=0.015,w=0.5",,,,
five_level_weak_anharmonic,worstcap_low_leak_seed,0.03,relax_0.0005,0.0,0.0005,25,0.9712980049049224,0.006090681023597555,0.02212319767219806,0.03968837597044955,0.9683142742304467,0.0016555876926502055,120,79.96683705900796,0.40806952348579073,648,False,low-leakage seed,"a=0.8,lw=1.5,r=0.04,w=0.25; a=1,lw=0.8,r=0.025,w=0.5; a=1,lw=0.5,r=0.015,w=0.5",,,,
five_level_weak_anharmonic,worstcap_low_leak_seed,0.03,relax_0.0005,0.0,0.0005,26,0.9403505208960385,0.002812369305185025,0.023675015735107552,0.0758110150574738,0.9707515984113161,0.0016555876926502055,120,79.96683705900796,0.40806952348579073,648,False,low-leakage seed,"a=0.8,lw=1.5,r=0.04,w=0.25; a=1,lw=0.8,r=0.025,w=0.5; a=1,lw=0.5,r=0.015,w=0.5",,,,
five_level_weak_anharmonic,worstcap_low_leak_seed,0.03,relax_0.0005,0.0,0.0005,27,0.9163869393240073,0.0022740512193796247,0.020536756674894963,0.11133966074775853,0.9739823691745626,0.0016555876926502055,120,79.96683705900796,0.40806952348579073,648,False,low-leakage seed,"a=0.8,lw=1.5,r=0.04,w=0.25; a=1,lw=0.8,r=0.025,w=0.5; a=1,lw=0.5,r=0.015,w=0.5",,,,
five_level_weak_anharmonic,worstcap_low_leak_seed,0.03,relax_0.0005,0.0,0.0005,28,0.8065350654286597,0.0077662408541512296,0.030291366231911754,0.14678616680810105,0.9699030418647556,0.0016555876926502055,120,79.96683705900796,0.40806952348579073,648,False,low-leakage seed,"a=0.8,lw=1.5,r=0.04,w=0.25; a=1,lw=0.8,r=0.025,w=0.5; a=1,lw=0.5,r=0.015,w=0.5",,,,
five_level_weak_anharmonic,worstcap_low_leak_seed,0.03,relax_0.0005,0.0,0.0005,29,0.8703778565312021,0.0037057001869370554,0.0201549569458932,0.125374546348009,0.9729999428485494,0.0016555876926502055,120,79.96683705900796,0.40806952348579073,648,False,low-leakage seed,"a=0.8,lw=1.5,r=0.04,w=0.25; a=1,lw=0.8,r=0.025,w=0.5; a=1,lw=0.5,r=0.015,w=0.5",,,,
five_level_weak_anharmonic,worstcap_low_leak_seed,0.03,relax_0.0005,0.0,0.0005,30,0.9002546311286908,0.005323633520544324,0.017347507701691356,0.13056556100811384,0.9757007084898521,0.0016555876926502055,120,79.96683705900796,0.40806952348579073,648,False,low-leakage seed,"a=0.8,lw=1.5,r=0.04,w=0.25; a=1,lw=0.8,r=0.025,w=0.5; a=1,lw=0.5,r=0.015,w=0.5",,,,
five_level_weak_anharmonic,worstcap_low_leak_seed,0.03,relax_0.0005,0.0,0.0005,31,0.851263148594536,0.0033781454207746364,0.0334603165195988,0.09324148746782232,0.9644341833753531,0.0016555876926502055,120,79.96683705900796,0.40806952348579073,648,False,low-leakage seed,"a=0.8,lw=1.5,r=0.04,w=0.25; a=1,lw=0.8,r=0.025,w=0.5; a=1,lw=0.5,r=0.015,w=0.5",,,,
five_level_weak_anharmonic,worstcap_low_leak_seed,0.03,relax_0.0005,0.0,0.0005,32,0.8966830524050144,0.004378340236221301,0.02300985740190109,0.06483151347171694,0.963577551437708,0.0016555876926502055,120,79.96683705900796,0.40806952348579073,648,False,low-leakage seed,"a=0.8,lw=1.5,r=0.04,w=0.25; a=1,lw=0.8,r=0.025,w=0.5; a=1,lw=0.5,r=0.015,w=0.5",,,,
five_level_weak_anharmonic,worstcap_low_leak_seed,0.03,relax_0.0005,0.0,0.0005,33,0.8885396598974301,0.0011921581259970448,0.016333199882223925,0.15186006867426402,0.9767786911719365,0.0016555876926502055,120,79.96683705900796,0.40806952348579073,648,False,low-leakage seed,"a=0.8,lw=1.5,r=0.04,w=0.25; a=1,lw=0.8,r=0.025,w=0.5; a=1,lw=0.5,r=0.015,w=0.5",,,,
five_level_weak_anharmonic,worstcap_low_leak_seed,0.03,relax_0.0005,0.0,0.0005,34,0.969957420485224,0.0017975943106378622,0.025865124642466153,0.052174026078844166,0.9698938076825034,0.0016555876926502055,120,79.96683705900796,0.40806952348579073,648,False,low-leakage seed,"a=0.8,lw=1.5,r=0.04,w=0.25; a=1,lw=0.8,r=0.025,w=0.5; a=1,lw=0.5,r=0.015,w=0.5",,,,
five_level_weak_anharmonic,worstcap_low_leak_seed,0.03,relax_0.0005,0.0,0.0005,35,0.707189998857313,0.003218742017137899,0.025580144052669507,0.2611395720480714,0.9753404506074527,0.0016555876926502055,120,79.96683705900796,0.40806952348579073,648,False,low-leakage seed,"a=0.8,lw=1.5,r=0.04,w=0.25; a=1,lw=0.8,r=0.025,w=0.5; a=1,lw=0.5,r=0.015,w=0.5",,,,
five_level_weak_anharmonic,worstcap_low_leak_seed,0.03,relax_0.0005,0.0,0.0005,36,0.9250817169502599,0.004825570430177173,0.024480690545748418,0.05190110373570602,0.9654623987577792,0.0016555876926502055,120,79.96683705900796,0.40806952348579073,648,False,low-leakage seed,"a=0.8,lw=1.5,r=0.04,w=0.25; a=1,lw=0.8,r=0.025,w=0.5; a=1,lw=0.5,r=0.015,w=0.5",,,,
five_level_weak_anharmonic,worstcap_low_leak_seed,0.03,relax_0.0005,0.0,0.0005,37,0.6654374607860662,0.0037233744644346034,0.017754657467281,0.3505299734757407,0.9852898340792422,0.0016555876926502055,120,79.96683705900796,0.40806952348579073,648,False,low-leakage seed,"a=0.8,lw=1.5,r=0.04,w=0.25; a=1,lw=0.8,r=0.025,w=0.5; a=1,lw=0.5,r=0.015,w=0.5",,,,
five_level_weak_anharmonic,worstcap_low_leak_seed,0.03,relax_0.0005,0.0,0.0005,38,0.9094976759872376,0.0016159378783483502,0.011777660628048081,0.12306536452398588,0.9755158029735257,0.0016555876926502055,120,79.96683705900796,0.40806952348579073,648,False,low-leakage seed,"a=0.8,lw=1.5,r=0.04,w=0.25; a=1,lw=0.8,r=0.025,w=0.5; a=1,lw=0.5,r=0.015,w=0.5",,,,
five_level_weak_anharmonic,worstcap_low_leak_seed,0.03,relax_0.0005,0.0,0.0005,39,0.9679767420904296,0.003720795072285066,0.024461885082873724,0.028173528882134535,0.9652463815838612,0.0016555876926502055,120,79.96683705900796,0.40806952348579073,648,False,low-leakage seed,"a=0.8,lw=1.5,r=0.04,w=0.25; a=1,lw=0.8,r=0.025,w=0.5; a=1,lw=0.5,r=0.015,w=0.5",,,,
five_level_weak_anharmonic,worstcap_low_leak_seed,0.03,relax_0.0005,0.0,0.0005,40,0.8797577067445183,0.0045775739162337015,0.025121108171877404,0.11020886497130994,0.9700062885393571,0.0016555876926502055,120,79.96683705900796,0.40806952348579073,648,False,low-leakage seed,"a=0.8,lw=1.5,r=0.04,w=0.25; a=1,lw=0.8,r=0.025,w=0.5; a=1,lw=0.5,r=0.015,w=0.5",,,,
five_level_weak_anharmonic,worstcap_low_leak_seed,0.03,relax_0.0005,0.0,0.0005,41,0.7259172791885372,0.004083328722422674,0.02065795041569063,0.22455351891729958,0.9716751720425485,0.0016555876926502055,120,79.96683705900796,0.40806952348579073,648,False,low-leakage seed,"a=0.8,lw=1.5,r=0.04,w=0.25; a=1,lw=0.8,r=0.025,w=0.5; a=1,lw=0.5,r=0.015,w=0.5",,,,
five_level_weak_anharmonic,worstcap_low_leak_seed,0.03,relax_0.0005,0.0,0.0005,42,0.9636789928420324,0.0030151563818691107,0.0219050839352386,0.04886638102162646,0.9696065465428104,0.0016555876926502055,120,79.96683705900796,0.40806952348579073,648,False,low-leakage seed,"a=0.8,lw=1.5,r=0.04,w=0.25; a=1,lw=0.8,r=0.025,w=0.5; a=1,lw=0.5,r=0.015,w=0.5",,,,
five_level_weak_anharmonic,worstcap_low_leak_seed,0.03,relax_0.0005,0.0,0.0005,43,0.9774171108305312,0.0037379612545493934,0.019223923149906952,0.025180327191637812,0.9661003626905025,0.0016555876926502055,120,79.96683705900796,0.40806952348579073,648,False,low-leakage seed,"a=0.8,lw=1.5,r=0.04,w=0.25; a=1,lw=0.8,r=0.025,w=0.5; a=1,lw=0.5,r=0.015,w=0.5",,,,
five_level_weak_anharmonic,worstcap_low_leak_seed,0.03,relax_0.0005,0.0,0.0005,44,0.9420158612256816,0.0028092111085175064,0.01839154532977627,0.08782147264396276,0.9761738647923929,0.0016555876926502055,120,79.96683705900796,0.40806952348579073,648,False,low-leakage seed,"a=0.8,lw=1.5,r=0.04,w=0.25; a=1,lw=0.8,r=0.025,w=0.5; a=1,lw=0.5,r=0.015,w=0.5",,,,
five_level_weak_anharmonic,worstcap_low_leak_seed,0.03,relax_0.0005,0.0,0.0005,45,0.9679004788191422,0.0029595360254897063,0.029556698662341452,0.04699407871997355,0.9693584846046562,0.0016555876926502055,120,79.96683705900796,0.40806952348579073,648,False,low-leakage seed,"a=0.8,lw=1.5,r=0.04,w=0.25; a=1,lw=0.8,r=0.025,w=0.5; a=1,lw=0.5,r=0.015,w=0.5",,,,
five_level_weak_anharmonic,worstcap_low_leak_seed,0.03,relax_0.0005,0.0,0.0005,46,0.8083198731257917,0.0036157592701399066,0.01862662001920401,0.14418580166521822,0.9672886197721546,0.0016555876926502055,120,79.96683705900796,0.40806952348579073,648,False,low-leakage seed,"a=0.8,lw=1.5,r=0.04,w=0.25; a=1,lw=0.8,r=0.025,w=0.5; a=1,lw=0.5,r=0.015,w=0.5",,,,
five_level_weak_anharmonic,worstcap_low_leak_seed,0.03,relax_0.0005,0.0,0.0005,47,0.8096401105133537,0.005297793730952405,0.020708344611385154,0.1640504679835346,0.9706712310030147,0.0016555876926502055,120,79.96683705900796,0.40806952348579073,648,False,low-leakage seed,"a=0.8,lw=1.5,r=0.04,w=0.25; a=1,lw=0.8,r=0.025,w=0.5; a=1,lw=0.5,r=0.015,w=0.5",,,,
five_level_weak_anharmonic,worstcap_low_leak_seed,0.03,relax_0.0005,0.0,0.0005,48,0.694420121898507,0.003387018791671137,0.02477073849969358,0.22663435937621604,0.9670340453687053,0.0016555876926502055,120,79.96683705900796,0.40806952348579073,648,False,low-leakage seed,"a=0.8,lw=1.5,r=0.04,w=0.25; a=1,lw=0.8,r=0.025,w=0.5; a=1,lw=0.5,r=0.015,w=0.5",,,,
five_level_weak_anharmonic,worstcap_low_leak_seed,0.03,relax_0.0005,0.0,0.0005,49,0.8860541380323593,0.004241860902797323,0.0250506273248996,0.10704830457137338,0.9686574293842729,0.0016555876926502055,120,79.96683705900796,0.40806952348579073,648,False,low-leakage seed,"a=0.8,lw=1.5,r=0.04,w=0.25; a=1,lw=0.8,r=0.025,w=0.5; a=1,lw=0.5,r=0.015,w=0.5",,,,
five_level_weak_anharmonic,worstcap_low_leak_seed,0.03,relax_0.0005,0.0,0.0005,50,0.9318139785053859,0.003193912395223042,0.025632556194334466,0.09198586640899692,0.9726044242650238,0.0016555876926502055,120,79.96683705900796,0.40806952348579073,648,False,low-leakage seed,"a=0.8,lw=1.5,r=0.04,w=0.25; a=1,lw=0.8,r=0.025,w=0.5; a=1,lw=0.5,r=0.015,w=0.5",,,,
five_level_weak_anharmonic,worstcap_low_leak_seed,0.03,relax_0.0005,0.0,0.0005,51,0.829543781434854,0.0034625440728117685,0.02175862452289179,0.16478388204212965,0.9720268049836178,0.0016555876926502055,120,79.96683705900796,0.40806952348579073,648,False,low-leakage seed,"a=0.8,lw=1.5,r=0.04,w=0.25; a=1,lw=0.8,r=0.025,w=0.5; a=1,lw=0.5,r=0.015,w=0.5",,,,
five_level_weak_anharmonic,worstcap_low_leak_seed,0.03,relax_0.0005,0.0,0.0005,52,0.7584165353803259,0.0022934733135704377,0.021856354443809956,0.19421693964126657,0.9701459150044739,0.0016555876926502055,120,79.96683705900796,0.40806952348579073,648,False,low-leakage seed,"a=0.8,lw=1.5,r=0.04,w=0.25; a=1,lw=0.8,r=0.025,w=0.5; a=1,lw=0.5,r=0.015,w=0.5",,,,
five_level_weak_anharmonic,worstcap_low_leak_seed,0.03,relax_0.0005,0.0,0.0005,53,0.9585186651214085,0.0021073744914297254,0.024725144385353115,0.05188204194934988,0.9687911895311219,0.0016555876926502055,120,79.96683705900796,0.40806952348579073,648,False,low-leakage seed,"a=0.8,lw=1.5,r=0.04,w=0.25; a=1,lw=0.8,r=0.025,w=0.5; a=1,lw=0.5,r=0.015,w=0.5",,,,
five_level_weak_anharmonic,worstcap_low_leak_seed,0.03,relax_0.0005,0.0,0.0005,54,0.9800796712758131,0.0010196818713180678,0.023496866997428367,0.023936317376552916,0.9664427042080347,0.0016555876926502055,120,79.96683705900796,0.40806952348579073,648,False,low-leakage seed,"a=0.8,lw=1.5,r=0.04,w=0.25; a=1,lw=0.8,r=0.025,w=0.5; a=1,lw=0.5,r=0.015,w=0.5",,,,
five_level_weak_anharmonic,worstcap_low_leak_seed,0.03,relax_0.0005,0.0,0.0005,55,0.9379327255526793,0.004331099435256336,0.027492244586402093,0.07896280063886159,0.975023773396186,0.0016555876926502055,120,79.96683705900796,0.40806952348579073,648,False,low-leakage seed,"a=0.8,lw=1.5,r=0.04,w=0.25; a=1,lw=0.8,r=0.025,w=0.5; a=1,lw=0.5,r=0.015,w=0.5",,,,
five_level_weak_anharmonic,worstcap_low_leak_seed,0.03,relax_0.0005,0.0,0.0005,56,0.9631276301883208,0.0008443266366401359,0.020869424967144834,0.026370503894593104,0.964107508273933,0.0016555876926502055,120,79.96683705900796,0.40806952348579073,648,False,low-leakage seed,"a=0.8,lw=1.5,r=0.04,w=0.25; a=1,lw=0.8,r=0.025,w=0.5; a=1,lw=0.5,r=0.015,w=0.5",,,,
five_level_weak_anharmonic,worstcap_low_leak_seed,0.03,relax_0.0005,0.0,0.0005,57,0.7982470455856545,0.005833625457156155,0.02748548200668066,0.2143988747853023,0.9763462559003353,0.0016555876926502055,120,79.96683705900796,0.40806952348579073,648,False,low-leakage seed,"a=0.8,lw=1.5,r=0.04,w=0.25; a=1,lw=0.8,r=0.025,w=0.5; a=1,lw=0.5,r=0.015,w=0.5",,,,
five_level_weak_anharmonic,worstcap_low_leak_seed,0.03,relax_0.0005,0.0,0.0005,58,0.9425442758102871,0.0031904926204318063,0.017845357919727522,0.05069258660394835,0.9668441064171466,0.0016555876926502055,120,79.96683705900796,0.40806952348579073,648,False,low-leakage seed,"a=0.8,lw=1.5,r=0.04,w=0.25; a=1,lw=0.8,r=0.025,w=0.5; a=1,lw=0.5,r=0.015,w=0.5",,,,
five_level_weak_anharmonic,worstcap_low_leak_seed,0.03,relax_0.0005,0.0,0.0005,59,0.7490870504763637,0.0021931793256450005,0.025898906237248998,0.19049773249020732,0.9673762131160218,0.0016555876926502055,120,79.96683705900796,0.40806952348579073,648,False,low-leakage seed,"a=0.8,lw=1.5,r=0.04,w=0.25; a=1,lw=0.8,r=0.025,w=0.5; a=1,lw=0.5,r=0.015,w=0.5",,,,
five_level_weak_anharmonic,worstcap_low_leak_seed,0.03,combined,0.001,0.0005,10,0.82318222491195,0.0038083758956699576,0.023916110907665433,0.15698623039676085,0.9530931881548975,0.0016555876926502055,120,79.96683705900796,0.40806952348579073,648,False,low-leakage seed,"a=0.8,lw=1.5,r=0.04,w=0.25; a=1,lw=0.8,r=0.025,w=0.5; a=1,lw=0.5,r=0.015,w=0.5",,,,
five_level_weak_anharmonic,worstcap_low_leak_seed,0.03,combined,0.001,0.0005,11,0.8043824027456848,0.006135588851580276,0.028178565509832332,0.13236238817774454,0.9498233649698395,0.0016555876926502055,120,79.96683705900796,0.40806952348579073,648,False,low-leakage seed,"a=0.8,lw=1.5,r=0.04,w=0.25; a=1,lw=0.8,r=0.025,w=0.5; a=1,lw=0.5,r=0.015,w=0.5",,,,
five_level_weak_anharmonic,worstcap_low_leak_seed,0.03,combined,0.001,0.0005,12,0.6722465224243114,0.0037961226068141674,0.024147884559622135,0.2724871286025763,0.9524829722061753,0.0016555876926502055,120,79.96683705900796,0.40806952348579073,648,False,low-leakage seed,"a=0.8,lw=1.5,r=0.04,w=0.25; a=1,lw=0.8,r=0.025,w=0.5; a=1,lw=0.5,r=0.015,w=0.5",,,,
five_level_weak_anharmonic,worstcap_low_leak_seed,0.03,combined,0.001,0.0005,13,0.7979008350164667,0.0019211150805970023,0.021356847242544053,0.19959631941149603,0.9573524213071268,0.0016555876926502055,120,79.96683705900796,0.40806952348579073,648,False,low-leakage seed,"a=0.8,lw=1.5,r=0.04,w=0.25; a=1,lw=0.8,r=0.025,w=0.5; a=1,lw=0.5,r=0.015,w=0.5",,,,
five_level_weak_anharmonic,worstcap_low_leak_seed,0.03,combined,0.001,0.0005,14,0.9291117562865041,0.003276995626719792,0.017111040024713864,0.07224150870476141,0.9543888599590248,0.0016555876926502055,120,79.96683705900796,0.40806952348579073,648,False,low-leakage seed,"a=0.8,lw=1.5,r=0.04,w=0.25; a=1,lw=0.8,r=0.025,w=0.5; a=1,lw=0.5,r=0.015,w=0.5",,,,
five_level_weak_anharmonic,worstcap_low_leak_seed,0.03,combined,0.001,0.0005,15,0.9287299792964703,0.002314818137800767,0.026650956728549557,0.08148710922490757,0.9515896175394207,0.0016555876926502055,120,79.96683705900796,0.40806952348579073,648,False,low-leakage seed,"a=0.8,lw=1.5,r=0.04,w=0.25; a=1,lw=0.8,r=0.025,w=0.5; a=1,lw=0.5,r=0.015,w=0.5",,,,
five_level_weak_anharmonic,worstcap_low_leak_seed,0.03,combined,0.001,0.0005,16,0.8457315793361193,0.004377259769883235,0.026210535535910018,0.1169942637744453,0.9503185961239509,0.0016555876926502055,120,79.96683705900796,0.40806952348579073,648,False,low-leakage seed,"a=0.8,lw=1.5,r=0.04,w=0.25; a=1,lw=0.8,r=0.025,w=0.5; a=1,lw=0.5,r=0.015,w=0.5",,,,
five_level_weak_anharmonic,worstcap_low_leak_seed,0.03,combined,0.001,0.0005,17,0.8079353153608221,0.0029343022241345995,0.02025102212669294,0.20744191578680193,0.9553243455343864,0.0016555876926502055,120,79.96683705900796,0.40806952348579073,648,False,low-leakage seed,"a=0.8,lw=1.5,r=0.04,w=0.25; a=1,lw=0.8,r=0.025,w=0.5; a=1,lw=0.5,r=0.015,w=0.5",,,,
five_level_weak_anharmonic,worstcap_low_leak_seed,0.03,combined,0.001,0.0005,18,0.8937670868011877,0.0035015245483941415,0.02178346622242333,0.12720261024827217,0.9536758933490778,0.0016555876926502055,120,79.96683705900796,0.40806952348579073,648,False,low-leakage seed,"a=0.8,lw=1.5,r=0.04,w=0.25; a=1,lw=0.8,r=0.025,w=0.5; a=1,lw=0.5,r=0.015,w=0.5",,,,
five_level_weak_anharmonic,worstcap_low_leak_seed,0.03,combined,0.001,0.0005,19,0.6954527003656421,0.002166945255168473,0.018133806316852907,0.2444756724468775,0.9515041205225956,0.0016555876926502055,120,79.96683705900796,0.40806952348579073,648,False,low-leakage seed,"a=0.8,lw=1.5,r=0.04,w=0.25; a=1,lw=0.8,r=0.025,w=0.5; a=1,lw=0.5,r=0.015,w=0.5",,,,
five_level_weak_anharmonic,worstcap_low_leak_seed,0.03,combined,0.001,0.0005,20,0.6802258121906395,0.004547019270756847,0.023361749783056274,0.26956369085883086,0.9519714789716472,0.0016555876926502055,120,79.96683705900796,0.40806952348579073,648,False,low-leakage seed,"a=0.8,lw=1.5,r=0.04,w=0.25; a=1,lw=0.8,r=0.025,w=0.5; a=1,lw=0.5,r=0.015,w=0.5",,,,
five_level_weak_anharmonic,worstcap_low_leak_seed,0.03,combined,0.001,0.0005,21,0.8013437648617278,0.004103441284966092,0.017073760024021167,0.16363210752530308,0.951513184115818,0.0016555876926502055,120,79.96683705900796,0.40806952348579073,648,False,low-leakage seed,"a=0.8,lw=1.5,r=0.04,w=0.25; a=1,lw=0.8,r=0.025,w=0.5; a=1,lw=0.5,r=0.015,w=0.5",,,,
five_level_weak_anharmonic,worstcap_low_leak_seed,0.03,combined,0.001,0.0005,22,0.8273515586545582,0.003212812682067745,0.02083475812957558,0.128435710598857,0.9504250985601143,0.0016555876926502055,120,79.96683705900796,0.40806952348579073,648,False,low-leakage seed,"a=0.8,lw=1.5,r=0.04,w=0.25; a=1,lw=0.8,r=0.025,w=0.5; a=1,lw=0.5,r=0.015,w=0.5",,,,
five_level_weak_anharmonic,worstcap_low_leak_seed,0.03,combined,0.001,0.0005,23,0.9384836558507061,0.0038020432573692142,0.01994747052520851,0.05438361477132183,0.9521725563384332,0.0016555876926502055,120,79.96683705900796,0.40806952348579073,648,False,low-leakage seed,"a=0.8,lw=1.5,r=0.04,w=0.25; a=1,lw=0.8,r=0.025,w=0.5; a=1,lw=0.5,r=0.015,w=0.5",,,,
five_level_weak_anharmonic,worstcap_low_leak_seed,0.03,combined,0.001,0.0005,24,0.9596849025657322,0.0029205983232537536,0.021880365376462985,0.05800137764088678,0.9529782207700778,0.0016555876926502055,120,79.96683705900796,0.40806952348579073,648,False,low-leakage seed,"a=0.8,lw=1.5,r=0.04,w=0.25; a=1,lw=0.8,r=0.025,w=0.5; a=1,lw=0.5,r=0.015,w=0.5",,,,
five_level_weak_anharmonic,worstcap_low_leak_seed,0.03,combined,0.001,0.0005,25,0.963937812258592,0.006438978369851411,0.022246094753996748,0.04646969172779441,0.9526461721487753,0.0016555876926502055,120,79.96683705900796,0.40806952348579073,648,False,low-leakage seed,"a=0.8,lw=1.5,r=0.04,w=0.25; a=1,lw=0.8,r=0.025,w=0.5; a=1,lw=0.5,r=0.015,w=0.5",,,,
five_level_weak_anharmonic,worstcap_low_leak_seed,0.03,combined,0.001,0.0005,26,0.9328135132719269,0.003293639192178177,0.023924751352186302,0.08266813264268265,0.9529157865177732,0.0016555876926502055,120,79.96683705900796,0.40806952348579073,648,False,low-leakage seed,"a=0.8,lw=1.5,r=0.04,w=0.25; a=1,lw=0.8,r=0.025,w=0.5; a=1,lw=0.5,r=0.015,w=0.5",,,,
five_level_weak_anharmonic,worstcap_low_leak_seed,0.03,combined,0.001,0.0005,27,0.9094162112750429,0.002601687916869211,0.0206138831165934,0.11746759147020396,0.9546183367035949,0.0016555876926502055,120,79.96683705900796,0.40806952348579073,648,False,low-leakage seed,"a=0.8,lw=1.5,r=0.04,w=0.25; a=1,lw=0.8,r=0.025,w=0.5; a=1,lw=0.5,r=0.015,w=0.5",,,,
five_level_weak_anharmonic,worstcap_low_leak_seed,0.03,combined,0.001,0.0005,28,0.8021805211120191,0.008252692315303456,0.0305203800185625,0.15197004376960305,0.9513389152669485,0.0016555876926502055,120,79.96683705900796,0.40806952348579073,648,False,low-leakage seed,"a=0.8,lw=1.5,r=0.04,w=0.25; a=1,lw=0.8,r=0.025,w=0.5; a=1,lw=0.5,r=0.015,w=0.5",,,,
five_level_weak_anharmonic,worstcap_low_leak_seed,0.03,combined,0.001,0.0005,29,0.8642820321753475,0.003943785737144934,0.02034745779450231,0.13131423420010335,0.9540356828586112,0.0016555876926502055,120,79.96683705900796,0.40806952348579073,648,False,low-leakage seed,"a=0.8,lw=1.5,r=0.04,w=0.25; a=1,lw=0.8,r=0.025,w=0.5; a=1,lw=0.5,r=0.015,w=0.5",,,,
five_level_weak_anharmonic,worstcap_low_leak_seed,0.03,combined,0.001,0.0005,30,0.893262435893292,0.005558109973994307,0.01738529989397941,0.13666807285360552,0.9552615159494923,0.0016555876926502055,120,79.96683705900796,0.40806952348579073,648,False,low-leakage seed,"a=0.8,lw=1.5,r=0.04,w=0.25; a=1,lw=0.8,r=0.025,w=0.5; a=1,lw=0.5,r=0.015,w=0.5",,,,
five_level_weak_anharmonic,worstcap_low_leak_seed,0.03,combined,0.001,0.0005,31,0.8465806492979399,0.003960456088362374,0.03355672940455867,0.09870083206277222,0.9501211194949235,0.0016555876926502055,120,79.96683705900796,0.40806952348579073,648,False,low-leakage seed,"a=0.8,lw=1.5,r=0.04,w=0.25; a=1,lw=0.8,r=0.025,w=0.5; a=1,lw=0.5,r=0.015,w=0.5",,,,
five_level_weak_anharmonic,worstcap_low_leak_seed,0.03,combined,0.001,0.0005,32,0.8912994464179304,0.0048343485416677545,0.023128876407914944,0.07064001817090476,0.9501738125852875,0.0016555876926502055,120,79.96683705900796,0.40806952348579073,648,False,low-leakage seed,"a=0.8,lw=1.5,r=0.04,w=0.25; a=1,lw=0.8,r=0.025,w=0.5; a=1,lw=0.5,r=0.015,w=0.5",,,,
five_level_weak_anharmonic,worstcap_low_leak_seed,0.03,combined,0.001,0.0005,33,0.8812182537419728,0.0016170725733654079,0.016422387042411613,0.15798865687466954,0.9553771947790257,0.0016555876926502055,120,79.96683705900796,0.40806952348579073,648,False,low-leakage seed,"a=0.8,lw=1.5,r=0.04,w=0.25; a=1,lw=0.8,r=0.025,w=0.5; a=1,lw=0.5,r=0.015,w=0.5",,,,
five_level_weak_anharmonic,worstcap_low_leak_seed,0.03,combined,0.001,0.0005,34,0.9619369388098742,0.0024394448031667126,0.02595475784891388,0.059347265793887036,0.952744057017327,0.0016555876926502055,120,79.96683705900796,0.40806952348579073,648,False,low-leakage seed,"a=0.8,lw=1.5,r=0.04,w=0.25; a=1,lw=0.8,r=0.025,w=0.5; a=1,lw=0.5,r=0.015,w=0.5",,,,
five_level_weak_anharmonic,worstcap_low_leak_seed,0.03,combined,0.001,0.0005,35,0.7037305748890966,0.0037990485524064255,0.02566223831442871,0.2652243989769499,0.9523264700415079,0.0016555876926502055,120,79.96683705900796,0.40806952348579073,648,False,low-leakage seed,"a=0.8,lw=1.5,r=0.04,w=0.25; a=1,lw=0.8,r=0.025,w=0.5; a=1,lw=0.5,r=0.015,w=0.5",,,,
five_level_weak_anharmonic,worstcap_low_leak_seed,0.03,combined,0.001,0.0005,36,0.9191479379461126,0.00514814088332971,0.02455986642785557,0.05804014374467163,0.9513782517466133,0.0016555876926502055,120,79.96683705900796,0.40806952348579073,648,False,low-leakage seed,"a=0.8,lw=1.5,r=0.04,w=0.25; a=1,lw=0.8,r=0.025,w=0.5; a=1,lw=0.5,r=0.015,w=0.5",,,,
five_level_weak_anharmonic,worstcap_low_leak_seed,0.03,combined,0.001,0.0005,37,0.6610939793023849,0.0040947588512969535,0.01782979832197773,0.35433782540081743,0.9599196319432571,0.0016555876926502055,120,79.96683705900796,0.40806952348579073,648,False,low-leakage seed,"a=0.8,lw=1.5,r=0.04,w=0.25; a=1,lw=0.8,r=0.025,w=0.5; a=1,lw=0.5,r=0.015,w=0.5",,,,
five_level_weak_anharmonic,worstcap_low_leak_seed,0.03,combined,0.001,0.0005,38,0.9026414764164191,0.0018010652110033165,0.01185982383409745,0.12902831901109446,0.9554479074345126,0.0016555876926502055,120,79.96683705900796,0.40806952348579073,648,False,low-leakage seed,"a=0.8,lw=1.5,r=0.04,w=0.25; a=1,lw=0.8,r=0.025,w=0.5; a=1,lw=0.5,r=0.015,w=0.5",,,,
five_level_weak_anharmonic,worstcap_low_leak_seed,0.03,combined,0.001,0.0005,39,0.9608504948385879,0.00428401865095307,0.024579093975269695,0.03494011882049549,0.9512748886985953,0.0016555876926502055,120,79.96683705900796,0.40806952348579073,648,False,low-leakage seed,"a=0.8,lw=1.5,r=0.04,w=0.25; a=1,lw=0.8,r=0.025,w=0.5; a=1,lw=0.5,r=0.015,w=0.5",,,,
five_level_weak_anharmonic,worstcap_low_leak_seed,0.03,combined,0.001,0.0005,40,0.8737477254605008,0.005006984468542974,0.02530621842295311,0.11618674275082248,0.9519172184125326,0.0016555876926502055,120,79.96683705900796,0.40806952348579073,648,False,low-leakage seed,"a=0.8,lw=1.5,r=0.04,w=0.25; a=1,lw=0.8,r=0.025,w=0.5; a=1,lw=0.5,r=0.015,w=0.5",,,,
five_level_weak_anharmonic,worstcap_low_leak_seed,0.03,combined,0.001,0.0005,41,0.7231106264404701,0.00449554545358688,0.020788097028779817,0.2283803736254587,0.951115870086611,0.0016555876926502055,120,79.96683705900796,0.40806952348579073,648,False,low-leakage seed,"a=0.8,lw=1.5,r=0.04,w=0.25; a=1,lw=0.8,r=0.025,w=0.5; a=1,lw=0.5,r=0.015,w=0.5",,,,
five_level_weak_anharmonic,worstcap_low_leak_seed,0.03,combined,0.001,0.0005,42,0.9556606491493596,0.003457746913930859,0.02217841253455677,0.05622154533720989,0.9528630699370579,0.0016555876926502055,120,79.96683705900796,0.40806952348579073,648,False,low-leakage seed,"a=0.8,lw=1.5,r=0.04,w=0.25; a=1,lw=0.8,r=0.025,w=0.5; a=1,lw=0.5,r=0.015,w=0.5",,,,
five_level_weak_anharmonic,worstcap_low_leak_seed,0.03,combined,0.001,0.0005,43,0.9704349266640335,0.004002843464595118,0.01937492937450258,0.031751489749915006,0.9522811234755745,0.0016555876926502055,120,79.96683705900796,0.40806952348579073,648,False,low-leakage seed,"a=0.8,lw=1.5,r=0.04,w=0.25; a=1,lw=0.8,r=0.025,w=0.5; a=1,lw=0.5,r=0.015,w=0.5",,,,
five_level_weak_anharmonic,worstcap_low_leak_seed,0.03,combined,0.001,0.0005,44,0.9340921423649623,0.003029475019538097,0.01846477144775982,0.09489289032335833,0.9565814920908158,0.0016555876926502055,120,79.96683705900796,0.40806952348579073,648,False,low-leakage seed,"a=0.8,lw=1.5,r=0.04,w=0.25; a=1,lw=0.8,r=0.025,w=0.5; a=1,lw=0.5,r=0.015,w=0.5",,,,
five_level_weak_anharmonic,worstcap_low_leak_seed,0.03,combined,0.001,0.0005,45,0.9599418139368331,0.0035878293673022865,0.02965207697173211,0.054251652006748044,0.9525518813900407,0.0016555876926502055,120,79.96683705900796,0.40806952348579073,648,False,low-leakage seed,"a=0.8,lw=1.5,r=0.04,w=0.25; a=1,lw=0.8,r=0.025,w=0.5; a=1,lw=0.5,r=0.015,w=0.5",,,,
five_level_weak_anharmonic,worstcap_low_leak_seed,0.03,combined,0.001,0.0005,46,0.8049733476093588,0.003847624311857256,0.018702787995559023,0.14845371865107787,0.9509304224178637,0.0016555876926502055,120,79.96683705900796,0.40806952348579073,648,False,low-leakage seed,"a=0.8,lw=1.5,r=0.04,w=0.25; a=1,lw=0.8,r=0.025,w=0.5; a=1,lw=0.5,r=0.015,w=0.5",,,,
five_level_weak_anharmonic,worstcap_low_leak_seed,0.03,combined,0.001,0.0005,47,0.8052846101793493,0.0057055823726012145,0.02090579011239113,0.1688787554511048,0.9514535288916509,0.0016555876926502055,120,79.96683705900796,0.40806952348579073,648,False,low-leakage seed,"a=0.8,lw=1.5,r=0.04,w=0.25; a=1,lw=0.8,r=0.025,w=0.5; a=1,lw=0.5,r=0.015,w=0.5",,,,
five_level_weak_anharmonic,worstcap_low_leak_seed,0.03,combined,0.001,0.0005,48,0.6935461111730656,0.0037881229452024767,0.024943671858547067,0.22906881761687345,0.9502441831432279,0.0016555876926502055,120,79.96683705900796,0.40806952348579073,648,False,low-leakage seed,"a=0.8,lw=1.5,r=0.04,w=0.25; a=1,lw=0.8,r=0.025,w=0.5; a=1,lw=0.5,r=0.015,w=0.5",,,,
five_level_weak_anharmonic,worstcap_low_leak_seed,0.03,combined,0.001,0.0005,49,0.8801205332409635,0.004831993034908222,0.02514604012619326,0.11288412429742278,0.9509133761010918,0.0016555876926502055,120,79.96683705900796,0.40806952348579073,648,False,low-leakage seed,"a=0.8,lw=1.5,r=0.04,w=0.25; a=1,lw=0.8,r=0.025,w=0.5; a=1,lw=0.5,r=0.015,w=0.5",,,,
five_level_weak_anharmonic,worstcap_low_leak_seed,0.03,combined,0.001,0.0005,50,0.9246208000690581,0.003659700201671612,0.025722148621954766,0.09835222757708932,0.9539192024323478,0.0016555876926502055,120,79.96683705900796,0.40806952348579073,648,False,low-leakage seed,"a=0.8,lw=1.5,r=0.04,w=0.25; a=1,lw=0.8,r=0.025,w=0.5; a=1,lw=0.5,r=0.015,w=0.5",,,,
five_level_weak_anharmonic,worstcap_low_leak_seed,0.03,combined,0.001,0.0005,51,0.8239528630490468,0.004021087884119368,0.021973502260520306,0.17029505515928872,0.951569112013765,0.0016555876926502055,120,79.96683705900796,0.40806952348579073,648,False,low-leakage seed,"a=0.8,lw=1.5,r=0.04,w=0.25; a=1,lw=0.8,r=0.025,w=0.5; a=1,lw=0.5,r=0.015,w=0.5",,,,
five_level_weak_anharmonic,worstcap_low_leak_seed,0.03,combined,0.001,0.0005,52,0.7552095727730334,0.002925142318238705,0.021952841466650996,0.19831457340456876,0.9507178302010983,0.0016555876926502055,120,79.96683705900796,0.40806952348579073,648,False,low-leakage seed,"a=0.8,lw=1.5,r=0.04,w=0.25; a=1,lw=0.8,r=0.025,w=0.5; a=1,lw=0.5,r=0.015,w=0.5",,,,
five_level_weak_anharmonic,worstcap_low_leak_seed,0.03,combined,0.001,0.0005,53,0.9515902866447629,0.0025931962728860114,0.024829964649197622,0.058189469022825124,0.9528674335219031,0.0016555876926502055,120,79.96683705900796,0.40806952348579073,648,False,low-leakage seed,"a=0.8,lw=1.5,r=0.04,w=0.25; a=1,lw=0.8,r=0.025,w=0.5; a=1,lw=0.5,r=0.015,w=0.5",,,,
five_level_weak_anharmonic,worstcap_low_leak_seed,0.03,combined,0.001,0.0005,54,0.9728052907558858,0.0015161191019076314,0.023732739288192084,0.030676788295235166,0.9523638748978295,0.0016555876926502055,120,79.96683705900796,0.40806952348579073,648,False,low-leakage seed,"a=0.8,lw=1.5,r=0.04,w=0.25; a=1,lw=0.8,r=0.025,w=0.5; a=1,lw=0.5,r=0.015,w=0.5",,,,
five_level_weak_anharmonic,worstcap_low_leak_seed,0.03,combined,0.001,0.0005,55,0.9303264531623356,0.004736460000604792,0.02758436082704374,0.08598235378987544,0.9557134251607815,0.0016555876926502055,120,79.96683705900796,0.40806952348579073,648,False,low-leakage seed,"a=0.8,lw=1.5,r=0.04,w=0.25; a=1,lw=0.8,r=0.025,w=0.5; a=1,lw=0.5,r=0.015,w=0.5",,,,
five_level_weak_anharmonic,worstcap_low_leak_seed,0.03,combined,0.001,0.0005,56,0.956547633825875,0.001139930294956848,0.020883251580599227,0.03266982299151989,0.95150637557956,0.0016555876926502055,120,79.96683705900796,0.40806952348579073,648,False,low-leakage seed,"a=0.8,lw=1.5,r=0.04,w=0.25; a=1,lw=0.8,r=0.025,w=0.5; a=1,lw=0.5,r=0.015,w=0.5",,,,
five_level_weak_anharmonic,worstcap_low_leak_seed,0.03,combined,0.001,0.0005,57,0.7925947212162642,0.006508412616402337,0.02758723792295581,0.2195526128645461,0.953198499769346,0.0016555876926502055,120,79.96683705900796,0.40806952348579073,648,False,low-leakage seed,"a=0.8,lw=1.5,r=0.04,w=0.25; a=1,lw=0.8,r=0.025,w=0.5; a=1,lw=0.5,r=0.015,w=0.5",,,,
five_level_weak_anharmonic,worstcap_low_leak_seed,0.03,combined,0.001,0.0005,58,0.9361601545046453,0.0034498683423239696,0.017999673623973145,0.0569155276663812,0.9521777757172613,0.0016555876926502055,120,79.96683705900796,0.40806952348579073,648,False,low-leakage seed,"a=0.8,lw=1.5,r=0.04,w=0.25; a=1,lw=0.8,r=0.025,w=0.5; a=1,lw=0.5,r=0.015,w=0.5",,,,
five_level_weak_anharmonic,worstcap_low_leak_seed,0.03,combined,0.001,0.0005,59,0.7468032745833413,0.002754429813794479,0.025992280043005356,0.19399565717508757,0.9497911121386815,0.0016555876926502055,120,79.96683705900796,0.40806952348579073,648,False,low-leakage seed,"a=0.8,lw=1.5,r=0.04,w=0.25; a=1,lw=0.8,r=0.025,w=0.5; a=1,lw=0.5,r=0.015,w=0.5",,,,
five_level_weak_anharmonic,worstcap_target_push_reference,0.03,static_only,0.0,0.0,10,0.894177671942935,0.0007175288968348514,0.09136998596695789,0.0913728693632831,0.9999959833242059,0.0034608072233738257,120,110.30053921416402,0.3171127728674126,1953,False,worst-seed target-push reference,"a=0.8,lw=1.5,r=0.04,w=0.25; a=1,lw=0.8,r=0.025,w=0.5; a=1,lw=0.5,r=0.015,w=0.5",,,,
five_level_weak_anharmonic,worstcap_target_push_reference,0.03,static_only,0.0,0.0,11,0.9212909077258812,0.0010039232465799408,0.101128941825259,0.0852598901841335,0.9999951475749876,0.0034608072233738257,120,110.30053921416402,0.3171127728674126,1953,False,worst-seed target-push reference,"a=0.8,lw=1.5,r=0.04,w=0.25; a=1,lw=0.8,r=0.025,w=0.5; a=1,lw=0.5,r=0.015,w=0.5",,,,
five_level_weak_anharmonic,worstcap_target_push_reference,0.03,static_only,0.0,0.0,12,0.9712533371347362,0.001513576465906885,0.07842941678199145,0.04980132924395246,0.9999954782879138,0.0034608072233738257,120,110.30053921416402,0.3171127728674126,1953,False,worst-seed target-push reference,"a=0.8,lw=1.5,r=0.04,w=0.25; a=1,lw=0.8,r=0.025,w=0.5; a=1,lw=0.5,r=0.015,w=0.5",,,,
five_level_weak_anharmonic,worstcap_target_push_reference,0.03,static_only,0.0,0.0,13,0.8897226068713564,0.0015360791243594907,0.08771046041236619,0.1272206118087148,0.9999964844140088,0.0034608072233738257,120,110.30053921416402,0.3171127728674126,1953,False,worst-seed target-push reference,"a=0.8,lw=1.5,r=0.04,w=0.25; a=1,lw=0.8,r=0.025,w=0.5; a=1,lw=0.5,r=0.015,w=0.5",,,,
five_level_weak_anharmonic,worstcap_target_push_reference,0.03,static_only,0.0,0.0,14,0.9038515807933103,0.00200312738762487,0.07836852864691979,0.10628984777463871,0.9999961363801511,0.0034608072233738257,120,110.30053921416402,0.3171127728674126,1953,False,worst-seed target-push reference,"a=0.8,lw=1.5,r=0.04,w=0.25; a=1,lw=0.8,r=0.025,w=0.5; a=1,lw=0.5,r=0.015,w=0.5",,,,
five_level_weak_anharmonic,worstcap_target_push_reference,0.03,static_only,0.0,0.0,15,0.9934582575516694,0.00257482273791787,0.09923768154775003,0.0030248947277038063,0.9999956766268222,0.0034608072233738257,120,110.30053921416402,0.3171127728674126,1953,False,worst-seed target-push reference,"a=0.8,lw=1.5,r=0.04,w=0.25; a=1,lw=0.8,r=0.025,w=0.5; a=1,lw=0.5,r=0.015,w=0.5",,,,
five_level_weak_anharmonic,worstcap_target_push_reference,0.03,static_only,0.0,0.0,16,0.9794067552738308,0.0008898229887848164,0.10747902573989032,0.03375856213714329,0.9999954782553414,0.0034608072233738257,120,110.30053921416402,0.3171127728674126,1953,False,worst-seed target-push reference,"a=0.8,lw=1.5,r=0.04,w=0.25; a=1,lw=0.8,r=0.025,w=0.5; a=1,lw=0.5,r=0.015,w=0.5",,,,
five_level_weak_anharmonic,worstcap_target_push_reference,0.03,static_only,0.0,0.0,17,0.9254632230929666,0.002011609452358454,0.08177522753314648,0.04417941120595421,0.9999968463273956,0.0034608072233738257,120,110.30053921416402,0.3171127728674126,1953,False,worst-seed target-push reference,"a=0.8,lw=1.5,r=0.04,w=0.25; a=1,lw=0.8,r=0.025,w=0.5; a=1,lw=0.5,r=0.015,w=0.5",,,,
five_level_weak_anharmonic,worstcap_target_push_reference,0.03,static_only,0.0,0.0,18,0.9863922591470138,0.0021492422622613194,0.08748216362056604,0.005859908121807744,0.9999961431069361,0.0034608072233738257,120,110.30053921416402,0.3171127728674126,1953,False,worst-seed target-push reference,"a=0.8,lw=1.5,r=0.04,w=0.25; a=1,lw=0.8,r=0.025,w=0.5; a=1,lw=0.5,r=0.015,w=0.5",,,,
five_level_weak_anharmonic,worstcap_target_push_reference,0.03,static_only,0.0,0.0,19,0.968596811266839,0.0013788997119353885,0.08230365469991208,0.04754503895899267,0.9999955422218024,0.0034608072233738257,120,110.30053921416402,0.3171127728674126,1953,False,worst-seed target-push reference,"a=0.8,lw=1.5,r=0.04,w=0.25; a=1,lw=0.8,r=0.025,w=0.5; a=1,lw=0.5,r=0.015,w=0.5",,,,
five_level_weak_anharmonic,worstcap_target_push_reference,0.03,static_only,0.0,0.0,20,0.9334980962141798,0.0005482628241285648,0.09148619040598271,0.07450183332097458,0.9999960842882455,0.0034608072233738257,120,110.30053921416402,0.3171127728674126,1953,False,worst-seed target-push reference,"a=0.8,lw=1.5,r=0.04,w=0.25; a=1,lw=0.8,r=0.025,w=0.5; a=1,lw=0.5,r=0.015,w=0.5",,,,
five_level_weak_anharmonic,worstcap_target_push_reference,0.03,static_only,0.0,0.0,21,0.9850532665757576,0.0019418221166621619,0.07593174683364423,0.02226505940090465,0.9999959956001241,0.0034608072233738257,120,110.30053921416402,0.3171127728674126,1953,False,worst-seed target-push reference,"a=0.8,lw=1.5,r=0.04,w=0.25; a=1,lw=0.8,r=0.025,w=0.5; a=1,lw=0.5,r=0.015,w=0.5",,,,
five_level_weak_anharmonic,worstcap_target_push_reference,0.03,static_only,0.0,0.0,22,0.9515667495179887,0.0010045996166841986,0.08958925090620118,0.05789952289872288,0.9999953180897535,0.0034608072233738257,120,110.30053921416402,0.3171127728674126,1953,False,worst-seed target-push reference,"a=0.8,lw=1.5,r=0.04,w=0.25; a=1,lw=0.8,r=0.025,w=0.5; a=1,lw=0.5,r=0.015,w=0.5",,,,
five_level_weak_anharmonic,worstcap_target_push_reference,0.03,static_only,0.0,0.0,23,0.9852759079727793,0.0014590655805776231,0.0844068407671853,0.02453943865776249,0.9999960449312965,0.0034608072233738257,120,110.30053921416402,0.3171127728674126,1953,False,worst-seed target-push reference,"a=0.8,lw=1.5,r=0.04,w=0.25; a=1,lw=0.8,r=0.025,w=0.5; a=1,lw=0.5,r=0.015,w=0.5",,,,
five_level_weak_anharmonic,worstcap_target_push_reference,0.03,static_only,0.0,0.0,24,0.9745649488713888,0.0013953548680828431,0.07732920187096282,0.022537580997083462,0.9999964706896799,0.0034608072233738257,120,110.30053921416402,0.3171127728674126,1953,False,worst-seed target-push reference,"a=0.8,lw=1.5,r=0.04,w=0.25; a=1,lw=0.8,r=0.025,w=0.5; a=1,lw=0.5,r=0.015,w=0.5",,,,
five_level_weak_anharmonic,worstcap_target_push_reference,0.03,static_only,0.0,0.0,25,0.9675726483843019,0.0012594002885047972,0.07732897109798642,0.03538319286941631,0.9999959186787537,0.0034608072233738257,120,110.30053921416402,0.3171127728674126,1953,False,worst-seed target-push reference,"a=0.8,lw=1.5,r=0.04,w=0.25; a=1,lw=0.8,r=0.025,w=0.5; a=1,lw=0.5,r=0.015,w=0.5",,,,
five_level_weak_anharmonic,worstcap_target_push_reference,0.03,static_only,0.0,0.0,26,0.9984043880659259,0.0013770853215326895,0.09703335060142426,0.00524720626242841,0.9999959985597883,0.0034608072233738257,120,110.30053921416402,0.3171127728674126,1953,False,worst-seed target-push reference,"a=0.8,lw=1.5,r=0.04,w=0.25; a=1,lw=0.8,r=0.025,w=0.5; a=1,lw=0.5,r=0.015,w=0.5",,,,
five_level_weak_anharmonic,worstcap_target_push_reference,0.03,static_only,0.0,0.0,27,0.9702071793737332,0.0016153131989778968,0.0817889190183938,0.022146749243830897,0.9999968947689833,0.0034608072233738257,120,110.30053921416402,0.3171127728674126,1953,False,worst-seed target-push reference,"a=0.8,lw=1.5,r=0.04,w=0.25; a=1,lw=0.8,r=0.025,w=0.5; a=1,lw=0.5,r=0.015,w=0.5",,,,
five_level_weak_anharmonic,worstcap_target_push_reference,0.03,static_only,0.0,0.0,28,0.9491264150102506,0.0009296842227521918,0.10008094543119062,0.06172739796859341,0.9999956363422645,0.0034608072233738257,120,110.30053921416402,0.3171127728674126,1953,False,worst-seed target-push reference,"a=0.8,lw=1.5,r=0.04,w=0.25; a=1,lw=0.8,r=0.025,w=0.5; a=1,lw=0.5,r=0.015,w=0.5",,,,
five_level_weak_anharmonic,worstcap_target_push_reference,0.03,static_only,0.0,0.0,29,0.9819971112132995,0.001189863273646563,0.07986209821173018,0.02362145066665433,0.9999962148943153,0.0034608072233738257,120,110.30053921416402,0.3171127728674126,1953,False,worst-seed target-push reference,"a=0.8,lw=1.5,r=0.04,w=0.25; a=1,lw=0.8,r=0.025,w=0.5; a=1,lw=0.5,r=0.015,w=0.5",,,,
five_level_weak_anharmonic,worstcap_target_push_reference,0.03,static_only,0.0,0.0,30,0.9872423773290091,0.0007914570593995363,0.06888822988841092,0.013312323819328226,0.9999964787432702,0.0034608072233738257,120,110.30053921416402,0.3171127728674126,1953,False,worst-seed target-push reference,"a=0.8,lw=1.5,r=0.04,w=0.25; a=1,lw=0.8,r=0.025,w=0.5; a=1,lw=0.5,r=0.015,w=0.5",,,,
five_level_weak_anharmonic,worstcap_target_push_reference,0.03,static_only,0.0,0.0,31,0.9214653139278363,0.002534076663874063,0.11268300088126859,0.08230924907994376,0.9999954917855561,0.0034608072233738257,120,110.30053921416402,0.3171127728674126,1953,False,worst-seed target-push reference,"a=0.8,lw=1.5,r=0.04,w=0.25; a=1,lw=0.8,r=0.025,w=0.5; a=1,lw=0.5,r=0.015,w=0.5",,,,
five_level_weak_anharmonic,worstcap_target_push_reference,0.03,static_only,0.0,0.0,32,0.9540285255365951,0.0004294084663456488,0.08851716523408892,0.05196849070607321,0.9999951781671073,0.0034608072233738257,120,110.30053921416402,0.3171127728674126,1953,False,worst-seed target-push reference,"a=0.8,lw=1.5,r=0.04,w=0.25; a=1,lw=0.8,r=0.025,w=0.5; a=1,lw=0.5,r=0.015,w=0.5",,,,
five_level_weak_anharmonic,worstcap_target_push_reference,0.03,static_only,0.0,0.0,33,0.9901367815463241,0.002598916654813155,0.07982002334515426,0.0063998798784346885,0.9999965493863223,0.0034608072233738257,120,110.30053921416402,0.3171127728674126,1953,False,worst-seed target-push reference,"a=0.8,lw=1.5,r=0.04,w=0.25; a=1,lw=0.8,r=0.025,w=0.5; a=1,lw=0.5,r=0.015,w=0.5",,,,
five_level_weak_anharmonic,worstcap_target_push_reference,0.03,static_only,0.0,0.0,34,0.9935277316619548,0.0019671167413995994,0.10531066347976403,0.011900228758127898,0.9999960225851845,0.0034608072233738257,120,110.30053921416402,0.3171127728674126,1953,False,worst-seed target-push reference,"a=0.8,lw=1.5,r=0.04,w=0.25; a=1,lw=0.8,r=0.025,w=0.5; a=1,lw=0.5,r=0.015,w=0.5",,,,
five_level_weak_anharmonic,worstcap_target_push_reference,0.03,static_only,0.0,0.0,35,0.9198864762357059,0.0010803916168211636,0.10610590446185608,0.07307724019756531,0.9999959333749509,0.0034608072233738257,120,110.30053921416402,0.3171127728674126,1953,False,worst-seed target-push reference,"a=0.8,lw=1.5,r=0.04,w=0.25; a=1,lw=0.8,r=0.025,w=0.5; a=1,lw=0.5,r=0.015,w=0.5",,,,
five_level_weak_anharmonic,worstcap_target_push_reference,0.03,static_only,0.0,0.0,36,0.9810536971892979,0.0009497351276512855,0.09285389997380622,0.025103399037161907,0.9999960507681064,0.0034608072233738257,120,110.30053921416402,0.3171127728674126,1953,False,worst-seed target-push reference,"a=0.8,lw=1.5,r=0.04,w=0.25; a=1,lw=0.8,r=0.025,w=0.5; a=1,lw=0.5,r=0.015,w=0.5",,,,
five_level_weak_anharmonic,worstcap_target_push_reference,0.03,static_only,0.0,0.0,37,0.83718096262414,0.0004060452765070055,0.07015772219884964,0.10984038918867213,0.9999970860415869,0.0034608072233738257,120,110.30053921416402,0.3171127728674126,1953,False,worst-seed target-push reference,"a=0.8,lw=1.5,r=0.04,w=0.25; a=1,lw=0.8,r=0.025,w=0.5; a=1,lw=0.5,r=0.015,w=0.5",,,,
five_level_weak_anharmonic,worstcap_target_push_reference,0.03,static_only,0.0,0.0,38,0.9721391238483421,0.0022107462856816307,0.062032903429899644,0.040389245232670026,0.9999968364810484,0.0034608072233738257,120,110.30053921416402,0.3171127728674126,1953,False,worst-seed target-push reference,"a=0.8,lw=1.5,r=0.04,w=0.25; a=1,lw=0.8,r=0.025,w=0.5; a=1,lw=0.5,r=0.015,w=0.5",,,,
five_level_weak_anharmonic,worstcap_target_push_reference,0.03,static_only,0.0,0.0,39,0.9812061623995708,0.0016450527829219297,0.09762245735687558,0.022997323522171785,0.9999957650105331,0.0034608072233738257,120,110.30053921416402,0.3171127728674126,1953,False,worst-seed target-push reference,"a=0.8,lw=1.5,r=0.04,w=0.25; a=1,lw=0.8,r=0.025,w=0.5; a=1,lw=0.5,r=0.015,w=0.5",,,,
five_level_weak_anharmonic,worstcap_target_push_reference,0.03,static_only,0.0,0.0,40,0.9933137315930738,0.0008268152355800362,0.08359247964579919,0.012677446210221644,0.9999956394988845,0.0034608072233738257,120,110.30053921416402,0.3171127728674126,1953,False,worst-seed target-push reference,"a=0.8,lw=1.5,r=0.04,w=0.25; a=1,lw=0.8,r=0.025,w=0.5; a=1,lw=0.5,r=0.015,w=0.5",,,,
five_level_weak_anharmonic,worstcap_target_push_reference,0.03,static_only,0.0,0.0,41,0.967424833414035,0.00052657199501005,0.08443581563675506,0.04483653322513444,0.9999955400103334,0.0034608072233738257,120,110.30053921416402,0.3171127728674126,1953,False,worst-seed target-push reference,"a=0.8,lw=1.5,r=0.04,w=0.25; a=1,lw=0.8,r=0.025,w=0.5; a=1,lw=0.5,r=0.015,w=0.5",,,,
five_level_weak_anharmonic,worstcap_target_push_reference,0.03,static_only,0.0,0.0,42,0.977277329689987,0.0003500212974121286,0.0915690765799606,0.0305336484666453,0.9999959346466306,0.0034608072233738257,120,110.30053921416402,0.3171127728674126,1953,False,worst-seed target-push reference,"a=0.8,lw=1.5,r=0.04,w=0.25; a=1,lw=0.8,r=0.025,w=0.5; a=1,lw=0.5,r=0.015,w=0.5",,,,
five_level_weak_anharmonic,worstcap_target_push_reference,0.03,static_only,0.0,0.0,43,0.9607813317040592,0.0010109553442042563,0.07691186019968732,0.03519408337839694,0.9999962899452357,0.0034608072233738257,120,110.30053921416402,0.3171127728674126,1953,False,worst-seed target-push reference,"a=0.8,lw=1.5,r=0.04,w=0.25; a=1,lw=0.8,r=0.025,w=0.5; a=1,lw=0.5,r=0.015,w=0.5",,,,
five_level_weak_anharmonic,worstcap_target_push_reference,0.03,static_only,0.0,0.0,44,0.9599940383745125,0.001589877096104142,0.07578937113703454,0.0492476141044623,0.9999966993796712,0.0034608072233738257,120,110.30053921416402,0.3171127728674126,1953,False,worst-seed target-push reference,"a=0.8,lw=1.5,r=0.04,w=0.25; a=1,lw=0.8,r=0.025,w=0.5; a=1,lw=0.5,r=0.015,w=0.5",,,,
five_level_weak_anharmonic,worstcap_target_push_reference,0.03,static_only,0.0,0.0,45,0.9958140315119235,0.0011725553564873037,0.10181663504658911,0.011210909208113398,0.9999962286002976,0.0034608072233738257,120,110.30053921416402,0.3171127728674126,1953,False,worst-seed target-push reference,"a=0.8,lw=1.5,r=0.04,w=0.25; a=1,lw=0.8,r=0.025,w=0.5; a=1,lw=0.5,r=0.015,w=0.5",,,,
five_level_weak_anharmonic,worstcap_target_push_reference,0.03,static_only,0.0,0.0,46,0.9859862866529058,0.0008383848580479913,0.07257105950939191,0.022598440635896385,0.9999955224188176,0.0034608072233738257,120,110.30053921416402,0.3171127728674126,1953,False,worst-seed target-push reference,"a=0.8,lw=1.5,r=0.04,w=0.25; a=1,lw=0.8,r=0.025,w=0.5; a=1,lw=0.5,r=0.015,w=0.5",,,,
five_level_weak_anharmonic,worstcap_target_push_reference,0.03,static_only,0.0,0.0,47,0.9896898573430565,0.0017455419605039157,0.07864522946212615,0.014355192911340527,0.999995974735061,0.0034608072233738257,120,110.30053921416402,0.3171127728674126,1953,False,worst-seed target-push reference,"a=0.8,lw=1.5,r=0.04,w=0.25; a=1,lw=0.8,r=0.025,w=0.5; a=1,lw=0.5,r=0.015,w=0.5",,,,
five_level_weak_anharmonic,worstcap_target_push_reference,0.03,static_only,0.0,0.0,48,0.8989906232317769,0.00059697953326876,0.09387108410586131,0.0971579515445975,0.9999945477695876,0.0034608072233738257,120,110.30053921416402,0.3171127728674126,1953,False,worst-seed target-push reference,"a=0.8,lw=1.5,r=0.04,w=0.25; a=1,lw=0.8,r=0.025,w=0.5; a=1,lw=0.5,r=0.015,w=0.5",,,,
five_level_weak_anharmonic,worstcap_target_push_reference,0.03,static_only,0.0,0.0,49,0.9916136906164872,0.0018566017453497397,0.09459907024899838,0.005629781158725486,0.9999959891502965,0.0034608072233738257,120,110.30053921416402,0.3171127728674126,1953,False,worst-seed target-push reference,"a=0.8,lw=1.5,r=0.04,w=0.25; a=1,lw=0.8,r=0.025,w=0.5; a=1,lw=0.5,r=0.015,w=0.5",,,,
five_level_weak_anharmonic,worstcap_target_push_reference,0.03,static_only,0.0,0.0,50,0.9774423885047397,0.0021843718222728237,0.09672865761852878,0.015727243026467934,0.9999966865916364,0.0034608072233738257,120,110.30053921416402,0.3171127728674126,1953,False,worst-seed target-push reference,"a=0.8,lw=1.5,r=0.04,w=0.25; a=1,lw=0.8,r=0.025,w=0.5; a=1,lw=0.5,r=0.015,w=0.5",,,,
five_level_weak_anharmonic,worstcap_target_push_reference,0.03,static_only,0.0,0.0,51,0.9732327010800069,0.00018551444598824407,0.09287190376256205,0.0229949777769611,0.9999957232662012,0.0034608072233738257,120,110.30053921416402,0.3171127728674126,1953,False,worst-seed target-push reference,"a=0.8,lw=1.5,r=0.04,w=0.25; a=1,lw=0.8,r=0.025,w=0.5; a=1,lw=0.5,r=0.015,w=0.5",,,,
five_level_weak_anharmonic,worstcap_target_push_reference,0.03,static_only,0.0,0.0,52,0.9762512130932163,0.000608045398658219,0.08470966507279432,0.035485614640709436,0.9999955516406325,0.0034608072233738257,120,110.30053921416402,0.3171127728674126,1953,False,worst-seed target-push reference,"a=0.8,lw=1.5,r=0.04,w=0.25; a=1,lw=0.8,r=0.025,w=0.5; a=1,lw=0.5,r=0.015,w=0.5",,,,
five_level_weak_anharmonic,worstcap_target_push_reference,0.03,static_only,0.0,0.0,53,0.9260387107853674,0.0023738610119563575,0.08201591169981393,0.07188386507802563,0.9999957279213539,0.0034608072233738257,120,110.30053921416402,0.3171127728674126,1953,False,worst-seed target-push reference,"a=0.8,lw=1.5,r=0.04,w=0.25; a=1,lw=0.8,r=0.025,w=0.5; a=1,lw=0.5,r=0.015,w=0.5",,,,
five_level_weak_anharmonic,worstcap_target_push_reference,0.03,static_only,0.0,0.0,54,0.947685791803698,0.003513205350400117,0.09568436914598943,0.05156530172006642,0.999995873702259,0.0034608072233738257,120,110.30053921416402,0.3171127728674126,1953,False,worst-seed target-push reference,"a=0.8,lw=1.5,r=0.04,w=0.25; a=1,lw=0.8,r=0.025,w=0.5; a=1,lw=0.5,r=0.015,w=0.5",,,,
five_level_weak_anharmonic,worstcap_target_push_reference,0.03,static_only,0.0,0.0,55,0.9506558229589466,0.001029617437228958,0.09992042413602342,0.05926838159066712,0.9999964013649116,0.0034608072233738257,120,110.30053921416402,0.3171127728674126,1953,False,worst-seed target-push reference,"a=0.8,lw=1.5,r=0.04,w=0.25; a=1,lw=0.8,r=0.025,w=0.5; a=1,lw=0.5,r=0.015,w=0.5",,,,
five_level_weak_anharmonic,worstcap_target_push_reference,0.03,static_only,0.0,0.0,56,0.9485250012548381,0.004860725261600973,0.08402508281468979,0.0532604663834947,0.9999954943193782,0.0034608072233738257,120,110.30053921416402,0.3171127728674126,1953,False,worst-seed target-push reference,"a=0.8,lw=1.5,r=0.04,w=0.25; a=1,lw=0.8,r=0.025,w=0.5; a=1,lw=0.5,r=0.015,w=0.5",,,,
five_level_weak_anharmonic,worstcap_target_push_reference,0.03,static_only,0.0,0.0,57,0.8990938785713978,0.0019141958281092553,0.10982464245112777,0.06265487367613205,0.9999962623677929,0.0034608072233738257,120,110.30053921416402,0.3171127728674126,1953,False,worst-seed target-push reference,"a=0.8,lw=1.5,r=0.04,w=0.25; a=1,lw=0.8,r=0.025,w=0.5; a=1,lw=0.5,r=0.015,w=0.5",,,,
five_level_weak_anharmonic,worstcap_target_push_reference,0.03,static_only,0.0,0.0,58,0.9902688060446677,0.0015072896684962256,0.07537053181085973,0.011201378268589437,0.999996298363707,0.0034608072233738257,120,110.30053921416402,0.3171127728674126,1953,False,worst-seed target-push reference,"a=0.8,lw=1.5,r=0.04,w=0.25; a=1,lw=0.8,r=0.025,w=0.5; a=1,lw=0.5,r=0.015,w=0.5",,,,
five_level_weak_anharmonic,worstcap_target_push_reference,0.03,static_only,0.0,0.0,59,0.9605368303518071,0.0018606432333849732,0.10970920701080389,0.04828102051638828,0.9999947954046299,0.0034608072233738257,120,110.30053921416402,0.3171127728674126,1953,False,worst-seed target-push reference,"a=0.8,lw=1.5,r=0.04,w=0.25; a=1,lw=0.8,r=0.025,w=0.5; a=1,lw=0.5,r=0.015,w=0.5",,,,
five_level_weak_anharmonic,worstcap_target_push_reference,0.03,deph_0.001,0.001,0.0,10,0.8893864489780703,0.0019515923978650207,0.09192416470693887,0.09640322647243141,0.9864828472403278,0.0034608072233738257,120,110.30053921416402,0.3171127728674126,1953,False,worst-seed target-push reference,"a=0.8,lw=1.5,r=0.04,w=0.25; a=1,lw=0.8,r=0.025,w=0.5; a=1,lw=0.5,r=0.015,w=0.5",,,,
five_level_weak_anharmonic,worstcap_target_push_reference,0.03,deph_0.001,0.001,0.0,11,0.9167157227602322,0.0024153728282014786,0.10164910416679507,0.08971486273418199,0.9864678056349137,0.0034608072233738257,120,110.30053921416402,0.3171127728674126,1953,False,worst-seed target-push reference,"a=0.8,lw=1.5,r=0.04,w=0.25; a=1,lw=0.8,r=0.025,w=0.5; a=1,lw=0.5,r=0.015,w=0.5",,,,
five_level_weak_anharmonic,worstcap_target_push_reference,0.03,deph_0.001,0.001,0.0,12,0.9666850145066991,0.002747440431592252,0.07890019836415307,0.053941938630723295,0.9885873307866831,0.0034608072233738257,120,110.30053921416402,0.3171127728674126,1953,False,worst-seed target-push reference,"a=0.8,lw=1.5,r=0.04,w=0.25; a=1,lw=0.8,r=0.025,w=0.5; a=1,lw=0.5,r=0.015,w=0.5",,,,
five_level_weak_anharmonic,worstcap_target_push_reference,0.03,deph_0.001,0.001,0.0,13,0.8842093234394043,0.0026368066824201675,0.0882690575940479,0.13225540162909874,0.9786607304909537,0.0034608072233738257,120,110.30053921416402,0.3171127728674126,1953,False,worst-seed target-push reference,"a=0.8,lw=1.5,r=0.04,w=0.25; a=1,lw=0.8,r=0.025,w=0.5; a=1,lw=0.5,r=0.015,w=0.5",,,,
five_level_weak_anharmonic,worstcap_target_push_reference,0.03,deph_0.001,0.001,0.0,14,0.8986800869729947,0.0029555422736240455,0.07892665837282353,0.11123051438716136,0.9817864566104294,0.0034608072233738257,120,110.30053921416402,0.3171127728674126,1953,False,worst-seed target-push reference,"a=0.8,lw=1.5,r=0.04,w=0.25; a=1,lw=0.8,r=0.025,w=0.5; a=1,lw=0.5,r=0.015,w=0.5",,,,
five_level_weak_anharmonic,worstcap_target_push_reference,0.03,deph_0.001,0.001,0.0,15,0.9878131102495092,0.004131926628417215,0.09977735995774362,0.008944876324274969,0.9877412293210142,0.0034608072233738257,120,110.30053921416402,0.3171127728674126,1953,False,worst-seed target-push reference,"a=0.8,lw=1.5,r=0.04,w=0.25; a=1,lw=0.8,r=0.025,w=0.5; a=1,lw=0.5,r=0.015,w=0.5",,,,
five_level_weak_anharmonic,worstcap_target_push_reference,0.03,deph_0.001,0.001,0.0,16,0.973961766922898,0.0024356231986302213,0.10798470113814296,0.03900857462729881,0.9879866907484973,0.0034608072233738257,120,110.30053921416402,0.3171127728674126,1953,False,worst-seed target-push reference,"a=0.8,lw=1.5,r=0.04,w=0.25; a=1,lw=0.8,r=0.025,w=0.5; a=1,lw=0.5,r=0.015,w=0.5",,,,
five_level_weak_anharmonic,worstcap_target_push_reference,0.03,deph_0.001,0.001,0.0,17,0.9213559919564757,0.0030317398611281465,0.08228550333474338,0.04917456812243641,0.9855708858020158,0.0034608072233738257,120,110.30053921416402,0.3171127728674126,1953,False,worst-seed target-push reference,"a=0.8,lw=1.5,r=0.04,w=0.25; a=1,lw=0.8,r=0.025,w=0.5; a=1,lw=0.5,r=0.015,w=0.5",,,,
five_level_weak_anharmonic,worstcap_target_push_reference,0.03,deph_0.001,0.001,0.0,18,0.9807906628897599,0.003345497847378809,0.08799838435127794,0.011822879629951419,0.9871988827723812,0.0034608072233738257,120,110.30053921416402,0.3171127728674126,1953,False,worst-seed target-push reference,"a=0.8,lw=1.5,r=0.04,w=0.25; a=1,lw=0.8,r=0.025,w=0.5; a=1,lw=0.5,r=0.015,w=0.5",,,,
five_level_weak_anharmonic,worstcap_target_push_reference,0.03,deph_0.001,0.001,0.0,19,0.9639769583195101,0.002667886952903098,0.08283385238834273,0.05183962872820878,0.9887104641996373,0.0034608072233738257,120,110.30053921416402,0.3171127728674126,1953,False,worst-seed target-push reference,"a=0.8,lw=1.5,r=0.04,w=0.25; a=1,lw=0.8,r=0.025,w=0.5; a=1,lw=0.5,r=0.015,w=0.5",,,,
five_level_weak_anharmonic,worstcap_target_push_reference,0.03,deph_0.001,0.001,0.0,20,0.9291526376900257,0.001989435939341422,0.09198490367839929,0.07875615595427006,0.9868247587305053,0.0034608072233738257,120,110.30053921416402,0.3171127728674126,1953,False,worst-seed target-push reference,"a=0.8,lw=1.5,r=0.04,w=0.25; a=1,lw=0.8,r=0.025,w=0.5; a=1,lw=0.5,r=0.015,w=0.5",,,,
five_level_weak_anharmonic,worstcap_target_push_reference,0.03,deph_0.001,0.001,0.0,21,0.9801332593554145,0.0030220814618600045,0.07645440581033414,0.027124816051278398,0.9893812217578788,0.0034608072233738257,120,110.30053921416402,0.3171127728674126,1953,False,worst-seed target-push reference,"a=0.8,lw=1.5,r=0.04,w=0.25; a=1,lw=0.8,r=0.025,w=0.5; a=1,lw=0.5,r=0.015,w=0.5",,,,
five_level_weak_anharmonic,worstcap_target_push_reference,0.03,deph_0.001,0.001,0.0,22,0.9463944574513514,0.002329909444810707,0.09016472442171364,0.06288463599667309,0.9876074698046493,0.0034608072233738257,120,110.30053921416402,0.3171127728674126,1953,False,worst-seed target-push reference,"a=0.8,lw=1.5,r=0.04,w=0.25; a=1,lw=0.8,r=0.025,w=0.5; a=1,lw=0.5,r=0.015,w=0.5",,,,
five_level_weak_anharmonic,worstcap_target_push_reference,0.03,deph_0.001,0.001,0.0,23,0.97966482613099,0.0025626642303769875,0.08491586327830225,0.030049848374134026,0.9879234118793108,0.0034608072233738257,120,110.30053921416402,0.3171127728674126,1953,False,worst-seed target-push reference,"a=0.8,lw=1.5,r=0.04,w=0.25; a=1,lw=0.8,r=0.025,w=0.5; a=1,lw=0.5,r=0.015,w=0.5",,,,
five_level_weak_anharmonic,worstcap_target_push_reference,0.03,deph_0.001,0.001,0.0,24,0.9692740318107178,0.002461413746408736,0.07791066488340626,0.02803968602089635,0.9863828739143922,0.0034608072233738257,120,110.30053921416402,0.3171127728674126,1953,False,worst-seed target-push reference,"a=0.8,lw=1.5,r=0.04,w=0.25; a=1,lw=0.8,r=0.025,w=0.5; a=1,lw=0.5,r=0.015,w=0.5",,,,
five_level_weak_anharmonic,worstcap_target_push_reference,0.03,deph_0.001,0.001,0.0,25,0.9622988981466054,0.002352201891474226,0.07787267236548401,0.04072622976647358,0.9858387901698551,0.0034608072233738257,120,110.30053921416402,0.3171127728674126,1953,False,worst-seed target-push reference,"a=0.8,lw=1.5,r=0.04,w=0.25; a=1,lw=0.8,r=0.025,w=0.5; a=1,lw=0.5,r=0.015,w=0.5",,,,
five_level_weak_anharmonic,worstcap_target_push_reference,0.03,deph_0.001,0.001,0.0,26,0.9922422281176961,0.0027694037874723687,0.09752435477347476,0.011444334370905689,0.9875509950948859,0.0034608072233738257,120,110.30053921416402,0.3171127728674126,1953,False,worst-seed target-push reference,"a=0.8,lw=1.5,r=0.04,w=0.25; a=1,lw=0.8,r=0.025,w=0.5; a=1,lw=0.5,r=0.015,w=0.5",,,,
five_level_weak_anharmonic,worstcap_target_push_reference,0.03,deph_0.001,0.001,0.0,27,0.9648393651909499,0.0027054631373244487,0.08228014871748224,0.02785289675867804,0.985680507203281,0.0034608072233738257,120,110.30053921416402,0.3171127728674126,1953,False,worst-seed target-push reference,"a=0.8,lw=1.5,r=0.04,w=0.25; a=1,lw=0.8,r=0.025,w=0.5; a=1,lw=0.5,r=0.015,w=0.5",,,,
five_level_weak_anharmonic,worstcap_target_push_reference,0.03,deph_0.001,0.001,0.0,28,0.9440730462895964,0.0022118120036270783,0.10056006102604542,0.06660587185642551,0.9876017411478422,0.0034608072233738257,120,110.30053921416402,0.3171127728674126,1953,False,worst-seed target-push reference,"a=0.8,lw=1.5,r=0.04,w=0.25; a=1,lw=0.8,r=0.025,w=0.5; a=1,lw=0.5,r=0.015,w=0.5",,,,
five_level_weak_anharmonic,worstcap_target_push_reference,0.03,deph_0.001,0.001,0.0,29,0.9764509812828648,0.002274039179016807,0.08031705076140083,0.02912250631310902,0.9885512695497343,0.0034608072233738257,120,110.30053921416402,0.3171127728674126,1953,False,worst-seed target-push reference,"a=0.8,lw=1.5,r=0.04,w=0.25; a=1,lw=0.8,r=0.025,w=0.5; a=1,lw=0.5,r=0.015,w=0.5",,,,
five_level_weak_anharmonic,worstcap_target_push_reference,0.03,deph_0.001,0.001,0.0,30,0.9812422662272761,0.001817187235531259,0.06943058816869874,0.019283210153218874,0.9857605019329972,0.0034608072233738257,120,110.30053921416402,0.3171127728674126,1953,False,worst-seed target-push reference,"a=0.8,lw=1.5,r=0.04,w=0.25; a=1,lw=0.8,r=0.025,w=0.5; a=1,lw=0.5,r=0.015,w=0.5",,,,
five_level_weak_anharmonic,worstcap_target_push_reference,0.03,deph_0.001,0.001,0.0,31,0.9165736500236104,0.0038694689750544686,0.1132354674771826,0.08719758251193341,0.9860416546543617,0.0034608072233738257,120,110.30053921416402,0.3171127728674126,1953,False,worst-seed target-push reference,"a=0.8,lw=1.5,r=0.04,w=0.25; a=1,lw=0.8,r=0.025,w=0.5; a=1,lw=0.5,r=0.015,w=0.5",,,,
five_level_weak_anharmonic,worstcap_target_push_reference,0.03,deph_0.001,0.001,0.0,32,0.9490278032116153,0.0017193482490103218,0.08910770028052117,0.05689653389351762,0.9874411166425393,0.0034608072233738257,120,110.30053921416402,0.3171127728674126,1953,False,worst-seed target-push reference,"a=0.8,lw=1.5,r=0.04,w=0.25; a=1,lw=0.8,r=0.025,w=0.5; a=1,lw=0.5,r=0.015,w=0.5",,,,
five_level_weak_anharmonic,worstcap_target_push_reference,0.03,deph_0.001,0.001,0.0,33,0.9836147498480606,0.0037552700461823685,0.08035404587139716,0.013010008280137365,0.9854618190009137,0.0034608072233738257,120,110.30053921416402,0.3171127728674126,1953,False,worst-seed target-push reference,"a=0.8,lw=1.5,r=0.04,w=0.25; a=1,lw=0.8,r=0.025,w=0.5; a=1,lw=0.5,r=0.015,w=0.5",,,,
five_level_weak_anharmonic,worstcap_target_push_reference,0.03,deph_0.001,0.001,0.0,34,0.9869491241000273,0.003503867207184319,0.10582496634974636,0.018451477010233447,0.9860206386816356,0.0034608072233738257,120,110.30053921416402,0.3171127728674126,1953,False,worst-seed target-push reference,"a=0.8,lw=1.5,r=0.04,w=0.25; a=1,lw=0.8,r=0.025,w=0.5; a=1,lw=0.5,r=0.015,w=0.5",,,,
five_level_weak_anharmonic,worstcap_target_push_reference,0.03,deph_0.001,0.001,0.0,35,0.9156553162182074,0.0026347621869887705,0.10659382082628954,0.0776239138098936,0.9857590939780759,0.0034608072233738257,120,110.30053921416402,0.3171127728674126,1953,False,worst-seed target-push reference,"a=0.8,lw=1.5,r=0.04,w=0.25; a=1,lw=0.8,r=0.025,w=0.5; a=1,lw=0.5,r=0.015,w=0.5",,,,
five_level_weak_anharmonic,worstcap_target_push_reference,0.03,deph_0.001,0.001,0.0,36,0.9758558661468699,0.0021501316886717303,0.09332422776046267,0.030304254289865336,0.9884204415640591,0.0034608072233738257,120,110.30053921416402,0.3171127728674126,1953,False,worst-seed target-push reference,"a=0.8,lw=1.5,r=0.04,w=0.25; a=1,lw=0.8,r=0.025,w=0.5; a=1,lw=0.5,r=0.015,w=0.5",,,,
five_level_weak_anharmonic,worstcap_target_push_reference,0.03,deph_0.001,0.001,0.0,37,0.8340150095900694,0.0013823516242865708,0.07063386103565439,0.11426984594153979,0.981920949331464,0.0034608072233738257,120,110.30053921416402,0.3171127728674126,1953,False,worst-seed target-push reference,"a=0.8,lw=1.5,r=0.04,w=0.25; a=1,lw=0.8,r=0.025,w=0.5; a=1,lw=0.5,r=0.015,w=0.5",,,,
five_level_weak_anharmonic,worstcap_target_push_reference,0.03,deph_0.001,0.001,0.0,38,0.9658568737902805,0.0031248625826544307,0.06255195339974029,0.04631578618487952,0.9837648976963238,0.0034608072233738257,120,110.30053921416402,0.3171127728674126,1953,False,worst-seed target-push reference,"a=0.8,lw=1.5,r=0.04,w=0.25; a=1,lw=0.8,r=0.025,w=0.5; a=1,lw=0.5,r=0.015,w=0.5",,,,
five_level_weak_anharmonic,worstcap_target_push_reference,0.03,deph_0.001,0.001,0.0,39,0.9757335686374634,0.0029735094713325694,0.09819577591189765,0.028545271923684282,0.9872256359973866,0.0034608072233738257,120,110.30053921416402,0.3171127728674126,1953,False,worst-seed target-push reference,"a=0.8,lw=1.5,r=0.04,w=0.25; a=1,lw=0.8,r=0.025,w=0.5; a=1,lw=0.5,r=0.015,w=0.5",,,,
five_level_weak_anharmonic,worstcap_target_push_reference,0.03,deph_0.001,0.001,0.0,40,0.9878367544097801,0.00207135044305784,0.0841011443522458,0.01815509886599595,0.9888768053891108,0.0034608072233738257,120,110.30053921416402,0.3171127728674126,1953,False,worst-seed target-push reference,"a=0.8,lw=1.5,r=0.04,w=0.25; a=1,lw=0.8,r=0.025,w=0.5; a=1,lw=0.5,r=0.015,w=0.5",,,,
five_level_weak_anharmonic,worstcap_target_push_reference,0.03,deph_0.001,0.001,0.0,41,0.9626298881384172,0.0019178519488540768,0.08498139316617626,0.04940357422119395,0.9883226767817958,0.0034608072233738257,120,110.30053921416402,0.3171127728674126,1953,False,worst-seed target-push reference,"a=0.8,lw=1.5,r=0.04,w=0.25; a=1,lw=0.8,r=0.025,w=0.5; a=1,lw=0.5,r=0.015,w=0.5",,,,
five_level_weak_anharmonic,worstcap_target_push_reference,0.03,deph_0.001,0.001,0.0,42,0.9708829414013033,0.0017148570063258983,0.09208431416043705,0.03673601765232943,0.986820194651923,0.0034608072233738257,120,110.30053921416402,0.3171127728674126,1953,False,worst-seed target-push reference,"a=0.8,lw=1.5,r=0.04,w=0.25; a=1,lw=0.8,r=0.025,w=0.5; a=1,lw=0.5,r=0.015,w=0.5",,,,
five_level_weak_anharmonic,worstcap_target_push_reference,0.03,deph_0.001,0.001,0.0,43,0.9561026289828506,0.0020323874550904897,0.07741958305870589,0.040135294097930464,0.9869632957968315,0.0034608072233738257,120,110.30053921416402,0.3171127728674126,1953,False,worst-seed target-push reference,"a=0.8,lw=1.5,r=0.04,w=0.25; a=1,lw=0.8,r=0.025,w=0.5; a=1,lw=0.5,r=0.015,w=0.5",,,,
five_level_weak_anharmonic,worstcap_target_push_reference,0.03,deph_0.001,0.001,0.0,44,0.9532343456434262,0.0024776805520640988,0.07628747002822678,0.05557937643212907,0.9841513505938342,0.0034608072233738257,120,110.30053921416402,0.3171127728674126,1953,False,worst-seed target-push reference,"a=0.8,lw=1.5,r=0.04,w=0.25; a=1,lw=0.8,r=0.025,w=0.5; a=1,lw=0.5,r=0.015,w=0.5",,,,
five_level_weak_anharmonic,worstcap_target_push_reference,0.03,deph_0.001,0.001,0.0,45,0.9892376317715262,0.002613317214831379,0.10235132171044536,0.01771242724850527,0.9867429295315597,0.0034608072233738257,120,110.30053921416402,0.3171127728674126,1953,False,worst-seed target-push reference,"a=0.8,lw=1.5,r=0.04,w=0.25; a=1,lw=0.8,r=0.025,w=0.5; a=1,lw=0.5,r=0.015,w=0.5",,,,
five_level_weak_anharmonic,worstcap_target_push_reference,0.03,deph_0.001,0.001,0.0,46,0.9812216860198248,0.0020016660730532987,0.07309171401683723,0.027201313058420874,0.9898606176832608,0.0034608072233738257,120,110.30053921416402,0.3171127728674126,1953,False,worst-seed target-push reference,"a=0.8,lw=1.5,r=0.04,w=0.25; a=1,lw=0.8,r=0.025,w=0.5; a=1,lw=0.5,r=0.015,w=0.5",,,,
five_level_weak_anharmonic,worstcap_target_push_reference,0.03,deph_0.001,0.001,0.0,47,0.9849221826255918,0.002801748499815071,0.07912207475523203,0.019152116305073994,0.9894802064546785,0.0034608072233738257,120,110.30053921416402,0.3171127728674126,1953,False,worst-seed target-push reference,"a=0.8,lw=1.5,r=0.04,w=0.25; a=1,lw=0.8,r=0.025,w=0.5; a=1,lw=0.5,r=0.015,w=0.5",,,,
five_level_weak_anharmonic,worstcap_target_push_reference,0.03,deph_0.001,0.001,0.0,48,0.8952959975662277,0.001918542685945046,0.09441377587097322,0.10094661262589075,0.9868310330428843,0.0034608072233738257,120,110.30053921416402,0.3171127728674126,1953,False,worst-seed target-push reference,"a=0.8,lw=1.5,r=0.04,w=0.25; a=1,lw=0.8,r=0.025,w=0.5; a=1,lw=0.5,r=0.015,w=0.5",,,,
five_level_weak_anharmonic,worstcap_target_push_reference,0.03,deph_0.001,0.001,0.0,49,0.9865521140342672,0.0031137248557780994,0.09513165970929027,0.010910879586520848,0.9885473025142456,0.0034608072233738257,120,110.30053921416402,0.3171127728674126,1953,False,worst-seed target-push reference,"a=0.8,lw=1.5,r=0.04,w=0.25; a=1,lw=0.8,r=0.025,w=0.5; a=1,lw=0.5,r=0.015,w=0.5",,,,
five_level_weak_anharmonic,worstcap_target_push_reference,0.03,deph_0.001,0.001,0.0,50,0.9719446053273311,0.0033788781045989147,0.09723962609620007,0.02157542389324845,0.9858412189620693,0.0034608072233738257,120,110.30053921416402,0.3171127728674126,1953,False,worst-seed target-push reference,"a=0.8,lw=1.5,r=0.04,w=0.25; a=1,lw=0.8,r=0.025,w=0.5; a=1,lw=0.5,r=0.015,w=0.5",,,,
five_level_weak_anharmonic,worstcap_target_push_reference,0.03,deph_0.001,0.001,0.0,51,0.9679595507766517,0.0017653589986110774,0.09339159201124003,0.028454680169331947,0.987606514056824,0.0034608072233738257,120,110.30053921416402,0.3171127728674126,1953,False,worst-seed target-push reference,"a=0.8,lw=1.5,r=0.04,w=0.25; a=1,lw=0.8,r=0.025,w=0.5; a=1,lw=0.5,r=0.015,w=0.5",,,,
five_level_weak_anharmonic,worstcap_target_push_reference,0.03,deph_0.001,0.001,0.0,52,0.9713503153769079,0.001976213838878138,0.08524596394820572,0.04013853046332874,0.988790645458275,0.0034608072233738257,120,110.30053921416402,0.3171127728674126,1953,False,worst-seed target-push reference,"a=0.8,lw=1.5,r=0.04,w=0.25; a=1,lw=0.8,r=0.025,w=0.5; a=1,lw=0.5,r=0.015,w=0.5",,,,
five_level_weak_anharmonic,worstcap_target_push_reference,0.03,deph_0.001,0.001,0.0,53,0.9214490683453849,0.003516581069100022,0.08255256310745995,0.07670860871656286,0.9837177828538692,0.0034608072233738257,120,110.30053921416402,0.3171127728674126,1953,False,worst-seed target-push reference,"a=0.8,lw=1.5,r=0.04,w=0.25; a=1,lw=0.8,r=0.025,w=0.5; a=1,lw=0.5,r=0.015,w=0.5",,,,
five_level_weak_anharmonic,worstcap_target_push_reference,0.03,deph_0.001,0.001,0.0,54,0.9425483144081843,0.00478427238314838,0.09620385430430567,0.056892175813605485,0.9852689361261423,0.0034608072233738257,120,110.30053921416402,0.3171127728674126,1953,False,worst-seed target-push reference,"a=0.8,lw=1.5,r=0.04,w=0.25; a=1,lw=0.8,r=0.025,w=0.5; a=1,lw=0.5,r=0.015,w=0.5",,,,
five_level_weak_anharmonic,worstcap_target_push_reference,0.03,deph_0.001,0.001,0.0,55,0.9440101291003739,0.0022404188856964824,0.10045659891009318,0.06558229905381774,0.9829530268207282,0.0034608072233738257,120,110.30053921416402,0.3171127728674126,1953,False,worst-seed target-push reference,"a=0.8,lw=1.5,r=0.04,w=0.25; a=1,lw=0.8,r=0.025,w=0.5; a=1,lw=0.5,r=0.015,w=0.5",,,,
five_level_weak_anharmonic,worstcap_target_push_reference,0.03,deph_0.001,0.001,0.0,56,0.9437089968374749,0.006026059353177571,0.0845699334465897,0.05823156166571463,0.9864396389874669,0.0034608072233738257,120,110.30053921416402,0.3171127728674126,1953,False,worst-seed target-push reference,"a=0.8,lw=1.5,r=0.04,w=0.25; a=1,lw=0.8,r=0.025,w=0.5; a=1,lw=0.5,r=0.015,w=0.5",,,,
five_level_weak_anharmonic,worstcap_target_push_reference,0.03,deph_0.001,0.001,0.0,57,0.8950443403541866,0.003567316471496995,0.11034473316853766,0.06777570767555727,0.9835034867429531,0.0034608072233738257,120,110.30053921416402,0.3171127728674126,1953,False,worst-seed target-push reference,"a=0.8,lw=1.5,r=0.04,w=0.25; a=1,lw=0.8,r=0.025,w=0.5; a=1,lw=0.5,r=0.015,w=0.5",,,,
five_level_weak_anharmonic,worstcap_target_push_reference,0.03,deph_0.001,0.001,0.0,58,0.9852170916485505,0.002489589369312206,0.07583584937665289,0.016356244206172096,0.9889507309445201,0.0034608072233738257,120,110.30053921416402,0.3171127728674126,1953,False,worst-seed target-push reference,"a=0.8,lw=1.5,r=0.04,w=0.25; a=1,lw=0.8,r=0.025,w=0.5; a=1,lw=0.5,r=0.015,w=0.5",,,,
five_level_weak_anharmonic,worstcap_target_push_reference,0.03,deph_0.001,0.001,0.0,59,0.9558661743602661,0.0033306002723291206,0.11022395912242788,0.0528532306600404,0.9878468787186248,0.0034608072233738257,120,110.30053921416402,0.3171127728674126,1953,False,worst-seed target-push reference,"a=0.8,lw=1.5,r=0.04,w=0.25; a=1,lw=0.8,r=0.025,w=0.5; a=1,lw=0.5,r=0.015,w=0.5",,,,
five_level_weak_anharmonic,worstcap_target_push_reference,0.03,relax_0.0005,0.0,0.0005,10,0.8775222187095353,0.0007190330681023926,0.09112948020663492,0.10566662427146122,0.96025518212085,0.0034608072233738257,120,110.30053921416402,0.3171127728674126,1953,False,worst-seed target-push reference,"a=0.8,lw=1.5,r=0.04,w=0.25; a=1,lw=0.8,r=0.025,w=0.5; a=1,lw=0.5,r=0.015,w=0.5",,,,
five_level_weak_anharmonic,worstcap_target_push_reference,0.03,relax_0.0005,0.0,0.0005,11,0.9030334420107764,0.0010119152060911185,0.1008558595536666,0.10055882268918342,0.9593892692953873,0.0034608072233738257,120,110.30053921416402,0.3171127728674126,1953,False,worst-seed target-push reference,"a=0.8,lw=1.5,r=0.04,w=0.25; a=1,lw=0.8,r=0.025,w=0.5; a=1,lw=0.5,r=0.015,w=0.5",,,,
five_level_weak_anharmonic,worstcap_target_push_reference,0.03,relax_0.0005,0.0,0.0005,12,0.9490444612291195,0.0015031655721081671,0.07822738714897992,0.0685924428919328,0.9572903898503646,0.0034608072233738257,120,110.30053921416402,0.3171127728674126,1953,False,worst-seed target-push reference,"a=0.8,lw=1.5,r=0.04,w=0.25; a=1,lw=0.8,r=0.025,w=0.5; a=1,lw=0.5,r=0.015,w=0.5",,,,
five_level_weak_anharmonic,worstcap_target_push_reference,0.03,relax_0.0005,0.0,0.0005,13,0.8730672843316329,0.0015403595135270454,0.0874494248359956,0.14103844362428236,0.9701115474885803,0.0034608072233738257,120,110.30053921416402,0.3171127728674126,1953,False,worst-seed target-push reference,"a=0.8,lw=1.5,r=0.04,w=0.25; a=1,lw=0.8,r=0.025,w=0.5; a=1,lw=0.5,r=0.015,w=0.5",,,,
five_level_weak_anharmonic,worstcap_target_push_reference,0.03,relax_0.0005,0.0,0.0005,14,0.8872477122106174,0.0019887616408102993,0.07816316548155156,0.11999463538333828,0.966034484481717,0.0034608072233738257,120,110.30053921416402,0.3171127728674126,1953,False,worst-seed target-push reference,"a=0.8,lw=1.5,r=0.04,w=0.25; a=1,lw=0.8,r=0.025,w=0.5; a=1,lw=0.5,r=0.015,w=0.5",,,,
five_level_weak_anharmonic,worstcap_target_push_reference,0.03,relax_0.0005,0.0,0.0005,15,0.9716392562221988,0.0025770946954245533,0.09896966537075824,0.021571711449438445,0.9579580684382195,0.0034608072233738257,120,110.30053921416402,0.3171127728674126,1953,False,worst-seed target-push reference,"a=0.8,lw=1.5,r=0.04,w=0.25; a=1,lw=0.8,r=0.025,w=0.5; a=1,lw=0.5,r=0.015,w=0.5",,,,
five_level_weak_anharmonic,worstcap_target_push_reference,0.03,relax_0.0005,0.0,0.0005,16,0.958778972998991,0.000913181918368644,0.1071643559156028,0.05097663397375696,0.9575045955577665,0.0034608072233738257,120,110.30053921416402,0.3171127728674126,1953,False,worst-seed target-push reference,"a=0.8,lw=1.5,r=0.04,w=0.25; a=1,lw=0.8,r=0.025,w=0.5; a=1,lw=0.5,r=0.015,w=0.5",,,,
five_level_weak_anharmonic,worstcap_target_push_reference,0.03,relax_0.0005,0.0,0.0005,17,0.904056568277109,0.0019905197077298986,0.08155689953319656,0.06294351706833737,0.9608805718954007,0.0034608072233738257,120,110.30053921416402,0.3171127728674126,1953,False,worst-seed target-push reference,"a=0.8,lw=1.5,r=0.04,w=0.25; a=1,lw=0.8,r=0.025,w=0.5; a=1,lw=0.5,r=0.015,w=0.5",,,,
five_level_weak_anharmonic,worstcap_target_push_reference,0.03,relax_0.0005,0.0,0.0005,18,0.9649030334892111,0.0021135955441357046,0.08724267468124824,0.0241862553882802,0.9589342744562422,0.0034608072233738257,120,110.30053921416402,0.3171127728674126,1953,False,worst-seed target-push reference,"a=0.8,lw=1.5,r=0.04,w=0.25; a=1,lw=0.8,r=0.025,w=0.5; a=1,lw=0.5,r=0.015,w=0.5",,,,
five_level_weak_anharmonic,worstcap_target_push_reference,0.03,relax_0.0005,0.0,0.0005,19,0.9468013754272792,0.0013837513868304452,0.08209507389811721,0.06602267087324545,0.9570561449099066,0.0034608072233738257,120,110.30053921416402,0.3171127728674126,1953,False,worst-seed target-push reference,"a=0.8,lw=1.5,r=0.04,w=0.25; a=1,lw=0.8,r=0.025,w=0.5; a=1,lw=0.5,r=0.015,w=0.5",,,,
five_level_weak_anharmonic,worstcap_target_push_reference,0.03,relax_0.0005,0.0,0.0005,20,0.9125773110189166,0.0005666793964026473,0.09122955500311103,0.09221399499883805,0.9586951434580447,0.0034608072233738257,120,110.30053921416402,0.3171127728674126,1953,False,worst-seed target-push reference,"a=0.8,lw=1.5,r=0.04,w=0.25; a=1,lw=0.8,r=0.025,w=0.5; a=1,lw=0.5,r=0.015,w=0.5",,,,
five_level_weak_anharmonic,worstcap_target_push_reference,0.03,relax_0.0005,0.0,0.0005,21,0.9632893581036804,0.0019047175683740702,0.07574572351661846,0.040727104785162865,0.9567188830208937,0.0034608072233738257,120,110.30053921416402,0.3171127728674126,1953,False,worst-seed target-push reference,"a=0.8,lw=1.5,r=0.04,w=0.25; a=1,lw=0.8,r=0.025,w=0.5; a=1,lw=0.5,r=0.015,w=0.5",,,,
five_level_weak_anharmonic,worstcap_target_push_reference,0.03,relax_0.0005,0.0,0.0005,22,0.9322673372029483,0.001017310337545041,0.08936128292539858,0.07403294102328614,0.9585055986626442,0.0034608072233738257,120,110.30053921416402,0.3171127728674126,1953,False,worst-seed target-push reference,"a=0.8,lw=1.5,r=0.04,w=0.25; a=1,lw=0.8,r=0.025,w=0.5; a=1,lw=0.5,r=0.015,w=0.5",,,,
five_level_weak_anharmonic,worstcap_target_push_reference,0.03,relax_0.0005,0.0,0.0005,23,0.9651164460465109,0.0014630530173600498,0.08417705060825464,0.04131240439538655,0.9585441202030298,0.0034608072233738257,120,110.30053921416402,0.3171127728674126,1953,False,worst-seed target-push reference,"a=0.8,lw=1.5,r=0.04,w=0.25; a=1,lw=0.8,r=0.025,w=0.5; a=1,lw=0.5,r=0.015,w=0.5",,,,
five_level_weak_anharmonic,worstcap_target_push_reference,0.03,relax_0.0005,0.0,0.0005,24,0.9537118932239648,0.001382953027741718,0.07715149480729155,0.04017819306771676,0.9607975485607592,0.0034608072233738257,120,110.30053921416402,0.3171127728674126,1953,False,worst-seed target-push reference,"a=0.8,lw=1.5,r=0.04,w=0.25; a=1,lw=0.8,r=0.025,w=0.5; a=1,lw=0.5,r=0.015,w=0.5",,,,
five_level_weak_anharmonic,worstcap_target_push_reference,0.03,relax_0.0005,0.0,0.0005,25,0.9473096202991294,0.0012551914675265063,0.07714641146278356,0.052321256251379546,0.9610438494170752,0.0034608072233738257,120,110.30053921416402,0.3171127728674126,1953,False,worst-seed target-push reference,"a=0.8,lw=1.5,r=0.04,w=0.25; a=1,lw=0.8,r=0.025,w=0.5; a=1,lw=0.5,r=0.015,w=0.5",,,,
five_level_weak_anharmonic,worstcap_target_push_reference,0.03,relax_0.0005,0.0,0.0005,26,0.9774509814474263,0.001369629370893355,0.09674390110261033,0.022823939563844497,0.958752502936065,0.0034608072233738257,120,110.30053921416402,0.3171127728674126,1953,False,worst-seed target-push reference,"a=0.8,lw=1.5,r=0.04,w=0.25; a=1,lw=0.8,r=0.025,w=0.5; a=1,lw=0.5,r=0.015,w=0.5",,,,
five_level_weak_anharmonic,worstcap_target_push_reference,0.03,relax_0.0005,0.0,0.0005,27,0.9489036086648297,0.0016224725096625203,0.08156013904035686,0.0402690139552962,0.9610118146679086,0.0034608072233738257,120,110.30053921416402,0.3171127728674126,1953,False,worst-seed target-push reference,"a=0.8,lw=1.5,r=0.04,w=0.25; a=1,lw=0.8,r=0.025,w=0.5; a=1,lw=0.5,r=0.015,w=0.5",,,,
five_level_weak_anharmonic,worstcap_target_push_reference,0.03,relax_0.0005,0.0,0.0005,28,0.9298467168631126,0.0009271662684504633,0.09979713872997498,0.077742020201466,0.9586411971365949,0.0034608072233738257,120,110.30053921416402,0.3171127728674126,1953,False,worst-seed target-push reference,"a=0.8,lw=1.5,r=0.04,w=0.25; a=1,lw=0.8,r=0.025,w=0.5; a=1,lw=0.5,r=0.015,w=0.5",,,,
five_level_weak_anharmonic,worstcap_target_push_reference,0.03,relax_0.0005,0.0,0.0005,29,0.9613563504527839,0.00121461369232867,0.07963227180108445,0.04088412052542609,0.9584876472506796,0.0034608072233738257,120,110.30053921416402,0.3171127728674126,1953,False,worst-seed target-push reference,"a=0.8,lw=1.5,r=0.04,w=0.25; a=1,lw=0.8,r=0.025,w=0.5; a=1,lw=0.5,r=0.015,w=0.5",,,,
five_level_weak_anharmonic,worstcap_target_push_reference,0.03,relax_0.0005,0.0,0.0005,30,0.966358581871899,0.0008003757547525581,0.06873347129229568,0.031006787300573692,0.9615313603304514,0.0034608072233738257,120,110.30053921416402,0.3171127728674126,1953,False,worst-seed target-push reference,"a=0.8,lw=1.5,r=0.04,w=0.25; a=1,lw=0.8,r=0.025,w=0.5; a=1,lw=0.5,r=0.015,w=0.5",,,,
five_level_weak_anharmonic,worstcap_target_push_reference,0.03,relax_0.0005,0.0,0.0005,31,0.9037813628939004,0.002499263185216427,0.11236530034690739,0.09715452840602748,0.9598406026941751,0.0034608072233738257,120,110.30053921416402,0.3171127728674126,1953,False,worst-seed target-push reference,"a=0.8,lw=1.5,r=0.04,w=0.25; a=1,lw=0.8,r=0.025,w=0.5; a=1,lw=0.5,r=0.015,w=0.5",,,,
five_level_weak_anharmonic,worstcap_target_push_reference,0.03,relax_0.0005,0.0,0.0005,32,0.934621240549204,0.00046428147847721313,0.08830871562812326,0.06824644081900436,0.9587937050421615,0.0034608072233738257,120,110.30053921416402,0.3171127728674126,1953,False,worst-seed target-push reference,"a=0.8,lw=1.5,r=0.04,w=0.25; a=1,lw=0.8,r=0.025,w=0.5; a=1,lw=0.5,r=0.015,w=0.5",,,,
five_level_weak_anharmonic,worstcap_target_push_reference,0.03,relax_0.0005,0.0,0.0005,33,0.9696780036119399,0.00255973904416551,0.07959884099630266,0.023952595342749104,0.9610487771333299,0.0034608072233738257,120,110.30053921416402,0.3171127728674126,1953,False,worst-seed target-push reference,"a=0.8,lw=1.5,r=0.04,w=0.25; a=1,lw=0.8,r=0.025,w=0.5; a=1,lw=0.5,r=0.015,w=0.5",,,,
five_level_weak_anharmonic,worstcap_target_push_reference,0.03,relax_0.0005,0.0,0.0005,34,0.9732403625242539,0.0019519084884526139,0.10498424807667772,0.028905691752715783,0.9602111114077243,0.0034608072233738257,120,110.30053921416402,0.3171127728674126,1953,False,worst-seed target-push reference,"a=0.8,lw=1.5,r=0.04,w=0.25; a=1,lw=0.8,r=0.025,w=0.5; a=1,lw=0.5,r=0.015,w=0.5",,,,
five_level_weak_anharmonic,worstcap_target_push_reference,0.03,relax_0.0005,0.0,0.0005,35,0.8990557951658189,0.0010892323951020577,0.10578864759539353,0.09095930869826685,0.9589015898943414,0.0034608072233738257,120,110.30053921416402,0.3171127728674126,1953,False,worst-seed target-push reference,"a=0.8,lw=1.5,r=0.04,w=0.25; a=1,lw=0.8,r=0.025,w=0.5; a=1,lw=0.5,r=0.015,w=0.5",,,,
five_level_weak_anharmonic,worstcap_target_push_reference,0.03,relax_0.0005,0.0,0.0005,36,0.9605631969665533,0.0009652052388545718,0.09259008969167781,0.04233334769775111,0.9578578583693965,0.0034608072233738257,120,110.30053921416402,0.3171127728674126,1953,False,worst-seed target-push reference,"a=0.8,lw=1.5,r=0.04,w=0.25; a=1,lw=0.8,r=0.025,w=0.5; a=1,lw=0.5,r=0.015,w=0.5",,,,
five_level_weak_anharmonic,worstcap_target_push_reference,0.03,relax_0.0005,0.0,0.0005,37,0.8177533519740458,0.0004294255344169384,0.06997593177478667,0.12744374880555656,0.96567564480347,0.0034608072233738257,120,110.30053921416402,0.3171127728674126,1953,False,worst-seed target-push reference,"a=0.8,lw=1.5,r=0.04,w=0.25; a=1,lw=0.8,r=0.025,w=0.5; a=1,lw=0.5,r=0.015,w=0.5",,,,
five_level_weak_anharmonic,worstcap_target_push_reference,0.03,relax_0.0005,0.0,0.0005,38,0.9526438867617995,0.0022010267026791874,0.06187843518935843,0.05671801641380418,0.9640301739024671,0.0034608072233738257,120,110.30053921416402,0.3171127728674126,1953,False,worst-seed target-push reference,"a=0.8,lw=1.5,r=0.04,w=0.25; a=1,lw=0.8,r=0.025,w=0.5; a=1,lw=0.5,r=0.015,w=0.5",,,,
five_level_weak_anharmonic,worstcap_target_push_reference,0.03,relax_0.0005,0.0,0.0005,39,0.9606275140192807,0.0016667137658398223,0.09737955007702759,0.040234909651803416,0.9588953299464004,0.0034608072233738257,120,110.30053921416402,0.3171127728674126,1953,False,worst-seed target-push reference,"a=0.8,lw=1.5,r=0.04,w=0.25; a=1,lw=0.8,r=0.025,w=0.5; a=1,lw=0.5,r=0.015,w=0.5",,,,
five_level_weak_anharmonic,worstcap_target_push_reference,0.03,relax_0.0005,0.0,0.0005,40,0.9718472803121576,0.0008225970249702286,0.0833722125524603,0.030714615532850112,0.9575039341191053,0.0034608072233738257,120,110.30053921416402,0.3171127728674126,1953,False,worst-seed target-push reference,"a=0.8,lw=1.5,r=0.04,w=0.25; a=1,lw=0.8,r=0.025,w=0.5; a=1,lw=0.5,r=0.015,w=0.5",,,,
five_level_weak_anharmonic,worstcap_target_push_reference,0.03,relax_0.0005,0.0,0.0005,41,0.9457568850800339,0.0005361110580386352,0.0842185995437803,0.06315223295079758,0.9570650861883797,0.0034608072233738257,120,110.30053921416402,0.3171127728674126,1953,False,worst-seed target-push reference,"a=0.8,lw=1.5,r=0.04,w=0.25; a=1,lw=0.8,r=0.025,w=0.5; a=1,lw=0.5,r=0.015,w=0.5",,,,
five_level_weak_anharmonic,worstcap_target_push_reference,0.03,relax_0.0005,0.0,0.0005,42,0.958559440769105,0.00038106260934001046,0.0912898680822769,0.046113588804561394,0.9600838456544679,0.0034608072233738257,120,110.30053921416402,0.3171127728674126,1953,False,worst-seed target-push reference,"a=0.8,lw=1.5,r=0.04,w=0.25; a=1,lw=0.8,r=0.025,w=0.5; a=1,lw=0.5,r=0.015,w=0.5",,,,
five_level_weak_anharmonic,worstcap_target_push_reference,0.03,relax_0.0005,0.0,0.0005,43,0.9403214168983622,0.0010249444117699236,0.07671893798200347,0.05249999339230658,0.9597041409247334,0.0034608072233738257,120,110.30053921416402,0.3171127728674126,1953,False,worst-seed target-push reference,"a=0.8,lw=1.5,r=0.04,w=0.25; a=1,lw=0.8,r=0.025,w=0.5; a=1,lw=0.5,r=0.015,w=0.5",,,,
five_level_weak_anharmonic,worstcap_target_push_reference,0.03,relax_0.0005,0.0,0.0005,44,0.943287634578161,0.0015967310618761887,0.07557474705019951,0.06328324582173855,0.9640709597029243,0.0034608072233738257,120,110.30053921416402,0.3171127728674126,1953,False,worst-seed target-push reference,"a=0.8,lw=1.5,r=0.04,w=0.25; a=1,lw=0.8,r=0.025,w=0.5; a=1,lw=0.5,r=0.015,w=0.5",,,,
five_level_weak_anharmonic,worstcap_target_push_reference,0.03,relax_0.0005,0.0,0.0005,45,0.9757410150767917,0.00118700666167193,0.10152881053306484,0.02798693174395388,0.9598863938460035,0.0034608072233738257,120,110.30053921416402,0.3171127728674126,1953,False,worst-seed target-push reference,"a=0.8,lw=1.5,r=0.04,w=0.25; a=1,lw=0.8,r=0.025,w=0.5; a=1,lw=0.5,r=0.015,w=0.5",,,,
five_level_weak_anharmonic,worstcap_target_push_reference,0.03,relax_0.0005,0.0,0.0005,46,0.9642767943064678,0.0008555685680924352,0.07239721784994324,0.04115812724525277,0.9562469220199786,0.0034608072233738257,120,110.30053921416402,0.3171127728674126,1953,False,worst-seed target-push reference,"a=0.8,lw=1.5,r=0.04,w=0.25; a=1,lw=0.8,r=0.025,w=0.5; a=1,lw=0.5,r=0.015,w=0.5",,,,
five_level_weak_anharmonic,worstcap_target_push_reference,0.03,relax_0.0005,0.0,0.0005,47,0.9672054144486636,0.0017059409916381219,0.07844541147366457,0.03357361525053376,0.9564334163327763,0.0034608072233738257,120,110.30053921416402,0.3171127728674126,1953,False,worst-seed target-push reference,"a=0.8,lw=1.5,r=0.04,w=0.25; a=1,lw=0.8,r=0.025,w=0.5; a=1,lw=0.5,r=0.015,w=0.5",,,,
five_level_weak_anharmonic,worstcap_target_push_reference,0.03,relax_0.0005,0.0,0.0005,48,0.880443340156887,0.0006119424932795603,0.09363087686273852,0.11318306018315642,0.9590390121090815,0.0034608072233738257,120,110.30053921416402,0.3171127728674126,1953,False,worst-seed target-push reference,"a=0.8,lw=1.5,r=0.04,w=0.25; a=1,lw=0.8,r=0.025,w=0.5; a=1,lw=0.5,r=0.015,w=0.5",,,,
five_level_weak_anharmonic,worstcap_target_push_reference,0.03,relax_0.0005,0.0,0.0005,49,0.9691837838991447,0.0018445848817723043,0.09434833421788036,0.024805925428564458,0.9568406364092185,0.0034608072233738257,120,110.30053921416402,0.3171127728674126,1953,False,worst-seed target-push reference,"a=0.8,lw=1.5,r=0.04,w=0.25; a=1,lw=0.8,r=0.025,w=0.5; a=1,lw=0.5,r=0.015,w=0.5",,,,
five_level_weak_anharmonic,worstcap_target_push_reference,0.03,relax_0.0005,0.0,0.0005,50,0.9560128763048401,0.0021893183026323593,0.09645564613935853,0.033923750967496155,0.960378114035145,0.0034608072233738257,120,110.30053921416402,0.3171127728674126,1953,False,worst-seed target-push reference,"a=0.8,lw=1.5,r=0.04,w=0.25; a=1,lw=0.8,r=0.025,w=0.5; a=1,lw=0.5,r=0.015,w=0.5",,,,
five_level_weak_anharmonic,worstcap_target_push_reference,0.03,relax_0.0005,0.0,0.0005,51,0.9514407777044442,0.00022506327987992236,0.09260723329482023,0.041578101451053284,0.957541320261325,0.0034608072233738257,120,110.30053921416402,0.3171127728674126,1953,False,worst-seed target-push reference,"a=0.8,lw=1.5,r=0.04,w=0.25; a=1,lw=0.8,r=0.025,w=0.5; a=1,lw=0.5,r=0.015,w=0.5",,,,
five_level_weak_anharmonic,worstcap_target_push_reference,0.03,relax_0.0005,0.0,0.0005,52,0.95445357496437,0.0006686455532999291,0.0845067590720906,0.053917553032495215,0.9568841963536416,0.0034608072233738257,120,110.30053921416402,0.3171127728674126,1953,False,worst-seed target-push reference,"a=0.8,lw=1.5,r=0.04,w=0.25; a=1,lw=0.8,r=0.025,w=0.5; a=1,lw=0.5,r=0.015,w=0.5",,,,
five_level_weak_anharmonic,worstcap_target_push_reference,0.03,relax_0.0005,0.0,0.0005,53,0.9066243244923153,0.002335489283728176,0.08179629690478252,0.08816407164899115,0.9631564843395911,0.0034608072233738257,120,110.30053921416402,0.3171127728674126,1953,False,worst-seed target-push reference,"a=0.8,lw=1.5,r=0.04,w=0.25; a=1,lw=0.8,r=0.025,w=0.5; a=1,lw=0.5,r=0.015,w=0.5",,,,
five_level_weak_anharmonic,worstcap_target_push_reference,0.03,relax_0.0005,0.0,0.0005,54,0.9282393931080799,0.003452519550514177,0.09540539871774412,0.06789844040029568,0.9612015802711101,0.0034608072233738257,120,110.30053921416402,0.3171127728674126,1953,False,worst-seed target-push reference,"a=0.8,lw=1.5,r=0.04,w=0.25; a=1,lw=0.8,r=0.025,w=0.5; a=1,lw=0.5,r=0.015,w=0.5",,,,
five_level_weak_anharmonic,worstcap_target_push_reference,0.03,relax_0.0005,0.0,0.0005,55,0.9337684582226833,0.0010394572428459314,0.09961496993401142,0.07335711636458286,0.9646627521293825,0.0034608072233738257,120,110.30053921416402,0.3171127728674126,1953,False,worst-seed target-push reference,"a=0.8,lw=1.5,r=0.04,w=0.25; a=1,lw=0.8,r=0.025,w=0.5; a=1,lw=0.5,r=0.015,w=0.5",,,,
five_level_weak_anharmonic,worstcap_target_push_reference,0.03,relax_0.0005,0.0,0.0005,56,0.9291082483130364,0.004786863046616019,0.08379798377170311,0.06959963548985418,0.9595912149777889,0.0034608072233738257,120,110.30053921416402,0.3171127728674126,1953,False,worst-seed target-push reference,"a=0.8,lw=1.5,r=0.04,w=0.25; a=1,lw=0.8,r=0.025,w=0.5; a=1,lw=0.5,r=0.015,w=0.5",,,,
five_level_weak_anharmonic,worstcap_target_push_reference,0.03,relax_0.0005,0.0,0.0005,57,0.8780807184614815,0.0019338209679069518,0.10949054557425064,0.08126797400986244,0.9609618716011156,0.0034608072233738257,120,110.30053921416402,0.3171127728674126,1953,False,worst-seed target-push reference,"a=0.8,lw=1.5,r=0.04,w=0.25; a=1,lw=0.8,r=0.025,w=0.5; a=1,lw=0.5,r=0.015,w=0.5",,,,
five_level_weak_anharmonic,worstcap_target_push_reference,0.03,relax_0.0005,0.0,0.0005,58,0.9689768618355279,0.0015026044800444671,0.07517703437278711,0.02923232459535136,0.9576873825109236,0.0034608072233738257,120,110.30053921416402,0.3171127728674126,1953,False,worst-seed target-push reference,"a=0.8,lw=1.5,r=0.04,w=0.25; a=1,lw=0.8,r=0.025,w=0.5; a=1,lw=0.5,r=0.015,w=0.5",,,,
five_level_weak_anharmonic,worstcap_target_push_reference,0.03,relax_0.0005,0.0,0.0005,59,0.9397632159793491,0.0018475652876291937,0.10939602271193127,0.06601839904730401,0.9570139257075699,0.0034608072233738257,120,110.30053921416402,0.3171127728674126,1953,False,worst-seed target-push reference,"a=0.8,lw=1.5,r=0.04,w=0.25; a=1,lw=0.8,r=0.025,w=0.5; a=1,lw=0.5,r=0.015,w=0.5",,,,
five_level_weak_anharmonic,worstcap_target_push_reference,0.03,combined,0.001,0.0005,10,0.8728602415554712,0.0018977136635229819,0.09168036140836033,0.11058804343847907,0.9476465173348299,0.0034608072233738257,120,110.30053921416402,0.3171127728674126,1953,False,worst-seed target-push reference,"a=0.8,lw=1.5,r=0.04,w=0.25; a=1,lw=0.8,r=0.025,w=0.5; a=1,lw=0.5,r=0.015,w=0.5",,,,
five_level_weak_anharmonic,worstcap_target_push_reference,0.03,combined,0.001,0.0005,11,0.898592782824027,0.002359263199855799,0.10137271755413924,0.10490522915482042,0.9468114420302018,0.0034608072233738257,120,110.30053921416402,0.3171127728674126,1953,False,worst-seed target-push reference,"a=0.8,lw=1.5,r=0.04,w=0.25; a=1,lw=0.8,r=0.025,w=0.5; a=1,lw=0.5,r=0.015,w=0.5",,,,
five_level_weak_anharmonic,worstcap_target_push_reference,0.03,combined,0.001,0.0005,12,0.9446400139667979,0.002681767364215548,0.07869540441266187,0.07260145087143687,0.9466254085108793,0.0034608072233738257,120,110.30053921416402,0.3171127728674126,1953,False,worst-seed target-push reference,"a=0.8,lw=1.5,r=0.04,w=0.25; a=1,lw=0.8,r=0.025,w=0.5; a=1,lw=0.5,r=0.015,w=0.5",,,,
five_level_weak_anharmonic,worstcap_target_push_reference,0.03,combined,0.001,0.0005,13,0.867676405357534,0.002591181493984074,0.08800480598132698,0.14597911517362633,0.9495903916122485,0.0034608072233738257,120,110.30053921416402,0.3171127728674126,1953,False,worst-seed target-push reference,"a=0.8,lw=1.5,r=0.04,w=0.25; a=1,lw=0.8,r=0.025,w=0.5; a=1,lw=0.5,r=0.015,w=0.5",,,,
five_level_weak_anharmonic,worstcap_target_push_reference,0.03,combined,0.001,0.0005,14,0.8821860811626823,0.002898174004290155,0.07871793145603756,0.12485076085802647,0.9487004904701595,0.0034608072233738257,120,110.30053921416402,0.3171127728674126,1953,False,worst-seed target-push reference,"a=0.8,lw=1.5,r=0.04,w=0.25; a=1,lw=0.8,r=0.025,w=0.5; a=1,lw=0.5,r=0.015,w=0.5",,,,
five_level_weak_anharmonic,worstcap_target_push_reference,0.03,combined,0.001,0.0005,15,0.9661865797263416,0.004067527047843966,0.09950599030025087,0.027330658258102044,0.9465051806483346,0.0034608072233738257,120,110.30053921416402,0.3171127728674126,1953,False,worst-seed target-push reference,"a=0.8,lw=1.5,r=0.04,w=0.25; a=1,lw=0.8,r=0.025,w=0.5; a=1,lw=0.5,r=0.015,w=0.5",,,,
five_level_weak_anharmonic,worstcap_target_push_reference,0.03,combined,0.001,0.0005,16,0.9535077571985369,0.0023901094841543014,0.10766680195443601,0.05608693812982402,0.9463821789920954,0.0034608072233738257,120,110.30053921416402,0.3171127728674126,1953,False,worst-seed target-push reference,"a=0.8,lw=1.5,r=0.04,w=0.25; a=1,lw=0.8,r=0.025,w=0.5; a=1,lw=0.5,r=0.015,w=0.5",,,,
five_level_weak_anharmonic,worstcap_target_push_reference,0.03,combined,0.001,0.0005,17,0.900104947205584,0.002963976964019399,0.08206407202631172,0.06779963907679105,0.9471670697685521,0.0034608072233738257,120,110.30053921416402,0.3171127728674126,1953,False,worst-seed target-push reference,"a=0.8,lw=1.5,r=0.04,w=0.25; a=1,lw=0.8,r=0.025,w=0.5; a=1,lw=0.5,r=0.015,w=0.5",,,,
five_level_weak_anharmonic,worstcap_target_push_reference,0.03,combined,0.001,0.0005,18,0.9594768370066142,0.003256612740529574,0.08775575083610021,0.030001054432143164,0.9469058018215821,0.0034608072233738257,120,110.30053921416402,0.3171127728674126,1953,False,worst-seed target-push reference,"a=0.8,lw=1.5,r=0.04,w=0.25; a=1,lw=0.8,r=0.025,w=0.5; a=1,lw=0.5,r=0.015,w=0.5",,,,
five_level_weak_anharmonic,worstcap_target_push_reference,0.03,combined,0.001,0.0005,19,0.9423442827658361,0.0026144028471822844,0.08262207798759236,0.07018570093173188,0.9465477460244838,0.0034608072233738257,120,110.30053921416402,0.3171127728674126,1953,False,worst-seed target-push reference,"a=0.8,lw=1.5,r=0.04,w=0.25; a=1,lw=0.8,r=0.025,w=0.5; a=1,lw=0.5,r=0.015,w=0.5",,,,
five_level_weak_anharmonic,worstcap_target_push_reference,0.03,combined,0.001,0.0005,20,0.908400947132227,0.00194369730226851,0.09172530112381283,0.09633001693443469,0.9463486823246555,0.0034608072233738257,120,110.30053921416402,0.3171127728674126,1953,False,worst-seed target-push reference,"a=0.8,lw=1.5,r=0.04,w=0.25; a=1,lw=0.8,r=0.025,w=0.5; a=1,lw=0.5,r=0.015,w=0.5",,,,
five_level_weak_anharmonic,worstcap_target_push_reference,0.03,combined,0.001,0.0005,21,0.9585254339315572,0.002935814606463527,0.07626511628127874,0.045459308990042115,0.9468517247724232,0.0034608072233738257,120,110.30053921416402,0.3171127728674126,1953,False,worst-seed target-push reference,"a=0.8,lw=1.5,r=0.04,w=0.25; a=1,lw=0.8,r=0.025,w=0.5; a=1,lw=0.5,r=0.015,w=0.5",,,,
five_level_weak_anharmonic,worstcap_target_push_reference,0.03,combined,0.001,0.0005,22,0.9272469513171114,0.002282837342792776,0.08993329672481276,0.07889762805939483,0.9470034695512607,0.0034608072233738257,120,110.30053921416402,0.3171127728674126,1953,False,worst-seed target-push reference,"a=0.8,lw=1.5,r=0.04,w=0.25; a=1,lw=0.8,r=0.025,w=0.5; a=1,lw=0.5,r=0.015,w=0.5",,,,
five_level_weak_anharmonic,worstcap_target_push_reference,0.03,combined,0.001,0.0005,23,0.9596564584030723,0.0025169724045963626,0.0846829041841024,0.04670264913470343,0.9472992408952651,0.0034608072233738257,120,110.30053921416402,0.3171127728674126,1953,False,worst-seed target-push reference,"a=0.8,lw=1.5,r=0.04,w=0.25; a=1,lw=0.8,r=0.025,w=0.5; a=1,lw=0.5,r=0.015,w=0.5",,,,
five_level_weak_anharmonic,worstcap_target_push_reference,0.03,combined,0.001,0.0005,24,0.9485736440926703,0.0024005596252318906,0.07772958049050382,0.045555772223175896,0.9479086920190558,0.0034608072233738257,120,110.30053921416402,0.3171127728674126,1953,False,worst-seed target-push reference,"a=0.8,lw=1.5,r=0.04,w=0.25; a=1,lw=0.8,r=0.025,w=0.5; a=1,lw=0.5,r=0.015,w=0.5",,,,
five_level_weak_anharmonic,worstcap_target_push_reference,0.03,combined,0.001,0.0005,25,0.9421843261136817,0.002298763400161552,0.07768696700807198,0.05754685119444353,0.947673096881376,0.0034608072233738257,120,110.30053921416402,0.3171127728674126,1953,False,worst-seed target-push reference,"a=0.8,lw=1.5,r=0.04,w=0.25; a=1,lw=0.8,r=0.025,w=0.5; a=1,lw=0.5,r=0.015,w=0.5",,,,
five_level_weak_anharmonic,worstcap_target_push_reference,0.03,combined,0.001,0.0005,26,0.9714723626583739,0.0026994274176843636,0.09723193570121935,0.028872608712799234,0.9471157868034579,0.0034608072233738257,120,110.30053921416402,0.3171127728674126,1953,False,worst-seed target-push reference,"a=0.8,lw=1.5,r=0.04,w=0.25; a=1,lw=0.8,r=0.025,w=0.5; a=1,lw=0.5,r=0.015,w=0.5",,,,
five_level_weak_anharmonic,worstcap_target_push_reference,0.03,combined,0.001,0.0005,27,0.9437014286740132,0.0026633253539185553,0.08204847498058565,0.04583777606837435,0.9474287320594441,0.0034608072233738257,120,110.30053921416402,0.3171127728674126,1953,False,worst-seed target-push reference,"a=0.8,lw=1.5,r=0.04,w=0.25; a=1,lw=0.8,r=0.025,w=0.5; a=1,lw=0.5,r=0.015,w=0.5",,,,
five_level_weak_anharmonic,worstcap_target_push_reference,0.03,combined,0.001,0.0005,28,0.9249455783833768,0.002151849608656886,0.10027342194131328,0.082499284623651,0.9471179436697703,0.0034608072233738257,120,110.30053921416402,0.3171127728674126,1953,False,worst-seed target-push reference,"a=0.8,lw=1.5,r=0.04,w=0.25; a=1,lw=0.8,r=0.025,w=0.5; a=1,lw=0.5,r=0.015,w=0.5",,,,
five_level_weak_anharmonic,worstcap_target_push_reference,0.03,combined,0.001,0.0005,29,0.9559692890923212,0.002251165184712578,0.08008453920801872,0.04625853636483141,0.9477983757801988,0.0034608072233738257,120,110.30053921416402,0.3171127728674126,1953,False,worst-seed target-push reference,"a=0.8,lw=1.5,r=0.04,w=0.25; a=1,lw=0.8,r=0.025,w=0.5; a=1,lw=0.5,r=0.015,w=0.5",,,,
five_level_weak_anharmonic,worstcap_target_push_reference,0.03,combined,0.001,0.0005,30,0.9605209365354426,0.001779315641474155,0.06927258147760451,0.036848729515441755,0.9480080035070945,0.0034608072233738257,120,110.30053921416402,0.3171127728674126,1953,False,worst-seed target-push reference,"a=0.8,lw=1.5,r=0.04,w=0.25; a=1,lw=0.8,r=0.025,w=0.5; a=1,lw=0.5,r=0.015,w=0.5",,,,
five_level_weak_anharmonic,worstcap_target_push_reference,0.03,combined,0.001,0.0005,31,0.8990232070744287,0.003774584959241767,0.11291424127950045,0.1019305527167748,0.946865277231896,0.0034608072233738257,120,110.30053921416402,0.3171127728674126,1953,False,worst-seed target-push reference,"a=0.8,lw=1.5,r=0.04,w=0.25; a=1,lw=0.8,r=0.025,w=0.5; a=1,lw=0.5,r=0.015,w=0.5",,,,
five_level_weak_anharmonic,worstcap_target_push_reference,0.03,combined,0.001,0.0005,32,0.929763239266275,0.0016953680982250141,0.088895647510157,0.0730601028199053,0.9471086758753885,0.0034608072233738257,120,110.30053921416402,0.3171127728674126,1953,False,worst-seed target-push reference,"a=0.8,lw=1.5,r=0.04,w=0.25; a=1,lw=0.8,r=0.025,w=0.5; a=1,lw=0.5,r=0.015,w=0.5",,,,
five_level_weak_anharmonic,worstcap_target_push_reference,0.03,combined,0.001,0.0005,33,0.9633297374284754,0.0036650571616115846,0.08012968437169632,0.030417267352750615,0.9472963933632413,0.0034608072233738257,120,110.30053921416402,0.3171127728674126,1953,False,worst-seed target-push reference,"a=0.8,lw=1.5,r=0.04,w=0.25; a=1,lw=0.8,r=0.025,w=0.5; a=1,lw=0.5,r=0.015,w=0.5",,,,
five_level_weak_anharmonic,worstcap_target_push_reference,0.03,combined,0.001,0.0005,34,0.9668513768577625,0.003421347699769206,0.10549553258623035,0.03530271437635255,0.9470927538434541,0.0034608072233738257,120,110.30053921416402,0.3171127728674126,1953,False,worst-seed target-push reference,"a=0.8,lw=1.5,r=0.04,w=0.25; a=1,lw=0.8,r=0.025,w=0.5; a=1,lw=0.5,r=0.015,w=0.5",,,,
five_level_weak_anharmonic,worstcap_target_push_reference,0.03,combined,0.001,0.0005,35,0.8950023592467626,0.002573923133448175,0.10627351007843533,0.09535460892169656,0.9455436855550476,0.0034608072233738257,120,110.30053921416402,0.3171127728674126,1953,False,worst-seed target-push reference,"a=0.8,lw=1.5,r=0.04,w=0.25; a=1,lw=0.8,r=0.025,w=0.5; a=1,lw=0.5,r=0.015,w=0.5",,,,
five_level_weak_anharmonic,worstcap_target_push_reference,0.03,combined,0.001,0.0005,36,0.9555147834796146,0.002111823537843116,0.09305745981435454,0.04741132492099824,0.9470980338496847,0.0034608072233738257,120,110.30053921416402,0.3171127728674126,1953,False,worst-seed target-push reference,"a=0.8,lw=1.5,r=0.04,w=0.25; a=1,lw=0.8,r=0.025,w=0.5; a=1,lw=0.5,r=0.015,w=0.5",,,,
five_level_weak_anharmonic,worstcap_target_push_reference,0.03,combined,0.001,0.0005,37,0.8147223966939311,0.0013617350203696255,0.0704494723659973,0.13174693565134896,0.9482966175657704,0.0034608072233738257,120,110.30053921416402,0.3171127728674126,1953,False,worst-seed target-push reference,"a=0.8,lw=1.5,r=0.04,w=0.25; a=1,lw=0.8,r=0.025,w=0.5; a=1,lw=0.5,r=0.015,w=0.5",,,,
five_level_weak_anharmonic,worstcap_target_push_reference,0.03,combined,0.001,0.0005,38,0.9465067443685167,0.0030752453206218666,0.06239440025000842,0.06253234901633037,0.9485485399434999,0.0034608072233738257,120,110.30053921416402,0.3171127728674126,1953,False,worst-seed target-push reference,"a=0.8,lw=1.5,r=0.04,w=0.25; a=1,lw=0.8,r=0.025,w=0.5; a=1,lw=0.5,r=0.015,w=0.5",,,,
five_level_weak_anharmonic,worstcap_target_push_reference,0.03,combined,0.001,0.0005,39,0.9553195105947774,0.002935682459399347,0.09794929738371771,0.04564945539146434,0.946955497964247,0.0034608072233738257,120,110.30053921416402,0.3171127728674126,1953,False,worst-seed target-push reference,"a=0.8,lw=1.5,r=0.04,w=0.25; a=1,lw=0.8,r=0.025,w=0.5; a=1,lw=0.5,r=0.015,w=0.5",,,,
five_level_weak_anharmonic,worstcap_target_push_reference,0.03,combined,0.001,0.0005,40,0.9665420626240155,0.0020114195986402628,0.0838780312618056,0.03605350186094335,0.947143005045154,0.0034608072233738257,120,110.30053921416402,0.3171127728674126,1953,False,worst-seed target-push reference,"a=0.8,lw=1.5,r=0.04,w=0.25; a=1,lw=0.8,r=0.025,w=0.5; a=1,lw=0.5,r=0.015,w=0.5",,,,
five_level_weak_anharmonic,worstcap_target_push_reference,0.03,combined,0.001,0.0005,41,0.9411329386545786,0.0018645472534748464,0.084760764373363,0.06758243670602913,0.9461931273068722,0.0034608072233738257,120,110.30053921416402,0.3171127728674126,1953,False,worst-seed target-push reference,"a=0.8,lw=1.5,r=0.04,w=0.25; a=1,lw=0.8,r=0.025,w=0.5; a=1,lw=0.5,r=0.015,w=0.5",,,,
five_level_weak_anharmonic,worstcap_target_push_reference,0.03,combined,0.001,0.0005,42,0.9523263323332658,0.0016851869635045036,0.09180210627893137,0.052188239402444395,0.9477731835345248,0.0034608072233738257,120,110.30053921416402,0.3171127728674126,1953,False,worst-seed target-push reference,"a=0.8,lw=1.5,r=0.04,w=0.25; a=1,lw=0.8,r=0.025,w=0.5; a=1,lw=0.5,r=0.015,w=0.5",,,,
five_level_weak_anharmonic,worstcap_target_push_reference,0.03,combined,0.001,0.0005,43,0.9357797397341042,0.0019995452673909897,0.07722358306144139,0.05732920096377375,0.9474429673891989,0.0034608072233738257,120,110.30053921416402,0.3171127728674126,1953,False,worst-seed target-push reference,"a=0.8,lw=1.5,r=0.04,w=0.25; a=1,lw=0.8,r=0.025,w=0.5; a=1,lw=0.5,r=0.015,w=0.5",,,,
five_level_weak_anharmonic,worstcap_target_push_reference,0.03,combined,0.001,0.0005,44,0.9366534020707221,0.002445219189783465,0.07606995552343387,0.06951606565764772,0.949055887293281,0.0034608072233738257,120,110.30053921416402,0.3171127728674126,1953,False,worst-seed target-push reference,"a=0.8,lw=1.5,r=0.04,w=0.25; a=1,lw=0.8,r=0.025,w=0.5; a=1,lw=0.5,r=0.015,w=0.5",,,,
five_level_weak_anharmonic,worstcap_target_push_reference,0.03,combined,0.001,0.0005,45,0.9693459239733114,0.0025647398464139215,0.10206043582827351,0.03434162419748854,0.9474641165595832,0.0034608072233738257,120,110.30053921416402,0.3171127728674126,1953,False,worst-seed target-push reference,"a=0.8,lw=1.5,r=0.04,w=0.25; a=1,lw=0.8,r=0.025,w=0.5; a=1,lw=0.5,r=0.015,w=0.5",,,,
five_level_weak_anharmonic,worstcap_target_push_reference,0.03,combined,0.001,0.0005,46,0.9596601114086624,0.0019667354123227287,0.07291463143365107,0.04563909220771418,0.9468563426596226,0.0034608072233738257,120,110.30053921416402,0.3171127728674126,1953,False,worst-seed target-push reference,"a=0.8,lw=1.5,r=0.04,w=0.25; a=1,lw=0.8,r=0.025,w=0.5; a=1,lw=0.5,r=0.015,w=0.5",,,,
five_level_weak_anharmonic,worstcap_target_push_reference,0.03,combined,0.001,0.0005,47,0.9625965010373024,0.0027137873743312557,0.07891937985110897,0.03823831350748918,0.9466258130797275,0.0034608072233738257,120,110.30053921416402,0.3171127728674126,1953,False,worst-seed target-push reference,"a=0.8,lw=1.5,r=0.04,w=0.25; a=1,lw=0.8,r=0.025,w=0.5; a=1,lw=0.5,r=0.015,w=0.5",,,,
five_level_weak_anharmonic,worstcap_target_push_reference,0.03,combined,0.001,0.0005,48,0.8768687578861751,0.0018731057612051405,0.09417013616148473,0.11686586559705303,0.9467786922825455,0.0034608072233738257,120,110.30053921416402,0.3171127728674126,1953,False,worst-seed target-push reference,"a=0.8,lw=1.5,r=0.04,w=0.25; a=1,lw=0.8,r=0.025,w=0.5; a=1,lw=0.5,r=0.015,w=0.5",,,,
five_level_weak_anharmonic,worstcap_target_push_reference,0.03,combined,0.001,0.0005,49,0.964296997777013,0.0030436487129004153,0.09487763669726756,0.029940684355363897,0.9461602320724962,0.0034608072233738257,120,110.30053921416402,0.3171127728674126,1953,False,worst-seed target-push reference,"a=0.8,lw=1.5,r=0.04,w=0.25; a=1,lw=0.8,r=0.025,w=0.5; a=1,lw=0.5,r=0.015,w=0.5",,,,
five_level_weak_anharmonic,worstcap_target_push_reference,0.03,combined,0.001,0.0005,50,0.9506897512578257,0.0033296126654079883,0.09696340434835882,0.039626235109575865,0.9469990332195469,0.0034608072233738257,120,110.30053921416402,0.3171127728674126,1953,False,worst-seed target-push reference,"a=0.8,lw=1.5,r=0.04,w=0.25; a=1,lw=0.8,r=0.025,w=0.5; a=1,lw=0.5,r=0.015,w=0.5",,,,
five_level_weak_anharmonic,worstcap_target_push_reference,0.03,combined,0.001,0.0005,51,0.9463585207533639,0.0017340069545569436,0.09312383196263907,0.04688120905576003,0.9459614313931679,0.0034608072233738257,120,110.30053921416402,0.3171127728674126,1953,False,worst-seed target-push reference,"a=0.8,lw=1.5,r=0.04,w=0.25; a=1,lw=0.8,r=0.025,w=0.5; a=1,lw=0.5,r=0.015,w=0.5",,,,
five_level_weak_anharmonic,worstcap_target_push_reference,0.03,combined,0.001,0.0005,52,0.9497226268035471,0.0019766243487311375,0.08504013196997295,0.058435662710210626,0.9464568309335795,0.0034608072233738257,120,110.30053921416402,0.3171127728674126,1953,False,worst-seed target-push reference,"a=0.8,lw=1.5,r=0.04,w=0.25; a=1,lw=0.8,r=0.025,w=0.5; a=1,lw=0.5,r=0.015,w=0.5",,,,
five_level_weak_anharmonic,worstcap_target_push_reference,0.03,combined,0.001,0.0005,53,0.9021731257874753,0.003427967459243453,0.08232980399817258,0.09287714252551468,0.9477000891051871,0.0034608072233738257,120,110.30053921416402,0.3171127728674126,1953,False,worst-seed target-push reference,"a=0.8,lw=1.5,r=0.04,w=0.25; a=1,lw=0.8,r=0.025,w=0.5; a=1,lw=0.5,r=0.015,w=0.5",,,,
five_level_weak_anharmonic,worstcap_target_push_reference,0.03,combined,0.001,0.0005,54,0.9232517020839505,0.004667127226696266,0.09592181667029309,0.07310197023013001,0.9473265883852493,0.0034608072233738257,120,110.30053921416402,0.3171127728674126,1953,False,worst-seed target-push reference,"a=0.8,lw=1.5,r=0.04,w=0.25; a=1,lw=0.8,r=0.025,w=0.5; a=1,lw=0.5,r=0.015,w=0.5",,,,
five_level_weak_anharmonic,worstcap_target_push_reference,0.03,combined,0.001,0.0005,55,0.9272619358713208,0.002196321162501791,0.1001479374572446,0.07956005175783804,0.9485016460771076,0.0034608072233738257,120,110.30053921416402,0.3171127728674126,1953,False,worst-seed target-push reference,"a=0.8,lw=1.5,r=0.04,w=0.25; a=1,lw=0.8,r=0.025,w=0.5; a=1,lw=0.5,r=0.015,w=0.5",,,,
five_level_weak_anharmonic,worstcap_target_push_reference,0.03,combined,0.001,0.0005,56,0.9244290811406958,0.005902143465937759,0.08433929179510113,0.07445690460161022,0.94691490207985,0.0034608072233738257,120,110.30053921416402,0.3171127728674126,1953,False,worst-seed target-push reference,"a=0.8,lw=1.5,r=0.04,w=0.25; a=1,lw=0.8,r=0.025,w=0.5; a=1,lw=0.5,r=0.015,w=0.5",,,,
five_level_weak_anharmonic,worstcap_target_push_reference,0.03,combined,0.001,0.0005,57,0.8742160348607995,0.003514045809007049,0.11000722600417157,0.08622268861208142,0.9453331687103025,0.0034608072233738257,120,110.30053921416402,0.3171127728674126,1953,False,worst-seed target-push reference,"a=0.8,lw=1.5,r=0.04,w=0.25; a=1,lw=0.8,r=0.025,w=0.5; a=1,lw=0.5,r=0.015,w=0.5",,,,
five_level_weak_anharmonic,worstcap_target_push_reference,0.03,combined,0.001,0.0005,58,0.9640704150392478,0.0024400025502974154,0.07563950160402799,0.034268729521559786,0.9473793881416078,0.0034608072233738257,120,110.30053921416402,0.3171127728674126,1953,False,worst-seed target-push reference,"a=0.8,lw=1.5,r=0.04,w=0.25; a=1,lw=0.8,r=0.025,w=0.5; a=1,lw=0.5,r=0.015,w=0.5",,,,
five_level_weak_anharmonic,worstcap_target_push_reference,0.03,combined,0.001,0.0005,59,0.9352521720425193,0.0032511661768082067,0.10990740625337281,0.07045345152637629,0.9457644315455462,0.0034608072233738257,120,110.30053921416402,0.3171127728674126,1953,False,worst-seed target-push reference,"a=0.8,lw=1.5,r=0.04,w=0.25; a=1,lw=0.8,r=0.025,w=0.5; a=1,lw=0.5,r=0.015,w=0.5",,,,
five_level_weak_anharmonic,worstcap050_w120_mean02_worst05,0.03,static_only,0.0,0.0,10,0.8823222560919369,0.001382441698285608,0.07000612257995176,0.11136109687454768,0.999995486325798,0.0037565780318127118,120,123.49413094413467,0.32894528122818373,641,False,"worst-seed target push, cap 0.050, weight 120, mean leak 0.2, worst 0.5","a=0.8,lw=1.5,r=0.04,w=0.25; a=1,lw=0.8,r=0.025,w=0.5; a=1,lw=0.5,r=0.015,w=0.5",0.05,120.0,0.2,0.01
five_level_weak_anharmonic,worstcap050_w120_mean02_worst05,0.03,static_only,0.0,0.0,11,0.9240424196830169,0.00130736955959454,0.0815334621416326,0.0994611493043801,0.9999946548084493,0.0037565780318127118,120,123.49413094413467,0.32894528122818373,641,False,"worst-seed target push, cap 0.050, weight 120, mean leak 0.2, worst 0.5","a=0.8,lw=1.5,r=0.04,w=0.25; a=1,lw=0.8,r=0.025,w=0.5; a=1,lw=0.5,r=0.015,w=0.5",0.05,120.0,0.2,0.01
five_level_weak_anharmonic,worstcap050_w120_mean02_worst05,0.03,static_only,0.0,0.0,12,0.9754668950696973,0.0033926127583234766,0.07318523007060351,0.05816417184910525,0.999995020502704,0.0037565780318127118,120,123.49413094413467,0.32894528122818373,641,False,"worst-seed target push, cap 0.050, weight 120, mean leak 0.2, worst 0.5","a=0.8,lw=1.5,r=0.04,w=0.25; a=1,lw=0.8,r=0.025,w=0.5; a=1,lw=0.5,r=0.015,w=0.5",0.05,120.0,0.2,0.01
five_level_weak_anharmonic,worstcap050_w120_mean02_worst05,0.03,static_only,0.0,0.0,13,0.9212852809101784,0.005117982631542617,0.06609104763238638,0.11328794559755895,0.9999961134361389,0.0037565780318127118,120,123.49413094413467,0.32894528122818373,641,False,"worst-seed target push, cap 0.050, weight 120, mean leak 0.2, worst 0.5","a=0.8,lw=1.5,r=0.04,w=0.25; a=1,lw=0.8,r=0.025,w=0.5; a=1,lw=0.5,r=0.015,w=0.5",0.05,120.0,0.2,0.01
five_level_weak_anharmonic,worstcap050_w120_mean02_worst05,0.03,static_only,0.0,0.0,14,0.9273580062445161,0.0031711070831097476,0.06682456899487077,0.10179730590854966,0.9999957425448114,0.0037565780318127118,120,123.49413094413467,0.32894528122818373,641,False,"worst-seed target push, cap 0.050, weight 120, mean leak 0.2, worst 0.5","a=0.8,lw=1.5,r=0.04,w=0.25; a=1,lw=0.8,r=0.025,w=0.5; a=1,lw=0.5,r=0.015,w=0.5",0.05,120.0,0.2,0.01
five_level_weak_anharmonic,worstcap050_w120_mean02_worst05,0.03,static_only,0.0,0.0,15,0.989946206793403,0.006459609387030274,0.08110406871671705,0.01116565409141439,0.9999952482760815,0.0037565780318127118,120,123.49413094413467,0.32894528122818373,641,False,"worst-seed target push, cap 0.050, weight 120, mean leak 0.2, worst 0.5","a=0.8,lw=1.5,r=0.04,w=0.25; a=1,lw=0.8,r=0.025,w=0.5; a=1,lw=0.5,r=0.015,w=0.5",0.05,120.0,0.2,0.01
five_level_weak_anharmonic,worstcap050_w120_mean02_worst05,0.03,static_only,0.0,0.0,16,0.9777253531572173,0.002486539899781759,0.08423053299782735,0.04817845111456002,0.9999949958103045,0.0037565780318127118,120,123.49413094413467,0.32894528122818373,641,False,"worst-seed target push, cap 0.050, weight 120, mean leak 0.2, worst 0.5","a=0.8,lw=1.5,r=0.04,w=0.25; a=1,lw=0.8,r=0.025,w=0.5; a=1,lw=0.5,r=0.015,w=0.5",0.05,120.0,0.2,0.01
five_level_weak_anharmonic,worstcap050_w120_mean02_worst05,0.03,static_only,0.0,0.0,17,0.9220010205886882,0.0028924475943244987,0.06257192299869196,0.04331009797478456,0.9999964566195576,0.0037565780318127118,120,123.49413094413467,0.32894528122818373,641,False,"worst-seed target push, cap 0.050, weight 120, mean leak 0.2, worst 0.5","a=0.8,lw=1.5,r=0.04,w=0.25; a=1,lw=0.8,r=0.025,w=0.5; a=1,lw=0.5,r=0.015,w=0.5",0.05,120.0,0.2,0.01
five_level_weak_anharmonic,worstcap050_w120_mean02_worst05,0.03,static_only,0.0,0.0,18,0.9806347718672953,0.004424615260605669,0.06957299564810593,0.013132029854239207,0.9999957698900476,0.0037565780318127118,120,123.49413094413467,0.32894528122818373,641,False,"worst-seed target push, cap 0.050, weight 120, mean leak 0.2, worst 0.5","a=0.8,lw=1.5,r=0.04,w=0.25; a=1,lw=0.8,r=0.025,w=0.5; a=1,lw=0.5,r=0.015,w=0.5",0.05,120.0,0.2,0.01
five_level_weak_anharmonic,worstcap050_w120_mean02_worst05,0.03,static_only,0.0,0.0,19,0.974196427792436,0.0021450599057791786,0.06387614844279077,0.05540004916026128,0.9999950549984845,0.0037565780318127118,120,123.49413094413467,0.32894528122818373,641,False,"worst-seed target push, cap 0.050, weight 120, mean leak 0.2, worst 0.5","a=0.8,lw=1.5,r=0.04,w=0.25; a=1,lw=0.8,r=0.025,w=0.5; a=1,lw=0.5,r=0.015,w=0.5",0.05,120.0,0.2,0.01
five_level_weak_anharmonic,worstcap050_w120_mean02_worst05,0.03,static_only,0.0,0.0,20,0.9376935796314004,0.0010820827103628083,0.07300856902003217,0.08203283439753921,0.9999955559357484,0.0037565780318127118,120,123.49413094413467,0.32894528122818373,641,False,"worst-seed target push, cap 0.050, weight 120, mean leak 0.2, worst 0.5","a=0.8,lw=1.5,r=0.04,w=0.25; a=1,lw=0.8,r=0.025,w=0.5; a=1,lw=0.5,r=0.015,w=0.5",0.05,120.0,0.2,0.01
five_level_weak_anharmonic,worstcap050_w120_mean02_worst05,0.03,static_only,0.0,0.0,21,0.9836351216157369,0.002945464240995621,0.06025549456865076,0.03177711650007683,0.9999955680901086,0.0037565780318127118,120,123.49413094413467,0.32894528122818373,641,False,"worst-seed target push, cap 0.050, weight 120, mean leak 0.2, worst 0.5","a=0.8,lw=1.5,r=0.04,w=0.25; a=1,lw=0.8,r=0.025,w=0.5; a=1,lw=0.5,r=0.015,w=0.5",0.05,120.0,0.2,0.01
five_level_weak_anharmonic,worstcap050_w120_mean02_worst05,0.03,static_only,0.0,0.0,22,0.9544771716963818,0.001498506954518919,0.06994610548543012,0.07018052819467435,0.9999948213503894,0.0037565780318127118,120,123.49413094413467,0.32894528122818373,641,False,"worst-seed target push, cap 0.050, weight 120, mean leak 0.2, worst 0.5","a=0.8,lw=1.5,r=0.04,w=0.25; a=1,lw=0.8,r=0.025,w=0.5; a=1,lw=0.5,r=0.015,w=0.5",0.05,120.0,0.2,0.01
five_level_weak_anharmonic,worstcap050_w120_mean02_worst05,0.03,static_only,0.0,0.0,23,0.9851602076601752,0.002848680679238713,0.06425814447261846,0.0368014127499453,0.9999956466317033,0.0037565780318127118,120,123.49413094413467,0.32894528122818373,641,False,"worst-seed target push, cap 0.050, weight 120, mean leak 0.2, worst 0.5","a=0.8,lw=1.5,r=0.04,w=0.25; a=1,lw=0.8,r=0.025,w=0.5; a=1,lw=0.5,r=0.015,w=0.5",0.05,120.0,0.2,0.01
five_level_weak_anharmonic,worstcap050_w120_mean02_worst05,0.03,static_only,0.0,0.0,24,0.9863224001385247,0.0018299715406341344,0.05947793539234192,0.018476273450505395,0.9999960476495166,0.0037565780318127118,120,123.49413094413467,0.32894528122818373,641,False,"worst-seed target push, cap 0.050, weight 120, mean leak 0.2, worst 0.5","a=0.8,lw=1.5,r=0.04,w=0.25; a=1,lw=0.8,r=0.025,w=0.5; a=1,lw=0.5,r=0.015,w=0.5",0.05,120.0,0.2,0.01
five_level_weak_anharmonic,worstcap050_w120_mean02_worst05,0.03,static_only,0.0,0.0,25,0.9815531752730545,0.0013457949424234839,0.06656331017548833,0.0333479333065502,0.9999954993044443,0.0037565780318127118,120,123.49413094413467,0.32894528122818373,641,False,"worst-seed target push, cap 0.050, weight 120, mean leak 0.2, worst 0.5","a=0.8,lw=1.5,r=0.04,w=0.25; a=1,lw=0.8,r=0.025,w=0.5; a=1,lw=0.5,r=0.015,w=0.5",0.05,120.0,0.2,0.01
five_level_weak_anharmonic,worstcap050_w120_mean02_worst05,0.03,static_only,0.0,0.0,26,0.9930632000227714,0.004006024183546009,0.07512303384483077,0.0170359432497452,0.9999955948351145,0.0037565780318127118,120,123.49413094413467,0.32894528122818373,641,False,"worst-seed target push, cap 0.050, weight 120, mean leak 0.2, worst 0.5","a=0.8,lw=1.5,r=0.04,w=0.25; a=1,lw=0.8,r=0.025,w=0.5; a=1,lw=0.5,r=0.015,w=0.5",0.05,120.0,0.2,0.01
five_level_weak_anharmonic,worstcap050_w120_mean02_worst05,0.03,static_only,0.0,0.0,27,0.9765593642027031,0.004039973753283799,0.06245257956782635,0.01981482485200584,0.9999964990616909,0.0037565780318127118,120,123.49413094413467,0.32894528122818373,641,False,"worst-seed target push, cap 0.050, weight 120, mean leak 0.2, worst 0.5","a=0.8,lw=1.5,r=0.04,w=0.25; a=1,lw=0.8,r=0.025,w=0.5; a=1,lw=0.5,r=0.015,w=0.5",0.05,120.0,0.2,0.01
five_level_weak_anharmonic,worstcap050_w120_mean02_worst05,0.03,static_only,0.0,0.0,28,0.9451284006123489,0.001355377328848828,0.08009470931634488,0.07927845407537808,0.9999951658524597,0.0037565780318127118,120,123.49413094413467,0.32894528122818373,641,False,"worst-seed target push, cap 0.050, weight 120, mean leak 0.2, worst 0.5","a=0.8,lw=1.5,r=0.04,w=0.25; a=1,lw=0.8,r=0.025,w=0.5; a=1,lw=0.5,r=0.015,w=0.5",0.05,120.0,0.2,0.01
five_level_weak_anharmonic,worstcap050_w120_mean02_worst05,0.03,static_only,0.0,0.0,29,0.9724316414160833,0.00296338232176252,0.061426946064728316,0.03995437929062053,0.9999958031313275,0.0037565780318127118,120,123.49413094413467,0.32894528122818373,641,False,"worst-seed target push, cap 0.050, weight 120, mean leak 0.2, worst 0.5","a=0.8,lw=1.5,r=0.04,w=0.25; a=1,lw=0.8,r=0.025,w=0.5; a=1,lw=0.5,r=0.015,w=0.5",0.05,120.0,0.2,0.01
five_level_weak_anharmonic,worstcap050_w120_mean02_worst05,0.03,static_only,0.0,0.0,30,0.9924589284027034,0.000891324459195042,0.06478344613151377,0.0111100185469212,0.9999960881243815,0.0037565780318127118,120,123.49413094413467,0.32894528122818373,641,False,"worst-seed target push, cap 0.050, weight 120, mean leak 0.2, worst 0.5","a=0.8,lw=1.5,r=0.04,w=0.25; a=1,lw=0.8,r=0.025,w=0.5; a=1,lw=0.5,r=0.015,w=0.5",0.05,120.0,0.2,0.01
five_level_weak_anharmonic,worstcap050_w120_mean02_worst05,0.03,static_only,0.0,0.0,31,0.9266737724209786,0.003699546168520973,0.08821182840544162,0.0934156994819438,0.9999950060013819,0.0037565780318127118,120,123.49413094413467,0.32894528122818373,641,False,"worst-seed target push, cap 0.050, weight 120, mean leak 0.2, worst 0.5","a=0.8,lw=1.5,r=0.04,w=0.25; a=1,lw=0.8,r=0.025,w=0.5; a=1,lw=0.5,r=0.015,w=0.5",0.05,120.0,0.2,0.01
five_level_weak_anharmonic,worstcap050_w120_mean02_worst05,0.03,static_only,0.0,0.0,32,0.9581076132190999,0.0007553226977037308,0.06938292390417533,0.063035958121324,0.9999946764149503,0.0037565780318127118,120,123.49413094413467,0.32894528122818373,641,False,"worst-seed target push, cap 0.050, weight 120, mean leak 0.2, worst 0.5","a=0.8,lw=1.5,r=0.04,w=0.25; a=1,lw=0.8,r=0.025,w=0.5; a=1,lw=0.5,r=0.015,w=0.5",0.05,120.0,0.2,0.01
five_level_weak_anharmonic,worstcap050_w120_mean02_worst05,0.03,static_only,0.0,0.0,33,0.9851533162528416,0.0048957353368872525,0.06747911168930498,0.011476015815959672,0.9999961690882976,0.0037565780318127118,120,123.49413094413467,0.32894528122818373,641,False,"worst-seed target push, cap 0.050, weight 120, mean leak 0.2, worst 0.5","a=0.8,lw=1.5,r=0.04,w=0.25; a=1,lw=0.8,r=0.025,w=0.5; a=1,lw=0.5,r=0.015,w=0.5",0.05,120.0,0.2,0.01
five_level_weak_anharmonic,worstcap050_w120_mean02_worst05,0.03,static_only,0.0,0.0,34,0.993382047192949,0.005363308622616025,0.08080364223014258,0.020373091675566807,0.999995614300671,0.0037565780318127118,120,123.49413094413467,0.32894528122818373,641,False,"worst-seed target push, cap 0.050, weight 120, mean leak 0.2, worst 0.5","a=0.8,lw=1.5,r=0.04,w=0.25; a=1,lw=0.8,r=0.025,w=0.5; a=1,lw=0.5,r=0.015,w=0.5",0.05,120.0,0.2,0.01
five_level_weak_anharmonic,worstcap050_w120_mean02_worst05,0.03,static_only,0.0,0.0,35,0.9193737625177562,0.002073237691314622,0.0826165531011186,0.07924471668331336,0.9999954688096075,0.0037565780318127118,120,123.49413094413467,0.32894528122818373,641,False,"worst-seed target push, cap 0.050, weight 120, mean leak 0.2, worst 0.5","a=0.8,lw=1.5,r=0.04,w=0.25; a=1,lw=0.8,r=0.025,w=0.5; a=1,lw=0.5,r=0.015,w=0.5",0.05,120.0,0.2,0.01
five_level_weak_anharmonic,worstcap050_w120_mean02_worst05,0.03,static_only,0.0,0.0,36,0.9821644377770807,0.0018878228384932028,0.07294164139437487,0.0360004296842021,0.9999956242675343,0.0037565780318127118,120,123.49413094413467,0.32894528122818373,641,False,"worst-seed target push, cap 0.050, weight 120, mean leak 0.2, worst 0.5","a=0.8,lw=1.5,r=0.04,w=0.25; a=1,lw=0.8,r=0.025,w=0.5; a=1,lw=0.5,r=0.015,w=0.5",0.05,120.0,0.2,0.01
five_level_weak_anharmonic,worstcap050_w120_mean02_worst05,0.03,static_only,0.0,0.0,37,0.8297115897742201,0.0010702736268149993,0.05332681717542842,0.1047233952939422,0.9999966914286234,0.0037565780318127118,120,123.49413094413467,0.32894528122818373,641,False,"worst-seed target push, cap 0.050, weight 120, mean leak 0.2, worst 0.5","a=0.8,lw=1.5,r=0.04,w=0.25; a=1,lw=0.8,r=0.025,w=0.5; a=1,lw=0.5,r=0.015,w=0.5",0.05,120.0,0.2,0.01
five_level_weak_anharmonic,worstcap050_w120_mean02_worst05,0.03,static_only,0.0,0.0,38,0.9868158920766529,0.003177527653626555,0.058785670101060394,0.03550690743188438,0.9999964816579547,0.0037565780318127118,120,123.49413094413467,0.32894528122818373,641,False,"worst-seed target push, cap 0.050, weight 120, mean leak 0.2, worst 0.5","a=0.8,lw=1.5,r=0.04,w=0.25; a=1,lw=0.8,r=0.025,w=0.5; a=1,lw=0.5,r=0.015,w=0.5",0.05,120.0,0.2,0.01
five_level_weak_anharmonic,worstcap050_w120_mean02_worst05,0.03,static_only,0.0,0.0,39,0.9853275106402513,0.003676502425687622,0.07573439651319114,0.03050234818523854,0.9999953271775419,0.0037565780318127118,120,123.49413094413467,0.32894528122818373,641,False,"worst-seed target push, cap 0.050, weight 120, mean leak 0.2, worst 0.5","a=0.8,lw=1.5,r=0.04,w=0.25; a=1,lw=0.8,r=0.025,w=0.5; a=1,lw=0.5,r=0.015,w=0.5",0.05,120.0,0.2,0.01
five_level_weak_anharmonic,worstcap050_w120_mean02_worst05,0.03,static_only,0.0,0.0,40,0.9878013920732325,0.0026204301618381054,0.0727811995583656,0.026497343177664015,0.9999951774838131,0.0037565780318127118,120,123.49413094413467,0.32894528122818373,641,False,"worst-seed target push, cap 0.050, weight 120, mean leak 0.2, worst 0.5","a=0.8,lw=1.5,r=0.04,w=0.25; a=1,lw=0.8,r=0.025,w=0.5; a=1,lw=0.5,r=0.015,w=0.5",0.05,120.0,0.2,0.01
five_level_weak_anharmonic,worstcap050_w120_mean02_worst05,0.03,static_only,0.0,0.0,41,0.9715381688683161,0.0005881478131815054,0.07041087970067639,0.052689488072214276,0.9999950568083908,0.0037565780318127118,120,123.49413094413467,0.32894528122818373,641,False,"worst-seed target push, cap 0.050, weight 120, mean leak 0.2, worst 0.5","a=0.8,lw=1.5,r=0.04,w=0.25; a=1,lw=0.8,r=0.025,w=0.5; a=1,lw=0.5,r=0.015,w=0.5",0.05,120.0,0.2,0.01
five_level_weak_anharmonic,worstcap050_w120_mean02_worst05,0.03,static_only,0.0,0.0,42,0.9723332817518162,0.0019018920720602628,0.06901312205472876,0.04533923893748706,0.9999954877883731,0.0037565780318127118,120,123.49413094413467,0.32894528122818373,641,False,"worst-seed target push, cap 0.050, weight 120, mean leak 0.2, worst 0.5","a=0.8,lw=1.5,r=0.04,w=0.25; a=1,lw=0.8,r=0.025,w=0.5; a=1,lw=0.5,r=0.015,w=0.5",0.05,120.0,0.2,0.01
five_level_weak_anharmonic,worstcap050_w120_mean02_worst05,0.03,static_only,0.0,0.0,43,0.9727172972443778,0.0017527750814135823,0.05939358702734898,0.03523510756821338,0.9999959092501467,0.0037565780318127118,120,123.49413094413467,0.32894528122818373,641,False,"worst-seed target push, cap 0.050, weight 120, mean leak 0.2, worst 0.5","a=0.8,lw=1.5,r=0.04,w=0.25; a=1,lw=0.8,r=0.025,w=0.5; a=1,lw=0.5,r=0.015,w=0.5",0.05,120.0,0.2,0.01
five_level_weak_anharmonic,worstcap050_w120_mean02_worst05,0.03,static_only,0.0,0.0,44,0.9622223041598709,0.003809960270454882,0.057086182196349755,0.05674919210312197,0.999996314907127,0.0037565780318127118,120,123.49413094413467,0.32894528122818373,641,False,"worst-seed target push, cap 0.050, weight 120, mean leak 0.2, worst 0.5","a=0.8,lw=1.5,r=0.04,w=0.25; a=1,lw=0.8,r=0.025,w=0.5; a=1,lw=0.5,r=0.015,w=0.5",0.05,120.0,0.2,0.01
five_level_weak_anharmonic,worstcap050_w120_mean02_worst05,0.03,static_only,0.0,0.0,45,0.9930471257158104,0.0035350961086508814,0.07928508557815028,0.022437125406568677,0.9999957793212296,0.0037565780318127118,120,123.49413094413467,0.32894528122818373,641,False,"worst-seed target push, cap 0.050, weight 120, mean leak 0.2, worst 0.5","a=0.8,lw=1.5,r=0.04,w=0.25; a=1,lw=0.8,r=0.025,w=0.5; a=1,lw=0.5,r=0.015,w=0.5",0.05,120.0,0.2,0.01
five_level_weak_anharmonic,worstcap050_w120_mean02_worst05,0.03,static_only,0.0,0.0,46,0.9835512196388763,0.0012152331190433685,0.06161642872579942,0.035500578657763314,0.9999950951879691,0.0037565780318127118,120,123.49413094413467,0.32894528122818373,641,False,"worst-seed target push, cap 0.050, weight 120, mean leak 0.2, worst 0.5","a=0.8,lw=1.5,r=0.04,w=0.25; a=1,lw=0.8,r=0.025,w=0.5; a=1,lw=0.5,r=0.015,w=0.5",0.05,120.0,0.2,0.01
five_level_weak_anharmonic,worstcap050_w120_mean02_worst05,0.03,static_only,0.0,0.0,47,0.9885732371777582,0.0025923058396202237,0.06603338995123875,0.020578421449385872,0.9999955123603387,0.0037565780318127118,120,123.49413094413467,0.32894528122818373,641,False,"worst-seed target push, cap 0.050, weight 120, mean leak 0.2, worst 0.5","a=0.8,lw=1.5,r=0.04,w=0.25; a=1,lw=0.8,r=0.025,w=0.5; a=1,lw=0.5,r=0.015,w=0.5",0.05,120.0,0.2,0.01
five_level_weak_anharmonic,worstcap050_w120_mean02_worst05,0.03,static_only,0.0,0.0,48,0.8931444164107034,0.0013784251476248732,0.07373991772475086,0.1153614617248466,0.9999940928723803,0.0037565780318127118,120,123.49413094413467,0.32894528122818373,641,False,"worst-seed target push, cap 0.050, weight 120, mean leak 0.2, worst 0.5","a=0.8,lw=1.5,r=0.04,w=0.25; a=1,lw=0.8,r=0.025,w=0.5; a=1,lw=0.5,r=0.015,w=0.5",0.05,120.0,0.2,0.01
five_level_weak_anharmonic,worstcap050_w120_mean02_worst05,0.03,static_only,0.0,0.0,49,0.991124627872877,0.0020953323197394624,0.07305338429399821,0.010499283894674725,0.9999955471528104,0.0037565780318127118,120,123.49413094413467,0.32894528122818373,641,False,"worst-seed target push, cap 0.050, weight 120, mean leak 0.2, worst 0.5","a=0.8,lw=1.5,r=0.04,w=0.25; a=1,lw=0.8,r=0.025,w=0.5; a=1,lw=0.5,r=0.015,w=0.5",0.05,120.0,0.2,0.01
five_level_weak_anharmonic,worstcap050_w120_mean02_worst05,0.03,static_only,0.0,0.0,50,0.9817227321107729,0.0048172238349595276,0.07543124660557377,0.015006228455486745,0.9999962996349165,0.0037565780318127118,120,123.49413094413467,0.32894528122818373,641,False,"worst-seed target push, cap 0.050, weight 120, mean leak 0.2, worst 0.5","a=0.8,lw=1.5,r=0.04,w=0.25; a=1,lw=0.8,r=0.025,w=0.5; a=1,lw=0.5,r=0.015,w=0.5",0.05,120.0,0.2,0.01
five_level_weak_anharmonic,worstcap050_w120_mean02_worst05,0.03,static_only,0.0,0.0,51,0.9684281156556152,0.0011845413509908864,0.07384264244292216,0.03211282489260188,0.9999952495134556,0.0037565780318127118,120,123.49413094413467,0.32894528122818373,641,False,"worst-seed target push, cap 0.050, weight 120, mean leak 0.2, worst 0.5","a=0.8,lw=1.5,r=0.04,w=0.25; a=1,lw=0.8,r=0.025,w=0.5; a=1,lw=0.5,r=0.015,w=0.5",0.05,120.0,0.2,0.01
five_level_weak_anharmonic,worstcap050_w120_mean02_worst05,0.03,static_only,0.0,0.0,52,0.9783381347848857,0.001129263750124898,0.06747856121887863,0.04502413449774705,0.9999950456040984,0.0037565780318127118,120,123.49413094413467,0.32894528122818373,641,False,"worst-seed target push, cap 0.050, weight 120, mean leak 0.2, worst 0.5","a=0.8,lw=1.5,r=0.04,w=0.25; a=1,lw=0.8,r=0.025,w=0.5; a=1,lw=0.5,r=0.015,w=0.5",0.05,120.0,0.2,0.01
five_level_weak_anharmonic,worstcap050_w120_mean02_worst05,0.03,static_only,0.0,0.0,53,0.9466291626845648,0.005749665841831453,0.07002131630330166,0.06545796537547467,0.9999953685238279,0.0037565780318127118,120,123.49413094413467,0.32894528122818373,641,False,"worst-seed target push, cap 0.050, weight 120, mean leak 0.2, worst 0.5","a=0.8,lw=1.5,r=0.04,w=0.25; a=1,lw=0.8,r=0.025,w=0.5; a=1,lw=0.5,r=0.015,w=0.5",0.05,120.0,0.2,0.01
five_level_weak_anharmonic,worstcap050_w120_mean02_worst05,0.03,static_only,0.0,0.0,54,0.958654321988163,0.008272105107429373,0.07267873993017704,0.05331263121545476,0.9999955141981933,0.0037565780318127118,120,123.49413094413467,0.32894528122818373,641,False,"worst-seed target push, cap 0.050, weight 120, mean leak 0.2, worst 0.5","a=0.8,lw=1.5,r=0.04,w=0.25; a=1,lw=0.8,r=0.025,w=0.5; a=1,lw=0.5,r=0.015,w=0.5",0.05,120.0,0.2,0.01
five_level_weak_anharmonic,worstcap050_w120_mean02_worst05,0.03,static_only,0.0,0.0,55,0.9596076685355333,0.0024526882025902585,0.07727263907980464,0.06171415915212124,0.9999960049723141,0.0037565780318127118,120,123.49413094413467,0.32894528122818373,641,False,"worst-seed target push, cap 0.050, weight 120, mean leak 0.2, worst 0.5","a=0.8,lw=1.5,r=0.04,w=0.25; a=1,lw=0.8,r=0.025,w=0.5; a=1,lw=0.5,r=0.015,w=0.5",0.05,120.0,0.2,0.01
five_level_weak_anharmonic,worstcap050_w120_mean02_worst05,0.03,static_only,0.0,0.0,56,0.952099722251195,0.009117710646023292,0.06839799883157394,0.06306532252650315,0.9999951562315331,0.0037565780318127118,120,123.49413094413467,0.32894528122818373,641,False,"worst-seed target push, cap 0.050, weight 120, mean leak 0.2, worst 0.5","a=0.8,lw=1.5,r=0.04,w=0.25; a=1,lw=0.8,r=0.025,w=0.5; a=1,lw=0.5,r=0.015,w=0.5",0.05,120.0,0.2,0.01
five_level_weak_anharmonic,worstcap050_w120_mean02_worst05,0.03,static_only,0.0,0.0,57,0.8971510820170947,0.002679371445699963,0.08588292210898585,0.05863175036418629,0.9999958583187926,0.0037565780318127118,120,123.49413094413467,0.32894528122818373,641,False,"worst-seed target push, cap 0.050, weight 120, mean leak 0.2, worst 0.5","a=0.8,lw=1.5,r=0.04,w=0.25; a=1,lw=0.8,r=0.025,w=0.5; a=1,lw=0.5,r=0.015,w=0.5",0.05,120.0,0.2,0.01
five_level_weak_anharmonic,worstcap050_w120_mean02_worst05,0.03,static_only,0.0,0.0,58,0.9927254975478944,0.0024005084999596527,0.05912081535086089,0.01728208865485392,0.9999958810358237,0.0037565780318127118,120,123.49413094413467,0.32894528122818373,641,False,"worst-seed target push, cap 0.050, weight 120, mean leak 0.2, worst 0.5","a=0.8,lw=1.5,r=0.04,w=0.25; a=1,lw=0.8,r=0.025,w=0.5; a=1,lw=0.5,r=0.015,w=0.5",0.05,120.0,0.2,0.01
five_level_weak_anharmonic,worstcap050_w120_mean02_worst05,0.03,static_only,0.0,0.0,59,0.9576080123299011,0.0037711222837248926,0.08526177105134214,0.061878567723410695,0.9999943315000115,0.0037565780318127118,120,123.49413094413467,0.32894528122818373,641,False,"worst-seed target push, cap 0.050, weight 120, mean leak 0.2, worst 0.5","a=0.8,lw=1.5,r=0.04,w=0.25; a=1,lw=0.8,r=0.025,w=0.5; a=1,lw=0.5,r=0.015,w=0.5",0.05,120.0,0.2,0.01
five_level_weak_anharmonic,worstcap050_w120_mean02_worst05,0.03,deph_0.001,0.001,0.0,10,0.8770241954731645,0.0027721405316707415,0.07061749947637319,0.11672817220310464,0.9846050680442209,0.0037565780318127118,120,123.49413094413467,0.32894528122818373,641,False,"worst-seed target push, cap 0.050, weight 120, mean leak 0.2, worst 0.5","a=0.8,lw=1.5,r=0.04,w=0.25; a=1,lw=0.8,r=0.025,w=0.5; a=1,lw=0.5,r=0.015,w=0.5",0.05,120.0,0.2,0.01
five_level_weak_anharmonic,worstcap050_w120_mean02_worst05,0.03,deph_0.001,0.001,0.0,11,0.9185485085252146,0.0028300385467397993,0.08222966692207534,0.10449157719554156,0.9842711523233416,0.0037565780318127118,120,123.49413094413467,0.32894528122818373,641,False,"worst-seed target push, cap 0.050, weight 120, mean leak 0.2, worst 0.5","a=0.8,lw=1.5,r=0.04,w=0.25; a=1,lw=0.8,r=0.025,w=0.5; a=1,lw=0.5,r=0.015,w=0.5",0.05,120.0,0.2,0.01
five_level_weak_anharmonic,worstcap050_w120_mean02_worst05,0.03,deph_0.001,0.001,0.0,12,0.9699574864109967,0.0047734406656708694,0.07364697601651415,0.06289217559662749,0.9868951752984324,0.0037565780318127118,120,123.49413094413467,0.32894528122818373,641,False,"worst-seed target push, cap 0.050, weight 120, mean leak 0.2, worst 0.5","a=0.8,lw=1.5,r=0.04,w=0.25; a=1,lw=0.8,r=0.025,w=0.5; a=1,lw=0.5,r=0.015,w=0.5",0.05,120.0,0.2,0.01
five_level_weak_anharmonic,worstcap050_w120_mean02_worst05,0.03,deph_0.001,0.001,0.0,13,0.9138531789144205,0.006271906905229274,0.06665039523514837,0.11970774357468462,0.9773432152546447,0.0037565780318127118,120,123.49413094413467,0.32894528122818373,641,False,"worst-seed target push, cap 0.050, weight 120, mean leak 0.2, worst 0.5","a=0.8,lw=1.5,r=0.04,w=0.25; a=1,lw=0.8,r=0.025,w=0.5; a=1,lw=0.5,r=0.015,w=0.5",0.05,120.0,0.2,0.01
five_level_weak_anharmonic,worstcap050_w120_mean02_worst05,0.03,deph_0.001,0.001,0.0,14,0.9205339776495826,0.0042696767776326805,0.06672364503754757,0.10783208848215706,0.9802493604450332,0.0037565780318127118,120,123.49413094413467,0.32894528122818373,641,False,"worst-seed target push, cap 0.050, weight 120, mean leak 0.2, worst 0.5","a=0.8,lw=1.5,r=0.04,w=0.25; a=1,lw=0.8,r=0.025,w=0.5; a=1,lw=0.5,r=0.015,w=0.5",0.05,120.0,0.2,0.01
five_level_weak_anharmonic,worstcap050_w120_mean02_worst05,0.03,deph_0.001,0.001,0.0,15,0.9834714582895505,0.00819244017718923,0.08179116372527984,0.017855203265521168,0.9862370397013613,0.0037565780318127118,120,123.49413094413467,0.32894528122818373,641,False,"worst-seed target push, cap 0.050, weight 120, mean leak 0.2, worst 0.5","a=0.8,lw=1.5,r=0.04,w=0.25; a=1,lw=0.8,r=0.025,w=0.5; a=1,lw=0.5,r=0.015,w=0.5",0.05,120.0,0.2,0.01
five_level_weak_anharmonic,worstcap050_w120_mean02_worst05,0.03,deph_0.001,0.001,0.0,16,0.9714475448044403,0.004150631815505013,0.08480900624482768,0.054002733843182806,0.9859124959683789,0.0037565780318127118,120,123.49413094413467,0.32894528122818373,641,False,"worst-seed target push, cap 0.050, weight 120, mean leak 0.2, worst 0.5","a=0.8,lw=1.5,r=0.04,w=0.25; a=1,lw=0.8,r=0.025,w=0.5; a=1,lw=0.5,r=0.015,w=0.5",0.05,120.0,0.2,0.01
five_level_weak_anharmonic,worstcap050_w120_mean02_worst05,0.03,deph_0.001,0.001,0.0,17,0.917398572574583,0.004096068594785729,0.06311691147607212,0.04884352267570782,0.9852594076677844,0.0037565780318127118,120,123.49413094413467,0.32894528122818373,641,False,"worst-seed target push, cap 0.050, weight 120, mean leak 0.2, worst 0.5","a=0.8,lw=1.5,r=0.04,w=0.25; a=1,lw=0.8,r=0.025,w=0.5; a=1,lw=0.5,r=0.015,w=0.5",0.05,120.0,0.2,0.01
five_level_weak_anharmonic,worstcap050_w120_mean02_worst05,0.03,deph_0.001,0.001,0.0,18,0.9743513812740229,0.005771835885609589,0.07006375502866746,0.019735795218637872,0.9860149868209644,0.0037565780318127118,120,123.49413094413467,0.32894528122818373,641,False,"worst-seed target push, cap 0.050, weight 120, mean leak 0.2, worst 0.5","a=0.8,lw=1.5,r=0.04,w=0.25; a=1,lw=0.8,r=0.025,w=0.5; a=1,lw=0.5,r=0.015,w=0.5",0.05,120.0,0.2,0.01
five_level_weak_anharmonic,worstcap050_w120_mean02_worst05,0.03,deph_0.001,0.001,0.0,19,0.9686528875124907,0.0035971825174434535,0.06378639356419036,0.06026304262524956,0.9869832841888129,0.0037565780318127118,120,123.49413094413467,0.32894528122818373,641,False,"worst-seed target push, cap 0.050, weight 120, mean leak 0.2, worst 0.5","a=0.8,lw=1.5,r=0.04,w=0.25; a=1,lw=0.8,r=0.025,w=0.5; a=1,lw=0.5,r=0.015,w=0.5",0.05,120.0,0.2,0.01
five_level_weak_anharmonic,worstcap050_w120_mean02_worst05,0.03,deph_0.001,0.001,0.0,20,0.932550148683175,0.0026788866471928463,0.07372753327974246,0.0868029061394104,0.9854111384810954,0.0037565780318127118,120,123.49413094413467,0.32894528122818373,641,False,"worst-seed target push, cap 0.050, weight 120, mean leak 0.2, worst 0.5","a=0.8,lw=1.5,r=0.04,w=0.25; a=1,lw=0.8,r=0.025,w=0.5; a=1,lw=0.5,r=0.015,w=0.5",0.05,120.0,0.2,0.01
five_level_weak_anharmonic,worstcap050_w120_mean02_worst05,0.03,deph_0.001,0.001,0.0,21,0.9779795602272747,0.004196045116734881,0.06075981613211501,0.03716392635361467,0.9877423941731523,0.0037565780318127118,120,123.49413094413467,0.32894528122818373,641,False,"worst-seed target push, cap 0.050, weight 120, mean leak 0.2, worst 0.5","a=0.8,lw=1.5,r=0.04,w=0.25; a=1,lw=0.8,r=0.025,w=0.5; a=1,lw=0.5,r=0.015,w=0.5",0.05,120.0,0.2,0.01
five_level_weak_anharmonic,worstcap050_w120_mean02_worst05,0.03,deph_0.001,0.001,0.0,22,0.9484229985559564,0.0029761215641459504,0.0698642357647764,0.07570909269457356,0.9855816965339438,0.0037565780318127118,120,123.49413094413467,0.32894528122818373,641,False,"worst-seed target push, cap 0.050, weight 120, mean leak 0.2, worst 0.5","a=0.8,lw=1.5,r=0.04,w=0.25; a=1,lw=0.8,r=0.025,w=0.5; a=1,lw=0.5,r=0.015,w=0.5",0.05,120.0,0.2,0.01
five_level_weak_anharmonic,worstcap050_w120_mean02_worst05,0.03,deph_0.001,0.001,0.0,23,0.97866309359928,0.004098121519498621,0.06480056617415941,0.042905967616264036,0.9861085285092788,0.0037565780318127118,120,123.49413094413467,0.32894528122818373,641,False,"worst-seed target push, cap 0.050, weight 120, mean leak 0.2, worst 0.5","a=0.8,lw=1.5,r=0.04,w=0.25; a=1,lw=0.8,r=0.025,w=0.5; a=1,lw=0.5,r=0.015,w=0.5",0.05,120.0,0.2,0.01
five_level_weak_anharmonic,worstcap050_w120_mean02_worst05,0.03,deph_0.001,0.001,0.0,24,0.9799810056916763,0.0030833523591146106,0.05940586539498316,0.024807567193800634,0.9854471123600991,0.0037565780318127118,120,123.49413094413467,0.32894528122818373,641,False,"worst-seed target push, cap 0.050, weight 120, mean leak 0.2, worst 0.5","a=0.8,lw=1.5,r=0.04,w=0.25; a=1,lw=0.8,r=0.025,w=0.5; a=1,lw=0.5,r=0.015,w=0.5",0.05,120.0,0.2,0.01
five_level_weak_anharmonic,worstcap050_w120_mean02_worst05,0.03,deph_0.001,0.001,0.0,25,0.9750796134747965,0.00262920771400621,0.066457534060689,0.039581584137689224,0.984591590604595,0.0037565780318127118,120,123.49413094413467,0.32894528122818373,641,False,"worst-seed target push, cap 0.050, weight 120, mean leak 0.2, worst 0.5","a=0.8,lw=1.5,r=0.04,w=0.25; a=1,lw=0.8,r=0.025,w=0.5; a=1,lw=0.5,r=0.015,w=0.5",0.05,120.0,0.2,0.01
five_level_weak_anharmonic,worstcap050_w120_mean02_worst05,0.03,deph_0.001,0.001,0.0,26,0.9861095384574451,0.005542765067251487,0.07567967921519592,0.02390140413581162,0.9859087946113481,0.0037565780318127118,120,123.49413094413467,0.32894528122818373,641,False,"worst-seed target push, cap 0.050, weight 120, mean leak 0.2, worst 0.5","a=0.8,lw=1.5,r=0.04,w=0.25; a=1,lw=0.8,r=0.025,w=0.5; a=1,lw=0.5,r=0.015,w=0.5",0.05,120.0,0.2,0.01
five_level_weak_anharmonic,worstcap050_w120_mean02_worst05,0.03,deph_0.001,0.001,0.0,27,0.9702947459832364,0.00527479551890786,0.06298764858626704,0.026300276781041583,0.9850056695621902,0.0037565780318127118,120,123.49413094413467,0.32894528122818373,641,False,"worst-seed target push, cap 0.050, weight 120, mean leak 0.2, worst 0.5","a=0.8,lw=1.5,r=0.04,w=0.25; a=1,lw=0.8,r=0.025,w=0.5; a=1,lw=0.5,r=0.015,w=0.5",0.05,120.0,0.2,0.01
five_level_weak_anharmonic,worstcap050_w120_mean02_worst05,0.03,deph_0.001,0.001,0.0,28,0.9393455628796398,0.002763168812885075,0.08079459582227755,0.08459352184620483,0.9855901202523426,0.0037565780318127118,120,123.49413094413467,0.32894528122818373,641,False,"worst-seed target push, cap 0.050, weight 120, mean leak 0.2, worst 0.5","a=0.8,lw=1.5,r=0.04,w=0.25; a=1,lw=0.8,r=0.025,w=0.5; a=1,lw=0.5,r=0.015,w=0.5",0.05,120.0,0.2,0.01
five_level_weak_anharmonic,worstcap050_w120_mean02_worst05,0.03,deph_0.001,0.001,0.0,29,0.9662815609937283,0.004158949218751706,0.06193294332106092,0.045896038181636775,0.9869440282316939,0.0037565780318127118,120,123.49413094413467,0.32894528122818373,641,False,"worst-seed target push, cap 0.050, weight 120, mean leak 0.2, worst 0.5","a=0.8,lw=1.5,r=0.04,w=0.25; a=1,lw=0.8,r=0.025,w=0.5; a=1,lw=0.5,r=0.015,w=0.5",0.05,120.0,0.2,0.01
five_level_weak_anharmonic,worstcap050_w120_mean02_worst05,0.03,deph_0.001,0.001,0.0,30,0.9854293509315989,0.0021244180184005756,0.06469000401186742,0.017921436970581704,0.9848427278252847,0.0037565780318127118,120,123.49413094413467,0.32894528122818373,641,False,"worst-seed target push, cap 0.050, weight 120, mean leak 0.2, worst 0.5","a=0.8,lw=1.5,r=0.04,w=0.25; a=1,lw=0.8,r=0.025,w=0.5; a=1,lw=0.5,r=0.015,w=0.5",0.05,120.0,0.2,0.01
five_level_weak_anharmonic,worstcap050_w120_mean02_worst05,0.03,deph_0.001,0.001,0.0,31,0.9208570259677553,0.0051236672373874415,0.08883341210545881,0.09891420383028823,0.9839929111950777,0.0037565780318127118,120,123.49413094413467,0.32894528122818373,641,False,"worst-seed target push, cap 0.050, weight 120, mean leak 0.2, worst 0.5","a=0.8,lw=1.5,r=0.04,w=0.25; a=1,lw=0.8,r=0.025,w=0.5; a=1,lw=0.5,r=0.015,w=0.5",0.05,120.0,0.2,0.01
five_level_weak_anharmonic,worstcap050_w120_mean02_worst05,0.03,deph_0.001,0.001,0.0,32,0.952164531390568,0.0022032438710449798,0.06929074744799801,0.06857869856579492,0.9854264288145764,0.0037565780318127118,120,123.49413094413467,0.32894528122818373,641,False,"worst-seed target push, cap 0.050, weight 120, mean leak 0.2, worst 0.5","a=0.8,lw=1.5,r=0.04,w=0.25; a=1,lw=0.8,r=0.025,w=0.5; a=1,lw=0.5,r=0.015,w=0.5",0.05,120.0,0.2,0.01
five_level_weak_anharmonic,worstcap050_w120_mean02_worst05,0.03,deph_0.001,0.001,0.0,33,0.9778164310799068,0.0062149603649886975,0.06738875387534615,0.018861864217691097,0.9842756286249768,0.0037565780318127118,120,123.49413094413467,0.32894528122818373,641,False,"worst-seed target push, cap 0.050, weight 120, mean leak 0.2, worst 0.5","a=0.8,lw=1.5,r=0.04,w=0.25; a=1,lw=0.8,r=0.025,w=0.5; a=1,lw=0.5,r=0.015,w=0.5",0.05,120.0,0.2,0.01
five_level_weak_anharmonic,worstcap050_w120_mean02_worst05,0.03,deph_0.001,0.001,0.0,34,0.9857749098766898,0.007076812065256011,0.08140142359323088,0.02780111136222395,0.9842920761293742,0.0037565780318127118,120,123.49413094413467,0.32894528122818373,641,False,"worst-seed target push, cap 0.050, weight 120, mean leak 0.2, worst 0.5","a=0.8,lw=1.5,r=0.04,w=0.25; a=1,lw=0.8,r=0.025,w=0.5; a=1,lw=0.5,r=0.015,w=0.5",0.05,120.0,0.2,0.01
five_level_weak_anharmonic,worstcap050_w120_mean02_worst05,0.03,deph_0.001,0.001,0.0,35,0.9144770442427574,0.0038102996563038616,0.08318234438659755,0.0843389732869171,0.9845788027826319,0.0037565780318127118,120,123.49413094413467,0.32894528122818373,641,False,"worst-seed target push, cap 0.050, weight 120, mean leak 0.2, worst 0.5","a=0.8,lw=1.5,r=0.04,w=0.25; a=1,lw=0.8,r=0.025,w=0.5; a=1,lw=0.5,r=0.015,w=0.5",0.05,120.0,0.2,0.01
five_level_weak_anharmonic,worstcap050_w120_mean02_worst05,0.03,deph_0.001,0.001,0.0,36,0.9761228721701273,0.0032343217340603525,0.07346170855738388,0.04177737625878768,0.9866707041618682,0.0037565780318127118,120,123.49413094413467,0.32894528122818373,641,False,"worst-seed target push, cap 0.050, weight 120, mean leak 0.2, worst 0.5","a=0.8,lw=1.5,r=0.04,w=0.25; a=1,lw=0.8,r=0.025,w=0.5; a=1,lw=0.5,r=0.015,w=0.5",0.05,120.0,0.2,0.01
five_level_weak_anharmonic,worstcap050_w120_mean02_worst05,0.03,deph_0.001,0.001,0.0,37,0.8262612982819894,0.002226191088596341,0.053836770969865055,0.10965482633616984,0.9819909191005086,0.0037565780318127118,120,123.49413094413467,0.32894528122818373,641,False,"worst-seed target push, cap 0.050, weight 120, mean leak 0.2, worst 0.5","a=0.8,lw=1.5,r=0.04,w=0.25; a=1,lw=0.8,r=0.025,w=0.5; a=1,lw=0.5,r=0.015,w=0.5",0.05,120.0,0.2,0.01
five_level_weak_anharmonic,worstcap050_w120_mean02_worst05,0.03,deph_0.001,0.001,0.0,38,0.9791581423750206,0.004305970103079426,0.05870647805906182,0.04241168432958647,0.9826533889805729,0.0037565780318127118,120,123.49413094413467,0.32894528122818373,641,False,"worst-seed target push, cap 0.050, weight 120, mean leak 0.2, worst 0.5","a=0.8,lw=1.5,r=0.04,w=0.25; a=1,lw=0.8,r=0.025,w=0.5; a=1,lw=0.5,r=0.015,w=0.5",0.05,120.0,0.2,0.01
five_level_weak_anharmonic,worstcap050_w120_mean02_worst05,0.03,deph_0.001,0.001,0.0,39,0.9789027036363468,0.005132236492211173,0.0763617346877441,0.03675238542718981,0.9855889706452916,0.0037565780318127118,120,123.49413094413467,0.32894528122818373,641,False,"worst-seed target push, cap 0.050, weight 120, mean leak 0.2, worst 0.5","a=0.8,lw=1.5,r=0.04,w=0.25; a=1,lw=0.8,r=0.025,w=0.5; a=1,lw=0.5,r=0.015,w=0.5",0.05,120.0,0.2,0.01
five_level_weak_anharmonic,worstcap050_w120_mean02_worst05,0.03,deph_0.001,0.001,0.0,40,0.981630707425487,0.0040095701400351125,0.07329707642192551,0.03247141363079641,0.9872137377737988,0.0037565780318127118,120,123.49413094413467,0.32894528122818373,641,False,"worst-seed target push, cap 0.050, weight 120, mean leak 0.2, worst 0.5","a=0.8,lw=1.5,r=0.04,w=0.25; a=1,lw=0.8,r=0.025,w=0.5; a=1,lw=0.5,r=0.015,w=0.5",0.05,120.0,0.2,0.01
five_level_weak_anharmonic,worstcap050_w120_mean02_worst05,0.03,deph_0.001,0.001,0.0,41,0.9658847328027779,0.002144316237618238,0.07097226013947233,0.05779842968585505,0.9866535831759609,0.0037565780318127118,120,123.49413094413467,0.32894528122818373,641,False,"worst-seed target push, cap 0.050, weight 120, mean leak 0.2, worst 0.5","a=0.8,lw=1.5,r=0.04,w=0.25; a=1,lw=0.8,r=0.025,w=0.5; a=1,lw=0.5,r=0.015,w=0.5",0.05,120.0,0.2,0.01
five_level_weak_anharmonic,worstcap050_w120_mean02_worst05,0.03,deph_0.001,0.001,0.0,42,0.9651003321429152,0.0033626120739199683,0.06959337429184353,0.052157275584565024,0.9848860792395124,0.0037565780318127118,120,123.49413094413467,0.32894528122818373,641,False,"worst-seed target push, cap 0.050, weight 120, mean leak 0.2, worst 0.5","a=0.8,lw=1.5,r=0.04,w=0.25; a=1,lw=0.8,r=0.025,w=0.5; a=1,lw=0.5,r=0.015,w=0.5",0.05,120.0,0.2,0.01
five_level_weak_anharmonic,worstcap050_w120_mean02_worst05,0.03,deph_0.001,0.001,0.0,43,0.9669703785471638,0.0029757650508637212,0.059880080987807505,0.04094680687213634,0.985757234865167,0.0037565780318127118,120,123.49413094413467,0.32894528122818373,641,False,"worst-seed target push, cap 0.050, weight 120, mean leak 0.2, worst 0.5","a=0.8,lw=1.5,r=0.04,w=0.25; a=1,lw=0.8,r=0.025,w=0.5; a=1,lw=0.5,r=0.015,w=0.5",0.05,120.0,0.2,0.01
five_level_weak_anharmonic,worstcap050_w120_mean02_worst05,0.03,deph_0.001,0.001,0.0,44,0.9542589502674944,0.004815148984773865,0.05761435379931856,0.06392158642542295,0.9824985156904619,0.0037565780318127118,120,123.49413094413467,0.32894528122818373,641,False,"worst-seed target push, cap 0.050, weight 120, mean leak 0.2, worst 0.5","a=0.8,lw=1.5,r=0.04,w=0.25; a=1,lw=0.8,r=0.025,w=0.5; a=1,lw=0.5,r=0.015,w=0.5",0.05,120.0,0.2,0.01
five_level_weak_anharmonic,worstcap050_w120_mean02_worst05,0.03,deph_0.001,0.001,0.0,45,0.9855959834266279,0.005126324294572715,0.07989853581607964,0.029649206542907078,0.9850623325771847,0.0037565780318127118,120,123.49413094413467,0.32894528122818373,641,False,"worst-seed target push, cap 0.050, weight 120, mean leak 0.2, worst 0.5","a=0.8,lw=1.5,r=0.04,w=0.25; a=1,lw=0.8,r=0.025,w=0.5; a=1,lw=0.5,r=0.015,w=0.5",0.05,120.0,0.2,0.01
five_level_weak_anharmonic,worstcap050_w120_mean02_worst05,0.03,deph_0.001,0.001,0.0,46,0.977975877559432,0.0025699906192159228,0.062065324669765,0.040635305195375004,0.9879079490552505,0.0037565780318127118,120,123.49413094413467,0.32894528122818373,641,False,"worst-seed target push, cap 0.050, weight 120, mean leak 0.2, worst 0.5","a=0.8,lw=1.5,r=0.04,w=0.25; a=1,lw=0.8,r=0.025,w=0.5; a=1,lw=0.5,r=0.015,w=0.5",0.05,120.0,0.2,0.01
five_level_weak_anharmonic,worstcap050_w120_mean02_worst05,0.03,deph_0.001,0.001,0.0,47,0.9831076393093793,0.0038103901196290257,0.06650905012693642,0.025925733964546872,0.9881371631282558,0.0037565780318127118,120,123.49413094413467,0.32894528122818373,641,False,"worst-seed target push, cap 0.050, weight 120, mean leak 0.2, worst 0.5","a=0.8,lw=1.5,r=0.04,w=0.25; a=1,lw=0.8,r=0.025,w=0.5; a=1,lw=0.5,r=0.015,w=0.5",0.05,120.0,0.2,0.01
five_level_weak_anharmonic,worstcap050_w120_mean02_worst05,0.03,deph_0.001,0.001,0.0,48,0.8887123266008644,0.0028111416060417893,0.07443350980918106,0.1196246932614851,0.9844889939557634,0.0037565780318127118,120,123.49413094413467,0.32894528122818373,641,False,"worst-seed target push, cap 0.050, weight 120, mean leak 0.2, worst 0.5","a=0.8,lw=1.5,r=0.04,w=0.25; a=1,lw=0.8,r=0.025,w=0.5; a=1,lw=0.5,r=0.015,w=0.5",0.05,120.0,0.2,0.01
five_level_weak_anharmonic,worstcap050_w120_mean02_worst05,0.03,deph_0.001,0.001,0.0,49,0.9853945377748935,0.003524321603965319,0.07363158993897267,0.016317835814189913,0.9874656228219646,0.0037565780318127118,120,123.49413094413467,0.32894528122818373,641,False,"worst-seed target push, cap 0.050, weight 120, mean leak 0.2, worst 0.5","a=0.8,lw=1.5,r=0.04,w=0.25; a=1,lw=0.8,r=0.025,w=0.5; a=1,lw=0.5,r=0.015,w=0.5",0.05,120.0,0.2,0.01
five_level_weak_anharmonic,worstcap050_w120_mean02_worst05,0.03,deph_0.001,0.001,0.0,50,0.9753429815699618,0.006171672173847287,0.07599115422119262,0.02165333468096919,0.98500356381112,0.0037565780318127118,120,123.49413094413467,0.32894528122818373,641,False,"worst-seed target push, cap 0.050, weight 120, mean leak 0.2, worst 0.5","a=0.8,lw=1.5,r=0.04,w=0.25; a=1,lw=0.8,r=0.025,w=0.5; a=1,lw=0.5,r=0.015,w=0.5",0.05,120.0,0.2,0.01
five_level_weak_anharmonic,worstcap050_w120_mean02_worst05,0.03,deph_0.001,0.001,0.0,51,0.9625317875782354,0.0029414164334311543,0.07455236672100973,0.0380884697819745,0.986260708168255,0.0037565780318127118,120,123.49413094413467,0.32894528122818373,641,False,"worst-seed target push, cap 0.050, weight 120, mean leak 0.2, worst 0.5","a=0.8,lw=1.5,r=0.04,w=0.25; a=1,lw=0.8,r=0.025,w=0.5; a=1,lw=0.5,r=0.015,w=0.5",0.05,120.0,0.2,0.01
five_level_weak_anharmonic,worstcap050_w120_mean02_worst05,0.03,deph_0.001,0.001,0.0,52,0.9726333111998849,0.0026799998920359336,0.06739804079294964,0.05018419113248955,0.9871951004634142,0.0037565780318127118,120,123.49413094413467,0.32894528122818373,641,False,"worst-seed target push, cap 0.050, weight 120, mean leak 0.2, worst 0.5","a=0.8,lw=1.5,r=0.04,w=0.25; a=1,lw=0.8,r=0.025,w=0.5; a=1,lw=0.5,r=0.015,w=0.5",0.05,120.0,0.2,0.01
five_level_weak_anharmonic,worstcap050_w120_mean02_worst05,0.03,deph_0.001,0.001,0.0,53,0.9406883410979276,0.006968825926380373,0.06991991885601345,0.07131124175777227,0.9824821476150355,0.0037565780318127118,120,123.49413094413467,0.32894528122818373,641,False,"worst-seed target push, cap 0.050, weight 120, mean leak 0.2, worst 0.5","a=0.8,lw=1.5,r=0.04,w=0.25; a=1,lw=0.8,r=0.025,w=0.5; a=1,lw=0.5,r=0.015,w=0.5",0.05,120.0,0.2,0.01
five_level_weak_anharmonic,worstcap050_w120_mean02_worst05,0.03,deph_0.001,0.001,0.0,54,0.9523646468551722,0.009616208320070818,0.07326794167948081,0.05958196617784953,0.983729577814048,0.0037565780318127118,120,123.49413094413467,0.32894528122818373,641,False,"worst-seed target push, cap 0.050, weight 120, mean leak 0.2, worst 0.5","a=0.8,lw=1.5,r=0.04,w=0.25; a=1,lw=0.8,r=0.025,w=0.5; a=1,lw=0.5,r=0.015,w=0.5",0.05,120.0,0.2,0.01
five_level_weak_anharmonic,worstcap050_w120_mean02_worst05,0.03,deph_0.001,0.001,0.0,55,0.9516014244397142,0.003781898959074992,0.07786525797303034,0.06905318593709618,0.9812655628383561,0.0037565780318127118,120,123.49413094413467,0.32894528122818373,641,False,"worst-seed target push, cap 0.050, weight 120, mean leak 0.2, worst 0.5","a=0.8,lw=1.5,r=0.04,w=0.25; a=1,lw=0.8,r=0.025,w=0.5; a=1,lw=0.5,r=0.015,w=0.5",0.05,120.0,0.2,0.01
five_level_weak_anharmonic,worstcap050_w120_mean02_worst05,0.03,deph_0.001,0.001,0.0,56,0.9462869773631373,0.01033480464042813,0.06829822380688522,0.06880644179750331,0.9845075259095015,0.0037565780318127118,120,123.49413094413467,0.32894528122818373,641,False,"worst-seed target push, cap 0.050, weight 120, mean leak 0.2, worst 0.5","a=0.8,lw=1.5,r=0.04,w=0.25; a=1,lw=0.8,r=0.025,w=0.5; a=1,lw=0.5,r=0.015,w=0.5",0.05,120.0,0.2,0.01
five_level_weak_anharmonic,worstcap050_w120_mean02_worst05,0.03,deph_0.001,0.001,0.0,57,0.8925646680862626,0.00460269734593588,0.08647007109460447,0.06445577833415417,0.9830996621840797,0.0037565780318127118,120,123.49413094413467,0.32894528122818373,641,False,"worst-seed target push, cap 0.050, weight 120, mean leak 0.2, worst 0.5","a=0.8,lw=1.5,r=0.04,w=0.25; a=1,lw=0.8,r=0.025,w=0.5; a=1,lw=0.5,r=0.015,w=0.5",0.05,120.0,0.2,0.01
five_level_weak_anharmonic,worstcap050_w120_mean02_worst05,0.03,deph_0.001,0.001,0.0,58,0.9868228400714375,0.003580057378749002,0.059606300105617405,0.02306804703821944,0.9875500611459038,0.0037565780318127118,120,123.49413094413467,0.32894528122818373,641,False,"worst-seed target push, cap 0.050, weight 120, mean leak 0.2, worst 0.5","a=0.8,lw=1.5,r=0.04,w=0.25; a=1,lw=0.8,r=0.025,w=0.5; a=1,lw=0.5,r=0.015,w=0.5",0.05,120.0,0.2,0.01
five_level_weak_anharmonic,worstcap050_w120_mean02_worst05,0.03,deph_0.001,0.001,0.0,59,0.9521539628790969,0.005299743777093302,0.08585250740112116,0.06700542599992045,0.9857058894405701,0.0037565780318127118,120,123.49413094413467,0.32894528122818373,641,False,"worst-seed target push, cap 0.050, weight 120, mean leak 0.2, worst 0.5","a=0.8,lw=1.5,r=0.04,w=0.25; a=1,lw=0.8,r=0.025,w=0.5; a=1,lw=0.5,r=0.015,w=0.5",0.05,120.0,0.2,0.01
five_level_weak_anharmonic,worstcap050_w120_mean02_worst05,0.03,relax_0.0005,0.0,0.0005,10,0.8665812717555315,0.0013913271152419249,0.06985244567981819,0.1244454450162561,0.9627959346599257,0.0037565780318127118,120,123.49413094413467,0.32894528122818373,641,False,"worst-seed target push, cap 0.050, weight 120, mean leak 0.2, worst 0.5","a=0.8,lw=1.5,r=0.04,w=0.25; a=1,lw=0.8,r=0.025,w=0.5; a=1,lw=0.5,r=0.015,w=0.5",0.05,120.0,0.2,0.01
five_level_weak_anharmonic,worstcap050_w120_mean02_worst05,0.03,relax_0.0005,0.0,0.0005,11,0.9064666183573793,0.0013188956589351708,0.08116718373572651,0.11363705997287671,0.9620243320699566,0.0037565780318127118,120,123.49413094413467,0.32894528122818373,641,False,"worst-seed target push, cap 0.050, weight 120, mean leak 0.2, worst 0.5","a=0.8,lw=1.5,r=0.04,w=0.25; a=1,lw=0.8,r=0.025,w=0.5; a=1,lw=0.5,r=0.015,w=0.5",0.05,120.0,0.2,0.01
five_level_weak_anharmonic,worstcap050_w120_mean02_worst05,0.03,relax_0.0005,0.0,0.0005,12,0.9542387883280842,0.003342277585795417,0.07276639528183648,0.07580992371983138,0.9593121210790571,0.0037565780318127118,120,123.49413094413467,0.32894528122818373,641,False,"worst-seed target push, cap 0.050, weight 120, mean leak 0.2, worst 0.5","a=0.8,lw=1.5,r=0.04,w=0.25; a=1,lw=0.8,r=0.025,w=0.5; a=1,lw=0.5,r=0.015,w=0.5",0.05,120.0,0.2,0.01
five_level_weak_anharmonic,worstcap050_w120_mean02_worst05,0.03,relax_0.0005,0.0,0.0005,13,0.9061242259208961,0.005053177312367985,0.06591601024278337,0.12547474182068463,0.9718450946459726,0.0037565780318127118,120,123.49413094413467,0.32894528122818373,641,False,"worst-seed target push, cap 0.050, weight 120, mean leak 0.2, worst 0.5","a=0.8,lw=1.5,r=0.04,w=0.25; a=1,lw=0.8,r=0.025,w=0.5; a=1,lw=0.5,r=0.015,w=0.5",0.05,120.0,0.2,0.01
five_level_weak_anharmonic,worstcap050_w120_mean02_worst05,0.03,relax_0.0005,0.0,0.0005,14,0.9118246956943206,0.0031394339688404216,0.0666603517243235,0.11404159173737247,0.9680253082196771,0.0037565780318127118,120,123.49413094413467,0.32894528122818373,641,False,"worst-seed target push, cap 0.050, weight 120, mean leak 0.2, worst 0.5","a=0.8,lw=1.5,r=0.04,w=0.25; a=1,lw=0.8,r=0.025,w=0.5; a=1,lw=0.5,r=0.015,w=0.5",0.05,120.0,0.2,0.01
five_level_weak_anharmonic,worstcap050_w120_mean02_worst05,0.03,relax_0.0005,0.0,0.0005,15,0.9694834103960298,0.006376473778573533,0.08075729425586209,0.028343375501608217,0.9598261810280628,0.0037565780318127118,120,123.49413094413467,0.32894528122818373,641,False,"worst-seed target push, cap 0.050, weight 120, mean leak 0.2, worst 0.5","a=0.8,lw=1.5,r=0.04,w=0.25; a=1,lw=0.8,r=0.025,w=0.5; a=1,lw=0.5,r=0.015,w=0.5",0.05,120.0,0.2,0.01
five_level_weak_anharmonic,worstcap050_w120_mean02_worst05,0.03,relax_0.0005,0.0,0.0005,16,0.9580671964287704,0.002491364677767116,0.0840103573712554,0.06415478306518822,0.9599822932583363,0.0037565780318127118,120,123.49413094413467,0.32894528122818373,641,False,"worst-seed target push, cap 0.050, weight 120, mean leak 0.2, worst 0.5","a=0.8,lw=1.5,r=0.04,w=0.25; a=1,lw=0.8,r=0.025,w=0.5; a=1,lw=0.5,r=0.015,w=0.5",0.05,120.0,0.2,0.01
five_level_weak_anharmonic,worstcap050_w120_mean02_worst05,0.03,relax_0.0005,0.0,0.0005,17,0.9017896738744224,0.0028715146371859346,0.062429764593153525,0.06092914388542938,0.9614644349384445,0.0037565780318127118,120,123.49413094413467,0.32894528122818373,641,False,"worst-seed target push, cap 0.050, weight 120, mean leak 0.2, worst 0.5","a=0.8,lw=1.5,r=0.04,w=0.25; a=1,lw=0.8,r=0.025,w=0.5; a=1,lw=0.5,r=0.015,w=0.5",0.05,120.0,0.2,0.01
five_level_weak_anharmonic,worstcap050_w120_mean02_worst05,0.03,relax_0.0005,0.0,0.0005,18,0.9605511588783331,0.004326346532524061,0.06923335954996879,0.030039067291140826,0.9605092042567109,0.0037565780318127118,120,123.49413094413467,0.32894528122818373,641,False,"worst-seed target push, cap 0.050, weight 120, mean leak 0.2, worst 0.5","a=0.8,lw=1.5,r=0.04,w=0.25; a=1,lw=0.8,r=0.025,w=0.5; a=1,lw=0.5,r=0.015,w=0.5",0.05,120.0,0.2,0.01
five_level_weak_anharmonic,worstcap050_w120_mean02_worst05,0.03,relax_0.0005,0.0,0.0005,19,0.9532240063283396,0.0021681224668410604,0.06371839235731347,0.07279232712999242,0.9591968378268022,0.0037565780318127118,120,123.49413094413467,0.32894528122818373,641,False,"worst-seed target push, cap 0.050, weight 120, mean leak 0.2, worst 0.5","a=0.8,lw=1.5,r=0.04,w=0.25; a=1,lw=0.8,r=0.025,w=0.5; a=1,lw=0.5,r=0.015,w=0.5",0.05,120.0,0.2,0.01
five_level_weak_anharmonic,worstcap050_w120_mean02_worst05,0.03,relax_0.0005,0.0,0.0005,20,0.9176064939467361,0.001118016781556097,0.07268157666466846,0.0986844771679274,0.960661518299738,0.0037565780318127118,120,123.49413094413467,0.32894528122818373,641,False,"worst-seed target push, cap 0.050, weight 120, mean leak 0.2, worst 0.5","a=0.8,lw=1.5,r=0.04,w=0.25; a=1,lw=0.8,r=0.025,w=0.5; a=1,lw=0.5,r=0.015,w=0.5",0.05,120.0,0.2,0.01
five_level_weak_anharmonic,worstcap050_w120_mean02_worst05,0.03,relax_0.0005,0.0,0.0005,21,0.9627822192091592,0.0029053484371676097,0.05998523703754444,0.04912955404743389,0.9587558883206307,0.0037565780318127118,120,123.49413094413467,0.32894528122818373,641,False,"worst-seed target push, cap 0.050, weight 120, mean leak 0.2, worst 0.5","a=0.8,lw=1.5,r=0.04,w=0.25; a=1,lw=0.8,r=0.025,w=0.5; a=1,lw=0.5,r=0.015,w=0.5",0.05,120.0,0.2,0.01
five_level_weak_anharmonic,worstcap050_w120_mean02_worst05,0.03,relax_0.0005,0.0,0.0005,22,0.9358987973186184,0.0015177502688226152,0.06974736188110031,0.08517647886106872,0.9610336704110995,0.0037565780318127118,120,123.49413094413467,0.32894528122818373,641,False,"worst-seed target push, cap 0.050, weight 120, mean leak 0.2, worst 0.5","a=0.8,lw=1.5,r=0.04,w=0.25; a=1,lw=0.8,r=0.025,w=0.5; a=1,lw=0.5,r=0.015,w=0.5",0.05,120.0,0.2,0.01
five_level_weak_anharmonic,worstcap050_w120_mean02_worst05,0.03,relax_0.0005,0.0,0.0005,23,0.9660090431307812,0.002827358823136672,0.0641065626479671,0.052239707962491035,0.9608449380001702,0.0037565780318127118,120,123.49413094413467,0.32894528122818373,641,False,"worst-seed target push, cap 0.050, weight 120, mean leak 0.2, worst 0.5","a=0.8,lw=1.5,r=0.04,w=0.25; a=1,lw=0.8,r=0.025,w=0.5; a=1,lw=0.5,r=0.015,w=0.5",0.05,120.0,0.2,0.01
five_level_weak_anharmonic,worstcap050_w120_mean02_worst05,0.03,relax_0.0005,0.0,0.0005,24,0.9663963278338968,0.0018422346445685633,0.0593314983701172,0.034936077111293325,0.9620299979365218,0.0037565780318127118,120,123.49413094413467,0.32894528122818373,641,False,"worst-seed target push, cap 0.050, weight 120, mean leak 0.2, worst 0.5","a=0.8,lw=1.5,r=0.04,w=0.25; a=1,lw=0.8,r=0.025,w=0.5; a=1,lw=0.5,r=0.015,w=0.5",0.05,120.0,0.2,0.01
five_level_weak_anharmonic,worstcap050_w120_mean02_worst05,0.03,relax_0.0005,0.0,0.0005,25,0.9622647112417393,0.0013446226555839935,0.06639623827084651,0.04898367214356296,0.9626271248162118,0.0037565780318127118,120,123.49413094413467,0.32894528122818373,641,False,"worst-seed target push, cap 0.050, weight 120, mean leak 0.2, worst 0.5","a=0.8,lw=1.5,r=0.04,w=0.25; a=1,lw=0.8,r=0.025,w=0.5; a=1,lw=0.5,r=0.015,w=0.5",0.05,120.0,0.2,0.01
five_level_weak_anharmonic,worstcap050_w120_mean02_worst05,0.03,relax_0.0005,0.0,0.0005,26,0.9734677569710025,0.003945972838741096,0.07492165660900296,0.033147003222283186,0.9608620714741903,0.0037565780318127118,120,123.49413094413467,0.32894528122818373,641,False,"worst-seed target push, cap 0.050, weight 120, mean leak 0.2, worst 0.5","a=0.8,lw=1.5,r=0.04,w=0.25; a=1,lw=0.8,r=0.025,w=0.5; a=1,lw=0.5,r=0.015,w=0.5",0.05,120.0,0.2,0.01
five_level_weak_anharmonic,worstcap050_w120_mean02_worst05,0.03,relax_0.0005,0.0,0.0005,27,0.9564725383773068,0.0039950799109120805,0.06230273847350154,0.036631285434877855,0.9620620301456929,0.0037565780318127118,120,123.49413094413467,0.32894528122818373,641,False,"worst-seed target push, cap 0.050, weight 120, mean leak 0.2, worst 0.5","a=0.8,lw=1.5,r=0.04,w=0.25; a=1,lw=0.8,r=0.025,w=0.5; a=1,lw=0.5,r=0.015,w=0.5",0.05,120.0,0.2,0.01
five_level_weak_anharmonic,worstcap050_w120_mean02_worst05,0.03,relax_0.0005,0.0,0.0005,28,0.9266709671840967,0.0013706754006030941,0.0797207404979422,0.0941148644216667,0.961162706168331,0.0037565780318127118,120,123.49413094413467,0.32894528122818373,641,False,"worst-seed target push, cap 0.050, weight 120, mean leak 0.2, worst 0.5","a=0.8,lw=1.5,r=0.04,w=0.25; a=1,lw=0.8,r=0.025,w=0.5; a=1,lw=0.5,r=0.015,w=0.5",0.05,120.0,0.2,0.01
five_level_weak_anharmonic,worstcap050_w120_mean02_worst05,0.03,relax_0.0005,0.0,0.0005,29,0.9529283940373083,0.002957695868782917,0.061273912999317726,0.05589452340955831,0.9606625297115106,0.0037565780318127118,120,123.49413094413467,0.32894528122818373,641,False,"worst-seed target push, cap 0.050, weight 120, mean leak 0.2, worst 0.5","a=0.8,lw=1.5,r=0.04,w=0.25; a=1,lw=0.8,r=0.025,w=0.5; a=1,lw=0.5,r=0.015,w=0.5",0.05,120.0,0.2,0.01
five_level_weak_anharmonic,worstcap050_w120_mean02_worst05,0.03,relax_0.0005,0.0,0.0005,30,0.9728968006525993,0.00090793058747074,0.06462559274547186,0.027383376197838673,0.9627508945241127,0.0037565780318127118,120,123.49413094413467,0.32894528122818373,641,False,"worst-seed target push, cap 0.050, weight 120, mean leak 0.2, worst 0.5","a=0.8,lw=1.5,r=0.04,w=0.25; a=1,lw=0.8,r=0.025,w=0.5; a=1,lw=0.5,r=0.015,w=0.5",0.05,120.0,0.2,0.01
five_level_weak_anharmonic,worstcap050_w120_mean02_worst05,0.03,relax_0.0005,0.0,0.0005,31,0.9095791645581466,0.0036718186134561126,0.08799263254277745,0.10722349570338449,0.9624189180485698,0.0037565780318127118,120,123.49413094413467,0.32894528122818373,641,False,"worst-seed target push, cap 0.050, weight 120, mean leak 0.2, worst 0.5","a=0.8,lw=1.5,r=0.04,w=0.25; a=1,lw=0.8,r=0.025,w=0.5; a=1,lw=0.5,r=0.015,w=0.5",0.05,120.0,0.2,0.01
five_level_weak_anharmonic,worstcap050_w120_mean02_worst05,0.03,relax_0.0005,0.0,0.0005,32,0.9394501488352057,0.000794263014298191,0.06921557254963884,0.07813366685199513,0.9611281517134521,0.0037565780318127118,120,123.49413094413467,0.32894528122818373,641,False,"worst-seed target push, cap 0.050, weight 120, mean leak 0.2, worst 0.5","a=0.8,lw=1.5,r=0.04,w=0.25; a=1,lw=0.8,r=0.025,w=0.5; a=1,lw=0.5,r=0.015,w=0.5",0.05,120.0,0.2,0.01
five_level_weak_anharmonic,worstcap050_w120_mean02_worst05,0.03,relax_0.0005,0.0,0.0005,33,0.9663343905871077,0.00480001443491207,0.06728477197747895,0.027467199443684434,0.9626514777992996,0.0037565780318127118,120,123.49413094413467,0.32894528122818373,641,False,"worst-seed target push, cap 0.050, weight 120, mean leak 0.2, worst 0.5","a=0.8,lw=1.5,r=0.04,w=0.25; a=1,lw=0.8,r=0.025,w=0.5; a=1,lw=0.5,r=0.015,w=0.5",0.05,120.0,0.2,0.01
five_level_weak_anharmonic,worstcap050_w120_mean02_worst05,0.03,relax_0.0005,0.0,0.0005,34,0.9745393836783507,0.005311001896320833,0.08057704858267911,0.035852526257649814,0.9624632438610181,0.0037565780318127118,120,123.49413094413467,0.32894528122818373,641,False,"worst-seed target push, cap 0.050, weight 120, mean leak 0.2, worst 0.5","a=0.8,lw=1.5,r=0.04,w=0.25; a=1,lw=0.8,r=0.025,w=0.5; a=1,lw=0.5,r=0.015,w=0.5",0.05,120.0,0.2,0.01
five_level_weak_anharmonic,worstcap050_w120_mean02_worst05,0.03,relax_0.0005,0.0,0.0005,35,0.8995635660758501,0.0020865836454170283,0.08239400012319809,0.09603995889883937,0.9605914557430693,0.0037565780318127118,120,123.49413094413467,0.32894528122818373,641,False,"worst-seed target push, cap 0.050, weight 120, mean leak 0.2, worst 0.5","a=0.8,lw=1.5,r=0.04,w=0.25; a=1,lw=0.8,r=0.025,w=0.5; a=1,lw=0.5,r=0.015,w=0.5",0.05,120.0,0.2,0.01
five_level_weak_anharmonic,worstcap050_w120_mean02_worst05,0.03,relax_0.0005,0.0,0.0005,36,0.9625344536691482,0.0019118808202984727,0.07275957880078843,0.052039217364968963,0.9599627033604262,0.0037565780318127118,120,123.49413094413467,0.32894528122818373,641,False,"worst-seed target push, cap 0.050, weight 120, mean leak 0.2, worst 0.5","a=0.8,lw=1.5,r=0.04,w=0.25; a=1,lw=0.8,r=0.025,w=0.5; a=1,lw=0.5,r=0.015,w=0.5",0.05,120.0,0.2,0.01
five_level_weak_anharmonic,worstcap050_w120_mean02_worst05,0.03,relax_0.0005,0.0,0.0005,37,0.8116019693114744,0.0010952591969699554,0.053214450341197095,0.12122696368883452,0.9655074355494375,0.0037565780318127118,120,123.49413094413467,0.32894528122818373,641,False,"worst-seed target push, cap 0.050, weight 120, mean leak 0.2, worst 0.5","a=0.8,lw=1.5,r=0.04,w=0.25; a=1,lw=0.8,r=0.025,w=0.5; a=1,lw=0.5,r=0.015,w=0.5",0.05,120.0,0.2,0.01
five_level_weak_anharmonic,worstcap050_w120_mean02_worst05,0.03,relax_0.0005,0.0,0.0005,38,0.9685763019499567,0.00318266465172079,0.058644437983099706,0.05036834928738546,0.965511378739339,0.0037565780318127118,120,123.49413094413467,0.32894528122818373,641,False,"worst-seed target push, cap 0.050, weight 120, mean leak 0.2, worst 0.5","a=0.8,lw=1.5,r=0.04,w=0.25; a=1,lw=0.8,r=0.025,w=0.5; a=1,lw=0.5,r=0.015,w=0.5",0.05,120.0,0.2,0.01
five_level_weak_anharmonic,worstcap050_w120_mean02_worst05,0.03,relax_0.0005,0.0,0.0005,39,0.9657660305309244,0.003647102184242801,0.07557639742279343,0.04643278329143575,0.9608656861236222,0.0037565780318127118,120,123.49413094413467,0.32894528122818373,641,False,"worst-seed target push, cap 0.050, weight 120, mean leak 0.2, worst 0.5","a=0.8,lw=1.5,r=0.04,w=0.25; a=1,lw=0.8,r=0.025,w=0.5; a=1,lw=0.5,r=0.015,w=0.5",0.05,120.0,0.2,0.01
five_level_weak_anharmonic,worstcap050_w120_mean02_worst05,0.03,relax_0.0005,0.0,0.0005,40,0.9674906899289412,0.00256482064961594,0.07239941699974883,0.04318709013160483,0.9596182374591774,0.0037565780318127118,120,123.49413094413467,0.32894528122818373,641,False,"worst-seed target push, cap 0.050, weight 120, mean leak 0.2, worst 0.5","a=0.8,lw=1.5,r=0.04,w=0.25; a=1,lw=0.8,r=0.025,w=0.5; a=1,lw=0.5,r=0.015,w=0.5",0.05,120.0,0.2,0.01
five_level_weak_anharmonic,worstcap050_w120_mean02_worst05,0.03,relax_0.0005,0.0,0.0005,41,0.9507182425971964,0.0006164277280923391,0.07005422361311031,0.06990416451912501,0.9591783261915694,0.0037565780318127118,120,123.49413094413467,0.32894528122818373,641,False,"worst-seed target push, cap 0.050, weight 120, mean leak 0.2, worst 0.5","a=0.8,lw=1.5,r=0.04,w=0.25; a=1,lw=0.8,r=0.025,w=0.5; a=1,lw=0.5,r=0.015,w=0.5",0.05,120.0,0.2,0.01
five_level_weak_anharmonic,worstcap050_w120_mean02_worst05,0.03,relax_0.0005,0.0,0.0005,42,0.9548941707707631,0.0019014707228049987,0.06882650835405113,0.059427146169746925,0.9626967676059082,0.0037565780318127118,120,123.49413094413467,0.32894528122818373,641,False,"worst-seed target push, cap 0.050, weight 120, mean leak 0.2, worst 0.5","a=0.8,lw=1.5,r=0.04,w=0.25; a=1,lw=0.8,r=0.025,w=0.5; a=1,lw=0.5,r=0.015,w=0.5",0.05,120.0,0.2,0.01
five_level_weak_anharmonic,worstcap050_w120_mean02_worst05,0.03,relax_0.0005,0.0,0.0005,43,0.9530662815335915,0.0017678135990281119,0.05910972646793655,0.051367802727317606,0.9612037553537606,0.0037565780318127118,120,123.49413094413467,0.32894528122818373,641,False,"worst-seed target push, cap 0.050, weight 120, mean leak 0.2, worst 0.5","a=0.8,lw=1.5,r=0.04,w=0.25; a=1,lw=0.8,r=0.025,w=0.5; a=1,lw=0.5,r=0.015,w=0.5",0.05,120.0,0.2,0.01
five_level_weak_anharmonic,worstcap050_w120_mean02_worst05,0.03,relax_0.0005,0.0,0.0005,44,0.9470278075461476,0.003786448388821695,0.05694794188725294,0.06912694710017521,0.9664079707441914,0.0037565780318127118,120,123.49413094413467,0.32894528122818373,641,False,"worst-seed target push, cap 0.050, weight 120, mean leak 0.2, worst 0.5","a=0.8,lw=1.5,r=0.04,w=0.25; a=1,lw=0.8,r=0.025,w=0.5; a=1,lw=0.5,r=0.015,w=0.5",0.05,120.0,0.2,0.01
five_level_weak_anharmonic,worstcap050_w120_mean02_worst05,0.03,relax_0.0005,0.0,0.0005,45,0.9742981136975418,0.00352168482388715,0.07909101191272283,0.03774293441156604,0.9621189781568658,0.0037565780318127118,120,123.49413094413467,0.32894528122818373,641,False,"worst-seed target push, cap 0.050, weight 120, mean leak 0.2, worst 0.5","a=0.8,lw=1.5,r=0.04,w=0.25; a=1,lw=0.8,r=0.025,w=0.5; a=1,lw=0.5,r=0.015,w=0.5",0.05,120.0,0.2,0.01
five_level_weak_anharmonic,worstcap050_w120_mean02_worst05,0.03,relax_0.0005,0.0,0.0005,46,0.9628336351847484,0.0012578024940383958,0.06135512293031087,0.052841158468541656,0.9585039917227044,0.0037565780318127118,120,123.49413094413467,0.32894528122818373,641,False,"worst-seed target push, cap 0.050, weight 120, mean leak 0.2, worst 0.5","a=0.8,lw=1.5,r=0.04,w=0.25; a=1,lw=0.8,r=0.025,w=0.5; a=1,lw=0.5,r=0.015,w=0.5",0.05,120.0,0.2,0.01
five_level_weak_anharmonic,worstcap050_w120_mean02_worst05,0.03,relax_0.0005,0.0,0.0005,47,0.9670417284502112,0.00253979778928759,0.06571575308235467,0.03873796701627568,0.9580998045062284,0.0037565780318127118,120,123.49413094413467,0.32894528122818373,641,False,"worst-seed target push, cap 0.050, weight 120, mean leak 0.2, worst 0.5","a=0.8,lw=1.5,r=0.04,w=0.25; a=1,lw=0.8,r=0.025,w=0.5; a=1,lw=0.5,r=0.015,w=0.5",0.05,120.0,0.2,0.01
five_level_weak_anharmonic,worstcap050_w120_mean02_worst05,0.03,relax_0.0005,0.0,0.0005,48,0.8754447613437252,0.0014094745374716444,0.07342948671773408,0.1302353074547662,0.9615598951764361,0.0037565780318127118,120,123.49413094413467,0.32894528122818373,641,False,"worst-seed target push, cap 0.050, weight 120, mean leak 0.2, worst 0.5","a=0.8,lw=1.5,r=0.04,w=0.25; a=1,lw=0.8,r=0.025,w=0.5; a=1,lw=0.5,r=0.015,w=0.5",0.05,120.0,0.2,0.01
five_level_weak_anharmonic,worstcap050_w120_mean02_worst05,0.03,relax_0.0005,0.0,0.0005,49,0.9697045851104715,0.0020976426052541353,0.07288707198007494,0.02854095010776975,0.9583522467357027,0.0037565780318127118,120,123.49413094413467,0.32894528122818373,641,False,"worst-seed target push, cap 0.050, weight 120, mean leak 0.2, worst 0.5","a=0.8,lw=1.5,r=0.04,w=0.25; a=1,lw=0.8,r=0.025,w=0.5; a=1,lw=0.5,r=0.015,w=0.5",0.05,120.0,0.2,0.01
five_level_weak_anharmonic,worstcap050_w120_mean02_worst05,0.03,relax_0.0005,0.0,0.0005,50,0.9615255882070635,0.004780582909508224,0.07524306972231776,0.03190192792665787,0.9615339343549064,0.0037565780318127118,120,123.49413094413467,0.32894528122818373,641,False,"worst-seed target push, cap 0.050, weight 120, mean leak 0.2, worst 0.5","a=0.8,lw=1.5,r=0.04,w=0.25; a=1,lw=0.8,r=0.025,w=0.5; a=1,lw=0.5,r=0.015,w=0.5",0.05,120.0,0.2,0.01
five_level_weak_anharmonic,worstcap050_w120_mean02_worst05,0.03,relax_0.0005,0.0,0.0005,51,0.9478497092750948,0.0012093682876878065,0.07347915466595123,0.049409017198583226,0.9593796030866683,0.0037565780318127118,120,123.49413094413467,0.32894528122818373,641,False,"worst-seed target push, cap 0.050, weight 120, mean leak 0.2, worst 0.5","a=0.8,lw=1.5,r=0.04,w=0.25; a=1,lw=0.8,r=0.025,w=0.5; a=1,lw=0.5,r=0.015,w=0.5",0.05,120.0,0.2,0.01
five_level_weak_anharmonic,worstcap050_w120_mean02_worst05,0.03,relax_0.0005,0.0,0.0005,52,0.9574181194841581,0.0011980661781699764,0.067277886309967,0.06232755250898123,0.9589930660553132,0.0037565780318127118,120,123.49413094413467,0.32894528122818373,641,False,"worst-seed target push, cap 0.050, weight 120, mean leak 0.2, worst 0.5","a=0.8,lw=1.5,r=0.04,w=0.25; a=1,lw=0.8,r=0.025,w=0.5; a=1,lw=0.5,r=0.015,w=0.5",0.05,120.0,0.2,0.01
five_level_weak_anharmonic,worstcap050_w120_mean02_worst05,0.03,relax_0.0005,0.0,0.0005,53,0.9282462738159158,0.00559338418899491,0.06981535122179883,0.08041625312079859,0.9646170156486864,0.0037565780318127118,120,123.49413094413467,0.32894528122818373,641,False,"worst-seed target push, cap 0.050, weight 120, mean leak 0.2, worst 0.5","a=0.8,lw=1.5,r=0.04,w=0.25; a=1,lw=0.8,r=0.025,w=0.5; a=1,lw=0.5,r=0.015,w=0.5",0.05,120.0,0.2,0.01
five_level_weak_anharmonic,worstcap050_w120_mean02_worst05,0.03,relax_0.0005,0.0,0.0005,54,0.9402765283138973,0.008092977217166508,0.072493636780817,0.06835521865967013,0.9631108817669303,0.0037565780318127118,120,123.49413094413467,0.32894528122818373,641,False,"worst-seed target push, cap 0.050, weight 120, mean leak 0.2, worst 0.5","a=0.8,lw=1.5,r=0.04,w=0.25; a=1,lw=0.8,r=0.025,w=0.5; a=1,lw=0.5,r=0.015,w=0.5",0.05,120.0,0.2,0.01
five_level_weak_anharmonic,worstcap050_w120_mean02_worst05,0.03,relax_0.0005,0.0,0.0005,55,0.944218653136479,0.002467485807978731,0.07705864362093284,0.07416835906576649,0.9669778159555561,0.0037565780318127118,120,123.49413094413467,0.32894528122818373,641,False,"worst-seed target push, cap 0.050, weight 120, mean leak 0.2, worst 0.5","a=0.8,lw=1.5,r=0.04,w=0.25; a=1,lw=0.8,r=0.025,w=0.5; a=1,lw=0.5,r=0.015,w=0.5",0.05,120.0,0.2,0.01
five_level_weak_anharmonic,worstcap050_w120_mean02_worst05,0.03,relax_0.0005,0.0,0.0005,56,0.9337494527726955,0.008897976142432484,0.06823963630875673,0.07808702621939399,0.9618413398200258,0.0037565780318127118,120,123.49413094413467,0.32894528122818373,641,False,"worst-seed target push, cap 0.050, weight 120, mean leak 0.2, worst 0.5","a=0.8,lw=1.5,r=0.04,w=0.25; a=1,lw=0.8,r=0.025,w=0.5; a=1,lw=0.5,r=0.015,w=0.5",0.05,120.0,0.2,0.01
five_level_weak_anharmonic,worstcap050_w120_mean02_worst05,0.03,relax_0.0005,0.0,0.0005,57,0.8774376509897767,0.002745088770728321,0.08564226038242717,0.07611015782994095,0.9614505745271028,0.0037565780318127118,120,123.49413094413467,0.32894528122818373,641,False,"worst-seed target push, cap 0.050, weight 120, mean leak 0.2, worst 0.5","a=0.8,lw=1.5,r=0.04,w=0.25; a=1,lw=0.8,r=0.025,w=0.5; a=1,lw=0.5,r=0.015,w=0.5",0.05,120.0,0.2,0.01
five_level_weak_anharmonic,worstcap050_w120_mean02_worst05,0.03,relax_0.0005,0.0,0.0005,58,0.972297437893782,0.002408074349704137,0.058836034736621357,0.0341708596222808,0.9594258799757447,0.0037565780318127118,120,123.49413094413467,0.32894528122818373,641,False,"worst-seed target push, cap 0.050, weight 120, mean leak 0.2, worst 0.5","a=0.8,lw=1.5,r=0.04,w=0.25; a=1,lw=0.8,r=0.025,w=0.5; a=1,lw=0.5,r=0.015,w=0.5",0.05,120.0,0.2,0.01
five_level_weak_anharmonic,worstcap050_w120_mean02_worst05,0.03,relax_0.0005,0.0,0.0005,59,0.9378283717422613,0.0037290767763834554,0.08504470465214586,0.07844025299225149,0.9594803665045786,0.0037565780318127118,120,123.49413094413467,0.32894528122818373,641,False,"worst-seed target push, cap 0.050, weight 120, mean leak 0.2, worst 0.5","a=0.8,lw=1.5,r=0.04,w=0.25; a=1,lw=0.8,r=0.025,w=0.5; a=1,lw=0.5,r=0.015,w=0.5",0.05,120.0,0.2,0.01
five_level_weak_anharmonic,worstcap050_w120_mean02_worst05,0.03,combined,0.001,0.0005,10,0.8614324996140121,0.0027245480442307235,0.07046015149358853,0.1296951275325265,0.9483772328462416,0.0037565780318127118,120,123.49413094413467,0.32894528122818373,641,False,"worst-seed target push, cap 0.050, weight 120, mean leak 0.2, worst 0.5","a=0.8,lw=1.5,r=0.04,w=0.25; a=1,lw=0.8,r=0.025,w=0.5; a=1,lw=0.5,r=0.015,w=0.5",0.05,120.0,0.2,0.01
five_level_weak_anharmonic,worstcap050_w120_mean02_worst05,0.03,combined,0.001,0.0005,11,0.9011298384313459,0.0027783337305415934,0.08185682451662257,0.11854938892285453,0.9473262654018296,0.0037565780318127118,120,123.49413094413467,0.32894528122818373,641,False,"worst-seed target push, cap 0.050, weight 120, mean leak 0.2, worst 0.5","a=0.8,lw=1.5,r=0.04,w=0.25; a=1,lw=0.8,r=0.025,w=0.5; a=1,lw=0.5,r=0.015,w=0.5",0.05,120.0,0.2,0.01
five_level_weak_anharmonic,worstcap050_w120_mean02_worst05,0.03,combined,0.001,0.0005,12,0.9489130494099293,0.004666822838035989,0.0732230701731339,0.08039742678570244,0.947040241916184,0.0037565780318127118,120,123.49413094413467,0.32894528122818373,641,False,"worst-seed target push, cap 0.050, weight 120, mean leak 0.2, worst 0.5","a=0.8,lw=1.5,r=0.04,w=0.25; a=1,lw=0.8,r=0.025,w=0.5; a=1,lw=0.5,r=0.015,w=0.5",0.05,120.0,0.2,0.01
five_level_weak_anharmonic,worstcap050_w120_mean02_worst05,0.03,combined,0.001,0.0005,13,0.8988341538678968,0.006160971071051513,0.06647232353107135,0.13179211125980847,0.9500740063736405,0.0037565780318127118,120,123.49413094413467,0.32894528122818373,641,False,"worst-seed target push, cap 0.050, weight 120, mean leak 0.2, worst 0.5","a=0.8,lw=1.5,r=0.04,w=0.25; a=1,lw=0.8,r=0.025,w=0.5; a=1,lw=0.5,r=0.015,w=0.5",0.05,120.0,0.2,0.01
five_level_weak_anharmonic,worstcap050_w120_mean02_worst05,0.03,combined,0.001,0.0005,14,0.9051371902079433,0.004194096889252097,0.06655969373401593,0.11998246025013945,0.9492326291040684,0.0037565780318127118,120,123.49413094413467,0.32894528122818373,641,False,"worst-seed target push, cap 0.050, weight 120, mean leak 0.2, worst 0.5","a=0.8,lw=1.5,r=0.04,w=0.25; a=1,lw=0.8,r=0.025,w=0.5; a=1,lw=0.5,r=0.015,w=0.5",0.05,120.0,0.2,0.01
five_level_weak_anharmonic,worstcap050_w120_mean02_worst05,0.03,combined,0.001,0.0005,15,0.9632187375522168,0.00804188170575193,0.08143611432553155,0.034859445675793216,0.946971056971224,0.0037565780318127118,120,123.49413094413467,0.32894528122818373,641,False,"worst-seed target push, cap 0.050, weight 120, mean leak 0.2, worst 0.5","a=0.8,lw=1.5,r=0.04,w=0.25; a=1,lw=0.8,r=0.025,w=0.5; a=1,lw=0.5,r=0.015,w=0.5",0.05,120.0,0.2,0.01
five_level_weak_anharmonic,worstcap050_w120_mean02_worst05,0.03,combined,0.001,0.0005,16,0.9519819489105945,0.004088099065690631,0.08458517850455816,0.06983084462554343,0.9468773597163685,0.0037565780318127118,120,123.49413094413467,0.32894528122818373,641,False,"worst-seed target push, cap 0.050, weight 120, mean leak 0.2, worst 0.5","a=0.8,lw=1.5,r=0.04,w=0.25; a=1,lw=0.8,r=0.025,w=0.5; a=1,lw=0.5,r=0.015,w=0.5",0.05,120.0,0.2,0.01
five_level_weak_anharmonic,worstcap050_w120_mean02_worst05,0.03,combined,0.001,0.0005,17,0.8973573382845202,0.004025909992391052,0.06297147242007917,0.06631576756345298,0.9475128431218901,0.0037565780318127118,120,123.49413094413467,0.32894528122818373,641,False,"worst-seed target push, cap 0.050, weight 120, mean leak 0.2, worst 0.5","a=0.8,lw=1.5,r=0.04,w=0.25; a=1,lw=0.8,r=0.025,w=0.5; a=1,lw=0.5,r=0.015,w=0.5",0.05,120.0,0.2,0.01
five_level_weak_anharmonic,worstcap050_w120_mean02_worst05,0.03,combined,0.001,0.0005,18,0.9544584027259135,0.005620270106634462,0.0697187942192754,0.03648597162249611,0.9473918411243865,0.0037565780318127118,120,123.49413094413467,0.32894528122818373,641,False,"worst-seed target push, cap 0.050, weight 120, mean leak 0.2, worst 0.5","a=0.8,lw=1.5,r=0.04,w=0.25; a=1,lw=0.8,r=0.025,w=0.5; a=1,lw=0.5,r=0.015,w=0.5",0.05,120.0,0.2,0.01
five_level_weak_anharmonic,worstcap050_w120_mean02_worst05,0.03,combined,0.001,0.0005,19,0.9478636273788942,0.0035595533413395053,0.06362886557889136,0.07751586085315627,0.9470403095182965,0.0037565780318127118,120,123.49413094413467,0.32894528122818373,641,False,"worst-seed target push, cap 0.050, weight 120, mean leak 0.2, worst 0.5","a=0.8,lw=1.5,r=0.04,w=0.25; a=1,lw=0.8,r=0.025,w=0.5; a=1,lw=0.5,r=0.015,w=0.5",0.05,120.0,0.2,0.01
five_level_weak_anharmonic,worstcap050_w120_mean02_worst05,0.03,combined,0.001,0.0005,20,0.9126515709144746,0.0026501789975048595,0.07339391024211439,0.10330752332878033,0.9469695012997423,0.0037565780318127118,120,123.49413094413467,0.32894528122818373,641,False,"worst-seed target push, cap 0.050, weight 120, mean leak 0.2, worst 0.5","a=0.8,lw=1.5,r=0.04,w=0.25; a=1,lw=0.8,r=0.025,w=0.5; a=1,lw=0.5,r=0.015,w=0.5",0.05,120.0,0.2,0.01
five_level_weak_anharmonic,worstcap050_w120_mean02_worst05,0.03,combined,0.001,0.0005,21,0.9573040199380551,0.004102943051511265,0.06048489589557926,0.05437827162800889,0.9473394463486612,0.0037565780318127118,120,123.49413094413467,0.32894528122818373,641,False,"worst-seed target push, cap 0.050, weight 120, mean leak 0.2, worst 0.5","a=0.8,lw=1.5,r=0.04,w=0.25; a=1,lw=0.8,r=0.025,w=0.5; a=1,lw=0.5,r=0.015,w=0.5",0.05,120.0,0.2,0.01
five_level_weak_anharmonic,worstcap050_w120_mean02_worst05,0.03,combined,0.001,0.0005,22,0.9300202213625238,0.0029342320719303316,0.06966576121889656,0.0905754515014983,0.947586319674372,0.0037565780318127118,120,123.49413094413467,0.32894528122818373,641,False,"worst-seed target push, cap 0.050, weight 120, mean leak 0.2, worst 0.5","a=0.8,lw=1.5,r=0.04,w=0.25; a=1,lw=0.8,r=0.025,w=0.5; a=1,lw=0.5,r=0.015,w=0.5",0.05,120.0,0.2,0.01
five_level_weak_anharmonic,worstcap050_w120_mean02_worst05,0.03,combined,0.001,0.0005,23,0.9596845781558138,0.0040266031073861175,0.06464568235756585,0.058215826072648975,0.9478753739178553,0.0037565780318127118,120,123.49413094413467,0.32894528122818373,641,False,"worst-seed target push, cap 0.050, weight 120, mean leak 0.2, worst 0.5","a=0.8,lw=1.5,r=0.04,w=0.25; a=1,lw=0.8,r=0.025,w=0.5; a=1,lw=0.5,r=0.015,w=0.5",0.05,120.0,0.2,0.01
five_level_weak_anharmonic,worstcap050_w120_mean02_worst05,0.03,combined,0.001,0.0005,24,0.9602310536101918,0.003043278495641344,0.05925960883759651,0.04113238633359817,0.9482916398140507,0.0037565780318127118,120,123.49413094413467,0.32894528122818373,641,False,"worst-seed target push, cap 0.050, weight 120, mean leak 0.2, worst 0.5","a=0.8,lw=1.5,r=0.04,w=0.25; a=1,lw=0.8,r=0.025,w=0.5; a=1,lw=0.5,r=0.015,w=0.5",0.05,120.0,0.2,0.01
five_level_weak_anharmonic,worstcap050_w120_mean02_worst05,0.03,combined,0.001,0.0005,25,0.9559642742882457,0.002575754439064659,0.06629076141625401,0.05508922833751969,0.9480984644049885,0.0037565780318127118,120,123.49413094413467,0.32894528122818373,641,False,"worst-seed target push, cap 0.050, weight 120, mean leak 0.2, worst 0.5","a=0.8,lw=1.5,r=0.04,w=0.25; a=1,lw=0.8,r=0.025,w=0.5; a=1,lw=0.5,r=0.015,w=0.5",0.05,120.0,0.2,0.01
five_level_weak_anharmonic,worstcap050_w120_mean02_worst05,0.03,combined,0.001,0.0005,26,0.9667143227288305,0.005421535937127131,0.07547497631786682,0.03985503775135281,0.947679710309121,0.0037565780318127118,120,123.49413094413467,0.32894528122818373,641,False,"worst-seed target push, cap 0.050, weight 120, mean leak 0.2, worst 0.5","a=0.8,lw=1.5,r=0.04,w=0.25; a=1,lw=0.8,r=0.025,w=0.5; a=1,lw=0.5,r=0.015,w=0.5",0.05,120.0,0.2,0.01
five_level_weak_anharmonic,worstcap050_w120_mean02_worst05,0.03,combined,0.001,0.0005,27,0.9503905336081766,0.005181238306222968,0.06283466950482453,0.042971064179311014,0.9478851174226623,0.0037565780318127118,120,123.49413094413467,0.32894528122818373,641,False,"worst-seed target push, cap 0.050, weight 120, mean leak 0.2, worst 0.5","a=0.8,lw=1.5,r=0.04,w=0.25; a=1,lw=0.8,r=0.025,w=0.5; a=1,lw=0.5,r=0.015,w=0.5",0.05,120.0,0.2,0.01
five_level_weak_anharmonic,worstcap050_w120_mean02_worst05,0.03,combined,0.001,0.0005,28,0.9210617070084208,0.0027213414840400185,0.08041448963216469,0.09929958283981254,0.9477067065874089,0.0037565780318127118,120,123.49413094413467,0.32894528122818373,641,False,"worst-seed target push, cap 0.050, weight 120, mean leak 0.2, worst 0.5","a=0.8,lw=1.5,r=0.04,w=0.25; a=1,lw=0.8,r=0.025,w=0.5; a=1,lw=0.5,r=0.015,w=0.5",0.05,120.0,0.2,0.01
five_level_weak_anharmonic,worstcap050_w120_mean02_worst05,0.03,combined,0.001,0.0005,29,0.9469552266575209,0.004106603949473708,0.061776911644064514,0.061701701023483047,0.9484493526385908,0.0037565780318127118,120,123.49413094413467,0.32894528122818373,641,False,"worst-seed target push, cap 0.050, weight 120, mean leak 0.2, worst 0.5","a=0.8,lw=1.5,r=0.04,w=0.25; a=1,lw=0.8,r=0.025,w=0.5; a=1,lw=0.5,r=0.015,w=0.5",0.05,120.0,0.2,0.01
five_level_weak_anharmonic,worstcap050_w120_mean02_worst05,0.03,combined,0.001,0.0005,30,0.966050791812408,0.0020895798824661638,0.06453238912860582,0.03405710970235726,0.9484024136362377,0.0037565780318127118,120,123.49413094413467,0.32894528122818373,641,False,"worst-seed target push, cap 0.050, weight 120, mean leak 0.2, worst 0.5","a=0.8,lw=1.5,r=0.04,w=0.25; a=1,lw=0.8,r=0.025,w=0.5; a=1,lw=0.5,r=0.015,w=0.5",0.05,120.0,0.2,0.01
five_level_weak_anharmonic,worstcap050_w120_mean02_worst05,0.03,combined,0.001,0.0005,31,0.903918036538966,0.005038292872293848,0.08861033399105767,0.11260024252619731,0.9474627725261381,0.0037565780318127118,120,123.49413094413467,0.32894528122818373,641,False,"worst-seed target push, cap 0.050, weight 120, mean leak 0.2, worst 0.5","a=0.8,lw=1.5,r=0.04,w=0.25; a=1,lw=0.8,r=0.025,w=0.5; a=1,lw=0.5,r=0.015,w=0.5",0.05,120.0,0.2,0.01
five_level_weak_anharmonic,worstcap050_w120_mean02_worst05,0.03,combined,0.001,0.0005,32,0.9336734509181273,0.0021813249786071243,0.06912361765248165,0.08355260628642945,0.9475186339390781,0.0037565780318127118,120,123.49413094413467,0.32894528122818373,641,False,"worst-seed target push, cap 0.050, weight 120, mean leak 0.2, worst 0.5","a=0.8,lw=1.5,r=0.04,w=0.25; a=1,lw=0.8,r=0.025,w=0.5; a=1,lw=0.5,r=0.015,w=0.5",0.05,120.0,0.2,0.01
five_level_weak_anharmonic,worstcap050_w120_mean02_worst05,0.03,combined,0.001,0.0005,33,0.9591851953849779,0.006068131521695164,0.06719472558734196,0.034699755723835456,0.9478072325870216,0.0037565780318127118,120,123.49413094413467,0.32894528122818373,641,False,"worst-seed target push, cap 0.050, weight 120, mean leak 0.2, worst 0.5","a=0.8,lw=1.5,r=0.04,w=0.25; a=1,lw=0.8,r=0.025,w=0.5; a=1,lw=0.5,r=0.015,w=0.5",0.05,120.0,0.2,0.01
five_level_weak_anharmonic,worstcap050_w120_mean02_worst05,0.03,combined,0.001,0.0005,34,0.9671388729925097,0.006958919577952916,0.08117135681551457,0.04311668050266942,0.947708269241117,0.0037565780318127118,120,123.49413094413467,0.32894528122818373,641,False,"worst-seed target push, cap 0.050, weight 120, mean leak 0.2, worst 0.5","a=0.8,lw=1.5,r=0.04,w=0.25; a=1,lw=0.8,r=0.025,w=0.5; a=1,lw=0.5,r=0.015,w=0.5",0.05,120.0,0.2,0.01
five_level_weak_anharmonic,worstcap050_w120_mean02_worst05,0.03,combined,0.001,0.0005,35,0.8948613278702049,0.003753241699549492,0.08295631305500961,0.10097269056329532,0.9461244165519455,0.0037565780318127118,120,123.49413094413467,0.32894528122818373,641,False,"worst-seed target push, cap 0.050, weight 120, mean leak 0.2, worst 0.5","a=0.8,lw=1.5,r=0.04,w=0.25; a=1,lw=0.8,r=0.025,w=0.5; a=1,lw=0.5,r=0.015,w=0.5",0.05,120.0,0.2,0.01
five_level_weak_anharmonic,worstcap050_w120_mean02_worst05,0.03,combined,0.001,0.0005,36,0.956663109501159,0.0032036977016332013,0.07327641798237461,0.05768480285383097,0.947544282486926,0.0037565780318127118,120,123.49413094413467,0.32894528122818373,641,False,"worst-seed target push, cap 0.050, weight 120, mean leak 0.2, worst 0.5","a=0.8,lw=1.5,r=0.04,w=0.25; a=1,lw=0.8,r=0.025,w=0.5; a=1,lw=0.5,r=0.015,w=0.5",0.05,120.0,0.2,0.01
five_level_weak_anharmonic,worstcap050_w120_mean02_worst05,0.03,combined,0.001,0.0005,37,0.8082981751751765,0.002204005917265328,0.053721585549877826,0.12602472270473966,0.9482646750698377,0.0037565780318127118,120,123.49413094413467,0.32894528122818373,641,False,"worst-seed target push, cap 0.050, weight 120, mean leak 0.2, worst 0.5","a=0.8,lw=1.5,r=0.04,w=0.25; a=1,lw=0.8,r=0.025,w=0.5; a=1,lw=0.5,r=0.015,w=0.5",0.05,120.0,0.2,0.01
five_level_weak_anharmonic,worstcap050_w120_mean02_worst05,0.03,combined,0.001,0.0005,38,0.9610883301465849,0.004266712355124658,0.05856545464645713,0.05715252988520093,0.9490061036357275,0.0037565780318127118,120,123.49413094413467,0.32894528122818373,641,False,"worst-seed target push, cap 0.050, weight 120, mean leak 0.2, worst 0.5","a=0.8,lw=1.5,r=0.04,w=0.25; a=1,lw=0.8,r=0.025,w=0.5; a=1,lw=0.5,r=0.015,w=0.5",0.05,120.0,0.2,0.01
five_level_weak_anharmonic,worstcap050_w120_mean02_worst05,0.03,combined,0.001,0.0005,39,0.9595258557790715,0.0050432714149023505,0.07619985146883734,0.05254089943243041,0.9473839438182907,0.0037565780318127118,120,123.49413094413467,0.32894528122818373,641,False,"worst-seed target push, cap 0.050, weight 120, mean leak 0.2, worst 0.5","a=0.8,lw=1.5,r=0.04,w=0.25; a=1,lw=0.8,r=0.025,w=0.5; a=1,lw=0.5,r=0.015,w=0.5",0.05,120.0,0.2,0.01
five_level_weak_anharmonic,worstcap050_w120_mean02_worst05,0.03,combined,0.001,0.0005,40,0.9615098793324981,0.003897962358947793,0.07290994204916812,0.04901454788022831,0.947685683646567,0.0037565780318127118,120,123.49413094413467,0.32894528122818373,641,False,"worst-seed target push, cap 0.050, weight 120, mean leak 0.2, worst 0.5","a=0.8,lw=1.5,r=0.04,w=0.25; a=1,lw=0.8,r=0.025,w=0.5; a=1,lw=0.5,r=0.015,w=0.5",0.05,120.0,0.2,0.01
five_level_weak_anharmonic,worstcap050_w120_mean02_worst05,0.03,combined,0.001,0.0005,41,0.9452568952081069,0.002107205088722086,0.07060928689301338,0.07486747396334628,0.9467192851489321,0.0037565780318127118,120,123.49413094413467,0.32894528122818373,641,False,"worst-seed target push, cap 0.050, weight 120, mean leak 0.2, worst 0.5","a=0.8,lw=1.5,r=0.04,w=0.25; a=1,lw=0.8,r=0.025,w=0.5; a=1,lw=0.5,r=0.015,w=0.5",0.05,120.0,0.2,0.01
five_level_weak_anharmonic,worstcap050_w120_mean02_worst05,0.03,combined,0.001,0.0005,42,0.9478394676256181,0.0033043607688079124,0.0694033808630713,0.0661110826153409,0.9485312631424002,0.0037565780318127118,120,123.49413094413467,0.32894528122818373,641,False,"worst-seed target push, cap 0.050, weight 120, mean leak 0.2, worst 0.5","a=0.8,lw=1.5,r=0.04,w=0.25; a=1,lw=0.8,r=0.025,w=0.5; a=1,lw=0.5,r=0.015,w=0.5",0.05,120.0,0.2,0.01
five_level_weak_anharmonic,worstcap050_w120_mean02_worst05,0.03,combined,0.001,0.0005,43,0.947481553670181,0.0029404239535654186,0.05959120223096237,0.0569569013504708,0.9478252084834597,0.0037565780318127118,120,123.49413094413467,0.32894528122818373,641,False,"worst-seed target push, cap 0.050, weight 120, mean leak 0.2, worst 0.5","a=0.8,lw=1.5,r=0.04,w=0.25; a=1,lw=0.8,r=0.025,w=0.5; a=1,lw=0.5,r=0.015,w=0.5",0.05,120.0,0.2,0.01
five_level_weak_anharmonic,worstcap050_w120_mean02_worst05,0.03,combined,0.001,0.0005,44,0.939209027078508,0.004752716846310179,0.0574730588701311,0.07619387645842478,0.9498167429347026,0.0037565780318127118,120,123.49413094413467,0.32894528122818373,641,False,"worst-seed target push, cap 0.050, weight 120, mean leak 0.2, worst 0.5","a=0.8,lw=1.5,r=0.04,w=0.25; a=1,lw=0.8,r=0.025,w=0.5; a=1,lw=0.5,r=0.015,w=0.5",0.05,120.0,0.2,0.01
five_level_weak_anharmonic,worstcap050_w120_mean02_worst05,0.03,combined,0.001,0.0005,45,0.9670439943713544,0.005051243103609715,0.07970090041092304,0.04480077486454654,0.9481032644166718,0.0037565780318127118,120,123.49413094413467,0.32894528122818373,641,False,"worst-seed target push, cap 0.050, weight 120, mean leak 0.2, worst 0.5","a=0.8,lw=1.5,r=0.04,w=0.25; a=1,lw=0.8,r=0.025,w=0.5; a=1,lw=0.5,r=0.015,w=0.5",0.05,120.0,0.2,0.01
five_level_weak_anharmonic,worstcap050_w120_mean02_worst05,0.03,combined,0.001,0.0005,46,0.9574262765645819,0.0025560544541531893,0.06172995526199043,0.05784579420649161,0.9472563859466511,0.0037565780318127118,120,123.49413094413467,0.32894528122818373,641,False,"worst-seed target push, cap 0.050, weight 120, mean leak 0.2, worst 0.5","a=0.8,lw=1.5,r=0.04,w=0.25; a=1,lw=0.8,r=0.025,w=0.5; a=1,lw=0.5,r=0.015,w=0.5",0.05,120.0,0.2,0.01
five_level_weak_anharmonic,worstcap050_w120_mean02_worst05,0.03,combined,0.001,0.0005,47,0.9617547955905136,0.00370594639840216,0.06618715984554924,0.043941577957782876,0.947037318840416,0.0037565780318127118,120,123.49413094413467,0.32894528122818373,641,False,"worst-seed target push, cap 0.050, weight 120, mean leak 0.2, worst 0.5","a=0.8,lw=1.5,r=0.04,w=0.25; a=1,lw=0.8,r=0.025,w=0.5; a=1,lw=0.5,r=0.015,w=0.5",0.05,120.0,0.2,0.01
five_level_weak_anharmonic,worstcap050_w120_mean02_worst05,0.03,combined,0.001,0.0005,48,0.8711489894765658,0.0027816103967412964,0.07411633653726024,0.13438684296471068,0.9470447199251116,0.0037565780318127118,120,123.49413094413467,0.32894528122818373,641,False,"worst-seed target push, cap 0.050, weight 120, mean leak 0.2, worst 0.5","a=0.8,lw=1.5,r=0.04,w=0.25; a=1,lw=0.8,r=0.025,w=0.5; a=1,lw=0.5,r=0.015,w=0.5",0.05,120.0,0.2,0.01
five_level_weak_anharmonic,worstcap050_w120_mean02_worst05,0.03,combined,0.001,0.0005,49,0.964166793345042,0.0034660355337040594,0.07346177291989087,0.034204922145877587,0.9466708228247847,0.0037565780318127118,120,123.49413094413467,0.32894528122818373,641,False,"worst-seed target push, cap 0.050, weight 120, mean leak 0.2, worst 0.5","a=0.8,lw=1.5,r=0.04,w=0.25; a=1,lw=0.8,r=0.025,w=0.5; a=1,lw=0.5,r=0.015,w=0.5",0.05,120.0,0.2,0.01
five_level_weak_anharmonic,worstcap050_w120_mean02_worst05,0.03,combined,0.001,0.0005,50,0.9553376781715921,0.006080500870798922,0.0757995327097043,0.03839353040179825,0.947407434404749,0.0037565780318127118,120,123.49413094413467,0.32894528122818373,641,False,"worst-seed target push, cap 0.050, weight 120, mean leak 0.2, worst 0.5","a=0.8,lw=1.5,r=0.04,w=0.25; a=1,lw=0.8,r=0.025,w=0.5; a=1,lw=0.5,r=0.015,w=0.5",0.05,120.0,0.2,0.01
five_level_weak_anharmonic,worstcap050_w120_mean02_worst05,0.03,combined,0.001,0.0005,51,0.9421597443022326,0.002894071352546046,0.07418115081142518,0.05522089572538768,0.9465388711410258,0.0037565780318127118,120,123.49413094413467,0.32894528122818373,641,False,"worst-seed target push, cap 0.050, weight 120, mean leak 0.2, worst 0.5","a=0.8,lw=1.5,r=0.04,w=0.25; a=1,lw=0.8,r=0.025,w=0.5; a=1,lw=0.5,r=0.015,w=0.5",0.05,120.0,0.2,0.01
five_level_weak_anharmonic,worstcap050_w120_mean02_worst05,0.03,combined,0.001,0.0005,52,0.9519034971126873,0.0026855938505310206,0.06719764004424889,0.06734456213189588,0.9470464143647674,0.0037565780318127118,120,123.49413094413467,0.32894528122818373,641,False,"worst-seed target push, cap 0.050, weight 120, mean leak 0.2, worst 0.5","a=0.8,lw=1.5,r=0.04,w=0.25; a=1,lw=0.8,r=0.025,w=0.5; a=1,lw=0.5,r=0.015,w=0.5",0.05,120.0,0.2,0.01
five_level_weak_anharmonic,worstcap050_w120_mean02_worst05,0.03,combined,0.001,0.0005,53,0.9224662021440858,0.006765180926030068,0.06971430501984166,0.08614723035334332,0.9480138901565273,0.0037565780318127118,120,123.49413094413467,0.32894528122818373,641,False,"worst-seed target push, cap 0.050, weight 120, mean leak 0.2, worst 0.5","a=0.8,lw=1.5,r=0.04,w=0.25; a=1,lw=0.8,r=0.025,w=0.5; a=1,lw=0.5,r=0.015,w=0.5",0.05,120.0,0.2,0.01
five_level_weak_anharmonic,worstcap050_w120_mean02_worst05,0.03,combined,0.001,0.0005,54,0.9341565379837448,0.009385169952608297,0.07307939194572466,0.07448940403348699,0.947783234841764,0.0037565780318127118,120,123.49413094413467,0.32894528122818373,641,False,"worst-seed target push, cap 0.050, weight 120, mean leak 0.2, worst 0.5","a=0.8,lw=1.5,r=0.04,w=0.25; a=1,lw=0.8,r=0.025,w=0.5; a=1,lw=0.5,r=0.015,w=0.5",0.05,120.0,0.2,0.01
five_level_weak_anharmonic,worstcap050_w120_mean02_worst05,0.03,combined,0.001,0.0005,55,0.9363695072890768,0.0037441608656055836,0.07764775235399113,0.08138842248177827,0.9492072527827385,0.0037565780318127118,120,123.49413094413467,0.32894528122818373,641,False,"worst-seed target push, cap 0.050, weight 120, mean leak 0.2, worst 0.5","a=0.8,lw=1.5,r=0.04,w=0.25; a=1,lw=0.8,r=0.025,w=0.5; a=1,lw=0.5,r=0.015,w=0.5",0.05,120.0,0.2,0.01
five_level_weak_anharmonic,worstcap050_w120_mean02_worst05,0.03,combined,0.001,0.0005,56,0.9280936206176442,0.010069216866954611,0.06814009302225599,0.08370320831427687,0.9473304538111993,0.0037565780318127118,120,123.49413094413467,0.32894528122818373,641,False,"worst-seed target push, cap 0.050, weight 120, mean leak 0.2, worst 0.5","a=0.8,lw=1.5,r=0.04,w=0.25; a=1,lw=0.8,r=0.025,w=0.5; a=1,lw=0.5,r=0.015,w=0.5",0.05,120.0,0.2,0.01
five_level_weak_anharmonic,worstcap050_w120_mean02_worst05,0.03,combined,0.001,0.0005,57,0.8730500827712162,0.00458990887567412,0.08622569981073835,0.08175644227799607,0.9455034696754934,0.0037565780318127118,120,123.49413094413467,0.32894528122818373,641,False,"worst-seed target push, cap 0.050, weight 120, mean leak 0.2, worst 0.5","a=0.8,lw=1.5,r=0.04,w=0.25; a=1,lw=0.8,r=0.025,w=0.5; a=1,lw=0.5,r=0.015,w=0.5",0.05,120.0,0.2,0.01
five_level_weak_anharmonic,worstcap050_w120_mean02_worst05,0.03,combined,0.001,0.0005,58,0.9665632775054851,0.003538358762394722,0.05931707579405332,0.0398275676052437,0.9478090770811829,0.0037565780318127118,120,123.49413094413467,0.32894528122818373,641,False,"worst-seed target push, cap 0.050, weight 120, mean leak 0.2, worst 0.5","a=0.8,lw=1.5,r=0.04,w=0.25; a=1,lw=0.8,r=0.025,w=0.5; a=1,lw=0.5,r=0.015,w=0.5",0.05,120.0,0.2,0.01
five_level_weak_anharmonic,worstcap050_w120_mean02_worst05,0.03,combined,0.001,0.0005,59,0.932547555080327,0.005194713834466125,0.08563169822268257,0.0834240956048788,0.9461746497454135,0.0037565780318127118,120,123.49413094413467,0.32894528122818373,641,False,"worst-seed target push, cap 0.050, weight 120, mean leak 0.2, worst 0.5","a=0.8,lw=1.5,r=0.04,w=0.25; a=1,lw=0.8,r=0.025,w=0.5; a=1,lw=0.5,r=0.015,w=0.5",0.05,120.0,0.2,0.01
