task,controller,train_noise_case,eval_noise_case,disorder_strength,gamma_phi,gamma_relax,seed,final_fidelity,final_infidelity,final_purity,pulse_energy,segments,horizon_steps,reference_objective,reference_restart_seed,reference_iterations,reference_success,reference_seconds,horizon_objective,horizon_iterations,horizon_success,horizon_seconds
Z,standalone_open_seed,combined,static_only,0.08,0.0,0.0,10,0.9878372320373638,0.012162767962636156,0.9779104383215927,3.75,60,2,0.0,0,0,True,3.5161411338485777,0.0,0,True,0.0
Z,standalone_open_seed,combined,static_only,0.08,0.0,0.0,11,0.9893404399823272,0.010659560017672765,0.9819193687693062,3.75,60,2,0.0,0,0,True,3.5161411338485777,0.0,0,True,0.0
Z,standalone_open_seed,combined,static_only,0.08,0.0,0.0,12,0.9897712655569384,0.010228734443061605,0.9820600024548714,3.75,60,2,0.0,0,0,True,3.5161411338485777,0.0,0,True,0.0
Z,standalone_open_seed,combined,static_only,0.08,0.0,0.0,13,0.9882676058393896,0.011732394160610449,0.9788232887681436,3.75,60,2,0.0,0,0,True,3.5161411338485777,0.0,0,True,0.0
Z,standalone_open_seed,combined,static_only,0.08,0.0,0.0,14,0.9866449516811373,0.013355048318862695,0.9791867661090637,3.75,60,2,0.0,0,0,True,3.5161411338485777,0.0,0,True,0.0
Z,standalone_open_seed,combined,static_only,0.08,0.0,0.0,15,0.9884877008353916,0.011512299164608386,0.9785012096412666,3.75,60,2,0.0,0,0,True,3.5161411338485777,0.0,0,True,0.0
Z,standalone_open_seed,combined,static_only,0.08,0.0,0.0,16,0.9884814876583743,0.011518512341625708,0.9814149319331598,3.75,60,2,0.0,0,0,True,3.5161411338485777,0.0,0,True,0.0
Z,standalone_open_seed,combined,static_only,0.08,0.0,0.0,17,0.9890962753400782,0.010903724659921843,0.9810967392729397,3.75,60,2,0.0,0,0,True,3.5161411338485777,0.0,0,True,0.0
Z,standalone_open_seed,combined,static_only,0.08,0.0,0.0,18,0.9881954944462938,0.011804505553706157,0.978470141570638,3.75,60,2,0.0,0,0,True,3.5161411338485777,0.0,0,True,0.0
Z,standalone_open_seed,combined,static_only,0.08,0.0,0.0,19,0.9902753548071657,0.009724645192834336,0.9821468799639703,3.75,60,2,0.0,0,0,True,3.5161411338485777,0.0,0,True,0.0
Z,standalone_open_seed,combined,static_only,0.08,0.0,0.0,20,0.9888941047550379,0.011105895244962083,0.9817582378089555,3.75,60,2,0.0,0,0,True,3.5161411338485777,0.0,0,True,0.0
Z,standalone_open_seed,combined,static_only,0.08,0.0,0.0,21,0.9888835368239837,0.011116463176016333,0.9815667905654405,3.75,60,2,0.0,0,0,True,3.5161411338485777,0.0,0,True,0.0
Z,standalone_open_seed,combined,static_only,0.08,0.0,0.0,22,0.9876407834079627,0.012359216592037314,0.9778121358842639,3.75,60,2,0.0,0,0,True,3.5161411338485777,0.0,0,True,0.0
Z,standalone_open_seed,combined,static_only,0.08,0.0,0.0,23,0.9896887916275192,0.010311208372480785,0.9811800524290992,3.75,60,2,0.0,0,0,True,3.5161411338485777,0.0,0,True,0.0
Z,standalone_open_seed,combined,static_only,0.08,0.0,0.0,24,0.9883507220911261,0.011649277908873934,0.9809668824900242,3.75,60,2,0.0,0,0,True,3.5161411338485777,0.0,0,True,0.0
Z,standalone_open_seed,combined,static_only,0.08,0.0,0.0,25,0.9871305852486176,0.012869414751382369,0.9804702821189754,3.75,60,2,0.0,0,0,True,3.5161411338485777,0.0,0,True,0.0
Z,standalone_open_seed,combined,static_only,0.08,0.0,0.0,26,0.9885239361969539,0.01147606380304611,0.9782008165029148,3.75,60,2,0.0,0,0,True,3.5161411338485777,0.0,0,True,0.0
Z,standalone_open_seed,combined,static_only,0.08,0.0,0.0,27,0.9890732857080184,0.010926714291981554,0.9811894633999622,3.75,60,2,0.0,0,0,True,3.5161411338485777,0.0,0,True,0.0
Z,standalone_open_seed,combined,static_only,0.08,0.0,0.0,28,0.9884749233058747,0.01152507669412528,0.9795515296603793,3.75,60,2,0.0,0,0,True,3.5161411338485777,0.0,0,True,0.0
Z,standalone_open_seed,combined,static_only,0.08,0.0,0.0,29,0.9882129505078812,0.01178704949211884,0.9794260833735946,3.75,60,2,0.0,0,0,True,3.5161411338485777,0.0,0,True,0.0
Z,standalone_open_seed,combined,static_only,0.08,0.0,0.0,30,0.9892227553010132,0.010777244698986777,0.98129643735212,3.75,60,2,0.0,0,0,True,3.5161411338485777,0.0,0,True,0.0
Z,standalone_open_seed,combined,static_only,0.08,0.0,0.0,31,0.9881937107360971,0.011806289263902925,0.9811531573571282,3.75,60,2,0.0,0,0,True,3.5161411338485777,0.0,0,True,0.0
Z,standalone_open_seed,combined,static_only,0.08,0.0,0.0,32,0.9903643625256282,0.009635637474371794,0.981672082756703,3.75,60,2,0.0,0,0,True,3.5161411338485777,0.0,0,True,0.0
Z,standalone_open_seed,combined,static_only,0.08,0.0,0.0,33,0.9875370918493712,0.012462908150628782,0.9792439187164629,3.75,60,2,0.0,0,0,True,3.5161411338485777,0.0,0,True,0.0
Z,standalone_open_seed,combined,static_only,0.08,0.0,0.0,34,0.9868245985367395,0.013175401463260461,0.9795864239135152,3.75,60,2,0.0,0,0,True,3.5161411338485777,0.0,0,True,0.0
Z,standalone_open_seed,combined,static_only,0.08,0.0,0.0,35,0.9887452338643765,0.011254766135623484,0.9812554076821101,3.75,60,2,0.0,0,0,True,3.5161411338485777,0.0,0,True,0.0
Z,standalone_open_seed,combined,static_only,0.08,0.0,0.0,36,0.9883126720642061,0.011687327935793856,0.9785918257602212,3.75,60,2,0.0,0,0,True,3.5161411338485777,0.0,0,True,0.0
Z,standalone_open_seed,combined,static_only,0.08,0.0,0.0,37,0.9868959204568982,0.013104079543101776,0.9798979928065997,3.75,60,2,0.0,0,0,True,3.5161411338485777,0.0,0,True,0.0
Z,standalone_open_seed,combined,static_only,0.08,0.0,0.0,38,0.9890349547039511,0.010965045296048914,0.9806084342263992,3.75,60,2,0.0,0,0,True,3.5161411338485777,0.0,0,True,0.0
Z,standalone_open_seed,combined,static_only,0.08,0.0,0.0,39,0.9899853056868488,0.010014694313151162,0.9821067762776434,3.75,60,2,0.0,0,0,True,3.5161411338485777,0.0,0,True,0.0
Z,standalone_open_seed,combined,static_only,0.08,0.0,0.0,40,0.988070912585717,0.011929087414283002,0.9777017787773846,3.75,60,2,0.0,0,0,True,3.5161411338485777,0.0,0,True,0.0
Z,standalone_open_seed,combined,static_only,0.08,0.0,0.0,41,0.9887272107954922,0.011272789204507805,0.9800274069001256,3.75,60,2,0.0,0,0,True,3.5161411338485777,0.0,0,True,0.0
Z,standalone_open_seed,combined,static_only,0.08,0.0,0.0,42,0.9878235105496032,0.012176489450396843,0.9788507660927999,3.75,60,2,0.0,0,0,True,3.5161411338485777,0.0,0,True,0.0
Z,standalone_open_seed,combined,static_only,0.08,0.0,0.0,43,0.989652259249095,0.010347740750905055,0.9818492237498618,3.75,60,2,0.0,0,0,True,3.5161411338485777,0.0,0,True,0.0
Z,standalone_open_seed,combined,static_only,0.08,0.0,0.0,44,0.9889562148430461,0.011043785156953922,0.9805550445744586,3.75,60,2,0.0,0,0,True,3.5161411338485777,0.0,0,True,0.0
Z,standalone_open_seed,combined,static_only,0.08,0.0,0.0,45,0.9886533503642994,0.011346649635700645,0.9780229826471247,3.75,60,2,0.0,0,0,True,3.5161411338485777,0.0,0,True,0.0
Z,standalone_open_seed,combined,static_only,0.08,0.0,0.0,46,0.9904192547445183,0.009580745255481693,0.98201953054394,3.75,60,2,0.0,0,0,True,3.5161411338485777,0.0,0,True,0.0
Z,standalone_open_seed,combined,static_only,0.08,0.0,0.0,47,0.9863429983978512,0.013657001602148777,0.979487232948616,3.75,60,2,0.0,0,0,True,3.5161411338485777,0.0,0,True,0.0
Z,standalone_open_seed,combined,static_only,0.08,0.0,0.0,48,0.9907691688073492,0.009230831192650779,0.982301940712015,3.75,60,2,0.0,0,0,True,3.5161411338485777,0.0,0,True,0.0
Z,standalone_open_seed,combined,static_only,0.08,0.0,0.0,49,0.9908709198932408,0.009129080106759169,0.9822099701462417,3.75,60,2,0.0,0,0,True,3.5161411338485777,0.0,0,True,0.0
Z,standalone_open_seed,combined,static_only,0.08,0.0,0.0,50,0.9874000337789222,0.01259996622107784,0.9794784754639795,3.75,60,2,0.0,0,0,True,3.5161411338485777,0.0,0,True,0.0
Z,standalone_open_seed,combined,static_only,0.08,0.0,0.0,51,0.9886575077277947,0.011342492272205296,0.9779986912421349,3.75,60,2,0.0,0,0,True,3.5161411338485777,0.0,0,True,0.0
Z,standalone_open_seed,combined,static_only,0.08,0.0,0.0,52,0.9887779563364949,0.011222043663505099,0.9801559227575811,3.75,60,2,0.0,0,0,True,3.5161411338485777,0.0,0,True,0.0
Z,standalone_open_seed,combined,static_only,0.08,0.0,0.0,53,0.9873622570026288,0.012637742997371193,0.9790945545616736,3.75,60,2,0.0,0,0,True,3.5161411338485777,0.0,0,True,0.0
Z,standalone_open_seed,combined,static_only,0.08,0.0,0.0,54,0.9875718480378104,0.012428151962189604,0.9800949129324965,3.75,60,2,0.0,0,0,True,3.5161411338485777,0.0,0,True,0.0
Z,standalone_open_seed,combined,static_only,0.08,0.0,0.0,55,0.9884616602373897,0.011538339762610317,0.97830928476155,3.75,60,2,0.0,0,0,True,3.5161411338485777,0.0,0,True,0.0
Z,standalone_open_seed,combined,static_only,0.08,0.0,0.0,56,0.9875161449983413,0.012483855001658717,0.9808118328883902,3.75,60,2,0.0,0,0,True,3.5161411338485777,0.0,0,True,0.0
Z,standalone_open_seed,combined,static_only,0.08,0.0,0.0,57,0.9873484820596454,0.012651517940354573,0.9809901452274054,3.75,60,2,0.0,0,0,True,3.5161411338485777,0.0,0,True,0.0
Z,standalone_open_seed,combined,static_only,0.08,0.0,0.0,58,0.9862239515860982,0.013776048413901787,0.9795548071475797,3.75,60,2,0.0,0,0,True,3.5161411338485777,0.0,0,True,0.0
Z,standalone_open_seed,combined,static_only,0.08,0.0,0.0,59,0.9889055079837462,0.011094492016253787,0.9816659014155826,3.75,60,2,0.0,0,0,True,3.5161411338485777,0.0,0,True,0.0
Z,standalone_open_seed,combined,deph_0.005,0.08,0.005,0.0,10,0.9522594772801589,0.04774052271984108,0.9107375178034987,3.75,60,2,0.0,0,0,True,3.5161411338485777,0.0,0,True,0.0
Z,standalone_open_seed,combined,deph_0.005,0.08,0.005,0.0,11,0.9531952919779372,0.046804708022062824,0.913144974750898,3.75,60,2,0.0,0,0,True,3.5161411338485777,0.0,0,True,0.0
Z,standalone_open_seed,combined,deph_0.005,0.08,0.005,0.0,12,0.9536241234749225,0.046375876525077464,0.9133282813932997,3.75,60,2,0.0,0,0,True,3.5161411338485777,0.0,0,True,0.0
Z,standalone_open_seed,combined,deph_0.005,0.08,0.005,0.0,13,0.9518602987201059,0.04813970127989409,0.9101989542774307,3.75,60,2,0.0,0,0,True,3.5161411338485777,0.0,0,True,0.0
Z,standalone_open_seed,combined,deph_0.005,0.08,0.005,0.0,14,0.9505605568288749,0.04943944317112514,0.9107611665669079,3.75,60,2,0.0,0,0,True,3.5161411338485777,0.0,0,True,0.0
Z,standalone_open_seed,combined,deph_0.005,0.08,0.005,0.0,15,0.9526397366494209,0.04736026335057908,0.9111638356318825,3.75,60,2,0.0,0,0,True,3.5161411338485777,0.0,0,True,0.0
Z,standalone_open_seed,combined,deph_0.005,0.08,0.005,0.0,16,0.9523086434036752,0.04769135659632484,0.9127894895366544,3.75,60,2,0.0,0,0,True,3.5161411338485777,0.0,0,True,0.0
Z,standalone_open_seed,combined,deph_0.005,0.08,0.005,0.0,17,0.952871940869868,0.04712805913013196,0.9127941886537227,3.75,60,2,0.0,0,0,True,3.5161411338485777,0.0,0,True,0.0
Z,standalone_open_seed,combined,deph_0.005,0.08,0.005,0.0,18,0.952085894276127,0.047914105723873,0.9106136352969736,3.75,60,2,0.0,0,0,True,3.5161411338485777,0.0,0,True,0.0
Z,standalone_open_seed,combined,deph_0.005,0.08,0.005,0.0,19,0.9541183896928032,0.04588161030719684,0.9136052166965088,3.75,60,2,0.0,0,0,True,3.5161411338485777,0.0,0,True,0.0
Z,standalone_open_seed,combined,deph_0.005,0.08,0.005,0.0,20,0.9527298927384428,0.047270107261557226,0.9129959546120927,3.75,60,2,0.0,0,0,True,3.5161411338485777,0.0,0,True,0.0
Z,standalone_open_seed,combined,deph_0.005,0.08,0.005,0.0,21,0.9528906888556343,0.04710931114436567,0.9136756542277298,3.75,60,2,0.0,0,0,True,3.5161411338485777,0.0,0,True,0.0
Z,standalone_open_seed,combined,deph_0.005,0.08,0.005,0.0,22,0.9520521319207892,0.04794786807921081,0.9105391127440035,3.75,60,2,0.0,0,0,True,3.5161411338485777,0.0,0,True,0.0
Z,standalone_open_seed,combined,deph_0.005,0.08,0.005,0.0,23,0.9534750129924784,0.04652498700752161,0.9128156335617813,3.75,60,2,0.0,0,0,True,3.5161411338485777,0.0,0,True,0.0
Z,standalone_open_seed,combined,deph_0.005,0.08,0.005,0.0,24,0.9521566074726607,0.04784339252733927,0.9126926208670194,3.75,60,2,0.0,0,0,True,3.5161411338485777,0.0,0,True,0.0
Z,standalone_open_seed,combined,deph_0.005,0.08,0.005,0.0,25,0.9510050073623788,0.04899499263762119,0.9121789488126039,3.75,60,2,0.0,0,0,True,3.5161411338485777,0.0,0,True,0.0
Z,standalone_open_seed,combined,deph_0.005,0.08,0.005,0.0,26,0.9525509661994258,0.04744903380057419,0.9106289184583602,3.75,60,2,0.0,0,0,True,3.5161411338485777,0.0,0,True,0.0
Z,standalone_open_seed,combined,deph_0.005,0.08,0.005,0.0,27,0.9529258762347899,0.04707412376521014,0.9125435542901728,3.75,60,2,0.0,0,0,True,3.5161411338485777,0.0,0,True,0.0
Z,standalone_open_seed,combined,deph_0.005,0.08,0.005,0.0,28,0.9527149036329776,0.04728509636702238,0.9122168659166703,3.75,60,2,0.0,0,0,True,3.5161411338485777,0.0,0,True,0.0
Z,standalone_open_seed,combined,deph_0.005,0.08,0.005,0.0,29,0.9525198122932415,0.04748018770675855,0.9121612534179317,3.75,60,2,0.0,0,0,True,3.5161411338485777,0.0,0,True,0.0
Z,standalone_open_seed,combined,deph_0.005,0.08,0.005,0.0,30,0.9530351438383737,0.04696485616162627,0.9130685433776344,3.75,60,2,0.0,0,0,True,3.5161411338485777,0.0,0,True,0.0
Z,standalone_open_seed,combined,deph_0.005,0.08,0.005,0.0,31,0.9520264762402193,0.0479735237597807,0.9126178371411702,3.75,60,2,0.0,0,0,True,3.5161411338485777,0.0,0,True,0.0
Z,standalone_open_seed,combined,deph_0.005,0.08,0.005,0.0,32,0.9542134471340353,0.04578655286596467,0.913335555862029,3.75,60,2,0.0,0,0,True,3.5161411338485777,0.0,0,True,0.0
Z,standalone_open_seed,combined,deph_0.005,0.08,0.005,0.0,33,0.9511810024227597,0.048818997577240286,0.910637326104949,3.75,60,2,0.0,0,0,True,3.5161411338485777,0.0,0,True,0.0
Z,standalone_open_seed,combined,deph_0.005,0.08,0.005,0.0,34,0.95059582219294,0.04940417780705997,0.9111635604342961,3.75,60,2,0.0,0,0,True,3.5161411338485777,0.0,0,True,0.0
Z,standalone_open_seed,combined,deph_0.005,0.08,0.005,0.0,35,0.952591870189098,0.04740812981090203,0.9128272065939971,3.75,60,2,0.0,0,0,True,3.5161411338485777,0.0,0,True,0.0
Z,standalone_open_seed,combined,deph_0.005,0.08,0.005,0.0,36,0.9526508334597684,0.04734916654023158,0.9114624035607161,3.75,60,2,0.0,0,0,True,3.5161411338485777,0.0,0,True,0.0
Z,standalone_open_seed,combined,deph_0.005,0.08,0.005,0.0,37,0.9507319494397967,0.049268050560203336,0.9114451196326099,3.75,60,2,0.0,0,0,True,3.5161411338485777,0.0,0,True,0.0
Z,standalone_open_seed,combined,deph_0.005,0.08,0.005,0.0,38,0.9527595388637728,0.04724046113622715,0.9120597761536011,3.75,60,2,0.0,0,0,True,3.5161411338485777,0.0,0,True,0.0
Z,standalone_open_seed,combined,deph_0.005,0.08,0.005,0.0,39,0.9538453442978011,0.0461546557021989,0.9133999141904401,3.75,60,2,0.0,0,0,True,3.5161411338485777,0.0,0,True,0.0
Z,standalone_open_seed,combined,deph_0.005,0.08,0.005,0.0,40,0.9524509427867804,0.04754905721321956,0.9104708285538108,3.75,60,2,0.0,0,0,True,3.5161411338485777,0.0,0,True,0.0
Z,standalone_open_seed,combined,deph_0.005,0.08,0.005,0.0,41,0.9528606298853328,0.04713937011466718,0.9124884179304951,3.75,60,2,0.0,0,0,True,3.5161411338485777,0.0,0,True,0.0
Z,standalone_open_seed,combined,deph_0.005,0.08,0.005,0.0,42,0.9514979998416824,0.048502000158317626,0.9104257665701956,3.75,60,2,0.0,0,0,True,3.5161411338485777,0.0,0,True,0.0
Z,standalone_open_seed,combined,deph_0.005,0.08,0.005,0.0,43,0.953604352664273,0.046395647335726986,0.9138762035908131,3.75,60,2,0.0,0,0,True,3.5161411338485777,0.0,0,True,0.0
Z,standalone_open_seed,combined,deph_0.005,0.08,0.005,0.0,44,0.952676785880772,0.04732321411922802,0.9119872703013481,3.75,60,2,0.0,0,0,True,3.5161411338485777,0.0,0,True,0.0
Z,standalone_open_seed,combined,deph_0.005,0.08,0.005,0.0,45,0.9527604651449664,0.04723953485503363,0.9105824536245388,3.75,60,2,0.0,0,0,True,3.5161411338485777,0.0,0,True,0.0
Z,standalone_open_seed,combined,deph_0.005,0.08,0.005,0.0,46,0.9543611766436664,0.045638823356333624,0.9139422973858913,3.75,60,2,0.0,0,0,True,3.5161411338485777,0.0,0,True,0.0
Z,standalone_open_seed,combined,deph_0.005,0.08,0.005,0.0,47,0.9506679956976712,0.04933200430232876,0.9119159663091312,3.75,60,2,0.0,0,0,True,3.5161411338485777,0.0,0,True,0.0
Z,standalone_open_seed,combined,deph_0.005,0.08,0.005,0.0,48,0.9546343643237445,0.04536563567625551,0.913891002416861,3.75,60,2,0.0,0,0,True,3.5161411338485777,0.0,0,True,0.0
Z,standalone_open_seed,combined,deph_0.005,0.08,0.005,0.0,49,0.9547496646921585,0.045250335307841505,0.913751820210199,3.75,60,2,0.0,0,0,True,3.5161411338485777,0.0,0,True,0.0
Z,standalone_open_seed,combined,deph_0.005,0.08,0.005,0.0,50,0.9510589855772877,0.04894101442271226,0.9108186613771857,3.75,60,2,0.0,0,0,True,3.5161411338485777,0.0,0,True,0.0
Z,standalone_open_seed,combined,deph_0.005,0.08,0.005,0.0,51,0.9528318178003525,0.04716818219964747,0.9106723270463104,3.75,60,2,0.0,0,0,True,3.5161411338485777,0.0,0,True,0.0
Z,standalone_open_seed,combined,deph_0.005,0.08,0.005,0.0,52,0.9529160699010432,0.04708393009895684,0.9126085809564981,3.75,60,2,0.0,0,0,True,3.5161411338485777,0.0,0,True,0.0
Z,standalone_open_seed,combined,deph_0.005,0.08,0.005,0.0,53,0.951088674620346,0.048911325379654036,0.9107308942053878,3.75,60,2,0.0,0,0,True,3.5161411338485777,0.0,0,True,0.0
Z,standalone_open_seed,combined,deph_0.005,0.08,0.005,0.0,54,0.9514500470528039,0.04854995294719611,0.9119427245652519,3.75,60,2,0.0,0,0,True,3.5161411338485777,0.0,0,True,0.0
Z,standalone_open_seed,combined,deph_0.005,0.08,0.005,0.0,55,0.9521928572500293,0.047807142749970666,0.9098664726826103,3.75,60,2,0.0,0,0,True,3.5161411338485777,0.0,0,True,0.0
Z,standalone_open_seed,combined,deph_0.005,0.08,0.005,0.0,56,0.9513483494608772,0.04865165053912279,0.9122843905963798,3.75,60,2,0.0,0,0,True,3.5161411338485777,0.0,0,True,0.0
Z,standalone_open_seed,combined,deph_0.005,0.08,0.005,0.0,57,0.9511967777769006,0.04880322222309941,0.9121875457245479,3.75,60,2,0.0,0,0,True,3.5161411338485777,0.0,0,True,0.0
Z,standalone_open_seed,combined,deph_0.005,0.08,0.005,0.0,58,0.9505255840369866,0.049474415963013385,0.9119221919257819,3.75,60,2,0.0,0,0,True,3.5161411338485777,0.0,0,True,0.0
Z,standalone_open_seed,combined,deph_0.005,0.08,0.005,0.0,59,0.952732256918356,0.047267743081644054,0.9129900455502343,3.75,60,2,0.0,0,0,True,3.5161411338485777,0.0,0,True,0.0
Z,standalone_open_seed,combined,relax_0.002,0.08,0.0,0.002,10,0.9835547277618624,0.01644527223813763,0.969608746064148,3.75,60,2,0.0,0,0,True,3.5161411338485777,0.0,0,True,0.0
Z,standalone_open_seed,combined,relax_0.002,0.08,0.0,0.002,11,0.9854375442415341,0.014562455758465931,0.9743014228822036,3.75,60,2,0.0,0,0,True,3.5161411338485777,0.0,0,True,0.0
Z,standalone_open_seed,combined,relax_0.002,0.08,0.0,0.002,12,0.9858352271471919,0.01416477285280815,0.9743855415235727,3.75,60,2,0.0,0,0,True,3.5161411338485777,0.0,0,True,0.0
Z,standalone_open_seed,combined,relax_0.002,0.08,0.0,0.002,13,0.9839248804804529,0.0160751195195471,0.9702462484228616,3.75,60,2,0.0,0,0,True,3.5161411338485777,0.0,0,True,0.0
Z,standalone_open_seed,combined,relax_0.002,0.08,0.0,0.002,14,0.9818318685485223,0.018168131451477665,0.9697013728848731,3.75,60,2,0.0,0,0,True,3.5161411338485777,0.0,0,True,0.0
Z,standalone_open_seed,combined,relax_0.002,0.08,0.0,0.002,15,0.9845847745980106,0.015415225401989363,0.9709053221492273,3.75,60,2,0.0,0,0,True,3.5161411338485777,0.0,0,True,0.0
Z,standalone_open_seed,combined,relax_0.002,0.08,0.0,0.002,16,0.9847636333577539,0.015236366642246146,0.9741603592429877,3.75,60,2,0.0,0,0,True,3.5161411338485777,0.0,0,True,0.0
Z,standalone_open_seed,combined,relax_0.002,0.08,0.0,0.002,17,0.9843133508216875,0.01568664917831253,0.971627700380431,3.75,60,2,0.0,0,0,True,3.5161411338485777,0.0,0,True,0.0
Z,standalone_open_seed,combined,relax_0.002,0.08,0.0,0.002,18,0.9842430601674469,0.015756939832553107,0.9707135165764591,3.75,60,2,0.0,0,0,True,3.5161411338485777,0.0,0,True,0.0
Z,standalone_open_seed,combined,relax_0.002,0.08,0.0,0.002,19,0.9863463181585819,0.01365368184141813,0.9745053744863125,3.75,60,2,0.0,0,0,True,3.5161411338485777,0.0,0,True,0.0
Z,standalone_open_seed,combined,relax_0.002,0.08,0.0,0.002,20,0.9850912609438814,0.014908739056118558,0.9743380370985119,3.75,60,2,0.0,0,0,True,3.5161411338485777,0.0,0,True,0.0
Z,standalone_open_seed,combined,relax_0.002,0.08,0.0,0.002,21,0.9842363557615363,0.01576364423846366,0.9724204969200828,3.75,60,2,0.0,0,0,True,3.5161411338485777,0.0,0,True,0.0
Z,standalone_open_seed,combined,relax_0.002,0.08,0.0,0.002,22,0.9832882820012845,0.016711717998715514,0.9693690062503669,3.75,60,2,0.0,0,0,True,3.5161411338485777,0.0,0,True,0.0
Z,standalone_open_seed,combined,relax_0.002,0.08,0.0,0.002,23,0.985061850335623,0.01493814966437701,0.9720374400635657,3.75,60,2,0.0,0,0,True,3.5161411338485777,0.0,0,True,0.0
Z,standalone_open_seed,combined,relax_0.002,0.08,0.0,0.002,24,0.9834986735354698,0.016501326464530175,0.9713543530212643,3.75,60,2,0.0,0,0,True,3.5161411338485777,0.0,0,True,0.0
Z,standalone_open_seed,combined,relax_0.002,0.08,0.0,0.002,25,0.9822469470694302,0.017753052930569835,0.9707985296191133,3.75,60,2,0.0,0,0,True,3.5161411338485777,0.0,0,True,0.0
Z,standalone_open_seed,combined,relax_0.002,0.08,0.0,0.002,26,0.9845465983450908,0.01545340165490916,0.9704321683392658,3.75,60,2,0.0,0,0,True,3.5161411338485777,0.0,0,True,0.0
Z,standalone_open_seed,combined,relax_0.002,0.08,0.0,0.002,27,0.9848657005406595,0.015134299459340528,0.9729052571355625,3.75,60,2,0.0,0,0,True,3.5161411338485777,0.0,0,True,0.0
Z,standalone_open_seed,combined,relax_0.002,0.08,0.0,0.002,28,0.9844709755467768,0.015529024453223239,0.971777317194777,3.75,60,2,0.0,0,0,True,3.5161411338485777,0.0,0,True,0.0
Z,standalone_open_seed,combined,relax_0.002,0.08,0.0,0.002,29,0.9840965012158389,0.015903498784161085,0.9714311084652111,3.75,60,2,0.0,0,0,True,3.5161411338485777,0.0,0,True,0.0
Z,standalone_open_seed,combined,relax_0.002,0.08,0.0,0.002,30,0.9844436649104179,0.015556335089582096,0.9718420998608965,3.75,60,2,0.0,0,0,True,3.5161411338485777,0.0,0,True,0.0
Z,standalone_open_seed,combined,relax_0.002,0.08,0.0,0.002,31,0.9845041502478323,0.015495849752167667,0.9739478787226429,3.75,60,2,0.0,0,0,True,3.5161411338485777,0.0,0,True,0.0
Z,standalone_open_seed,combined,relax_0.002,0.08,0.0,0.002,32,0.9858501910213395,0.014149808978660472,0.9727863465095353,3.75,60,2,0.0,0,0,True,3.5161411338485777,0.0,0,True,0.0
Z,standalone_open_seed,combined,relax_0.002,0.08,0.0,0.002,33,0.9834303359109824,0.01656966408901761,0.9711061484225614,3.75,60,2,0.0,0,0,True,3.5161411338485777,0.0,0,True,0.0
Z,standalone_open_seed,combined,relax_0.002,0.08,0.0,0.002,34,0.9830023272123166,0.016997672787683382,0.972024909308149,3.75,60,2,0.0,0,0,True,3.5161411338485777,0.0,0,True,0.0
Z,standalone_open_seed,combined,relax_0.002,0.08,0.0,0.002,35,0.9850297571990586,0.014970242800941391,0.9740177244029483,3.75,60,2,0.0,0,0,True,3.5161411338485777,0.0,0,True,0.0
Z,standalone_open_seed,combined,relax_0.002,0.08,0.0,0.002,36,0.9842566692524117,0.01574333074758827,0.9707271253546151,3.75,60,2,0.0,0,0,True,3.5161411338485777,0.0,0,True,0.0
Z,standalone_open_seed,combined,relax_0.002,0.08,0.0,0.002,37,0.9820193685618102,0.017980631438189842,0.9702511089692735,3.75,60,2,0.0,0,0,True,3.5161411338485777,0.0,0,True,0.0
Z,standalone_open_seed,combined,relax_0.002,0.08,0.0,0.002,38,0.9845232204821418,0.015476779517858197,0.9716798583149411,3.75,60,2,0.0,0,0,True,3.5161411338485777,0.0,0,True,0.0
Z,standalone_open_seed,combined,relax_0.002,0.08,0.0,0.002,39,0.9859993460518247,0.01400065394817529,0.9743327325355233,3.75,60,2,0.0,0,0,True,3.5161411338485777,0.0,0,True,0.0
Z,standalone_open_seed,combined,relax_0.002,0.08,0.0,0.002,40,0.9837916321215515,0.016208367878448482,0.9694067748965416,3.75,60,2,0.0,0,0,True,3.5161411338485777,0.0,0,True,0.0
Z,standalone_open_seed,combined,relax_0.002,0.08,0.0,0.002,41,0.9848142189934734,0.015185781006526566,0.9724258833393418,3.75,60,2,0.0,0,0,True,3.5161411338485777,0.0,0,True,0.0
Z,standalone_open_seed,combined,relax_0.002,0.08,0.0,0.002,42,0.9837367017579148,0.016263298242085167,0.9707741765216534,3.75,60,2,0.0,0,0,True,3.5161411338485777,0.0,0,True,0.0
Z,standalone_open_seed,combined,relax_0.002,0.08,0.0,0.002,43,0.9850270132643606,0.014972986735639404,0.972750150017096,3.75,60,2,0.0,0,0,True,3.5161411338485777,0.0,0,True,0.0
Z,standalone_open_seed,combined,relax_0.002,0.08,0.0,0.002,44,0.9844655709581767,0.015534429041823339,0.9716673124425635,3.75,60,2,0.0,0,0,True,3.5161411338485777,0.0,0,True,0.0
Z,standalone_open_seed,combined,relax_0.002,0.08,0.0,0.002,45,0.9846329380866878,0.015367061913312163,0.970189981341493,3.75,60,2,0.0,0,0,True,3.5161411338485777,0.0,0,True,0.0
Z,standalone_open_seed,combined,relax_0.002,0.08,0.0,0.002,46,0.9862430260459287,0.013756973954071272,0.9738792668338997,3.75,60,2,0.0,0,0,True,3.5161411338485777,0.0,0,True,0.0
Z,standalone_open_seed,combined,relax_0.002,0.08,0.0,0.002,47,0.9817600437850279,0.018239956214972097,0.9705116481026586,3.75,60,2,0.0,0,0,True,3.5161411338485777,0.0,0,True,0.0
Z,standalone_open_seed,combined,relax_0.002,0.08,0.0,0.002,48,0.98670189807213,0.013298101927869954,0.9743844143163244,3.75,60,2,0.0,0,0,True,3.5161411338485777,0.0,0,True,0.0
Z,standalone_open_seed,combined,relax_0.002,0.08,0.0,0.002,49,0.9866035561328503,0.013396443867149666,0.973864417045363,3.75,60,2,0.0,0,0,True,3.5161411338485777,0.0,0,True,0.0
Z,standalone_open_seed,combined,relax_0.002,0.08,0.0,0.002,50,0.9833020668343071,0.016697933165692902,0.9713523046858866,3.75,60,2,0.0,0,0,True,3.5161411338485777,0.0,0,True,0.0
Z,standalone_open_seed,combined,relax_0.002,0.08,0.0,0.002,51,0.9846327506642668,0.01536724933573319,0.9701706952194247,3.75,60,2,0.0,0,0,True,3.5161411338485777,0.0,0,True,0.0
Z,standalone_open_seed,combined,relax_0.002,0.08,0.0,0.002,52,0.9848303977551356,0.01516960224486441,0.9724864049382823,3.75,60,2,0.0,0,0,True,3.5161411338485777,0.0,0,True,0.0
Z,standalone_open_seed,combined,relax_0.002,0.08,0.0,0.002,53,0.9834165662302975,0.016583433769702505,0.9712913093985123,3.75,60,2,0.0,0,0,True,3.5161411338485777,0.0,0,True,0.0
Z,standalone_open_seed,combined,relax_0.002,0.08,0.0,0.002,54,0.9838937539039279,0.01610624609607214,0.9728875196552252,3.75,60,2,0.0,0,0,True,3.5161411338485777,0.0,0,True,0.0
Z,standalone_open_seed,combined,relax_0.002,0.08,0.0,0.002,55,0.984002860212152,0.015997139787848003,0.969555425080667,3.75,60,2,0.0,0,0,True,3.5161411338485777,0.0,0,True,0.0
Z,standalone_open_seed,combined,relax_0.002,0.08,0.0,0.002,56,0.9838417234989592,0.016158276501040847,0.9736106192680191,3.75,60,2,0.0,0,0,True,3.5161411338485777,0.0,0,True,0.0
Z,standalone_open_seed,combined,relax_0.002,0.08,0.0,0.002,57,0.983503620052043,0.01649637994795705,0.9734204844512684,3.75,60,2,0.0,0,0,True,3.5161411338485777,0.0,0,True,0.0
Z,standalone_open_seed,combined,relax_0.002,0.08,0.0,0.002,58,0.9816054551605895,0.018394544839410498,0.9704992220264503,3.75,60,2,0.0,0,0,True,3.5161411338485777,0.0,0,True,0.0
Z,standalone_open_seed,combined,relax_0.002,0.08,0.0,0.002,59,0.9851448190589881,0.014855180941011903,0.9743355434054647,3.75,60,2,0.0,0,0,True,3.5161411338485777,0.0,0,True,0.0
Z,standalone_open_seed,combined,combined,0.08,0.005,0.002,10,0.9482893858947069,0.051710614105293096,0.9036104494373172,3.75,60,2,0.0,0,0,True,3.5161411338485777,0.0,0,True,0.0
Z,standalone_open_seed,combined,combined,0.08,0.005,0.002,11,0.9495959773774607,0.05040402262253929,0.9066423416451044,3.75,60,2,0.0,0,0,True,3.5161411338485777,0.0,0,True,0.0
Z,standalone_open_seed,combined,combined,0.08,0.005,0.002,12,0.9499925435683894,0.05000745643161064,0.906774018945566,3.75,60,2,0.0,0,0,True,3.5161411338485777,0.0,0,True,0.0
Z,standalone_open_seed,combined,combined,0.08,0.005,0.002,13,0.9478401074606319,0.05215989253936815,0.9028413602932792,3.75,60,2,0.0,0,0,True,3.5161411338485777,0.0,0,True,0.0
Z,standalone_open_seed,combined,combined,0.08,0.005,0.002,14,0.9460834556268874,0.05391654437311255,0.902592024602781,3.75,60,2,0.0,0,0,True,3.5161411338485777,0.0,0,True,0.0
Z,standalone_open_seed,combined,combined,0.08,0.005,0.002,15,0.9490391656297174,0.05096083437028265,0.9046676643457268,3.75,60,2,0.0,0,0,True,3.5161411338485777,0.0,0,True,0.0
Z,standalone_open_seed,combined,combined,0.08,0.005,0.002,16,0.9488894603167985,0.05111053968320145,0.9066149517867894,3.75,60,2,0.0,0,0,True,3.5161411338485777,0.0,0,True,0.0
Z,standalone_open_seed,combined,combined,0.08,0.005,0.002,17,0.948423732015371,0.051576267984629,0.9046253974589341,3.75,60,2,0.0,0,0,True,3.5161411338485777,0.0,0,True,0.0
Z,standalone_open_seed,combined,combined,0.08,0.005,0.002,18,0.9484402074828193,0.05155979251718068,0.9039793775748358,3.75,60,2,0.0,0,0,True,3.5161411338485777,0.0,0,True,0.0
Z,standalone_open_seed,combined,combined,0.08,0.005,0.002,19,0.950493578055552,0.04950642194444799,0.9070796986120753,3.75,60,2,0.0,0,0,True,3.5161411338485777,0.0,0,True,0.0
Z,standalone_open_seed,combined,combined,0.08,0.005,0.002,20,0.9492279402501331,0.05077205974986687,0.9066725339889027,3.75,60,2,0.0,0,0,True,3.5161411338485777,0.0,0,True,0.0
Z,standalone_open_seed,combined,combined,0.08,0.005,0.002,21,0.9485712310751477,0.051428768924852264,0.9057934011551358,3.75,60,2,0.0,0,0,True,3.5161411338485777,0.0,0,True,0.0
Z,standalone_open_seed,combined,combined,0.08,0.005,0.002,22,0.9480145895035312,0.051985410496468765,0.9032873362206663,3.75,60,2,0.0,0,0,True,3.5161411338485777,0.0,0,True,0.0
Z,standalone_open_seed,combined,combined,0.08,0.005,0.002,23,0.9491767915683424,0.05082320843165755,0.9049377429034041,3.75,60,2,0.0,0,0,True,3.5161411338485777,0.0,0,True,0.0
Z,standalone_open_seed,combined,combined,0.08,0.005,0.002,24,0.9476418314168724,0.052358168583127584,0.9043974406672739,3.75,60,2,0.0,0,0,True,3.5161411338485777,0.0,0,True,0.0
Z,standalone_open_seed,combined,combined,0.08,0.005,0.002,25,0.9464597321883574,0.05354026781164256,0.9038353359311946,3.75,60,2,0.0,0,0,True,3.5161411338485777,0.0,0,True,0.0
Z,standalone_open_seed,combined,combined,0.08,0.005,0.002,26,0.9488797391869582,0.051120260813041773,0.9039803776405315,3.75,60,2,0.0,0,0,True,3.5161411338485777,0.0,0,True,0.0
Z,standalone_open_seed,combined,combined,0.08,0.005,0.002,27,0.9490320817473333,0.050967918252666666,0.9054389545082338,3.75,60,2,0.0,0,0,True,3.5161411338485777,0.0,0,True,0.0
Z,standalone_open_seed,combined,combined,0.08,0.005,0.002,28,0.9490153316535899,0.050984668346410134,0.9055628148087342,3.75,60,2,0.0,0,0,True,3.5161411338485777,0.0,0,True,0.0
Z,standalone_open_seed,combined,combined,0.08,0.005,0.002,29,0.9487108988357582,0.05128910116424179,0.9053089983385265,3.75,60,2,0.0,0,0,True,3.5161411338485777,0.0,0,True,0.0
Z,standalone_open_seed,combined,combined,0.08,0.005,0.002,30,0.9485901603901231,0.051409839609876884,0.9049115557666471,3.75,60,2,0.0,0,0,True,3.5161411338485777,0.0,0,True,0.0
Z,standalone_open_seed,combined,combined,0.08,0.005,0.002,31,0.9486348819166579,0.0513651180833421,0.9064870349168102,3.75,60,2,0.0,0,0,True,3.5161411338485777,0.0,0,True,0.0
Z,standalone_open_seed,combined,combined,0.08,0.005,0.002,32,0.9500229602207586,0.049977039779241395,0.9056859016046109,3.75,60,2,0.0,0,0,True,3.5161411338485777,0.0,0,True,0.0
Z,standalone_open_seed,combined,combined,0.08,0.005,0.002,33,0.9473884568034843,0.05261154319651573,0.903671002047004,3.75,60,2,0.0,0,0,True,3.5161411338485777,0.0,0,True,0.0
Z,standalone_open_seed,combined,combined,0.08,0.005,0.002,34,0.9470774440688792,0.05292255593112083,0.9047113127302651,3.75,60,2,0.0,0,0,True,3.5161411338485777,0.0,0,True,0.0
Z,standalone_open_seed,combined,combined,0.08,0.005,0.002,35,0.9491747812420483,0.05082521875795165,0.9066661319164451,3.75,60,2,0.0,0,0,True,3.5161411338485777,0.0,0,True,0.0
Z,standalone_open_seed,combined,combined,0.08,0.005,0.002,36,0.9489002655567724,0.051099734443227574,0.9047246436637191,3.75,60,2,0.0,0,0,True,3.5161411338485777,0.0,0,True,0.0
Z,standalone_open_seed,combined,combined,0.08,0.005,0.002,37,0.9461941662358018,0.05380583376419823,0.9031287127511424,3.75,60,2,0.0,0,0,True,3.5161411338485777,0.0,0,True,0.0
Z,standalone_open_seed,combined,combined,0.08,0.005,0.002,38,0.9485735815722165,0.051426418427783505,0.9043778682058402,3.75,60,2,0.0,0,0,True,3.5161411338485777,0.0,0,True,0.0
Z,standalone_open_seed,combined,combined,0.08,0.005,0.002,39,0.9501652639395171,0.04983473606048294,0.906755206791999,3.75,60,2,0.0,0,0,True,3.5161411338485777,0.0,0,True,0.0
Z,standalone_open_seed,combined,combined,0.08,0.005,0.002,40,0.9484843604900203,0.05151563950997973,0.9033501192632126,3.75,60,2,0.0,0,0,True,3.5161411338485777,0.0,0,True,0.0
Z,standalone_open_seed,combined,combined,0.08,0.005,0.002,41,0.9492498835902894,0.05075011640971061,0.9059913164542754,3.75,60,2,0.0,0,0,True,3.5161411338485777,0.0,0,True,0.0
Z,standalone_open_seed,combined,combined,0.08,0.005,0.002,42,0.9477245062197986,0.052275493780201354,0.9035125927584156,3.75,60,2,0.0,0,0,True,3.5161411338485777,0.0,0,True,0.0
Z,standalone_open_seed,combined,combined,0.08,0.005,0.002,43,0.9493061878641781,0.050693812135821914,0.9060351995305638,3.75,60,2,0.0,0,0,True,3.5161411338485777,0.0,0,True,0.0
Z,standalone_open_seed,combined,combined,0.08,0.005,0.002,44,0.9485112805988676,0.05148871940113242,0.9043424167934588,3.75,60,2,0.0,0,0,True,3.5161411338485777,0.0,0,True,0.0
Z,standalone_open_seed,combined,combined,0.08,0.005,0.002,45,0.9490467386612499,0.05095326133875011,0.9038748992890585,3.75,60,2,0.0,0,0,True,3.5161411338485777,0.0,0,True,0.0
Z,standalone_open_seed,combined,combined,0.08,0.005,0.002,46,0.9504964352195393,0.049503564780460696,0.9069640386458405,3.75,60,2,0.0,0,0,True,3.5161411338485777,0.0,0,True,0.0
Z,standalone_open_seed,combined,combined,0.08,0.005,0.002,47,0.9464088365972196,0.05359116340278036,0.904191087307111,3.75,60,2,0.0,0,0,True,3.5161411338485777,0.0,0,True,0.0
Z,standalone_open_seed,combined,combined,0.08,0.005,0.002,48,0.9508753745647996,0.04912462543520035,0.907114983830626,3.75,60,2,0.0,0,0,True,3.5161411338485777,0.0,0,True,0.0
Z,standalone_open_seed,combined,combined,0.08,0.005,0.002,49,0.95079690463049,0.04920309536950995,0.9065885486589506,3.75,60,2,0.0,0,0,True,3.5161411338485777,0.0,0,True,0.0
Z,standalone_open_seed,combined,combined,0.08,0.005,0.002,50,0.9472747163106526,0.05272528368934737,0.9038627651753385,3.75,60,2,0.0,0,0,True,3.5161411338485777,0.0,0,True,0.0
Z,standalone_open_seed,combined,combined,0.08,0.005,0.002,51,0.9491132037486019,0.050886796251398136,0.903968057723482,3.75,60,2,0.0,0,0,True,3.5161411338485777,0.0,0,True,0.0
Z,standalone_open_seed,combined,combined,0.08,0.005,0.002,52,0.9492717673961275,0.05072823260387249,0.9060506256828825,3.75,60,2,0.0,0,0,True,3.5161411338485777,0.0,0,True,0.0
Z,standalone_open_seed,combined,combined,0.08,0.005,0.002,53,0.9474512663483815,0.052548733651618496,0.9040613604591674,3.75,60,2,0.0,0,0,True,3.5161411338485777,0.0,0,True,0.0
Z,standalone_open_seed,combined,combined,0.08,0.005,0.002,54,0.9480697889703718,0.05193021102962825,0.9058056430648745,3.75,60,2,0.0,0,0,True,3.5161411338485777,0.0,0,True,0.0
Z,standalone_open_seed,combined,combined,0.08,0.005,0.002,55,0.948059205875443,0.05194079412455699,0.9023505525560376,3.75,60,2,0.0,0,0,True,3.5161411338485777,0.0,0,True,0.0
Z,standalone_open_seed,combined,combined,0.08,0.005,0.002,56,0.9479718284221275,0.05202817157787254,0.9061572099158588,3.75,60,2,0.0,0,0,True,3.5161411338485777,0.0,0,True,0.0
Z,standalone_open_seed,combined,combined,0.08,0.005,0.002,57,0.9476548343785496,0.05234516562145042,0.9057303240513775,3.75,60,2,0.0,0,0,True,3.5161411338485777,0.0,0,True,0.0
Z,standalone_open_seed,combined,combined,0.08,0.005,0.002,58,0.9462323752638468,0.05376762473615315,0.9041263994159079,3.75,60,2,0.0,0,0,True,3.5161411338485777,0.0,0,True,0.0
Z,standalone_open_seed,combined,combined,0.08,0.005,0.002,59,0.9492713023901084,0.050728697609891626,0.9067473075802885,3.75,60,2,0.0,0,0,True,3.5161411338485777,0.0,0,True,0.0
Z,standalone_open_adjoint,combined,static_only,0.08,0.0,0.0,10,0.9867147462609707,0.013285253739029335,0.9792357534166345,3.741100256748689,60,4,0.0,0,0,True,3.5161411338485777,0.035023951354736,468,False,8.478767302818596
Z,standalone_open_adjoint,combined,static_only,0.08,0.0,0.0,11,0.99023712660727,0.009762873392729965,0.9829525858190842,3.741100256748689,60,4,0.0,0,0,True,3.5161411338485777,0.035023951354736,468,False,8.478767302818596
Z,standalone_open_adjoint,combined,static_only,0.08,0.0,0.0,12,0.9905979253173955,0.009402074682604455,0.9830954572720204,3.741100256748689,60,4,0.0,0,0,True,3.5161411338485777,0.035023951354736,468,False,8.478767302818596
Z,standalone_open_adjoint,combined,static_only,0.08,0.0,0.0,13,0.9898411103972713,0.010158889602728705,0.980222635094135,3.741100256748689,60,4,0.0,0,0,True,3.5161411338485777,0.035023951354736,468,False,8.478767302818596
Z,standalone_open_adjoint,combined,static_only,0.08,0.0,0.0,14,0.98514798747215,0.014852012527849956,0.9804269945163602,3.741100256748689,60,4,0.0,0,0,True,3.5161411338485777,0.035023951354736,468,False,8.478767302818596
Z,standalone_open_adjoint,combined,static_only,0.08,0.0,0.0,15,0.9891694964193861,0.010830503580613882,0.9799406849714115,3.741100256748689,60,4,0.0,0,0,True,3.5161411338485777,0.035023951354736,468,False,8.478767302818596
Z,standalone_open_adjoint,combined,static_only,0.08,0.0,0.0,16,0.989468239899883,0.010531760100117027,0.9825426536524853,3.741100256748689,60,4,0.0,0,0,True,3.5161411338485777,0.035023951354736,468,False,8.478767302818596
Z,standalone_open_adjoint,combined,static_only,0.08,0.0,0.0,17,0.9895189694069719,0.010481030593028073,0.9823586779249912,3.741100256748689,60,4,0.0,0,0,True,3.5161411338485777,0.035023951354736,468,False,8.478767302818596
Z,standalone_open_adjoint,combined,static_only,0.08,0.0,0.0,18,0.9894770232489173,0.010522976751082713,0.9798638626619177,3.741100256748689,60,4,0.0,0,0,True,3.5161411338485777,0.035023951354736,468,False,8.478767302818596
Z,standalone_open_adjoint,combined,static_only,0.08,0.0,0.0,19,0.9908777619614832,0.00912223803851675,0.9832298623320489,3.741100256748689,60,4,0.0,0,0,True,3.5161411338485777,0.035023951354736,468,False,8.478767302818596
Z,standalone_open_adjoint,combined,static_only,0.08,0.0,0.0,20,0.9898156112548866,0.010184388745113404,0.9828179574297565,3.741100256748689,60,4,0.0,0,0,True,3.5161411338485777,0.035023951354736,468,False,8.478767302818596
Z,standalone_open_adjoint,combined,static_only,0.08,0.0,0.0,21,0.987545630495769,0.012454369504230955,0.9826320726192191,3.741100256748689,60,4,0.0,0,0,True,3.5161411338485777,0.035023951354736,468,False,8.478767302818596
Z,standalone_open_adjoint,combined,static_only,0.08,0.0,0.0,22,0.9863166864822766,0.01368331351772345,0.9791158112609287,3.741100256748689,60,4,0.0,0,0,True,3.5161411338485777,0.035023951354736,468,False,8.478767302818596
Z,standalone_open_adjoint,combined,static_only,0.08,0.0,0.0,23,0.990739377802925,0.009260622197075019,0.982426078345186,3.741100256748689,60,4,0.0,0,0,True,3.5161411338485777,0.035023951354736,468,False,8.478767302818596
Z,standalone_open_adjoint,combined,static_only,0.08,0.0,0.0,24,0.9880600768516978,0.011939923148302167,0.982204550792942,3.741100256748689,60,4,0.0,0,0,True,3.5161411338485777,0.035023951354736,468,False,8.478767302818596
Z,standalone_open_adjoint,combined,static_only,0.08,0.0,0.0,25,0.9859048312140899,0.014095168785910106,0.9816709508249601,3.741100256748689,60,4,0.0,0,0,True,3.5161411338485777,0.035023951354736,468,False,8.478767302818596
Z,standalone_open_adjoint,combined,static_only,0.08,0.0,0.0,26,0.9894707625937775,0.01052923740622247,0.9796271612462826,3.741100256748689,60,4,0.0,0,0,True,3.5161411338485777,0.035023951354736,468,False,8.478767302818596
Z,standalone_open_adjoint,combined,static_only,0.08,0.0,0.0,27,0.9904386564377419,0.009561343562258129,0.9823130798105045,3.741100256748689,60,4,0.0,0,0,True,3.5161411338485777,0.035023951354736,468,False,8.478767302818596
Z,standalone_open_adjoint,combined,static_only,0.08,0.0,0.0,28,0.9882028077456912,0.011797192254308753,0.9808948952657756,3.741100256748689,60,4,0.0,0,0,True,3.5161411338485777,0.035023951354736,468,False,8.478767302818596
Z,standalone_open_adjoint,combined,static_only,0.08,0.0,0.0,29,0.9874267614361122,0.012573238563887812,0.9807235675562848,3.741100256748689,60,4,0.0,0,0,True,3.5161411338485777,0.035023951354736,468,False,8.478767302818596
Z,standalone_open_adjoint,combined,static_only,0.08,0.0,0.0,30,0.9893798221541195,0.01062017784588054,0.9825221128414275,3.741100256748689,60,4,0.0,0,0,True,3.5161411338485777,0.035023951354736,468,False,8.478767302818596
Z,standalone_open_adjoint,combined,static_only,0.08,0.0,0.0,31,0.9892384197858559,0.010761580214144084,0.9823167122420069,3.741100256748689,60,4,0.0,0,0,True,3.5161411338485777,0.035023951354736,468,False,8.478767302818596
Z,standalone_open_adjoint,combined,static_only,0.08,0.0,0.0,32,0.9912218470038104,0.008778152996189559,0.9828338098544361,3.741100256748689,60,4,0.0,0,0,True,3.5161411338485777,0.035023951354736,468,False,8.478767302818596
Z,standalone_open_adjoint,combined,static_only,0.08,0.0,0.0,33,0.9893666754984126,0.010633324501587382,0.9805533520400814,3.741100256748689,60,4,0.0,0,0,True,3.5161411338485777,0.035023951354736,468,False,8.478767302818596
Z,standalone_open_adjoint,combined,static_only,0.08,0.0,0.0,34,0.98836858637453,0.011631413625470044,0.9808210222944749,3.741100256748689,60,4,0.0,0,0,True,3.5161411338485777,0.035023951354736,468,False,8.478767302818596
Z,standalone_open_adjoint,combined,static_only,0.08,0.0,0.0,35,0.9896926999637936,0.01030730003620639,0.9824493561629403,3.741100256748689,60,4,0.0,0,0,True,3.5161411338485777,0.035023951354736,468,False,8.478767302818596
Z,standalone_open_adjoint,combined,static_only,0.08,0.0,0.0,36,0.9879741028124029,0.012025897187597057,0.9799791358161393,3.741100256748689,60,4,0.0,0,0,True,3.5161411338485777,0.035023951354736,468,False,8.478767302818596
Z,standalone_open_adjoint,combined,static_only,0.08,0.0,0.0,37,0.9857232832603011,0.01427671673969888,0.9811407971355177,3.741100256748689,60,4,0.0,0,0,True,3.5161411338485777,0.035023951354736,468,False,8.478767302818596
Z,standalone_open_adjoint,combined,static_only,0.08,0.0,0.0,38,0.9906173141831681,0.009382685816831882,0.9818927561641317,3.741100256748689,60,4,0.0,0,0,True,3.5161411338485777,0.035023951354736,468,False,8.478767302818596
Z,standalone_open_adjoint,combined,static_only,0.08,0.0,0.0,39,0.9907963885866239,0.009203611413376112,0.9831393562868614,3.741100256748689,60,4,0.0,0,0,True,3.5161411338485777,0.035023951354736,468,False,8.478767302818596
Z,standalone_open_adjoint,combined,static_only,0.08,0.0,0.0,40,0.9871953810572685,0.01280461894273155,0.9790534819401173,3.741100256748689,60,4,0.0,0,0,True,3.5161411338485777,0.035023951354736,468,False,8.478767302818596
Z,standalone_open_adjoint,combined,static_only,0.08,0.0,0.0,41,0.9888529751645326,0.011147024835467367,0.9813700156830942,3.741100256748689,60,4,0.0,0,0,True,3.5161411338485777,0.035023951354736,468,False,8.478767302818596
Z,standalone_open_adjoint,combined,static_only,0.08,0.0,0.0,42,0.9895098831965514,0.01049011680344858,0.9802007546591841,3.741100256748689,60,4,0.0,0,0,True,3.5161411338485777,0.035023951354736,468,False,8.478767302818596
Z,standalone_open_adjoint,combined,static_only,0.08,0.0,0.0,43,0.9887896699788654,0.011210330021134585,0.9829266157991583,3.741100256748689,60,4,0.0,0,0,True,3.5161411338485777,0.035023951354736,468,False,8.478767302818596
Z,standalone_open_adjoint,combined,static_only,0.08,0.0,0.0,44,0.9905820673166341,0.009417932683365882,0.9818388711551103,3.741100256748689,60,4,0.0,0,0,True,3.5161411338485777,0.035023951354736,468,False,8.478767302818596
Z,standalone_open_adjoint,combined,static_only,0.08,0.0,0.0,45,0.9893391475548365,0.01066085244516346,0.9794584747410161,3.741100256748689,60,4,0.0,0,0,True,3.5161411338485777,0.035023951354736,468,False,8.478767302818596
Z,standalone_open_adjoint,combined,static_only,0.08,0.0,0.0,46,0.9901604665099502,0.009839533490049845,0.9831126219808942,3.741100256748689,60,4,0.0,0,0,True,3.5161411338485777,0.035023951354736,468,False,8.478767302818596
Z,standalone_open_adjoint,combined,static_only,0.08,0.0,0.0,47,0.9838501241893552,0.016149875810644754,0.9805831832035504,3.741100256748689,60,4,0.0,0,0,True,3.5161411338485777,0.035023951354736,468,False,8.478767302818596
Z,standalone_open_adjoint,combined,static_only,0.08,0.0,0.0,48,0.9911146697954503,0.008885330204549735,0.9833705393997605,3.741100256748689,60,4,0.0,0,0,True,3.5161411338485777,0.035023951354736,468,False,8.478767302818596
Z,standalone_open_adjoint,combined,static_only,0.08,0.0,0.0,49,0.9915092376407552,0.008490762359244841,0.9832701641899919,3.741100256748689,60,4,0.0,0,0,True,3.5161411338485777,0.035023951354736,468,False,8.478767302818596
Z,standalone_open_adjoint,combined,static_only,0.08,0.0,0.0,50,0.9892468865298503,0.010753113470149733,0.9807573542309513,3.741100256748689,60,4,0.0,0,0,True,3.5161411338485777,0.035023951354736,468,False,8.478767302818596
Z,standalone_open_adjoint,combined,static_only,0.08,0.0,0.0,51,0.98915194576968,0.010848054230319981,0.9794370433204237,3.741100256748689,60,4,0.0,0,0,True,3.5161411338485777,0.035023951354736,468,False,8.478767302818596
Z,standalone_open_adjoint,combined,static_only,0.08,0.0,0.0,52,0.9887518367716382,0.011248163228361752,0.9814759325717777,3.741100256748689,60,4,0.0,0,0,True,3.5161411338485777,0.035023951354736,468,False,8.478767302818596
Z,standalone_open_adjoint,combined,static_only,0.08,0.0,0.0,53,0.98901417887026,0.010985821129740003,0.9803986667882183,3.741100256748689,60,4,0.0,0,0,True,3.5161411338485777,0.035023951354736,468,False,8.478767302818596
Z,standalone_open_adjoint,combined,static_only,0.08,0.0,0.0,54,0.9887991779283409,0.011200822071659067,0.9813744848933559,3.741100256748689,60,4,0.0,0,0,True,3.5161411338485777,0.035023951354736,468,False,8.478767302818596
Z,standalone_open_adjoint,combined,static_only,0.08,0.0,0.0,55,0.9891384321362966,0.010861567863703403,0.9797167250075607,3.741100256748689,60,4,0.0,0,0,True,3.5161411338485777,0.035023951354736,468,False,8.478767302818596
Z,standalone_open_adjoint,combined,static_only,0.08,0.0,0.0,56,0.9886655464852061,0.011334453514793896,0.9819766835750394,3.741100256748689,60,4,0.0,0,0,True,3.5161411338485777,0.035023951354736,468,False,8.478767302818596
Z,standalone_open_adjoint,combined,static_only,0.08,0.0,0.0,57,0.9885734327992165,0.0114265672007835,0.9820540071685526,3.741100256748689,60,4,0.0,0,0,True,3.5161411338485777,0.035023951354736,468,False,8.478767302818596
Z,standalone_open_adjoint,combined,static_only,0.08,0.0,0.0,58,0.9836785798883458,0.01632142011165416,0.9806429348374497,3.741100256748689,60,4,0.0,0,0,True,3.5161411338485777,0.035023951354736,468,False,8.478767302818596
Z,standalone_open_adjoint,combined,static_only,0.08,0.0,0.0,59,0.9898228969725041,0.01017710302749586,0.9827658390324144,3.741100256748689,60,4,0.0,0,0,True,3.5161411338485777,0.035023951354736,468,False,8.478767302818596
Z,standalone_open_adjoint,combined,deph_0.005,0.08,0.005,0.0,10,0.951192684050965,0.04880731594903498,0.9118699557671794,3.741100256748689,60,4,0.0,0,0,True,3.5161411338485777,0.035023951354736,468,False,8.478767302818596
Z,standalone_open_adjoint,combined,deph_0.005,0.08,0.005,0.0,11,0.9541180342497901,0.04588196575020986,0.9142001863553901,3.741100256748689,60,4,0.0,0,0,True,3.5161411338485777,0.035023951354736,468,False,8.478767302818596
Z,standalone_open_adjoint,combined,deph_0.005,0.08,0.005,0.0,12,0.9544780385714816,0.04552196142851839,0.9143962010902882,3.741100256748689,60,4,0.0,0,0,True,3.5161411338485777,0.035023951354736,468,False,8.478767302818596
Z,standalone_open_adjoint,combined,deph_0.005,0.08,0.005,0.0,13,0.9533439967250241,0.04665600327497588,0.9113476282522213,3.741100256748689,60,4,0.0,0,0,True,3.5161411338485777,0.035023951354736,468,False,8.478767302818596
Z,standalone_open_adjoint,combined,deph_0.005,0.08,0.005,0.0,14,0.949143133024773,0.050856866975226955,0.9119354821337726,3.741100256748689,60,4,0.0,0,0,True,3.5161411338485777,0.035023951354736,468,False,8.478767302818596
Z,standalone_open_adjoint,combined,deph_0.005,0.08,0.005,0.0,15,0.9532483930431935,0.04675160695680647,0.9122566453732659,3.741100256748689,60,4,0.0,0,0,True,3.5161411338485777,0.035023951354736,468,False,8.478767302818596
Z,standalone_open_adjoint,combined,deph_0.005,0.08,0.005,0.0,16,0.9532797494815506,0.04672025051844941,0.9138188629144872,3.741100256748689,60,4,0.0,0,0,True,3.5161411338485777,0.035023951354736,468,False,8.478767302818596
Z,standalone_open_adjoint,combined,deph_0.005,0.08,0.005,0.0,17,0.9533034715557297,0.0466965284442703,0.9140840973149886,3.741100256748689,60,4,0.0,0,0,True,3.5161411338485777,0.035023951354736,468,False,8.478767302818596
Z,standalone_open_adjoint,combined,deph_0.005,0.08,0.005,0.0,18,0.9532590381614039,0.04674096183859611,0.9116500775144186,3.741100256748689,60,4,0.0,0,0,True,3.5161411338485777,0.035023951354736,468,False,8.478767302818596
Z,standalone_open_adjoint,combined,deph_0.005,0.08,0.005,0.0,19,0.9547372884892228,0.04526271151077721,0.9146987094611541,3.741100256748689,60,4,0.0,0,0,True,3.5161411338485777,0.035023951354736,468,False,8.478767302818596
Z,standalone_open_adjoint,combined,deph_0.005,0.08,0.005,0.0,20,0.953662675564197,0.04633732443580296,0.9140309588905126,3.741100256748689,60,4,0.0,0,0,True,3.5161411338485777,0.035023951354736,468,False,8.478767302818596
Z,standalone_open_adjoint,combined,deph_0.005,0.08,0.005,0.0,21,0.9516391328820892,0.048360867117910766,0.9148572965268834,3.741100256748689,60,4,0.0,0,0,True,3.5161411338485777,0.035023951354736,468,False,8.478767302818596
Z,standalone_open_adjoint,combined,deph_0.005,0.08,0.005,0.0,22,0.9507967424859151,0.04920325751408494,0.9116640868177213,3.741100256748689,60,4,0.0,0,0,True,3.5161411338485777,0.035023951354736,468,False,8.478767302818596
Z,standalone_open_adjoint,combined,deph_0.005,0.08,0.005,0.0,23,0.9545241938962677,0.04547580610373225,0.9140896172128337,3.741100256748689,60,4,0.0,0,0,True,3.5161411338485777,0.035023951354736,468,False,8.478767302818596
Z,standalone_open_adjoint,combined,deph_0.005,0.08,0.005,0.0,24,0.9518989848008065,0.04810101519919352,0.9139664793071567,3.741100256748689,60,4,0.0,0,0,True,3.5161411338485777,0.035023951354736,468,False,8.478767302818596
Z,standalone_open_adjoint,combined,deph_0.005,0.08,0.005,0.0,25,0.9498515335833917,0.050148466416608306,0.9134103002410845,3.741100256748689,60,4,0.0,0,0,True,3.5161411338485777,0.035023951354736,468,False,8.478767302818596
Z,standalone_open_adjoint,combined,deph_0.005,0.08,0.005,0.0,26,0.9534043368847211,0.04659566311527885,0.9116858480946114,3.741100256748689,60,4,0.0,0,0,True,3.5161411338485777,0.035023951354736,468,False,8.478767302818596
Z,standalone_open_adjoint,combined,deph_0.005,0.08,0.005,0.0,27,0.954307485988369,0.04569251401163099,0.9136989575917728,3.741100256748689,60,4,0.0,0,0,True,3.5161411338485777,0.035023951354736,468,False,8.478767302818596
Z,standalone_open_adjoint,combined,deph_0.005,0.08,0.005,0.0,28,0.9524510679850526,0.047548932014947365,0.9133884465777427,3.741100256748689,60,4,0.0,0,0,True,3.5161411338485777,0.035023951354736,468,False,8.478767302818596
Z,standalone_open_adjoint,combined,deph_0.005,0.08,0.005,0.0,29,0.9517751953385124,0.0482248046614876,0.9133324002849588,3.741100256748689,60,4,0.0,0,0,True,3.5161411338485777,0.035023951354736,468,False,8.478767302818596
Z,standalone_open_adjoint,combined,deph_0.005,0.08,0.005,0.0,30,0.9532130182018113,0.04678698179818874,0.9143454042484772,3.741100256748689,60,4,0.0,0,0,True,3.5161411338485777,0.035023951354736,468,False,8.478767302818596
Z,standalone_open_adjoint,combined,deph_0.005,0.08,0.005,0.0,31,0.9530411390635417,0.04695886093645829,0.9136438418516653,3.741100256748689,60,4,0.0,0,0,True,3.5161411338485777,0.035023951354736,468,False,8.478767302818596
Z,standalone_open_adjoint,combined,deph_0.005,0.08,0.005,0.0,32,0.9550877142485693,0.04491228575143069,0.9145652325774305,3.741100256748689,60,4,0.0,0,0,True,3.5161411338485777,0.035023951354736,468,False,8.478767302818596
Z,standalone_open_adjoint,combined,deph_0.005,0.08,0.005,0.0,33,0.9529266017220516,0.04707339827794843,0.9117355615357081,3.741100256748689,60,4,0.0,0,0,True,3.5161411338485777,0.035023951354736,468,False,8.478767302818596
Z,standalone_open_adjoint,combined,deph_0.005,0.08,0.005,0.0,34,0.9520622239846399,0.04793777601536009,0.9121677613641977,3.741100256748689,60,4,0.0,0,0,True,3.5161411338485777,0.035023951354736,468,False,8.478767302818596
Z,standalone_open_adjoint,combined,deph_0.005,0.08,0.005,0.0,35,0.9535093533116861,0.04649064668831393,0.9138861560382139,3.741100256748689,60,4,0.0,0,0,True,3.5161411338485777,0.035023951354736,468,False,8.478767302818596
Z,standalone_open_adjoint,combined,deph_0.005,0.08,0.005,0.0,36,0.9523167943047115,0.0476832056952885,0.9126163532535163,3.741100256748689,60,4,0.0,0,0,True,3.5161411338485777,0.035023951354736,468,False,8.478767302818596
Z,standalone_open_adjoint,combined,deph_0.005,0.08,0.005,0.0,37,0.9496248324239415,0.05037516757605853,0.912663953552307,3.741100256748689,60,4,0.0,0,0,True,3.5161411338485777,0.035023951354736,468,False,8.478767302818596
Z,standalone_open_adjoint,combined,deph_0.005,0.08,0.005,0.0,38,0.9543209165173137,0.045679083482686345,0.9133209731966097,3.741100256748689,60,4,0.0,0,0,True,3.5161411338485777,0.035023951354736,468,False,8.478767302818596
Z,standalone_open_adjoint,combined,deph_0.005,0.08,0.005,0.0,39,0.9546870617937806,0.0453129382062194,0.9144795078340142,3.741100256748689,60,4,0.0,0,0,True,3.5161411338485777,0.035023951354736,468,False,8.478767302818596
Z,standalone_open_adjoint,combined,deph_0.005,0.08,0.005,0.0,40,0.9516121948814271,0.04838780511857288,0.91159245014767,3.741100256748689,60,4,0.0,0,0,True,3.5161411338485777,0.035023951354736,468,False,8.478767302818596
Z,standalone_open_adjoint,combined,deph_0.005,0.08,0.005,0.0,41,0.9529733103425939,0.047026689657406084,0.9136533556552952,3.741100256748689,60,4,0.0,0,0,True,3.5161411338485777,0.035023951354736,468,False,8.478767302818596
Z,standalone_open_adjoint,combined,deph_0.005,0.08,0.005,0.0,42,0.9530825334889875,0.04691746651101247,0.9114990810828514,3.741100256748689,60,4,0.0,0,0,True,3.5161411338485777,0.035023951354736,468,False,8.478767302818596
Z,standalone_open_adjoint,combined,deph_0.005,0.08,0.005,0.0,43,0.9528087367743993,0.047191263225600744,0.9150698901961724,3.741100256748689,60,4,0.0,0,0,True,3.5161411338485777,0.035023951354736,468,False,8.478767302818596
Z,standalone_open_adjoint,combined,deph_0.005,0.08,0.005,0.0,44,0.9542802341848622,0.045719765815137814,0.9132433702724824,3.741100256748689,60,4,0.0,0,0,True,3.5161411338485777,0.035023951354736,468,False,8.478767302818596
Z,standalone_open_adjoint,combined,deph_0.005,0.08,0.005,0.0,45,0.9533693560095309,0.04663064399046912,0.9116555099318346,3.741100256748689,60,4,0.0,0,0,True,3.5161411338485777,0.035023951354736,468,False,8.478767302818596
Z,standalone_open_adjoint,combined,deph_0.005,0.08,0.005,0.0,46,0.9541436832154389,0.045856316784561146,0.9150903629337617,3.741100256748689,60,4,0.0,0,0,True,3.5161411338485777,0.035023951354736,468,False,8.478767302818596
Z,standalone_open_adjoint,combined,deph_0.005,0.08,0.005,0.0,47,0.9483202979472458,0.051679702052754184,0.9130469418824552,3.741100256748689,60,4,0.0,0,0,True,3.5161411338485777,0.035023951354736,468,False,8.478767302818596
Z,standalone_open_adjoint,combined,deph_0.005,0.08,0.005,0.0,48,0.9550080297360841,0.04499197026391588,0.9150107730297824,3.741100256748689,60,4,0.0,0,0,True,3.5161411338485777,0.035023951354736,468,False,8.478767302818596
Z,standalone_open_adjoint,combined,deph_0.005,0.08,0.005,0.0,49,0.9554219804574255,0.044578019542574454,0.9149018558966138,3.741100256748689,60,4,0.0,0,0,True,3.5161411338485777,0.035023951354736,468,False,8.478767302818596
Z,standalone_open_adjoint,combined,deph_0.005,0.08,0.005,0.0,50,0.9528355320176387,0.04716446798236129,0.9119234084881581,3.741100256748689,60,4,0.0,0,0,True,3.5161411338485777,0.035023951354736,468,False,8.478767302818596
Z,standalone_open_adjoint,combined,deph_0.005,0.08,0.005,0.0,51,0.9532629212229657,0.04673707877703426,0.9117592717412905,3.741100256748689,60,4,0.0,0,0,True,3.5161411338485777,0.035023951354736,468,False,8.478767302818596
Z,standalone_open_adjoint,combined,deph_0.005,0.08,0.005,0.0,52,0.9528885608272789,0.04711143917272109,0.913778176013629,3.741100256748689,60,4,0.0,0,0,True,3.5161411338485777,0.035023951354736,468,False,8.478767302818596
Z,standalone_open_adjoint,combined,deph_0.005,0.08,0.005,0.0,53,0.9526433149493934,0.04735668505060664,0.9117653949205184,3.741100256748689,60,4,0.0,0,0,True,3.5161411338485777,0.035023951354736,468,False,8.478767302818596
Z,standalone_open_adjoint,combined,deph_0.005,0.08,0.005,0.0,54,0.9526011872814963,0.04739881271850366,0.9129614823305559,3.741100256748689,60,4,0.0,0,0,True,3.5161411338485777,0.035023951354736,468,False,8.478767302818596
Z,standalone_open_adjoint,combined,deph_0.005,0.08,0.005,0.0,55,0.9528125693630856,0.04718743063691444,0.9110012083020154,3.741100256748689,60,4,0.0,0,0,True,3.5161411338485777,0.035023951354736,468,False,8.478767302818596
Z,standalone_open_adjoint,combined,deph_0.005,0.08,0.005,0.0,56,0.9524583483528837,0.04754165164711632,0.9132859471737659,3.741100256748689,60,4,0.0,0,0,True,3.5161411338485777,0.035023951354736,468,False,8.478767302818596
Z,standalone_open_adjoint,combined,deph_0.005,0.08,0.005,0.0,57,0.9524282926291514,0.04757170737084859,0.9132129937983607,3.741100256748689,60,4,0.0,0,0,True,3.5161411338485777,0.035023951354736,468,False,8.478767302818596
Z,standalone_open_adjoint,combined,deph_0.005,0.08,0.005,0.0,58,0.9481279124829356,0.0518720875170644,0.9130535225214059,3.741100256748689,60,4,0.0,0,0,True,3.5161411338485777,0.035023951354736,468,False,8.478767302818596
Z,standalone_open_adjoint,combined,deph_0.005,0.08,0.005,0.0,59,0.9536469792550663,0.04635302074493375,0.9140293783557807,3.741100256748689,60,4,0.0,0,0,True,3.5161411338485777,0.035023951354736,468,False,8.478767302818596
Z,standalone_open_adjoint,combined,relax_0.002,0.08,0.0,0.002,10,0.9825303037250109,0.017469696274989066,0.9711048474015209,3.741100256748689,60,4,0.0,0,0,True,3.5161411338485777,0.035023951354736,468,False,8.478767302818596
Z,standalone_open_adjoint,combined,relax_0.002,0.08,0.0,0.002,11,0.9862885972451283,0.013711402754871704,0.9752761340853936,3.741100256748689,60,4,0.0,0,0,True,3.5161411338485777,0.035023951354736,468,False,8.478767302818596
Z,standalone_open_adjoint,combined,relax_0.002,0.08,0.0,0.002,12,0.9866231131635662,0.013376886836433788,0.9753716819748905,3.741100256748689,60,4,0.0,0,0,True,3.5161411338485777,0.035023951354736,468,False,8.478767302818596
Z,standalone_open_adjoint,combined,relax_0.002,0.08,0.0,0.002,13,0.9854908889915078,0.01450911100849217,0.971687124236053,3.741100256748689,60,4,0.0,0,0,True,3.5161411338485777,0.035023951354736,468,False,8.478767302818596
Z,standalone_open_adjoint,combined,relax_0.002,0.08,0.0,0.002,14,0.9804325673498538,0.019567432650146155,0.9711088738580078,3.741100256748689,60,4,0.0,0,0,True,3.5161411338485777,0.035023951354736,468,False,8.478767302818596
Z,standalone_open_adjoint,combined,relax_0.002,0.08,0.0,0.002,15,0.9853008042198983,0.014699195780101704,0.9724389727352948,3.741100256748689,60,4,0.0,0,0,True,3.5161411338485777,0.035023951354736,468,False,8.478767302818596
Z,standalone_open_adjoint,combined,relax_0.002,0.08,0.0,0.002,16,0.9857137373631468,0.014286262636853175,0.9752493640171281,3.741100256748689,60,4,0.0,0,0,True,3.5161411338485777,0.035023951354736,468,False,8.478767302818596
Z,standalone_open_adjoint,combined,relax_0.002,0.08,0.0,0.002,17,0.9847596011528723,0.01524039884712769,0.9729503543877962,3.741100256748689,60,4,0.0,0,0,True,3.5161411338485777,0.035023951354736,468,False,8.478767302818596
Z,standalone_open_adjoint,combined,relax_0.002,0.08,0.0,0.002,18,0.9855276139712806,0.014472386028719364,0.9721627410887639,3.741100256748689,60,4,0.0,0,0,True,3.5161411338485777,0.035023951354736,468,False,8.478767302818596
Z,standalone_open_adjoint,combined,relax_0.002,0.08,0.0,0.002,19,0.9869354241665805,0.013064575833419467,0.9755760097632403,3.741100256748689,60,4,0.0,0,0,True,3.5161411338485777,0.035023951354736,468,False,8.478767302818596
Z,standalone_open_adjoint,combined,relax_0.002,0.08,0.0,0.002,20,0.9859687360763394,0.014031263923660608,0.9753432546274672,3.741100256748689,60,4,0.0,0,0,True,3.5161411338485777,0.035023951354736,468,False,8.478767302818596
Z,standalone_open_adjoint,combined,relax_0.002,0.08,0.0,0.002,21,0.9829787736813431,0.01702122631865688,0.9736060779605524,3.741100256748689,60,4,0.0,0,0,True,3.5161411338485777,0.035023951354736,468,False,8.478767302818596
Z,standalone_open_adjoint,combined,relax_0.002,0.08,0.0,0.002,22,0.9820676008984137,0.017932399101586283,0.9708506274710461,3.741100256748689,60,4,0.0,0,0,True,3.5161411338485777,0.035023951354736,468,False,8.478767302818596
Z,standalone_open_adjoint,combined,relax_0.002,0.08,0.0,0.002,23,0.9861021305184943,0.013897869481505731,0.9732953600843929,3.741100256748689,60,4,0.0,0,0,True,3.5161411338485777,0.035023951354736,468,False,8.478767302818596
Z,standalone_open_adjoint,combined,relax_0.002,0.08,0.0,0.002,24,0.9832597561285993,0.016740243871400717,0.9726904002636447,3.741100256748689,60,4,0.0,0,0,True,3.5161411338485777,0.035023951354736,468,False,8.478767302818596
Z,standalone_open_adjoint,combined,relax_0.002,0.08,0.0,0.002,25,0.9811053473784797,0.018894652621520347,0.9721407537181467,3.741100256748689,60,4,0.0,0,0,True,3.5161411338485777,0.035023951354736,468,False,8.478767302818596
Z,standalone_open_adjoint,combined,relax_0.002,0.08,0.0,0.002,26,0.9855170835032981,0.014482916496701859,0.9719436636474319,3.741100256748689,60,4,0.0,0,0,True,3.5161411338485777,0.035023951354736,468,False,8.478767302818596
Z,standalone_open_adjoint,combined,relax_0.002,0.08,0.0,0.002,27,0.9861755019100873,0.013824498089912707,0.9739679470581384,3.741100256748689,60,4,0.0,0,0,True,3.5161411338485777,0.035023951354736,468,False,8.478767302818596
Z,standalone_open_adjoint,combined,relax_0.002,0.08,0.0,0.002,28,0.984263012858964,0.015736987141035996,0.9732361515357348,3.741100256748689,60,4,0.0,0,0,True,3.5161411338485777,0.035023951354736,468,False,8.478767302818596
Z,standalone_open_adjoint,combined,relax_0.002,0.08,0.0,0.002,29,0.9833917582022629,0.016608241797737122,0.9728642979281215,3.741100256748689,60,4,0.0,0,0,True,3.5161411338485777,0.035023951354736,468,False,8.478767302818596
Z,standalone_open_adjoint,combined,relax_0.002,0.08,0.0,0.002,30,0.9846322597012193,0.015367740298780741,0.9731361669133556,3.741100256748689,60,4,0.0,0,0,True,3.5161411338485777,0.035023951354736,468,False,8.478767302818596
Z,standalone_open_adjoint,combined,relax_0.002,0.08,0.0,0.002,31,0.9855145835216945,0.01448541647830548,0.9750796890200494,3.741100256748689,60,4,0.0,0,0,True,3.5161411338485777,0.035023951354736,468,False,8.478767302818596
Z,standalone_open_adjoint,combined,relax_0.002,0.08,0.0,0.002,32,0.9866944660379126,0.013305533962087446,0.9739477959874787,3.741100256748689,60,4,0.0,0,0,True,3.5161411338485777,0.035023951354736,468,False,8.478767302818596
Z,standalone_open_adjoint,combined,relax_0.002,0.08,0.0,0.002,33,0.9852197088160382,0.014780291183961847,0.9724028714057246,3.741100256748689,60,4,0.0,0,0,True,3.5161411338485777,0.035023951354736,468,False,8.478767302818596
Z,standalone_open_adjoint,combined,relax_0.002,0.08,0.0,0.002,34,0.9845014008675139,0.01549859913248608,0.9732315176282277,3.741100256748689,60,4,0.0,0,0,True,3.5161411338485777,0.035023951354736,468,False,8.478767302818596
Z,standalone_open_adjoint,combined,relax_0.002,0.08,0.0,0.002,35,0.9859560001212297,0.014043999878770252,0.9751985792702736,3.741100256748689,60,4,0.0,0,0,True,3.5161411338485777,0.035023951354736,468,False,8.478767302818596
Z,standalone_open_adjoint,combined,relax_0.002,0.08,0.0,0.002,36,0.9839904338066673,0.016009566193332714,0.9722499390604985,3.741100256748689,60,4,0.0,0,0,True,3.5161411338485777,0.035023951354736,468,False,8.478767302818596
Z,standalone_open_adjoint,combined,relax_0.002,0.08,0.0,0.002,37,0.9809321862993216,0.01906781370067845,0.9716425005767764,3.741100256748689,60,4,0.0,0,0,True,3.5161411338485777,0.035023951354736,468,False,8.478767302818596
Z,standalone_open_adjoint,combined,relax_0.002,0.08,0.0,0.002,38,0.9860718673425197,0.013928132657480274,0.9729486602901383,3.741100256748689,60,4,0.0,0,0,True,3.5161411338485777,0.035023951354736,468,False,8.478767302818596
Z,standalone_open_adjoint,combined,relax_0.002,0.08,0.0,0.002,39,0.9867731119758675,0.013226888024132522,0.9753180139762101,3.741100256748689,60,4,0.0,0,0,True,3.5161411338485777,0.035023951354736,468,False,8.478767302818596
Z,standalone_open_adjoint,combined,relax_0.002,0.08,0.0,0.002,40,0.9830077213090638,0.016992278690936224,0.9709253712390488,3.741100256748689,60,4,0.0,0,0,True,3.5161411338485777,0.035023951354736,468,False,8.478767302818596
Z,standalone_open_adjoint,combined,relax_0.002,0.08,0.0,0.002,41,0.9849858104507156,0.015014189549284351,0.9738577987485486,3.741100256748689,60,4,0.0,0,0,True,3.5161411338485777,0.035023951354736,468,False,8.478767302818596
Z,standalone_open_adjoint,combined,relax_0.002,0.08,0.0,0.002,42,0.9853998495408263,0.014600150459173733,0.9721405488759085,3.741100256748689,60,4,0.0,0,0,True,3.5161411338485777,0.035023951354736,468,False,8.478767302818596
Z,standalone_open_adjoint,combined,relax_0.002,0.08,0.0,0.002,43,0.9842265362209319,0.015773463779068075,0.973923611310582,3.741100256748689,60,4,0.0,0,0,True,3.5161411338485777,0.035023951354736,468,False,8.478767302818596
Z,standalone_open_adjoint,combined,relax_0.002,0.08,0.0,0.002,44,0.9860550879333077,0.01394491206669235,0.9729322081367837,3.741100256748689,60,4,0.0,0,0,True,3.5161411338485777,0.035023951354736,468,False,8.478767302818596
Z,standalone_open_adjoint,combined,relax_0.002,0.08,0.0,0.002,45,0.9853556853296767,0.014644314670323344,0.9717288319210124,3.741100256748689,60,4,0.0,0,0,True,3.5161411338485777,0.035023951354736,468,False,8.478767302818596
Z,standalone_open_adjoint,combined,relax_0.002,0.08,0.0,0.002,46,0.9860223720618311,0.013977627938168924,0.9750309907750212,3.741100256748689,60,4,0.0,0,0,True,3.5161411338485777,0.035023951354736,468,False,8.478767302818596
Z,standalone_open_adjoint,combined,relax_0.002,0.08,0.0,0.002,47,0.9793928042243923,0.020607195775607656,0.9717941709235979,3.741100256748689,60,4,0.0,0,0,True,3.5161411338485777,0.035023951354736,468,False,8.478767302818596
Z,standalone_open_adjoint,combined,relax_0.002,0.08,0.0,0.002,48,0.9870494533849015,0.012950546615098535,0.9754609871529741,3.741100256748689,60,4,0.0,0,0,True,3.5161411338485777,0.035023951354736,468,False,8.478767302818596
Z,standalone_open_adjoint,combined,relax_0.002,0.08,0.0,0.002,49,0.9872246634372526,0.01277533656274743,0.9749085403687776,3.741100256748689,60,4,0.0,0,0,True,3.5161411338485777,0.035023951354736,468,False,8.478767302818596
Z,standalone_open_adjoint,combined,relax_0.002,0.08,0.0,0.002,50,0.9851002839396665,0.014899716060333468,0.972602752055543,3.741100256748689,60,4,0.0,0,0,True,3.5161411338485777,0.035023951354736,468,False,8.478767302818596
Z,standalone_open_adjoint,combined,relax_0.002,0.08,0.0,0.002,51,0.9851723462312418,0.014827653768758164,0.9717221393401247,3.741100256748689,60,4,0.0,0,0,True,3.5161411338485777,0.035023951354736,468,False,8.478767302818596
Z,standalone_open_adjoint,combined,relax_0.002,0.08,0.0,0.002,52,0.9848547792958131,0.01514522070418689,0.9738995795589738,3.741100256748689,60,4,0.0,0,0,True,3.5161411338485777,0.035023951354736,468,False,8.478767302818596
Z,standalone_open_adjoint,combined,relax_0.002,0.08,0.0,0.002,53,0.9850356015225683,0.014964398477431695,0.9725931601601799,3.741100256748689,60,4,0.0,0,0,True,3.5161411338485777,0.035023951354736,468,False,8.478767302818596
Z,standalone_open_adjoint,combined,relax_0.002,0.08,0.0,0.002,54,0.985097609452593,0.014902390547407052,0.9741649113799135,3.741100256748689,60,4,0.0,0,0,True,3.5161411338485777,0.035023951354736,468,False,8.478767302818596
Z,standalone_open_adjoint,combined,relax_0.002,0.08,0.0,0.002,55,0.9847154921866894,0.015284507813310588,0.971065980899237,3.741100256748689,60,4,0.0,0,0,True,3.5161411338485777,0.035023951354736,468,False,8.478767302818596
Z,standalone_open_adjoint,combined,relax_0.002,0.08,0.0,0.002,56,0.9849495670569391,0.015050432943060854,0.9747364125064786,3.741100256748689,60,4,0.0,0,0,True,3.5161411338485777,0.035023951354736,468,False,8.478767302818596
Z,standalone_open_adjoint,combined,relax_0.002,0.08,0.0,0.002,57,0.9846631481601107,0.01533685183988931,0.9744054524405793,3.741100256748689,60,4,0.0,0,0,True,3.5161411338485777,0.035023951354736,468,False,8.478767302818596
Z,standalone_open_adjoint,combined,relax_0.002,0.08,0.0,0.002,58,0.9791864056412118,0.020813594358788157,0.9717748491560549,3.741100256748689,60,4,0.0,0,0,True,3.5161411338485777,0.035023951354736,468,False,8.478767302818596
Z,standalone_open_adjoint,combined,relax_0.002,0.08,0.0,0.002,59,0.9860261537606089,0.01397384623939113,0.9753946108894206,3.741100256748689,60,4,0.0,0,0,True,3.5161411338485777,0.035023951354736,468,False,8.478767302818596
Z,standalone_open_adjoint,combined,combined,0.08,0.005,0.002,10,0.9473165523741771,0.05268344762582289,0.904898832531284,3.741100256748689,60,4,0.0,0,0,True,3.5161411338485777,0.035023951354736,468,False,8.478767302818596
Z,standalone_open_adjoint,combined,combined,0.08,0.005,0.002,11,0.9504738927684083,0.049526107231591676,0.9076423733249994,3.741100256748689,60,4,0.0,0,0,True,3.5161411338485777,0.035023951354736,468,False,8.478767302818596
Z,standalone_open_adjoint,combined,combined,0.08,0.005,0.002,12,0.9508082250368358,0.04919177496316418,0.9077946663471759,3.741100256748689,60,4,0.0,0,0,True,3.5161411338485777,0.035023951354736,468,False,8.478767302818596
Z,standalone_open_adjoint,combined,combined,0.08,0.005,0.002,13,0.9493166341845538,0.05068336581544619,0.9040301929687755,3.741100256748689,60,4,0.0,0,0,True,3.5161411338485777,0.035023951354736,468,False,8.478767302818596
Z,standalone_open_adjoint,combined,combined,0.08,0.005,0.002,14,0.9447592833899108,0.055240716610089224,0.9039149126960533,3.741100256748689,60,4,0.0,0,0,True,3.5161411338485777,0.035023951354736,468,False,8.478767302818596
Z,standalone_open_adjoint,combined,combined,0.08,0.005,0.002,15,0.949681019314103,0.05031898068589702,0.9058510304931557,3.741100256748689,60,4,0.0,0,0,True,3.5161411338485777,0.035023951354736,468,False,8.478767302818596
Z,standalone_open_adjoint,combined,combined,0.08,0.005,0.002,16,0.9498247881873699,0.05017521181263007,0.9076097409986839,3.741100256748689,60,4,0.0,0,0,True,3.5161411338485777,0.035023951354736,468,False,8.478767302818596
Z,standalone_open_adjoint,combined,combined,0.08,0.005,0.002,17,0.9488771050988851,0.05112289490111488,0.9059651379820939,3.741100256748689,60,4,0.0,0,0,True,3.5161411338485777,0.035023951354736,468,False,8.478767302818596
Z,standalone_open_adjoint,combined,combined,0.08,0.005,0.002,18,0.949616633317302,0.05038336668269805,0.9050717605397858,3.741100256748689,60,4,0.0,0,0,True,3.5161411338485777,0.035023951354736,468,False,8.478767302818596
Z,standalone_open_adjoint,combined,combined,0.08,0.005,0.002,19,0.9510989028545942,0.0489010971454058,0.9081594331055127,3.741100256748689,60,4,0.0,0,0,True,3.5161411338485777,0.035023951354736,468,False,8.478767302818596
Z,standalone_open_adjoint,combined,combined,0.08,0.005,0.002,20,0.9501175882645209,0.04988241173547914,0.9076571009613215,3.741100256748689,60,4,0.0,0,0,True,3.5161411338485777,0.035023951354736,468,False,8.478767302818596
Z,standalone_open_adjoint,combined,combined,0.08,0.005,0.002,21,0.9473959264930804,0.052604073506919646,0.9070771399900825,3.741100256748689,60,4,0.0,0,0,True,3.5161411338485777,0.035023951354736,468,False,8.478767302818596
Z,standalone_open_adjoint,combined,combined,0.08,0.005,0.002,22,0.9468582448013099,0.05314175519869013,0.9045743292114387,3.741100256748689,60,4,0.0,0,0,True,3.5161411338485777,0.035023951354736,468,False,8.478767302818596
Z,standalone_open_adjoint,combined,combined,0.08,0.005,0.002,23,0.9502151949603217,0.049784805039678304,0.9062180312645773,3.741100256748689,60,4,0.0,0,0,True,3.5161411338485777,0.035023951354736,468,False,8.478767302818596
Z,standalone_open_adjoint,combined,combined,0.08,0.005,0.002,24,0.9474331342511574,0.05256686574884262,0.9057547961249416,3.741100256748689,60,4,0.0,0,0,True,3.5161411338485777,0.035023951354736,468,False,8.478767302818596
Z,standalone_open_adjoint,combined,combined,0.08,0.005,0.002,25,0.9453863445611576,0.054613655438842446,0.9051894022194305,3.741100256748689,60,4,0.0,0,0,True,3.5161411338485777,0.035023951354736,468,False,8.478767302818596
Z,standalone_open_adjoint,combined,combined,0.08,0.005,0.002,26,0.9497562357728305,0.050243764227169474,0.9051202221259371,3.741100256748689,60,4,0.0,0,0,True,3.5161411338485777,0.035023951354736,468,False,8.478767302818596
Z,standalone_open_adjoint,combined,combined,0.08,0.005,0.002,27,0.9503592472527472,0.04964075274725277,0.9065363673517878,3.741100256748689,60,4,0.0,0,0,True,3.5161411338485777,0.035023951354736,468,False,8.478767302818596
Z,standalone_open_adjoint,combined,combined,0.08,0.005,0.002,28,0.9488129416877781,0.05118705831222192,0.9068399166303316,3.741100256748689,60,4,0.0,0,0,True,3.5161411338485777,0.035023951354736,468,False,8.478767302818596
Z,standalone_open_adjoint,combined,combined,0.08,0.005,0.002,29,0.948044199087515,0.05195580091248497,0.9066028268864509,3.741100256748689,60,4,0.0,0,0,True,3.5161411338485777,0.035023951354736,468,False,8.478767302818596
Z,standalone_open_adjoint,combined,combined,0.08,0.005,0.002,30,0.9487974940856494,0.051202505914350604,0.906244662368284,3.741100256748689,60,4,0.0,0,0,True,3.5161411338485777,0.035023951354736,468,False,8.478767302818596
Z,standalone_open_adjoint,combined,combined,0.08,0.005,0.002,31,0.9496161786526818,0.050383821347318225,0.9074856242930216,3.741100256748689,60,4,0.0,0,0,True,3.5161411338485777,0.035023951354736,468,False,8.478767302818596
Z,standalone_open_adjoint,combined,combined,0.08,0.005,0.002,32,0.9508835417256047,0.04911645827439526,0.9069103402463509,3.741100256748689,60,4,0.0,0,0,True,3.5161411338485777,0.035023951354736,468,False,8.478767302818596
Z,standalone_open_adjoint,combined,combined,0.08,0.005,0.002,33,0.9490952805062371,0.05090471949376285,0.9047602427872822,3.741100256748689,60,4,0.0,0,0,True,3.5161411338485777,0.035023951354736,468,False,8.478767302818596
Z,standalone_open_adjoint,combined,combined,0.08,0.005,0.002,34,0.9485005777394023,0.05149942226059767,0.9056937135049705,3.741100256748689,60,4,0.0,0,0,True,3.5161411338485777,0.035023951354736,468,False,8.478767302818596
Z,standalone_open_adjoint,combined,combined,0.08,0.005,0.002,35,0.9500714799080183,0.049928520091981676,0.9077142265743577,3.741100256748689,60,4,0.0,0,0,True,3.5161411338485777,0.035023951354736,468,False,8.478767302818596
Z,standalone_open_adjoint,combined,combined,0.08,0.005,0.002,36,0.9486356596878833,0.051364340312116674,0.9060037055316568,3.741100256748689,60,4,0.0,0,0,True,3.5161411338485777,0.035023951354736,468,False,8.478767302818596
Z,standalone_open_adjoint,combined,combined,0.08,0.005,0.002,37,0.945168501030931,0.054831498969069026,0.9044779437554064,3.741100256748689,60,4,0.0,0,0,True,3.5161411338485777,0.035023951354736,468,False,8.478767302818596
Z,standalone_open_adjoint,combined,combined,0.08,0.005,0.002,38,0.9501017744037088,0.0498982255962912,0.9056222362317138,3.741100256748689,60,4,0.0,0,0,True,3.5161411338485777,0.035023951354736,468,False,8.478767302818596
Z,standalone_open_adjoint,combined,combined,0.08,0.005,0.002,39,0.9509701100105858,0.049029889989414155,0.9077889339052014,3.741100256748689,60,4,0.0,0,0,True,3.5161411338485777,0.035023951354736,468,False,8.478767302818596
Z,standalone_open_adjoint,combined,combined,0.08,0.005,0.002,40,0.9477334916529874,0.05226650834701263,0.9046250318377562,3.741100256748689,60,4,0.0,0,0,True,3.5161411338485777,0.035023951354736,468,False,8.478767302818596
Z,standalone_open_adjoint,combined,combined,0.08,0.005,0.002,41,0.9494064367036927,0.050593563296307265,0.9072383172187579,3.741100256748689,60,4,0.0,0,0,True,3.5161411338485777,0.035023951354736,468,False,8.478767302818596
Z,standalone_open_adjoint,combined,combined,0.08,0.005,0.002,42,0.9492868377342247,0.05071316226577527,0.9046045865269242,3.741100256748689,60,4,0.0,0,0,True,3.5161411338485777,0.035023951354736,468,False,8.478767302818596
Z,standalone_open_adjoint,combined,combined,0.08,0.005,0.002,43,0.9485693216078633,0.051430678392136664,0.9073090853292645,3.741100256748689,60,4,0.0,0,0,True,3.5161411338485777,0.035023951354736,468,False,8.478767302818596
Z,standalone_open_adjoint,combined,combined,0.08,0.005,0.002,44,0.9500790312952567,0.049920968704743274,0.9055787907461694,3.741100256748689,60,4,0.0,0,0,True,3.5161411338485777,0.035023951354736,468,False,8.478767302818596
Z,standalone_open_adjoint,combined,combined,0.08,0.005,0.002,45,0.9496914846124582,0.050308515387541775,0.9050471029704107,3.741100256748689,60,4,0.0,0,0,True,3.5161411338485777,0.035023951354736,468,False,8.478767302818596
Z,standalone_open_adjoint,combined,combined,0.08,0.005,0.002,46,0.9503148132254264,0.049685186774573564,0.9081607604311578,3.741100256748689,60,4,0.0,0,0,True,3.5161411338485777,0.035023951354736,468,False,8.478767302818596
Z,standalone_open_adjoint,combined,combined,0.08,0.005,0.002,47,0.9441809997896666,0.05581900021033337,0.9054864722414898,3.741100256748689,60,4,0.0,0,0,True,3.5161411338485777,0.035023951354736,468,False,8.478767302818596
Z,standalone_open_adjoint,combined,combined,0.08,0.005,0.002,48,0.9512501599588923,0.04874984004110772,0.9082381068451865,3.741100256748689,60,4,0.0,0,0,True,3.5161411338485777,0.035023951354736,468,False,8.478767302818596
Z,standalone_open_adjoint,combined,combined,0.08,0.005,0.002,49,0.951451627059527,0.048548372940472984,0.9077192180697762,3.741100256748689,60,4,0.0,0,0,True,3.5161411338485777,0.035023951354736,468,False,8.478767302818596
Z,standalone_open_adjoint,combined,combined,0.08,0.005,0.002,50,0.9490042406851308,0.050995759314869216,0.9049435870161421,3.741100256748689,60,4,0.0,0,0,True,3.5161411338485777,0.035023951354736,468,False,8.478767302818596
Z,standalone_open_adjoint,combined,combined,0.08,0.005,0.002,51,0.9495879989727345,0.05041200102726551,0.9051626822585851,3.741100256748689,60,4,0.0,0,0,True,3.5161411338485777,0.035023951354736,468,False,8.478767302818596
Z,standalone_open_adjoint,combined,combined,0.08,0.005,0.002,52,0.949292550366897,0.05070744963310303,0.9073050969415726,3.741100256748689,60,4,0.0,0,0,True,3.5161411338485777,0.035023951354736,468,False,8.478767302818596
Z,standalone_open_adjoint,combined,combined,0.08,0.005,0.002,53,0.9489743746439481,0.05102562535605193,0.9050978708656132,3.741100256748689,60,4,0.0,0,0,True,3.5161411338485777,0.035023951354736,468,False,8.478767302818596
Z,standalone_open_adjoint,combined,combined,0.08,0.005,0.002,54,0.9491983727801114,0.05080162721988857,0.906826396194035,3.741100256748689,60,4,0.0,0,0,True,3.5161411338485777,0.035023951354736,468,False,8.478767302818596
Z,standalone_open_adjoint,combined,combined,0.08,0.005,0.002,55,0.9487134555157697,0.05128654448423031,0.9035813265206174,3.741100256748689,60,4,0.0,0,0,True,3.5161411338485777,0.035023951354736,468,False,8.478767302818596
Z,standalone_open_adjoint,combined,combined,0.08,0.005,0.002,56,0.9490415225445041,0.050958477455495865,0.9071254856323543,3.741100256748689,60,4,0.0,0,0,True,3.5161411338485777,0.035023951354736,468,False,8.478767302818596
Z,standalone_open_adjoint,combined,combined,0.08,0.005,0.002,57,0.948822620914881,0.05117737908511899,0.9066839736768492,3.741100256748689,60,4,0.0,0,0,True,3.5161411338485777,0.035023951354736,468,False,8.478767302818596
Z,standalone_open_adjoint,combined,combined,0.08,0.005,0.002,58,0.9439552036179617,0.0560447963820383,0.9054227139308956,3.741100256748689,60,4,0.0,0,0,True,3.5161411338485777,0.035023951354736,468,False,8.478767302818596
Z,standalone_open_adjoint,combined,combined,0.08,0.005,0.002,59,0.9501507026797863,0.049849297320213704,0.9077492140510376,3.741100256748689,60,4,0.0,0,0,True,3.5161411338485777,0.035023951354736,468,False,8.478767302818596
H,standalone_open_seed,combined,static_only,0.08,0.0,0.0,10,0.9686404834932627,0.031359516506737295,0.9911859097822586,2.466666666666667,60,2,0.0,0,0,True,3.4865878361742944,0.0,0,True,0.0
H,standalone_open_seed,combined,static_only,0.08,0.0,0.0,11,0.9926047087996395,0.007395291200360532,0.9962681292861255,2.466666666666667,60,2,0.0,0,0,True,3.4865878361742944,0.0,0,True,0.0
H,standalone_open_seed,combined,static_only,0.08,0.0,0.0,12,0.9899754505474178,0.010024549452582243,0.996577741483742,2.466666666666667,60,2,0.0,0,0,True,3.4865878361742944,0.0,0,True,0.0
H,standalone_open_seed,combined,static_only,0.08,0.0,0.0,13,0.9922181242856033,0.007781875714396702,0.9978512762899907,2.466666666666667,60,2,0.0,0,0,True,3.4865878361742944,0.0,0,True,0.0
H,standalone_open_seed,combined,static_only,0.08,0.0,0.0,14,0.9933186336919311,0.006681366308068926,0.9923248701771145,2.466666666666667,60,2,0.0,0,0,True,3.4865878361742944,0.0,0,True,0.0
H,standalone_open_seed,combined,static_only,0.08,0.0,0.0,15,0.9831569804584517,0.01684301954154832,0.9970019626354164,2.466666666666667,60,2,0.0,0,0,True,3.4865878361742944,0.0,0,True,0.0
H,standalone_open_seed,combined,static_only,0.08,0.0,0.0,16,0.9891168827366195,0.010883117263380537,0.9971298046879242,2.466666666666667,60,2,0.0,0,0,True,3.4865878361742944,0.0,0,True,0.0
H,standalone_open_seed,combined,static_only,0.08,0.0,0.0,17,0.9955394016309778,0.0044605983690222395,0.9969256314053158,2.466666666666667,60,2,0.0,0,0,True,3.4865878361742944,0.0,0,True,0.0
H,standalone_open_seed,combined,static_only,0.08,0.0,0.0,18,0.9930324034601241,0.0069675965398758866,0.9979287206360372,2.466666666666667,60,2,0.0,0,0,True,3.4865878361742944,0.0,0,True,0.0
H,standalone_open_seed,combined,static_only,0.08,0.0,0.0,19,0.9763152085900187,0.023684791409981254,0.997145633420931,2.466666666666667,60,2,0.0,0,0,True,3.4865878361742944,0.0,0,True,0.0
H,standalone_open_seed,combined,static_only,0.08,0.0,0.0,20,0.9913732549987334,0.00862674500126659,0.9965500975386093,2.466666666666667,60,2,0.0,0,0,True,3.4865878361742944,0.0,0,True,0.0
H,standalone_open_seed,combined,static_only,0.08,0.0,0.0,21,0.964124994160521,0.035875005839479,0.9917888688477174,2.466666666666667,60,2,0.0,0,0,True,3.4865878361742944,0.0,0,True,0.0
H,standalone_open_seed,combined,static_only,0.08,0.0,0.0,22,0.9718696838816503,0.028130316118349707,0.9907943835422386,2.466666666666667,60,2,0.0,0,0,True,3.4865878361742944,0.0,0,True,0.0
H,standalone_open_seed,combined,static_only,0.08,0.0,0.0,23,0.9967918934454315,0.0032081065545684906,0.9975452734326626,2.466666666666667,60,2,0.0,0,0,True,3.4865878361742944,0.0,0,True,0.0
H,standalone_open_seed,combined,static_only,0.08,0.0,0.0,24,0.9930266441548593,0.006973355845140694,0.9953557143036644,2.466666666666667,60,2,0.0,0,0,True,3.4865878361742944,0.0,0,True,0.0
H,standalone_open_seed,combined,static_only,0.08,0.0,0.0,25,0.9900573834253392,0.009942616574660779,0.9928993714006049,2.466666666666667,60,2,0.0,0,0,True,3.4865878361742944,0.0,0,True,0.0
H,standalone_open_seed,combined,static_only,0.08,0.0,0.0,26,0.9911081792584355,0.008891820741564471,0.9976266664913314,2.466666666666667,60,2,0.0,0,0,True,3.4865878361742944,0.0,0,True,0.0
H,standalone_open_seed,combined,static_only,0.08,0.0,0.0,27,0.9970709536605723,0.002929046339427699,0.9955350531141314,2.466666666666667,60,2,0.0,0,0,True,3.4865878361742944,0.0,0,True,0.0
H,standalone_open_seed,combined,static_only,0.08,0.0,0.0,28,0.9534581685977032,0.04654183140229684,0.9936155725156061,2.466666666666667,60,2,0.0,0,0,True,3.4865878361742944,0.0,0,True,0.0
H,standalone_open_seed,combined,static_only,0.08,0.0,0.0,29,0.9479245083404313,0.05207549165956871,0.9917767255086526,2.466666666666667,60,2,0.0,0,0,True,3.4865878361742944,0.0,0,True,0.0
H,standalone_open_seed,combined,static_only,0.08,0.0,0.0,30,0.9930254677954831,0.006974532204516937,0.9963986345606697,2.466666666666667,60,2,0.0,0,0,True,3.4865878361742944,0.0,0,True,0.0
H,standalone_open_seed,combined,static_only,0.08,0.0,0.0,31,0.9893069957113605,0.010693004288639507,0.9972935528750667,2.466666666666667,60,2,0.0,0,0,True,3.4865878361742944,0.0,0,True,0.0
H,standalone_open_seed,combined,static_only,0.08,0.0,0.0,32,0.9945681554629033,0.005431844537096664,0.9972180962073127,2.466666666666667,60,2,0.0,0,0,True,3.4865878361742944,0.0,0,True,0.0
H,standalone_open_seed,combined,static_only,0.08,0.0,0.0,33,0.9906409213288591,0.009359078671140941,0.996595766625271,2.466666666666667,60,2,0.0,0,0,True,3.4865878361742944,0.0,0,True,0.0
H,standalone_open_seed,combined,static_only,0.08,0.0,0.0,34,0.9937720684953079,0.006227931504692141,0.996218710625903,2.466666666666667,60,2,0.0,0,0,True,3.4865878361742944,0.0,0,True,0.0
H,standalone_open_seed,combined,static_only,0.08,0.0,0.0,35,0.9828394790610364,0.017160520938963586,0.9976766229015457,2.466666666666667,60,2,0.0,0,0,True,3.4865878361742944,0.0,0,True,0.0
H,standalone_open_seed,combined,static_only,0.08,0.0,0.0,36,0.9631974898238121,0.03680251017618785,0.9934207334405087,2.466666666666667,60,2,0.0,0,0,True,3.4865878361742944,0.0,0,True,0.0
H,standalone_open_seed,combined,static_only,0.08,0.0,0.0,37,0.9939956960562499,0.006004303943750067,0.9932244217766104,2.466666666666667,60,2,0.0,0,0,True,3.4865878361742944,0.0,0,True,0.0
H,standalone_open_seed,combined,static_only,0.08,0.0,0.0,38,0.9959765440525208,0.004023455947479215,0.9971966941041923,2.466666666666667,60,2,0.0,0,0,True,3.4865878361742944,0.0,0,True,0.0
H,standalone_open_seed,combined,static_only,0.08,0.0,0.0,39,0.9900903065990054,0.009909693400994568,0.9965639118116925,2.466666666666667,60,2,0.0,0,0,True,3.4865878361742944,0.0,0,True,0.0
H,standalone_open_seed,combined,static_only,0.08,0.0,0.0,40,0.9758683964591695,0.02413160354083055,0.9922118879753693,2.466666666666667,60,2,0.0,0,0,True,3.4865878361742944,0.0,0,True,0.0
H,standalone_open_seed,combined,static_only,0.08,0.0,0.0,41,0.9572261196222132,0.042773880377786844,0.9951609998350455,2.466666666666667,60,2,0.0,0,0,True,3.4865878361742944,0.0,0,True,0.0
H,standalone_open_seed,combined,static_only,0.08,0.0,0.0,42,0.9916880470842828,0.00831195291571718,0.9973658772053582,2.466666666666667,60,2,0.0,0,0,True,3.4865878361742944,0.0,0,True,0.0
H,standalone_open_seed,combined,static_only,0.08,0.0,0.0,43,0.9695319140325149,0.03046808596748507,0.993426346717321,2.466666666666667,60,2,0.0,0,0,True,3.4865878361742944,0.0,0,True,0.0
H,standalone_open_seed,combined,static_only,0.08,0.0,0.0,44,0.9956467961800686,0.004353203819931428,0.9970841382501366,2.466666666666667,60,2,0.0,0,0,True,3.4865878361742944,0.0,0,True,0.0
H,standalone_open_seed,combined,static_only,0.08,0.0,0.0,45,0.9892131964584909,0.010786803541509071,0.9970601162149616,2.466666666666667,60,2,0.0,0,0,True,3.4865878361742944,0.0,0,True,0.0
H,standalone_open_seed,combined,static_only,0.08,0.0,0.0,46,0.9539065934058468,0.046093406594153175,0.9947633814901266,2.466666666666667,60,2,0.0,0,0,True,3.4865878361742944,0.0,0,True,0.0
H,standalone_open_seed,combined,static_only,0.08,0.0,0.0,47,0.9554591509316055,0.044540849068394506,0.9874507324493591,2.466666666666667,60,2,0.0,0,0,True,3.4865878361742944,0.0,0,True,0.0
H,standalone_open_seed,combined,static_only,0.08,0.0,0.0,48,0.9705056358547182,0.029494364145281837,0.9966799809574594,2.466666666666667,60,2,0.0,0,0,True,3.4865878361742944,0.0,0,True,0.0
H,standalone_open_seed,combined,static_only,0.08,0.0,0.0,49,0.9880704012866076,0.011929598713392386,0.9968522219242619,2.466666666666667,60,2,0.0,0,0,True,3.4865878361742944,0.0,0,True,0.0
H,standalone_open_seed,combined,static_only,0.08,0.0,0.0,50,0.9906322104352568,0.009367789564743156,0.9960737599081643,2.466666666666667,60,2,0.0,0,0,True,3.4865878361742944,0.0,0,True,0.0
H,standalone_open_seed,combined,static_only,0.08,0.0,0.0,51,0.9863186336063163,0.01368136639368367,0.9965222354176241,2.466666666666667,60,2,0.0,0,0,True,3.4865878361742944,0.0,0,True,0.0
H,standalone_open_seed,combined,static_only,0.08,0.0,0.0,52,0.9534724171331699,0.04652758286683012,0.9946327656637097,2.466666666666667,60,2,0.0,0,0,True,3.4865878361742944,0.0,0,True,0.0
H,standalone_open_seed,combined,static_only,0.08,0.0,0.0,53,0.9923907825185041,0.0076092174814959,0.996908336801384,2.466666666666667,60,2,0.0,0,0,True,3.4865878361742944,0.0,0,True,0.0
H,standalone_open_seed,combined,static_only,0.08,0.0,0.0,54,0.9910441658544183,0.008955834145581654,0.9976939925061405,2.466666666666667,60,2,0.0,0,0,True,3.4865878361742944,0.0,0,True,0.0
H,standalone_open_seed,combined,static_only,0.08,0.0,0.0,55,0.9954452413342987,0.0045547586657013195,0.9972076902474252,2.466666666666667,60,2,0.0,0,0,True,3.4865878361742944,0.0,0,True,0.0
H,standalone_open_seed,combined,static_only,0.08,0.0,0.0,56,0.993242411402988,0.006757588597012032,0.996860367125793,2.466666666666667,60,2,0.0,0,0,True,3.4865878361742944,0.0,0,True,0.0
H,standalone_open_seed,combined,static_only,0.08,0.0,0.0,57,0.9970212717409151,0.0029787282590848507,0.9946877784591412,2.466666666666667,60,2,0.0,0,0,True,3.4865878361742944,0.0,0,True,0.0
H,standalone_open_seed,combined,static_only,0.08,0.0,0.0,58,0.9580398723278439,0.04196012767215607,0.9874865972715596,2.466666666666667,60,2,0.0,0,0,True,3.4865878361742944,0.0,0,True,0.0
H,standalone_open_seed,combined,static_only,0.08,0.0,0.0,59,0.9879890686793162,0.01201093132068376,0.9970683721463907,2.466666666666667,60,2,0.0,0,0,True,3.4865878361742944,0.0,0,True,0.0
H,standalone_open_seed,combined,deph_0.005,0.08,0.005,0.0,10,0.9335445361200811,0.06645546387991885,0.9221545494881556,2.466666666666667,60,2,0.0,0,0,True,3.4865878361742944,0.0,0,True,0.0
H,standalone_open_seed,combined,deph_0.005,0.08,0.005,0.0,11,0.9556948711955409,0.04430512880445914,0.9248799951410075,2.466666666666667,60,2,0.0,0,0,True,3.4865878361742944,0.0,0,True,0.0
H,standalone_open_seed,combined,deph_0.005,0.08,0.005,0.0,12,0.9531687814262413,0.046831218573758715,0.9252609457537749,2.466666666666667,60,2,0.0,0,0,True,3.4865878361742944,0.0,0,True,0.0
H,standalone_open_seed,combined,deph_0.005,0.08,0.005,0.0,13,0.9550822938493934,0.04491770615060664,0.9268359622207109,2.466666666666667,60,2,0.0,0,0,True,3.4865878361742944,0.0,0,True,0.0
H,standalone_open_seed,combined,deph_0.005,0.08,0.005,0.0,14,0.9568233325658944,0.04317666743410564,0.9226237449808713,2.466666666666667,60,2,0.0,0,0,True,3.4865878361742944,0.0,0,True,0.0
H,standalone_open_seed,combined,deph_0.005,0.08,0.005,0.0,15,0.9467117459570407,0.05328825404295934,0.9254063777443913,2.466666666666667,60,2,0.0,0,0,True,3.4865878361742944,0.0,0,True,0.0
H,standalone_open_seed,combined,deph_0.005,0.08,0.005,0.0,16,0.9524194394062128,0.047580560593787236,0.9253076557065594,2.466666666666667,60,2,0.0,0,0,True,3.4865878361742944,0.0,0,True,0.0
H,standalone_open_seed,combined,deph_0.005,0.08,0.005,0.0,17,0.9584077236239832,0.04159227637601681,0.9257214664527642,2.466666666666667,60,2,0.0,0,0,True,3.4865878361742944,0.0,0,True,0.0
H,standalone_open_seed,combined,deph_0.005,0.08,0.005,0.0,18,0.9560009929344297,0.04399900706557025,0.9269208315146613,2.466666666666667,60,2,0.0,0,0,True,3.4865878361742944,0.0,0,True,0.0
H,standalone_open_seed,combined,deph_0.005,0.08,0.005,0.0,19,0.9402179759589294,0.05978202404107058,0.92628411188916,2.466666666666667,60,2,0.0,0,0,True,3.4865878361742944,0.0,0,True,0.0
H,standalone_open_seed,combined,deph_0.005,0.08,0.005,0.0,20,0.9545555278394717,0.04544447216052827,0.9249855035037065,2.466666666666667,60,2,0.0,0,0,True,3.4865878361742944,0.0,0,True,0.0
H,standalone_open_seed,combined,deph_0.005,0.08,0.005,0.0,21,0.9294499068080233,0.07055009319197669,0.9253100979634759,2.466666666666667,60,2,0.0,0,0,True,3.4865878361742944,0.0,0,True,0.0
H,standalone_open_seed,combined,deph_0.005,0.08,0.005,0.0,22,0.9366419183615733,0.06335808163842671,0.9218843582144034,2.466666666666667,60,2,0.0,0,0,True,3.4865878361742944,0.0,0,True,0.0
H,standalone_open_seed,combined,deph_0.005,0.08,0.005,0.0,23,0.9594225716203078,0.04057742837969225,0.925747516970412,2.466666666666667,60,2,0.0,0,0,True,3.4865878361742944,0.0,0,True,0.0
H,standalone_open_seed,combined,deph_0.005,0.08,0.005,0.0,24,0.9562755750627818,0.043724424937218176,0.9250900505742776,2.466666666666667,60,2,0.0,0,0,True,3.4865878361742944,0.0,0,True,0.0
H,standalone_open_seed,combined,deph_0.005,0.08,0.005,0.0,25,0.9537736906132421,0.04622630938675787,0.9236934559176886,2.466666666666667,60,2,0.0,0,0,True,3.4865878361742944,0.0,0,True,0.0
H,standalone_open_seed,combined,deph_0.005,0.08,0.005,0.0,26,0.954172777373832,0.04582722262616801,0.9263077992912017,2.466666666666667,60,2,0.0,0,0,True,3.4865878361742944,0.0,0,True,0.0
H,standalone_open_seed,combined,deph_0.005,0.08,0.005,0.0,27,0.9598510609481684,0.04014893905183159,0.9242217008211232,2.466666666666667,60,2,0.0,0,0,True,3.4865878361742944,0.0,0,True,0.0
H,standalone_open_seed,combined,deph_0.005,0.08,0.005,0.0,28,0.91896107103284,0.08103892896716003,0.9241615086554033,2.466666666666667,60,2,0.0,0,0,True,3.4865878361742944,0.0,0,True,0.0
H,standalone_open_seed,combined,deph_0.005,0.08,0.005,0.0,29,0.9139456616845765,0.08605433831542353,0.9235340172574684,2.466666666666667,60,2,0.0,0,0,True,3.4865878361742944,0.0,0,True,0.0
H,standalone_open_seed,combined,deph_0.005,0.08,0.005,0.0,30,0.9561262725606994,0.043873727439300625,0.9257833467470001,2.466666666666667,60,2,0.0,0,0,True,3.4865878361742944,0.0,0,True,0.0
H,standalone_open_seed,combined,deph_0.005,0.08,0.005,0.0,31,0.9526081024983707,0.04739189750162931,0.9254010868646783,2.466666666666667,60,2,0.0,0,0,True,3.4865878361742944,0.0,0,True,0.0
H,standalone_open_seed,combined,deph_0.005,0.08,0.005,0.0,32,0.9573721325331668,0.042627867466833225,0.9259136397987258,2.466666666666667,60,2,0.0,0,0,True,3.4865878361742944,0.0,0,True,0.0
H,standalone_open_seed,combined,deph_0.005,0.08,0.005,0.0,33,0.9537920981235789,0.0462079018764211,0.9263261489667209,2.466666666666667,60,2,0.0,0,0,True,3.4865878361742944,0.0,0,True,0.0
H,standalone_open_seed,combined,deph_0.005,0.08,0.005,0.0,34,0.9569541147458445,0.043045885254155536,0.9259608631644096,2.466666666666667,60,2,0.0,0,0,True,3.4865878361742944,0.0,0,True,0.0
H,standalone_open_seed,combined,deph_0.005,0.08,0.005,0.0,35,0.9464210318150799,0.05357896818492014,0.9257230152123148,2.466666666666667,60,2,0.0,0,0,True,3.4865878361742944,0.0,0,True,0.0
H,standalone_open_seed,combined,deph_0.005,0.08,0.005,0.0,36,0.9281643215142099,0.07183567848579009,0.9234960611124666,2.466666666666667,60,2,0.0,0,0,True,3.4865878361742944,0.0,0,True,0.0
H,standalone_open_seed,combined,deph_0.005,0.08,0.005,0.0,37,0.9574038738267776,0.04259612617322239,0.9233321630543768,2.466666666666667,60,2,0.0,0,0,True,3.4865878361742944,0.0,0,True,0.0
H,standalone_open_seed,combined,deph_0.005,0.08,0.005,0.0,38,0.9586108815088059,0.04138911849119409,0.9252595203682841,2.466666666666667,60,2,0.0,0,0,True,3.4865878361742944,0.0,0,True,0.0
H,standalone_open_seed,combined,deph_0.005,0.08,0.005,0.0,39,0.9532618827530427,0.04673811724695731,0.9253313426606726,2.466666666666667,60,2,0.0,0,0,True,3.4865878361742944,0.0,0,True,0.0
H,standalone_open_seed,combined,deph_0.005,0.08,0.005,0.0,40,0.9402457848491459,0.059754215150854106,0.9225415480959422,2.466666666666667,60,2,0.0,0,0,True,3.4865878361742944,0.0,0,True,0.0
H,standalone_open_seed,combined,deph_0.005,0.08,0.005,0.0,41,0.9223685543587302,0.07763144564126978,0.9249181735013069,2.466666666666667,60,2,0.0,0,0,True,3.4865878361742944,0.0,0,True,0.0
H,standalone_open_seed,combined,deph_0.005,0.08,0.005,0.0,42,0.9547328555069372,0.045267144493062794,0.926951436391855,2.466666666666667,60,2,0.0,0,0,True,3.4865878361742944,0.0,0,True,0.0
H,standalone_open_seed,combined,deph_0.005,0.08,0.005,0.0,43,0.9343468511456046,0.06565314885439544,0.9260490506043152,2.466666666666667,60,2,0.0,0,0,True,3.4865878361742944,0.0,0,True,0.0
H,standalone_open_seed,combined,deph_0.005,0.08,0.005,0.0,44,0.9583070247960286,0.041692975203971416,0.9252058224472841,2.466666666666667,60,2,0.0,0,0,True,3.4865878361742944,0.0,0,True,0.0
H,standalone_open_seed,combined,deph_0.005,0.08,0.005,0.0,45,0.9524061876105991,0.04759381238940086,0.9257384438378707,2.466666666666667,60,2,0.0,0,0,True,3.4865878361742944,0.0,0,True,0.0
H,standalone_open_seed,combined,deph_0.005,0.08,0.005,0.0,46,0.9193204388417853,0.08067956115821473,0.926706439998846,2.466666666666667,60,2,0.0,0,0,True,3.4865878361742944,0.0,0,True,0.0
H,standalone_open_seed,combined,deph_0.005,0.08,0.005,0.0,47,0.9217004185218932,0.07829958147810678,0.9218162112687379,2.466666666666667,60,2,0.0,0,0,True,3.4865878361742944,0.0,0,True,0.0
H,standalone_open_seed,combined,deph_0.005,0.08,0.005,0.0,48,0.934768198043543,0.06523180195645695,0.9267570757874262,2.466666666666667,60,2,0.0,0,0,True,3.4865878361742944,0.0,0,True,0.0
H,standalone_open_seed,combined,deph_0.005,0.08,0.005,0.0,49,0.9512971475996883,0.04870285240031169,0.9261534197331402,2.466666666666667,60,2,0.0,0,0,True,3.4865878361742944,0.0,0,True,0.0
H,standalone_open_seed,combined,deph_0.005,0.08,0.005,0.0,50,0.9538263687528928,0.04617363124710716,0.9258531885712988,2.466666666666667,60,2,0.0,0,0,True,3.4865878361742944,0.0,0,True,0.0
H,standalone_open_seed,combined,deph_0.005,0.08,0.005,0.0,51,0.9497107811396118,0.050289218860388174,0.9252267664412567,2.466666666666667,60,2,0.0,0,0,True,3.4865878361742944,0.0,0,True,0.0
H,standalone_open_seed,combined,deph_0.005,0.08,0.005,0.0,52,0.9188758744712286,0.08112412552877135,0.9248833190634013,2.466666666666667,60,2,0.0,0,0,True,3.4865878361742944,0.0,0,True,0.0
H,standalone_open_seed,combined,deph_0.005,0.08,0.005,0.0,53,0.9555167639030042,0.04448323609699578,0.9266582951304758,2.466666666666667,60,2,0.0,0,0,True,3.4865878361742944,0.0,0,True,0.0
H,standalone_open_seed,combined,deph_0.005,0.08,0.005,0.0,54,0.9542574201749794,0.04574257982502061,0.9259157863748628,2.466666666666667,60,2,0.0,0,0,True,3.4865878361742944,0.0,0,True,0.0
H,standalone_open_seed,combined,deph_0.005,0.08,0.005,0.0,55,0.9581980787698043,0.04180192123019566,0.9260228016507075,2.466666666666667,60,2,0.0,0,0,True,3.4865878361742944,0.0,0,True,0.0
H,standalone_open_seed,combined,deph_0.005,0.08,0.005,0.0,56,0.9564093478100872,0.04359065218991276,0.9252552469521278,2.466666666666667,60,2,0.0,0,0,True,3.4865878361742944,0.0,0,True,0.0
H,standalone_open_seed,combined,deph_0.005,0.08,0.005,0.0,57,0.960079968483603,0.039920031516397,0.9239452828840743,2.466666666666667,60,2,0.0,0,0,True,3.4865878361742944,0.0,0,True,0.0
H,standalone_open_seed,combined,deph_0.005,0.08,0.005,0.0,58,0.9241438331987833,0.07585616680121665,0.9217977636676113,2.466666666666667,60,2,0.0,0,0,True,3.4865878361742944,0.0,0,True,0.0
H,standalone_open_seed,combined,deph_0.005,0.08,0.005,0.0,59,0.9513273338217513,0.048672666178248725,0.9253422323382701,2.466666666666667,60,2,0.0,0,0,True,3.4865878361742944,0.0,0,True,0.0
H,standalone_open_seed,combined,relax_0.002,0.08,0.0,0.002,10,0.9641753972523404,0.03582460274765964,0.9822102583862216,2.466666666666667,60,2,0.0,0,0,True,3.4865878361742944,0.0,0,True,0.0
H,standalone_open_seed,combined,relax_0.002,0.08,0.0,0.002,11,0.9884657713624393,0.011534228637560706,0.9880374896695827,2.466666666666667,60,2,0.0,0,0,True,3.4865878361742944,0.0,0,True,0.0
H,standalone_open_seed,combined,relax_0.002,0.08,0.0,0.002,12,0.9858631132770208,0.014136886722979192,0.9883190796400455,2.466666666666667,60,2,0.0,0,0,True,3.4865878361742944,0.0,0,True,0.0
H,standalone_open_seed,combined,relax_0.002,0.08,0.0,0.002,13,0.9880283163888702,0.011971683611129769,0.9893307986357271,2.466666666666667,60,2,0.0,0,0,True,3.4865878361742944,0.0,0,True,0.0
H,standalone_open_seed,combined,relax_0.002,0.08,0.0,0.002,14,0.9889171310110296,0.011082868988970374,0.9836137826701732,2.466666666666667,60,2,0.0,0,0,True,3.4865878361742944,0.0,0,True,0.0
H,standalone_open_seed,combined,relax_0.002,0.08,0.0,0.002,15,0.9786621525076813,0.021337847492318707,0.9882145618128335,2.466666666666667,60,2,0.0,0,0,True,3.4865878361742944,0.0,0,True,0.0
H,standalone_open_seed,combined,relax_0.002,0.08,0.0,0.002,16,0.9848827442639998,0.015117255736000201,0.9888162484103084,2.466666666666667,60,2,0.0,0,0,True,3.4865878361742944,0.0,0,True,0.0
H,standalone_open_seed,combined,relax_0.002,0.08,0.0,0.002,17,0.9914565252986028,0.008543474701397158,0.988586344328723,2.466666666666667,60,2,0.0,0,0,True,3.4865878361742944,0.0,0,True,0.0
H,standalone_open_seed,combined,relax_0.002,0.08,0.0,0.002,18,0.9885998586355291,0.011400141364470873,0.9892126792470799,2.466666666666667,60,2,0.0,0,0,True,3.4865878361742944,0.0,0,True,0.0
H,standalone_open_seed,combined,relax_0.002,0.08,0.0,0.002,19,0.9722612641181069,0.02773873588189313,0.9887222032610046,2.466666666666667,60,2,0.0,0,0,True,3.4865878361742944,0.0,0,True,0.0
H,standalone_open_seed,combined,relax_0.002,0.08,0.0,0.002,20,0.9871907760047112,0.012809223995288832,0.9882945230055431,2.466666666666667,60,2,0.0,0,0,True,3.4865878361742944,0.0,0,True,0.0
H,standalone_open_seed,combined,relax_0.002,0.08,0.0,0.002,21,0.9601040277930855,0.03989597220691454,0.9828558016157496,2.466666666666667,60,2,0.0,0,0,True,3.4865878361742944,0.0,0,True,0.0
H,standalone_open_seed,combined,relax_0.002,0.08,0.0,0.002,22,0.9673830964584471,0.03261690354155289,0.9818230572879241,2.466666666666667,60,2,0.0,0,0,True,3.4865878361742944,0.0,0,True,0.0
H,standalone_open_seed,combined,relax_0.002,0.08,0.0,0.002,23,0.9927739440883233,0.007226055911676688,0.9893427377970604,2.466666666666667,60,2,0.0,0,0,True,3.4865878361742944,0.0,0,True,0.0
H,standalone_open_seed,combined,relax_0.002,0.08,0.0,0.002,24,0.9888771256477601,0.011122874352239909,0.9868683649775871,2.466666666666667,60,2,0.0,0,0,True,3.4865878361742944,0.0,0,True,0.0
H,standalone_open_seed,combined,relax_0.002,0.08,0.0,0.002,25,0.9858064746925339,0.014193525307466093,0.9842455096940214,2.466666666666667,60,2,0.0,0,0,True,3.4865878361742944,0.0,0,True,0.0
H,standalone_open_seed,combined,relax_0.002,0.08,0.0,0.002,26,0.9866049605739584,0.013395039426041588,0.9888407766892062,2.466666666666667,60,2,0.0,0,0,True,3.4865878361742944,0.0,0,True,0.0
H,standalone_open_seed,combined,relax_0.002,0.08,0.0,0.002,27,0.9930304746267765,0.006969525373223484,0.9873893598258162,2.466666666666667,60,2,0.0,0,0,True,3.4865878361742944,0.0,0,True,0.0
H,standalone_open_seed,combined,relax_0.002,0.08,0.0,0.002,28,0.9492359563821099,0.05076404361789011,0.9847088171259284,2.466666666666667,60,2,0.0,0,0,True,3.4865878361742944,0.0,0,True,0.0
H,standalone_open_seed,combined,relax_0.002,0.08,0.0,0.002,29,0.9437311749505254,0.05626882504947461,0.9827756240901591,2.466666666666667,60,2,0.0,0,0,True,3.4865878361742944,0.0,0,True,0.0
H,standalone_open_seed,combined,relax_0.002,0.08,0.0,0.002,30,0.9889433214893899,0.011056678510610096,0.9879889378978555,2.466666666666667,60,2,0.0,0,0,True,3.4865878361742944,0.0,0,True,0.0
H,standalone_open_seed,combined,relax_0.002,0.08,0.0,0.002,31,0.9850398160659111,0.014960183934088933,0.98895072973773,2.466666666666667,60,2,0.0,0,0,True,3.4865878361742944,0.0,0,True,0.0
H,standalone_open_seed,combined,relax_0.002,0.08,0.0,0.002,32,0.9905591259622205,0.00944087403777949,0.9889734969960745,2.466666666666667,60,2,0.0,0,0,True,3.4865878361742944,0.0,0,True,0.0
H,standalone_open_seed,combined,relax_0.002,0.08,0.0,0.002,33,0.9865034849278547,0.013496515072145332,0.9881455282423072,2.466666666666667,60,2,0.0,0,0,True,3.4865878361742944,0.0,0,True,0.0
H,standalone_open_seed,combined,relax_0.002,0.08,0.0,0.002,34,0.9895012878735138,0.010498712126486232,0.9877450721727525,2.466666666666667,60,2,0.0,0,0,True,3.4865878361742944,0.0,0,True,0.0
H,standalone_open_seed,combined,relax_0.002,0.08,0.0,0.002,35,0.9786104113441088,0.021389588655891245,0.9892811154199644,2.466666666666667,60,2,0.0,0,0,True,3.4865878361742944,0.0,0,True,0.0
H,standalone_open_seed,combined,relax_0.002,0.08,0.0,0.002,36,0.9588151990836653,0.041184800916334696,0.9845007931952678,2.466666666666667,60,2,0.0,0,0,True,3.4865878361742944,0.0,0,True,0.0
H,standalone_open_seed,combined,relax_0.002,0.08,0.0,0.002,37,0.9896797805897787,0.01032021941022132,0.9845989906258237,2.466666666666667,60,2,0.0,0,0,True,3.4865878361742944,0.0,0,True,0.0
H,standalone_open_seed,combined,relax_0.002,0.08,0.0,0.002,38,0.9919847488954954,0.008015251104504628,0.9890487153422076,2.466666666666667,60,2,0.0,0,0,True,3.4865878361742944,0.0,0,True,0.0
H,standalone_open_seed,combined,relax_0.002,0.08,0.0,0.002,39,0.9859966064496348,0.014003393550365173,0.9883046697527693,2.466666666666667,60,2,0.0,0,0,True,3.4865878361742944,0.0,0,True,0.0
H,standalone_open_seed,combined,relax_0.002,0.08,0.0,0.002,40,0.9713474477889352,0.028652552211064775,0.9832667222364371,2.466666666666667,60,2,0.0,0,0,True,3.4865878361742944,0.0,0,True,0.0
H,standalone_open_seed,combined,relax_0.002,0.08,0.0,0.002,41,0.953026786158438,0.046973213841561945,0.9863535752318819,2.466666666666667,60,2,0.0,0,0,True,3.4865878361742944,0.0,0,True,0.0
H,standalone_open_seed,combined,relax_0.002,0.08,0.0,0.002,42,0.9874536588367497,0.012546341163250263,0.9888018342017233,2.466666666666667,60,2,0.0,0,0,True,3.4865878361742944,0.0,0,True,0.0
H,standalone_open_seed,combined,relax_0.002,0.08,0.0,0.002,43,0.9655331624279175,0.034466837572082465,0.984612405971983,2.466666666666667,60,2,0.0,0,0,True,3.4865878361742944,0.0,0,True,0.0
H,standalone_open_seed,combined,relax_0.002,0.08,0.0,0.002,44,0.9916570340670107,0.008342965932989332,0.9889347377496516,2.466666666666667,60,2,0.0,0,0,True,3.4865878361742944,0.0,0,True,0.0
H,standalone_open_seed,combined,relax_0.002,0.08,0.0,0.002,45,0.9846827111932458,0.015317288806754203,0.9882356216370729,2.466666666666667,60,2,0.0,0,0,True,3.4865878361742944,0.0,0,True,0.0
H,standalone_open_seed,combined,relax_0.002,0.08,0.0,0.002,46,0.9499922369756189,0.05000776302438115,0.9859532536602482,2.466666666666667,60,2,0.0,0,0,True,3.4865878361742944,0.0,0,True,0.0
H,standalone_open_seed,combined,relax_0.002,0.08,0.0,0.002,47,0.9512360278980201,0.04876397210197991,0.9783423717587758,2.466666666666667,60,2,0.0,0,0,True,3.4865878361742944,0.0,0,True,0.0
H,standalone_open_seed,combined,relax_0.002,0.08,0.0,0.002,48,0.9665249392631113,0.03347506073688866,0.988149140293885,2.466666666666667,60,2,0.0,0,0,True,3.4865878361742944,0.0,0,True,0.0
H,standalone_open_seed,combined,relax_0.002,0.08,0.0,0.002,49,0.9840600285819672,0.015939971418032828,0.9885251255695447,2.466666666666667,60,2,0.0,0,0,True,3.4865878361742944,0.0,0,True,0.0
H,standalone_open_seed,combined,relax_0.002,0.08,0.0,0.002,50,0.9865286097259874,0.013471390274012562,0.9876792142616274,2.466666666666667,60,2,0.0,0,0,True,3.4865878361742944,0.0,0,True,0.0
H,standalone_open_seed,combined,relax_0.002,0.08,0.0,0.002,51,0.9817808125839182,0.01821918741608175,0.9876793216119228,2.466666666666667,60,2,0.0,0,0,True,3.4865878361742944,0.0,0,True,0.0
H,standalone_open_seed,combined,relax_0.002,0.08,0.0,0.002,52,0.9493147055957877,0.05068529440421232,0.985791178332742,2.466666666666667,60,2,0.0,0,0,True,3.4865878361742944,0.0,0,True,0.0
H,standalone_open_seed,combined,relax_0.002,0.08,0.0,0.002,53,0.9881305741688367,0.01186942583116335,0.9883632991937482,2.466666666666667,60,2,0.0,0,0,True,3.4865878361742944,0.0,0,True,0.0
H,standalone_open_seed,combined,relax_0.002,0.08,0.0,0.002,54,0.9866732602564368,0.013326739743563243,0.9892133984803287,2.466666666666667,60,2,0.0,0,0,True,3.4865878361742944,0.0,0,True,0.0
H,standalone_open_seed,combined,relax_0.002,0.08,0.0,0.002,55,0.9910796489569985,0.008920351043001484,0.9885337384695342,2.466666666666667,60,2,0.0,0,0,True,3.4865878361742944,0.0,0,True,0.0
H,standalone_open_seed,combined,relax_0.002,0.08,0.0,0.002,56,0.9889389869867795,0.011061013013220489,0.9885123135498278,2.466666666666667,60,2,0.0,0,0,True,3.4865878361742944,0.0,0,True,0.0
H,standalone_open_seed,combined,relax_0.002,0.08,0.0,0.002,57,0.9928369281650203,0.007163071834979662,0.9864541922589465,2.466666666666667,60,2,0.0,0,0,True,3.4865878361742944,0.0,0,True,0.0
H,standalone_open_seed,combined,relax_0.002,0.08,0.0,0.002,58,0.9538077295370183,0.04619227046298169,0.9783939577308904,2.466666666666667,60,2,0.0,0,0,True,3.4865878361742944,0.0,0,True,0.0
H,standalone_open_seed,combined,relax_0.002,0.08,0.0,0.002,59,0.9837940611431447,0.016205938856855284,0.9887676397495422,2.466666666666667,60,2,0.0,0,0,True,3.4865878361742944,0.0,0,True,0.0
H,standalone_open_seed,combined,combined,0.08,0.005,0.002,10,0.9293997071680515,0.07060029283194846,0.9144282235602098,2.466666666666667,60,2,0.0,0,0,True,3.4865878361742944,0.0,0,True,0.0
H,standalone_open_seed,combined,combined,0.08,0.005,0.002,11,0.9518696378793577,0.048130362120642256,0.9178342853493185,2.466666666666667,60,2,0.0,0,0,True,3.4865878361742944,0.0,0,True,0.0
H,standalone_open_seed,combined,combined,0.08,0.005,0.002,12,0.9493700084101004,0.05062999158989956,0.9181885048668199,2.466666666666667,60,2,0.0,0,0,True,3.4865878361742944,0.0,0,True,0.0
H,standalone_open_seed,combined,combined,0.08,0.005,0.002,13,0.9512031254945228,0.048796874505477206,0.9195140901705315,2.466666666666667,60,2,0.0,0,0,True,3.4865878361742944,0.0,0,True,0.0
H,standalone_open_seed,combined,combined,0.08,0.005,0.002,14,0.9527456990807581,0.047254300919241876,0.9151476220294458,2.466666666666667,60,2,0.0,0,0,True,3.4865878361742944,0.0,0,True,0.0
H,standalone_open_seed,combined,combined,0.08,0.005,0.002,15,0.9425388398371495,0.05746116016285052,0.9178693105609748,2.466666666666667,60,2,0.0,0,0,True,3.4865878361742944,0.0,0,True,0.0
H,standalone_open_seed,combined,combined,0.08,0.005,0.002,16,0.9485004441829178,0.05149955581708221,0.9181929987023674,2.466666666666667,60,2,0.0,0,0,True,3.4865878361742944,0.0,0,True,0.0
H,standalone_open_seed,combined,combined,0.08,0.005,0.002,17,0.954642147003386,0.04535785299661399,0.9185896579544833,2.466666666666667,60,2,0.0,0,0,True,3.4865878361742944,0.0,0,True,0.0
H,standalone_open_seed,combined,combined,0.08,0.005,0.002,18,0.9518860760018191,0.04811392399818093,0.9194236793390009,2.466666666666667,60,2,0.0,0,0,True,3.4865878361742944,0.0,0,True,0.0
H,standalone_open_seed,combined,combined,0.08,0.005,0.002,19,0.9364757115222895,0.06352428847771052,0.9190544112319451,2.466666666666667,60,2,0.0,0,0,True,3.4865878361742944,0.0,0,True,0.0
H,standalone_open_seed,combined,combined,0.08,0.005,0.002,20,0.9506873156810417,0.0493126843189583,0.917919439248916,2.466666666666667,60,2,0.0,0,0,True,3.4865878361742944,0.0,0,True,0.0
H,standalone_open_seed,combined,combined,0.08,0.005,0.002,21,0.9257387441877402,0.07426125581225984,0.9175654418972529,2.466666666666667,60,2,0.0,0,0,True,3.4865878361742944,0.0,0,True,0.0
H,standalone_open_seed,combined,combined,0.08,0.005,0.002,22,0.9324766427022636,0.0675233572977364,0.9141616973278259,2.466666666666667,60,2,0.0,0,0,True,3.4865878361742944,0.0,0,True,0.0
H,standalone_open_seed,combined,combined,0.08,0.005,0.002,23,0.955718851175653,0.04428114882434697,0.9187427963285223,2.466666666666667,60,2,0.0,0,0,True,3.4865878361742944,0.0,0,True,0.0
H,standalone_open_seed,combined,combined,0.08,0.005,0.002,24,0.9524450404391714,0.04755495956082856,0.9178147180412808,2.466666666666667,60,2,0.0,0,0,True,3.4865878361742944,0.0,0,True,0.0
H,standalone_open_seed,combined,combined,0.08,0.005,0.002,25,0.9498433821108194,0.05015661788918058,0.9162577007215077,2.466666666666667,60,2,0.0,0,0,True,3.4865878361742944,0.0,0,True,0.0
H,standalone_open_seed,combined,combined,0.08,0.005,0.002,26,0.9499908518426465,0.05000914815735347,0.9187597104486682,2.466666666666667,60,2,0.0,0,0,True,3.4865878361742944,0.0,0,True,0.0
H,standalone_open_seed,combined,combined,0.08,0.005,0.002,27,0.9561203811366008,0.043879618863399195,0.9172539789774731,2.466666666666667,60,2,0.0,0,0,True,3.4865878361742944,0.0,0,True,0.0
H,standalone_open_seed,combined,combined,0.08,0.005,0.002,28,0.915051023341962,0.08494897665803802,0.9164909606449323,2.466666666666667,60,2,0.0,0,0,True,3.4865878361742944,0.0,0,True,0.0
H,standalone_open_seed,combined,combined,0.08,0.005,0.002,29,0.9100624883332477,0.08993751166675235,0.9157622546931222,2.466666666666667,60,2,0.0,0,0,True,3.4865878361742944,0.0,0,True,0.0
H,standalone_open_seed,combined,combined,0.08,0.005,0.002,30,0.9523614252671686,0.047638574732831396,0.9185790457536784,2.466666666666667,60,2,0.0,0,0,True,3.4865878361742944,0.0,0,True,0.0
H,standalone_open_seed,combined,combined,0.08,0.005,0.002,31,0.948656571977444,0.05134342802255598,0.9182610029001487,2.466666666666667,60,2,0.0,0,0,True,3.4865878361742944,0.0,0,True,0.0
H,standalone_open_seed,combined,combined,0.08,0.005,0.002,32,0.9536771903603578,0.04632280963964219,0.91886111390663,2.466666666666667,60,2,0.0,0,0,True,3.4865878361742944,0.0,0,True,0.0
H,standalone_open_seed,combined,combined,0.08,0.005,0.002,33,0.9499605883943747,0.050039411605625306,0.919052226983577,2.466666666666667,60,2,0.0,0,0,True,3.4865878361742944,0.0,0,True,0.0
H,standalone_open_seed,combined,combined,0.08,0.005,0.002,34,0.9529932745238365,0.04700672547616347,0.9186675465244543,2.466666666666667,60,2,0.0,0,0,True,3.4865878361742944,0.0,0,True,0.0
H,standalone_open_seed,combined,combined,0.08,0.005,0.002,35,0.9425072158330192,0.05749278416698078,0.9185372798826028,2.466666666666667,60,2,0.0,0,0,True,3.4865878361742944,0.0,0,True,0.0
H,standalone_open_seed,combined,combined,0.08,0.005,0.002,36,0.9240995781782462,0.07590042182175383,0.915826022472059,2.466666666666667,60,2,0.0,0,0,True,3.4865878361742944,0.0,0,True,0.0
H,standalone_open_seed,combined,combined,0.08,0.005,0.002,37,0.95341040582544,0.04658959417455999,0.9159341613437277,2.466666666666667,60,2,0.0,0,0,True,3.4865878361742944,0.0,0,True,0.0
H,standalone_open_seed,combined,combined,0.08,0.005,0.002,38,0.9549289526569122,0.045071047343087756,0.9183011095246172,2.466666666666667,60,2,0.0,0,0,True,3.4865878361742944,0.0,0,True,0.0
H,standalone_open_seed,combined,combined,0.08,0.005,0.002,39,0.9494815788900005,0.05051842110999949,0.918257309301755,2.466666666666667,60,2,0.0,0,0,True,3.4865878361742944,0.0,0,True,0.0
H,standalone_open_seed,combined,combined,0.08,0.005,0.002,40,0.9360476525466876,0.06395234745331235,0.9148508488102218,2.466666666666667,60,2,0.0,0,0,True,3.4865878361742944,0.0,0,True,0.0
H,standalone_open_seed,combined,combined,0.08,0.005,0.002,41,0.9184816068029298,0.08151839319707022,0.9173449655230268,2.466666666666667,60,2,0.0,0,0,True,3.4865878361742944,0.0,0,True,0.0
H,standalone_open_seed,combined,combined,0.08,0.005,0.002,42,0.9508079923984482,0.049192007601551846,0.9195763068449831,2.466666666666667,60,2,0.0,0,0,True,3.4865878361742944,0.0,0,True,0.0
H,standalone_open_seed,combined,combined,0.08,0.005,0.002,43,0.9306588968233303,0.06934110317666975,0.9184234299014353,2.466666666666667,60,2,0.0,0,0,True,3.4865878361742944,0.0,0,True,0.0
H,standalone_open_seed,combined,combined,0.08,0.005,0.002,44,0.9546265461991995,0.04537345380080049,0.9182444455059942,2.466666666666667,60,2,0.0,0,0,True,3.4865878361742944,0.0,0,True,0.0
H,standalone_open_seed,combined,combined,0.08,0.005,0.002,45,0.9481984983153919,0.051801501684608064,0.918160643906453,2.466666666666667,60,2,0.0,0,0,True,3.4865878361742944,0.0,0,True,0.0
H,standalone_open_seed,combined,combined,0.08,0.005,0.002,46,0.9157114093936713,0.08428859060632865,0.9190853069644864,2.466666666666667,60,2,0.0,0,0,True,3.4865878361742944,0.0,0,True,0.0
H,standalone_open_seed,combined,combined,0.08,0.005,0.002,47,0.917788576802987,0.08221142319701302,0.9139155229708517,2.466666666666667,60,2,0.0,0,0,True,3.4865878361742944,0.0,0,True,0.0
H,standalone_open_seed,combined,combined,0.08,0.005,0.002,48,0.9310971916790012,0.06890280832099882,0.9194154759055281,2.466666666666667,60,2,0.0,0,0,True,3.4865878361742944,0.0,0,True,0.0
H,standalone_open_seed,combined,combined,0.08,0.005,0.002,49,0.9475997401074059,0.052400259892594114,0.9190117413036722,2.466666666666667,60,2,0.0,0,0,True,3.4865878361742944,0.0,0,True,0.0
H,standalone_open_seed,combined,combined,0.08,0.005,0.002,50,0.9500275382002705,0.04997246179972947,0.9186301170947322,2.466666666666667,60,2,0.0,0,0,True,3.4865878361742944,0.0,0,True,0.0
H,standalone_open_seed,combined,combined,0.08,0.005,0.002,51,0.9454962937422875,0.0545037062577125,0.9176361017537651,2.466666666666667,60,2,0.0,0,0,True,3.4865878361742944,0.0,0,True,0.0
H,standalone_open_seed,combined,combined,0.08,0.005,0.002,52,0.9150289173733965,0.08497108262660347,0.9172714891540853,2.466666666666667,60,2,0.0,0,0,True,3.4865878361742944,0.0,0,True,0.0
H,standalone_open_seed,combined,combined,0.08,0.005,0.002,53,0.9515661773444613,0.04843382265553875,0.9192979295011304,2.466666666666667,60,2,0.0,0,0,True,3.4865878361742944,0.0,0,True,0.0
H,standalone_open_seed,combined,combined,0.08,0.005,0.002,54,0.9502036499543759,0.049796350045624105,0.9186479399901366,2.466666666666667,60,2,0.0,0,0,True,3.4865878361742944,0.0,0,True,0.0
H,standalone_open_seed,combined,combined,0.08,0.005,0.002,55,0.9541514062599878,0.045848593740012156,0.9185759646033967,2.466666666666667,60,2,0.0,0,0,True,3.4865878361742944,0.0,0,True,0.0
H,standalone_open_seed,combined,combined,0.08,0.005,0.002,56,0.9524212529397897,0.04757874706021026,0.918104591875815,2.466666666666667,60,2,0.0,0,0,True,3.4865878361742944,0.0,0,True,0.0
H,standalone_open_seed,combined,combined,0.08,0.005,0.002,57,0.9562060737968617,0.04379392620313827,0.9168852458040876,2.466666666666667,60,2,0.0,0,0,True,3.4865878361742944,0.0,0,True,0.0
H,standalone_open_seed,combined,combined,0.08,0.005,0.002,58,0.9202237670677462,0.07977623293225378,0.9139126327435493,2.466666666666667,60,2,0.0,0,0,True,3.4865878361742944,0.0,0,True,0.0
H,standalone_open_seed,combined,combined,0.08,0.005,0.002,59,0.9474469368794629,0.05255306312053709,0.9182376971708627,2.466666666666667,60,2,0.0,0,0,True,3.4865878361742944,0.0,0,True,0.0
H,standalone_open_adjoint,combined,static_only,0.08,0.0,0.0,10,0.974874775498491,0.025125224501509003,0.9904407547852397,2.5289676326819217,60,4,0.0,0,0,True,3.4865878361742944,0.043164917110680795,457,False,10.637204603059217
H,standalone_open_adjoint,combined,static_only,0.08,0.0,0.0,11,0.9925852775296696,0.0074147224703303705,0.9971570055211882,2.5289676326819217,60,4,0.0,0,0,True,3.4865878361742944,0.043164917110680795,457,False,10.637204603059217
H,standalone_open_adjoint,combined,static_only,0.08,0.0,0.0,12,0.989768667459725,0.010231332540274973,0.9974262631430344,2.5289676326819217,60,4,0.0,0,0,True,3.4865878361742944,0.043164917110680795,457,False,10.637204603059217
H,standalone_open_adjoint,combined,static_only,0.08,0.0,0.0,13,0.9884356439461032,0.01156435605389683,0.997632255616256,2.5289676326819217,60,4,0.0,0,0,True,3.4865878361742944,0.043164917110680795,457,False,10.637204603059217
H,standalone_open_adjoint,combined,static_only,0.08,0.0,0.0,14,0.9950832171692382,0.004916782830761801,0.9923829938749467,2.5289676326819217,60,4,0.0,0,0,True,3.4865878361742944,0.043164917110680795,457,False,10.637204603059217
H,standalone_open_adjoint,combined,static_only,0.08,0.0,0.0,15,0.9877221232281383,0.012277876771861651,0.996615381812334,2.5289676326819217,60,4,0.0,0,0,True,3.4865878361742944,0.043164917110680795,457,False,10.637204603059217
H,standalone_open_adjoint,combined,static_only,0.08,0.0,0.0,16,0.9890688997252256,0.010931100274774397,0.9976666886673935,2.5289676326819217,60,4,0.0,0,0,True,3.4865878361742944,0.043164917110680795,457,False,10.637204603059217
H,standalone_open_adjoint,combined,static_only,0.08,0.0,0.0,17,0.9962811685907431,0.003718831409256884,0.9969844125222543,2.5289676326819217,60,4,0.0,0,0,True,3.4865878361742944,0.043164917110680795,457,False,10.637204603059217
H,standalone_open_adjoint,combined,static_only,0.08,0.0,0.0,18,0.9938666031214012,0.006133396878598818,0.9976977482278161,2.5289676326819217,60,4,0.0,0,0,True,3.4865878361742944,0.043164917110680795,457,False,10.637204603059217
H,standalone_open_adjoint,combined,static_only,0.08,0.0,0.0,19,0.9749338816602049,0.025066118339795107,0.9974758818864956,2.5289676326819217,60,4,0.0,0,0,True,3.4865878361742944,0.043164917110680795,457,False,10.637204603059217
H,standalone_open_adjoint,combined,static_only,0.08,0.0,0.0,20,0.9911622632295174,0.008837736770482607,0.9973306330675077,2.5289676326819217,60,4,0.0,0,0,True,3.4865878361742944,0.043164917110680795,457,False,10.637204603059217
H,standalone_open_adjoint,combined,static_only,0.08,0.0,0.0,21,0.9637439614848372,0.03625603851516279,0.9906486343893881,2.5289676326819217,60,4,0.0,0,0,True,3.4865878361742944,0.043164917110680795,457,False,10.637204603059217
H,standalone_open_adjoint,combined,static_only,0.08,0.0,0.0,22,0.9781770916654937,0.021822908334506286,0.9901615802212222,2.5289676326819217,60,4,0.0,0,0,True,3.4865878361742944,0.043164917110680795,457,False,10.637204603059217
H,standalone_open_adjoint,combined,static_only,0.08,0.0,0.0,23,0.997564460115297,0.0024355398847030196,0.9978135588512858,2.5289676326819217,60,4,0.0,0,0,True,3.4865878361742944,0.043164917110680795,457,False,10.637204603059217
H,standalone_open_adjoint,combined,static_only,0.08,0.0,0.0,24,0.9938921909271815,0.006107809072818493,0.99522584295761,2.5289676326819217,60,4,0.0,0,0,True,3.4865878361742944,0.043164917110680795,457,False,10.637204603059217
H,standalone_open_adjoint,combined,static_only,0.08,0.0,0.0,25,0.9913333509039075,0.008666649096092494,0.9926329871245748,2.5289676326819217,60,4,0.0,0,0,True,3.4865878361742944,0.043164917110680795,457,False,10.637204603059217
H,standalone_open_adjoint,combined,static_only,0.08,0.0,0.0,26,0.9940463466292183,0.005953653370781686,0.9974139932910429,2.5289676326819217,60,4,0.0,0,0,True,3.4865878361742944,0.043164917110680795,457,False,10.637204603059217
H,standalone_open_adjoint,combined,static_only,0.08,0.0,0.0,27,0.9975606782137083,0.0024393217862916927,0.996082770685426,2.5289676326819217,60,4,0.0,0,0,True,3.4865878361742944,0.043164917110680795,457,False,10.637204603059217
H,standalone_open_adjoint,combined,static_only,0.08,0.0,0.0,28,0.9557779750208322,0.04422202497916783,0.9924446574393984,2.5289676326819217,60,4,0.0,0,0,True,3.4865878361742944,0.043164917110680795,457,False,10.637204603059217
H,standalone_open_adjoint,combined,static_only,0.08,0.0,0.0,29,0.950205638471785,0.049794361528215036,0.9904090669533122,2.5289676326819217,60,4,0.0,0,0,True,3.4865878361742944,0.043164917110680795,457,False,10.637204603059217
H,standalone_open_adjoint,combined,static_only,0.08,0.0,0.0,30,0.9940127957354548,0.005987204264545243,0.9963519057721933,2.5289676326819217,60,4,0.0,0,0,True,3.4865878361742944,0.043164917110680795,457,False,10.637204603059217
H,standalone_open_adjoint,combined,static_only,0.08,0.0,0.0,31,0.9895537895344377,0.010446210465562267,0.9977135841870894,2.5289676326819217,60,4,0.0,0,0,True,3.4865878361742944,0.043164917110680795,457,False,10.637204603059217
H,standalone_open_adjoint,combined,static_only,0.08,0.0,0.0,32,0.9958834562948751,0.004116543705124931,0.9976242300206353,2.5289676326819217,60,4,0.0,0,0,True,3.4865878361742944,0.043164917110680795,457,False,10.637204603059217
H,standalone_open_adjoint,combined,static_only,0.08,0.0,0.0,33,0.986959497337546,0.013040502662454045,0.9962059143641772,2.5289676326819217,60,4,0.0,0,0,True,3.4865878361742944,0.043164917110680795,457,False,10.637204603059217
H,standalone_open_adjoint,combined,static_only,0.08,0.0,0.0,34,0.9923501121356394,0.007649887864360605,0.9960285797093331,2.5289676326819217,60,4,0.0,0,0,True,3.4865878361742944,0.043164917110680795,457,False,10.637204603059217
H,standalone_open_adjoint,combined,static_only,0.08,0.0,0.0,35,0.9828893971500241,0.017110602849975898,0.9979324298491067,2.5289676326819217,60,4,0.0,0,0,True,3.4865878361742944,0.043164917110680795,457,False,10.637204603059217
H,standalone_open_adjoint,combined,static_only,0.08,0.0,0.0,36,0.9680827543237417,0.03191724567625831,0.9924901062032395,2.5289676326819217,60,4,0.0,0,0,True,3.4865878361742944,0.043164917110680795,457,False,10.637204603059217
H,standalone_open_adjoint,combined,static_only,0.08,0.0,0.0,37,0.9950611194928649,0.0049388805071350905,0.9932140677411747,2.5289676326819217,60,4,0.0,0,0,True,3.4865878361742944,0.043164917110680795,457,False,10.637204603059217
H,standalone_open_adjoint,combined,static_only,0.08,0.0,0.0,38,0.9952112240914465,0.004788775908553533,0.9973481430258921,2.5289676326819217,60,4,0.0,0,0,True,3.4865878361742944,0.043164917110680795,457,False,10.637204603059217
H,standalone_open_adjoint,combined,static_only,0.08,0.0,0.0,39,0.9900085997297191,0.009991400270280892,0.9974166803910816,2.5289676326819217,60,4,0.0,0,0,True,3.4865878361742944,0.043164917110680795,457,False,10.637204603059217
H,standalone_open_adjoint,combined,static_only,0.08,0.0,0.0,40,0.9822583366453553,0.017741663354644666,0.991698529876755,2.5289676326819217,60,4,0.0,0,0,True,3.4865878361742944,0.043164917110680795,457,False,10.637204603059217
H,standalone_open_adjoint,combined,static_only,0.08,0.0,0.0,41,0.9586769211928937,0.041323078807106284,0.9941798457005409,2.5289676326819217,60,4,0.0,0,0,True,3.4865878361742944,0.043164917110680795,457,False,10.637204603059217
H,standalone_open_adjoint,combined,static_only,0.08,0.0,0.0,42,0.9887001174126469,0.01129988258735315,0.9970090680194019,2.5289676326819217,60,4,0.0,0,0,True,3.4865878361742944,0.043164917110680795,457,False,10.637204603059217
H,standalone_open_adjoint,combined,static_only,0.08,0.0,0.0,43,0.9692073107371268,0.030792689262873152,0.9925613124847313,2.5289676326819217,60,4,0.0,0,0,True,3.4865878361742944,0.043164917110680795,457,False,10.637204603059217
H,standalone_open_adjoint,combined,static_only,0.08,0.0,0.0,44,0.9947025837806429,0.005297416219357087,0.9972127600499145,2.5289676326819217,60,4,0.0,0,0,True,3.4865878361742944,0.043164917110680795,457,False,10.637204603059217
H,standalone_open_adjoint,combined,static_only,0.08,0.0,0.0,45,0.9932005929879708,0.0067994070120291905,0.9968340001308899,2.5289676326819217,60,4,0.0,0,0,True,3.4865878361742944,0.043164917110680795,457,False,10.637204603059217
H,standalone_open_adjoint,combined,static_only,0.08,0.0,0.0,46,0.9513135322642844,0.04868646773571561,0.9938918209048542,2.5289676326819217,60,4,0.0,0,0,True,3.4865878361742944,0.043164917110680795,457,False,10.637204603059217
H,standalone_open_adjoint,combined,static_only,0.08,0.0,0.0,47,0.9582496358220882,0.04175036417791178,0.9861470651768611,2.5289676326819217,60,4,0.0,0,0,True,3.4865878361742944,0.043164917110680795,457,False,10.637204603059217
H,standalone_open_adjoint,combined,static_only,0.08,0.0,0.0,48,0.9687548024258261,0.031245197574173877,0.9967157431168522,2.5289676326819217,60,4,0.0,0,0,True,3.4865878361742944,0.043164917110680795,457,False,10.637204603059217
H,standalone_open_adjoint,combined,static_only,0.08,0.0,0.0,49,0.9885761425506303,0.01142385744936969,0.9974294187807105,2.5289676326819217,60,4,0.0,0,0,True,3.4865878361742944,0.043164917110680795,457,False,10.637204603059217
H,standalone_open_adjoint,combined,static_only,0.08,0.0,0.0,50,0.9870855352496186,0.012914464750381383,0.9957142978477505,2.5289676326819217,60,4,0.0,0,0,True,3.4865878361742944,0.043164917110680795,457,False,10.637204603059217
H,standalone_open_adjoint,combined,static_only,0.08,0.0,0.0,51,0.9911274213520174,0.008872578647982632,0.9962316600649501,2.5289676326819217,60,4,0.0,0,0,True,3.4865878361742944,0.043164917110680795,457,False,10.637204603059217
H,standalone_open_adjoint,combined,static_only,0.08,0.0,0.0,52,0.9544001973973755,0.04559980260262453,0.9935400997988852,2.5289676326819217,60,4,0.0,0,0,True,3.4865878361742944,0.043164917110680795,457,False,10.637204603059217
H,standalone_open_adjoint,combined,static_only,0.08,0.0,0.0,53,0.9901743139391327,0.009825686060867311,0.996571811031405,2.5289676326819217,60,4,0.0,0,0,True,3.4865878361742944,0.043164917110680795,457,False,10.637204603059217
H,standalone_open_adjoint,combined,static_only,0.08,0.0,0.0,54,0.9923517335747654,0.00764826642523464,0.9977412030969532,2.5289676326819217,60,4,0.0,0,0,True,3.4865878361742944,0.043164917110680795,457,False,10.637204603059217
H,standalone_open_adjoint,combined,static_only,0.08,0.0,0.0,55,0.9941005077918145,0.0058994922081855306,0.9973147841335837,2.5289676326819217,60,4,0.0,0,0,True,3.4865878361742944,0.043164917110680795,457,False,10.637204603059217
H,standalone_open_adjoint,combined,static_only,0.08,0.0,0.0,56,0.9936323047930101,0.006367695206989876,0.9972293761552473,2.5289676326819217,60,4,0.0,0,0,True,3.4865878361742944,0.043164917110680795,457,False,10.637204603059217
H,standalone_open_adjoint,combined,static_only,0.08,0.0,0.0,57,0.996793213532379,0.003206786467620959,0.9952027487861452,2.5289676326819217,60,4,0.0,0,0,True,3.4865878361742944,0.043164917110680795,457,False,10.637204603059217
H,standalone_open_adjoint,combined,static_only,0.08,0.0,0.0,58,0.9608212368844128,0.03917876311558721,0.9862406605574737,2.5289676326819217,60,4,0.0,0,0,True,3.4865878361742944,0.043164917110680795,457,False,10.637204603059217
H,standalone_open_adjoint,combined,static_only,0.08,0.0,0.0,59,0.9876633117670034,0.012336688232996607,0.9976873431316248,2.5289676326819217,60,4,0.0,0,0,True,3.4865878361742944,0.043164917110680795,457,False,10.637204603059217
H,standalone_open_adjoint,combined,deph_0.005,0.08,0.005,0.0,10,0.9395820358398511,0.060417964160148885,0.9216482449067376,2.5289676326819217,60,4,0.0,0,0,True,3.4865878361742944,0.043164917110680795,457,False,10.637204603059217
H,standalone_open_adjoint,combined,deph_0.005,0.08,0.005,0.0,11,0.9556317678441365,0.044368232155863496,0.9254060512800049,2.5289676326819217,60,4,0.0,0,0,True,3.4865878361742944,0.043164917110680795,457,False,10.637204603059217
H,standalone_open_adjoint,combined,deph_0.005,0.08,0.005,0.0,12,0.9529309230406356,0.04706907695936435,0.9257032340119578,2.5289676326819217,60,4,0.0,0,0,True,3.4865878361742944,0.043164917110680795,457,False,10.637204603059217
H,standalone_open_adjoint,combined,deph_0.005,0.08,0.005,0.0,13,0.951671311929742,0.04832868807025803,0.9271013781048356,2.5289676326819217,60,4,0.0,0,0,True,3.4865878361742944,0.043164917110680795,457,False,10.637204603059217
H,standalone_open_adjoint,combined,deph_0.005,0.08,0.005,0.0,14,0.9586545197883135,0.04134548021168649,0.9227688194891872,2.5289676326819217,60,4,0.0,0,0,True,3.4865878361742944,0.043164917110680795,457,False,10.637204603059217
H,standalone_open_adjoint,combined,deph_0.005,0.08,0.005,0.0,15,0.9511124925925201,0.048887507407479935,0.9254441610858467,2.5289676326819217,60,4,0.0,0,0,True,3.4865878361742944,0.043164917110680795,457,False,10.637204603059217
H,standalone_open_adjoint,combined,deph_0.005,0.08,0.005,0.0,16,0.9523659314546575,0.04763406854534247,0.9257157481004752,2.5289676326819217,60,4,0.0,0,0,True,3.4865878361742944,0.043164917110680795,457,False,10.637204603059217
H,standalone_open_adjoint,combined,deph_0.005,0.08,0.005,0.0,17,0.9591579439713069,0.04084205602869306,0.9257157661274233,2.5289676326819217,60,4,0.0,0,0,True,3.4865878361742944,0.043164917110680795,457,False,10.637204603059217
H,standalone_open_adjoint,combined,deph_0.005,0.08,0.005,0.0,18,0.9569177491541881,0.043082250845811854,0.927291281625375,2.5289676326819217,60,4,0.0,0,0,True,3.4865878361742944,0.043164917110680795,457,False,10.637204603059217
H,standalone_open_adjoint,combined,deph_0.005,0.08,0.005,0.0,19,0.9389185447107496,0.06108145528925035,0.926264948266043,2.5289676326819217,60,4,0.0,0,0,True,3.4865878361742944,0.043164917110680795,457,False,10.637204603059217
H,standalone_open_adjoint,combined,deph_0.005,0.08,0.005,0.0,20,0.9543254803974939,0.045674519602506125,0.9254885563711095,2.5289676326819217,60,4,0.0,0,0,True,3.4865878361742944,0.043164917110680795,457,False,10.637204603059217
H,standalone_open_adjoint,combined,deph_0.005,0.08,0.005,0.0,21,0.9292577382330907,0.07074226176690934,0.9242208235144298,2.5289676326819217,60,4,0.0,0,0,True,3.4865878361742944,0.043164917110680795,457,False,10.637204603059217
H,standalone_open_adjoint,combined,deph_0.005,0.08,0.005,0.0,22,0.9427541401859219,0.05724585981407815,0.9214760198443261,2.5289676326819217,60,4,0.0,0,0,True,3.4865878361742944,0.043164917110680795,457,False,10.637204603059217
H,standalone_open_adjoint,combined,deph_0.005,0.08,0.005,0.0,23,0.9601564272744358,0.03984357272556416,0.9258896943989261,2.5289676326819217,60,4,0.0,0,0,True,3.4865878361742944,0.043164917110680795,457,False,10.637204603059217
H,standalone_open_adjoint,combined,deph_0.005,0.08,0.005,0.0,24,0.9571840470548143,0.0428159529451857,0.9249524088721424,2.5289676326819217,60,4,0.0,0,0,True,3.4865878361742944,0.043164917110680795,457,False,10.637204603059217
H,standalone_open_adjoint,combined,deph_0.005,0.08,0.005,0.0,25,0.9551182760779959,0.04488172392200407,0.923482620877236,2.5289676326819217,60,4,0.0,0,0,True,3.4865878361742944,0.043164917110680795,457,False,10.637204603059217
H,standalone_open_adjoint,combined,deph_0.005,0.08,0.005,0.0,26,0.9570653078892987,0.042934692110701334,0.9266287164679832,2.5289676326819217,60,4,0.0,0,0,True,3.4865878361742944,0.043164917110680795,457,False,10.637204603059217
H,standalone_open_adjoint,combined,deph_0.005,0.08,0.005,0.0,27,0.9602849273033935,0.03971507269660646,0.9246368396280378,2.5289676326819217,60,4,0.0,0,0,True,3.4865878361742944,0.043164917110680795,457,False,10.637204603059217
H,standalone_open_adjoint,combined,deph_0.005,0.08,0.005,0.0,28,0.9212934046907386,0.07870659530926138,0.9231882973471441,2.5289676326819217,60,4,0.0,0,0,True,3.4865878361742944,0.043164917110680795,457,False,10.637204603059217
H,standalone_open_adjoint,combined,deph_0.005,0.08,0.005,0.0,29,0.9162720901150705,0.08372790988492951,0.9223558109627714,2.5289676326819217,60,4,0.0,0,0,True,3.4865878361742944,0.043164917110680795,457,False,10.637204603059217
H,standalone_open_adjoint,combined,deph_0.005,0.08,0.005,0.0,30,0.9571146952207285,0.04288530477927155,0.9256610257571315,2.5289676326819217,60,4,0.0,0,0,True,3.4865878361742944,0.043164917110680795,457,False,10.637204603059217
H,standalone_open_adjoint,combined,deph_0.005,0.08,0.005,0.0,31,0.9528437002000898,0.047156299799910206,0.9257903166342769,2.5289676326819217,60,4,0.0,0,0,True,3.4865878361742944,0.043164917110680795,457,False,10.637204603059217
H,standalone_open_adjoint,combined,deph_0.005,0.08,0.005,0.0,32,0.9585951324174934,0.04140486758250661,0.9260599239090503,2.5289676326819217,60,4,0.0,0,0,True,3.4865878361742944,0.043164917110680795,457,False,10.637204603059217
H,standalone_open_adjoint,combined,deph_0.005,0.08,0.005,0.0,33,0.950450518608616,0.04954948139138404,0.926515766021493,2.5289676326819217,60,4,0.0,0,0,True,3.4865878361742944,0.043164917110680795,457,False,10.637204603059217
H,standalone_open_adjoint,combined,deph_0.005,0.08,0.005,0.0,34,0.9557088972890225,0.04429110271097747,0.9263220655077739,2.5289676326819217,60,4,0.0,0,0,True,3.4865878361742944,0.043164917110680795,457,False,10.637204603059217
H,standalone_open_adjoint,combined,deph_0.005,0.08,0.005,0.0,35,0.9464798556391947,0.05352014436080532,0.9259012070974045,2.5289676326819217,60,4,0.0,0,0,True,3.4865878361742944,0.043164917110680795,457,False,10.637204603059217
H,standalone_open_adjoint,combined,deph_0.005,0.08,0.005,0.0,36,0.9329050392318042,0.06709496076819577,0.9228338557183806,2.5289676326819217,60,4,0.0,0,0,True,3.4865878361742944,0.043164917110680795,457,False,10.637204603059217
H,standalone_open_adjoint,combined,deph_0.005,0.08,0.005,0.0,37,0.9585564506836391,0.04144354931636085,0.9233832194103495,2.5289676326819217,60,4,0.0,0,0,True,3.4865878361742944,0.043164917110680795,457,False,10.637204603059217
H,standalone_open_adjoint,combined,deph_0.005,0.08,0.005,0.0,38,0.9579089616211143,0.042091038378885726,0.9254551541274082,2.5289676326819217,60,4,0.0,0,0,True,3.4865878361742944,0.043164917110680795,457,False,10.637204603059217
H,standalone_open_adjoint,combined,deph_0.005,0.08,0.005,0.0,39,0.9531394710148344,0.04686052898516557,0.9257570360468199,2.5289676326819217,60,4,0.0,0,0,True,3.4865878361742944,0.043164917110680795,457,False,10.637204603059217
H,standalone_open_adjoint,combined,deph_0.005,0.08,0.005,0.0,40,0.9464218426491199,0.05357815735088012,0.9222975908645572,2.5289676326819217,60,4,0.0,0,0,True,3.4865878361742944,0.043164917110680795,457,False,10.637204603059217
H,standalone_open_adjoint,combined,deph_0.005,0.08,0.005,0.0,41,0.9238562988220769,0.07614370117792313,0.9240963344373873,2.5289676326819217,60,4,0.0,0,0,True,3.4865878361742944,0.043164917110680795,457,False,10.637204603059217
H,standalone_open_adjoint,combined,deph_0.005,0.08,0.005,0.0,42,0.9520636657799117,0.04793633422008825,0.9272143687455794,2.5289676326819217,60,4,0.0,0,0,True,3.4865878361742944,0.043164917110680795,457,False,10.637204603059217
H,standalone_open_adjoint,combined,deph_0.005,0.08,0.005,0.0,43,0.934169120603776,0.065830879396224,0.9251612330884975,2.5289676326819217,60,4,0.0,0,0,True,3.4865878361742944,0.043164917110680795,457,False,10.637204603059217
H,standalone_open_adjoint,combined,deph_0.005,0.08,0.005,0.0,44,0.957438991417843,0.042561008582156945,0.9254008411446077,2.5289676326819217,60,4,0.0,0,0,True,3.4865878361742944,0.043164917110680795,457,False,10.637204603059217
H,standalone_open_adjoint,combined,deph_0.005,0.08,0.005,0.0,45,0.9562880772826003,0.043711922717399654,0.9259977085065174,2.5289676326819217,60,4,0.0,0,0,True,3.4865878361742944,0.043164917110680795,457,False,10.637204603059217
H,standalone_open_adjoint,combined,deph_0.005,0.08,0.005,0.0,46,0.9169947291340508,0.08300527086594922,0.925717739621416,2.5289676326819217,60,4,0.0,0,0,True,3.4865878361742944,0.043164917110680795,457,False,10.637204603059217
H,standalone_open_adjoint,combined,deph_0.005,0.08,0.005,0.0,47,0.9245564712152471,0.07544352878475291,0.920645295549348,2.5289676326819217,60,4,0.0,0,0,True,3.4865878361742944,0.043164917110680795,457,False,10.637204603059217
H,standalone_open_adjoint,combined,deph_0.005,0.08,0.005,0.0,48,0.9331456858899849,0.06685431411001508,0.9264605064406937,2.5289676326819217,60,4,0.0,0,0,True,3.4865878361742944,0.043164917110680795,457,False,10.637204603059217
H,standalone_open_adjoint,combined,deph_0.005,0.08,0.005,0.0,49,0.9517439132402941,0.04825608675970594,0.9263160976622461,2.5289676326819217,60,4,0.0,0,0,True,3.4865878361742944,0.043164917110680795,457,False,10.637204603059217
H,standalone_open_adjoint,combined,deph_0.005,0.08,0.005,0.0,50,0.9505954419871564,0.0494045580128436,0.9260319255564119,2.5289676326819217,60,4,0.0,0,0,True,3.4865878361742944,0.043164917110680795,457,False,10.637204603059217
H,standalone_open_adjoint,combined,deph_0.005,0.08,0.005,0.0,51,0.9543626439350138,0.0456373560649862,0.9253814813248151,2.5289676326819217,60,4,0.0,0,0,True,3.4865878361742944,0.043164917110680795,457,False,10.637204603059217
H,standalone_open_adjoint,combined,deph_0.005,0.08,0.005,0.0,52,0.9198835574430242,0.08011644255697581,0.9239335127001821,2.5289676326819217,60,4,0.0,0,0,True,3.4865878361742944,0.043164917110680795,457,False,10.637204603059217
H,standalone_open_adjoint,combined,deph_0.005,0.08,0.005,0.0,53,0.9535557332903981,0.04644426670960189,0.9269531808766691,2.5289676326819217,60,4,0.0,0,0,True,3.4865878361742944,0.043164917110680795,457,False,10.637204603059217
H,standalone_open_adjoint,combined,deph_0.005,0.08,0.005,0.0,54,0.9555348008614585,0.04446519913854152,0.9262705229743097,2.5289676326819217,60,4,0.0,0,0,True,3.4865878361742944,0.043164917110680795,457,False,10.637204603059217
H,standalone_open_adjoint,combined,deph_0.005,0.08,0.005,0.0,55,0.9571001105709692,0.04289988942903078,0.9264774208817474,2.5289676326819217,60,4,0.0,0,0,True,3.4865878361742944,0.043164917110680795,457,False,10.637204603059217
H,standalone_open_adjoint,combined,deph_0.005,0.08,0.005,0.0,56,0.9567912111911548,0.043208788808845155,0.9257358158745578,2.5289676326819217,60,4,0.0,0,0,True,3.4865878361742944,0.043164917110680795,457,False,10.637204603059217
H,standalone_open_adjoint,combined,deph_0.005,0.08,0.005,0.0,57,0.959863203777105,0.04013679622289501,0.9244981936726924,2.5289676326819217,60,4,0.0,0,0,True,3.4865878361742944,0.043164917110680795,457,False,10.637204603059217
H,standalone_open_adjoint,combined,deph_0.005,0.08,0.005,0.0,58,0.9269893846865297,0.0730106153134703,0.9206820643220955,2.5289676326819217,60,4,0.0,0,0,True,3.4865878361742944,0.043164917110680795,457,False,10.637204603059217
H,standalone_open_adjoint,combined,deph_0.005,0.08,0.005,0.0,59,0.9510030166680854,0.0489969833319146,0.9257339087575689,2.5289676326819217,60,4,0.0,0,0,True,3.4865878361742944,0.043164917110680795,457,False,10.637204603059217
H,standalone_open_adjoint,combined,relax_0.002,0.08,0.0,0.002,10,0.9704814304111528,0.029518569588847243,0.9817119171956556,2.5289676326819217,60,4,0.0,0,0,True,3.4865878361742944,0.043164917110680795,457,False,10.637204603059217
H,standalone_open_adjoint,combined,relax_0.002,0.08,0.0,0.002,11,0.9883078452357257,0.01169215476427432,0.9887356334561721,2.5289676326819217,60,4,0.0,0,0,True,3.4865878361742944,0.043164917110680795,457,False,10.637204603059217
H,standalone_open_adjoint,combined,relax_0.002,0.08,0.0,0.002,12,0.9855251372364312,0.014474862763568797,0.9890033450682527,2.5289676326819217,60,4,0.0,0,0,True,3.4865878361742944,0.043164917110680795,457,False,10.637204603059217
H,standalone_open_adjoint,combined,relax_0.002,0.08,0.0,0.002,13,0.9843013480020767,0.015698651997923307,0.9890223209855521,2.5289676326819217,60,4,0.0,0,0,True,3.4865878361742944,0.043164917110680795,457,False,10.637204603059217
H,standalone_open_adjoint,combined,relax_0.002,0.08,0.0,0.002,14,0.9908102296236508,0.00918977037634916,0.9839135970980766,2.5289676326819217,60,4,0.0,0,0,True,3.4865878361742944,0.043164917110680795,457,False,10.637204603059217
H,standalone_open_adjoint,combined,relax_0.002,0.08,0.0,0.002,15,0.983209682286687,0.016790317713312963,0.987836705883202,2.5289676326819217,60,4,0.0,0,0,True,3.4865878361742944,0.043164917110680795,457,False,10.637204603059217
H,standalone_open_adjoint,combined,relax_0.002,0.08,0.0,0.002,16,0.9847104082970044,0.015289591702995597,0.9891587598018424,2.5289676326819217,60,4,0.0,0,0,True,3.4865878361742944,0.043164917110680795,457,False,10.637204603059217
H,standalone_open_adjoint,combined,relax_0.002,0.08,0.0,0.002,17,0.9922062190787748,0.00779378092122518,0.988702551713421,2.5289676326819217,60,4,0.0,0,0,True,3.4865878361742944,0.043164917110680795,457,False,10.637204603059217
H,standalone_open_adjoint,combined,relax_0.002,0.08,0.0,0.002,18,0.9894267559093759,0.010573244090624101,0.9888696438660852,2.5289676326819217,60,4,0.0,0,0,True,3.4865878361742944,0.043164917110680795,457,False,10.637204603059217
H,standalone_open_adjoint,combined,relax_0.002,0.08,0.0,0.002,19,0.9707836955885256,0.02921630441147438,0.988967719551945,2.5289676326819217,60,4,0.0,0,0,True,3.4865878361742944,0.043164917110680795,457,False,10.637204603059217
H,standalone_open_adjoint,combined,relax_0.002,0.08,0.0,0.002,20,0.9868452124903987,0.013154787509601307,0.9888752768115864,2.5289676326819217,60,4,0.0,0,0,True,3.4865878361742944,0.043164917110680795,457,False,10.637204603059217
H,standalone_open_adjoint,combined,relax_0.002,0.08,0.0,0.002,21,0.959762519895385,0.04023748010461503,0.981914734386827,2.5289676326819217,60,4,0.0,0,0,True,3.4865878361742944,0.043164917110680795,457,False,10.637204603059217
H,standalone_open_adjoint,combined,relax_0.002,0.08,0.0,0.002,22,0.973775527172589,0.026224472827411027,0.9814490901257309,2.5289676326819217,60,4,0.0,0,0,True,3.4865878361742944,0.043164917110680795,457,False,10.637204603059217
H,standalone_open_adjoint,combined,relax_0.002,0.08,0.0,0.002,23,0.9935018020336496,0.0064981979663504275,0.9895658726041237,2.5289676326819217,60,4,0.0,0,0,True,3.4865878361742944,0.043164917110680795,457,False,10.637204603059217
H,standalone_open_adjoint,combined,relax_0.002,0.08,0.0,0.002,24,0.9897868912882078,0.010213108711792152,0.9868724546751072,2.5289676326819217,60,4,0.0,0,0,True,3.4865878361742944,0.043164917110680795,457,False,10.637204603059217
H,standalone_open_adjoint,combined,relax_0.002,0.08,0.0,0.002,25,0.9871698045389551,0.012830195461044913,0.9841943644990331,2.5289676326819217,60,4,0.0,0,0,True,3.4865878361742944,0.043164917110680795,457,False,10.637204603059217
H,standalone_open_adjoint,combined,relax_0.002,0.08,0.0,0.002,26,0.9895461204503877,0.0104538795496123,0.988588696871447,2.5289676326819217,60,4,0.0,0,0,True,3.4865878361742944,0.043164917110680795,457,False,10.637204603059217
H,standalone_open_adjoint,combined,relax_0.002,0.08,0.0,0.002,27,0.9933955988468148,0.006604401153185169,0.9877299254976524,2.5289676326819217,60,4,0.0,0,0,True,3.4865878361742944,0.043164917110680795,457,False,10.637204603059217
H,standalone_open_adjoint,combined,relax_0.002,0.08,0.0,0.002,28,0.9515625174532545,0.048437482546745514,0.9836949233190297,2.5289676326819217,60,4,0.0,0,0,True,3.4865878361742944,0.043164917110680795,457,False,10.637204603059217
H,standalone_open_adjoint,combined,relax_0.002,0.08,0.0,0.002,29,0.9460458960605961,0.05395410393940392,0.981625344116204,2.5289676326819217,60,4,0.0,0,0,True,3.4865878361742944,0.043164917110680795,457,False,10.637204603059217
H,standalone_open_adjoint,combined,relax_0.002,0.08,0.0,0.002,30,0.9899362009385565,0.010063799061443501,0.9880196873554482,2.5289676326819217,60,4,0.0,0,0,True,3.4865878361742944,0.043164917110680795,457,False,10.637204603059217
H,standalone_open_adjoint,combined,relax_0.002,0.08,0.0,0.002,31,0.9851658587832852,0.01483414121671478,0.9891736882966751,2.5289676326819217,60,4,0.0,0,0,True,3.4865878361742944,0.043164917110680795,457,False,10.637204603059217
H,standalone_open_adjoint,combined,relax_0.002,0.08,0.0,0.002,32,0.9917957613977454,0.00820423860225461,0.9893209975792079,2.5289676326819217,60,4,0.0,0,0,True,3.4865878361742944,0.043164917110680795,457,False,10.637204603059217
H,standalone_open_adjoint,combined,relax_0.002,0.08,0.0,0.002,33,0.9828041166923891,0.017195883307610904,0.987541267115851,2.5289676326819217,60,4,0.0,0,0,True,3.4865878361742944,0.043164917110680795,457,False,10.637204603059217
H,standalone_open_adjoint,combined,relax_0.002,0.08,0.0,0.002,34,0.9880018609153944,0.011998139084605564,0.987291824445043,2.5289676326819217,60,4,0.0,0,0,True,3.4865878361742944,0.043164917110680795,457,False,10.637204603059217
H,standalone_open_adjoint,combined,relax_0.002,0.08,0.0,0.002,35,0.9785537970225322,0.0214462029774678,0.9893917665240868,2.5289676326819217,60,4,0.0,0,0,True,3.4865878361742944,0.043164917110680795,457,False,10.637204603059217
H,standalone_open_adjoint,combined,relax_0.002,0.08,0.0,0.002,36,0.9637225387553594,0.036277461244640596,0.9837421059797891,2.5289676326819217,60,4,0.0,0,0,True,3.4865878361742944,0.043164917110680795,457,False,10.637204603059217
H,standalone_open_adjoint,combined,relax_0.002,0.08,0.0,0.002,37,0.9908548600320037,0.009145139967996263,0.9848060603237118,2.5289676326819217,60,4,0.0,0,0,True,3.4865878361742944,0.043164917110680795,457,False,10.637204603059217
H,standalone_open_adjoint,combined,relax_0.002,0.08,0.0,0.002,38,0.9911733775916828,0.00882662240831722,0.9890751277275324,2.5289676326819217,60,4,0.0,0,0,True,3.4865878361742944,0.043164917110680795,457,False,10.637204603059217
H,standalone_open_adjoint,combined,relax_0.002,0.08,0.0,0.002,39,0.9857845773736332,0.01421542262636677,0.9890023375604395,2.5289676326819217,60,4,0.0,0,0,True,3.4865878361742944,0.043164917110680795,457,False,10.637204603059217
H,standalone_open_adjoint,combined,relax_0.002,0.08,0.0,0.002,40,0.9778092745964435,0.022190725403556488,0.9829710872401787,2.5289676326819217,60,4,0.0,0,0,True,3.4865878361742944,0.043164917110680795,457,False,10.637204603059217
H,standalone_open_adjoint,combined,relax_0.002,0.08,0.0,0.002,41,0.9544576581217705,0.045542341878229475,0.9854657628761851,2.5289676326819217,60,4,0.0,0,0,True,3.4865878361742944,0.043164917110680795,457,False,10.637204603059217
H,standalone_open_adjoint,combined,relax_0.002,0.08,0.0,0.002,42,0.9844694877025484,0.015530512297451615,0.9882720057641399,2.5289676326819217,60,4,0.0,0,0,True,3.4865878361742944,0.043164917110680795,457,False,10.637204603059217
H,standalone_open_adjoint,combined,relax_0.002,0.08,0.0,0.002,43,0.9652215039073435,0.034778496092656486,0.9838967974224933,2.5289676326819217,60,4,0.0,0,0,True,3.4865878361742944,0.043164917110680795,457,False,10.637204603059217
H,standalone_open_adjoint,combined,relax_0.002,0.08,0.0,0.002,44,0.9906654682297763,0.009334531770223697,0.9889281942848798,2.5289676326819217,60,4,0.0,0,0,True,3.4865878361742944,0.043164917110680795,457,False,10.637204603059217
H,standalone_open_adjoint,combined,relax_0.002,0.08,0.0,0.002,45,0.9886847631775225,0.011315236822477481,0.9880203764053743,2.5289676326819217,60,4,0.0,0,0,True,3.4865878361742944,0.043164917110680795,457,False,10.637204603059217
H,standalone_open_adjoint,combined,relax_0.002,0.08,0.0,0.002,46,0.9473751099923011,0.05262489000769888,0.9851622846482169,2.5289676326819217,60,4,0.0,0,0,True,3.4865878361742944,0.043164917110680795,457,False,10.637204603059217
H,standalone_open_adjoint,combined,relax_0.002,0.08,0.0,0.002,47,0.9541297529928616,0.045870247007138376,0.9773689916539758,2.5289676326819217,60,4,0.0,0,0,True,3.4865878361742944,0.043164917110680795,457,False,10.637204603059217
H,standalone_open_adjoint,combined,relax_0.002,0.08,0.0,0.002,48,0.9646975674048451,0.035302432595154865,0.9881550994557037,2.5289676326819217,60,4,0.0,0,0,True,3.4865878361742944,0.043164917110680795,457,False,10.637204603059217
H,standalone_open_adjoint,combined,relax_0.002,0.08,0.0,0.002,49,0.9844599179376817,0.015540082062318272,0.9890232841782727,2.5289676326819217,60,4,0.0,0,0,True,3.4865878361742944,0.043164917110680795,457,False,10.637204603059217
H,standalone_open_adjoint,combined,relax_0.002,0.08,0.0,0.002,50,0.9829453867957809,0.017054613204219082,0.9870836690837326,2.5289676326819217,60,4,0.0,0,0,True,3.4865878361742944,0.043164917110680795,457,False,10.637204603059217
H,standalone_open_adjoint,combined,relax_0.002,0.08,0.0,0.002,51,0.9866049478299779,0.013395052170022126,0.9874324152341976,2.5289676326819217,60,4,0.0,0,0,True,3.4865878361742944,0.043164917110680795,457,False,10.637204603059217
H,standalone_open_adjoint,combined,relax_0.002,0.08,0.0,0.002,52,0.9502301708623421,0.04976982913765793,0.9848115577977095,2.5289676326819217,60,4,0.0,0,0,True,3.4865878361742944,0.043164917110680795,457,False,10.637204603059217
H,standalone_open_adjoint,combined,relax_0.002,0.08,0.0,0.002,53,0.9858799222885775,0.01412007771142254,0.9878076564981564,2.5289676326819217,60,4,0.0,0,0,True,3.4865878361742944,0.043164917110680795,457,False,10.637204603059217
H,standalone_open_adjoint,combined,relax_0.002,0.08,0.0,0.002,54,0.9878816869185105,0.012118313081489474,0.9890677994901205,2.5289676326819217,60,4,0.0,0,0,True,3.4865878361742944,0.043164917110680795,457,False,10.637204603059217
H,standalone_open_adjoint,combined,relax_0.002,0.08,0.0,0.002,55,0.9898369509077954,0.010163049092204557,0.9886869065807775,2.5289676326819217,60,4,0.0,0,0,True,3.4865878361742944,0.043164917110680795,457,False,10.637204603059217
H,standalone_open_adjoint,combined,relax_0.002,0.08,0.0,0.002,56,0.9892045998473256,0.01079540015267444,0.9886464586907435,2.5289676326819217,60,4,0.0,0,0,True,3.4865878361742944,0.043164917110680795,457,False,10.637204603059217
H,standalone_open_adjoint,combined,relax_0.002,0.08,0.0,0.002,57,0.9924665272833069,0.007533472716693135,0.9866882763826084,2.5289676326819217,60,4,0.0,0,0,True,3.4865878361742944,0.043164917110680795,457,False,10.637204603059217
H,standalone_open_adjoint,combined,relax_0.002,0.08,0.0,0.002,58,0.956694282076212,0.04330571792378801,0.9774773433566204,2.5289676326819217,60,4,0.0,0,0,True,3.4865878361742944,0.043164917110680795,457,False,10.637204603059217
H,standalone_open_adjoint,combined,relax_0.002,0.08,0.0,0.002,59,0.9833438415205495,0.016656158479450456,0.9892056113714974,2.5289676326819217,60,4,0.0,0,0,True,3.4865878361742944,0.043164917110680795,457,False,10.637204603059217
H,standalone_open_adjoint,combined,combined,0.08,0.005,0.002,10,0.9355047847209172,0.06449521527908275,0.9141440487124609,2.5289676326819217,60,4,0.0,0,0,True,3.4865878361742944,0.043164917110680795,457,False,10.637204603059217
H,standalone_open_adjoint,combined,combined,0.08,0.005,0.002,11,0.9516717800731128,0.048328219926887184,0.918194879725335,2.5289676326819217,60,4,0.0,0,0,True,3.4865878361742944,0.043164917110680795,457,False,10.637204603059217
H,standalone_open_adjoint,combined,combined,0.08,0.005,0.002,12,0.9490044277407774,0.05099557225922258,0.9184906285030303,2.5289676326819217,60,4,0.0,0,0,True,3.4865878361742944,0.043164917110680795,457,False,10.637204603059217
H,standalone_open_adjoint,combined,combined,0.08,0.005,0.002,13,0.9478425472918375,0.05215745270816252,0.9196877369383591,2.5289676326819217,60,4,0.0,0,0,True,3.4865878361742944,0.043164917110680795,457,False,10.637204603059217
H,standalone_open_adjoint,combined,combined,0.08,0.005,0.002,14,0.9546993068850446,0.04530069311495544,0.9155093660970773,2.5289676326819217,60,4,0.0,0,0,True,3.4865878361742944,0.043164917110680795,457,False,10.637204603059217
H,standalone_open_adjoint,combined,combined,0.08,0.005,0.002,15,0.9469205392672844,0.05307946073271563,0.9179073038526033,2.5289676326819217,60,4,0.0,0,0,True,3.4865878361742944,0.043164917110680795,457,False,10.637204603059217
H,standalone_open_adjoint,combined,combined,0.08,0.005,0.002,16,0.9483249989277651,0.05167500107223488,0.9184286314324902,2.5289676326819217,60,4,0.0,0,0,True,3.4865878361742944,0.043164917110680795,457,False,10.637204603059217
H,standalone_open_adjoint,combined,combined,0.08,0.005,0.002,17,0.9553993187286938,0.04460068127130623,0.9186382281007908,2.5289676326819217,60,4,0.0,0,0,True,3.4865878361742944,0.043164917110680795,457,False,10.637204603059217
H,standalone_open_adjoint,combined,combined,0.08,0.005,0.002,18,0.952793000067437,0.047206999932563054,0.9196795998034916,2.5289676326819217,60,4,0.0,0,0,True,3.4865878361742944,0.043164917110680795,457,False,10.637204603059217
H,standalone_open_adjoint,combined,combined,0.08,0.005,0.002,19,0.9350815065947946,0.06491849340520539,0.9189686847776838,2.5289676326819217,60,4,0.0,0,0,True,3.4865878361742944,0.043164917110680795,457,False,10.637204603059217
H,standalone_open_adjoint,combined,combined,0.08,0.005,0.002,20,0.9503259077933078,0.049674092206692166,0.9182474784283936,2.5289676326819217,60,4,0.0,0,0,True,3.4865878361742944,0.043164917110680795,457,False,10.637204603059217
H,standalone_open_adjoint,combined,combined,0.08,0.005,0.002,21,0.9255825271221703,0.07441747287782974,0.9166633004969863,2.5289676326819217,60,4,0.0,0,0,True,3.4865878361742944,0.043164917110680795,457,False,10.637204603059217
H,standalone_open_adjoint,combined,combined,0.08,0.005,0.002,22,0.9386693691052861,0.06133063089471391,0.9139859811000857,2.5289676326819217,60,4,0.0,0,0,True,3.4865878361742944,0.043164917110680795,457,False,10.637204603059217
H,standalone_open_adjoint,combined,combined,0.08,0.005,0.002,23,0.9564091300448199,0.043590869955180134,0.918846852639642,2.5289676326819217,60,4,0.0,0,0,True,3.4865878361742944,0.043164917110680795,457,False,10.637204603059217
H,standalone_open_adjoint,combined,combined,0.08,0.005,0.002,24,0.9533952007433374,0.04660479925666261,0.9178003461416482,2.5289676326819217,60,4,0.0,0,0,True,3.4865878361742944,0.043164917110680795,457,False,10.637204603059217
H,standalone_open_adjoint,combined,combined,0.08,0.005,0.002,25,0.9512709449971701,0.04872905500282987,0.9162429415761042,2.5289676326819217,60,4,0.0,0,0,True,3.4865878361742944,0.043164917110680795,457,False,10.637204603059217
H,standalone_open_adjoint,combined,combined,0.08,0.005,0.002,26,0.9528839161187472,0.04711608388125277,0.9190331285100122,2.5289676326819217,60,4,0.0,0,0,True,3.4865878361742944,0.043164917110680795,457,False,10.637204603059217
H,standalone_open_adjoint,combined,combined,0.08,0.005,0.002,27,0.9564333675925871,0.043566632407412875,0.9174837402459234,2.5289676326819217,60,4,0.0,0,0,True,3.4865878361742944,0.043164917110680795,457,False,10.637204603059217
H,standalone_open_adjoint,combined,combined,0.08,0.005,0.002,28,0.9173870801097534,0.08261291989024655,0.9156633476657516,2.5289676326819217,60,4,0.0,0,0,True,3.4865878361742944,0.043164917110680795,457,False,10.637204603059217
H,standalone_open_adjoint,combined,combined,0.08,0.005,0.002,29,0.912418453916451,0.08758154608354896,0.9147855345079754,2.5289676326819217,60,4,0.0,0,0,True,3.4865878361742944,0.043164917110680795,457,False,10.637204603059217
H,standalone_open_adjoint,combined,combined,0.08,0.005,0.002,30,0.9533544961783824,0.046645503821617584,0.9185301787730069,2.5289676326819217,60,4,0.0,0,0,True,3.4865878361742944,0.043164917110680795,457,False,10.637204603059217
H,standalone_open_adjoint,combined,combined,0.08,0.005,0.002,31,0.9487735661899812,0.05122643381001879,0.9184734287520321,2.5289676326819217,60,4,0.0,0,0,True,3.4865878361742944,0.043164917110680795,457,False,10.637204603059217
H,standalone_open_adjoint,combined,combined,0.08,0.005,0.002,32,0.9548240493336482,0.04517595066635183,0.9189600968904688,2.5289676326819217,60,4,0.0,0,0,True,3.4865878361742944,0.043164917110680795,457,False,10.637204603059217
H,standalone_open_adjoint,combined,combined,0.08,0.005,0.002,33,0.9465985073443113,0.05340149265568872,0.919036547346958,2.5289676326819217,60,4,0.0,0,0,True,3.4865878361742944,0.043164917110680795,457,False,10.637204603059217
H,standalone_open_adjoint,combined,combined,0.08,0.005,0.002,34,0.9516703714372495,0.04832962856275047,0.9187798018879568,2.5289676326819217,60,4,0.0,0,0,True,3.4865878361742944,0.043164917110680795,457,False,10.637204603059217
H,standalone_open_adjoint,combined,combined,0.08,0.005,0.002,35,0.9424610213822546,0.05753897861774537,0.9185877924013383,2.5289676326819217,60,4,0.0,0,0,True,3.4865878361742944,0.043164917110680795,457,False,10.637204603059217
H,standalone_open_adjoint,combined,combined,0.08,0.005,0.002,36,0.9288594585599761,0.07114054144002391,0.9153190117576365,2.5289676326819217,60,4,0.0,0,0,True,3.4865878361742944,0.043164917110680795,457,False,10.637204603059217
H,standalone_open_adjoint,combined,combined,0.08,0.005,0.002,37,0.9546673436396531,0.04533265636034689,0.9161812652138737,2.5289676326819217,60,4,0.0,0,0,True,3.4865878361742944,0.043164917110680795,457,False,10.637204603059217
H,standalone_open_adjoint,combined,combined,0.08,0.005,0.002,38,0.9541815882068068,0.04581841179319324,0.9183825394872644,2.5289676326819217,60,4,0.0,0,0,True,3.4865878361742944,0.043164917110680795,457,False,10.637204603059217
H,standalone_open_adjoint,combined,combined,0.08,0.005,0.002,39,0.9492324260561389,0.05076757394386111,0.9185515199399376,2.5289676326819217,60,4,0.0,0,0,True,3.4865878361742944,0.043164917110680795,457,False,10.637204603059217
H,standalone_open_adjoint,combined,combined,0.08,0.005,0.002,40,0.942291547661414,0.057708452338586014,0.9148002261928038,2.5289676326819217,60,4,0.0,0,0,True,3.4865878361742944,0.043164917110680795,457,False,10.637204603059217
H,standalone_open_adjoint,combined,combined,0.08,0.005,0.002,41,0.9199472620926454,0.08005273790735457,0.9166113180478649,2.5289676326819217,60,4,0.0,0,0,True,3.4865878361742944,0.043164917110680795,457,False,10.637204603059217
H,standalone_open_adjoint,combined,combined,0.08,0.005,0.002,42,0.9481391154313881,0.05186088456861193,0.9196699148556358,2.5289676326819217,60,4,0.0,0,0,True,3.4865878361742944,0.043164917110680795,457,False,10.637204603059217
H,standalone_open_adjoint,combined,combined,0.08,0.005,0.002,43,0.9304918328683819,0.06950816713161811,0.9176779946654776,2.5289676326819217,60,4,0.0,0,0,True,3.4865878361742944,0.043164917110680795,457,False,10.637204603059217
H,standalone_open_adjoint,combined,combined,0.08,0.005,0.002,44,0.9537117288679846,0.04628827113201539,0.9183156755270244,2.5289676326819217,60,4,0.0,0,0,True,3.4865878361742944,0.043164917110680795,457,False,10.637204603059217
H,standalone_open_adjoint,combined,combined,0.08,0.005,0.002,45,0.9520924128323718,0.04790758716762822,0.9184189826016893,2.5289676326819217,60,4,0.0,0,0,True,3.4865878361742944,0.043164917110680795,457,False,10.637204603059217
H,standalone_open_adjoint,combined,combined,0.08,0.005,0.002,46,0.9133595847661249,0.08664041523387511,0.9181799281559516,2.5289676326819217,60,4,0.0,0,0,True,3.4865878361742944,0.043164917110680795,457,False,10.637204603059217
H,standalone_open_adjoint,combined,combined,0.08,0.005,0.002,47,0.9207419434641713,0.07925805653582874,0.9130493732602536,2.5289676326819217,60,4,0.0,0,0,True,3.4865878361742944,0.043164917110680795,457,False,10.637204603059217
H,standalone_open_adjoint,combined,combined,0.08,0.005,0.002,48,0.9293988490383075,0.0706011509616925,0.919102996321074,2.5289676326819217,60,4,0.0,0,0,True,3.4865878361742944,0.043164917110680795,457,False,10.637204603059217
H,standalone_open_adjoint,combined,combined,0.08,0.005,0.002,49,0.9479437761574929,0.05205622384250708,0.9191123706927109,2.5289676326819217,60,4,0.0,0,0,True,3.4865878361742944,0.043164917110680795,457,False,10.637204603059217
H,standalone_open_adjoint,combined,combined,0.08,0.005,0.002,50,0.9467583523273858,0.05324164767261419,0.9185849940270769,2.5289676326819217,60,4,0.0,0,0,True,3.4865878361742944,0.043164917110680795,457,False,10.637204603059217
H,standalone_open_adjoint,combined,combined,0.08,0.005,0.002,51,0.9501610167555803,0.04983898324441971,0.917820962687095,2.5289676326819217,60,4,0.0,0,0,True,3.4865878361742944,0.043164917110680795,457,False,10.637204603059217
H,standalone_open_adjoint,combined,combined,0.08,0.005,0.002,52,0.9160217121252486,0.08397828787475137,0.9164288112153316,2.5289676326819217,60,4,0.0,0,0,True,3.4865878361742944,0.043164917110680795,457,False,10.637204603059217
H,standalone_open_adjoint,combined,combined,0.08,0.005,0.002,53,0.9495689524437116,0.050431047556288355,0.9193818940767698,2.5289676326819217,60,4,0.0,0,0,True,3.4865878361742944,0.043164917110680795,457,False,10.637204603059217
H,standalone_open_adjoint,combined,combined,0.08,0.005,0.002,54,0.9513829686132147,0.0486170313867853,0.9188226596701332,2.5289676326819217,60,4,0.0,0,0,True,3.4865878361742944,0.043164917110680795,457,False,10.637204603059217
H,standalone_open_adjoint,combined,combined,0.08,0.005,0.002,55,0.953149176680968,0.04685082331903201,0.9190623810822575,2.5289676326819217,60,4,0.0,0,0,True,3.4865878361742944,0.043164917110680795,457,False,10.637204603059217
H,standalone_open_adjoint,combined,combined,0.08,0.005,0.002,56,0.9526810323443688,0.04731896765563115,0.9183706755476281,2.5289676326819217,60,4,0.0,0,0,True,3.4865878361742944,0.043164917110680795,457,False,10.637204603059217
H,standalone_open_adjoint,combined,combined,0.08,0.005,0.002,57,0.95585035205545,0.04414964794455001,0.9171827229442486,2.5289676326819217,60,4,0.0,0,0,True,3.4865878361742944,0.043164917110680795,457,False,10.637204603059217
H,standalone_open_adjoint,combined,combined,0.08,0.005,0.002,58,0.9231685969776969,0.07683140302230307,0.9131005542154047,2.5289676326819217,60,4,0.0,0,0,True,3.4865878361742944,0.043164917110680795,457,False,10.637204603059217
H,standalone_open_adjoint,combined,combined,0.08,0.005,0.002,59,0.9470007149053088,0.052999285094691206,0.9184710854484638,2.5289676326819217,60,4,0.0,0,0,True,3.4865878361742944,0.043164917110680795,457,False,10.637204603059217
