system,controller,eval_strength,noise_case,gamma_phi,gamma_relax,seed,final_fidelity,final_leakage,max_leakage,tail_infidelity_mean,final_purity,pulse_energy,segments,training_seconds,training_objective,optimizer_iterations,optimizer_success,sweep_label,terminal_target_weight,leakage_weight,trust_radius,horizon_maxiter
five_level_weak_anharmonic,open_leakage_path_seed,0.03,static_only,0.0,0.0,10,0.9385594302258522,0.0442467840959867,0.04834731393124225,0.13188602034729044,0.9999998929561222,0.0013843749999999998,120,66.64197795488872,,,,path seed,,,,
five_level_weak_anharmonic,open_leakage_path_seed,0.03,static_only,0.0,0.0,11,0.7670929036634855,0.04609719969595172,0.050571120097872124,0.1159487019466316,0.9999997988611964,0.0013843749999999998,120,66.64197795488872,,,,path seed,,,,
five_level_weak_anharmonic,open_leakage_path_seed,0.03,static_only,0.0,0.0,12,0.800772660557086,0.042079282664754136,0.04397017071811793,0.11385828502018466,0.9999998361987751,0.0013843749999999998,120,66.64197795488872,,,,path seed,,,,
five_level_weak_anharmonic,open_leakage_path_seed,0.03,static_only,0.0,0.0,13,0.5210049001012788,0.02402228210837143,0.025534061204040892,0.5129517759635257,0.9999999454460391,0.0013843749999999998,120,66.64197795488872,,,,path seed,,,,
five_level_weak_anharmonic,open_leakage_path_seed,0.03,static_only,0.0,0.0,14,0.6874798154182011,0.028205780652755252,0.0300571019663316,0.3333036117538011,0.9999999242390858,0.0013843749999999998,120,66.64197795488872,,,,path seed,,,,
five_level_weak_anharmonic,open_leakage_path_seed,0.03,static_only,0.0,0.0,15,0.913352886140659,0.055139534309706306,0.061032155136744204,0.08418080625253001,0.9999998222340329,0.0013843749999999998,120,66.64197795488872,,,,path seed,,,,
five_level_weak_anharmonic,open_leakage_path_seed,0.03,static_only,0.0,0.0,16,0.8630785865184628,0.05074503166952993,0.054371142348127566,0.06875192418405715,0.9999998165240375,0.0013843749999999998,120,66.64197795488872,,,,path seed,,,,
five_level_weak_anharmonic,open_leakage_path_seed,0.03,static_only,0.0,0.0,17,0.9448073163456742,0.038801589996633856,0.04326864571648059,0.10539409921830582,0.9999998880700692,0.0013843749999999998,120,66.64197795488872,,,,path seed,,,,
five_level_weak_anharmonic,open_leakage_path_seed,0.03,static_only,0.0,0.0,18,0.9156054761200509,0.054184327052104186,0.054898103801933607,0.1238107882733133,0.999999878101818,0.0013843749999999998,120,66.64197795488872,,,,path seed,,,,
five_level_weak_anharmonic,open_leakage_path_seed,0.03,static_only,0.0,0.0,19,0.8161722518844072,0.03415074786434669,0.03871145318278024,0.09541641335476549,0.9999998735629022,0.0013843749999999998,120,66.64197795488872,,,,path seed,,,,
five_level_weak_anharmonic,open_leakage_path_seed,0.03,static_only,0.0,0.0,20,0.900821467528843,0.054709962256766054,0.05721063776738666,0.07019797745662576,0.999999880693482,0.0013843749999999998,120,66.64197795488872,,,,path seed,,,,
five_level_weak_anharmonic,open_leakage_path_seed,0.03,static_only,0.0,0.0,21,0.9192366710578953,0.03808217868107455,0.04383324822677126,0.04747327468145988,0.9999998715798559,0.0013843749999999998,120,66.64197795488872,,,,path seed,,,,
five_level_weak_anharmonic,open_leakage_path_seed,0.03,static_only,0.0,0.0,22,0.9119854332044961,0.0408344654938243,0.045158166501615304,0.05199998696156542,0.999999861573619,0.0013843749999999998,120,66.64197795488872,,,,path seed,,,,
five_level_weak_anharmonic,open_leakage_path_seed,0.03,static_only,0.0,0.0,23,0.9064179633873213,0.045410076329983284,0.04791916280425257,0.08072717360135527,0.9999998762196693,0.0013843749999999998,120,66.64197795488872,,,,path seed,,,,
five_level_weak_anharmonic,open_leakage_path_seed,0.03,static_only,0.0,0.0,24,0.8420216361065859,0.02559764272158649,0.034757861175422566,0.15073220713937496,0.9999998788808018,0.0013843749999999998,120,66.64197795488872,,,,path seed,,,,
five_level_weak_anharmonic,open_leakage_path_seed,0.03,static_only,0.0,0.0,25,0.8257012083104096,0.04053702640648449,0.04370513738154291,0.1626626042796547,0.9999998756901294,0.0013843749999999998,120,66.64197795488872,,,,path seed,,,,
five_level_weak_anharmonic,open_leakage_path_seed,0.03,static_only,0.0,0.0,26,0.9046966608983575,0.0577231637567861,0.0577231637567861,0.11440784863659814,0.9999998599060711,0.0013843749999999998,120,66.64197795488872,,,,path seed,,,,
five_level_weak_anharmonic,open_leakage_path_seed,0.03,static_only,0.0,0.0,27,0.8670756228003252,0.04000104334015886,0.043974744024457446,0.16083117914798944,0.9999998965659617,0.0013843749999999998,120,66.64197795488872,,,,path seed,,,,
five_level_weak_anharmonic,open_leakage_path_seed,0.03,static_only,0.0,0.0,28,0.909072612728995,0.058489386980214,0.0644444156127103,0.06077172555907381,0.9999998065015004,0.0013843749999999998,120,66.64197795488872,,,,path seed,,,,
five_level_weak_anharmonic,open_leakage_path_seed,0.03,static_only,0.0,0.0,29,0.946434762580584,0.049140573726391135,0.05107110123938008,0.08694053986128827,0.9999998738884137,0.0013843749999999998,120,66.64197795488872,,,,path seed,,,,
five_level_weak_anharmonic,open_leakage_path_seed,0.03,static_only,0.0,0.0,30,0.8294908478263073,0.038936828162260406,0.03997833656191607,0.22770251809118797,0.9999999138345802,0.0013843749999999998,120,66.64197795488872,,,,path seed,,,,
five_level_weak_anharmonic,open_leakage_path_seed,0.03,static_only,0.0,0.0,31,0.8081248057560041,0.037567194889427835,0.0477588780765561,0.1063739960918792,0.9999998188833742,0.0013843749999999998,120,66.64197795488872,,,,path seed,,,,
five_level_weak_anharmonic,open_leakage_path_seed,0.03,static_only,0.0,0.0,32,0.8095284756011647,0.037090347774460186,0.04172199473971361,0.09899587571183549,0.9999998189839673,0.0013843749999999998,120,66.64197795488872,,,,path seed,,,,
five_level_weak_anharmonic,open_leakage_path_seed,0.03,static_only,0.0,0.0,33,0.814501217299735,0.03838123859434606,0.038428776181931745,0.26074730010869623,0.9999999329445137,0.0013843749999999998,120,66.64197795488872,,,,path seed,,,,
five_level_weak_anharmonic,open_leakage_path_seed,0.03,static_only,0.0,0.0,34,0.8391474522627522,0.05494725442088422,0.05500974768966582,0.17137630120239006,0.9999998759832843,0.0013843749999999998,120,66.64197795488872,,,,path seed,,,,
five_level_weak_anharmonic,open_leakage_path_seed,0.03,static_only,0.0,0.0,35,0.9163613272693122,0.062171300607442914,0.06576452373896413,0.08783146993431164,0.9999998521123361,0.0013843749999999998,120,66.64197795488872,,,,path seed,,,,
five_level_weak_anharmonic,open_leakage_path_seed,0.03,static_only,0.0,0.0,36,0.8387149609369838,0.0421829534819933,0.04784064653993936,0.08684233217420159,0.999999821545023,0.0013843749999999998,120,66.64197795488872,,,,path seed,,,,
five_level_weak_anharmonic,open_leakage_path_seed,0.03,static_only,0.0,0.0,37,0.8873308609188368,0.037885337993870394,0.04251599768719638,0.19999773682816818,0.9999999064149222,0.0013843749999999998,120,66.64197795488872,,,,path seed,,,,
five_level_weak_anharmonic,open_leakage_path_seed,0.03,static_only,0.0,0.0,38,0.7253882898057549,0.022758768241234018,0.023795789638172304,0.3326186242769021,0.999999947815384,0.0013843749999999998,120,66.64197795488872,,,,path seed,,,,
five_level_weak_anharmonic,open_leakage_path_seed,0.03,static_only,0.0,0.0,39,0.8495852394980558,0.04088318220625187,0.05229929669742772,0.10411506475746309,0.9999998100198201,0.0013843749999999998,120,66.64197795488872,,,,path seed,,,,
five_level_weak_anharmonic,open_leakage_path_seed,0.03,static_only,0.0,0.0,40,0.9306674291038217,0.05450554518659645,0.05693588735168409,0.06140509535418176,0.9999998488812938,0.0013843749999999998,120,66.64197795488872,,,,path seed,,,,
five_level_weak_anharmonic,open_leakage_path_seed,0.03,static_only,0.0,0.0,41,0.885563652916104,0.047810279162057046,0.050904559195759314,0.06733246697703245,0.9999998629281857,0.0013843749999999998,120,66.64197795488872,,,,path seed,,,,
five_level_weak_anharmonic,open_leakage_path_seed,0.03,static_only,0.0,0.0,42,0.8712708006419744,0.05168535341241154,0.05168535341241154,0.1640212086457615,0.9999999026394203,0.0013843749999999998,120,66.64197795488872,,,,path seed,,,,
five_level_weak_anharmonic,open_leakage_path_seed,0.03,static_only,0.0,0.0,43,0.8316593954052589,0.035531149545943275,0.04027005600462219,0.11839408796622206,0.9999998655833929,0.0013843749999999998,120,66.64197795488872,,,,path seed,,,,
five_level_weak_anharmonic,open_leakage_path_seed,0.03,static_only,0.0,0.0,44,0.6726877086293164,0.027029729638023525,0.029771577146876282,0.4130765789981287,0.9999999454511616,0.0013843749999999998,120,66.64197795488872,,,,path seed,,,,
five_level_weak_anharmonic,open_leakage_path_seed,0.03,static_only,0.0,0.0,45,0.8649523049516455,0.04848195081676021,0.053443012763449094,0.15208708797274298,0.9999998676705028,0.0013843749999999998,120,66.64197795488872,,,,path seed,,,,
five_level_weak_anharmonic,open_leakage_path_seed,0.03,static_only,0.0,0.0,46,0.7838628001412463,0.03534165010293622,0.038443431135139816,0.10160758619461548,0.9999998516604384,0.0013843749999999998,120,66.64197795488872,,,,path seed,,,,
five_level_weak_anharmonic,open_leakage_path_seed,0.03,static_only,0.0,0.0,47,0.9061463952814123,0.038526054313907765,0.04949987258447064,0.058028079342822655,0.9999998474503957,0.0013843749999999998,120,66.64197795488872,,,,path seed,,,,
five_level_weak_anharmonic,open_leakage_path_seed,0.03,static_only,0.0,0.0,48,0.5599218072894847,0.024110939208806137,0.04404342720990695,0.2638505588974588,0.9999997892742235,0.0013843749999999998,120,66.64197795488872,,,,path seed,,,,
five_level_weak_anharmonic,open_leakage_path_seed,0.03,static_only,0.0,0.0,49,0.9076089585240091,0.04061471930772054,0.04937550421478876,0.059345573129620154,0.9999998308444873,0.0013843749999999998,120,66.64197795488872,,,,path seed,,,,
five_level_weak_anharmonic,open_leakage_path_seed,0.03,static_only,0.0,0.0,50,0.8791013487612541,0.0444309712190325,0.050013580146498704,0.1401343179856609,0.9999998642577075,0.0013843749999999998,120,66.64197795488872,,,,path seed,,,,
five_level_weak_anharmonic,open_leakage_path_seed,0.03,static_only,0.0,0.0,51,0.9397075845766638,0.05793943662310941,0.05933784067013925,0.0688831411987662,0.9999998599754223,0.0013843749999999998,120,66.64197795488872,,,,path seed,,,,
five_level_weak_anharmonic,open_leakage_path_seed,0.03,static_only,0.0,0.0,52,0.8720193374249984,0.03634400524377335,0.04425972910433995,0.06925837642089354,0.99999984369447,0.0013843749999999998,120,66.64197795488872,,,,path seed,,,,
five_level_weak_anharmonic,open_leakage_path_seed,0.03,static_only,0.0,0.0,53,0.7602410548213806,0.03994610271573873,0.040169600271320216,0.20987960927911722,0.9999998795874339,0.0013843749999999998,120,66.64197795488872,,,,path seed,,,,
five_level_weak_anharmonic,open_leakage_path_seed,0.03,static_only,0.0,0.0,54,0.7908553767693389,0.04104008554809524,0.044307051516644935,0.16437885307102035,0.9999998495927317,0.0013843749999999998,120,66.64197795488872,,,,path seed,,,,
five_level_weak_anharmonic,open_leakage_path_seed,0.03,static_only,0.0,0.0,55,0.6704906880135763,0.035876396386643306,0.03929077364330391,0.3861887766210683,0.9999999230552395,0.0013843749999999998,120,66.64197795488872,,,,path seed,,,,
five_level_weak_anharmonic,open_leakage_path_seed,0.03,static_only,0.0,0.0,56,0.8457233064283293,0.03457471302365456,0.04927398353636714,0.09576262337791835,0.999999854970905,0.0013843749999999998,120,66.64197795488872,,,,path seed,,,,
five_level_weak_anharmonic,open_leakage_path_seed,0.03,static_only,0.0,0.0,57,0.9252092849344421,0.06392877091362126,0.0695993627921292,0.10931122863029163,0.9999998464765003,0.0013843749999999998,120,66.64197795488872,,,,path seed,,,,
five_level_weak_anharmonic,open_leakage_path_seed,0.03,static_only,0.0,0.0,58,0.8902608463597428,0.03449232292203119,0.04110604073238466,0.06895778118105773,0.9999998493872527,0.0013843749999999998,120,66.64197795488872,,,,path seed,,,,
five_level_weak_anharmonic,open_leakage_path_seed,0.03,static_only,0.0,0.0,59,0.6805465576275876,0.035152909807474986,0.044785517730376756,0.178046650613628,0.9999997895509304,0.0013843749999999998,120,66.64197795488872,,,,path seed,,,,
five_level_weak_anharmonic,open_leakage_path_seed,0.03,deph_0.001,0.001,0.0,10,0.9296954633005995,0.044879142430861996,0.04873272277382701,0.13877965794717934,0.9802114419392116,0.0013843749999999998,120,66.64197795488872,,,,path seed,,,,
five_level_weak_anharmonic,open_leakage_path_seed,0.03,deph_0.001,0.001,0.0,11,0.7633061857803081,0.04657282807536833,0.05097618039813456,0.12150600462849157,0.9838724033038208,0.0013843749999999998,120,66.64197795488872,,,,path seed,,,,
five_level_weak_anharmonic,open_leakage_path_seed,0.03,deph_0.001,0.001,0.0,12,0.7959999966496881,0.042696351952669076,0.044402986385059906,0.12028232716359367,0.9826633302706108,0.0013843749999999998,120,66.64197795488872,,,,path seed,,,,
five_level_weak_anharmonic,open_leakage_path_seed,0.03,deph_0.001,0.001,0.0,13,0.521722278539412,0.024687245345489606,0.02603312979012906,0.5117428761976166,0.9752947128698027,0.0013843749999999998,120,66.64197795488872,,,,path seed,,,,
five_level_weak_anharmonic,open_leakage_path_seed,0.03,deph_0.001,0.001,0.0,14,0.685048676686088,0.028627441285943522,0.03039181219168574,0.3350461322537164,0.9765023313706676,0.0013843749999999998,120,66.64197795488872,,,,path seed,,,,
five_level_weak_anharmonic,open_leakage_path_seed,0.03,deph_0.001,0.001,0.0,15,0.905663471885199,0.05611308059948528,0.06123634492476204,0.09097904060628054,0.9826694965384848,0.0013843749999999998,120,66.64197795488872,,,,path seed,,,,
five_level_weak_anharmonic,open_leakage_path_seed,0.03,deph_0.001,0.001,0.0,16,0.8572457190724978,0.05116178743895183,0.05474424758581886,0.0754630066751148,0.9840642355805077,0.0013843749999999998,120,66.64197795488872,,,,path seed,,,,
five_level_weak_anharmonic,open_leakage_path_seed,0.03,deph_0.001,0.001,0.0,17,0.9369754442209142,0.03961775505303944,0.04389895353663498,0.11172483963817084,0.9823065782188032,0.0013843749999999998,120,66.64197795488872,,,,path seed,,,,
five_level_weak_anharmonic,open_leakage_path_seed,0.03,deph_0.001,0.001,0.0,18,0.9082163360081495,0.054514633580782235,0.05520504492668998,0.13013511043537435,0.9811031983562007,0.0013843749999999998,120,66.64197795488872,,,,path seed,,,,
five_level_weak_anharmonic,open_leakage_path_seed,0.03,deph_0.001,0.001,0.0,19,0.8114906165980664,0.034643859531643395,0.03907996454383389,0.10143785742335741,0.9839219933684142,0.0013843749999999998,120,66.64197795488872,,,,path seed,,,,
five_level_weak_anharmonic,open_leakage_path_seed,0.03,deph_0.001,0.001,0.0,20,0.8940835661785586,0.05467215553095395,0.057107208227126005,0.0774215625958803,0.9833280835660322,0.0013843749999999998,120,66.64197795488872,,,,path seed,,,,
five_level_weak_anharmonic,open_leakage_path_seed,0.03,deph_0.001,0.001,0.0,21,0.9124815099101631,0.03847923125966668,0.04400534739886475,0.05434408628403787,0.9847071956583419,0.0013843749999999998,120,66.64197795488872,,,,path seed,,,,
five_level_weak_anharmonic,open_leakage_path_seed,0.03,deph_0.001,0.001,0.0,22,0.9050171858499589,0.04142327870193985,0.045614648264050595,0.05890872174812871,0.9843457423180604,0.0013843749999999998,120,66.64197795488872,,,,path seed,,,,
five_level_weak_anharmonic,open_leakage_path_seed,0.03,deph_0.001,0.001,0.0,23,0.8998118306071113,0.04557539442215397,0.04800698431979877,0.08709340287420522,0.9829087062993938,0.0013843749999999998,120,66.64197795488872,,,,path seed,,,,
five_level_weak_anharmonic,open_leakage_path_seed,0.03,deph_0.001,0.001,0.0,24,0.8365645643815748,0.02658283934190475,0.03482607195157805,0.1555548481377023,0.9810388268245125,0.0013843749999999998,120,66.64197795488872,,,,path seed,,,,
five_level_weak_anharmonic,open_leakage_path_seed,0.03,deph_0.001,0.001,0.0,25,0.8206032875937695,0.040959094287493225,0.0440284629726001,0.16734290119453366,0.9805666994548515,0.0013843749999999998,120,66.64197795488872,,,,path seed,,,,
five_level_weak_anharmonic,open_leakage_path_seed,0.03,deph_0.001,0.001,0.0,26,0.8977261315677109,0.05784578922502304,0.05784578922502304,0.12083090478685157,0.9810533311651571,0.0013843749999999998,120,66.64197795488872,,,,path seed,,,,
five_level_weak_anharmonic,open_leakage_path_seed,0.03,deph_0.001,0.001,0.0,27,0.8613025611855841,0.04043438157130563,0.04418312909373079,0.16560230993111386,0.9803432800988618,0.0013843749999999998,120,66.64197795488872,,,,path seed,,,,
five_level_weak_anharmonic,open_leakage_path_seed,0.03,deph_0.001,0.001,0.0,28,0.902031091733823,0.05872152756003102,0.06441905357085409,0.06801585680645257,0.9828459074784778,0.0013843749999999998,120,66.64197795488872,,,,path seed,,,,
five_level_weak_anharmonic,open_leakage_path_seed,0.03,deph_0.001,0.001,0.0,29,0.9387150384014841,0.04910733516035204,0.050940787053860626,0.09389461163929572,0.9818449968004709,0.0013843749999999998,120,66.64197795488872,,,,path seed,,,,
five_level_weak_anharmonic,open_leakage_path_seed,0.03,deph_0.001,0.001,0.0,30,0.8243545738749936,0.039084484742372805,0.04010136416494703,0.23172799307149614,0.9790298241474458,0.0013843749999999998,120,66.64197795488872,,,,path seed,,,,
five_level_weak_anharmonic,open_leakage_path_seed,0.03,deph_0.001,0.001,0.0,31,0.8031507223575061,0.038363978107769814,0.04790544527384266,0.11192366713286102,0.9836682681782969,0.0013843749999999998,120,66.64197795488872,,,,path seed,,,,
five_level_weak_anharmonic,open_leakage_path_seed,0.03,deph_0.001,0.001,0.0,32,0.8047427608814474,0.037782591645152186,0.042354423638729766,0.10472508200352669,0.9843909783710978,0.0013843749999999998,120,66.64197795488872,,,,path seed,,,,
five_level_weak_anharmonic,open_leakage_path_seed,0.03,deph_0.001,0.001,0.0,33,0.80911098588518,0.038799453945625784,0.038799453945625784,0.26458760182989205,0.9786322603436362,0.0013843749999999998,120,66.64197795488872,,,,path seed,,,,
five_level_weak_anharmonic,open_leakage_path_seed,0.03,deph_0.001,0.001,0.0,34,0.8335937390665887,0.05516018281416668,0.055240349859181914,0.17650096505773002,0.9793306754985547,0.0013843749999999998,120,66.64197795488872,,,,path seed,,,,
five_level_weak_anharmonic,open_leakage_path_seed,0.03,deph_0.001,0.001,0.0,35,0.9086702303559582,0.06228063260861294,0.06568769436393007,0.0951983562408126,0.9826644005601929,0.0013843749999999998,120,66.64197795488872,,,,path seed,,,,
five_level_weak_anharmonic,open_leakage_path_seed,0.03,deph_0.001,0.001,0.0,36,0.8336821082580186,0.04246004225355715,0.047919755102191264,0.09269662744961271,0.9840606820313155,0.0013843749999999998,120,66.64197795488872,,,,path seed,,,,
five_level_weak_anharmonic,open_leakage_path_seed,0.03,deph_0.001,0.001,0.0,37,0.8800875022282163,0.03889479674198093,0.04327657433939269,0.20519950576208815,0.9806508188808502,0.0013843749999999998,120,66.64197795488872,,,,path seed,,,,
five_level_weak_anharmonic,open_leakage_path_seed,0.03,deph_0.001,0.001,0.0,38,0.7224867610444885,0.022995997505294463,0.02397057045534634,0.33449702071404397,0.9776737821768176,0.0013843749999999998,120,66.64197795488872,,,,path seed,,,,
five_level_weak_anharmonic,open_leakage_path_seed,0.03,deph_0.001,0.001,0.0,39,0.8435244557639592,0.04191310782404567,0.052366119848243464,0.11008117513088206,0.9828248793799916,0.0013843749999999998,120,66.64197795488872,,,,path seed,,,,
five_level_weak_anharmonic,open_leakage_path_seed,0.03,deph_0.001,0.001,0.0,40,0.9232909725701782,0.05477272504237807,0.05713557992331009,0.06856033343810619,0.9832922587089923,0.0013843749999999998,120,66.64197795488872,,,,path seed,,,,
five_level_weak_anharmonic,open_leakage_path_seed,0.03,deph_0.001,0.001,0.0,41,0.8791707289623462,0.04810419500155505,0.051133737527482404,0.07436169831421395,0.9839912316092161,0.0013843749999999998,120,66.64197795488872,,,,path seed,,,,
five_level_weak_anharmonic,open_leakage_path_seed,0.03,deph_0.001,0.001,0.0,42,0.8651389290321131,0.05154034746118619,0.05154034746118619,0.16941035759951434,0.9794927869656718,0.0013843749999999998,120,66.64197795488872,,,,path seed,,,,
five_level_weak_anharmonic,open_leakage_path_seed,0.03,deph_0.001,0.001,0.0,43,0.8266435813084452,0.03595929347536053,0.040539604744567526,0.12357024845777366,0.9829752527958436,0.0013843749999999998,120,66.64197795488872,,,,path seed,,,,
five_level_weak_anharmonic,open_leakage_path_seed,0.03,deph_0.001,0.001,0.0,44,0.6697225111504788,0.027563487318933433,0.030049247925246325,0.41448332213950934,0.9763225191653958,0.0013843749999999998,120,66.64197795488872,,,,path seed,,,,
five_level_weak_anharmonic,open_leakage_path_seed,0.03,deph_0.001,0.001,0.0,45,0.8587748614195037,0.04903645547224178,0.05366214931629698,0.1572533526024136,0.979758645697619,0.0013843749999999998,120,66.64197795488872,,,,path seed,,,,
five_level_weak_anharmonic,open_leakage_path_seed,0.03,deph_0.001,0.001,0.0,46,0.78031421714174,0.035629231309412424,0.03872722267454387,0.10705896736864386,0.9845976509448415,0.0013843749999999998,120,66.64197795488872,,,,path seed,,,,
five_level_weak_anharmonic,open_leakage_path_seed,0.03,deph_0.001,0.001,0.0,47,0.899381739350117,0.039395732159416386,0.04955201023285838,0.06472030223026425,0.984416097491952,0.0013843749999999998,120,66.64197795488872,,,,path seed,,,,
five_level_weak_anharmonic,open_leakage_path_seed,0.03,deph_0.001,0.001,0.0,48,0.56046041713002,0.024984055850988618,0.0441215063193523,0.26628431015396015,0.9817338202709653,0.0013843749999999998,120,66.64197795488872,,,,path seed,,,,
five_level_weak_anharmonic,open_leakage_path_seed,0.03,deph_0.001,0.001,0.0,49,0.900650524200957,0.04164024416761258,0.049735977735207104,0.06604474006906787,0.9843444068862084,0.0013843749999999998,120,66.64197795488872,,,,path seed,,,,
five_level_weak_anharmonic,open_leakage_path_seed,0.03,deph_0.001,0.001,0.0,50,0.8726650653701865,0.045198673589375904,0.05049210828418893,0.14544196885680857,0.9806748281505087,0.0013843749999999998,120,66.64197795488872,,,,path seed,,,,
five_level_weak_anharmonic,open_leakage_path_seed,0.03,deph_0.001,0.001,0.0,51,0.9320083455590766,0.058181109505608175,0.05952171829251662,0.07607426646930665,0.9832975955018403,0.0013843749999999998,120,66.64197795488872,,,,path seed,,,,
five_level_weak_anharmonic,open_leakage_path_seed,0.03,deph_0.001,0.001,0.0,52,0.8658091727564092,0.03720874274190211,0.04446340879664157,0.07590348679751183,0.9840532249861715,0.0013843749999999998,120,66.64197795488872,,,,path seed,,,,
five_level_weak_anharmonic,open_leakage_path_seed,0.03,deph_0.001,0.001,0.0,53,0.7563736417335333,0.04031223879108703,0.04063354019968013,0.21381737606525447,0.9794680549239712,0.0013843749999999998,120,66.64197795488872,,,,path seed,,,,
five_level_weak_anharmonic,open_leakage_path_seed,0.03,deph_0.001,0.001,0.0,54,0.7862342447496456,0.04157862990184025,0.044755431903480636,0.1691319267784414,0.9808771031162011,0.0013843749999999998,120,66.64197795488872,,,,path seed,,,,
five_level_weak_anharmonic,open_leakage_path_seed,0.03,deph_0.001,0.001,0.0,55,0.6678675890464907,0.036528375476420516,0.03959252335894514,0.3875454566806299,0.9752685027975865,0.0013843749999999998,120,66.64197795488872,,,,path seed,,,,
five_level_weak_anharmonic,open_leakage_path_seed,0.03,deph_0.001,0.001,0.0,56,0.839885148504509,0.035483167406582417,0.04915968806413806,0.10187304011182802,0.983643588158155,0.0013843749999999998,120,66.64197795488872,,,,path seed,,,,
five_level_weak_anharmonic,open_leakage_path_seed,0.03,deph_0.001,0.001,0.0,57,0.9175726746843882,0.06447807440396791,0.06975842537252985,0.11563253290956346,0.9819496251709796,0.0013843749999999998,120,66.64197795488872,,,,path seed,,,,
five_level_weak_anharmonic,open_leakage_path_seed,0.03,deph_0.001,0.001,0.0,58,0.8842225896013572,0.034942489653918996,0.04126771633626458,0.07499742428807565,0.984334691691955,0.0013843749999999998,120,66.64197795488872,,,,path seed,,,,
five_level_weak_anharmonic,open_leakage_path_seed,0.03,deph_0.001,0.001,0.0,59,0.6786087762430321,0.03593483800803288,0.04519883612397324,0.18227587498363593,0.9825172121181021,0.0013843749999999998,120,66.64197795488872,,,,path seed,,,,
five_level_weak_anharmonic,open_leakage_path_seed,0.03,relax_0.0005,0.0,0.0005,10,0.929741732910027,0.04391021269847595,0.0478910183704887,0.13981824970067536,0.9855773826097194,0.0013843749999999998,120,66.64197795488872,,,,path seed,,,,
five_level_weak_anharmonic,open_leakage_path_seed,0.03,relax_0.0005,0.0,0.0005,11,0.7631972895501901,0.04578660022098202,0.0502193143030667,0.12166556782536887,0.9748538068349332,0.0013843749999999998,120,66.64197795488872,,,,path seed,,,,
five_level_weak_anharmonic,open_leakage_path_seed,0.03,relax_0.0005,0.0,0.0005,12,0.79313498140177,0.04171533587516263,0.043517628304497014,0.12185248921658147,0.9776369759246728,0.0013843749999999998,120,66.64197795488872,,,,path seed,,,,
five_level_weak_anharmonic,open_leakage_path_seed,0.03,relax_0.0005,0.0,0.0005,13,0.520429402512739,0.023987719403278485,0.0254395288429079,0.5145173166424626,0.9952580231420733,0.0013843749999999998,120,66.64197795488872,,,,path seed,,,,
five_level_weak_anharmonic,open_leakage_path_seed,0.03,relax_0.0005,0.0,0.0005,14,0.6852191477884585,0.028067568278904664,0.029873034755361738,0.3366718557857833,0.9899632168288761,0.0013843749999999998,120,66.64197795488872,,,,path seed,,,,
five_level_weak_anharmonic,open_leakage_path_seed,0.03,relax_0.0005,0.0,0.0005,15,0.9065592854141293,0.05490580706812842,0.06034132097143041,0.09108294505500641,0.9805539663962959,0.0013843749999999998,120,66.64197795488872,,,,path seed,,,,
five_level_weak_anharmonic,open_leakage_path_seed,0.03,relax_0.0005,0.0,0.0005,16,0.8569659877652989,0.050366760163054414,0.05396441873121338,0.07583040562492802,0.976348440092912,0.0013843749999999998,120,66.64197795488872,,,,path seed,,,,
five_level_weak_anharmonic,open_leakage_path_seed,0.03,relax_0.0005,0.0,0.0005,17,0.9364799845527776,0.03861193415589537,0.04298211769931781,0.11281822063826354,0.9839866842640934,0.0013843749999999998,120,66.64197795488872,,,,path seed,,,,
five_level_weak_anharmonic,open_leakage_path_seed,0.03,relax_0.0005,0.0,0.0005,18,0.908231031517896,0.053708887362325264,0.05442794323207645,0.13087447072239905,0.9847656825841892,0.0013843749999999998,120,66.64197795488872,,,,path seed,,,,
five_level_weak_anharmonic,open_leakage_path_seed,0.03,relax_0.0005,0.0,0.0005,19,0.808647232632548,0.03390344877025009,0.038397516380373586,0.1033781923627602,0.9763243903819119,0.0013843749999999998,120,66.64197795488872,,,,path seed,,,,
five_level_weak_anharmonic,open_leakage_path_seed,0.03,relax_0.0005,0.0,0.0005,20,0.8919994238798226,0.054057483114224536,0.05653847364224962,0.07884483880189076,0.9785525071550737,0.0013843749999999998,120,66.64197795488872,,,,path seed,,,,
five_level_weak_anharmonic,open_leakage_path_seed,0.03,relax_0.0005,0.0,0.0005,21,0.9110613785720394,0.03775644099594144,0.04339534331452344,0.055659676609755356,0.9772651614624145,0.0013843749999999998,120,66.64197795488872,,,,path seed,,,,
five_level_weak_anharmonic,open_leakage_path_seed,0.03,relax_0.0005,0.0,0.0005,22,0.9047361854615077,0.04059574674317534,0.04483578276562594,0.05975642394520379,0.9770345810484157,0.0013843749999999998,120,66.64197795488872,,,,path seed,,,,
five_level_weak_anharmonic,open_leakage_path_seed,0.03,relax_0.0005,0.0,0.0005,23,0.900346039886649,0.04498076594853384,0.04746676620744783,0.08744634626337273,0.9804516123645126,0.0013843749999999998,120,66.64197795488872,,,,path seed,,,,
five_level_weak_anharmonic,open_leakage_path_seed,0.03,relax_0.0005,0.0,0.0005,24,0.8372772634819309,0.025659510921208994,0.03441101532329571,0.15617212237544476,0.9830514002845052,0.0013843749999999998,120,66.64197795488872,,,,path seed,,,,
five_level_weak_anharmonic,open_leakage_path_seed,0.03,relax_0.0005,0.0,0.0005,25,0.8213318138778165,0.04027208799969151,0.04338581643158723,0.1679734640413459,0.983489952538061,0.0013843749999999998,120,66.64197795488872,,,,path seed,,,,
five_level_weak_anharmonic,open_leakage_path_seed,0.03,relax_0.0005,0.0,0.0005,26,0.8980934874922638,0.05718614061634997,0.05718614061634997,0.12121735135857246,0.9839123163529864,0.0013843749999999998,120,66.64197795488872,,,,path seed,,,,
five_level_weak_anharmonic,open_leakage_path_seed,0.03,relax_0.0005,0.0,0.0005,27,0.8614454401868964,0.039704284497338205,0.04358707752943691,0.16657271954927202,0.9858795036423026,0.0013843749999999998,120,66.64197795488872,,,,path seed,,,,
five_level_weak_anharmonic,open_leakage_path_seed,0.03,relax_0.0005,0.0,0.0005,28,0.902099177826752,0.05786763627637337,0.06370922972581894,0.0682332120529064,0.9784922468216691,0.0013843749999999998,120,66.64197795488872,,,,path seed,,,,
five_level_weak_anharmonic,open_leakage_path_seed,0.03,relax_0.0005,0.0,0.0005,29,0.9385840323174207,0.048528826979068906,0.05045732654590851,0.09450181741944318,0.983379559824503,0.0013843749999999998,120,66.64197795488872,,,,path seed,,,,
five_level_weak_anharmonic,open_leakage_path_seed,0.03,relax_0.0005,0.0,0.0005,30,0.8236290391394956,0.03856567987399617,0.03960040824908595,0.23340855561761978,0.9887862869699808,0.0013843749999999998,120,66.64197795488872,,,,path seed,,,,
five_level_weak_anharmonic,open_leakage_path_seed,0.03,relax_0.0005,0.0,0.0005,31,0.8041633252161656,0.03749519199333151,0.04734899703728457,0.11187448638678518,0.9759254347045567,0.0013843749999999998,120,66.64197795488872,,,,path seed,,,,
five_level_weak_anharmonic,open_leakage_path_seed,0.03,relax_0.0005,0.0,0.0005,32,0.805267445998304,0.03695526213564693,0.0415319437442182,0.10485397182310184,0.975631535056506,0.0013843749999999998,120,66.64197795488872,,,,path seed,,,,
five_level_weak_anharmonic,open_leakage_path_seed,0.03,relax_0.0005,0.0,0.0005,33,0.8083359447832315,0.03811856916902878,0.03814618421134108,0.26637258235036126,0.9903659537716689,0.0013843749999999998,120,66.64197795488872,,,,path seed,,,,
five_level_weak_anharmonic,open_leakage_path_seed,0.03,relax_0.0005,0.0,0.0005,34,0.8341847025744891,0.0545437155833699,0.054615893598022214,0.17702214867842136,0.9857376587948391,0.0013843749999999998,120,66.64197795488872,,,,path seed,,,,
five_level_weak_anharmonic,open_leakage_path_seed,0.03,relax_0.0005,0.0,0.0005,35,0.9072927310299174,0.06149793844804896,0.06502086696379838,0.09631976464895857,0.980464063675088,0.0013843749999999998,120,66.64197795488872,,,,path seed,,,,
five_level_weak_anharmonic,open_leakage_path_seed,0.03,relax_0.0005,0.0,0.0005,36,0.8341558349068939,0.04184243039931157,0.04740647030509959,0.09270904254202826,0.9769424589646919,0.0013843749999999998,120,66.64197795488872,,,,path seed,,,,
five_level_weak_anharmonic,open_leakage_path_seed,0.03,relax_0.0005,0.0,0.0005,37,0.8791507126209989,0.03769598995861223,0.04221240094133971,0.20667220904728714,0.988583870829855,0.0013843749999999998,120,66.64197795488872,,,,path seed,,,,
five_level_weak_anharmonic,open_leakage_path_seed,0.03,relax_0.0005,0.0,0.0005,38,0.7215174473870777,0.022594718533353708,0.023609061360630124,0.3366843981634409,0.9913264526862214,0.0013843749999999998,120,66.64197795488872,,,,path seed,,,,
five_level_weak_anharmonic,open_leakage_path_seed,0.03,relax_0.0005,0.0,0.0005,39,0.8449863760508567,0.04083603530137958,0.051768893344638744,0.10984725500092135,0.979021780909556,0.0013843749999999998,120,66.64197795488872,,,,path seed,,,,
five_level_weak_anharmonic,open_leakage_path_seed,0.03,relax_0.0005,0.0,0.0005,40,0.923137334332444,0.05398402597823215,0.0563991118876741,0.0690727946605635,0.9798361576507708,0.0013843749999999998,120,66.64197795488872,,,,path seed,,,,
five_level_weak_anharmonic,open_leakage_path_seed,0.03,relax_0.0005,0.0,0.0005,41,0.8770272211483182,0.047328644197045744,0.050401658778865155,0.07590715559097459,0.9772857077997954,0.0013843749999999998,120,66.64197795488872,,,,path seed,,,,
five_level_weak_anharmonic,open_leakage_path_seed,0.03,relax_0.0005,0.0,0.0005,42,0.8652489134133753,0.05111180003774907,0.05111180003774907,0.17035206074444947,0.986147634928812,0.0013843749999999998,120,66.64197795488872,,,,path seed,,,,
five_level_weak_anharmonic,open_leakage_path_seed,0.03,relax_0.0005,0.0,0.0005,43,0.827687051705204,0.03531632250778427,0.03997376519352369,0.12362589181301345,0.9797478556833946,0.0013843749999999998,120,66.64197795488872,,,,path seed,,,,
five_level_weak_anharmonic,open_leakage_path_seed,0.03,relax_0.0005,0.0,0.0005,44,0.6690874953899777,0.0268165661661679,0.029475989739541575,0.4166382473121287,0.9945294321971795,0.0013843749999999998,120,66.64197795488872,,,,path seed,,,,
five_level_weak_anharmonic,open_leakage_path_seed,0.03,relax_0.0005,0.0,0.0005,45,0.8595973767938931,0.0481351852125661,0.052953050870790275,0.15792003512073194,0.9848338005491091,0.0013843749999999998,120,66.64197795488872,,,,path seed,,,,
five_level_weak_anharmonic,open_leakage_path_seed,0.03,relax_0.0005,0.0,0.0005,46,0.7781446819765045,0.03500895448160579,0.03810968018938787,0.10848236812899024,0.9751828050158257,0.0013843749999999998,120,66.64197795488872,,,,path seed,,,,
five_level_weak_anharmonic,open_leakage_path_seed,0.03,relax_0.0005,0.0,0.0005,47,0.897988958984599,0.03832192480051033,0.048968277657514436,0.06598433540706962,0.9770486414353372,0.0013843749999999998,120,66.64197795488872,,,,path seed,,,,
five_level_weak_anharmonic,open_leakage_path_seed,0.03,relax_0.0005,0.0,0.0005,48,0.5580237984007173,0.024118229844624528,0.04365964724693505,0.26778395115594267,0.9753357506607153,0.0013843749999999998,120,66.64197795488872,,,,path seed,,,,
five_level_weak_anharmonic,open_leakage_path_seed,0.03,relax_0.0005,0.0,0.0005,49,0.9002907291952543,0.040502388110774334,0.04897243492249381,0.06679768564671174,0.977375752939704,0.0013843749999999998,120,66.64197795488872,,,,path seed,,,,
five_level_weak_anharmonic,open_leakage_path_seed,0.03,relax_0.0005,0.0,0.0005,50,0.8733122495334437,0.044216021108077874,0.04965548234278394,0.14607707401809442,0.9845658413116201,0.0013843749999999998,120,66.64197795488872,,,,path seed,,,,
five_level_weak_anharmonic,open_leakage_path_seed,0.03,relax_0.0005,0.0,0.0005,51,0.9310945602234318,0.057381895441000697,0.05877192170022083,0.07712007547154412,0.980335670806479,0.0013843749999999998,120,66.64197795488872,,,,path seed,,,,
five_level_weak_anharmonic,open_leakage_path_seed,0.03,relax_0.0005,0.0,0.0005,52,0.8642803969007051,0.03620805632188606,0.04385276868698251,0.07718053567188427,0.9763518201046045,0.0013843749999999998,120,66.64197795488872,,,,path seed,,,,
five_level_weak_anharmonic,open_leakage_path_seed,0.03,relax_0.0005,0.0,0.0005,53,0.7574473165268941,0.03975172971526597,0.04000598891867235,0.2141029636664205,0.9845526321223342,0.0013843749999999998,120,66.64197795488872,,,,path seed,,,,
five_level_weak_anharmonic,open_leakage_path_seed,0.03,relax_0.0005,0.0,0.0005,54,0.7879970313577308,0.040912350683547594,0.04412355467534146,0.16876104955665053,0.9821834129601806,0.0013843749999999998,120,66.64197795488872,,,,path seed,,,,
five_level_weak_anharmonic,open_leakage_path_seed,0.03,relax_0.0005,0.0,0.0005,55,0.6675483374361935,0.03563904685226549,0.038941056122693496,0.38960988393295254,0.9934428812309245,0.0013843749999999998,120,66.64197795488872,,,,path seed,,,,
five_level_weak_anharmonic,open_leakage_path_seed,0.03,relax_0.0005,0.0,0.0005,56,0.8413637937818161,0.03456333471731732,0.04868600235091092,0.10139320942265426,0.978124427269815,0.0013843749999999998,120,66.64197795488872,,,,path seed,,,,
five_level_weak_anharmonic,open_leakage_path_seed,0.03,relax_0.0005,0.0,0.0005,57,0.9170665976257052,0.06341190101880911,0.06891903677662159,0.11675299775490965,0.9828969820418243,0.0013843749999999998,120,66.64197795488872,,,,path seed,,,,
five_level_weak_anharmonic,open_leakage_path_seed,0.03,relax_0.0005,0.0,0.0005,58,0.8845055533307621,0.03423961125449326,0.04071564543040995,0.0754068975512309,0.9780967373734647,0.0013843749999999998,120,66.64197795488872,,,,path seed,,,,
five_level_weak_anharmonic,open_leakage_path_seed,0.03,relax_0.0005,0.0,0.0005,59,0.6763253098904581,0.035034689481560966,0.04448468934803229,0.1837459103946211,0.975161937334671,0.0013843749999999998,120,66.64197795488872,,,,path seed,,,,
five_level_weak_anharmonic,open_leakage_path_seed,0.03,combined,0.001,0.0005,10,0.9209740062704591,0.04451965989073614,0.04826168804270847,0.14664571525423273,0.966215987347058,0.0013843749999999998,120,66.64197795488872,,,,path seed,,,,
five_level_weak_anharmonic,open_leakage_path_seed,0.03,combined,0.001,0.0005,11,0.759409845605487,0.04625220180240719,0.05061638932514456,0.12718885472805447,0.9594191769395165,0.0013843749999999998,120,66.64197795488872,,,,path seed,,,,
five_level_weak_anharmonic,open_leakage_path_seed,0.03,combined,0.001,0.0005,12,0.7884166258097679,0.04231962752646001,0.04408391179228022,0.12820414327227914,0.9609184040338786,0.0013843749999999998,120,66.64197795488872,,,,path seed,,,,
five_level_weak_anharmonic,open_leakage_path_seed,0.03,combined,0.001,0.0005,13,0.521082903524364,0.024637973133712632,0.02592925833851001,0.5133578075475805,0.9709178437468328,0.0013843749999999998,120,66.64197795488872,,,,path seed,,,,
five_level_weak_anharmonic,open_leakage_path_seed,0.03,combined,0.001,0.0005,14,0.6827604442511085,0.028478853275871074,0.030199767371877462,0.3384300607739854,0.9668964983930931,0.0013843749999999998,120,66.64197795488872,,,,path seed,,,,
five_level_weak_anharmonic,open_leakage_path_seed,0.03,combined,0.001,0.0005,15,0.898944813009823,0.05584685047143645,0.06084117100040676,0.09782266998111581,0.96373794033222,0.0013843749999999998,120,66.64197795488872,,,,path seed,,,,
five_level_weak_anharmonic,open_leakage_path_seed,0.03,combined,0.001,0.0005,16,0.8511691989514568,0.05077527849419183,0.054329221729983,0.08248565071054767,0.9610319060940165,0.0013843749999999998,120,66.64197795488872,,,,path seed,,,,
five_level_weak_anharmonic,open_leakage_path_seed,0.03,combined,0.001,0.0005,17,0.9287330705612459,0.039401272679813415,0.043591367756052324,0.11909041717441272,0.9667111970827952,0.0013843749999999998,120,66.64197795488872,,,,path seed,,,,
five_level_weak_anharmonic,open_leakage_path_seed,0.03,combined,0.001,0.0005,18,0.9009058869769858,0.0540297598479097,0.054726482121645104,0.13714204035678434,0.96629685653379,0.0013843749999999998,120,66.64197795488872,,,,path seed,,,,
five_level_weak_anharmonic,open_leakage_path_seed,0.03,combined,0.001,0.0005,19,0.8040118292897624,0.034382655513738425,0.03875543834441775,0.10934239742153362,0.9608532813816156,0.0013843749999999998,120,66.64197795488872,,,,path seed,,,,
five_level_weak_anharmonic,open_leakage_path_seed,0.03,combined,0.001,0.0005,20,0.8853276957951257,0.05402402326847844,0.056440423758954195,0.08599320121744582,0.9624423026922825,0.0013843749999999998,120,66.64197795488872,,,,path seed,,,,
five_level_weak_anharmonic,open_leakage_path_seed,0.03,combined,0.001,0.0005,21,0.9043707370814822,0.038141879719659544,0.04356255498784345,0.06246838214621045,0.9625178829238511,0.0013843749999999998,120,66.64197795488872,,,,path seed,,,,
five_level_weak_anharmonic,open_leakage_path_seed,0.03,combined,0.001,0.0005,22,0.8978284326987556,0.04116464806515274,0.04527571656148677,0.0666056477449898,0.9619415433932461,0.0013843749999999998,120,66.64197795488872,,,,path seed,,,,
five_level_weak_anharmonic,open_leakage_path_seed,0.03,combined,0.001,0.0005,23,0.8937761551490304,0.04514337537118551,0.047554356436445566,0.0937666099458503,0.963865663492322,0.0013843749999999998,120,66.64197795488872,,,,path seed,,,,
five_level_weak_anharmonic,open_leakage_path_seed,0.03,combined,0.001,0.0005,24,0.8318512326059427,0.02661476546341046,0.03447859491305927,0.1609645268549408,0.9645724606860432,0.0013843749999999998,120,66.64197795488872,,,,path seed,,,,
five_level_weak_anharmonic,open_leakage_path_seed,0.03,combined,0.001,0.0005,25,0.8162478485335376,0.040682971126207,0.04370032035680338,0.17263064889018742,0.9645394182950964,0.0013843749999999998,120,66.64197795488872,,,,path seed,,,,
five_level_weak_anharmonic,open_leakage_path_seed,0.03,combined,0.001,0.0005,26,0.8911675536685612,0.05730953827652119,0.05730953827652119,0.12758600853373525,0.9654193739941861,0.0013843749999999998,120,66.64197795488872,,,,path seed,,,,
five_level_weak_anharmonic,open_leakage_path_seed,0.03,combined,0.001,0.0005,27,0.8557009211483582,0.040127041108846684,0.04379217592194795,0.1713187580870925,0.9666364477495099,0.0013843749999999998,120,66.64197795488872,,,,path seed,,,,
five_level_weak_anharmonic,open_leakage_path_seed,0.03,combined,0.001,0.0005,28,0.8951068248752293,0.05809677722244366,0.06368897739112134,0.07541733286172214,0.9619174312854212,0.0013843749999999998,120,66.64197795488872,,,,path seed,,,,
five_level_weak_anharmonic,open_leakage_path_seed,0.03,combined,0.001,0.0005,29,0.9309231223975544,0.048501684720239524,0.050335652137989184,0.10139559486031705,0.9656736374511203,0.0013843749999999998,120,66.64197795488872,,,,path seed,,,,
five_level_weak_anharmonic,open_leakage_path_seed,0.03,combined,0.001,0.0005,30,0.8185173829707036,0.038709571193710546,0.03971978804436738,0.2374095101611359,0.9682027903110105,0.0013843749999999998,120,66.64197795488872,,,,path seed,,,,
five_level_weak_anharmonic,open_leakage_path_seed,0.03,combined,0.001,0.0005,31,0.7992027261728109,0.038266895803430456,0.047493469336829075,0.11739920991571429,0.9602492285087751,0.0013843749999999998,120,66.64197795488872,,,,path seed,,,,
five_level_weak_anharmonic,open_leakage_path_seed,0.03,combined,0.001,0.0005,32,0.8004974650431685,0.03762697685435312,0.04214446056528931,0.11054668000890475,0.9606576781341225,0.0013843749999999998,120,66.64197795488872,,,,path seed,,,,
five_level_weak_anharmonic,open_leakage_path_seed,0.03,combined,0.001,0.0005,33,0.8029837404607126,0.03852367590172778,0.03852367590172778,0.27018824912052886,0.9693675416910046,0.0013843749999999998,120,66.64197795488872,,,,path seed,,,,
five_level_weak_anharmonic,open_leakage_path_seed,0.03,combined,0.001,0.0005,34,0.8286461948577094,0.05475561333919021,0.05484476094226476,0.18211386280854888,0.9655156041804537,0.0013843749999999998,120,66.64197795488872,,,,path seed,,,,
five_level_weak_anharmonic,open_leakage_path_seed,0.03,combined,0.001,0.0005,35,0.8996843422162141,0.06160418693564074,0.06494678144255994,0.10361037436764571,0.9636550515904737,0.0013843749999999998,120,66.64197795488872,,,,path seed,,,,
five_level_weak_anharmonic,open_leakage_path_seed,0.03,combined,0.001,0.0005,36,0.8291326571899893,0.04211565233355863,0.047487942377510306,0.09853090306933567,0.9616147047450644,0.0013843749999999998,120,66.64197795488872,,,,path seed,,,,
five_level_weak_anharmonic,open_leakage_path_seed,0.03,combined,0.001,0.0005,37,0.8719915030161162,0.03867495176621871,0.04295016261822593,0.21182682292510055,0.9695922830348637,0.0013843749999999998,120,66.64197795488872,,,,path seed,,,,
five_level_weak_anharmonic,open_leakage_path_seed,0.03,combined,0.001,0.0005,38,0.7186040575189078,0.022827005288311275,0.023780454868900902,0.33857122248527616,0.9693848420769927,0.0013843749999999998,120,66.64197795488872,,,,path seed,,,,
five_level_weak_anharmonic,open_leakage_path_seed,0.03,combined,0.001,0.0005,39,0.8389618612073654,0.04183346784276598,0.051834549425572196,0.11577321449119804,0.9624132711943226,0.0013843749999999998,120,66.64197795488872,,,,path seed,,,,
five_level_weak_anharmonic,open_leakage_path_seed,0.03,combined,0.001,0.0005,40,0.91582261248129,0.054245301041466853,0.05659488564841031,0.07616303154068729,0.9636426294181876,0.0013843749999999998,120,66.64197795488872,,,,path seed,,,,
five_level_weak_anharmonic,open_leakage_path_seed,0.03,combined,0.001,0.0005,41,0.8707020498531499,0.04761473291689944,0.05062426269312348,0.08286312583928808,0.9618498835011673,0.0013843749999999998,120,66.64197795488872,,,,path seed,,,,
five_level_weak_anharmonic,open_leakage_path_seed,0.03,combined,0.001,0.0005,42,0.8591404939000826,0.050976370741694366,0.050976370741694366,0.17570383155607566,0.9660731202425914,0.0013843749999999998,120,66.64197795488872,,,,path seed,,,,
five_level_weak_anharmonic,open_leakage_path_seed,0.03,combined,0.001,0.0005,43,0.8226807143154936,0.0357332214961994,0.04023700810601305,0.1287785836893275,0.9632627114133808,0.0013843749999999998,120,66.64197795488872,,,,path seed,,,,
five_level_weak_anharmonic,open_leakage_path_seed,0.03,combined,0.001,0.0005,44,0.666112636157059,0.027338667433399744,0.029750303612286366,0.41806046257607493,0.971211393182706,0.0013843749999999998,120,66.64197795488872,,,,path seed,,,,
five_level_weak_anharmonic,open_leakage_path_seed,0.03,combined,0.001,0.0005,45,0.8534501372311037,0.04867409889217478,0.05316837130370056,0.16305830469783256,0.9650436253363528,0.0013843749999999998,120,66.64197795488872,,,,path seed,,,,
five_level_weak_anharmonic,open_leakage_path_seed,0.03,combined,0.001,0.0005,46,0.7746110306224765,0.035291796814210796,0.038387977692803,0.1138902500213105,0.9604146553194449,0.0013843749999999998,120,66.64197795488872,,,,path seed,,,,
five_level_weak_anharmonic,open_leakage_path_seed,0.03,combined,0.001,0.0005,47,0.8912995585047353,0.03916479995390576,0.04902040840025634,0.07261564300134916,0.9620346260294792,0.0013843749999999998,120,66.64197795488872,,,,path seed,,,,
five_level_weak_anharmonic,open_leakage_path_seed,0.03,combined,0.001,0.0005,48,0.5585211603716551,0.024970966380241877,0.04373493960385977,0.27021911158451917,0.9578240395120738,0.0013843749999999998,120,66.64197795488872,,,,path seed,,,,
five_level_weak_anharmonic,open_leakage_path_seed,0.03,combined,0.001,0.0005,49,0.8934034069405002,0.041494398791508624,0.049322037422399045,0.07343799378953692,0.9622847434327009,0.0013843749999999998,120,66.64197795488872,,,,path seed,,,,
five_level_weak_anharmonic,open_leakage_path_seed,0.03,combined,0.001,0.0005,50,0.866920657547334,0.04495985831198057,0.05012016867644864,0.1513521175922983,0.9656807098585677,0.0013843749999999998,120,66.64197795488872,,,,path seed,,,,
five_level_weak_anharmonic,open_leakage_path_seed,0.03,combined,0.001,0.0005,51,0.9234728783902687,0.05761734622090431,0.05895123594516938,0.08423885307518092,0.9641299846860834,0.0013843749999999998,120,66.64197795488872,,,,path seed,,,,
five_level_weak_anharmonic,open_leakage_path_seed,0.03,combined,0.001,0.0005,52,0.8581368478896235,0.03704531054080784,0.044053381214175125,0.0837650497120229,0.9610129542669998,0.0013843749999999998,120,66.64197795488872,,,,path seed,,,,
five_level_weak_anharmonic,open_leakage_path_seed,0.03,combined,0.001,0.0005,53,0.7535692124854719,0.04011032791758484,0.04045869621720688,0.2180288531209146,0.9645169965122041,0.0013843749999999998,120,66.64197795488872,,,,path seed,,,,
five_level_weak_anharmonic,open_leakage_path_seed,0.03,combined,0.001,0.0005,54,0.7833713898482935,0.04143867069089546,0.04456298083706045,0.17349812139544413,0.9635892840174393,0.0013843749999999998,120,66.64197795488872,,,,path seed,,,,
five_level_weak_anharmonic,open_leakage_path_seed,0.03,combined,0.001,0.0005,55,0.6649047102854205,0.03627641124567638,0.03923966370570886,0.39098647394895847,0.9690912599298931,0.0013843749999999998,120,66.64197795488872,,,,path seed,,,,
five_level_weak_anharmonic,open_leakage_path_seed,0.03,combined,0.001,0.0005,56,0.8355598775298554,0.03544426570786563,0.04857701785741375,0.10745964403533259,0.9623510763408575,0.0013843749999999998,120,66.64197795488872,,,,path seed,,,,
five_level_weak_anharmonic,open_leakage_path_seed,0.03,combined,0.001,0.0005,57,0.9095075034822883,0.06394350390139592,0.06907336367300299,0.12301937220743905,0.9653102893745996,0.0013843749999999998,120,66.64197795488872,,,,path seed,,,,
five_level_weak_anharmonic,open_leakage_path_seed,0.03,combined,0.001,0.0005,58,0.8785015098527807,0.034677726323275926,0.040874737717702114,0.08140895989370957,0.9629770365623072,0.0013843749999999998,120,66.64197795488872,,,,path seed,,,,
five_level_weak_anharmonic,open_leakage_path_seed,0.03,combined,0.001,0.0005,59,0.6743837139829285,0.03579723221066211,0.04488790295590939,0.1879500666484545,0.9584032569986445,0.0013843749999999998,120,66.64197795488872,,,,path seed,,,,
five_level_weak_anharmonic,integrated_alpha0p9_lw1p0,0.03,static_only,0.0,0.0,10,0.9748561982854408,0.006482838689892856,0.043208654756807574,0.014156723773590984,0.9999998198258762,0.0017539976818384767,120,74.95525333378464,0.4614758649656559,428,False,"alpha 0.9, leak 1.0",0.9,1.0,0.025,4
five_level_weak_anharmonic,integrated_alpha0p9_lw1p0,0.03,static_only,0.0,0.0,11,0.9006331822613054,0.007351126084582993,0.06016272963073832,0.07618961587375359,0.9999997317629945,0.0017539976818384767,120,74.95525333378464,0.4614758649656559,428,False,"alpha 0.9, leak 1.0",0.9,1.0,0.025,4
five_level_weak_anharmonic,integrated_alpha0p9_lw1p0,0.03,static_only,0.0,0.0,12,0.945041144817171,0.002186385590826956,0.05202622485231545,0.03127433442202858,0.9999998068119836,0.0017539976818384767,120,74.95525333378464,0.4614758649656559,428,False,"alpha 0.9, leak 1.0",0.9,1.0,0.025,4
five_level_weak_anharmonic,integrated_alpha0p9_lw1p0,0.03,static_only,0.0,0.0,13,0.6924892591105818,0.003921561460764944,0.03652779293701047,0.3226454556806372,0.9999998554665667,0.0017539976818384767,120,74.95525333378464,0.4614758649656559,428,False,"alpha 0.9, leak 1.0",0.9,1.0,0.025,4
five_level_weak_anharmonic,integrated_alpha0p9_lw1p0,0.03,static_only,0.0,0.0,14,0.8288071081817966,0.004942874609753289,0.03997525061807283,0.18545644848560555,0.9999998353950884,0.0017539976818384767,120,74.95525333378464,0.4614758649656559,428,False,"alpha 0.9, leak 1.0",0.9,1.0,0.025,4
five_level_weak_anharmonic,integrated_alpha0p9_lw1p0,0.03,static_only,0.0,0.0,15,0.9800791537341124,0.010266975477414397,0.05669631951766352,0.029896023531114473,0.9999997856201801,0.0017539976818384767,120,74.95525333378464,0.4614758649656559,428,False,"alpha 0.9, leak 1.0",0.9,1.0,0.025,4
five_level_weak_anharmonic,integrated_alpha0p9_lw1p0,0.03,static_only,0.0,0.0,16,0.9696302120625561,0.007567852455139912,0.05361617588154832,0.01682842749398215,0.9999997562304103,0.0017539976818384767,120,74.95525333378464,0.4614758649656559,428,False,"alpha 0.9, leak 1.0",0.9,1.0,0.025,4
five_level_weak_anharmonic,integrated_alpha0p9_lw1p0,0.03,static_only,0.0,0.0,17,0.917429601132675,0.005041807609742932,0.03448541656353554,0.09804386139603194,0.9999998659650193,0.0017539976818384767,120,74.95525333378464,0.4614758649656559,428,False,"alpha 0.9, leak 1.0",0.9,1.0,0.025,4
five_level_weak_anharmonic,integrated_alpha0p9_lw1p0,0.03,static_only,0.0,0.0,18,0.9602273575820606,0.006222246570198542,0.042854711083959884,0.06143450876722019,0.9999998361295761,0.0017539976818384767,120,74.95525333378464,0.4614758649656559,428,False,"alpha 0.9, leak 1.0",0.9,1.0,0.025,4
five_level_weak_anharmonic,integrated_alpha0p9_lw1p0,0.03,static_only,0.0,0.0,19,0.946932854145436,0.004051885905575703,0.04272992576263446,0.029987537661244318,0.9999998076410616,0.0017539976818384767,120,74.95525333378464,0.4614758649656559,428,False,"alpha 0.9, leak 1.0",0.9,1.0,0.025,4
five_level_weak_anharmonic,integrated_alpha0p9_lw1p0,0.03,static_only,0.0,0.0,20,0.9412102078160801,0.008472291324252534,0.048149160163382,0.02517956352530683,0.9999998330479973,0.0017539976818384767,120,74.95525333378464,0.4614758649656559,428,False,"alpha 0.9, leak 1.0",0.9,1.0,0.025,4
five_level_weak_anharmonic,integrated_alpha0p9_lw1p0,0.03,static_only,0.0,0.0,21,0.9807663767623795,0.008257727317555141,0.04346102426387333,0.004316253087280279,0.9999998270491699,0.0017539976818384767,120,74.95525333378464,0.4614758649656559,428,False,"alpha 0.9, leak 1.0",0.9,1.0,0.025,4
five_level_weak_anharmonic,integrated_alpha0p9_lw1p0,0.03,static_only,0.0,0.0,22,0.9671393313405581,0.0060747512373279244,0.04418581604280658,0.01581736820043731,0.9999997824528519,0.0017539976818384767,120,74.95525333378464,0.4614758649656559,428,False,"alpha 0.9, leak 1.0",0.9,1.0,0.025,4
five_level_weak_anharmonic,integrated_alpha0p9_lw1p0,0.03,static_only,0.0,0.0,23,0.9820662349716026,0.005067404445603829,0.04739845889513861,0.024198947126158065,0.9999998264760833,0.0017539976818384767,120,74.95525333378464,0.4614758649656559,428,False,"alpha 0.9, leak 1.0",0.9,1.0,0.025,4
five_level_weak_anharmonic,integrated_alpha0p9_lw1p0,0.03,static_only,0.0,0.0,24,0.9245511965471165,0.00486682114853676,0.03944062409551696,0.09738559035994182,0.9999998311587763,0.0017539976818384767,120,74.95525333378464,0.4614758649656559,428,False,"alpha 0.9, leak 1.0",0.9,1.0,0.025,4
five_level_weak_anharmonic,integrated_alpha0p9_lw1p0,0.03,static_only,0.0,0.0,25,0.9171895210503684,0.008057199881426724,0.04698958918598328,0.09681221176829428,0.9999998179378438,0.0017539976818384767,120,74.95525333378464,0.4614758649656559,428,False,"alpha 0.9, leak 1.0",0.9,1.0,0.025,4
five_level_weak_anharmonic,integrated_alpha0p9_lw1p0,0.03,static_only,0.0,0.0,26,0.9787841152955916,0.006694612504629771,0.04865580767562483,0.03878879481363696,0.9999998152770025,0.0017539976818384767,120,74.95525333378464,0.4614758649656559,428,False,"alpha 0.9, leak 1.0",0.9,1.0,0.025,4
five_level_weak_anharmonic,integrated_alpha0p9_lw1p0,0.03,static_only,0.0,0.0,27,0.9149911356601895,0.004528659953446534,0.03893412918366179,0.1136937987265501,0.9999998699586574,0.0017539976818384767,120,74.95525333378464,0.4614758649656559,428,False,"alpha 0.9, leak 1.0",0.9,1.0,0.025,4
five_level_weak_anharmonic,integrated_alpha0p9_lw1p0,0.03,static_only,0.0,0.0,28,0.9690356239844922,0.008979965481093588,0.06058856957343606,0.007838413270211836,0.9999997627575069,0.0017539976818384767,120,74.95525333378464,0.4614758649656559,428,False,"alpha 0.9, leak 1.0",0.9,1.0,0.025,4
five_level_weak_anharmonic,integrated_alpha0p9_lw1p0,0.03,static_only,0.0,0.0,29,0.9899695460129224,0.003644100358009994,0.047101199869988286,0.016495681364192702,0.9999998339947147,0.0017539976818384767,120,74.95525333378464,0.4614758649656559,428,False,"alpha 0.9, leak 1.0",0.9,1.0,0.025,4
five_level_weak_anharmonic,integrated_alpha0p9_lw1p0,0.03,static_only,0.0,0.0,30,0.8951789222979988,0.008620972062417298,0.03846190824581974,0.13763046821988248,0.9999998610086099,0.0017539976818384767,120,74.95525333378464,0.4614758649656559,428,False,"alpha 0.9, leak 1.0",0.9,1.0,0.025,4
five_level_weak_anharmonic,integrated_alpha0p9_lw1p0,0.03,static_only,0.0,0.0,31,0.9173850154286997,0.006177289951710074,0.05051252532329764,0.0643670252197417,0.9999997363056523,0.0017539976818384767,120,74.95525333378464,0.4614758649656559,428,False,"alpha 0.9, leak 1.0",0.9,1.0,0.025,4
five_level_weak_anharmonic,integrated_alpha0p9_lw1p0,0.03,static_only,0.0,0.0,32,0.9294788149254702,0.0069985649949220186,0.04995579408929629,0.05982550222030481,0.999999744288248,0.0017539976818384767,120,74.95525333378464,0.4614758649656559,428,False,"alpha 0.9, leak 1.0",0.9,1.0,0.025,4
five_level_weak_anharmonic,integrated_alpha0p9_lw1p0,0.03,static_only,0.0,0.0,33,0.8970522675434619,0.005632858484420855,0.03464779506813942,0.14506589966575306,0.9999998737413779,0.0017539976818384767,120,74.95525333378464,0.4614758649656559,428,False,"alpha 0.9, leak 1.0",0.9,1.0,0.025,4
five_level_weak_anharmonic,integrated_alpha0p9_lw1p0,0.03,static_only,0.0,0.0,34,0.9426568370460364,0.010325028440905992,0.0447549385403917,0.07638634789421404,0.9999998116495562,0.0017539976818384767,120,74.95525333378464,0.4614758649656559,428,False,"alpha 0.9, leak 1.0",0.9,1.0,0.025,4
five_level_weak_anharmonic,integrated_alpha0p9_lw1p0,0.03,static_only,0.0,0.0,35,0.9358838361410331,0.01134406921642439,0.041037808487884075,0.037273354749926504,0.999999801014396,0.0017539976818384767,120,74.95525333378464,0.4614758649656559,428,False,"alpha 0.9, leak 1.0",0.9,1.0,0.025,4
five_level_weak_anharmonic,integrated_alpha0p9_lw1p0,0.03,static_only,0.0,0.0,36,0.9631171593168404,0.006397254328427193,0.053068481606936446,0.033978347037554237,0.9999997920527258,0.0017539976818384767,120,74.95525333378464,0.4614758649656559,428,False,"alpha 0.9, leak 1.0",0.9,1.0,0.025,4
five_level_weak_anharmonic,integrated_alpha0p9_lw1p0,0.03,static_only,0.0,0.0,37,0.777534172043401,0.006563360327346612,0.03350987476891942,0.23666905975654845,0.99999989304767,0.0017539976818384767,120,74.95525333378464,0.4614758649656559,428,False,"alpha 0.9, leak 1.0",0.9,1.0,0.025,4
five_level_weak_anharmonic,integrated_alpha0p9_lw1p0,0.03,static_only,0.0,0.0,38,0.8456359757242574,0.003850262811207039,0.031715334901247005,0.19565025443970752,0.9999998930872513,0.0017539976818384767,120,74.95525333378464,0.4614758649656559,428,False,"alpha 0.9, leak 1.0",0.9,1.0,0.025,4
five_level_weak_anharmonic,integrated_alpha0p9_lw1p0,0.03,static_only,0.0,0.0,39,0.9526492207163123,0.005919178385461188,0.04953500078676332,0.05365829030189106,0.9999997608556594,0.0017539976818384767,120,74.95525333378464,0.4614758649656559,428,False,"alpha 0.9, leak 1.0",0.9,1.0,0.025,4
five_level_weak_anharmonic,integrated_alpha0p9_lw1p0,0.03,static_only,0.0,0.0,40,0.993276743743249,0.006172684616073343,0.05124876061150385,0.007181191483956306,0.9999998081637269,0.0017539976818384767,120,74.95525333378464,0.4614758649656559,428,False,"alpha 0.9, leak 1.0",0.9,1.0,0.025,4
five_level_weak_anharmonic,integrated_alpha0p9_lw1p0,0.03,static_only,0.0,0.0,41,0.9581578067583248,0.007903697891996075,0.045025543271231316,0.016037500668775927,0.9999998024078782,0.0017539976818384767,120,74.95525333378464,0.4614758649656559,428,False,"alpha 0.9, leak 1.0",0.9,1.0,0.025,4
five_level_weak_anharmonic,integrated_alpha0p9_lw1p0,0.03,static_only,0.0,0.0,42,0.9791103574836574,0.0070149446436622576,0.04657605900107231,0.039920332917815465,0.9999998258965783,0.0017539976818384767,120,74.95525333378464,0.4614758649656559,428,False,"alpha 0.9, leak 1.0",0.9,1.0,0.025,4
five_level_weak_anharmonic,integrated_alpha0p9_lw1p0,0.03,static_only,0.0,0.0,43,0.934394725845132,0.005272082493757546,0.04653479044501607,0.07459514403226007,0.9999998317065044,0.0017539976818384767,120,74.95525333378464,0.4614758649656559,428,False,"alpha 0.9, leak 1.0",0.9,1.0,0.025,4
five_level_weak_anharmonic,integrated_alpha0p9_lw1p0,0.03,static_only,0.0,0.0,44,0.8859887823210658,0.0041496429689711345,0.03748169478039154,0.16016402644129257,0.9999998746159893,0.0017539976818384767,120,74.95525333378464,0.4614758649656559,428,False,"alpha 0.9, leak 1.0",0.9,1.0,0.025,4
five_level_weak_anharmonic,integrated_alpha0p9_lw1p0,0.03,static_only,0.0,0.0,45,0.964065395082557,0.007186309909276822,0.04574585068858661,0.0564073550235339,0.9999998109276459,0.0017539976818384767,120,74.95525333378464,0.4614758649656559,428,False,"alpha 0.9, leak 1.0",0.9,1.0,0.025,4
five_level_weak_anharmonic,integrated_alpha0p9_lw1p0,0.03,static_only,0.0,0.0,46,0.9563719618529032,0.005266757518358589,0.04591688829742768,0.032505891498103935,0.999999801153802,0.0017539976818384767,120,74.95525333378464,0.4614758649656559,428,False,"alpha 0.9, leak 1.0",0.9,1.0,0.025,4
five_level_weak_anharmonic,integrated_alpha0p9_lw1p0,0.03,static_only,0.0,0.0,47,0.9817307738526154,0.01088266417676298,0.048841201113021926,0.006209021977839732,0.9999998128827575,0.0017539976818384767,120,74.95525333378464,0.4614758649656559,428,False,"alpha 0.9, leak 1.0",0.9,1.0,0.025,4
five_level_weak_anharmonic,integrated_alpha0p9_lw1p0,0.03,static_only,0.0,0.0,48,0.8241731057192975,0.0031255532444856016,0.05715511954502961,0.1630665580216012,0.9999996978160484,0.0017539976818384767,120,74.95525333378464,0.4614758649656559,428,False,"alpha 0.9, leak 1.0",0.9,1.0,0.025,4
five_level_weak_anharmonic,integrated_alpha0p9_lw1p0,0.03,static_only,0.0,0.0,49,0.9919557865727874,0.007562944386757864,0.04263214441834795,0.010119427705385849,0.9999997880285824,0.0017539976818384767,120,74.95525333378464,0.4614758649656559,428,False,"alpha 0.9, leak 1.0",0.9,1.0,0.025,4
five_level_weak_anharmonic,integrated_alpha0p9_lw1p0,0.03,static_only,0.0,0.0,50,0.9342133024118556,0.006513974916495968,0.039005958904974936,0.08992956406189488,0.9999998341926601,0.0017539976818384767,120,74.95525333378464,0.4614758649656559,428,False,"alpha 0.9, leak 1.0",0.9,1.0,0.025,4
five_level_weak_anharmonic,integrated_alpha0p9_lw1p0,0.03,static_only,0.0,0.0,51,0.975716963132284,0.008951777163372143,0.04384000174582181,0.022123186345395805,0.9999998092150864,0.0017539976818384767,120,74.95525333378464,0.4614758649656559,428,False,"alpha 0.9, leak 1.0",0.9,1.0,0.025,4
five_level_weak_anharmonic,integrated_alpha0p9_lw1p0,0.03,static_only,0.0,0.0,52,0.9695572183727172,0.005282434710957462,0.04262686354023959,0.012260097313342731,0.9999997835411669,0.0017539976818384767,120,74.95525333378464,0.4614758649656559,428,False,"alpha 0.9, leak 1.0",0.9,1.0,0.025,4
five_level_weak_anharmonic,integrated_alpha0p9_lw1p0,0.03,static_only,0.0,0.0,53,0.8614731063828347,0.004051161237579981,0.04745754850435091,0.15023922764565423,0.9999998073820279,0.0017539976818384767,120,74.95525333378464,0.4614758649656559,428,False,"alpha 0.9, leak 1.0",0.9,1.0,0.025,4
five_level_weak_anharmonic,integrated_alpha0p9_lw1p0,0.03,static_only,0.0,0.0,54,0.9021573108402904,0.00496985324770105,0.04676829070960831,0.10611414331736388,0.999999797616897,0.0017539976818384767,120,74.95525333378464,0.4614758649656559,428,False,"alpha 0.9, leak 1.0",0.9,1.0,0.025,4
five_level_weak_anharmonic,integrated_alpha0p9_lw1p0,0.03,static_only,0.0,0.0,55,0.8618800515539206,0.007552080535703554,0.04039049542596895,0.16793218760382372,0.999999832129754,0.0017539976818384767,120,74.95525333378464,0.4614758649656559,428,False,"alpha 0.9, leak 1.0",0.9,1.0,0.025,4
five_level_weak_anharmonic,integrated_alpha0p9_lw1p0,0.03,static_only,0.0,0.0,56,0.9369045334009123,0.0022057657715156553,0.050270820210381206,0.06693642747347338,0.9999997953124656,0.0017539976818384767,120,74.95525333378464,0.4614758649656559,428,False,"alpha 0.9, leak 1.0",0.9,1.0,0.025,4
five_level_weak_anharmonic,integrated_alpha0p9_lw1p0,0.03,static_only,0.0,0.0,57,0.9044757998217694,0.01644225319651682,0.0450517454837156,0.09971104545136747,0.999999801870819,0.0017539976818384767,120,74.95525333378464,0.4614758649656559,428,False,"alpha 0.9, leak 1.0",0.9,1.0,0.025,4
five_level_weak_anharmonic,integrated_alpha0p9_lw1p0,0.03,static_only,0.0,0.0,58,0.9788417511527434,0.006267811082205643,0.04599863497386747,0.02683322919276457,0.9999998283829508,0.0017539976818384767,120,74.95525333378464,0.4614758649656559,428,False,"alpha 0.9, leak 1.0",0.9,1.0,0.025,4
five_level_weak_anharmonic,integrated_alpha0p9_lw1p0,0.03,static_only,0.0,0.0,59,0.9089117726648847,0.00529482303876827,0.049685244873317935,0.07819492812559688,0.9999996971503585,0.0017539976818384767,120,74.95525333378464,0.4614758649656559,428,False,"alpha 0.9, leak 1.0",0.9,1.0,0.025,4
five_level_weak_anharmonic,integrated_alpha0p9_lw1p0,0.03,deph_0.001,0.001,0.0,10,0.96761682514765,0.007243849382578049,0.04340445733155629,0.02097537527141767,0.985189372208565,0.0017539976818384767,120,74.95525333378464,0.4614758649656559,428,False,"alpha 0.9, leak 1.0",0.9,1.0,0.025,4
five_level_weak_anharmonic,integrated_alpha0p9_lw1p0,0.03,deph_0.001,0.001,0.0,11,0.8957621183881211,0.008269132399615353,0.06030987869239235,0.08116059641868817,0.9870202206998476,0.0017539976818384767,120,74.95525333378464,0.4614758649656559,428,False,"alpha 0.9, leak 1.0",0.9,1.0,0.025,4
five_level_weak_anharmonic,integrated_alpha0p9_lw1p0,0.03,deph_0.001,0.001,0.0,12,0.9399070616509025,0.003024781811991506,0.05197821506765632,0.03682871264924427,0.9871002470049293,0.0017539976818384767,120,74.95525333378464,0.4614758649656559,428,False,"alpha 0.9, leak 1.0",0.9,1.0,0.025,4
five_level_weak_anharmonic,integrated_alpha0p9_lw1p0,0.03,deph_0.001,0.001,0.0,13,0.69048211927673,0.004520656347011043,0.03676653245597894,0.32401944245368364,0.9742165904137374,0.0017539976818384767,120,74.95525333378464,0.4614758649656559,428,False,"alpha 0.9, leak 1.0",0.9,1.0,0.025,4
five_level_weak_anharmonic,integrated_alpha0p9_lw1p0,0.03,deph_0.001,0.001,0.0,14,0.8245622281471163,0.005486670551154149,0.040049475743173524,0.18885795072176617,0.9787654308814149,0.0017539976818384767,120,74.95525333378464,0.4614758649656559,428,False,"alpha 0.9, leak 1.0",0.9,1.0,0.025,4
five_level_weak_anharmonic,integrated_alpha0p9_lw1p0,0.03,deph_0.001,0.001,0.0,15,0.973496639010522,0.011205117620535443,0.0566553271799749,0.03577850310269307,0.9852563919959413,0.0017539976818384767,120,74.95525333378464,0.4614758649656559,428,False,"alpha 0.9, leak 1.0",0.9,1.0,0.025,4
five_level_weak_anharmonic,integrated_alpha0p9_lw1p0,0.03,deph_0.001,0.001,0.0,16,0.963617033353397,0.008429321729267247,0.05388116943086185,0.022794786986457417,0.9877570322693467,0.0017539976818384767,120,74.95525333378464,0.4614758649656559,428,False,"alpha 0.9, leak 1.0",0.9,1.0,0.025,4
five_level_weak_anharmonic,integrated_alpha0p9_lw1p0,0.03,deph_0.001,0.001,0.0,17,0.9117971437142284,0.005700540900563711,0.03466745221118339,0.10303450595984553,0.981766645807072,0.0017539976818384767,120,74.95525333378464,0.4614758649656559,428,False,"alpha 0.9, leak 1.0",0.9,1.0,0.025,4
five_level_weak_anharmonic,integrated_alpha0p9_lw1p0,0.03,deph_0.001,0.001,0.0,18,0.9535968935536173,0.007037816581034972,0.04290278926536195,0.06711207650724743,0.9829544946872115,0.0017539976818384767,120,74.95525333378464,0.4614758649656559,428,False,"alpha 0.9, leak 1.0",0.9,1.0,0.025,4
five_level_weak_anharmonic,integrated_alpha0p9_lw1p0,0.03,deph_0.001,0.001,0.0,19,0.9419021512259966,0.004818847403558868,0.04281167957723597,0.035345187316536256,0.9880519805958,0.0017539976818384767,120,74.95525333378464,0.4614758649656559,428,False,"alpha 0.9, leak 1.0",0.9,1.0,0.025,4
five_level_weak_anharmonic,integrated_alpha0p9_lw1p0,0.03,deph_0.001,0.001,0.0,20,0.9357321466855187,0.009258270220618758,0.04836700739714006,0.031225942715092117,0.9862086598669753,0.0017539976818384767,120,74.95525333378464,0.4614758649656559,428,False,"alpha 0.9, leak 1.0",0.9,1.0,0.025,4
five_level_weak_anharmonic,integrated_alpha0p9_lw1p0,0.03,deph_0.001,0.001,0.0,21,0.9749808859322396,0.00873507710904653,0.04350156763259383,0.010256986893193232,0.9881827383538802,0.0017539976818384767,120,74.95525333378464,0.4614758649656559,428,False,"alpha 0.9, leak 1.0",0.9,1.0,0.025,4
five_level_weak_anharmonic,integrated_alpha0p9_lw1p0,0.03,deph_0.001,0.001,0.0,22,0.961018362419285,0.006921511404071823,0.04432967011942801,0.02178433463800106,0.9879821012304927,0.0017539976818384767,120,74.95525333378464,0.4614758649656559,428,False,"alpha 0.9, leak 1.0",0.9,1.0,0.025,4
five_level_weak_anharmonic,integrated_alpha0p9_lw1p0,0.03,deph_0.001,0.001,0.0,23,0.9756245710723878,0.005677079890143766,0.04747518394771166,0.03002948114434615,0.9865037781365467,0.0017539976818384767,120,74.95525333378464,0.4614758649656559,428,False,"alpha 0.9, leak 1.0",0.9,1.0,0.025,4
five_level_weak_anharmonic,integrated_alpha0p9_lw1p0,0.03,deph_0.001,0.001,0.0,24,0.9191520519391402,0.005530815383407606,0.03960424893015535,0.10191579358018663,0.9827694722732934,0.0017539976818384767,120,74.95525333378464,0.4614758649656559,428,False,"alpha 0.9, leak 1.0",0.9,1.0,0.025,4
five_level_weak_anharmonic,integrated_alpha0p9_lw1p0,0.03,deph_0.001,0.001,0.0,25,0.9118042030096661,0.008700433362184512,0.047007388797774774,0.10148611564228213,0.9828931740919952,0.0017539976818384767,120,74.95525333378464,0.4614758649656559,428,False,"alpha 0.9, leak 1.0",0.9,1.0,0.025,4
five_level_weak_anharmonic,integrated_alpha0p9_lw1p0,0.03,deph_0.001,0.001,0.0,26,0.9718724153613716,0.0074785462909539024,0.04884482482494046,0.04483038254562353,0.984146219429475,0.0017539976818384767,120,74.95525333378464,0.4614758649656559,428,False,"alpha 0.9, leak 1.0",0.9,1.0,0.025,4
five_level_weak_anharmonic,integrated_alpha0p9_lw1p0,0.03,deph_0.001,0.001,0.0,27,0.9095401923480482,0.005086866603106088,0.039148084256119375,0.11817591512557576,0.9812618993197237,0.0017539976818384767,120,74.95525333378464,0.4614758649656559,428,False,"alpha 0.9, leak 1.0",0.9,1.0,0.025,4
five_level_weak_anharmonic,integrated_alpha0p9_lw1p0,0.03,deph_0.001,0.001,0.0,28,0.9627409897136473,0.009815614636688674,0.06082533308267468,0.014284836932926174,0.9871895429463179,0.0017539976818384767,120,74.95525333378464,0.4614758649656559,428,False,"alpha 0.9, leak 1.0",0.9,1.0,0.025,4
five_level_weak_anharmonic,integrated_alpha0p9_lw1p0,0.03,deph_0.001,0.001,0.0,29,0.9831720349977836,0.004157795963021904,0.047196653281398104,0.022772238577090164,0.9855508754777587,0.0017539976818384767,120,74.95525333378464,0.4614758649656559,428,False,"alpha 0.9, leak 1.0",0.9,1.0,0.025,4
five_level_weak_anharmonic,integrated_alpha0p9_lw1p0,0.03,deph_0.001,0.001,0.0,30,0.8898167809434727,0.009046008063421818,0.038435584963860125,0.14198151026377523,0.9797757064954437,0.0017539976818384767,120,74.95525333378464,0.4614758649656559,428,False,"alpha 0.9, leak 1.0",0.9,1.0,0.025,4
five_level_weak_anharmonic,integrated_alpha0p9_lw1p0,0.03,deph_0.001,0.001,0.0,31,0.9119167414002349,0.00710349206880545,0.050934575614406175,0.06966537469258453,0.986795983251592,0.0017539976818384767,120,74.95525333378464,0.4614758649656559,428,False,"alpha 0.9, leak 1.0",0.9,1.0,0.025,4
five_level_weak_anharmonic,integrated_alpha0p9_lw1p0,0.03,deph_0.001,0.001,0.0,32,0.9241004405843584,0.007830217189856548,0.05005879143108538,0.0650004814506569,0.9871229314339334,0.0017539976818384767,120,74.95525333378464,0.4614758649656559,428,False,"alpha 0.9, leak 1.0",0.9,1.0,0.025,4
five_level_weak_anharmonic,integrated_alpha0p9_lw1p0,0.03,deph_0.001,0.001,0.0,33,0.8910710021032089,0.006312863231599186,0.034642420395457174,0.14955802276504548,0.9790589374413086,0.0017539976818384767,120,74.95525333378464,0.4614758649656559,428,False,"alpha 0.9, leak 1.0",0.9,1.0,0.025,4
five_level_weak_anharmonic,integrated_alpha0p9_lw1p0,0.03,deph_0.001,0.001,0.0,34,0.9363338875917022,0.011062514022836867,0.0450963295388922,0.0817922996670133,0.982308317225992,0.0017539976818384767,120,74.95525333378464,0.4614758649656559,428,False,"alpha 0.9, leak 1.0",0.9,1.0,0.025,4
five_level_weak_anharmonic,integrated_alpha0p9_lw1p0,0.03,deph_0.001,0.001,0.0,35,0.9300431197326636,0.012126440972380914,0.0413589716732361,0.04346310135746663,0.9846661813871097,0.0017539976818384767,120,74.95525333378464,0.4614758649656559,428,False,"alpha 0.9, leak 1.0",0.9,1.0,0.025,4
five_level_weak_anharmonic,integrated_alpha0p9_lw1p0,0.03,deph_0.001,0.001,0.0,36,0.9573832901726956,0.0069969210710302265,0.053274077894523986,0.03946936925752586,0.9874404817518505,0.0017539976818384767,120,74.95525333378464,0.4614758649656559,428,False,"alpha 0.9, leak 1.0",0.9,1.0,0.025,4
five_level_weak_anharmonic,integrated_alpha0p9_lw1p0,0.03,deph_0.001,0.001,0.0,37,0.7733840462795806,0.007085450247277247,0.03365573017178747,0.24022620802309558,0.9768764862534564,0.0017539976818384767,120,74.95525333378464,0.4614758649656559,428,False,"alpha 0.9, leak 1.0",0.9,1.0,0.025,4
five_level_weak_anharmonic,integrated_alpha0p9_lw1p0,0.03,deph_0.001,0.001,0.0,38,0.8410453550893883,0.004204776820622147,0.03172934277498607,0.19897865209281063,0.9780179767804167,0.0017539976818384767,120,74.95525333378464,0.4614758649656559,428,False,"alpha 0.9, leak 1.0",0.9,1.0,0.025,4
five_level_weak_anharmonic,integrated_alpha0p9_lw1p0,0.03,deph_0.001,0.001,0.0,39,0.9466368292741253,0.0069342795594202755,0.04958795463341259,0.05903391244007722,0.9855388263529301,0.0017539976818384767,120,74.95525333378464,0.4614758649656559,428,False,"alpha 0.9, leak 1.0",0.9,1.0,0.025,4
five_level_weak_anharmonic,integrated_alpha0p9_lw1p0,0.03,deph_0.001,0.001,0.0,40,0.9865640046059592,0.006988694965820885,0.051299149671739874,0.013517221776867294,0.9865882630094489,0.0017539976818384767,120,74.95525333378464,0.4614758649656559,428,False,"alpha 0.9, leak 1.0",0.9,1.0,0.025,4
five_level_weak_anharmonic,integrated_alpha0p9_lw1p0,0.03,deph_0.001,0.001,0.0,41,0.9525543362254894,0.008676094235858134,0.04509424678282381,0.0219896612751683,0.9874548965038666,0.0017539976818384767,120,74.95525333378464,0.4614758649656559,428,False,"alpha 0.9, leak 1.0",0.9,1.0,0.025,4
five_level_weak_anharmonic,integrated_alpha0p9_lw1p0,0.03,deph_0.001,0.001,0.0,42,0.9718879210463008,0.007669365767731584,0.046779508858886376,0.04609917779053449,0.9838449796123465,0.0017539976818384767,120,74.95525333378464,0.4614758649656559,428,False,"alpha 0.9, leak 1.0",0.9,1.0,0.025,4
five_level_weak_anharmonic,integrated_alpha0p9_lw1p0,0.03,deph_0.001,0.001,0.0,43,0.9291384442354946,0.005804945875002354,0.04658706456081796,0.07930692179263682,0.98518786040432,0.0017539976818384767,120,74.95525333378464,0.4614758649656559,428,False,"alpha 0.9, leak 1.0",0.9,1.0,0.025,4
five_level_weak_anharmonic,integrated_alpha0p9_lw1p0,0.03,deph_0.001,0.001,0.0,44,0.8799308975957435,0.0045069871755312185,0.03761443939518294,0.16478488474941938,0.977908890164035,0.0017539976818384767,120,74.95525333378464,0.4614758649656559,428,False,"alpha 0.9, leak 1.0",0.9,1.0,0.025,4
five_level_weak_anharmonic,integrated_alpha0p9_lw1p0,0.03,deph_0.001,0.001,0.0,45,0.9572849392186179,0.008082787723183271,0.04611173714304184,0.062171585066726695,0.9831212498620931,0.0017539976818384767,120,74.95525333378464,0.4614758649656559,428,False,"alpha 0.9, leak 1.0",0.9,1.0,0.025,4
five_level_weak_anharmonic,integrated_alpha0p9_lw1p0,0.03,deph_0.001,0.001,0.0,46,0.9513108895558298,0.005856694369518856,0.045878043260772494,0.03766542524908243,0.9887494056974189,0.0017539976818384767,120,74.95525333378464,0.4614758649656559,428,False,"alpha 0.9, leak 1.0",0.9,1.0,0.025,4
five_level_weak_anharmonic,integrated_alpha0p9_lw1p0,0.03,deph_0.001,0.001,0.0,47,0.9758995347764504,0.011386629764890577,0.048920633684747195,0.012231833133231227,0.9876077269769789,0.0017539976818384767,120,74.95525333378464,0.4614758649656559,428,False,"alpha 0.9, leak 1.0",0.9,1.0,0.025,4
five_level_weak_anharmonic,integrated_alpha0p9_lw1p0,0.03,deph_0.001,0.001,0.0,48,0.8210042215861388,0.00401605205886113,0.05722165319526851,0.16630290328318761,0.9854437790968422,0.0017539976818384767,120,74.95525333378464,0.4614758649656559,428,False,"alpha 0.9, leak 1.0",0.9,1.0,0.025,4
five_level_weak_anharmonic,integrated_alpha0p9_lw1p0,0.03,deph_0.001,0.001,0.0,49,0.9855372266830142,0.008473358009157161,0.04288271111370767,0.016200582733633177,0.9870463113910334,0.0017539976818384767,120,74.95525333378464,0.4614758649656559,428,False,"alpha 0.9, leak 1.0",0.9,1.0,0.025,4
five_level_weak_anharmonic,integrated_alpha0p9_lw1p0,0.03,deph_0.001,0.001,0.0,50,0.9283905966746423,0.0072903296088659975,0.0393202026533257,0.09480911670427168,0.9821422878991538,0.0017539976818384767,120,74.95525333378464,0.4614758649656559,428,False,"alpha 0.9, leak 1.0",0.9,1.0,0.025,4
five_level_weak_anharmonic,integrated_alpha0p9_lw1p0,0.03,deph_0.001,0.001,0.0,51,0.9691372638048874,0.009803864667069395,0.044004250882144325,0.02839273326381996,0.9853169252870125,0.0017539976818384767,120,74.95525333378464,0.4614758649656559,428,False,"alpha 0.9, leak 1.0",0.9,1.0,0.025,4
five_level_weak_anharmonic,integrated_alpha0p9_lw1p0,0.03,deph_0.001,0.001,0.0,52,0.9637882168735039,0.0062264359775147105,0.04278888719127383,0.018166701545210717,0.9879618458689187,0.0017539976818384767,120,74.95525333378464,0.4614758649656559,428,False,"alpha 0.9, leak 1.0",0.9,1.0,0.025,4
five_level_weak_anharmonic,integrated_alpha0p9_lw1p0,0.03,deph_0.001,0.001,0.0,53,0.8569546644494536,0.004947715387255247,0.04744640878363904,0.15390737498437765,0.9812491824752155,0.0017539976818384767,120,74.95525333378464,0.4614758649656559,428,False,"alpha 0.9, leak 1.0",0.9,1.0,0.025,4
five_level_weak_anharmonic,integrated_alpha0p9_lw1p0,0.03,deph_0.001,0.001,0.0,54,0.8969828023836813,0.005774688767941072,0.04698412520098838,0.11055396557690084,0.9833021786220207,0.0017539976818384767,120,74.95525333378464,0.4614758649656559,428,False,"alpha 0.9, leak 1.0",0.9,1.0,0.025,4
five_level_weak_anharmonic,integrated_alpha0p9_lw1p0,0.03,deph_0.001,0.001,0.0,55,0.8563944395732687,0.008151159844528522,0.04075887359715602,0.17225525658112795,0.9776361717254725,0.0017539976818384767,120,74.95525333378464,0.4614758649656559,428,False,"alpha 0.9, leak 1.0",0.9,1.0,0.025,4
five_level_weak_anharmonic,integrated_alpha0p9_lw1p0,0.03,deph_0.001,0.001,0.0,56,0.9314004660683268,0.00300617780628043,0.05018455646592679,0.07178108273945472,0.9861772424794495,0.0017539976818384767,120,74.95525333378464,0.4614758649656559,428,False,"alpha 0.9, leak 1.0",0.9,1.0,0.025,4
five_level_weak_anharmonic,integrated_alpha0p9_lw1p0,0.03,deph_0.001,0.001,0.0,57,0.8988551863318845,0.017283450602311623,0.04511090834873177,0.10486630661274915,0.9810234926020627,0.0017539976818384767,120,74.95525333378464,0.4614758649656559,428,False,"alpha 0.9, leak 1.0",0.9,1.0,0.025,4
five_level_weak_anharmonic,integrated_alpha0p9_lw1p0,0.03,deph_0.001,0.001,0.0,58,0.9730280576677472,0.006670169938311266,0.04606023399725401,0.03226374851106639,0.9872520572141886,0.0017539976818384767,120,74.95525333378464,0.4614758649656559,428,False,"alpha 0.9, leak 1.0",0.9,1.0,0.025,4
five_level_weak_anharmonic,integrated_alpha0p9_lw1p0,0.03,deph_0.001,0.001,0.0,59,0.9042968322358521,0.006283000828148255,0.04995408089653042,0.08286178579351476,0.9869857379651648,0.0017539976818384767,120,74.95525333378464,0.4614758649656559,428,False,"alpha 0.9, leak 1.0",0.9,1.0,0.025,4
five_level_weak_anharmonic,integrated_alpha0p9_lw1p0,0.03,relax_0.0005,0.0,0.0005,10,0.9587010560529982,0.006402382061069134,0.043020825452784406,0.028616679162223643,0.9684107185558807,0.0017539976818384767,120,74.95525333378464,0.4614758649656559,428,False,"alpha 0.9, leak 1.0",0.9,1.0,0.025,4
five_level_weak_anharmonic,integrated_alpha0p9_lw1p0,0.03,relax_0.0005,0.0,0.0005,11,0.8868579320281724,0.00725974573378374,0.05986053936294411,0.08807231486989923,0.9644985583591023,0.0017539976818384767,120,74.95525333378464,0.4614758649656559,428,False,"alpha 0.9, leak 1.0",0.9,1.0,0.025,4
five_level_weak_anharmonic,integrated_alpha0p9_lw1p0,0.03,relax_0.0005,0.0,0.0005,12,0.9265818972401202,0.002206507874141117,0.05171034818156417,0.0468038292100456,0.9643590514891213,0.0017539976818384767,120,74.95525333378464,0.4614758649656559,428,False,"alpha 0.9, leak 1.0",0.9,1.0,0.025,4
five_level_weak_anharmonic,integrated_alpha0p9_lw1p0,0.03,relax_0.0005,0.0,0.0005,13,0.6831707058369665,0.003888370722942791,0.03637939412264257,0.3309999591310359,0.9849327667095258,0.0017539976818384767,120,74.95525333378464,0.4614758649656559,428,False,"alpha 0.9, leak 1.0",0.9,1.0,0.025,4
five_level_weak_anharmonic,integrated_alpha0p9_lw1p0,0.03,relax_0.0005,0.0,0.0005,14,0.8177829055033368,0.004898934904980834,0.039772852913614654,0.1953440644246909,0.9773088726803147,0.0017539976818384767,120,74.95525333378464,0.4614758649656559,428,False,"alpha 0.9, leak 1.0",0.9,1.0,0.025,4
five_level_weak_anharmonic,integrated_alpha0p9_lw1p0,0.03,relax_0.0005,0.0,0.0005,15,0.9633797090805011,0.010150242406315568,0.056222684569415704,0.043949854234883984,0.9678111010872941,0.0017539976818384767,120,74.95525333378464,0.4614758649656559,428,False,"alpha 0.9, leak 1.0",0.9,1.0,0.025,4
five_level_weak_anharmonic,integrated_alpha0p9_lw1p0,0.03,relax_0.0005,0.0,0.0005,16,0.9533738574763273,0.00745820412125997,0.0533728369070241,0.030728303069284313,0.963957840292341,0.0017539976818384767,120,74.95525333378464,0.4614758649656559,428,False,"alpha 0.9, leak 1.0",0.9,1.0,0.025,4
five_level_weak_anharmonic,integrated_alpha0p9_lw1p0,0.03,relax_0.0005,0.0,0.0005,17,0.9004100792183264,0.004975563668220606,0.034353271741137004,0.11229399004677289,0.9736325778369421,0.0017539976818384767,120,74.95525333378464,0.4614758649656559,428,False,"alpha 0.9, leak 1.0",0.9,1.0,0.025,4
five_level_weak_anharmonic,integrated_alpha0p9_lw1p0,0.03,relax_0.0005,0.0,0.0005,18,0.9434278832219292,0.006180502683262978,0.04252196666889552,0.0755806994101111,0.9716899679002069,0.0017539976818384767,120,74.95525333378464,0.4614758649656559,428,False,"alpha 0.9, leak 1.0",0.9,1.0,0.025,4
five_level_weak_anharmonic,integrated_alpha0p9_lw1p0,0.03,relax_0.0005,0.0,0.0005,19,0.9288104255465339,0.0040246300795638845,0.04252433981579817,0.04529147902356208,0.9633050570291674,0.0017539976818384767,120,74.95525333378464,0.4614758649656559,428,False,"alpha 0.9, leak 1.0",0.9,1.0,0.025,4
five_level_weak_anharmonic,integrated_alpha0p9_lw1p0,0.03,relax_0.0005,0.0,0.0005,20,0.9230586919084545,0.008318105127821718,0.04792226853580894,0.0409074949119157,0.9653947945076359,0.0017539976818384767,120,74.95525333378464,0.4614758649656559,428,False,"alpha 0.9, leak 1.0",0.9,1.0,0.025,4
five_level_weak_anharmonic,integrated_alpha0p9_lw1p0,0.03,relax_0.0005,0.0,0.0005,21,0.9629550951651095,0.008051005278465917,0.04323099775920791,0.01955116913968071,0.9641020179393115,0.0017539976818384767,120,74.95525333378464,0.4614758649656559,428,False,"alpha 0.9, leak 1.0",0.9,1.0,0.025,4
five_level_weak_anharmonic,integrated_alpha0p9_lw1p0,0.03,relax_0.0005,0.0,0.0005,22,0.9509963513817542,0.0060367914792130994,0.04399156666758497,0.029822694541598724,0.9639878524794223,0.0017539976818384767,120,74.95525333378464,0.4614758649656559,428,False,"alpha 0.9, leak 1.0",0.9,1.0,0.025,4
five_level_weak_anharmonic,integrated_alpha0p9_lw1p0,0.03,relax_0.0005,0.0,0.0005,23,0.9664456530033156,0.004993881935435374,0.04714535281383947,0.03759329389621712,0.966988303978036,0.0017539976818384767,120,74.95525333378464,0.4614758649656559,428,False,"alpha 0.9, leak 1.0",0.9,1.0,0.025,4
five_level_weak_anharmonic,integrated_alpha0p9_lw1p0,0.03,relax_0.0005,0.0,0.0005,24,0.9099047481970598,0.0048100285966529155,0.03928503796354921,0.1097608606419713,0.9718238411321404,0.0017539976818384767,120,74.95525333378464,0.4614758649656559,428,False,"alpha 0.9, leak 1.0",0.9,1.0,0.025,4
five_level_weak_anharmonic,integrated_alpha0p9_lw1p0,0.03,relax_0.0005,0.0,0.0005,25,0.9030628756196678,0.007939281708245205,0.04673700853247642,0.10896095339367445,0.9716008429865552,0.0017539976818384767,120,74.95525333378464,0.4614758649656559,428,False,"alpha 0.9, leak 1.0",0.9,1.0,0.025,4
five_level_weak_anharmonic,integrated_alpha0p9_lw1p0,0.03,relax_0.0005,0.0,0.0005,26,0.9625507249727793,0.0066110983461474815,0.048414717363685744,0.05260486060548198,0.9700604846669489,0.0017539976818384767,120,74.95525333378464,0.4614758649656559,428,False,"alpha 0.9, leak 1.0",0.9,1.0,0.025,4
five_level_weak_anharmonic,integrated_alpha0p9_lw1p0,0.03,relax_0.0005,0.0,0.0005,27,0.8996693261246782,0.0044544795275107685,0.03876643522846113,0.12650976831695535,0.9743393240356779,0.0017539976818384767,120,74.95525333378464,0.4614758649656559,428,False,"alpha 0.9, leak 1.0",0.9,1.0,0.025,4
five_level_weak_anharmonic,integrated_alpha0p9_lw1p0,0.03,relax_0.0005,0.0,0.0005,28,0.9529576788853049,0.008796783085691762,0.06028671682881148,0.02190268298025464,0.9650755029308878,0.0017539976818384767,120,74.95525333378464,0.4614758649656559,428,False,"alpha 0.9, leak 1.0",0.9,1.0,0.025,4
five_level_weak_anharmonic,integrated_alpha0p9_lw1p0,0.03,relax_0.0005,0.0,0.0005,29,0.9728905662444227,0.003574063032811825,0.04683127085612726,0.031083863232351305,0.968597878677356,0.0017539976818384767,120,74.95525333378464,0.4614758649656559,428,False,"alpha 0.9, leak 1.0",0.9,1.0,0.025,4
five_level_weak_anharmonic,integrated_alpha0p9_lw1p0,0.03,relax_0.0005,0.0,0.0005,30,0.8801337810784199,0.008458091605196172,0.03824545742944574,0.15040641206110547,0.9764203389106545,0.0017539976818384767,120,74.95525333378464,0.4614758649656559,428,False,"alpha 0.9, leak 1.0",0.9,1.0,0.025,4
five_level_weak_anharmonic,integrated_alpha0p9_lw1p0,0.03,relax_0.0005,0.0,0.0005,31,0.9039012592622537,0.006113038489704348,0.05034959418553919,0.07610182165032327,0.9651678699209714,0.0017539976818384767,120,74.95525333378464,0.4614758649656559,428,False,"alpha 0.9, leak 1.0",0.9,1.0,0.025,4
five_level_weak_anharmonic,integrated_alpha0p9_lw1p0,0.03,relax_0.0005,0.0,0.0005,32,0.9152044152584146,0.006920035647644984,0.0497209196886671,0.07209682311339134,0.964905218644024,0.0017539976818384767,120,74.95525333378464,0.4614758649656559,428,False,"alpha 0.9, leak 1.0",0.9,1.0,0.025,4
five_level_weak_anharmonic,integrated_alpha0p9_lw1p0,0.03,relax_0.0005,0.0,0.0005,33,0.8816988799930234,0.005588409437621067,0.034345561570900296,0.1579376363662414,0.9772732067781054,0.0017539976818384767,120,74.95525333378464,0.4614758649656559,428,False,"alpha 0.9, leak 1.0",0.9,1.0,0.025,4
five_level_weak_anharmonic,integrated_alpha0p9_lw1p0,0.03,relax_0.0005,0.0,0.0005,34,0.9279362871779461,0.010113229784699973,0.04458442415229813,0.08907405036125071,0.9722056109245342,0.0017539976818384767,120,74.95525333378464,0.4614758649656559,428,False,"alpha 0.9, leak 1.0",0.9,1.0,0.025,4
five_level_weak_anharmonic,integrated_alpha0p9_lw1p0,0.03,relax_0.0005,0.0,0.0005,35,0.9178065061760158,0.011110167869295529,0.040890835068979836,0.05292466533142939,0.9672678929287615,0.0017539976818384767,120,74.95525333378464,0.4614758649656559,428,False,"alpha 0.9, leak 1.0",0.9,1.0,0.025,4
five_level_weak_anharmonic,integrated_alpha0p9_lw1p0,0.03,relax_0.0005,0.0,0.0005,36,0.9479755875214154,0.006257742358620311,0.05281024015356606,0.046841660393281345,0.9653434892876877,0.0017539976818384767,120,74.95525333378464,0.4614758649656559,428,False,"alpha 0.9, leak 1.0",0.9,1.0,0.025,4
five_level_weak_anharmonic,integrated_alpha0p9_lw1p0,0.03,relax_0.0005,0.0,0.0005,37,0.7625283237839091,0.006417696817128005,0.03335971150474548,0.24931026830779118,0.9814730344197368,0.0017539976818384767,120,74.95525333378464,0.4614758649656559,428,False,"alpha 0.9, leak 1.0",0.9,1.0,0.025,4
five_level_weak_anharmonic,integrated_alpha0p9_lw1p0,0.03,relax_0.0005,0.0,0.0005,38,0.832444517525095,0.003804127879422192,0.031538833239622144,0.20682074544339335,0.9787701902994329,0.0017539976818384767,120,74.95525333378464,0.4614758649656559,428,False,"alpha 0.9, leak 1.0",0.9,1.0,0.025,4
five_level_weak_anharmonic,integrated_alpha0p9_lw1p0,0.03,relax_0.0005,0.0,0.0005,39,0.9378856699865331,0.005925905777609319,0.049162859426501115,0.0661963504701641,0.9674597897317527,0.0017539976818384767,120,74.95525333378464,0.4614758649656559,428,False,"alpha 0.9, leak 1.0",0.9,1.0,0.025,4
five_level_weak_anharmonic,integrated_alpha0p9_lw1p0,0.03,relax_0.0005,0.0,0.0005,40,0.9759755728484178,0.006110685614410749,0.05096992963734759,0.021898822589187628,0.9664093470099032,0.0017539976818384767,120,74.95525333378464,0.4614758649656559,428,False,"alpha 0.9, leak 1.0",0.9,1.0,0.025,4
five_level_weak_anharmonic,integrated_alpha0p9_lw1p0,0.03,relax_0.0005,0.0,0.0005,41,0.9399357257419096,0.007776171733168247,0.04479477297969314,0.031678417332786715,0.9638150708368332,0.0017539976818384767,120,74.95525333378464,0.4614758649656559,428,False,"alpha 0.9, leak 1.0",0.9,1.0,0.025,4
five_level_weak_anharmonic,integrated_alpha0p9_lw1p0,0.03,relax_0.0005,0.0,0.0005,42,0.9639209726550759,0.00692124177480824,0.04634078350922177,0.05314660081354094,0.9705118768566662,0.0017539976818384767,120,74.95525333378464,0.4614758649656559,428,False,"alpha 0.9, leak 1.0",0.9,1.0,0.025,4
five_level_weak_anharmonic,integrated_alpha0p9_lw1p0,0.03,relax_0.0005,0.0,0.0005,43,0.920048405890447,0.005173916413665269,0.046290240393771165,0.08676036363551937,0.9686782797294228,0.0017539976818384767,120,74.95525333378464,0.4614758649656559,428,False,"alpha 0.9, leak 1.0",0.9,1.0,0.025,4
five_level_weak_anharmonic,integrated_alpha0p9_lw1p0,0.03,relax_0.0005,0.0,0.0005,44,0.8734185528751007,0.004066108086848486,0.03728448036405119,0.17116475044682844,0.9794550919002117,0.0017539976818384767,120,74.95525333378464,0.4614758649656559,428,False,"alpha 0.9, leak 1.0",0.9,1.0,0.025,4
five_level_weak_anharmonic,integrated_alpha0p9_lw1p0,0.03,relax_0.0005,0.0,0.0005,45,0.9489817658521044,0.007087347882603123,0.045579975746051105,0.06934364804555937,0.9710077158814021,0.0017539976818384767,120,74.95525333378464,0.4614758649656559,428,False,"alpha 0.9, leak 1.0",0.9,1.0,0.025,4
five_level_weak_anharmonic,integrated_alpha0p9_lw1p0,0.03,relax_0.0005,0.0,0.0005,46,0.9393507026969957,0.0051759809015483604,0.04565039893526035,0.04673510766003856,0.9629481653071676,0.0017539976818384767,120,74.95525333378464,0.4614758649656559,428,False,"alpha 0.9, leak 1.0",0.9,1.0,0.025,4
five_level_weak_anharmonic,integrated_alpha0p9_lw1p0,0.03,relax_0.0005,0.0,0.0005,47,0.9637462427691841,0.010580588870675589,0.04857866525219956,0.02150314912865459,0.9645917934405782,0.0017539976818384767,120,74.95525333378464,0.4614758649656559,428,False,"alpha 0.9, leak 1.0",0.9,1.0,0.025,4
five_level_weak_anharmonic,integrated_alpha0p9_lw1p0,0.03,relax_0.0005,0.0,0.0005,48,0.810828387064732,0.0031061274870959332,0.05686317919622064,0.1740015939820819,0.9655709678274297,0.0017539976818384767,120,74.95525333378464,0.4614758649656559,428,False,"alpha 0.9, leak 1.0",0.9,1.0,0.025,4
five_level_weak_anharmonic,integrated_alpha0p9_lw1p0,0.03,relax_0.0005,0.0,0.0005,49,0.974280735277531,0.00747508722871193,0.04248145368753864,0.024969182622983845,0.965505637459883,0.0017539976818384767,120,74.95525333378464,0.4614758649656559,428,False,"alpha 0.9, leak 1.0",0.9,1.0,0.025,4
five_level_weak_anharmonic,integrated_alpha0p9_lw1p0,0.03,relax_0.0005,0.0,0.0005,50,0.9186623151111044,0.006418650413490545,0.038878177686971105,0.10298865648211308,0.9729887058491815,0.0017539976818384767,120,74.95525333378464,0.4614758649656559,428,False,"alpha 0.9, leak 1.0",0.9,1.0,0.025,4
five_level_weak_anharmonic,integrated_alpha0p9_lw1p0,0.03,relax_0.0005,0.0,0.0005,51,0.9576385010606218,0.008832405327561688,0.04363350835689073,0.03750180607583272,0.9670690727155344,0.0017539976818384767,120,74.95525333378464,0.4614758649656559,428,False,"alpha 0.9, leak 1.0",0.9,1.0,0.025,4
five_level_weak_anharmonic,integrated_alpha0p9_lw1p0,0.03,relax_0.0005,0.0,0.0005,52,0.951546458760191,0.005282903818708773,0.04246148829399443,0.027501237085986664,0.9635198036251565,0.0017539976818384767,120,74.95525333378464,0.4614758649656559,428,False,"alpha 0.9, leak 1.0",0.9,1.0,0.025,4
five_level_weak_anharmonic,integrated_alpha0p9_lw1p0,0.03,relax_0.0005,0.0,0.0005,53,0.8487518942965286,0.004090918089700635,0.047058160507102986,0.16111327169945075,0.9736956897445106,0.0017539976818384767,120,74.95525333378464,0.4614758649656559,428,False,"alpha 0.9, leak 1.0",0.9,1.0,0.025,4
five_level_weak_anharmonic,integrated_alpha0p9_lw1p0,0.03,relax_0.0005,0.0,0.0005,54,0.8891386102471505,0.004920616181671833,0.046570755129477615,0.11726764675769223,0.9708659407874964,0.0017539976818384767,120,74.95525333378464,0.4614758649656559,428,False,"alpha 0.9, leak 1.0",0.9,1.0,0.025,4
five_level_weak_anharmonic,integrated_alpha0p9_lw1p0,0.03,relax_0.0005,0.0,0.0005,55,0.8500191192753132,0.007404861354625147,0.040238606026072876,0.17849879323350887,0.9793092667592199,0.0017539976818384767,120,74.95525333378464,0.4614758649656559,428,False,"alpha 0.9, leak 1.0",0.9,1.0,0.025,4
five_level_weak_anharmonic,integrated_alpha0p9_lw1p0,0.03,relax_0.0005,0.0,0.0005,56,0.9228130118101728,0.002255096969892678,0.04978370659237119,0.07882790993061613,0.9667130687675548,0.0017539976818384767,120,74.95525333378464,0.4614758649656559,428,False,"alpha 0.9, leak 1.0",0.9,1.0,0.025,4
five_level_weak_anharmonic,integrated_alpha0p9_lw1p0,0.03,relax_0.0005,0.0,0.0005,57,0.8874830481287125,0.016082754291333212,0.04471515156865402,0.11411941264717664,0.9728442555360953,0.0017539976818384767,120,74.95525333378464,0.4614758649656559,428,False,"alpha 0.9, leak 1.0",0.9,1.0,0.025,4
five_level_weak_anharmonic,integrated_alpha0p9_lw1p0,0.03,relax_0.0005,0.0,0.0005,58,0.9628841499063663,0.0060957370245842135,0.04574813507759323,0.04030673619478817,0.9660927106051991,0.0017539976818384767,120,74.95525333378464,0.4614758649656559,428,False,"alpha 0.9, leak 1.0",0.9,1.0,0.025,4
five_level_weak_anharmonic,integrated_alpha0p9_lw1p0,0.03,relax_0.0005,0.0,0.0005,59,0.8930575253333642,0.005254248504330428,0.049491891579790614,0.0913419533614562,0.9636989758972299,0.0017539976818384767,120,74.95525333378464,0.4614758649656559,428,False,"alpha 0.9, leak 1.0",0.9,1.0,0.025,4
five_level_weak_anharmonic,integrated_alpha0p9_lw1p0,0.03,combined,0.001,0.0005,10,0.9515924808378736,0.007132047205455239,0.043214579933731345,0.03532561637998358,0.9541945377431503,0.0017539976818384767,120,74.95525333378464,0.4614758649656559,428,False,"alpha 0.9, leak 1.0",0.9,1.0,0.025,4
five_level_weak_anharmonic,integrated_alpha0p9_lw1p0,0.03,combined,0.001,0.0005,11,0.8820764561009418,0.008140825307364596,0.06000582584303582,0.09296932368065793,0.9523017015331308,0.0017539976818384767,120,74.95525333378464,0.4614758649656559,428,False,"alpha 0.9, leak 1.0",0.9,1.0,0.025,4
five_level_weak_anharmonic,integrated_alpha0p9_lw1p0,0.03,combined,0.001,0.0005,12,0.9215823383414293,0.003011378276795651,0.051662899849546084,0.052249853001048285,0.9521154294625391,0.0017539976818384767,120,74.95525333378464,0.4614758649656559,428,False,"alpha 0.9, leak 1.0",0.9,1.0,0.025,4
five_level_weak_anharmonic,integrated_alpha0p9_lw1p0,0.03,combined,0.001,0.0005,13,0.6811708614096715,0.004463747410228258,0.03661578642542418,0.3323676338302095,0.9596945950698799,0.0017539976818384767,120,74.95525333378464,0.4614758649656559,428,False,"alpha 0.9, leak 1.0",0.9,1.0,0.025,4
five_level_weak_anharmonic,integrated_alpha0p9_lw1p0,0.03,combined,0.001,0.0005,14,0.8135771648363476,0.005420283653192026,0.03984636267008257,0.19871285828621219,0.956673970688443,0.0017539976818384767,120,74.95525333378464,0.4614758649656559,428,False,"alpha 0.9, leak 1.0",0.9,1.0,0.025,4
five_level_weak_anharmonic,integrated_alpha0p9_lw1p0,0.03,combined,0.001,0.0005,15,0.9569270629642018,0.011049343570475822,0.056183028081840725,0.049733019753889905,0.9536960649585482,0.0017539976818384767,120,74.95525333378464,0.4614758649656559,428,False,"alpha 0.9, leak 1.0",0.9,1.0,0.025,4
five_level_weak_anharmonic,integrated_alpha0p9_lw1p0,0.03,combined,0.001,0.0005,16,0.9474796446621099,0.008285966194742533,0.053634792511939144,0.03659743347595781,0.9524187635108088,0.0017539976818384767,120,74.95525333378464,0.4614758649656559,428,False,"alpha 0.9, leak 1.0",0.9,1.0,0.025,4
five_level_weak_anharmonic,integrated_alpha0p9_lw1p0,0.03,combined,0.001,0.0005,17,0.894894862333753,0.005607369574455623,0.034533366381562014,0.11719480180095931,0.9559299465242488,0.0017539976818384767,120,74.95525333378464,0.4614758649656559,428,False,"alpha 0.9, leak 1.0",0.9,1.0,0.025,4
five_level_weak_anharmonic,integrated_alpha0p9_lw1p0,0.03,combined,0.001,0.0005,18,0.9369250021748499,0.006962517685316416,0.042570414953754354,0.08116205016059898,0.9552036245573888,0.0017539976818384767,120,74.95525333378464,0.4614758649656559,428,False,"alpha 0.9, leak 1.0",0.9,1.0,0.025,4
five_level_weak_anharmonic,integrated_alpha0p9_lw1p0,0.03,combined,0.001,0.0005,19,0.9239046231192851,0.004760223212048387,0.04260497758911774,0.050549763055430165,0.9520157436125716,0.0017539976818384767,120,74.95525333378464,0.4614758649656559,428,False,"alpha 0.9, leak 1.0",0.9,1.0,0.025,4
five_level_weak_anharmonic,integrated_alpha0p9_lw1p0,0.03,combined,0.001,0.0005,20,0.9177168235485001,0.009073390577720275,0.048137905897304156,0.046836712528883113,0.9522497864111894,0.0017539976818384767,120,74.95525333378464,0.4614758649656559,428,False,"alpha 0.9, leak 1.0",0.9,1.0,0.025,4
five_level_weak_anharmonic,integrated_alpha0p9_lw1p0,0.03,combined,0.001,0.0005,21,0.9572879862740992,0.008508614218881272,0.04327099891012032,0.025391554073933932,0.9528973775869123,0.0017539976818384767,120,74.95525333378464,0.4614758649656559,428,False,"alpha 0.9, leak 1.0",0.9,1.0,0.025,4
five_level_weak_anharmonic,integrated_alpha0p9_lw1p0,0.03,combined,0.001,0.0005,22,0.9449926590726356,0.006849101631566712,0.04413365187473284,0.03569495967424088,0.9526471769775687,0.0017539976818384767,120,74.95525333378464,0.4614758649656559,428,False,"alpha 0.9, leak 1.0",0.9,1.0,0.025,4
five_level_weak_anharmonic,integrated_alpha0p9_lw1p0,0.03,combined,0.001,0.0005,23,0.960109346988015,0.005578212979658659,0.04722119604494057,0.043339688474310877,0.954114617882652,0.0017539976818384767,120,74.95525333378464,0.4614758649656559,428,False,"alpha 0.9, leak 1.0",0.9,1.0,0.025,4
five_level_weak_anharmonic,integrated_alpha0p9_lw1p0,0.03,combined,0.001,0.0005,24,0.9045903386174535,0.0054475903072385146,0.03944697777938322,0.11422574353510068,0.9551885583044815,0.0017539976818384767,120,74.95525333378464,0.4614758649656559,428,False,"alpha 0.9, leak 1.0",0.9,1.0,0.025,4
five_level_weak_anharmonic,integrated_alpha0p9_lw1p0,0.03,combined,0.001,0.0005,25,0.8977583992679735,0.00855651819209402,0.04675475114950434,0.11356842912036749,0.9551054064431868,0.0017539976818384767,120,74.95525333378464,0.4614758649656559,428,False,"alpha 0.9, leak 1.0",0.9,1.0,0.025,4
five_level_weak_anharmonic,integrated_alpha0p9_lw1p0,0.03,combined,0.001,0.0005,26,0.9557626175219526,0.007363350951072656,0.0486017505056342,0.058549753656704645,0.9547932625685739,0.0017539976818384767,120,74.95525333378464,0.4614758649656559,428,False,"alpha 0.9, leak 1.0",0.9,1.0,0.025,4
five_level_weak_anharmonic,integrated_alpha0p9_lw1p0,0.03,combined,0.001,0.0005,27,0.8943096537644674,0.00499020897312441,0.03897814844098735,0.13092337558949324,0.956153235305863,0.0017539976818384767,120,74.95525333378464,0.4614758649656559,428,False,"alpha 0.9, leak 1.0",0.9,1.0,0.025,4
five_level_weak_anharmonic,integrated_alpha0p9_lw1p0,0.03,combined,0.001,0.0005,28,0.9467874401276278,0.00959989809903905,0.060521402580211214,0.028242259609773765,0.9529397645814385,0.0017539976818384767,120,74.95525333378464,0.4614758649656559,428,False,"alpha 0.9, leak 1.0",0.9,1.0,0.025,4
five_level_weak_anharmonic,integrated_alpha0p9_lw1p0,0.03,combined,0.001,0.0005,29,0.9662177954931996,0.0040674897627522855,0.04692592013430419,0.037259986727033095,0.9547169289622965,0.0017539976818384767,120,74.95525333378464,0.4614758649656559,428,False,"alpha 0.9, leak 1.0",0.9,1.0,0.025,4
five_level_weak_anharmonic,integrated_alpha0p9_lw1p0,0.03,combined,0.001,0.0005,30,0.8748574269173327,0.008864825110108221,0.03821931321183847,0.15468893005406117,0.9567335437855851,0.0017539976818384767,120,74.95525333378464,0.4614758649656559,428,False,"alpha 0.9, leak 1.0",0.9,1.0,0.025,4
five_level_weak_anharmonic,integrated_alpha0p9_lw1p0,0.03,combined,0.001,0.0005,31,0.8985235836238168,0.00700218263109631,0.050767037289894734,0.08132721676630927,0.9527252055726404,0.0017539976818384767,120,74.95525333378464,0.4614758649656559,428,False,"alpha 0.9, leak 1.0",0.9,1.0,0.025,4
five_level_weak_anharmonic,integrated_alpha0p9_lw1p0,0.03,combined,0.001,0.0005,32,0.9099167959017612,0.007718329706769889,0.04982240863472831,0.07719729497563124,0.9527674084126952,0.0017539976818384767,120,74.95525333378464,0.4614758649656559,428,False,"alpha 0.9, leak 1.0",0.9,1.0,0.025,4
five_level_weak_anharmonic,integrated_alpha0p9_lw1p0,0.03,combined,0.001,0.0005,33,0.8758206933137812,0.006240431925779832,0.034341311289516674,0.16235867424092376,0.9568700067902717,0.0017539976818384767,120,74.95525333378464,0.4614758649656559,428,False,"alpha 0.9, leak 1.0",0.9,1.0,0.025,4
five_level_weak_anharmonic,integrated_alpha0p9_lw1p0,0.03,combined,0.001,0.0005,34,0.9217141675860918,0.010821139321245399,0.044922253207345775,0.09439860057122329,0.9551125436358574,0.0017539976818384767,120,74.95525333378464,0.4614758649656559,428,False,"alpha 0.9, leak 1.0",0.9,1.0,0.025,4
five_level_weak_anharmonic,integrated_alpha0p9_lw1p0,0.03,combined,0.001,0.0005,35,0.9121074598482672,0.011860625215841525,0.04120840963183103,0.05899424195583375,0.9525757626950974,0.0017539976818384767,120,74.95525333378464,0.4614758649656559,428,False,"alpha 0.9, leak 1.0",0.9,1.0,0.025,4
five_level_weak_anharmonic,integrated_alpha0p9_lw1p0,0.03,combined,0.001,0.0005,36,0.9423368017929707,0.006833316165770653,0.05301352211212884,0.052254362291799854,0.9534628936988764,0.0017539976818384767,120,74.95525333378464,0.4614758649656559,428,False,"alpha 0.9, leak 1.0",0.9,1.0,0.025,4
five_level_weak_anharmonic,integrated_alpha0p9_lw1p0,0.03,combined,0.001,0.0005,37,0.758470280287742,0.006920132015834413,0.03350449784324716,0.25279621223293447,0.9588744379607934,0.0017539976818384767,120,74.95525333378464,0.4614758649656559,428,False,"alpha 0.9, leak 1.0",0.9,1.0,0.025,4
five_level_weak_anharmonic,integrated_alpha0p9_lw1p0,0.03,combined,0.001,0.0005,38,0.8279106877446856,0.004143807155241652,0.03155267012094476,0.21010940653754098,0.9573548833393299,0.0017539976818384767,120,74.95525333378464,0.4614758649656559,428,False,"alpha 0.9, leak 1.0",0.9,1.0,0.025,4
five_level_weak_anharmonic,integrated_alpha0p9_lw1p0,0.03,combined,0.001,0.0005,39,0.9319758638187599,0.006901023434724762,0.04921556688647222,0.07149181861600339,0.9536736701323942,0.0017539976818384767,120,74.95525333378464,0.4614758649656559,428,False,"alpha 0.9, leak 1.0",0.9,1.0,0.025,4
five_level_weak_anharmonic,integrated_alpha0p9_lw1p0,0.03,combined,0.001,0.0005,40,0.9693957377552931,0.006894381786173298,0.051020081806189665,0.028128153652106542,0.9536107101660696,0.0017539976818384767,120,74.95525333378464,0.4614758649656559,428,False,"alpha 0.9, leak 1.0",0.9,1.0,0.025,4
five_level_weak_anharmonic,integrated_alpha0p9_lw1p0,0.03,combined,0.001,0.0005,41,0.9344653277585113,0.008517193930764,0.044862477188276406,0.03751975687247563,0.9519253630501753,0.0017539976818384767,120,74.95525333378464,0.4614758649656559,428,False,"alpha 0.9, leak 1.0",0.9,1.0,0.025,4
five_level_weak_anharmonic,integrated_alpha0p9_lw1p0,0.03,combined,0.001,0.0005,42,0.9568111078964626,0.00754927883589851,0.046542277651458575,0.059236067429458944,0.9549543048869653,0.0017539976818384767,120,74.95525333378464,0.4614758649656559,428,False,"alpha 0.9, leak 1.0",0.9,1.0,0.025,4
five_level_weak_anharmonic,integrated_alpha0p9_lw1p0,0.03,combined,0.001,0.0005,43,0.914869852752617,0.005684455264287069,0.04634191653217501,0.09140960506621054,0.9545036529909736,0.0017539976818384767,120,74.95525333378464,0.4614758649656559,428,False,"alpha 0.9, leak 1.0",0.9,1.0,0.025,4
five_level_weak_anharmonic,integrated_alpha0p9_lw1p0,0.03,combined,0.001,0.0005,44,0.8674295395592018,0.0044086127907504435,0.03741624054460413,0.17573265460948753,0.9579194591414693,0.0017539976818384767,120,74.95525333378464,0.4614758649656559,428,False,"alpha 0.9, leak 1.0",0.9,1.0,0.025,4
five_level_weak_anharmonic,integrated_alpha0p9_lw1p0,0.03,combined,0.001,0.0005,45,0.9423122029277896,0.007949221727898137,0.04594229021637075,0.07502179016642734,0.9547381890275576,0.0017539976818384767,120,74.95525333378464,0.4614758649656559,428,False,"alpha 0.9, leak 1.0",0.9,1.0,0.025,4
five_level_weak_anharmonic,integrated_alpha0p9_lw1p0,0.03,combined,0.001,0.0005,46,0.9343961754908867,0.005741643004584129,0.0456116640214943,0.051809462214985835,0.9523785109259295,0.0017539976818384767,120,74.95525333378464,0.4614758649656559,428,False,"alpha 0.9, leak 1.0",0.9,1.0,0.025,4
five_level_weak_anharmonic,integrated_alpha0p9_lw1p0,0.03,combined,0.001,0.0005,47,0.958037641707611,0.011064532145478645,0.0486574647313619,0.027421670443672906,0.9528201453430225,0.0017539976818384767,120,74.95525333378464,0.4614758649656559,428,False,"alpha 0.9, leak 1.0",0.9,1.0,0.025,4
five_level_weak_anharmonic,integrated_alpha0p9_lw1p0,0.03,combined,0.001,0.0005,48,0.8077330464424569,0.003960800228023698,0.056928645471211015,0.17718534517974333,0.9518539074612574,0.0017539976818384767,120,74.95525333378464,0.4614758649656559,428,False,"alpha 0.9, leak 1.0",0.9,1.0,0.025,4
five_level_weak_anharmonic,integrated_alpha0p9_lw1p0,0.03,combined,0.001,0.0005,49,0.9679966429246366,0.008348998971202448,0.042729331933784254,0.030944933846941716,0.9531734064104755,0.0017539976818384767,120,74.95525333378464,0.4614758649656559,428,False,"alpha 0.9, leak 1.0",0.9,1.0,0.025,4
five_level_weak_anharmonic,integrated_alpha0p9_lw1p0,0.03,combined,0.001,0.0005,50,0.9129424148082527,0.007164058770874782,0.03918900742861586,0.10779078049404121,0.9556863826630738,0.0017539976818384767,120,74.95525333378464,0.4614758649656559,428,False,"alpha 0.9, leak 1.0",0.9,1.0,0.025,4
five_level_weak_anharmonic,integrated_alpha0p9_lw1p0,0.03,combined,0.001,0.0005,51,0.9512013806668147,0.009650849549196927,0.04379594575973611,0.04365730543972818,0.9530084763427585,0.0017539976818384767,120,74.95525333378464,0.4614758649656559,428,False,"alpha 0.9, leak 1.0",0.9,1.0,0.025,4
five_level_weak_anharmonic,integrated_alpha0p9_lw1p0,0.03,combined,0.001,0.0005,52,0.9459113404337578,0.006190906761629256,0.04262198191702504,0.033301571274398645,0.9521396865468406,0.0017539976818384767,120,74.95525333378464,0.4614758649656559,428,False,"alpha 0.9, leak 1.0",0.9,1.0,0.025,4
five_level_weak_anharmonic,integrated_alpha0p9_lw1p0,0.03,combined,0.001,0.0005,53,0.8443001096949926,0.00495214794140042,0.047048458246871094,0.1647338906817627,0.9555705112798063,0.0017539976818384767,120,74.95525333378464,0.4614758649656559,428,False,"alpha 0.9, leak 1.0",0.9,1.0,0.025,4
five_level_weak_anharmonic,integrated_alpha0p9_lw1p0,0.03,combined,0.001,0.0005,54,0.8840375184588112,0.005692975498144737,0.046784246421715414,0.12165121513140216,0.9548199927281046,0.0017539976818384767,120,74.95525333378464,0.4614758649656559,428,False,"alpha 0.9, leak 1.0",0.9,1.0,0.025,4
five_level_weak_anharmonic,integrated_alpha0p9_lw1p0,0.03,combined,0.001,0.0005,55,0.8445958224237591,0.007980180227604272,0.04060339308028327,0.18277128660599234,0.9575048940397768,0.0017539976818384767,120,74.95525333378464,0.4614758649656559,428,False,"alpha 0.9, leak 1.0",0.9,1.0,0.025,4
five_level_weak_anharmonic,integrated_alpha0p9_lw1p0,0.03,combined,0.001,0.0005,56,0.917397267226659,0.003021843746383368,0.04969956261197905,0.08360811901674897,0.9535904693891885,0.0017539976818384767,120,74.95525333378464,0.4614758649656559,428,False,"alpha 0.9, leak 1.0",0.9,1.0,0.025,4
five_level_weak_anharmonic,integrated_alpha0p9_lw1p0,0.03,combined,0.001,0.0005,57,0.8819900171462541,0.016891078352660238,0.04477501924676708,0.1191741073721979,0.9544610483401613,0.0017539976818384767,120,74.95525333378464,0.4614758649656559,428,False,"alpha 0.9, leak 1.0",0.9,1.0,0.025,4
five_level_weak_anharmonic,integrated_alpha0p9_lw1p0,0.03,combined,0.001,0.0005,58,0.957165271591079,0.006481310976693688,0.04580904579306977,0.04566026501539195,0.9539667151291662,0.0017539976818384767,120,74.95525333378464,0.4614758649656559,428,False,"alpha 0.9, leak 1.0",0.9,1.0,0.025,4
five_level_weak_anharmonic,integrated_alpha0p9_lw1p0,0.03,combined,0.001,0.0005,59,0.8885511475864907,0.0062025509035752435,0.049757470489590894,0.0959271783950986,0.9514613574383258,0.0017539976818384767,120,74.95525333378464,0.4614758649656559,428,False,"alpha 0.9, leak 1.0",0.9,1.0,0.025,4
five_level_weak_anharmonic,integrated_alpha1p0_lw1p2,0.03,static_only,0.0,0.0,10,0.9836269207830595,0.006297490675570172,0.043544898980587,0.009641592726864441,0.9999998139159322,0.001756673442012782,120,75.21505038789473,0.49368323912737055,433,False,"alpha 1.0, leak 1.2",1.0,1.2,0.025,4
five_level_weak_anharmonic,integrated_alpha1p0_lw1p2,0.03,static_only,0.0,0.0,11,0.9005109268110584,0.006920311516814159,0.05933942864657682,0.08348542632911984,0.9999997210523233,0.001756673442012782,120,75.21505038789473,0.49368323912737055,433,False,"alpha 1.0, leak 1.2",1.0,1.2,0.025,4
five_level_weak_anharmonic,integrated_alpha1p0_lw1p2,0.03,static_only,0.0,0.0,12,0.9592261591679909,0.0019233988727459517,0.05255549636114942,0.023296101532980073,0.9999998013048244,0.001756673442012782,120,75.21505038789473,0.49368323912737055,433,False,"alpha 1.0, leak 1.2",1.0,1.2,0.025,4
five_level_weak_anharmonic,integrated_alpha1p0_lw1p2,0.03,static_only,0.0,0.0,13,0.6689352011215381,0.0038662868270176176,0.03674281628158105,0.345546080602753,0.9999998486336525,0.001756673442012782,120,75.21505038789473,0.49368323912737055,433,False,"alpha 1.0, leak 1.2",1.0,1.2,0.025,4
five_level_weak_anharmonic,integrated_alpha1p0_lw1p2,0.03,static_only,0.0,0.0,14,0.8057751076496067,0.004367712653636779,0.04060487351162423,0.20875611093777507,0.9999998276109373,0.001756673442012782,120,75.21505038789473,0.49368323912737055,433,False,"alpha 1.0, leak 1.2",1.0,1.2,0.025,4
five_level_weak_anharmonic,integrated_alpha1p0_lw1p2,0.03,static_only,0.0,0.0,15,0.9732106137734051,0.01072387853741752,0.05608676315839867,0.03760239444654745,0.9999997757080699,0.001756673442012782,120,75.21505038789473,0.49368323912737055,433,False,"alpha 1.0, leak 1.2",1.0,1.2,0.025,4
five_level_weak_anharmonic,integrated_alpha1p0_lw1p2,0.03,static_only,0.0,0.0,16,0.9721832683745079,0.007281753419850268,0.053444344036964186,0.01991754333443851,0.9999997468651061,0.001756673442012782,120,75.21505038789473,0.49368323912737055,433,False,"alpha 1.0, leak 1.2",1.0,1.2,0.025,4
five_level_weak_anharmonic,integrated_alpha1p0_lw1p2,0.03,static_only,0.0,0.0,17,0.9090464003727842,0.004776027294170926,0.034319531449735874,0.10562511232738984,0.999999862861442,0.001756673442012782,120,75.21505038789473,0.49368323912737055,433,False,"alpha 1.0, leak 1.2",1.0,1.2,0.025,4
five_level_weak_anharmonic,integrated_alpha1p0_lw1p2,0.03,static_only,0.0,0.0,18,0.9535980942597282,0.005950105029046582,0.04641802110453774,0.06832023150699942,0.9999998289904463,0.001756673442012782,120,75.21505038789473,0.49368323912737055,433,False,"alpha 1.0, leak 1.2",1.0,1.2,0.025,4
five_level_weak_anharmonic,integrated_alpha1p0_lw1p2,0.03,static_only,0.0,0.0,19,0.958108480031325,0.004272168348505412,0.04367598224534275,0.025200972922497428,0.9999997989627554,0.001756673442012782,120,75.21505038789473,0.49368323912737055,433,False,"alpha 1.0, leak 1.2",1.0,1.2,0.025,4
five_level_weak_anharmonic,integrated_alpha1p0_lw1p2,0.03,static_only,0.0,0.0,20,0.9539968265943789,0.008342409681691643,0.04810809974050523,0.01760045296595856,0.9999998279392691,0.001756673442012782,120,75.21505038789473,0.49368323912737055,433,False,"alpha 1.0, leak 1.2",1.0,1.2,0.025,4
five_level_weak_anharmonic,integrated_alpha1p0_lw1p2,0.03,static_only,0.0,0.0,21,0.9865875722988546,0.007903783051179558,0.04277872919206471,0.003554864023518114,0.9999998199317859,0.001756673442012782,120,75.21505038789473,0.49368323912737055,433,False,"alpha 1.0, leak 1.2",1.0,1.2,0.025,4
five_level_weak_anharmonic,integrated_alpha1p0_lw1p2,0.03,static_only,0.0,0.0,22,0.9692149871767094,0.006258429961104484,0.04636604053193094,0.019776419753489555,0.9999997714447436,0.001756673442012782,120,75.21505038789473,0.49368323912737055,433,False,"alpha 1.0, leak 1.2",1.0,1.2,0.025,4
five_level_weak_anharmonic,integrated_alpha1p0_lw1p2,0.03,static_only,0.0,0.0,23,0.9754868808364411,0.004452595755172428,0.046568033529854835,0.03447291385541942,0.9999998192364818,0.001756673442012782,120,75.21505038789473,0.49368323912737055,433,False,"alpha 1.0, leak 1.2",1.0,1.2,0.025,4
five_level_weak_anharmonic,integrated_alpha1p0_lw1p2,0.03,static_only,0.0,0.0,24,0.9101138393996775,0.00471739130997606,0.039034473025937544,0.11263884237364781,0.999999827285331,0.001756673442012782,120,75.21505038789473,0.49368323912737055,433,False,"alpha 1.0, leak 1.2",1.0,1.2,0.025,4
five_level_weak_anharmonic,integrated_alpha1p0_lw1p2,0.03,static_only,0.0,0.0,25,0.9024359031748485,0.007289685722335126,0.048738751922301704,0.11282631704024947,0.9999998099900888,0.001756673442012782,120,75.21505038789473,0.49368323912737055,433,False,"alpha 1.0, leak 1.2",1.0,1.2,0.025,4
five_level_weak_anharmonic,integrated_alpha1p0_lw1p2,0.03,static_only,0.0,0.0,26,0.9719813933290221,0.006236852052399322,0.04848144037584645,0.0470671611017508,0.9999998096061509,0.001756673442012782,120,75.21505038789473,0.49368323912737055,433,False,"alpha 1.0, leak 1.2",1.0,1.2,0.025,4
five_level_weak_anharmonic,integrated_alpha1p0_lw1p2,0.03,static_only,0.0,0.0,27,0.9003934546978096,0.004211449981561088,0.038577603634269986,0.12792640101835356,0.9999998679242404,0.001756673442012782,120,75.21505038789473,0.49368323912737055,433,False,"alpha 1.0, leak 1.2",1.0,1.2,0.025,4
five_level_weak_anharmonic,integrated_alpha1p0_lw1p2,0.03,static_only,0.0,0.0,28,0.976417524241746,0.008088258731558162,0.06040616274039268,0.007654071330990142,0.999999758356275,0.001756673442012782,120,75.21505038789473,0.49368323912737055,433,False,"alpha 1.0, leak 1.2",1.0,1.2,0.025,4
five_level_weak_anharmonic,integrated_alpha1p0_lw1p2,0.03,static_only,0.0,0.0,29,0.9925764209464671,0.002783621677836301,0.046216591853293854,0.01794732650933772,0.9999998326104141,0.001756673442012782,120,75.21505038789473,0.49368323912737055,433,False,"alpha 1.0, leak 1.2",1.0,1.2,0.025,4
five_level_weak_anharmonic,integrated_alpha1p0_lw1p2,0.03,static_only,0.0,0.0,30,0.8837059715074613,0.007734484505351968,0.04073359283163658,0.14898686007389395,0.9999998552198032,0.001756673442012782,120,75.21505038789473,0.49368323912737055,433,False,"alpha 1.0, leak 1.2",1.0,1.2,0.025,4
five_level_weak_anharmonic,integrated_alpha1p0_lw1p2,0.03,static_only,0.0,0.0,31,0.914418925965172,0.006190182893958118,0.05075990596168278,0.07375966079309217,0.9999997265887242,0.001756673442012782,120,75.21505038789473,0.49368323912737055,433,False,"alpha 1.0, leak 1.2",1.0,1.2,0.025,4
five_level_weak_anharmonic,integrated_alpha1p0_lw1p2,0.03,static_only,0.0,0.0,32,0.9246363115126495,0.006758480429801317,0.05265241279633259,0.07005383912233831,0.9999997331658224,0.001756673442012782,120,75.21505038789473,0.49368323912737055,433,False,"alpha 1.0, leak 1.2",1.0,1.2,0.025,4
five_level_weak_anharmonic,integrated_alpha1p0_lw1p2,0.03,static_only,0.0,0.0,33,0.8876357500495898,0.0058916798091214195,0.036968767793502666,0.15307421758912076,0.9999998683308939,0.001756673442012782,120,75.21505038789473,0.49368323912737055,433,False,"alpha 1.0, leak 1.2",1.0,1.2,0.025,4
five_level_weak_anharmonic,integrated_alpha1p0_lw1p2,0.03,static_only,0.0,0.0,34,0.9307840695588396,0.009627699000178347,0.04586505567425769,0.08932887726838284,0.9999998047991602,0.001756673442012782,120,75.21505038789473,0.49368323912737055,433,False,"alpha 1.0, leak 1.2",1.0,1.2,0.025,4
five_level_weak_anharmonic,integrated_alpha1p0_lw1p2,0.03,static_only,0.0,0.0,35,0.9447772480135183,0.01123541023060104,0.041873131536522945,0.031092088076158597,0.9999997939543485,0.001756673442012782,120,75.21505038789473,0.49368323912737055,433,False,"alpha 1.0, leak 1.2",1.0,1.2,0.025,4
five_level_weak_anharmonic,integrated_alpha1p0_lw1p2,0.03,static_only,0.0,0.0,36,0.9587459135962144,0.005704511449992844,0.052391194781434614,0.04294998011246521,0.9999997879817302,0.001756673442012782,120,75.21505038789473,0.49368323912737055,433,False,"alpha 1.0, leak 1.2",1.0,1.2,0.025,4
five_level_weak_anharmonic,integrated_alpha1p0_lw1p2,0.03,static_only,0.0,0.0,37,0.7673362833298267,0.006219585744859035,0.03340109226361565,0.24512585158801564,0.9999998921998927,0.001756673442012782,120,75.21505038789473,0.49368323912737055,433,False,"alpha 1.0, leak 1.2",1.0,1.2,0.025,4
five_level_weak_anharmonic,integrated_alpha1p0_lw1p2,0.03,static_only,0.0,0.0,38,0.8285846599489088,0.003456561967685401,0.031213666269854112,0.21193317639227466,0.9999998884595018,0.001756673442012782,120,75.21505038789473,0.49368323912737055,433,False,"alpha 1.0, leak 1.2",1.0,1.2,0.025,4
five_level_weak_anharmonic,integrated_alpha1p0_lw1p2,0.03,static_only,0.0,0.0,39,0.9434608405501664,0.005957738066457052,0.052737800628767095,0.06569042088182091,0.9999997522040972,0.001756673442012782,120,75.21505038789473,0.49368323912737055,433,False,"alpha 1.0, leak 1.2",1.0,1.2,0.025,4
five_level_weak_anharmonic,integrated_alpha1p0_lw1p2,0.03,static_only,0.0,0.0,40,0.9936437350105165,0.005800484634278624,0.05109190024461474,0.010241842582194613,0.9999998029735971,0.001756673442012782,120,75.21505038789473,0.49368323912737055,433,False,"alpha 1.0, leak 1.2",1.0,1.2,0.025,4
five_level_weak_anharmonic,integrated_alpha1p0_lw1p2,0.03,static_only,0.0,0.0,41,0.9687537310192603,0.007849120175211,0.047122015335468115,0.010957623275971615,0.9999997924030142,0.001756673442012782,120,75.21505038789473,0.49368323912737055,433,False,"alpha 1.0, leak 1.2",1.0,1.2,0.025,4
five_level_weak_anharmonic,integrated_alpha1p0_lw1p2,0.03,static_only,0.0,0.0,42,0.9709460185811887,0.006667742937165211,0.04668444548254924,0.049663433008445085,0.9999998194409085,0.001756673442012782,120,75.21505038789473,0.49368323912737055,433,False,"alpha 1.0, leak 1.2",1.0,1.2,0.025,4
five_level_weak_anharmonic,integrated_alpha1p0_lw1p2,0.03,static_only,0.0,0.0,43,0.921441672702198,0.004725083931246266,0.04536867166141256,0.08950630083170155,0.9999998271092236,0.001756673442012782,120,75.21505038789473,0.49368323912737055,433,False,"alpha 1.0, leak 1.2",1.0,1.2,0.025,4
five_level_weak_anharmonic,integrated_alpha1p0_lw1p2,0.03,static_only,0.0,0.0,44,0.8696872383458513,0.003543967162116357,0.03779252610809236,0.17530546877576453,0.9999998716280681,0.001756673442012782,120,75.21505038789473,0.49368323912737055,433,False,"alpha 1.0, leak 1.2",1.0,1.2,0.025,4
five_level_weak_anharmonic,integrated_alpha1p0_lw1p2,0.03,static_only,0.0,0.0,45,0.9535923630367973,0.007050569537552898,0.046038415961549894,0.0687003762771187,0.9999998079099061,0.001756673442012782,120,75.21505038789473,0.49368323912737055,433,False,"alpha 1.0, leak 1.2",1.0,1.2,0.025,4
five_level_weak_anharmonic,integrated_alpha1p0_lw1p2,0.03,static_only,0.0,0.0,46,0.960567684415389,0.004802311960615535,0.04657906132320644,0.034139855977444615,0.9999997941409398,0.001756673442012782,120,75.21505038789473,0.49368323912737055,433,False,"alpha 1.0, leak 1.2",1.0,1.2,0.025,4
five_level_weak_anharmonic,integrated_alpha1p0_lw1p2,0.03,static_only,0.0,0.0,47,0.9860884057849186,0.010683736369757724,0.04848469802957889,0.0052079136468174084,0.9999998076392372,0.001756673442012782,120,75.21505038789473,0.49368323912737055,433,False,"alpha 1.0, leak 1.2",1.0,1.2,0.025,4
five_level_weak_anharmonic,integrated_alpha1p0_lw1p2,0.03,static_only,0.0,0.0,48,0.8266641534927948,0.002862422596150327,0.05701832048623934,0.1671764834949787,0.9999996842165488,0.001756673442012782,120,75.21505038789473,0.49368323912737055,433,False,"alpha 1.0, leak 1.2",1.0,1.2,0.025,4
five_level_weak_anharmonic,integrated_alpha1p0_lw1p2,0.03,static_only,0.0,0.0,49,0.9899969468782641,0.007544398378026784,0.043073762778785385,0.013948987868252409,0.9999997812422564,0.001756673442012782,120,75.21505038789473,0.49368323912737055,433,False,"alpha 1.0, leak 1.2",1.0,1.2,0.025,4
five_level_weak_anharmonic,integrated_alpha1p0_lw1p2,0.03,static_only,0.0,0.0,50,0.9210109115769431,0.006173408383674084,0.03899298732611245,0.10311714880068981,0.9999998311396938,0.001756673442012782,120,75.21505038789473,0.49368323912737055,433,False,"alpha 1.0, leak 1.2",1.0,1.2,0.025,4
five_level_weak_anharmonic,integrated_alpha1p0_lw1p2,0.03,static_only,0.0,0.0,51,0.9769840828753028,0.009133473191282881,0.04622513052192567,0.022270387577058456,0.9999998014721976,0.001756673442012782,120,75.21505038789473,0.49368323912737055,433,False,"alpha 1.0, leak 1.2",1.0,1.2,0.025,4
five_level_weak_anharmonic,integrated_alpha1p0_lw1p2,0.03,static_only,0.0,0.0,52,0.9772985844466483,0.005944004325527885,0.044348080025875536,0.00941849637035082,0.999999778114183,0.001756673442012782,120,75.21505038789473,0.49368323912737055,433,False,"alpha 1.0, leak 1.2",1.0,1.2,0.025,4
five_level_weak_anharmonic,integrated_alpha1p0_lw1p2,0.03,static_only,0.0,0.0,53,0.8421564243318863,0.0040942887333981215,0.05116888931625019,0.16944439772783212,0.9999997988609546,0.001756673442012782,120,75.21505038789473,0.49368323912737055,433,False,"alpha 1.0, leak 1.2",1.0,1.2,0.025,4
five_level_weak_anharmonic,integrated_alpha1p0_lw1p2,0.03,static_only,0.0,0.0,54,0.886067699478726,0.004894278212197567,0.04876743813498541,0.12371599484643159,0.9999997910320195,0.001756673442012782,120,75.21505038789473,0.49368323912737055,433,False,"alpha 1.0, leak 1.2",1.0,1.2,0.025,4
five_level_weak_anharmonic,integrated_alpha1p0_lw1p2,0.03,static_only,0.0,0.0,55,0.842796480299448,0.0069478659900206186,0.041295225833914984,0.18649981923088224,0.9999998266781801,0.001756673442012782,120,75.21505038789473,0.49368323912737055,433,False,"alpha 1.0, leak 1.2",1.0,1.2,0.025,4
five_level_weak_anharmonic,integrated_alpha1p0_lw1p2,0.03,static_only,0.0,0.0,56,0.9244900133751428,0.002602020239833691,0.05339344032524729,0.0820227602962699,0.9999997842887195,0.001756673442012782,120,75.21505038789473,0.49368323912737055,433,False,"alpha 1.0, leak 1.2",1.0,1.2,0.025,4
five_level_weak_anharmonic,integrated_alpha1p0_lw1p2,0.03,static_only,0.0,0.0,57,0.8949814304309264,0.016148078859957837,0.04127207423520862,0.10701711316648486,0.9999997948065686,0.001756673442012782,120,75.21505038789473,0.49368323912737055,433,False,"alpha 1.0, leak 1.2",1.0,1.2,0.025,4
five_level_weak_anharmonic,integrated_alpha1p0_lw1p2,0.03,static_only,0.0,0.0,58,0.9722580725073422,0.005782225992930323,0.04515336893534494,0.03651681516239777,0.999999824682656,0.001756673442012782,120,75.21505038789473,0.49368323912737055,433,False,"alpha 1.0, leak 1.2",1.0,1.2,0.025,4
five_level_weak_anharmonic,integrated_alpha1p0_lw1p2,0.03,static_only,0.0,0.0,59,0.915116655259887,0.005505243670419047,0.05114675497497656,0.07755493044282666,0.9999996831826422,0.001756673442012782,120,75.21505038789473,0.49368323912737055,433,False,"alpha 1.0, leak 1.2",1.0,1.2,0.025,4
five_level_weak_anharmonic,integrated_alpha1p0_lw1p2,0.03,deph_0.001,0.001,0.0,10,0.9764447470660527,0.0070709562238013834,0.04376661746608379,0.016328251977533598,0.9856553173587779,0.001756673442012782,120,75.21505038789473,0.49368323912737055,433,False,"alpha 1.0, leak 1.2",1.0,1.2,0.025,4
five_level_weak_anharmonic,integrated_alpha1p0_lw1p2,0.03,deph_0.001,0.001,0.0,11,0.895774267030017,0.00784592640181847,0.059506206216756286,0.0882021663219458,0.9869078517790754,0.001756673442012782,120,75.21505038789473,0.49368323912737055,433,False,"alpha 1.0, leak 1.2",1.0,1.2,0.025,4
five_level_weak_anharmonic,integrated_alpha1p0_lw1p2,0.03,deph_0.001,0.001,0.0,12,0.9539945094885212,0.002756414869933277,0.052531074715805204,0.028810397889057735,0.9877056172360742,0.001756673442012782,120,75.21505038789473,0.49368323912737055,433,False,"alpha 1.0, leak 1.2",1.0,1.2,0.025,4
five_level_weak_anharmonic,integrated_alpha1p0_lw1p2,0.03,deph_0.001,0.001,0.0,13,0.6674193867287368,0.004441348920206312,0.037016089399985797,0.34648271405296227,0.97386245951467,0.001756673442012782,120,75.21505038789473,0.49368323912737055,433,False,"alpha 1.0, leak 1.2",1.0,1.2,0.025,4
five_level_weak_anharmonic,integrated_alpha1p0_lw1p2,0.03,deph_0.001,0.001,0.0,14,0.802021821715501,0.004963170069747669,0.040634597632767,0.2116781164439578,0.9783010004675566,0.001756673442012782,120,75.21505038789473,0.49368323912737055,433,False,"alpha 1.0, leak 1.2",1.0,1.2,0.025,4
five_level_weak_anharmonic,integrated_alpha1p0_lw1p2,0.03,deph_0.001,0.001,0.0,15,0.9669526196715857,0.011623121423163796,0.05609625782568983,0.04322349761571452,0.9850540895281747,0.001756673442012782,120,75.21505038789473,0.49368323912737055,433,False,"alpha 1.0, leak 1.2",1.0,1.2,0.025,4
five_level_weak_anharmonic,integrated_alpha1p0_lw1p2,0.03,deph_0.001,0.001,0.0,16,0.9662893108882183,0.008137148418208229,0.0537343138706996,0.025692161160337252,0.9877785365964391,0.001756673442012782,120,75.21505038789473,0.49368323912737055,433,False,"alpha 1.0, leak 1.2",1.0,1.2,0.025,4
five_level_weak_anharmonic,integrated_alpha1p0_lw1p2,0.03,deph_0.001,0.001,0.0,17,0.9036565588262951,0.00545307246486626,0.034531106552096125,0.11040702302942976,0.9816139661336039,0.001756673442012782,120,75.21505038789473,0.49368323912737055,433,False,"alpha 1.0, leak 1.2",1.0,1.2,0.025,4
five_level_weak_anharmonic,integrated_alpha1p0_lw1p2,0.03,deph_0.001,0.001,0.0,18,0.9472539399425689,0.006765912049145673,0.04644947029605917,0.07374049330970124,0.9828958485972833,0.001756673442012782,120,75.21505038789473,0.49368323912737055,433,False,"alpha 1.0, leak 1.2",1.0,1.2,0.025,4
five_level_weak_anharmonic,integrated_alpha1p0_lw1p2,0.03,deph_0.001,0.001,0.0,19,0.953005012438835,0.005049398414663786,0.04373546205478074,0.030495872069980664,0.9884123539640038,0.001756673442012782,120,75.21505038789473,0.49368323912737055,433,False,"alpha 1.0, leak 1.2",1.0,1.2,0.025,4
five_level_weak_anharmonic,integrated_alpha1p0_lw1p2,0.03,deph_0.001,0.001,0.0,20,0.9484650607906774,0.009118681208361457,0.048329414697286466,0.023604640377450505,0.9867269835248973,0.001756673442012782,120,75.21505038789473,0.49368323912737055,433,False,"alpha 1.0, leak 1.2",1.0,1.2,0.025,4
five_level_weak_anharmonic,integrated_alpha1p0_lw1p2,0.03,deph_0.001,0.001,0.0,21,0.9808246914281431,0.00842380954991584,0.04283744910848153,0.009364404354197364,0.9884710683809075,0.001756673442012782,120,75.21505038789473,0.49368323912737055,433,False,"alpha 1.0, leak 1.2",1.0,1.2,0.025,4
five_level_weak_anharmonic,integrated_alpha1p0_lw1p2,0.03,deph_0.001,0.001,0.0,22,0.9632044912253386,0.007119311786083937,0.04645939951780509,0.02553388307489401,0.9880076544321947,0.001756673442012782,120,75.21505038789473,0.49368323912737055,433,False,"alpha 1.0, leak 1.2",1.0,1.2,0.025,4
five_level_weak_anharmonic,integrated_alpha1p0_lw1p2,0.03,deph_0.001,0.001,0.0,23,0.9693146340755975,0.005088888782028622,0.0466647949233987,0.03998804366212552,0.9863598565342648,0.001756673442012782,120,75.21505038789473,0.49368323912737055,433,False,"alpha 1.0, leak 1.2",1.0,1.2,0.025,4
five_level_weak_anharmonic,integrated_alpha1p0_lw1p2,0.03,deph_0.001,0.001,0.0,24,0.905053020921876,0.0054116625514746275,0.03922942462500123,0.11683580053934034,0.9823200344629633,0.001756673442012782,120,75.21505038789473,0.49368323912737055,433,False,"alpha 1.0, leak 1.2",1.0,1.2,0.025,4
five_level_weak_anharmonic,integrated_alpha1p0_lw1p2,0.03,deph_0.001,0.001,0.0,25,0.8974225610532109,0.007983949200608964,0.04872410727200194,0.11711869458760277,0.9825113963042421,0.001756673442012782,120,75.21505038789473,0.49368323912737055,433,False,"alpha 1.0, leak 1.2",1.0,1.2,0.025,4
five_level_weak_anharmonic,integrated_alpha1p0_lw1p2,0.03,deph_0.001,0.001,0.0,26,0.9653856847285364,0.007001414071340251,0.04870639987428427,0.05281872223460646,0.9840550537160924,0.001756673442012782,120,75.21505038789473,0.49368323912737055,433,False,"alpha 1.0, leak 1.2",1.0,1.2,0.025,4
five_level_weak_anharmonic,integrated_alpha1p0_lw1p2,0.03,deph_0.001,0.001,0.0,27,0.8953167509575785,0.0047639698524798435,0.03880814953712042,0.1320857408404355,0.9809263099261608,0.001756673442012782,120,75.21505038789473,0.49368323912737055,433,False,"alpha 1.0, leak 1.2",1.0,1.2,0.025,4
five_level_weak_anharmonic,integrated_alpha1p0_lw1p2,0.03,deph_0.001,0.001,0.0,28,0.9701636170484261,0.008925386611751018,0.06062681221181865,0.013920788511503157,0.9874718680746695,0.001756673442012782,120,75.21505038789473,0.49368323912737055,433,False,"alpha 1.0, leak 1.2",1.0,1.2,0.025,4
five_level_weak_anharmonic,integrated_alpha1p0_lw1p2,0.03,deph_0.001,0.001,0.0,29,0.9859222586408443,0.003313482565851844,0.04630479006415311,0.024009314878254338,0.985832673588216,0.001756673442012782,120,75.21505038789473,0.49368323912737055,433,False,"alpha 1.0, leak 1.2",1.0,1.2,0.025,4
five_level_weak_anharmonic,integrated_alpha1p0_lw1p2,0.03,deph_0.001,0.001,0.0,30,0.8786352440477615,0.00822686898423175,0.040654840272713155,0.15304624871925962,0.9795596760020774,0.001756673442012782,120,75.21505038789473,0.49368323912737055,433,False,"alpha 1.0, leak 1.2",1.0,1.2,0.025,4
five_level_weak_anharmonic,integrated_alpha1p0_lw1p2,0.03,deph_0.001,0.001,0.0,31,0.9091327188483285,0.0071246583697635035,0.051223700649977166,0.07878889977280092,0.9865204185170393,0.001756673442012782,120,75.21505038789473,0.49368323912737055,433,False,"alpha 1.0, leak 1.2",1.0,1.2,0.025,4
five_level_weak_anharmonic,integrated_alpha1p0_lw1p2,0.03,deph_0.001,0.001,0.0,32,0.9194651420583199,0.007621477869308002,0.05267166998292383,0.07493839039117534,0.9868278750481068,0.001756673442012782,120,75.21505038789473,0.49368323912737055,433,False,"alpha 1.0, leak 1.2",1.0,1.2,0.025,4
five_level_weak_anharmonic,integrated_alpha1p0_lw1p2,0.03,deph_0.001,0.001,0.0,33,0.8819775715281444,0.006555243836282254,0.03695186599018463,0.1573222486130885,0.9789246435176134,0.001756673442012782,120,75.21505038789473,0.49368323912737055,433,False,"alpha 1.0, leak 1.2",1.0,1.2,0.025,4
five_level_weak_anharmonic,integrated_alpha1p0_lw1p2,0.03,deph_0.001,0.001,0.0,34,0.9248483337548881,0.010341436313807129,0.04621382044181055,0.0944073692399997,0.9819797141791468,0.001756673442012782,120,75.21505038789473,0.49368323912737055,433,False,"alpha 1.0, leak 1.2",1.0,1.2,0.025,4
five_level_weak_anharmonic,integrated_alpha1p0_lw1p2,0.03,deph_0.001,0.001,0.0,35,0.9389500358847711,0.012008770825433834,0.04216864007242149,0.03724371310170152,0.9850901504103872,0.001756673442012782,120,75.21505038789473,0.49368323912737055,433,False,"alpha 1.0, leak 1.2",1.0,1.2,0.025,4
five_level_weak_anharmonic,integrated_alpha1p0_lw1p2,0.03,deph_0.001,0.001,0.0,36,0.9532250230713312,0.00632398660395761,0.052603009245034915,0.04816471896842861,0.9872850490311197,0.001756673442012782,120,75.21505038789473,0.49368323912737055,433,False,"alpha 1.0, leak 1.2",1.0,1.2,0.025,4
five_level_weak_anharmonic,integrated_alpha1p0_lw1p2,0.03,deph_0.001,0.001,0.0,37,0.7634364116774898,0.0067370033789792005,0.03354481381861074,0.24847680953780465,0.9767094455507643,0.001756673442012782,120,75.21505038789473,0.49368323912737055,433,False,"alpha 1.0, leak 1.2",1.0,1.2,0.025,4
five_level_weak_anharmonic,integrated_alpha1p0_lw1p2,0.03,deph_0.001,0.001,0.0,38,0.8243653031191673,0.0038627070646745088,0.031249733817392267,0.21490039669109545,0.9777271143685438,0.001756673442012782,120,75.21505038789473,0.49368323912737055,433,False,"alpha 1.0, leak 1.2",1.0,1.2,0.025,4
five_level_weak_anharmonic,integrated_alpha1p0_lw1p2,0.03,deph_0.001,0.001,0.0,39,0.9377616467368659,0.0069757349760309895,0.052798424595284166,0.07074823510375848,0.985159862035853,0.001756673442012782,120,75.21505038789473,0.49368323912737055,433,False,"alpha 1.0, leak 1.2",1.0,1.2,0.025,4
five_level_weak_anharmonic,integrated_alpha1p0_lw1p2,0.03,deph_0.001,0.001,0.0,40,0.9871092545339407,0.006611216522204866,0.051185217498348035,0.016358232370769783,0.986712536904233,0.001756673442012782,120,75.21505038789473,0.49368323912737055,433,False,"alpha 1.0, leak 1.2",1.0,1.2,0.025,4
five_level_weak_anharmonic,integrated_alpha1p0_lw1p2,0.03,deph_0.001,0.001,0.0,41,0.9631074708661482,0.0086398682401847,0.04716257541494606,0.016836670989945478,0.9878892741253549,0.001756673442012782,120,75.21505038789473,0.49368323912737055,433,False,"alpha 1.0, leak 1.2",1.0,1.2,0.025,4
five_level_weak_anharmonic,integrated_alpha1p0_lw1p2,0.03,deph_0.001,0.001,0.0,42,0.9640724266669668,0.007308942652215933,0.046896887848847935,0.05551303250753593,0.9837526879022465,0.001756673442012782,120,75.21505038789473,0.49368323912737055,433,False,"alpha 1.0, leak 1.2",1.0,1.2,0.025,4
five_level_weak_anharmonic,integrated_alpha1p0_lw1p2,0.03,deph_0.001,0.001,0.0,43,0.9165347460228372,0.005287464787337215,0.04543976457907828,0.09386045539020918,0.9848253447357376,0.001756673442012782,120,75.21505038789473,0.49368323912737055,433,False,"alpha 1.0, leak 1.2",1.0,1.2,0.025,4
five_level_weak_anharmonic,integrated_alpha1p0_lw1p2,0.03,deph_0.001,0.001,0.0,44,0.8640737101372374,0.003915012894219805,0.037927200567750896,0.1795167284637868,0.9776664909788516,0.001756673442012782,120,75.21505038789473,0.49368323912737055,433,False,"alpha 1.0, leak 1.2",1.0,1.2,0.025,4
five_level_weak_anharmonic,integrated_alpha1p0_lw1p2,0.03,deph_0.001,0.001,0.0,45,0.9471629634569284,0.007925622764552331,0.04642874803977448,0.07413964464992862,0.982758849628637,0.001756673442012782,120,75.21505038789473,0.49368323912737055,433,False,"alpha 1.0, leak 1.2",1.0,1.2,0.025,4
five_level_weak_anharmonic,integrated_alpha1p0_lw1p2,0.03,deph_0.001,0.001,0.0,46,0.9555326751764515,0.005434500669049602,0.046506536312316715,0.03914253268946817,0.9888849306981821,0.001756673442012782,120,75.21505038789473,0.49368323912737055,433,False,"alpha 1.0, leak 1.2",1.0,1.2,0.025,4
five_level_weak_anharmonic,integrated_alpha1p0_lw1p2,0.03,deph_0.001,0.001,0.0,47,0.980315485353365,0.011195608891170439,0.0485556092916839,0.011110998139910854,0.9878715018364883,0.001756673442012782,120,75.21505038789473,0.49368323912737055,433,False,"alpha 1.0, leak 1.2",1.0,1.2,0.025,4
five_level_weak_anharmonic,integrated_alpha1p0_lw1p2,0.03,deph_0.001,0.001,0.0,48,0.8235394857970927,0.003767330704332439,0.057075342006270846,0.17023136901723024,0.9853436381468588,0.001756673442012782,120,75.21505038789473,0.49368323912737055,433,False,"alpha 1.0, leak 1.2",1.0,1.2,0.025,4
five_level_weak_anharmonic,integrated_alpha1p0_lw1p2,0.03,deph_0.001,0.001,0.0,49,0.983727990584029,0.008472687137009216,0.04328244197376341,0.019861611041654185,0.9870086790770277,0.001756673442012782,120,75.21505038789473,0.49368323912737055,433,False,"alpha 1.0, leak 1.2",1.0,1.2,0.025,4
five_level_weak_anharmonic,integrated_alpha1p0_lw1p2,0.03,deph_0.001,0.001,0.0,50,0.9155427836478078,0.006953185705770637,0.039350593953136226,0.10770000974131594,0.9817884401941928,0.001756673442012782,120,75.21505038789473,0.49368323912737055,433,False,"alpha 1.0, leak 1.2",1.0,1.2,0.025,4
five_level_weak_anharmonic,integrated_alpha1p0_lw1p2,0.03,deph_0.001,0.001,0.0,51,0.9705723825689601,0.009956060249531662,0.04638048609465628,0.028394527214333807,0.9854830420001047,0.001756673442012782,120,75.21505038789473,0.49368323912737055,433,False,"alpha 1.0, leak 1.2",1.0,1.2,0.025,4
five_level_weak_anharmonic,integrated_alpha1p0_lw1p2,0.03,deph_0.001,0.001,0.0,52,0.9715441300831938,0.006866637410915422,0.044433431813090674,0.01523169425553871,0.9882375432779549,0.001756673442012782,120,75.21505038789473,0.49368323912737055,433,False,"alpha 1.0, leak 1.2",1.0,1.2,0.025,4
five_level_weak_anharmonic,integrated_alpha1p0_lw1p2,0.03,deph_0.001,0.001,0.0,53,0.8381380880052713,0.004971706732150194,0.051128427278614885,0.17267996676720515,0.9808297550453638,0.001756673442012782,120,75.21505038789473,0.49368323912737055,433,False,"alpha 1.0, leak 1.2",1.0,1.2,0.025,4
five_level_weak_anharmonic,integrated_alpha1p0_lw1p2,0.03,deph_0.001,0.001,0.0,54,0.8813498315721585,0.005662982296939512,0.04893865711302725,0.12775352508008447,0.982842880140995,0.001756673442012782,120,75.21505038789473,0.49368323912737055,433,False,"alpha 1.0, leak 1.2",1.0,1.2,0.025,4
five_level_weak_anharmonic,integrated_alpha1p0_lw1p2,0.03,deph_0.001,0.001,0.0,55,0.8377837425143443,0.007547892167631964,0.0416898998079116,0.19040047264610035,0.9772644983178235,0.001756673442012782,120,75.21505038789473,0.49368323912737055,433,False,"alpha 1.0, leak 1.2",1.0,1.2,0.025,4
five_level_weak_anharmonic,integrated_alpha1p0_lw1p2,0.03,deph_0.001,0.001,0.0,56,0.9193799982096058,0.0033864456564680623,0.053253232142119966,0.08649419183132594,0.9858207317472597,0.001756673442012782,120,75.21505038789473,0.49368323912737055,433,False,"alpha 1.0, leak 1.2",1.0,1.2,0.025,4
five_level_weak_anharmonic,integrated_alpha1p0_lw1p2,0.03,deph_0.001,0.001,0.0,57,0.8896373711988015,0.016972599148519008,0.04146580915499842,0.11200790832553385,0.9808161254949876,0.001756673442012782,120,75.21505038789473,0.49368323912737055,433,False,"alpha 1.0, leak 1.2",1.0,1.2,0.025,4
five_level_weak_anharmonic,integrated_alpha1p0_lw1p2,0.03,deph_0.001,0.001,0.0,58,0.9666913778843128,0.006210313858384553,0.04522031099511625,0.04166446416108288,0.9871020670020717,0.001756673442012782,120,75.21505038789473,0.49368323912737055,433,False,"alpha 1.0, leak 1.2",1.0,1.2,0.025,4
five_level_weak_anharmonic,integrated_alpha1p0_lw1p2,0.03,deph_0.001,0.001,0.0,59,0.9105106513752361,0.006493290386118011,0.051349132624028626,0.08211651999285156,0.9870738602314795,0.001756673442012782,120,75.21505038789473,0.49368323912737055,433,False,"alpha 1.0, leak 1.2",1.0,1.2,0.025,4
five_level_weak_anharmonic,integrated_alpha1p0_lw1p2,0.03,relax_0.0005,0.0,0.0005,10,0.9673297593504013,0.006215613978380663,0.04336852966631621,0.024095013033935214,0.9678329051775891,0.001756673442012782,120,75.21505038789473,0.49368323912737055,433,False,"alpha 1.0, leak 1.2",1.0,1.2,0.025,4
five_level_weak_anharmonic,integrated_alpha1p0_lw1p2,0.03,relax_0.0005,0.0,0.0005,11,0.8867882810879402,0.006835849776330671,0.058973354290675184,0.09515658196156519,0.9646568494207667,0.001756673442012782,120,75.21505038789473,0.49368323912737055,433,False,"alpha 1.0, leak 1.2",1.0,1.2,0.025,4
five_level_weak_anharmonic,integrated_alpha1p0_lw1p2,0.03,relax_0.0005,0.0,0.0005,12,0.9405550724773907,0.0019515094683544287,0.05216232363188378,0.03887922186385144,0.963774357161055,0.001756673442012782,120,75.21505038789473,0.49368323912737055,433,False,"alpha 1.0, leak 1.2",1.0,1.2,0.025,4
five_level_weak_anharmonic,integrated_alpha1p0_lw1p2,0.03,relax_0.0005,0.0,0.0005,13,0.659863079170181,0.0038211266451066983,0.03660450152354777,0.35365738705357297,0.9852713996313455,0.001756673442012782,120,75.21505038789473,0.49368323912737055,433,False,"alpha 1.0, leak 1.2",1.0,1.2,0.025,4
five_level_weak_anharmonic,integrated_alpha1p0_lw1p2,0.03,relax_0.0005,0.0,0.0005,14,0.7950030880074297,0.004339882712989684,0.04033074762686484,0.21834607645848741,0.9777470181811461,0.001756673442012782,120,75.21505038789473,0.49368323912737055,433,False,"alpha 1.0, leak 1.2",1.0,1.2,0.025,4
five_level_weak_anharmonic,integrated_alpha1p0_lw1p2,0.03,relax_0.0005,0.0,0.0005,15,0.9565328587678565,0.010574615937353649,0.05568233973153214,0.05158396163182173,0.9679790344852985,0.001756673442012782,120,75.21505038789473,0.49368323912737055,433,False,"alpha 1.0, leak 1.2",1.0,1.2,0.025,4
five_level_weak_anharmonic,integrated_alpha1p0_lw1p2,0.03,relax_0.0005,0.0,0.0005,16,0.9558833760590184,0.007169216965012382,0.05321229432792007,0.033717025473466146,0.9639238708457974,0.001756673442012782,120,75.21505038789473,0.49368323912737055,433,False,"alpha 1.0, leak 1.2",1.0,1.2,0.025,4
five_level_weak_anharmonic,integrated_alpha1p0_lw1p2,0.03,relax_0.0005,0.0,0.0005,17,0.8920282023819281,0.004711051370406505,0.034197820749665375,0.11983741222250895,0.973800201273696,0.001756673442012782,120,75.21505038789473,0.49368323912737055,433,False,"alpha 1.0, leak 1.2",1.0,1.2,0.025,4
five_level_weak_anharmonic,integrated_alpha1p0_lw1p2,0.03,relax_0.0005,0.0,0.0005,18,0.936782151899576,0.005905367563801223,0.04606686745182742,0.08242205598863507,0.9717570386042272,0.001756673442012782,120,75.21505038789473,0.49368323912737055,433,False,"alpha 1.0, leak 1.2",1.0,1.2,0.025,4
five_level_weak_anharmonic,integrated_alpha1p0_lw1p2,0.03,relax_0.0005,0.0,0.0005,19,0.9398508574595821,0.004243476136754354,0.04340176069076884,0.04048749548960096,0.9628697914471085,0.001756673442012782,120,75.21505038789473,0.49368323912737055,433,False,"alpha 1.0, leak 1.2",1.0,1.2,0.025,4
five_level_weak_anharmonic,integrated_alpha1p0_lw1p2,0.03,relax_0.0005,0.0,0.0005,20,0.9356166968973952,0.00818634972524801,0.047887114021298305,0.0334040835838363,0.9648565403588476,0.001756673442012782,120,75.21505038789473,0.49368323912737055,433,False,"alpha 1.0, leak 1.2",1.0,1.2,0.025,4
five_level_weak_anharmonic,integrated_alpha1p0_lw1p2,0.03,relax_0.0005,0.0,0.0005,21,0.9686577208700404,0.007713224372314587,0.04256441270122058,0.01876032364374732,0.9638292597408087,0.001756673442012782,120,75.21505038789473,0.49368323912737055,433,False,"alpha 1.0, leak 1.2",1.0,1.2,0.025,4
five_level_weak_anharmonic,integrated_alpha1p0_lw1p2,0.03,relax_0.0005,0.0,0.0005,22,0.9530594124440243,0.006215309625385523,0.0460917987949645,0.03364176463619466,0.9639100462957441,0.001756673442012782,120,75.21505038789473,0.49368323912737055,433,False,"alpha 1.0, leak 1.2",1.0,1.2,0.025,4
five_level_weak_anharmonic,integrated_alpha1p0_lw1p2,0.03,relax_0.0005,0.0,0.0005,23,0.9599101972159121,0.004395412717055347,0.046332673498484356,0.047700769933787655,0.967113156843971,0.001756673442012782,120,75.21505038789473,0.49368323912737055,433,False,"alpha 1.0, leak 1.2",1.0,1.2,0.025,4
five_level_weak_anharmonic,integrated_alpha1p0_lw1p2,0.03,relax_0.0005,0.0,0.0005,24,0.8955642594889679,0.0046648576271624,0.038893455132787524,0.12484608961015171,0.9722158272130655,0.001756673442012782,120,75.21505038789473,0.49368323912737055,433,False,"alpha 1.0, leak 1.2",1.0,1.2,0.025,4
five_level_weak_anharmonic,integrated_alpha1p0_lw1p2,0.03,relax_0.0005,0.0,0.0005,25,0.8884023867508338,0.007198163571814242,0.04839935983956645,0.12479308382065596,0.9719732029982678,0.001756673442012782,120,75.21505038789473,0.49368323912737055,433,False,"alpha 1.0, leak 1.2",1.0,1.2,0.025,4
five_level_weak_anharmonic,integrated_alpha1p0_lw1p2,0.03,relax_0.0005,0.0,0.0005,26,0.9557562635849921,0.006150239326563334,0.04818967112717898,0.060796098609097876,0.9701506628043077,0.001756673442012782,120,75.21505038789473,0.49368323912737055,433,False,"alpha 1.0, leak 1.2",1.0,1.2,0.025,4
five_level_weak_anharmonic,integrated_alpha1p0_lw1p2,0.03,relax_0.0005,0.0,0.0005,27,0.8851564718961631,0.0041370873178481204,0.038419314091251655,0.14061484604781782,0.9746509535306808,0.001756673442012782,120,75.21505038789473,0.49368323912737055,433,False,"alpha 1.0, leak 1.2",1.0,1.2,0.025,4
five_level_weak_anharmonic,integrated_alpha1p0_lw1p2,0.03,relax_0.0005,0.0,0.0005,28,0.960207187139024,0.007923543547629142,0.06011002560411449,0.021652663920145372,0.964841149092652,0.001756673442012782,120,75.21505038789473,0.49368323912737055,433,False,"alpha 1.0, leak 1.2",1.0,1.2,0.025,4
five_level_weak_anharmonic,integrated_alpha1p0_lw1p2,0.03,relax_0.0005,0.0,0.0005,29,0.9753821956486469,0.0027380002926546965,0.04595956220821662,0.03250527432458126,0.9682468500233244,0.001756673442012782,120,75.21505038789473,0.49368323912737055,433,False,"alpha 1.0, leak 1.2",1.0,1.2,0.025,4
five_level_weak_anharmonic,integrated_alpha1p0_lw1p2,0.03,relax_0.0005,0.0,0.0005,30,0.8686854109715779,0.007602852882292677,0.04043156225910138,0.16167218894739818,0.97658880220035,0.001756673442012782,120,75.21505038789473,0.49368323912737055,433,False,"alpha 1.0, leak 1.2",1.0,1.2,0.025,4
five_level_weak_anharmonic,integrated_alpha1p0_lw1p2,0.03,relax_0.0005,0.0,0.0005,31,0.9010079598807826,0.006114489357547215,0.05060818961391622,0.08527977740604178,0.9653904859809672,0.001756673442012782,120,75.21505038789473,0.49368323912737055,433,False,"alpha 1.0, leak 1.2",1.0,1.2,0.025,4
five_level_weak_anharmonic,integrated_alpha1p0_lw1p2,0.03,relax_0.0005,0.0,0.0005,32,0.9104312230699337,0.006690630796087338,0.052319626912966766,0.08211775242744582,0.9651447969746131,0.001756673442012782,120,75.21505038789473,0.49368323912737055,433,False,"alpha 1.0, leak 1.2",1.0,1.2,0.025,4
five_level_weak_anharmonic,integrated_alpha1p0_lw1p2,0.03,relax_0.0005,0.0,0.0005,33,0.8723142041760984,0.0058254729388445,0.036684554388901836,0.165907645208232,0.9773237133435111,0.001756673442012782,120,75.21505038789473,0.49368323912737055,433,False,"alpha 1.0, leak 1.2",1.0,1.2,0.025,4
five_level_weak_anharmonic,integrated_alpha1p0_lw1p2,0.03,relax_0.0005,0.0,0.0005,34,0.9161294711308283,0.00941728487894089,0.04561486089211564,0.10188920209756283,0.9724586717166862,0.001756673442012782,120,75.21505038789473,0.49368323912737055,433,False,"alpha 1.0, leak 1.2",1.0,1.2,0.025,4
five_level_weak_anharmonic,integrated_alpha1p0_lw1p2,0.03,relax_0.0005,0.0,0.0005,35,0.9265023708337944,0.010988468562640463,0.041650003494754784,0.046840452687794194,0.9668894121420473,0.001756673442012782,120,75.21505038789473,0.49368323912737055,433,False,"alpha 1.0, leak 1.2",1.0,1.2,0.025,4
five_level_weak_anharmonic,integrated_alpha1p0_lw1p2,0.03,relax_0.0005,0.0,0.0005,36,0.9436307660849033,0.005580853915943429,0.0521442715335132,0.055657840932677116,0.9655290226912449,0.001756673442012782,120,75.21505038789473,0.49368323912737055,433,False,"alpha 1.0, leak 1.2",1.0,1.2,0.025,4
five_level_weak_anharmonic,integrated_alpha1p0_lw1p2,0.03,relax_0.0005,0.0,0.0005,37,0.7523494228013842,0.0060774797518157175,0.03325501652688856,0.2577427984240546,0.9816510527611724,0.001756673442012782,120,75.21505038789473,0.49368323912737055,433,False,"alpha 1.0, leak 1.2",1.0,1.2,0.025,4
five_level_weak_anharmonic,integrated_alpha1p0_lw1p2,0.03,relax_0.0005,0.0,0.0005,38,0.8155209456110576,0.003429223368165646,0.031052765643492686,0.22293832360660937,0.9790078434346531,0.001756673442012782,120,75.21505038789473,0.49368323912737055,433,False,"alpha 1.0, leak 1.2",1.0,1.2,0.025,4
five_level_weak_anharmonic,integrated_alpha1p0_lw1p2,0.03,relax_0.0005,0.0,0.0005,39,0.9287644376499632,0.00595352800281701,0.05237262149415378,0.07806295751691295,0.9677984720730376,0.001756673442012782,120,75.21505038789473,0.49368323912737055,433,False,"alpha 1.0, leak 1.2",1.0,1.2,0.025,4
five_level_weak_anharmonic,integrated_alpha1p0_lw1p2,0.03,relax_0.0005,0.0,0.0005,40,0.9762675652467779,0.005743650799546529,0.05075297221249553,0.024913474122948923,0.9662959546833478,0.001756673442012782,120,75.21505038789473,0.49368323912737055,433,False,"alpha 1.0, leak 1.2",1.0,1.2,0.025,4
five_level_weak_anharmonic,integrated_alpha1p0_lw1p2,0.03,relax_0.0005,0.0,0.0005,41,0.9503556189319369,0.0077264572580566515,0.04681301689936446,0.026619678875079437,0.9633677149994092,0.001756673442012782,120,75.21505038789473,0.49368323912737055,433,False,"alpha 1.0, leak 1.2",1.0,1.2,0.025,4
five_level_weak_anharmonic,integrated_alpha1p0_lw1p2,0.03,relax_0.0005,0.0,0.0005,42,0.9558201446735766,0.006573007536831432,0.04645638593691048,0.06275069711509261,0.9705398037977098,0.001756673442012782,120,75.21505038789473,0.49368323912737055,433,False,"alpha 1.0, leak 1.2",1.0,1.2,0.025,4
five_level_weak_anharmonic,integrated_alpha1p0_lw1p2,0.03,relax_0.0005,0.0,0.0005,43,0.9071873463619233,0.004643926692808109,0.0451433725329804,0.10148903860245095,0.9690500484465356,0.001756673442012782,120,75.21505038789473,0.49368323912737055,433,False,"alpha 1.0, leak 1.2",1.0,1.2,0.025,4
five_level_weak_anharmonic,integrated_alpha1p0_lw1p2,0.03,relax_0.0005,0.0,0.0005,44,0.8572964353265201,0.00347490921530047,0.03760198249492963,0.18610794873027817,0.9794867402193308,0.001756673442012782,120,75.21505038789473,0.49368323912737055,433,False,"alpha 1.0, leak 1.2",1.0,1.2,0.025,4
five_level_weak_anharmonic,integrated_alpha1p0_lw1p2,0.03,relax_0.0005,0.0,0.0005,45,0.938592231965508,0.006939566658644147,0.045879924646533676,0.08147867006139328,0.9712574068203632,0.001756673442012782,120,75.21505038789473,0.49368323912737055,433,False,"alpha 1.0, leak 1.2",1.0,1.2,0.025,4
five_level_weak_anharmonic,integrated_alpha1p0_lw1p2,0.03,relax_0.0005,0.0,0.0005,46,0.9435130801628846,0.004736290133691812,0.04623047402308411,0.0482647740934045,0.9628089815921538,0.001756673442012782,120,75.21505038789473,0.49368323912737055,433,False,"alpha 1.0, leak 1.2",1.0,1.2,0.025,4
five_level_weak_anharmonic,integrated_alpha1p0_lw1p2,0.03,relax_0.0005,0.0,0.0005,47,0.9679916246110296,0.010383817363506909,0.04822955723970246,0.0205057054810976,0.9643913856743698,0.001756673442012782,120,75.21505038789473,0.49368323912737055,433,False,"alpha 1.0, leak 1.2",1.0,1.2,0.025,4
five_level_weak_anharmonic,integrated_alpha1p0_lw1p2,0.03,relax_0.0005,0.0,0.0005,48,0.8134169683143884,0.0028563721364502914,0.05665039670435901,0.17788957649675724,0.9656268858012913,0.001756673442012782,120,75.21505038789473,0.49368323912737055,433,False,"alpha 1.0, leak 1.2",1.0,1.2,0.025,4
five_level_weak_anharmonic,integrated_alpha1p0_lw1p2,0.03,relax_0.0005,0.0,0.0005,49,0.9722772530228264,0.007449659429632272,0.04286367886015352,0.02876096147452456,0.9655880400264311,0.001756673442012782,120,75.21505038789473,0.49368323912737055,433,False,"alpha 1.0, leak 1.2",1.0,1.2,0.025,4
five_level_weak_anharmonic,integrated_alpha1p0_lw1p2,0.03,relax_0.0005,0.0,0.0005,50,0.9055319773105245,0.0060707494500562564,0.03887608103071438,0.11605758133180943,0.9733503527584692,0.001756673442012782,120,75.21505038789473,0.49368323912737055,433,False,"alpha 1.0, leak 1.2",1.0,1.2,0.025,4
five_level_weak_anharmonic,integrated_alpha1p0_lw1p2,0.03,relax_0.0005,0.0,0.0005,51,0.9588120067655937,0.008995996843553344,0.04595091857127298,0.037671532960207525,0.9668901055405862,0.001756673442012782,120,75.21505038789473,0.49368323912737055,433,False,"alpha 1.0, leak 1.2",1.0,1.2,0.025,4
five_level_weak_anharmonic,integrated_alpha1p0_lw1p2,0.03,relax_0.0005,0.0,0.0005,52,0.9591765702904701,0.005922022015531159,0.04405687657691226,0.024648228642827497,0.9632081328816972,0.001756673442012782,120,75.21505038789473,0.49368323912737055,433,False,"alpha 1.0, leak 1.2",1.0,1.2,0.025,4
five_level_weak_anharmonic,integrated_alpha1p0_lw1p2,0.03,relax_0.0005,0.0,0.0005,53,0.8295986254913799,0.004121280824189277,0.05074952307381286,0.1801190391130828,0.9741569375324941,0.001756673442012782,120,75.21505038789473,0.49368323912737055,433,False,"alpha 1.0, leak 1.2",1.0,1.2,0.025,4
five_level_weak_anharmonic,integrated_alpha1p0_lw1p2,0.03,relax_0.0005,0.0,0.0005,54,0.8731937649075645,0.004829826165184459,0.048452167842863325,0.13466646242055896,0.9713052429267132,0.001756673442012782,120,75.21505038789473,0.49368323912737055,433,False,"alpha 1.0, leak 1.2",1.0,1.2,0.025,4
five_level_weak_anharmonic,integrated_alpha1p0_lw1p2,0.03,relax_0.0005,0.0,0.0005,55,0.8311433857376775,0.006804035688727117,0.04114613615578788,0.19683719431329505,0.9795633989687269,0.001756673442012782,120,75.21505038789473,0.49368323912737055,433,False,"alpha 1.0, leak 1.2",1.0,1.2,0.025,4
five_level_weak_anharmonic,integrated_alpha1p0_lw1p2,0.03,relax_0.0005,0.0,0.0005,56,0.9105696080553121,0.002630182741407139,0.05291519997076832,0.09367853790867402,0.9670647712619915,0.001756673442012782,120,75.21505038789473,0.49368323912737055,433,False,"alpha 1.0, leak 1.2",1.0,1.2,0.025,4
five_level_weak_anharmonic,integrated_alpha1p0_lw1p2,0.03,relax_0.0005,0.0,0.0005,57,0.8780110480537702,0.015771597518903224,0.04102048781885148,0.12141274563096058,0.9731596430355252,0.001756673442012782,120,75.21505038789473,0.49368323912737055,433,False,"alpha 1.0, leak 1.2",1.0,1.2,0.025,4
five_level_weak_anharmonic,integrated_alpha1p0_lw1p2,0.03,relax_0.0005,0.0,0.0005,58,0.956336266790245,0.005626213505797173,0.044917163201909416,0.04984862262898881,0.9662479236724777,0.001756673442012782,120,75.21505038789473,0.49368323912737055,433,False,"alpha 1.0, leak 1.2",1.0,1.2,0.025,4
five_level_weak_anharmonic,integrated_alpha1p0_lw1p2,0.03,relax_0.0005,0.0,0.0005,59,0.8992444810643737,0.005450507231925639,0.05083281063242284,0.09060840962919543,0.9635714067790302,0.001756673442012782,120,75.21505038789473,0.49368323912737055,433,False,"alpha 1.0, leak 1.2",1.0,1.2,0.025,4
five_level_weak_anharmonic,integrated_alpha1p0_lw1p2,0.03,combined,0.001,0.0005,10,0.9602770579950524,0.006956943799637516,0.043587872393819005,0.030674814278342736,0.9540865098704123,0.001756673442012782,120,75.21505038789473,0.49368323912737055,433,False,"alpha 1.0, leak 1.2",1.0,1.2,0.025,4
five_level_weak_anharmonic,integrated_alpha1p0_lw1p2,0.03,combined,0.001,0.0005,11,0.8821374317822284,0.007723925038982338,0.05913822937849478,0.09980480267253379,0.9523520177310763,0.001756673442012782,120,75.21505038789473,0.49368323912737055,433,False,"alpha 1.0, leak 1.2",1.0,1.2,0.025,4
five_level_weak_anharmonic,integrated_alpha1p0_lw1p2,0.03,combined,0.001,0.0005,12,0.9354580304047683,0.002750988348888095,0.052138473552629794,0.04428746814738446,0.9521313103104001,0.001756673442012782,120,75.21505038789473,0.49368323912737055,433,False,"alpha 1.0, leak 1.2",1.0,1.2,0.025,4
five_level_weak_anharmonic,integrated_alpha1p0_lw1p2,0.03,combined,0.001,0.0005,13,0.6583472799092505,0.004373043479152017,0.036875003447215615,0.35459305369223343,0.9596922339795727,0.001756673442012782,120,75.21505038789473,0.49368323912737055,433,False,"alpha 1.0, leak 1.2",1.0,1.2,0.025,4
five_level_weak_anharmonic,integrated_alpha1p0_lw1p2,0.03,combined,0.001,0.0005,14,0.7912828982726734,0.004910454886614013,0.04036052342628227,0.2212416767746469,0.9566567029385997,0.001756673442012782,120,75.21505038789473,0.49368323912737055,433,False,"alpha 1.0, leak 1.2",1.0,1.2,0.025,4
five_level_weak_anharmonic,integrated_alpha1p0_lw1p2,0.03,combined,0.001,0.0005,15,0.9503995118332379,0.0114361374199351,0.05569196174459368,0.0571091929166802,0.9536674053500496,0.001756673442012782,120,75.21505038789473,0.49368323912737055,433,False,"alpha 1.0, leak 1.2",1.0,1.2,0.025,4
five_level_weak_anharmonic,integrated_alpha1p0_lw1p2,0.03,combined,0.001,0.0005,16,0.9501055824108321,0.007990842846040902,0.053498920598977984,0.039398091795268285,0.952412461904202,0.001756673442012782,120,75.21505038789473,0.49368323912737055,433,False,"alpha 1.0, leak 1.2",1.0,1.2,0.025,4
five_level_weak_anharmonic,integrated_alpha1p0_lw1p2,0.03,combined,0.001,0.0005,17,0.8867542001564414,0.005360120825001147,0.03440707716698199,0.1245311671562083,0.9559466656640608,0.001756673442012782,120,75.21505038789473,0.49368323912737055,433,False,"alpha 1.0, leak 1.2",1.0,1.2,0.025,4
five_level_weak_anharmonic,integrated_alpha1p0_lw1p2,0.03,combined,0.001,0.0005,18,0.9305623749675127,0.00668721222257862,0.04609877688110098,0.08774921401492686,0.9552107377779842,0.001756673442012782,120,75.21505038789473,0.49368323912737055,433,False,"alpha 1.0, leak 1.2",1.0,1.2,0.025,4
five_level_weak_anharmonic,integrated_alpha1p0_lw1p2,0.03,combined,0.001,0.0005,19,0.9348726778987341,0.004988512460109562,0.04346041134017331,0.04568506061687559,0.9519461081387112,0.001756673442012782,120,75.21505038789473,0.49368323912737055,433,False,"alpha 1.0, leak 1.2",1.0,1.2,0.025,4
five_level_weak_anharmonic,integrated_alpha1p0_lw1p2,0.03,combined,0.001,0.0005,20,0.9302213977077459,0.00893212868754334,0.048106137854234676,0.03929250426072068,0.9522293446159442,0.001756673442012782,120,75.21505038789473,0.49368323912737055,433,False,"alpha 1.0, leak 1.2",1.0,1.2,0.025,4
five_level_weak_anharmonic,integrated_alpha1p0_lw1p2,0.03,combined,0.001,0.0005,21,0.9630136609340169,0.008211457969970914,0.04262228515437738,0.024471744569039385,0.9529118801263299,0.001756673442012782,120,75.21505038789473,0.49368323912737055,433,False,"alpha 1.0, leak 1.2",1.0,1.2,0.025,4
five_level_weak_anharmonic,integrated_alpha1p0_lw1p2,0.03,combined,0.001,0.0005,22,0.9471639987312634,0.007040643242179123,0.04618390002479533,0.03930846091798126,0.9526043310675665,0.001756673442012782,120,75.21505038789473,0.49368323912737055,433,False,"alpha 1.0, leak 1.2",1.0,1.2,0.025,4
five_level_weak_anharmonic,integrated_alpha1p0_lw1p2,0.03,combined,0.001,0.0005,23,0.9538394163205668,0.0050050536179027105,0.046428215756998736,0.05313680779202632,0.9540991122391729,0.001756673442012782,120,75.21505038789473,0.49368323912737055,433,False,"alpha 1.0, leak 1.2",1.0,1.2,0.025,4
five_level_weak_anharmonic,integrated_alpha1p0_lw1p2,0.03,combined,0.001,0.0005,24,0.8905852458376646,0.005331069549604495,0.03908637148602012,0.1289816857873622,0.9551427789903677,0.001756673442012782,120,75.21505038789473,0.49368323912737055,433,False,"alpha 1.0, leak 1.2",1.0,1.2,0.025,4
five_level_weak_anharmonic,integrated_alpha1p0_lw1p2,0.03,combined,0.001,0.0005,25,0.883466423860205,0.00786386190763566,0.04838530364664395,0.12902388268147327,0.9551026060594908,0.001756673442012782,120,75.21505038789473,0.49368323912737055,433,False,"alpha 1.0, leak 1.2",1.0,1.2,0.025,4
five_level_weak_anharmonic,integrated_alpha1p0_lw1p2,0.03,combined,0.001,0.0005,26,0.9492791098989309,0.006883768878515606,0.04841224517882048,0.06645524812886458,0.9547930024498676,0.001756673442012782,120,75.21505038789473,0.49368323912737055,433,False,"alpha 1.0, leak 1.2",1.0,1.2,0.025,4
five_level_weak_anharmonic,integrated_alpha1p0_lw1p2,0.03,combined,0.001,0.0005,27,0.8801664537263072,0.004667263585866888,0.038647363362278586,0.1447095388781811,0.9561351863903144,0.001756673442012782,120,75.21505038789473,0.49368323912737055,433,False,"alpha 1.0, leak 1.2",1.0,1.2,0.025,4
five_level_weak_anharmonic,integrated_alpha1p0_lw1p2,0.03,combined,0.001,0.0005,28,0.9540761014348493,0.008727736239807604,0.06032864429001261,0.027816865739102373,0.9529883384879029,0.001756673442012782,120,75.21505038789473,0.49368323912737055,433,False,"alpha 1.0, leak 1.2",1.0,1.2,0.025,4
five_level_weak_anharmonic,integrated_alpha1p0_lw1p2,0.03,combined,0.001,0.0005,29,0.9688504087634701,0.0032468624190937767,0.04604686755573384,0.03847087384532693,0.9546462867308089,0.001756673442012782,120,75.21505038789473,0.49368323912737055,433,False,"alpha 1.0, leak 1.2",1.0,1.2,0.025,4
five_level_weak_anharmonic,integrated_alpha1p0_lw1p2,0.03,combined,0.001,0.0005,30,0.8636990521083447,0.008073936942912585,0.040353924337428015,0.16566586053654753,0.956689881132037,0.001756673442012782,120,75.21505038789473,0.49368323912737055,433,False,"alpha 1.0, leak 1.2",1.0,1.2,0.025,4
five_level_weak_anharmonic,integrated_alpha1p0_lw1p2,0.03,combined,0.001,0.0005,31,0.8958085849008914,0.00701118546749846,0.05106688122234426,0.09024089390635077,0.9526834943273585,0.001756673442012782,120,75.21505038789473,0.49368323912737055,433,False,"alpha 1.0, leak 1.2",1.0,1.2,0.025,4
five_level_weak_anharmonic,integrated_alpha1p0_lw1p2,0.03,combined,0.001,0.0005,32,0.9053477380921858,0.00751850235536089,0.05233853863014781,0.08693264827585351,0.9527233366495256,0.001756673442012782,120,75.21505038789473,0.49368323912737055,433,False,"alpha 1.0, leak 1.2",1.0,1.2,0.025,4
five_level_weak_anharmonic,integrated_alpha1p0_lw1p2,0.03,combined,0.001,0.0005,33,0.8667548570001005,0.006461430709757909,0.036668492409484665,0.17008688940820985,0.9567879530965147,0.001756673442012782,120,75.21505038789473,0.49368323912737055,433,False,"alpha 1.0, leak 1.2",1.0,1.2,0.025,4
five_level_weak_anharmonic,integrated_alpha1p0_lw1p2,0.03,combined,0.001,0.0005,34,0.9102885637945162,0.01010233872493993,0.04595994169509243,0.10689053793972683,0.9550461061487339,0.001756673442012782,120,75.21505038789473,0.49368323912737055,433,False,"alpha 1.0, leak 1.2",1.0,1.2,0.025,4
five_level_weak_anharmonic,integrated_alpha1p0_lw1p2,0.03,combined,0.001,0.0005,35,0.9208173020914442,0.011730095291015874,0.041942218515007346,0.05287184813347801,0.9526158103997824,0.001756673442012782,120,75.21505038789473,0.49368323912737055,433,False,"alpha 1.0, leak 1.2",1.0,1.2,0.025,4
five_level_weak_anharmonic,integrated_alpha1p0_lw1p2,0.03,combined,0.001,0.0005,36,0.9382015172891827,0.006175307712388833,0.052353577402926676,0.06079894153631486,0.9534946150256014,0.001756673442012782,120,75.21505038789473,0.49368323912737055,433,False,"alpha 1.0, leak 1.2",1.0,1.2,0.025,4
five_level_weak_anharmonic,integrated_alpha1p0_lw1p2,0.03,combined,0.001,0.0005,37,0.7485394369633399,0.006575210235762796,0.033397612745874605,0.2610245629451498,0.9588897371538981,0.001756673442012782,120,75.21505038789473,0.49368323912737055,433,False,"alpha 1.0, leak 1.2",1.0,1.2,0.025,4
five_level_weak_anharmonic,integrated_alpha1p0_lw1p2,0.03,combined,0.001,0.0005,38,0.8113546855336019,0.0038183008789069994,0.03108833324035265,0.22587018142095336,0.9573074548986397,0.001756673442012782,120,75.21505038789473,0.49368323912737055,433,False,"alpha 1.0, leak 1.2",1.0,1.2,0.025,4
five_level_weak_anharmonic,integrated_alpha1p0_lw1p2,0.03,combined,0.001,0.0005,39,0.9231637220624604,0.006931052383538305,0.052433129610706675,0.08304500156560866,0.9536421355299473,0.001756673442012782,120,75.21505038789473,0.49368323912737055,433,False,"alpha 1.0, leak 1.2",1.0,1.2,0.025,4
five_level_weak_anharmonic,integrated_alpha1p0_lw1p2,0.03,combined,0.001,0.0005,40,0.9698630110318901,0.006522005571277689,0.050845610388040585,0.03092700922918388,0.9536221653987178,0.001756673442012782,120,75.21505038789473,0.49368323912737055,433,False,"alpha 1.0, leak 1.2",1.0,1.2,0.025,4
five_level_weak_anharmonic,integrated_alpha1p0_lw1p2,0.03,combined,0.001,0.0005,41,0.9448432221151822,0.008484705791385272,0.04685301703931821,0.032389583674976935,0.9519129238889097,0.001756673442012782,120,75.21505038789473,0.49368323912737055,433,False,"alpha 1.0, leak 1.2",1.0,1.2,0.025,4
five_level_weak_anharmonic,integrated_alpha1p0_lw1p2,0.03,combined,0.001,0.0005,42,0.9490529058493908,0.007188195353238225,0.04666667619991127,0.06851627692313843,0.9548944389261085,0.001756673442012782,120,75.21505038789473,0.49368323912737055,433,False,"alpha 1.0, leak 1.2",1.0,1.2,0.025,4
five_level_weak_anharmonic,integrated_alpha1p0_lw1p2,0.03,combined,0.001,0.0005,43,0.9023540599590033,0.005182530060854451,0.04521354135223776,0.1057855615594845,0.954516815559461,0.001756673442012782,120,75.21505038789473,0.49368323912737055,433,False,"alpha 1.0, leak 1.2",1.0,1.2,0.025,4
five_level_weak_anharmonic,integrated_alpha1p0_lw1p2,0.03,combined,0.001,0.0005,44,0.8517449286657873,0.0038303825028697114,0.037735502354916184,0.19027236582116064,0.9577168857404094,0.001756673442012782,120,75.21505038789473,0.49368323912737055,433,False,"alpha 1.0, leak 1.2",1.0,1.2,0.025,4
five_level_weak_anharmonic,integrated_alpha1p0_lw1p2,0.03,combined,0.001,0.0005,45,0.9322680579932839,0.007780649535474193,0.04626642556949212,0.08683660932737537,0.9546390839751094,0.001756673442012782,120,75.21505038789473,0.49368323912737055,433,False,"alpha 1.0, leak 1.2",1.0,1.2,0.025,4
five_level_weak_anharmonic,integrated_alpha1p0_lw1p2,0.03,combined,0.001,0.0005,46,0.938583717531359,0.005342223481736075,0.04615890150516755,0.05318580432925001,0.9523770134961101,0.001756673442012782,120,75.21505038789473,0.49368323912737055,433,False,"alpha 1.0, leak 1.2",1.0,1.2,0.025,4
five_level_weak_anharmonic,integrated_alpha1p0_lw1p2,0.03,combined,0.001,0.0005,47,0.9623408453867973,0.010874949614307017,0.048299778633072554,0.026306434782105398,0.95288015065453,0.001756673442012782,120,75.21505038789473,0.49368323912737055,433,False,"alpha 1.0, leak 1.2",1.0,1.2,0.025,4
five_level_weak_anharmonic,integrated_alpha1p0_lw1p2,0.03,combined,0.001,0.0005,48,0.8103625323637914,0.0037244677133658755,0.05670656373693461,0.18089710010887633,0.9518192665262626,0.001756673442012782,120,75.21505038789473,0.49368323912737055,433,False,"alpha 1.0, leak 1.2",1.0,1.2,0.025,4
five_level_weak_anharmonic,integrated_alpha1p0_lw1p2,0.03,combined,0.001,0.0005,49,0.9661421283083009,0.008340175376674863,0.043070145119710856,0.03456987294946263,0.953219116028784,0.001756673442012782,120,75.21505038789473,0.49368323912737055,433,False,"alpha 1.0, leak 1.2",1.0,1.2,0.025,4
five_level_weak_anharmonic,integrated_alpha1p0_lw1p2,0.03,combined,0.001,0.0005,50,0.900162779655931,0.006819284298839268,0.03922975594485134,0.12056596535874535,0.9556979594212456,0.001756673442012782,120,75.21505038789473,0.49368323912737055,433,False,"alpha 1.0, leak 1.2",1.0,1.2,0.025,4
five_level_weak_anharmonic,integrated_alpha1p0_lw1p2,0.03,combined,0.001,0.0005,51,0.9525401883823943,0.009785870087189896,0.046104439336235536,0.043683449588381336,0.9529968942206594,0.001756673442012782,120,75.21505038789473,0.49368323912737055,433,False,"alpha 1.0, leak 1.2",1.0,1.2,0.025,4
five_level_weak_anharmonic,integrated_alpha1p0_lw1p2,0.03,combined,0.001,0.0005,52,0.9535550005733783,0.006809018540386624,0.04414200919405509,0.0303571232037031,0.9521083203243024,0.001756673442012782,120,75.21505038789473,0.49368323912737055,433,False,"alpha 1.0, leak 1.2",1.0,1.2,0.025,4
five_level_weak_anharmonic,integrated_alpha1p0_lw1p2,0.03,combined,0.001,0.0005,53,0.8256399075856007,0.004963657196636273,0.05071070136665046,0.18331265778212397,0.9556152382658294,0.001756673442012782,120,75.21505038789473,0.49368323912737055,433,False,"alpha 1.0, leak 1.2",1.0,1.2,0.025,4
five_level_weak_anharmonic,integrated_alpha1p0_lw1p2,0.03,combined,0.001,0.0005,54,0.8685418906554842,0.005567289093822758,0.048621982137539654,0.13865342302048092,0.9548064678639937,0.001756673442012782,120,75.21505038789473,0.49368323912737055,433,False,"alpha 1.0, leak 1.2",1.0,1.2,0.025,4
five_level_weak_anharmonic,integrated_alpha1p0_lw1p2,0.03,combined,0.001,0.0005,55,0.8261859938082947,0.007379961667917212,0.04153685060005352,0.20069293108054276,0.9573977463388528,0.001756673442012782,120,75.21505038789473,0.49368323912737055,433,False,"alpha 1.0, leak 1.2",1.0,1.2,0.025,4
five_level_weak_anharmonic,integrated_alpha1p0_lw1p2,0.03,combined,0.001,0.0005,56,0.9055404137240916,0.003381416975511975,0.05277730313555362,0.09809158544904484,0.9535898630373659,0.001756673442012782,120,75.21505038789473,0.49368323912737055,433,False,"alpha 1.0, leak 1.2",1.0,1.2,0.025,4
five_level_weak_anharmonic,integrated_alpha1p0_lw1p2,0.03,combined,0.001,0.0005,57,0.872792567826382,0.01656371748305574,0.041212805367114136,0.12630283736127862,0.9545672257839835,0.001756673442012782,120,75.21505038789473,0.49368323912737055,433,False,"alpha 1.0, leak 1.2",1.0,1.2,0.025,4
five_level_weak_anharmonic,integrated_alpha1p0_lw1p2,0.03,combined,0.001,0.0005,58,0.9508611296975823,0.0060363523089183024,0.044983199353681114,0.05492350268342891,0.9539737779350965,0.001756673442012782,120,75.21505038789473,0.49368323912737055,433,False,"alpha 1.0, leak 1.2",1.0,1.2,0.025,4
five_level_weak_anharmonic,integrated_alpha1p0_lw1p2,0.03,combined,0.001,0.0005,59,0.8947452467624889,0.0063982887406575095,0.05103300561973689,0.09509122027489644,0.9514280221942831,0.001756673442012782,120,75.21505038789473,0.49368323912737055,433,False,"alpha 1.0, leak 1.2",1.0,1.2,0.025,4
five_level_weak_anharmonic,integrated_alpha1p0_lw1p5,0.03,static_only,0.0,0.0,10,0.9721398436173626,0.007708412288833899,0.040337832437384646,0.01958885737806164,0.9999998244250157,0.0017492680637228631,120,75.07248753192835,0.5097914119645489,424,False,"alpha 1.0, leak 1.5",1.0,1.5,0.025,4
five_level_weak_anharmonic,integrated_alpha1p0_lw1p5,0.03,static_only,0.0,0.0,11,0.9052835367666564,0.008995181094983096,0.05649398542910644,0.06577390513209881,0.9999997379032958,0.0017492680637228631,120,75.07248753192835,0.5097914119645489,424,False,"alpha 1.0, leak 1.5",1.0,1.5,0.025,4
five_level_weak_anharmonic,integrated_alpha1p0_lw1p5,0.03,static_only,0.0,0.0,12,0.9371394154511201,0.003278842121988812,0.04902302372512368,0.032575320516718964,0.999999811545463,0.0017492680637228631,120,75.07248753192835,0.5097914119645489,424,False,"alpha 1.0, leak 1.5",1.0,1.5,0.025,4
five_level_weak_anharmonic,integrated_alpha1p0_lw1p5,0.03,static_only,0.0,0.0,13,0.6805592334975894,0.004021872596565501,0.0338660026390355,0.33680240686800195,0.9999998605262057,0.0017492680637228631,120,75.07248753192835,0.5097914119645489,424,False,"alpha 1.0, leak 1.5",1.0,1.5,0.025,4
five_level_weak_anharmonic,integrated_alpha1p0_lw1p5,0.03,static_only,0.0,0.0,14,0.8260423877807747,0.006133757674654405,0.03713750982323527,0.19050903019459778,0.9999998397599555,0.0017492680637228631,120,75.07248753192835,0.5097914119645489,424,False,"alpha 1.0, leak 1.5",1.0,1.5,0.025,4
five_level_weak_anharmonic,integrated_alpha1p0_lw1p5,0.03,static_only,0.0,0.0,15,0.9812793177373729,0.009603783048210301,0.05038515417240119,0.031001533149093877,0.9999997921337005,0.0017492680637228631,120,75.07248753192835,0.5097914119645489,424,False,"alpha 1.0, leak 1.5",1.0,1.5,0.025,4
five_level_weak_anharmonic,integrated_alpha1p0_lw1p5,0.03,static_only,0.0,0.0,16,0.9700320819951231,0.008622873022368194,0.05005946954325746,0.013019122429618796,0.999999763778957,0.0017492680637228631,120,75.07248753192835,0.5097914119645489,424,False,"alpha 1.0, leak 1.5",1.0,1.5,0.025,4
five_level_weak_anharmonic,integrated_alpha1p0_lw1p5,0.03,static_only,0.0,0.0,17,0.9147614101756253,0.006203550806970548,0.03203565267257924,0.10530371056586145,0.9999998699548159,0.0017492680637228631,120,75.07248753192835,0.5097914119645489,424,False,"alpha 1.0, leak 1.5",1.0,1.5,0.025,4
five_level_weak_anharmonic,integrated_alpha1p0_lw1p5,0.03,static_only,0.0,0.0,18,0.9573624077634748,0.006930530721477424,0.03956792851081792,0.06828093845935394,0.9999998409029799,0.0017492680637228631,120,75.07248753192835,0.5097914119645489,424,False,"alpha 1.0, leak 1.5",1.0,1.5,0.025,4
five_level_weak_anharmonic,integrated_alpha1p0_lw1p5,0.03,static_only,0.0,0.0,19,0.9415654891262758,0.005078550053620012,0.03992414931610222,0.02863816367815868,0.9999998119786254,0.0017492680637228631,120,75.07248753192835,0.5097914119645489,424,False,"alpha 1.0, leak 1.5",1.0,1.5,0.025,4
five_level_weak_anharmonic,integrated_alpha1p0_lw1p5,0.03,static_only,0.0,0.0,20,0.93467438326393,0.009352226706977218,0.045108413948539594,0.029154269967390355,0.9999998344295861,0.0017492680637228631,120,75.07248753192835,0.5097914119645489,424,False,"alpha 1.0, leak 1.5",1.0,1.5,0.025,4
five_level_weak_anharmonic,integrated_alpha1p0_lw1p5,0.03,static_only,0.0,0.0,21,0.9772950941585522,0.0097783068213394,0.04064779220131287,0.005143549491658028,0.9999998300138581,0.0017492680637228631,120,75.07248753192835,0.5097914119645489,424,False,"alpha 1.0, leak 1.5",1.0,1.5,0.025,4
five_level_weak_anharmonic,integrated_alpha1p0_lw1p5,0.03,static_only,0.0,0.0,22,0.9677447205103211,0.007317990211882952,0.041247034090936774,0.012140692854904272,0.9999997871023425,0.0017492680637228631,120,75.07248753192835,0.5097914119645489,424,False,"alpha 1.0, leak 1.5",1.0,1.5,0.025,4
five_level_weak_anharmonic,integrated_alpha1p0_lw1p5,0.03,static_only,0.0,0.0,23,0.9831547165564205,0.006476901364946497,0.04422889192025781,0.023222444802032442,0.9999998306971678,0.0017492680637228631,120,75.07248753192835,0.5097914119645489,424,False,"alpha 1.0, leak 1.5",1.0,1.5,0.025,4
five_level_weak_anharmonic,integrated_alpha1p0_lw1p5,0.03,static_only,0.0,0.0,24,0.9238838683184282,0.006075985797415195,0.03693508358846964,0.1002101601588895,0.9999998353597557,0.0017492680637228631,120,75.07248753192835,0.5097914119645489,424,False,"alpha 1.0, leak 1.5",1.0,1.5,0.025,4
five_level_weak_anharmonic,integrated_alpha1p0_lw1p5,0.03,static_only,0.0,0.0,25,0.9166303543638139,0.009840972746265164,0.04411951984543583,0.09895194413253394,0.9999998209450791,0.0017492680637228631,120,75.07248753192835,0.5097914119645489,424,False,"alpha 1.0, leak 1.5",1.0,1.5,0.025,4
five_level_weak_anharmonic,integrated_alpha1p0_lw1p5,0.03,static_only,0.0,0.0,26,0.9776590977423285,0.007087774028664895,0.04540999735716489,0.04317980152024825,0.9999998210397686,0.0017492680637228631,120,75.07248753192835,0.5097914119645489,424,False,"alpha 1.0, leak 1.5",1.0,1.5,0.025,4
five_level_weak_anharmonic,integrated_alpha1p0_lw1p5,0.03,static_only,0.0,0.0,27,0.9126272059402976,0.005242217461761345,0.03622235815459984,0.12000437970498026,0.9999998735999359,0.0017492680637228631,120,75.07248753192835,0.5097914119645489,424,False,"alpha 1.0, leak 1.5",1.0,1.5,0.025,4
five_level_weak_anharmonic,integrated_alpha1p0_lw1p5,0.03,static_only,0.0,0.0,28,0.9667679960085052,0.010905138070869125,0.057027174883325094,0.006908707259499884,0.9999997683596622,0.0017492680637228631,120,75.07248753192835,0.5097914119645489,424,False,"alpha 1.0, leak 1.5",1.0,1.5,0.025,4
five_level_weak_anharmonic,integrated_alpha1p0_lw1p5,0.03,static_only,0.0,0.0,29,0.9864468533260753,0.00504727432774521,0.044003725445751485,0.021615856791576307,0.9999998393880996,0.0017492680637228631,120,75.07248753192835,0.5097914119645489,424,False,"alpha 1.0, leak 1.5",1.0,1.5,0.025,4
five_level_weak_anharmonic,integrated_alpha1p0_lw1p5,0.03,static_only,0.0,0.0,30,0.8878083105830064,0.010308846559529572,0.035960364918093846,0.148706313813211,0.9999998644505942,0.0017492680637228631,120,75.07248753192835,0.5097914119645489,424,False,"alpha 1.0, leak 1.5",1.0,1.5,0.025,4
five_level_weak_anharmonic,integrated_alpha1p0_lw1p5,0.03,static_only,0.0,0.0,31,0.9226416455333866,0.0070727011055539135,0.04706907860913856,0.055265821594351935,0.9999997424497056,0.0017492680637228631,120,75.07248753192835,0.5097914119645489,424,False,"alpha 1.0, leak 1.5",1.0,1.5,0.025,4
five_level_weak_anharmonic,integrated_alpha1p0_lw1p5,0.03,static_only,0.0,0.0,32,0.9337313316600898,0.008897836146415483,0.046839309779482585,0.05184207561980598,0.9999997508541414,0.0017492680637228631,120,75.07248753192835,0.5097914119645489,424,False,"alpha 1.0, leak 1.5",1.0,1.5,0.025,4
five_level_weak_anharmonic,integrated_alpha1p0_lw1p5,0.03,static_only,0.0,0.0,33,0.8896116316570719,0.005407635048234605,0.029878867890762995,0.15834411629293782,0.9999998770422686,0.0017492680637228631,120,75.07248753192835,0.5097914119645489,424,False,"alpha 1.0, leak 1.5",1.0,1.5,0.025,4
five_level_weak_anharmonic,integrated_alpha1p0_lw1p5,0.03,static_only,0.0,0.0,34,0.9423626620031811,0.00957584050343463,0.041554053499153976,0.0809663185307557,0.9999998169886664,0.0017492680637228631,120,75.07248753192835,0.5097914119645489,424,False,"alpha 1.0, leak 1.5",1.0,1.5,0.025,4
five_level_weak_anharmonic,integrated_alpha1p0_lw1p5,0.03,static_only,0.0,0.0,35,0.9311629175910735,0.011432313713614861,0.03807649066665486,0.04275897431717622,0.9999998071393215,0.0017492680637228631,120,75.07248753192835,0.5097914119645489,424,False,"alpha 1.0, leak 1.5",1.0,1.5,0.025,4
five_level_weak_anharmonic,integrated_alpha1p0_lw1p5,0.03,static_only,0.0,0.0,36,0.9656526240855938,0.007981845451101921,0.049622475489196516,0.029283468457242067,0.9999997981918989,0.0017492680637228631,120,75.07248753192835,0.5097914119645489,424,False,"alpha 1.0, leak 1.5",1.0,1.5,0.025,4
five_level_weak_anharmonic,integrated_alpha1p0_lw1p5,0.03,static_only,0.0,0.0,37,0.773323015642411,0.00775534975906611,0.031378758847618426,0.24739573532752793,0.9999998962228726,0.0017492680637228631,120,75.07248753192835,0.5097914119645489,424,False,"alpha 1.0, leak 1.5",1.0,1.5,0.025,4
five_level_weak_anharmonic,integrated_alpha1p0_lw1p5,0.03,static_only,0.0,0.0,38,0.8371800349422188,0.004661491594987632,0.02941341465787639,0.20783310900867666,0.9999998954062091,0.0017492680637228631,120,75.07248753192835,0.5097914119645489,424,False,"alpha 1.0, leak 1.5",1.0,1.5,0.025,4
five_level_weak_anharmonic,integrated_alpha1p0_lw1p5,0.03,static_only,0.0,0.0,39,0.9549921606137358,0.007082831556634139,0.04505012503028305,0.05064377947202028,0.9999997689360404,0.0017492680637228631,120,75.07248753192835,0.5097914119645489,424,False,"alpha 1.0, leak 1.5",1.0,1.5,0.025,4
five_level_weak_anharmonic,integrated_alpha1p0_lw1p5,0.03,static_only,0.0,0.0,40,0.9912209279850578,0.007612041557254479,0.04820231341085024,0.009330947565993815,0.9999998124021016,0.0017492680637228631,120,75.07248753192835,0.5097914119645489,424,False,"alpha 1.0, leak 1.5",1.0,1.5,0.025,4
five_level_weak_anharmonic,integrated_alpha1p0_lw1p5,0.03,static_only,0.0,0.0,41,0.9522071986278361,0.00949084336616235,0.042142883618888294,0.017547039962154138,0.9999998064434673,0.0017492680637228631,120,75.07248753192835,0.5097914119645489,424,False,"alpha 1.0, leak 1.5",1.0,1.5,0.025,4
five_level_weak_anharmonic,integrated_alpha1p0_lw1p5,0.03,static_only,0.0,0.0,42,0.9782494672001381,0.007497490685503094,0.043400422991767273,0.04460086308620559,0.9999998303445107,0.0017492680637228631,120,75.07248753192835,0.5097914119645489,424,False,"alpha 1.0, leak 1.5",1.0,1.5,0.025,4
five_level_weak_anharmonic,integrated_alpha1p0_lw1p5,0.03,static_only,0.0,0.0,43,0.9371275040788846,0.006776174579268046,0.043542973185063616,0.07244407249892068,0.9999998356302177,0.0017492680637228631,120,75.07248753192835,0.5097914119645489,424,False,"alpha 1.0, leak 1.5",1.0,1.5,0.025,4
five_level_weak_anharmonic,integrated_alpha1p0_lw1p5,0.03,static_only,0.0,0.0,44,0.8760214085098623,0.00513949740421471,0.034794869355367464,0.1742489395711838,0.999999878709889,0.0017492680637228631,120,75.07248753192835,0.5097914119645489,424,False,"alpha 1.0, leak 1.5",1.0,1.5,0.025,4
five_level_weak_anharmonic,integrated_alpha1p0_lw1p5,0.03,static_only,0.0,0.0,45,0.9636127426462568,0.007390194303485087,0.04274281717907458,0.0597747320075288,0.9999998158743432,0.0017492680637228631,120,75.07248753192835,0.5097914119645489,424,False,"alpha 1.0, leak 1.5",1.0,1.5,0.025,4
five_level_weak_anharmonic,integrated_alpha1p0_lw1p5,0.03,static_only,0.0,0.0,46,0.9561359420425963,0.006894594597276482,0.04301229749284563,0.027064816875422573,0.9999998059011291,0.0017492680637228631,120,75.07248753192835,0.5097914119645489,424,False,"alpha 1.0, leak 1.5",1.0,1.5,0.025,4
five_level_weak_anharmonic,integrated_alpha1p0_lw1p5,0.03,static_only,0.0,0.0,47,0.9778650841572222,0.012474543172345864,0.045908973044526014,0.008173190923517568,0.999999815933375,0.0017492680637228631,120,75.07248753192835,0.5097914119645489,424,False,"alpha 1.0, leak 1.5",1.0,1.5,0.025,4
five_level_weak_anharmonic,integrated_alpha1p0_lw1p5,0.03,static_only,0.0,0.0,48,0.8312815466084909,0.004710363708225529,0.05375386080802036,0.14825133966088186,0.9999997064680931,0.0017492680637228631,120,75.07248753192835,0.5097914119645489,424,False,"alpha 1.0, leak 1.5",1.0,1.5,0.025,4
five_level_weak_anharmonic,integrated_alpha1p0_lw1p5,0.03,static_only,0.0,0.0,49,0.990512370422084,0.009050691558669777,0.03980572640083746,0.01119075164930636,0.9999997933451993,0.0017492680637228631,120,75.07248753192835,0.5097914119645489,424,False,"alpha 1.0, leak 1.5",1.0,1.5,0.025,4
five_level_weak_anharmonic,integrated_alpha1p0_lw1p5,0.03,static_only,0.0,0.0,50,0.932737703151405,0.007191908455731588,0.03615082295125771,0.0945851965021901,0.9999998396522174,0.0017492680637228631,120,75.07248753192835,0.5097914119645489,424,False,"alpha 1.0, leak 1.5",1.0,1.5,0.025,4
five_level_weak_anharmonic,integrated_alpha1p0_lw1p5,0.03,static_only,0.0,0.0,51,0.9730097199353858,0.00954432301828978,0.040932616638090114,0.027006248552028732,0.9999998143063468,0.0017492680637228631,120,75.07248753192835,0.5097914119645489,424,False,"alpha 1.0, leak 1.5",1.0,1.5,0.025,4
five_level_weak_anharmonic,integrated_alpha1p0_lw1p5,0.03,static_only,0.0,0.0,52,0.9656922368582008,0.0062329839936131615,0.03998745645977597,0.011823973580965675,0.9999997870513898,0.0017492680637228631,120,75.07248753192835,0.5097914119645489,424,False,"alpha 1.0, leak 1.5",1.0,1.5,0.025,4
five_level_weak_anharmonic,integrated_alpha1p0_lw1p5,0.03,static_only,0.0,0.0,53,0.8624390652929159,0.004540842125983491,0.04270192122903782,0.15179987870688863,0.9999998125892144,0.0017492680637228631,120,75.07248753192835,0.5097914119645489,424,False,"alpha 1.0, leak 1.5",1.0,1.5,0.025,4
five_level_weak_anharmonic,integrated_alpha1p0_lw1p5,0.03,static_only,0.0,0.0,54,0.9061026254763516,0.004760650402831468,0.04357481632809679,0.10398583537490652,0.9999998039050966,0.0017492680637228631,120,75.07248753192835,0.5097914119645489,424,False,"alpha 1.0, leak 1.5",1.0,1.5,0.025,4
five_level_weak_anharmonic,integrated_alpha1p0_lw1p5,0.03,static_only,0.0,0.0,55,0.8543790626529395,0.008122298240510362,0.037432054431389084,0.1789533154260533,0.9999998385728782,0.0017492680637228631,120,75.07248753192835,0.5097914119645489,424,False,"alpha 1.0, leak 1.5",1.0,1.5,0.025,4
five_level_weak_anharmonic,integrated_alpha1p0_lw1p5,0.03,static_only,0.0,0.0,56,0.9433920167209858,0.0020016375464765312,0.044720372309855594,0.06043257660345107,0.9999998024136079,0.0017492680637228631,120,75.07248753192835,0.5097914119645489,424,False,"alpha 1.0, leak 1.5",1.0,1.5,0.025,4
five_level_weak_anharmonic,integrated_alpha1p0_lw1p5,0.03,static_only,0.0,0.0,57,0.9041015490005179,0.01623780628199334,0.040126785554965405,0.10577553882457826,0.9999998088150142,0.0017492680637228631,120,75.07248753192835,0.5097914119645489,424,False,"alpha 1.0, leak 1.5",1.0,1.5,0.025,4
five_level_weak_anharmonic,integrated_alpha1p0_lw1p5,0.03,static_only,0.0,0.0,58,0.980288191018287,0.0077504752558364975,0.04297255582791004,0.02499570082885199,0.9999998320259568,0.0017492680637228631,120,75.07248753192835,0.5097914119645489,424,False,"alpha 1.0, leak 1.5",1.0,1.5,0.025,4
five_level_weak_anharmonic,integrated_alpha1p0_lw1p5,0.03,static_only,0.0,0.0,59,0.910532801175196,0.00601753133170202,0.04632502064524835,0.06974596058373805,0.9999997064100972,0.0017492680637228631,120,75.07248753192835,0.5097914119645489,424,False,"alpha 1.0, leak 1.5",1.0,1.5,0.025,4
five_level_weak_anharmonic,integrated_alpha1p0_lw1p5,0.03,deph_0.001,0.001,0.0,10,0.9646302021148803,0.008415483823538739,0.04052534503753846,0.0265646271322997,0.9843552141810259,0.0017492680637228631,120,75.07248753192835,0.5097914119645489,424,False,"alpha 1.0, leak 1.5",1.0,1.5,0.025,4
five_level_weak_anharmonic,integrated_alpha1p0_lw1p5,0.03,deph_0.001,0.001,0.0,11,0.9001549746334278,0.009845410623011586,0.0566406804592402,0.07104206057955756,0.9871867122245879,0.0017492680637228631,120,75.07248753192835,0.5097914119645489,424,False,"alpha 1.0, leak 1.5",1.0,1.5,0.025,4
five_level_weak_anharmonic,integrated_alpha1p0_lw1p5,0.03,deph_0.001,0.001,0.0,12,0.9320465498016017,0.004044175898592628,0.048980921908771125,0.03820370009442296,0.9868747633661074,0.0017492680637228631,120,75.07248753192835,0.5097914119645489,424,False,"alpha 1.0, leak 1.5",1.0,1.5,0.025,4
five_level_weak_anharmonic,integrated_alpha1p0_lw1p5,0.03,deph_0.001,0.001,0.0,13,0.6785923550915531,0.004587458459051286,0.03409289616779665,0.33809543768578776,0.9737870820428683,0.0017492680637228631,120,75.07248753192835,0.5097914119645489,424,False,"alpha 1.0, leak 1.5",1.0,1.5,0.025,4
five_level_weak_anharmonic,integrated_alpha1p0_lw1p5,0.03,deph_0.001,0.001,0.0,14,0.8216205520449498,0.006606204739685428,0.03720793414418844,0.19401266528811667,0.9781596813200703,0.0017492680637228631,120,75.07248753192835,0.5097914119645489,424,False,"alpha 1.0, leak 1.5",1.0,1.5,0.025,4
five_level_weak_anharmonic,integrated_alpha1p0_lw1p5,0.03,deph_0.001,0.001,0.0,15,0.9743982991698499,0.010530355415409254,0.05036461342067167,0.037034729077984496,0.9847572304099985,0.0017492680637228631,120,75.07248753192835,0.5097914119645489,424,False,"alpha 1.0, leak 1.5",1.0,1.5,0.025,4
five_level_weak_anharmonic,integrated_alpha1p0_lw1p5,0.03,deph_0.001,0.001,0.0,16,0.9638076319289407,0.009426213470078104,0.050319670013772466,0.019196191900349532,0.9875826999797725,0.0017492680637228631,120,75.07248753192835,0.5097914119645489,424,False,"alpha 1.0, leak 1.5",1.0,1.5,0.025,4
five_level_weak_anharmonic,integrated_alpha1p0_lw1p5,0.03,deph_0.001,0.001,0.0,17,0.9089043762556189,0.0068135932054148585,0.03221044986193,0.11036743015719253,0.981060778187103,0.0017492680637228631,120,75.07248753192835,0.5097914119645489,424,False,"alpha 1.0, leak 1.5",1.0,1.5,0.025,4
five_level_weak_anharmonic,integrated_alpha1p0_lw1p5,0.03,deph_0.001,0.001,0.0,18,0.9504888015970081,0.007698949974233038,0.039656616385742804,0.07405105810993043,0.9821855667806692,0.0017492680637228631,120,75.07248753192835,0.5097914119645489,424,False,"alpha 1.0, leak 1.5",1.0,1.5,0.025,4
five_level_weak_anharmonic,integrated_alpha1p0_lw1p5,0.03,deph_0.001,0.001,0.0,19,0.936517602336466,0.005778872820920711,0.04000190864940578,0.034119192636937766,0.9879319147885842,0.0017492680637228631,120,75.07248753192835,0.5097914119645489,424,False,"alpha 1.0, leak 1.5",1.0,1.5,0.025,4
five_level_weak_anharmonic,integrated_alpha1p0_lw1p5,0.03,deph_0.001,0.001,0.0,20,0.9291276279768403,0.010078683780413988,0.04532241767198264,0.0352865456000473,0.9857110180748638,0.0017492680637228631,120,75.07248753192835,0.5097914119645489,424,False,"alpha 1.0, leak 1.5",1.0,1.5,0.025,4
five_level_weak_anharmonic,integrated_alpha1p0_lw1p5,0.03,deph_0.001,0.001,0.0,21,0.9713621126512197,0.010186267771932545,0.040689735062890864,0.011234818222639848,0.9877298016430103,0.0017492680637228631,120,75.07248753192835,0.5097914119645489,424,False,"alpha 1.0, leak 1.5",1.0,1.5,0.025,4
five_level_weak_anharmonic,integrated_alpha1p0_lw1p5,0.03,deph_0.001,0.001,0.0,22,0.961386376593619,0.00809855213758115,0.04138330093393361,0.018334451150926377,0.9877192498596798,0.0017492680637228631,120,75.07248753192835,0.5097914119645489,424,False,"alpha 1.0, leak 1.5",1.0,1.5,0.025,4
five_level_weak_anharmonic,integrated_alpha1p0_lw1p5,0.03,deph_0.001,0.001,0.0,23,0.9764239404255279,0.00701867723213323,0.04430600641575011,0.029265928297150436,0.9859902300549671,0.0017492680637228631,120,75.07248753192835,0.5097914119645489,424,False,"alpha 1.0, leak 1.5",1.0,1.5,0.025,4
five_level_weak_anharmonic,integrated_alpha1p0_lw1p5,0.03,deph_0.001,0.001,0.0,24,0.9182345929287118,0.006683172466731668,0.037089970295357766,0.10487961187523645,0.982158102953421,0.0017492680637228631,120,75.07248753192835,0.5097914119645489,424,False,"alpha 1.0, leak 1.5",1.0,1.5,0.025,4
five_level_weak_anharmonic,integrated_alpha1p0_lw1p5,0.03,deph_0.001,0.001,0.0,25,0.9110009774931005,0.010392739017643038,0.04413603344462902,0.10378099590528507,0.9822732288686855,0.0017492680637228631,120,75.07248753192835,0.5097914119645489,424,False,"alpha 1.0, leak 1.5",1.0,1.5,0.025,4
five_level_weak_anharmonic,integrated_alpha1p0_lw1p5,0.03,deph_0.001,0.001,0.0,26,0.9704804943309427,0.007826138184186204,0.045595916144705595,0.049350392311265506,0.9834421237477232,0.0017492680637228631,120,75.07248753192835,0.5097914119645489,424,False,"alpha 1.0, leak 1.5",1.0,1.5,0.025,4
five_level_weak_anharmonic,integrated_alpha1p0_lw1p5,0.03,deph_0.001,0.001,0.0,27,0.9069484680165506,0.00575675388684882,0.03643031577423694,0.12457782026327865,0.98057602926907,0.0017492680637228631,120,75.07248753192835,0.5097914119645489,424,False,"alpha 1.0, leak 1.5",1.0,1.5,0.025,4
five_level_weak_anharmonic,integrated_alpha1p0_lw1p5,0.03,deph_0.001,0.001,0.0,28,0.9602721129739639,0.011679011429685415,0.05726456336632979,0.01355710052652265,0.9867531144559913,0.0017492680637228631,120,75.07248753192835,0.5097914119645489,424,False,"alpha 1.0, leak 1.5",1.0,1.5,0.025,4
five_level_weak_anharmonic,integrated_alpha1p0_lw1p5,0.03,deph_0.001,0.001,0.0,29,0.9794158076855124,0.005500138685101352,0.04410383478069624,0.028036459331434945,0.9847485730634418,0.0017492680637228631,120,75.07248753192835,0.5097914119645489,424,False,"alpha 1.0, leak 1.5",1.0,1.5,0.025,4
five_level_weak_anharmonic,integrated_alpha1p0_lw1p5,0.03,deph_0.001,0.001,0.0,30,0.8823145961138579,0.010646492526721563,0.035934201808549004,0.1530871158872352,0.9789694284752088,0.0017492680637228631,120,75.07248753192835,0.5097914119645489,424,False,"alpha 1.0, leak 1.5",1.0,1.5,0.025,4
five_level_weak_anharmonic,integrated_alpha1p0_lw1p5,0.03,deph_0.001,0.001,0.0,31,0.9168578360762382,0.007961252185294532,0.047478480067717044,0.06086024049849721,0.9868196556919476,0.0017492680637228631,120,75.07248753192835,0.5097914119645489,424,False,"alpha 1.0, leak 1.5",1.0,1.5,0.025,4
five_level_weak_anharmonic,integrated_alpha1p0_lw1p5,0.03,deph_0.001,0.001,0.0,32,0.9280728356119167,0.009647100036093259,0.04693733691071267,0.05729273410543838,0.9870933232567067,0.0017492680637228631,120,75.07248753192835,0.5097914119645489,424,False,"alpha 1.0, leak 1.5",1.0,1.5,0.025,4
five_level_weak_anharmonic,integrated_alpha1p0_lw1p5,0.03,deph_0.001,0.001,0.0,33,0.8834708372966897,0.006062610215880726,0.029886419387343266,0.16282777998854286,0.9782800455226935,0.0017492680637228631,120,75.07248753192835,0.5097914119645489,424,False,"alpha 1.0, leak 1.5",1.0,1.5,0.025,4
five_level_weak_anharmonic,integrated_alpha1p0_lw1p5,0.03,deph_0.001,0.001,0.0,34,0.935772012723125,0.010286104596317291,0.04188312610335698,0.08647908014835977,0.9816616566177349,0.0017492680637228631,120,75.07248753192835,0.5097914119645489,424,False,"alpha 1.0, leak 1.5",1.0,1.5,0.025,4
five_level_weak_anharmonic,integrated_alpha1p0_lw1p5,0.03,deph_0.001,0.001,0.0,35,0.9251731490607114,0.012184579960794584,0.038387830393389555,0.0490264403631158,0.9840769455084977,0.0017492680637228631,120,75.07248753192835,0.5097914119645489,424,False,"alpha 1.0, leak 1.5",1.0,1.5,0.025,4
five_level_weak_anharmonic,integrated_alpha1p0_lw1p5,0.03,deph_0.001,0.001,0.0,36,0.9596441071917968,0.008520222091902618,0.04982847578349492,0.03501467066742191,0.9871918242899412,0.0017492680637228631,120,75.07248753192835,0.5097914119645489,424,False,"alpha 1.0, leak 1.5",1.0,1.5,0.025,4
five_level_weak_anharmonic,integrated_alpha1p0_lw1p5,0.03,deph_0.001,0.001,0.0,37,0.7689941284261871,0.0082371494640876,0.03152039585644806,0.25096414172991044,0.9763242819710269,0.0017492680637228631,120,75.07248753192835,0.5097914119645489,424,False,"alpha 1.0, leak 1.5",1.0,1.5,0.025,4
five_level_weak_anharmonic,integrated_alpha1p0_lw1p5,0.03,deph_0.001,0.001,0.0,38,0.8325035286589388,0.004948149931913504,0.029427080244758486,0.21117097020194867,0.9773262560495223,0.0017492680637228631,120,75.07248753192835,0.5097914119645489,424,False,"alpha 1.0, leak 1.5",1.0,1.5,0.025,4
five_level_weak_anharmonic,integrated_alpha1p0_lw1p5,0.03,deph_0.001,0.001,0.0,39,0.9486727135425,0.008048979232999187,0.04523862646082888,0.056241092748206045,0.9852107018789581,0.0017492680637228631,120,75.07248753192835,0.5097914119645489,424,False,"alpha 1.0, leak 1.5",1.0,1.5,0.025,4
five_level_weak_anharmonic,integrated_alpha1p0_lw1p5,0.03,deph_0.001,0.001,0.0,40,0.9842881756378018,0.008359600475437268,0.04825243319493566,0.01581958546509702,0.985990330859753,0.0017492680637228631,120,75.07248753192835,0.5097914119645489,424,False,"alpha 1.0, leak 1.5",1.0,1.5,0.025,4
five_level_weak_anharmonic,integrated_alpha1p0_lw1p5,0.03,deph_0.001,0.001,0.0,41,0.9465444785224213,0.010183718118465634,0.042209547971576056,0.023613293347562653,0.9870895865056596,0.0017492680637228631,120,75.07248753192835,0.5097914119645489,424,False,"alpha 1.0, leak 1.5",1.0,1.5,0.025,4
five_level_weak_anharmonic,integrated_alpha1p0_lw1p5,0.03,deph_0.001,0.001,0.0,42,0.9707484445213093,0.008104184820539873,0.04359979115391366,0.05092331845620602,0.9830927355937898,0.0017492680637228631,120,75.07248753192835,0.5097914119645489,424,False,"alpha 1.0, leak 1.5",1.0,1.5,0.025,4
five_level_weak_anharmonic,integrated_alpha1p0_lw1p5,0.03,deph_0.001,0.001,0.0,43,0.9315694556465499,0.007238274748764928,0.043595546348962344,0.07737065611519114,0.9847409385911522,0.0017492680637228631,120,75.07248753192835,0.5097914119645489,424,False,"alpha 1.0, leak 1.5",1.0,1.5,0.025,4
five_level_weak_anharmonic,integrated_alpha1p0_lw1p5,0.03,deph_0.001,0.001,0.0,44,0.8698796676230129,0.005455926093332009,0.03492530882992195,0.17886974880936937,0.9771435304104671,0.0017492680637228631,120,75.07248753192835,0.5097914119645489,424,False,"alpha 1.0, leak 1.5",1.0,1.5,0.025,4
five_level_weak_anharmonic,integrated_alpha1p0_lw1p5,0.03,deph_0.001,0.001,0.0,45,0.9565639613227662,0.008248678608793525,0.043095218638143695,0.06567677355521058,0.9824767994034282,0.0017492680637228631,120,75.07248753192835,0.5097914119645489,424,False,"alpha 1.0, leak 1.5",1.0,1.5,0.025,4
five_level_weak_anharmonic,integrated_alpha1p0_lw1p5,0.03,deph_0.001,0.001,0.0,46,0.9509591594139053,0.0073966625150480025,0.042977538994734665,0.03241828797797386,0.9887465487827581,0.0017492680637228631,120,75.07248753192835,0.5097914119645489,424,False,"alpha 1.0, leak 1.5",1.0,1.5,0.025,4
five_level_weak_anharmonic,integrated_alpha1p0_lw1p5,0.03,deph_0.001,0.001,0.0,47,0.9719052265336964,0.012926955242923754,0.04599131831292613,0.014309458744755968,0.9871445196737589,0.0017492680637228631,120,75.07248753192835,0.5097914119645489,424,False,"alpha 1.0, leak 1.5",1.0,1.5,0.025,4
five_level_weak_anharmonic,integrated_alpha1p0_lw1p5,0.03,deph_0.001,0.001,0.0,48,0.8279343816164811,0.0055215145888429795,0.05381925691586842,0.1517764669552291,0.9859884551855942,0.0017492680637228631,120,75.07248753192835,0.5097914119645489,424,False,"alpha 1.0, leak 1.5",1.0,1.5,0.025,4
five_level_weak_anharmonic,integrated_alpha1p0_lw1p5,0.03,deph_0.001,0.001,0.0,49,0.9838930720786158,0.009906582526915342,0.04004752378634735,0.017410356478419247,0.9865931607718373,0.0017492680637228631,120,75.07248753192835,0.5097914119645489,424,False,"alpha 1.0, leak 1.5",1.0,1.5,0.025,4
five_level_weak_anharmonic,integrated_alpha1p0_lw1p5,0.03,deph_0.001,0.001,0.0,50,0.9266594168553012,0.007933945116440522,0.03645420776780017,0.09957525896322897,0.9814944312405861,0.0017492680637228631,120,75.07248753192835,0.5097914119645489,424,False,"alpha 1.0, leak 1.5",1.0,1.5,0.025,4
five_level_weak_anharmonic,integrated_alpha1p0_lw1p5,0.03,deph_0.001,0.001,0.0,51,0.9662299174437651,0.010342452865519602,0.04109118407858792,0.0333697247212735,0.9846744004118747,0.0017492680637228631,120,75.07248753192835,0.5097914119645489,424,False,"alpha 1.0, leak 1.5",1.0,1.5,0.025,4
five_level_weak_anharmonic,integrated_alpha1p0_lw1p5,0.03,deph_0.001,0.001,0.0,52,0.9598151697129611,0.0071293993633203545,0.040140046740430146,0.017872395817202538,0.9876762810444816,0.0017492680637228631,120,75.07248753192835,0.5097914119645489,424,False,"alpha 1.0, leak 1.5",1.0,1.5,0.025,4
five_level_weak_anharmonic,integrated_alpha1p0_lw1p5,0.03,deph_0.001,0.001,0.0,53,0.857646962326006,0.00538081389152012,0.04273695567542679,0.1556148725171078,0.9806921209997042,0.0017492680637228631,120,75.07248753192835,0.5097914119645489,424,False,"alpha 1.0, leak 1.5",1.0,1.5,0.025,4
five_level_weak_anharmonic,integrated_alpha1p0_lw1p5,0.03,deph_0.001,0.001,0.0,54,0.90059083093766,0.00553413716846618,0.04378200769008411,0.10862513794633248,0.9828934939213856,0.0017492680637228631,120,75.07248753192835,0.5097914119645489,424,False,"alpha 1.0, leak 1.5",1.0,1.5,0.025,4
five_level_weak_anharmonic,integrated_alpha1p0_lw1p5,0.03,deph_0.001,0.001,0.0,55,0.8487845531175943,0.008686554380498479,0.03778898797556207,0.18329299709039243,0.9769353616096262,0.0017492680637228631,120,75.07248753192835,0.5097914119645489,424,False,"alpha 1.0, leak 1.5",1.0,1.5,0.025,4
five_level_weak_anharmonic,integrated_alpha1p0_lw1p5,0.03,deph_0.001,0.001,0.0,56,0.937518002813087,0.002766689895723151,0.04463098162850443,0.06553358102733363,0.9859898460443061,0.0017492680637228631,120,75.07248753192835,0.5097914119645489,424,False,"alpha 1.0, leak 1.5",1.0,1.5,0.025,4
five_level_weak_anharmonic,integrated_alpha1p0_lw1p5,0.03,deph_0.001,0.001,0.0,57,0.8982305574283155,0.017060804286083697,0.040183807064147814,0.11098920607220794,0.9804209032223002,0.0017492680637228631,120,75.07248753192835,0.5097914119645489,424,False,"alpha 1.0, leak 1.5",1.0,1.5,0.025,4
five_level_weak_anharmonic,integrated_alpha1p0_lw1p5,0.03,deph_0.001,0.001,0.0,58,0.9741978000781215,0.00809303591012156,0.04303788807436526,0.030636501393925167,0.9868073219149033,0.0017492680637228631,120,75.07248753192835,0.5097914119645489,424,False,"alpha 1.0, leak 1.5",1.0,1.5,0.025,4
five_level_weak_anharmonic,integrated_alpha1p0_lw1p5,0.03,deph_0.001,0.001,0.0,59,0.9057952058025434,0.006959152894175036,0.04658597182644675,0.07462148859692244,0.9872943545600458,0.0017492680637228631,120,75.07248753192835,0.5097914119645489,424,False,"alpha 1.0, leak 1.5",1.0,1.5,0.025,4
five_level_weak_anharmonic,integrated_alpha1p0_lw1p5,0.03,relax_0.0005,0.0,0.0005,10,0.9563023126770539,0.007596706768506434,0.04015614532153888,0.03386942436552307,0.969592583448305,0.0017492680637228631,120,75.07248753192835,0.5097914119645489,424,False,"alpha 1.0, leak 1.5",1.0,1.5,0.025,4
five_level_weak_anharmonic,integrated_alpha1p0_lw1p5,0.03,relax_0.0005,0.0,0.0005,11,0.8916367351491485,0.00885340084668762,0.05620148359351251,0.07773745526225985,0.964579151527714,0.0017492680637228631,120,75.07248753192835,0.5097914119645489,424,False,"alpha 1.0, leak 1.5",1.0,1.5,0.025,4
five_level_weak_anharmonic,integrated_alpha1p0_lw1p5,0.03,relax_0.0005,0.0,0.0005,12,0.9188974245556749,0.0032600669244440272,0.04871674634758216,0.04806834512536989,0.9648277342059477,0.0017492680637228631,120,75.07248753192835,0.5097914119645489,424,False,"alpha 1.0, leak 1.5",1.0,1.5,0.025,4
five_level_weak_anharmonic,integrated_alpha1p0_lw1p5,0.03,relax_0.0005,0.0,0.0005,13,0.6718994290358622,0.003995092385241539,0.03372403929550105,0.34466187329245396,0.9860768728308106,0.0017492680637228631,120,75.07248753192835,0.5097914119645489,424,False,"alpha 1.0, leak 1.5",1.0,1.5,0.025,4
five_level_weak_anharmonic,integrated_alpha1p0_lw1p5,0.03,relax_0.0005,0.0,0.0005,14,0.8155334021267522,0.006056151428492806,0.03694289756439173,0.20006141876230835,0.9783508998633625,0.0017492680637228631,120,75.07248753192835,0.5097914119645489,424,False,"alpha 1.0, leak 1.5",1.0,1.5,0.025,4
five_level_weak_anharmonic,integrated_alpha1p0_lw1p5,0.03,relax_0.0005,0.0,0.0005,15,0.9649127539392672,0.009523395829777237,0.04995541898723288,0.04483667781449605,0.9686962493003148,0.0017492680637228631,120,75.07248753192835,0.5097914119645489,424,False,"alpha 1.0, leak 1.5",1.0,1.5,0.025,4
five_level_weak_anharmonic,integrated_alpha1p0_lw1p5,0.03,relax_0.0005,0.0,0.0005,16,0.9540215921988388,0.008480629018545738,0.04982581419894827,0.026862955420138442,0.9644418783760061,0.0017492680637228631,120,75.07248753192835,0.5097914119645489,424,False,"alpha 1.0, leak 1.5",1.0,1.5,0.025,4
five_level_weak_anharmonic,integrated_alpha1p0_lw1p5,0.03,relax_0.0005,0.0,0.0005,17,0.8981865063717098,0.006111320596785985,0.031908784244774946,0.11919451636802565,0.9747638911892357,0.0017492680637228631,120,75.07248753192835,0.5097914119645489,424,False,"alpha 1.0, leak 1.5",1.0,1.5,0.025,4
five_level_weak_anharmonic,integrated_alpha1p0_lw1p5,0.03,relax_0.0005,0.0,0.0005,18,0.9410160434051112,0.006874506148784487,0.039365958250741295,0.08208991202212555,0.9728658504356511,0.0017492680637228631,120,75.07248753192835,0.5097914119645489,424,False,"alpha 1.0, leak 1.5",1.0,1.5,0.025,4
five_level_weak_anharmonic,integrated_alpha1p0_lw1p5,0.03,relax_0.0005,0.0,0.0005,19,0.9236240864958941,0.005013760240452858,0.039725147649056436,0.04395133526133645,0.9636445159914726,0.0017492680637228631,120,75.07248753192835,0.5097914119645489,424,False,"alpha 1.0, leak 1.5",1.0,1.5,0.025,4
five_level_weak_anharmonic,integrated_alpha1p0_lw1p5,0.03,relax_0.0005,0.0,0.0005,20,0.9168175230236663,0.00916574495576028,0.04488966668516681,0.0447445334825894,0.9661572886922787,0.0017492680637228631,120,75.07248753192835,0.5097914119645489,424,False,"alpha 1.0, leak 1.5",1.0,1.5,0.025,4
five_level_weak_anharmonic,integrated_alpha1p0_lw1p5,0.03,relax_0.0005,0.0,0.0005,21,0.9597701328284985,0.009523414517750073,0.040425424547304134,0.0202618540496613,0.9647815600810384,0.0017492680637228631,120,75.07248753192835,0.5097914119645489,424,False,"alpha 1.0, leak 1.5",1.0,1.5,0.025,4
five_level_weak_anharmonic,integrated_alpha1p0_lw1p5,0.03,relax_0.0005,0.0,0.0005,22,0.9518344363178142,0.007243699771700918,0.0410589298648798,0.02611186033121174,0.9644934379128457,0.0017492680637228631,120,75.07248753192835,0.5097914119645489,424,False,"alpha 1.0, leak 1.5",1.0,1.5,0.025,4
five_level_weak_anharmonic,integrated_alpha1p0_lw1p5,0.03,relax_0.0005,0.0,0.0005,23,0.9678848200111129,0.006359333352627283,0.043985281058148584,0.03644322879245544,0.9678098424874543,0.0017492680637228631,120,75.07248753192835,0.5097914119645489,424,False,"alpha 1.0, leak 1.5",1.0,1.5,0.025,4
five_level_weak_anharmonic,integrated_alpha1p0_lw1p5,0.03,relax_0.0005,0.0,0.0005,24,0.9097156047636399,0.005990445705472025,0.036783511488173715,0.11226472168248586,0.9728065165078861,0.0017492680637228631,120,75.07248753192835,0.5097914119645489,424,False,"alpha 1.0, leak 1.5",1.0,1.5,0.025,4
five_level_weak_anharmonic,integrated_alpha1p0_lw1p5,0.03,relax_0.0005,0.0,0.0005,25,0.9029925044572299,0.009670284186859224,0.043874390335888136,0.1107954935337862,0.9725590802577199,0.0017492680637228631,120,75.07248753192835,0.5097914119645489,424,False,"alpha 1.0, leak 1.5",1.0,1.5,0.025,4
five_level_weak_anharmonic,integrated_alpha1p0_lw1p5,0.03,relax_0.0005,0.0,0.0005,26,0.9618449920256981,0.006998450087038255,0.04517881553372527,0.056704582522562906,0.9711529756164472,0.0017492680637228631,120,75.07248753192835,0.5097914119645489,424,False,"alpha 1.0, leak 1.5",1.0,1.5,0.025,4
five_level_weak_anharmonic,integrated_alpha1p0_lw1p5,0.03,relax_0.0005,0.0,0.0005,27,0.8978201407569123,0.005150796326928608,0.03606156246683345,0.13243162329245187,0.9754875915979079,0.0017492680637228631,120,75.07248753192835,0.5097914119645489,424,False,"alpha 1.0, leak 1.5",1.0,1.5,0.025,4
five_level_weak_anharmonic,integrated_alpha1p0_lw1p5,0.03,relax_0.0005,0.0,0.0005,28,0.9510020510706726,0.010665120915421045,0.056735265937349455,0.02087073624969336,0.9657814927479769,0.0017492680637228631,120,75.07248753192835,0.5097914119645489,424,False,"alpha 1.0, leak 1.5",1.0,1.5,0.025,4
five_level_weak_anharmonic,integrated_alpha1p0_lw1p5,0.03,relax_0.0005,0.0,0.0005,29,0.969773151097997,0.004930029749447007,0.043744576798121826,0.035950881635561434,0.9697396045277017,0.0017492680637228631,120,75.07248753192835,0.5097914119645489,424,False,"alpha 1.0, leak 1.5",1.0,1.5,0.025,4
five_level_weak_anharmonic,integrated_alpha1p0_lw1p5,0.03,relax_0.0005,0.0,0.0005,30,0.873353344087168,0.010094667145766456,0.0357509278311815,0.16104487302666035,0.9777134806181025,0.0017492680637228631,120,75.07248753192835,0.5097914119645489,424,False,"alpha 1.0, leak 1.5",1.0,1.5,0.025,4
five_level_weak_anharmonic,integrated_alpha1p0_lw1p5,0.03,relax_0.0005,0.0,0.0005,31,0.9093289016428027,0.006991654989517815,0.04691220795489226,0.06702096533514139,0.9654125832536333,0.0017492680637228631,120,75.07248753192835,0.5097914119645489,424,False,"alpha 1.0, leak 1.5",1.0,1.5,0.025,4
five_level_weak_anharmonic,integrated_alpha1p0_lw1p5,0.03,relax_0.0005,0.0,0.0005,32,0.9196770886686056,0.008764578404278911,0.046611102554039,0.06409667325417759,0.9652014764710122,0.0017492680637228631,120,75.07248753192835,0.5097914119645489,424,False,"alpha 1.0, leak 1.5",1.0,1.5,0.025,4
five_level_weak_anharmonic,integrated_alpha1p0_lw1p5,0.03,relax_0.0005,0.0,0.0005,33,0.8747830255634104,0.005380176387102864,0.029612001457853587,0.1707739623336162,0.9786258783568359,0.0017492680637228631,120,75.07248753192835,0.5097914119645489,424,False,"alpha 1.0, leak 1.5",1.0,1.5,0.025,4
five_level_weak_anharmonic,integrated_alpha1p0_lw1p5,0.03,relax_0.0005,0.0,0.0005,34,0.9280667915333085,0.009402928630390495,0.041391735541990604,0.09333612189917231,0.973305275464574,0.0017492680637228631,120,75.07248753192835,0.5097914119645489,424,False,"alpha 1.0, leak 1.5",1.0,1.5,0.025,4
five_level_weak_anharmonic,integrated_alpha1p0_lw1p5,0.03,relax_0.0005,0.0,0.0005,35,0.9133784658189574,0.011203645715215038,0.037936488934331214,0.05822172418103213,0.968186425040317,0.0017492680637228631,120,75.07248753192835,0.5097914119645489,424,False,"alpha 1.0, leak 1.5",1.0,1.5,0.025,4
five_level_weak_anharmonic,integrated_alpha1p0_lw1p5,0.03,relax_0.0005,0.0,0.0005,36,0.9507945305752694,0.007793383767986217,0.04937411457119678,0.04204073274046818,0.965880580259321,0.0017492680637228631,120,75.07248753192835,0.5097914119645489,424,False,"alpha 1.0, leak 1.5",1.0,1.5,0.025,4
five_level_weak_anharmonic,integrated_alpha1p0_lw1p5,0.03,relax_0.0005,0.0,0.0005,37,0.7587945602576128,0.007579568704984552,0.031233730846737418,0.25960222023839463,0.98259592120536,0.0017492680637228631,120,75.07248753192835,0.5097914119645489,424,False,"alpha 1.0, leak 1.5",1.0,1.5,0.025,4
five_level_weak_anharmonic,integrated_alpha1p0_lw1p5,0.03,relax_0.0005,0.0,0.0005,38,0.8245983500012947,0.004584066443013013,0.029243740864052237,0.21854910336092875,0.9800249166862761,0.0017492680637228631,120,75.07248753192835,0.5097914119645489,424,False,"alpha 1.0, leak 1.5",1.0,1.5,0.025,4
five_level_weak_anharmonic,integrated_alpha1p0_lw1p5,0.03,relax_0.0005,0.0,0.0005,39,0.9405853388764955,0.007065661610576979,0.04486091247512758,0.06300927523603589,0.9681474838352527,0.0017492680637228631,120,75.07248753192835,0.5097914119645489,424,False,"alpha 1.0, leak 1.5",1.0,1.5,0.025,4
five_level_weak_anharmonic,integrated_alpha1p0_lw1p5,0.03,relax_0.0005,0.0,0.0005,40,0.9742889707419843,0.00750624999431504,0.047932180587943574,0.023841345344628978,0.9673109635794185,0.0017492680637228631,120,75.07248753192835,0.5097914119645489,424,False,"alpha 1.0, leak 1.5",1.0,1.5,0.025,4
five_level_weak_anharmonic,integrated_alpha1p0_lw1p5,0.03,relax_0.0005,0.0,0.0005,41,0.9342581855584031,0.009309630775161226,0.041919816248883746,0.03310577604254554,0.9644170428782008,0.0017492680637228631,120,75.07248753192835,0.5097914119645489,424,False,"alpha 1.0, leak 1.5",1.0,1.5,0.025,4
five_level_weak_anharmonic,integrated_alpha1p0_lw1p5,0.03,relax_0.0005,0.0,0.0005,42,0.9634568780863023,0.007390094212498477,0.043175113675796406,0.0575583865007607,0.971641805542484,0.0017492680637228631,120,75.07248753192835,0.5097914119645489,424,False,"alpha 1.0, leak 1.5",1.0,1.5,0.025,4
five_level_weak_anharmonic,integrated_alpha1p0_lw1p5,0.03,relax_0.0005,0.0,0.0005,43,0.9231722898083747,0.006631813763812389,0.04330649565823741,0.08438535251425146,0.9694306961771904,0.0017492680637228631,120,75.07248753192835,0.5097914119645489,424,False,"alpha 1.0, leak 1.5",1.0,1.5,0.025,4
five_level_weak_anharmonic,integrated_alpha1p0_lw1p5,0.03,relax_0.0005,0.0,0.0005,44,0.8640087690520757,0.00502671646732078,0.034605980559922256,0.18483172814344676,0.9808438763014103,0.0017492680637228631,120,75.07248753192835,0.5097914119645489,424,False,"alpha 1.0, leak 1.5",1.0,1.5,0.025,4
five_level_weak_anharmonic,integrated_alpha1p0_lw1p5,0.03,relax_0.0005,0.0,0.0005,45,0.9489449610827488,0.0072965088528439415,0.042582727479715254,0.07243111648765219,0.9720495899336968,0.0017492680637228631,120,75.07248753192835,0.5097914119645489,424,False,"alpha 1.0, leak 1.5",1.0,1.5,0.025,4
five_level_weak_anharmonic,integrated_alpha1p0_lw1p5,0.03,relax_0.0005,0.0,0.0005,46,0.9392516363800637,0.00674510154631125,0.042754228259129334,0.04133082561505792,0.9631618116061438,0.0017492680637228631,120,75.07248753192835,0.5097914119645489,424,False,"alpha 1.0, leak 1.5",1.0,1.5,0.025,4
five_level_weak_anharmonic,integrated_alpha1p0_lw1p5,0.03,relax_0.0005,0.0,0.0005,47,0.9601797822043072,0.01213044488470505,0.045654643073797185,0.0233075793802344,0.96528516758275,0.0017492680637228631,120,75.07248753192835,0.5097914119645489,424,False,"alpha 1.0, leak 1.5",1.0,1.5,0.025,4
five_level_weak_anharmonic,integrated_alpha1p0_lw1p5,0.03,relax_0.0005,0.0,0.0005,48,0.8178346850702248,0.004638820207742089,0.05346994123447413,0.15944631861023567,0.9651954896268726,0.0017492680637228631,120,75.07248753192835,0.5097914119645489,424,False,"alpha 1.0, leak 1.5",1.0,1.5,0.025,4
five_level_weak_anharmonic,integrated_alpha1p0_lw1p5,0.03,relax_0.0005,0.0,0.0005,49,0.9731747041164748,0.008931397104274708,0.039660312461887504,0.02584405191905132,0.9662556853053507,0.0017492680637228631,120,75.07248753192835,0.5097914119645489,424,False,"alpha 1.0, leak 1.5",1.0,1.5,0.025,4
five_level_weak_anharmonic,integrated_alpha1p0_lw1p5,0.03,relax_0.0005,0.0,0.0005,50,0.9176665948705431,0.007090789088923244,0.03602894088036512,0.10729780183250372,0.9740798770566811,0.0017492680637228631,120,75.07248753192835,0.5097914119645489,424,False,"alpha 1.0, leak 1.5",1.0,1.5,0.025,4
five_level_weak_anharmonic,integrated_alpha1p0_lw1p5,0.03,relax_0.0005,0.0,0.0005,51,0.9552765113233843,0.009409571056444466,0.04073407841795418,0.042147403400196015,0.9680436426432399,0.0017492680637228631,120,75.07248753192835,0.5097914119645489,424,False,"alpha 1.0, leak 1.5",1.0,1.5,0.025,4
five_level_weak_anharmonic,integrated_alpha1p0_lw1p5,0.03,relax_0.0005,0.0,0.0005,52,0.9479166920274054,0.006208836885513214,0.0398261158924762,0.027001078458536942,0.9640286121734205,0.0017492680637228631,120,75.07248753192835,0.5097914119645489,424,False,"alpha 1.0, leak 1.5",1.0,1.5,0.025,4
five_level_weak_anharmonic,integrated_alpha1p0_lw1p5,0.03,relax_0.0005,0.0,0.0005,53,0.8502048825821665,0.004572922153523562,0.042469676291043035,0.16234274146364933,0.9746064206334005,0.0017492680637228631,120,75.07248753192835,0.5097914119645489,424,False,"alpha 1.0, leak 1.5",1.0,1.5,0.025,4
five_level_weak_anharmonic,integrated_alpha1p0_lw1p5,0.03,relax_0.0005,0.0,0.0005,54,0.8934660588491384,0.004730945342554582,0.043384996035909396,0.11489690806851036,0.9716519435668549,0.0017492680637228631,120,75.07248753192835,0.5097914119645489,424,False,"alpha 1.0, leak 1.5",1.0,1.5,0.025,4
five_level_weak_anharmonic,integrated_alpha1p0_lw1p5,0.03,relax_0.0005,0.0,0.0005,55,0.8430588078631037,0.00796783207847207,0.03728743691323899,0.1891264825621594,0.9805875937650296,0.0017492680637228631,120,75.07248753192835,0.5097914119645489,424,False,"alpha 1.0, leak 1.5",1.0,1.5,0.025,4
five_level_weak_anharmonic,integrated_alpha1p0_lw1p5,0.03,relax_0.0005,0.0,0.0005,56,0.9295240953697858,0.0020652219831214236,0.044293799980285375,0.07223772923679701,0.9672071549623863,0.0017492680637228631,120,75.07248753192835,0.5097914119645489,424,False,"alpha 1.0, leak 1.5",1.0,1.5,0.025,4
five_level_weak_anharmonic,integrated_alpha1p0_lw1p5,0.03,relax_0.0005,0.0,0.0005,57,0.8874692051669647,0.015905812732607716,0.039821409251526996,0.11986409431266015,0.9738737857835826,0.0017492680637228631,120,75.07248753192835,0.5097914119645489,424,False,"alpha 1.0, leak 1.5",1.0,1.5,0.025,4
five_level_weak_anharmonic,integrated_alpha1p0_lw1p5,0.03,relax_0.0005,0.0,0.0005,58,0.9646571086064846,0.007531181864645187,0.042731135669373144,0.038300047588479234,0.9668140121311113,0.0017492680637228631,120,75.07248753192835,0.5097914119645489,424,False,"alpha 1.0, leak 1.5",1.0,1.5,0.025,4
five_level_weak_anharmonic,integrated_alpha1p0_lw1p5,0.03,relax_0.0005,0.0,0.0005,59,0.8947132314846191,0.005959365432284369,0.04613898123429183,0.08302169196214254,0.9636494553564755,0.0017492680637228631,120,75.07248753192835,0.5097914119645489,424,False,"alpha 1.0, leak 1.5",1.0,1.5,0.025,4
five_level_weak_anharmonic,integrated_alpha1p0_lw1p5,0.03,combined,0.001,0.0005,10,0.9489228913159986,0.008274510368556198,0.04034173393344498,0.04073619585493628,0.9545329378235929,0.0017492680637228631,120,75.07248753192835,0.5097914119645489,424,False,"alpha 1.0, leak 1.5",1.0,1.5,0.025,4
five_level_weak_anharmonic,integrated_alpha1p0_lw1p5,0.03,combined,0.001,0.0005,11,0.8865983583049307,0.009669453358118973,0.05634639502253469,0.08292978835852653,0.9525297255721223,0.0017492680637228631,120,75.07248753192835,0.5097914119645489,424,False,"alpha 1.0, leak 1.5",1.0,1.5,0.025,4
five_level_weak_anharmonic,integrated_alpha1p0_lw1p5,0.03,combined,0.001,0.0005,12,0.913935298058415,0.003995027359934511,0.04867522456452422,0.053589667586499724,0.9523450988454611,0.0017492680637228631,120,75.07248753192835,0.5097914119645489,424,False,"alpha 1.0, leak 1.5",1.0,1.5,0.025,4
five_level_weak_anharmonic,integrated_alpha1p0_lw1p5,0.03,combined,0.001,0.0005,13,0.6699334635296059,0.00453818531427852,0.033948718339287254,0.3459539769352983,0.9603995782514727,0.0017492680637228631,120,75.07248753192835,0.5097914119645489,424,False,"alpha 1.0, leak 1.5",1.0,1.5,0.025,4
five_level_weak_anharmonic,integrated_alpha1p0_lw1p5,0.03,combined,0.001,0.0005,14,0.8111469946901091,0.006508863644094309,0.03701267456655466,0.20353502437866897,0.957102731824051,0.0017492680637228631,120,75.07248753192835,0.5097914119645489,424,False,"alpha 1.0, leak 1.5",1.0,1.5,0.025,4
five_level_weak_anharmonic,integrated_alpha1p0_lw1p5,0.03,combined,0.001,0.0005,15,0.9581602416149892,0.010411832740539362,0.049935960413555636,0.05077309472397136,0.9540681141529408,0.0017492680637228631,120,75.07248753192835,0.5097914119645489,424,False,"alpha 1.0, leak 1.5",1.0,1.5,0.025,4
five_level_weak_anharmonic,integrated_alpha1p0_lw1p5,0.03,combined,0.001,0.0005,16,0.9479147717379302,0.009252756285373476,0.050083090780078,0.032942930100427176,0.9527109306736279,0.0017492680637228631,120,75.07248753192835,0.5097914119645489,424,False,"alpha 1.0, leak 1.5",1.0,1.5,0.025,4
five_level_weak_anharmonic,integrated_alpha1p0_lw1p5,0.03,combined,0.001,0.0005,17,0.8924437171606672,0.006696209924905827,0.03208174143447029,0.12417180584789929,0.956350543013354,0.0017492680637228631,120,75.07248753192835,0.5097914119645489,424,False,"alpha 1.0, leak 1.5",1.0,1.5,0.025,4
five_level_weak_anharmonic,integrated_alpha1p0_lw1p5,0.03,combined,0.001,0.0005,18,0.9342669614840743,0.007611405871476351,0.03945373164992605,0.0877673559727764,0.9556044442419542,0.0017492680637228631,120,75.07248753192835,0.5097914119645489,424,False,"alpha 1.0, leak 1.5",1.0,1.5,0.025,4
five_level_weak_anharmonic,integrated_alpha1p0_lw1p5,0.03,combined,0.001,0.0005,19,0.9186986616159526,0.005685531737885441,0.03980188399734441,0.04933313149827104,0.9522204491293034,0.0017492680637228631,120,75.07248753192835,0.5097914119645489,424,False,"alpha 1.0, leak 1.5",1.0,1.5,0.025,4
five_level_weak_anharmonic,integrated_alpha1p0_lw1p5,0.03,combined,0.001,0.0005,20,0.9114036458680939,0.009864162996384263,0.04510155982507302,0.05076144324917736,0.9525044615450163,0.0017492680637228631,120,75.07248753192835,0.5097914119645489,424,False,"alpha 1.0, leak 1.5",1.0,1.5,0.025,4
five_level_weak_anharmonic,integrated_alpha1p0_lw1p5,0.03,combined,0.001,0.0005,21,0.9539536653281449,0.009914405675316762,0.0404668613388095,0.026253335199699877,0.9531153709309472,0.0017492680637228631,120,75.07248753192835,0.5097914119645489,424,False,"alpha 1.0, leak 1.5",1.0,1.5,0.025,4
five_level_weak_anharmonic,integrated_alpha1p0_lw1p5,0.03,combined,0.001,0.0005,22,0.9455926841280271,0.00799248762681981,0.04119354357794469,0.03221050111702964,0.9528752501317534,0.0017492680637228631,120,75.07248753192835,0.5097914119645489,424,False,"alpha 1.0, leak 1.5",1.0,1.5,0.025,4
five_level_weak_anharmonic,integrated_alpha1p0_lw1p5,0.03,combined,0.001,0.0005,23,0.9612581588882969,0.006878481749502008,0.04406156586922061,0.04240325943787739,0.9544126197940119,0.0017492680637228631,120,75.07248753192835,0.5097914119645489,424,False,"alpha 1.0, leak 1.5",1.0,1.5,0.025,4
five_level_weak_anharmonic,integrated_alpha1p0_lw1p5,0.03,combined,0.001,0.0005,24,0.9041480817541442,0.006573330557181123,0.03693682402073506,0.1168712678360416,0.9555518989293753,0.0017492680637228631,120,75.07248753192835,0.5097914119645489,424,False,"alpha 1.0, leak 1.5",1.0,1.5,0.025,4
five_level_weak_anharmonic,integrated_alpha1p0_lw1p5,0.03,combined,0.001,0.0005,25,0.8974401210726468,0.01019963685714298,0.04389090118378458,0.11556068445327745,0.9554364790255799,0.0017492680637228631,120,75.07248753192835,0.5097914119645489,424,False,"alpha 1.0, leak 1.5",1.0,1.5,0.025,4
five_level_weak_anharmonic,integrated_alpha1p0_lw1p5,0.03,combined,0.001,0.0005,26,0.9547873814808071,0.007707132267792516,0.04536283240161687,0.06278137778431102,0.9551729545939203,0.0017492680637228631,120,75.07248753192835,0.5097914119645489,424,False,"alpha 1.0, leak 1.5",1.0,1.5,0.025,4
five_level_weak_anharmonic,integrated_alpha1p0_lw1p5,0.03,combined,0.001,0.0005,27,0.8922292981325028,0.0056444629280477665,0.03626737588002804,0.13693993253856632,0.9566091025285354,0.0017492680637228631,120,75.07248753192835,0.5097914119645489,424,False,"alpha 1.0, leak 1.5",1.0,1.5,0.025,4
five_level_weak_anharmonic,integrated_alpha1p0_lw1p5,0.03,combined,0.001,0.0005,28,0.9446291409735212,0.01140890167865527,0.056970649207875534,0.02741229288802889,0.9531968645791165,0.0017492680637228631,120,75.07248753192835,0.5097914119645489,424,False,"alpha 1.0, leak 1.5",1.0,1.5,0.025,4
five_level_weak_anharmonic,integrated_alpha1p0_lw1p5,0.03,combined,0.001,0.0005,29,0.9628648716434103,0.005365011993462954,0.043843904147926716,0.04227263018944183,0.955051169702243,0.0017492680637228631,120,75.07248753192835,0.5097914119645489,424,False,"alpha 1.0, leak 1.5",1.0,1.5,0.025,4
five_level_weak_anharmonic,integrated_alpha1p0_lw1p5,0.03,combined,0.001,0.0005,30,0.8679398274115967,0.010417375830032327,0.035724975291461236,0.165361518679401,0.9572176093763083,0.0017492680637228631,120,75.07248753192835,0.5097914119645489,424,False,"alpha 1.0, leak 1.5",1.0,1.5,0.025,4
five_level_weak_anharmonic,integrated_alpha1p0_lw1p5,0.03,combined,0.001,0.0005,31,0.9036372194999159,0.00784445187509264,0.047317174010665486,0.07254066641433156,0.9529759343816944,0.0017492680637228631,120,75.07248753192835,0.5097914119645489,424,False,"alpha 1.0, leak 1.5",1.0,1.5,0.025,4
five_level_weak_anharmonic,integrated_alpha1p0_lw1p5,0.03,combined,0.001,0.0005,32,0.9141088565829819,0.009483688136008528,0.04670771974129928,0.06947195725298727,0.953017246940738,0.0017492680637228631,120,75.07248753192835,0.5097914119645489,424,False,"alpha 1.0, leak 1.5",1.0,1.5,0.025,4
five_level_weak_anharmonic,integrated_alpha1p0_lw1p5,0.03,combined,0.001,0.0005,33,0.8687415449636938,0.00600833802974865,0.029620482378316604,0.175191457919044,0.9574395216367544,0.0017492680637228631,120,75.07248753192835,0.5097914119645489,424,False,"alpha 1.0, leak 1.5",1.0,1.5,0.025,4
five_level_weak_anharmonic,integrated_alpha1p0_lw1p5,0.03,combined,0.001,0.0005,34,0.9215743553434701,0.010084980142610833,0.041717404048216666,0.09877088130707812,0.9555537356876844,0.0017492680637228631,120,75.07248753192835,0.5097914119645489,424,False,"alpha 1.0, leak 1.5",1.0,1.5,0.025,4
five_level_weak_anharmonic,integrated_alpha1p0_lw1p5,0.03,combined,0.001,0.0005,35,0.9075281560158636,0.011925388565662165,0.03824437910706302,0.06437130880099863,0.9528950031778566,0.0017492680637228631,120,75.07248753192835,0.5097914119645489,424,False,"alpha 1.0, leak 1.5",1.0,1.5,0.025,4
five_level_weak_anharmonic,integrated_alpha1p0_lw1p5,0.03,combined,0.001,0.0005,36,0.9448806434793672,0.008309989519048933,0.049577864994293286,0.0476934053400765,0.9537386456350928,0.0017492680637228631,120,75.07248753192835,0.5097914119645489,424,False,"alpha 1.0, leak 1.5",1.0,1.5,0.025,4
five_level_weak_anharmonic,integrated_alpha1p0_lw1p5,0.03,combined,0.001,0.0005,37,0.7545538136850864,0.008043247858593006,0.03137436855424358,0.26310392318078507,0.9594402488715049,0.0017492680637228631,120,75.07248753192835,0.5097914119645489,424,False,"alpha 1.0, leak 1.5",1.0,1.5,0.025,4
five_level_weak_anharmonic,integrated_alpha1p0_lw1p5,0.03,combined,0.001,0.0005,38,0.8199732395634356,0.004858521694393492,0.029257265086448214,0.2218512977359551,0.9579147622654632,0.0017492680637228631,120,75.07248753192835,0.5097914119645489,424,False,"alpha 1.0, leak 1.5",1.0,1.5,0.025,4
five_level_weak_anharmonic,integrated_alpha1p0_lw1p5,0.03,combined,0.001,0.0005,39,0.9343673666118101,0.007993671871811547,0.045047050845865244,0.06852728281990345,0.9540176121855122,0.0017492680637228631,120,75.07248753192835,0.5097914119645489,424,False,"alpha 1.0, leak 1.5",1.0,1.5,0.025,4
five_level_weak_anharmonic,integrated_alpha1p0_lw1p5,0.03,combined,0.001,0.0005,40,0.9674864738700872,0.008224366218295476,0.04798212787164435,0.030225206938078397,0.9539055596370655,0.0017492680637228631,120,75.07248753192835,0.5097914119645489,424,False,"alpha 1.0, leak 1.5",1.0,1.5,0.025,4
five_level_weak_anharmonic,integrated_alpha1p0_lw1p5,0.03,combined,0.001,0.0005,41,0.9287251876275513,0.009974472088536745,0.04198555449637642,0.039062347301307844,0.9521502753208316,0.0017492680637228631,120,75.07248753192835,0.5097914119645489,424,False,"alpha 1.0, leak 1.5",1.0,1.5,0.025,4
five_level_weak_anharmonic,integrated_alpha1p0_lw1p5,0.03,combined,0.001,0.0005,42,0.9560667048390077,0.007972453272990121,0.04337261487455879,0.0637935266901684,0.9553243878071698,0.0017492680637228631,120,75.07248753192835,0.5097914119645489,424,False,"alpha 1.0, leak 1.5",1.0,1.5,0.025,4
five_level_weak_anharmonic,integrated_alpha1p0_lw1p5,0.03,combined,0.001,0.0005,43,0.9176902609611559,0.007074356520659797,0.04335852075200319,0.0892505090645696,0.9548004592943207,0.0017492680637228631,120,75.07248753192835,0.5097914119645489,424,False,"alpha 1.0, leak 1.5",1.0,1.5,0.025,4
five_level_weak_anharmonic,integrated_alpha1p0_lw1p5,0.03,combined,0.001,0.0005,44,0.8579321054688002,0.0053298351614126105,0.03473549204607629,0.18940289650553538,0.9585389755437733,0.0017492680637228631,120,75.07248753192835,0.5097914119645489,424,False,"alpha 1.0, leak 1.5",1.0,1.5,0.025,4
five_level_weak_anharmonic,integrated_alpha1p0_lw1p5,0.03,combined,0.001,0.0005,45,0.9420050161349609,0.008121890658022823,0.04293172388542654,0.07824931532700549,0.9551250985484084,0.0017492680637228631,120,75.07248753192835,0.5097914119645489,424,False,"alpha 1.0, leak 1.5",1.0,1.5,0.025,4
five_level_weak_anharmonic,integrated_alpha1p0_lw1p5,0.03,combined,0.001,0.0005,46,0.9341801104974393,0.007226482503185472,0.0427196042729483,0.04659838697005517,0.9525746858938319,0.0017492680637228631,120,75.07248753192835,0.5097914119645489,424,False,"alpha 1.0, leak 1.5",1.0,1.5,0.025,4
five_level_weak_anharmonic,integrated_alpha1p0_lw1p5,0.03,combined,0.001,0.0005,47,0.9543405097728054,0.012564943738330503,0.04573638966007665,0.02934091667017611,0.9530434375045166,0.0017492680637228631,120,75.07248753192835,0.5097914119645489,424,False,"alpha 1.0, leak 1.5",1.0,1.5,0.025,4
five_level_weak_anharmonic,integrated_alpha1p0_lw1p5,0.03,combined,0.001,0.0005,48,0.814562960933394,0.005417367077687252,0.05353435539649998,0.16291553286676888,0.9520022858148403,0.0017492680637228631,120,75.07248753192835,0.5097914119645489,424,False,"alpha 1.0, leak 1.5",1.0,1.5,0.025,4
five_level_weak_anharmonic,integrated_alpha1p0_lw1p5,0.03,combined,0.001,0.0005,49,0.9666877287078949,0.009752790518775645,0.03989954359768921,0.031959935837773186,0.9534604693129576,0.0017492680637228631,120,75.07248753192835,0.5097914119645489,424,False,"alpha 1.0, leak 1.5",1.0,1.5,0.025,4
five_level_weak_anharmonic,integrated_alpha1p0_lw1p5,0.03,combined,0.001,0.0005,50,0.9116885943104169,0.007802971768276157,0.03632904959886929,0.11221343295265082,0.9561205203226323,0.0017492680637228631,120,75.07248753192835,0.5097914119645489,424,False,"alpha 1.0, leak 1.5",1.0,1.5,0.025,4
five_level_weak_anharmonic,integrated_alpha1p0_lw1p5,0.03,combined,0.001,0.0005,51,0.9486364042317782,0.010176437498336521,0.04089093465768423,0.04839984002327281,0.953331861579933,0.0017492680637228631,120,75.07248753192835,0.5097914119645489,424,False,"alpha 1.0, leak 1.5",1.0,1.5,0.025,4
five_level_weak_anharmonic,integrated_alpha1p0_lw1p5,0.03,combined,0.001,0.0005,52,0.9421718502853917,0.0070711912862606585,0.03997731308883523,0.0329436549087664,0.9523518943628791,0.0017492680637228631,120,75.07248753192835,0.5097914119645489,424,False,"alpha 1.0, leak 1.5",1.0,1.5,0.025,4
five_level_weak_anharmonic,integrated_alpha1p0_lw1p5,0.03,combined,0.001,0.0005,53,0.8454761191929736,0.005379986370900425,0.04250453497600204,0.166113577951782,0.9559166454477115,0.0017492680637228631,120,75.07248753192835,0.5097914119645489,424,False,"alpha 1.0, leak 1.5",1.0,1.5,0.025,4
five_level_weak_anharmonic,integrated_alpha1p0_lw1p5,0.03,combined,0.001,0.0005,54,0.8880265552388283,0.005473268844819357,0.04358997691618083,0.1194819290302611,0.9551846367015694,0.0017492680637228631,120,75.07248753192835,0.5097914119645489,424,False,"alpha 1.0, leak 1.5",1.0,1.5,0.025,4
five_level_weak_anharmonic,integrated_alpha1p0_lw1p5,0.03,combined,0.001,0.0005,55,0.8375228667395821,0.008509482230939946,0.03764091328869501,0.1934190380583364,0.9580741335324244,0.0017492680637228631,120,75.07248753192835,0.5097914119645489,424,False,"alpha 1.0, leak 1.5",1.0,1.5,0.025,4
five_level_weak_anharmonic,integrated_alpha1p0_lw1p5,0.03,combined,0.001,0.0005,56,0.9237390809468868,0.002798278767107587,0.04420636059311023,0.07727477548687257,0.9538819602082773,0.0017492680637228631,120,75.07248753192835,0.5097914119645489,424,False,"alpha 1.0, leak 1.5",1.0,1.5,0.025,4
five_level_weak_anharmonic,integrated_alpha1p0_lw1p5,0.03,combined,0.001,0.0005,57,0.8817236397993776,0.016696618328682078,0.03987910076833656,0.12498107316264834,0.9548785798887901,0.0017492680637228631,120,75.07248753192835,0.5097914119645489,424,False,"alpha 1.0, leak 1.5",1.0,1.5,0.025,4
five_level_weak_anharmonic,integrated_alpha1p0_lw1p5,0.03,combined,0.001,0.0005,58,0.9586608096528497,0.007859300343509457,0.04279580036567665,0.04386420603034771,0.9542350626650702,0.0017492680637228631,120,75.07248753192835,0.5097914119645489,424,False,"alpha 1.0, leak 1.5",1.0,1.5,0.025,4
five_level_weak_anharmonic,integrated_alpha1p0_lw1p5,0.03,combined,0.001,0.0005,59,0.8900846025806343,0.006863034217858388,0.046396811375646996,0.08781403986675196,0.9516995517707708,0.0017492680637228631,120,75.07248753192835,0.5097914119645489,424,False,"alpha 1.0, leak 1.5",1.0,1.5,0.025,4
five_level_weak_anharmonic,integrated_alpha1p0_lw1p2_trust004,0.03,static_only,0.0,0.0,10,0.8869049997265122,0.0021736160517966674,0.047180807496907895,0.06391033658333871,0.9999996272206697,0.001965218291951111,120,78.99469667486846,0.38659903788555766,653,False,"alpha 1.0, leak 1.2, trust 0.04",1.0,1.2,0.04,6
five_level_weak_anharmonic,integrated_alpha1p0_lw1p2_trust004,0.03,static_only,0.0,0.0,11,0.8724086540613714,0.0037542320424199804,0.0640852214432801,0.09846701232671876,0.9999994933464927,0.001965218291951111,120,78.99469667486846,0.38659903788555766,653,False,"alpha 1.0, leak 1.2, trust 0.04",1.0,1.2,0.04,6
five_level_weak_anharmonic,integrated_alpha1p0_lw1p2_trust004,0.03,static_only,0.0,0.0,12,0.834889529297221,0.0005847268486418589,0.05526082468056348,0.14326500574931933,0.9999996077052974,0.001965218291951111,120,78.99469667486846,0.38659903788555766,653,False,"alpha 1.0, leak 1.2, trust 0.04",1.0,1.2,0.04,6
five_level_weak_anharmonic,integrated_alpha1p0_lw1p2_trust004,0.03,static_only,0.0,0.0,13,0.8327461611624746,0.0008589834604915136,0.040293735434800526,0.17278459073727248,0.9999996722879697,0.001965218291951111,120,78.99469667486846,0.38659903788555766,653,False,"alpha 1.0, leak 1.2, trust 0.04",1.0,1.2,0.04,6
five_level_weak_anharmonic,integrated_alpha1p0_lw1p2_trust004,0.03,static_only,0.0,0.0,14,0.9195553821874026,0.002158733742693153,0.04099523607901989,0.0779996476655538,0.9999996354140998,0.001965218291951111,120,78.99469667486846,0.38659903788555766,653,False,"alpha 1.0, leak 1.2, trust 0.04",1.0,1.2,0.04,6
five_level_weak_anharmonic,integrated_alpha1p0_lw1p2_trust004,0.03,static_only,0.0,0.0,15,0.987899802603271,0.0015864960877400858,0.05397032721919359,0.008986938904929213,0.999999581453874,0.001965218291951111,120,78.99469667486846,0.38659903788555766,653,False,"alpha 1.0, leak 1.2, trust 0.04",1.0,1.2,0.04,6
five_level_weak_anharmonic,integrated_alpha1p0_lw1p2_trust004,0.03,static_only,0.0,0.0,16,0.9280763338537333,0.0018637443047747615,0.06039678936078974,0.05060991891585795,0.9999995441443102,0.001965218291951111,120,78.99469667486846,0.38659903788555766,653,False,"alpha 1.0, leak 1.2, trust 0.04",1.0,1.2,0.04,6
five_level_weak_anharmonic,integrated_alpha1p0_lw1p2_trust004,0.03,static_only,0.0,0.0,17,0.8975929303612488,0.0018714121864191746,0.03750615991331352,0.08837672242481126,0.9999997324222184,0.001965218291951111,120,78.99469667486846,0.38659903788555766,653,False,"alpha 1.0, leak 1.2, trust 0.04",1.0,1.2,0.04,6
five_level_weak_anharmonic,integrated_alpha1p0_lw1p2_trust004,0.03,static_only,0.0,0.0,18,0.9703919980855397,0.001491478563074744,0.04794761016424176,0.0281668227795613,0.9999996559696075,0.001965218291951111,120,78.99469667486846,0.38659903788555766,653,False,"alpha 1.0, leak 1.2, trust 0.04",1.0,1.2,0.04,6
five_level_weak_anharmonic,integrated_alpha1p0_lw1p2_trust004,0.03,static_only,0.0,0.0,19,0.8443880466345031,0.0016585137948246231,0.046737072068847696,0.12840568404917388,0.9999995955429848,0.001965218291951111,120,78.99469667486846,0.38659903788555766,653,False,"alpha 1.0, leak 1.2, trust 0.04",1.0,1.2,0.04,6
five_level_weak_anharmonic,integrated_alpha1p0_lw1p2_trust004,0.03,static_only,0.0,0.0,20,0.8163446574742249,0.0025556752603159705,0.054986554243596775,0.13966195209091795,0.9999996502754831,0.001965218291951111,120,78.99469667486846,0.38659903788555766,653,False,"alpha 1.0, leak 1.2, trust 0.04",1.0,1.2,0.04,6
five_level_weak_anharmonic,integrated_alpha1p0_lw1p2_trust004,0.03,static_only,0.0,0.0,21,0.9090303556035609,0.005252874284334519,0.044920891010687414,0.061816179699029715,0.9999996407137398,0.001965218291951111,120,78.99469667486846,0.38659903788555766,653,False,"alpha 1.0, leak 1.2, trust 0.04",1.0,1.2,0.04,6
five_level_weak_anharmonic,integrated_alpha1p0_lw1p2_trust004,0.03,static_only,0.0,0.0,22,0.8997724532726231,0.002651891054429756,0.04850130453662449,0.0660611491118852,0.9999995473359787,0.001965218291951111,120,78.99469667486846,0.38659903788555766,653,False,"alpha 1.0, leak 1.2, trust 0.04",1.0,1.2,0.04,6
five_level_weak_anharmonic,integrated_alpha1p0_lw1p2_trust004,0.03,static_only,0.0,0.0,23,0.9820516705359427,0.0017646906593379308,0.04881030311580581,0.00751977535369833,0.9999996375948866,0.001965218291951111,120,78.99469667486846,0.38659903788555766,653,False,"alpha 1.0, leak 1.2, trust 0.04",1.0,1.2,0.04,6
five_level_weak_anharmonic,integrated_alpha1p0_lw1p2_trust004,0.03,static_only,0.0,0.0,24,0.9880764384135969,0.002844471172700369,0.0406661062719571,0.01756283912477295,0.9999996637622134,0.001965218291951111,120,78.99469667486846,0.38659903788555766,653,False,"alpha 1.0, leak 1.2, trust 0.04",1.0,1.2,0.04,6
five_level_weak_anharmonic,integrated_alpha1p0_lw1p2_trust004,0.03,static_only,0.0,0.0,25,0.984748003443491,0.0040883353818275125,0.04989463409386796,0.01786137690483891,0.9999996168163948,0.001965218291951111,120,78.99469667486846,0.38659903788555766,653,False,"alpha 1.0, leak 1.2, trust 0.04",1.0,1.2,0.04,6
five_level_weak_anharmonic,integrated_alpha1p0_lw1p2_trust004,0.03,static_only,0.0,0.0,26,0.9915456918820177,0.0007314722405690199,0.05475822597629243,0.00750592337670009,0.9999996302402291,0.001965218291951111,120,78.99469667486846,0.38659903788555766,653,False,"alpha 1.0, leak 1.2, trust 0.04",1.0,1.2,0.04,6
five_level_weak_anharmonic,integrated_alpha1p0_lw1p2_trust004,0.03,static_only,0.0,0.0,27,0.9664303705990133,0.000811631440700733,0.04270162584523274,0.04247113398544473,0.9999997327522142,0.001965218291951111,120,78.99469667486846,0.38659903788555766,653,False,"alpha 1.0, leak 1.2, trust 0.04",1.0,1.2,0.04,6
five_level_weak_anharmonic,integrated_alpha1p0_lw1p2_trust004,0.03,static_only,0.0,0.0,28,0.889109061333347,0.003919241723826183,0.06435277434288134,0.07212100937783408,0.9999995639442206,0.001965218291951111,120,78.99469667486846,0.38659903788555766,653,False,"alpha 1.0, leak 1.2, trust 0.04",1.0,1.2,0.04,6
five_level_weak_anharmonic,integrated_alpha1p0_lw1p2_trust004,0.03,static_only,0.0,0.0,29,0.9502845744615495,0.000817724868169778,0.048118037191789975,0.03110753334250278,0.9999996649762113,0.001965218291951111,120,78.99469667486846,0.38659903788555766,653,False,"alpha 1.0, leak 1.2, trust 0.04",1.0,1.2,0.04,6
five_level_weak_anharmonic,integrated_alpha1p0_lw1p2_trust004,0.03,static_only,0.0,0.0,30,0.9648909933775786,0.004075501233375078,0.041716735994130616,0.04684691261451313,0.9999996945652866,0.001965218291951111,120,78.99469667486846,0.38659903788555766,653,False,"alpha 1.0, leak 1.2, trust 0.04",1.0,1.2,0.04,6
five_level_weak_anharmonic,integrated_alpha1p0_lw1p2_trust004,0.03,static_only,0.0,0.0,31,0.8901905018332391,0.003777081420713979,0.057176562602148095,0.07653601005769912,0.9999995091956405,0.001965218291951111,120,78.99469667486846,0.38659903788555766,653,False,"alpha 1.0, leak 1.2, trust 0.04",1.0,1.2,0.04,6
five_level_weak_anharmonic,integrated_alpha1p0_lw1p2_trust004,0.03,static_only,0.0,0.0,32,0.9361595349753329,0.00335426376260195,0.053391206382250256,0.04578385948373492,0.9999995077826189,0.001965218291951111,120,78.99469667486846,0.38659903788555766,653,False,"alpha 1.0, leak 1.2, trust 0.04",1.0,1.2,0.04,6
five_level_weak_anharmonic,integrated_alpha1p0_lw1p2_trust004,0.03,static_only,0.0,0.0,33,0.965172107208567,0.0021569681707267474,0.03673837960427928,0.05116002614348378,0.9999997065241247,0.001965218291951111,120,78.99469667486846,0.38659903788555766,653,False,"alpha 1.0, leak 1.2, trust 0.04",1.0,1.2,0.04,6
five_level_weak_anharmonic,integrated_alpha1p0_lw1p2_trust004,0.03,static_only,0.0,0.0,34,0.9966643211781276,0.002142459555072862,0.05295265123486814,0.008801326417852069,0.9999996143489569,0.001965218291951111,120,78.99469667486846,0.38659903788555766,653,False,"alpha 1.0, leak 1.2, trust 0.04",1.0,1.2,0.04,6
five_level_weak_anharmonic,integrated_alpha1p0_lw1p2_trust004,0.03,static_only,0.0,0.0,35,0.8274879388296909,0.0028689493307045844,0.049890299119001336,0.1285364141860699,0.9999996174693422,0.001965218291951111,120,78.99469667486846,0.38659903788555766,653,False,"alpha 1.0, leak 1.2, trust 0.04",1.0,1.2,0.04,6
five_level_weak_anharmonic,integrated_alpha1p0_lw1p2_trust004,0.03,static_only,0.0,0.0,36,0.9718645100527766,0.003115144331223507,0.05626750174299611,0.01673121582654924,0.9999996182229285,0.001965218291951111,120,78.99469667486846,0.38659903788555766,653,False,"alpha 1.0, leak 1.2, trust 0.04",1.0,1.2,0.04,6
five_level_weak_anharmonic,integrated_alpha1p0_lw1p2_trust004,0.03,static_only,0.0,0.0,37,0.777106933396901,0.0023624593234776725,0.03741024699661233,0.20551112293606394,0.9999997741811884,0.001965218291951111,120,78.99469667486846,0.38659903788555766,653,False,"alpha 1.0, leak 1.2, trust 0.04",1.0,1.2,0.04,6
five_level_weak_anharmonic,integrated_alpha1p0_lw1p2_trust004,0.03,static_only,0.0,0.0,38,0.9523710514325772,0.002407546343633271,0.03275455222639201,0.0680194579739198,0.9999997354407326,0.001965218291951111,120,78.99469667486846,0.38659903788555766,653,False,"alpha 1.0, leak 1.2, trust 0.04",1.0,1.2,0.04,6
five_level_weak_anharmonic,integrated_alpha1p0_lw1p2_trust004,0.03,static_only,0.0,0.0,39,0.9906618279613016,0.002192694298526754,0.053516960793320356,0.006004379967409057,0.9999995610268877,0.001965218291951111,120,78.99469667486846,0.38659903788555766,653,False,"alpha 1.0, leak 1.2, trust 0.04",1.0,1.2,0.04,6
five_level_weak_anharmonic,integrated_alpha1p0_lw1p2_trust004,0.03,static_only,0.0,0.0,40,0.9571554762572252,0.0013272626889030414,0.0555936967058529,0.027296896381763514,0.999999607089283,0.001965218291951111,120,78.99469667486846,0.38659903788555766,653,False,"alpha 1.0, leak 1.2, trust 0.04",1.0,1.2,0.04,6
five_level_weak_anharmonic,integrated_alpha1p0_lw1p2_trust004,0.03,static_only,0.0,0.0,41,0.8559581820233778,0.0037274638845608,0.05147905595161539,0.10973012737840808,0.9999995946230478,0.001965218291951111,120,78.99469667486846,0.38659903788555766,653,False,"alpha 1.0, leak 1.2, trust 0.04",1.0,1.2,0.04,6
five_level_weak_anharmonic,integrated_alpha1p0_lw1p2_trust004,0.03,static_only,0.0,0.0,42,0.9893282821900393,0.0014333602304058557,0.05171426942460877,0.004285600840360662,0.9999996244768574,0.001965218291951111,120,78.99469667486846,0.38659903788555766,653,False,"alpha 1.0, leak 1.2, trust 0.04",1.0,1.2,0.04,6
five_level_weak_anharmonic,integrated_alpha1p0_lw1p2_trust004,0.03,static_only,0.0,0.0,43,0.9918737915342669,0.002286788736089451,0.046594749223650034,0.00816152423828667,0.9999996582816708,0.001965218291951111,120,78.99469667486846,0.38659903788555766,653,False,"alpha 1.0, leak 1.2, trust 0.04",1.0,1.2,0.04,6
five_level_weak_anharmonic,integrated_alpha1p0_lw1p2_trust004,0.03,static_only,0.0,0.0,44,0.971946763012985,0.0009682810554052512,0.03855633032087924,0.04085897620946773,0.9999997126572576,0.001965218291951111,120,78.99469667486846,0.38659903788555766,653,False,"alpha 1.0, leak 1.2, trust 0.04",1.0,1.2,0.04,6
five_level_weak_anharmonic,integrated_alpha1p0_lw1p2_trust004,0.03,static_only,0.0,0.0,45,0.998336010997169,0.0011590316580787352,0.05283691061830531,0.0029998002719198746,0.9999996274151196,0.001965218291951111,120,78.99469667486846,0.38659903788555766,653,False,"alpha 1.0, leak 1.2, trust 0.04",1.0,1.2,0.04,6
five_level_weak_anharmonic,integrated_alpha1p0_lw1p2_trust004,0.03,static_only,0.0,0.0,46,0.9188640084960633,0.0031014272990494973,0.04772052441368879,0.06697813764214604,0.9999995896322874,0.001965218291951111,120,78.99469667486846,0.38659903788555766,653,False,"alpha 1.0, leak 1.2, trust 0.04",1.0,1.2,0.04,6
five_level_weak_anharmonic,integrated_alpha1p0_lw1p2_trust004,0.03,static_only,0.0,0.0,47,0.9147748523641389,0.00665754657956108,0.05109307349582293,0.06200814769676976,0.9999996395431071,0.001965218291951111,120,78.99469667486846,0.38659903788555766,653,False,"alpha 1.0, leak 1.2, trust 0.04",1.0,1.2,0.04,6
five_level_weak_anharmonic,integrated_alpha1p0_lw1p2_trust004,0.03,static_only,0.0,0.0,48,0.813221221911948,0.001952399868852206,0.059118327869676635,0.16792136554737117,0.999999426505823,0.001965218291951111,120,78.99469667486846,0.38659903788555766,653,False,"alpha 1.0, leak 1.2, trust 0.04",1.0,1.2,0.04,6
five_level_weak_anharmonic,integrated_alpha1p0_lw1p2_trust004,0.03,static_only,0.0,0.0,49,0.9602651612776821,0.0040354905495252336,0.04604919035021271,0.02689687723263035,0.9999996098057463,0.001965218291951111,120,78.99469667486846,0.38659903788555766,653,False,"alpha 1.0, leak 1.2, trust 0.04",1.0,1.2,0.04,6
five_level_weak_anharmonic,integrated_alpha1p0_lw1p2_trust004,0.03,static_only,0.0,0.0,50,0.9772071721618244,0.002016036500283369,0.044635587084049466,0.027937867578724327,0.9999996881531968,0.001965218291951111,120,78.99469667486846,0.38659903788555766,653,False,"alpha 1.0, leak 1.2, trust 0.04",1.0,1.2,0.04,6
five_level_weak_anharmonic,integrated_alpha1p0_lw1p2_trust004,0.03,static_only,0.0,0.0,51,0.9215339602648096,0.0022843623014393577,0.0525523268378133,0.05746469623146872,0.9999996145221275,0.001965218291951111,120,78.99469667486846,0.38659903788555766,653,False,"alpha 1.0, leak 1.2, trust 0.04",1.0,1.2,0.04,6
five_level_weak_anharmonic,integrated_alpha1p0_lw1p2_trust004,0.03,static_only,0.0,0.0,52,0.8804362816589261,0.0018241630061132108,0.0463525036735174,0.09099975623706763,0.9999995697210946,0.001965218291951111,120,78.99469667486846,0.38659903788555766,653,False,"alpha 1.0, leak 1.2, trust 0.04",1.0,1.2,0.04,6
five_level_weak_anharmonic,integrated_alpha1p0_lw1p2_trust004,0.03,static_only,0.0,0.0,53,0.9551731778464777,0.0008537842022647846,0.049533808552712166,0.050655590625783786,0.999999591364108,0.001965218291951111,120,78.99469667486846,0.38659903788555766,653,False,"alpha 1.0, leak 1.2, trust 0.04",1.0,1.2,0.04,6
five_level_weak_anharmonic,integrated_alpha1p0_lw1p2_trust004,0.03,static_only,0.0,0.0,54,0.9776933753464948,0.0005543563698634513,0.05072304060788957,0.024095206539720894,0.9999995940876797,0.001965218291951111,120,78.99469667486846,0.38659903788555766,653,False,"alpha 1.0, leak 1.2, trust 0.04",1.0,1.2,0.04,6
five_level_weak_anharmonic,integrated_alpha1p0_lw1p2_trust004,0.03,static_only,0.0,0.0,55,0.9531871545114098,0.0030501698293138313,0.0476254155233673,0.051576322206359236,0.9999996517644812,0.001965218291951111,120,78.99469667486846,0.38659903788555766,653,False,"alpha 1.0, leak 1.2, trust 0.04",1.0,1.2,0.04,6
five_level_weak_anharmonic,integrated_alpha1p0_lw1p2_trust004,0.03,static_only,0.0,0.0,56,0.9743728184194073,0.0007597825276911552,0.04731066282509522,0.02262704848168061,0.9999995676038653,0.001965218291951111,120,78.99469667486846,0.38659903788555766,653,False,"alpha 1.0, leak 1.2, trust 0.04",1.0,1.2,0.04,6
five_level_weak_anharmonic,integrated_alpha1p0_lw1p2_trust004,0.03,static_only,0.0,0.0,57,0.8748656144736489,0.006234076997144289,0.045469228561203834,0.10367383770196287,0.9999996308207428,0.001965218291951111,120,78.99469667486846,0.38659903788555766,653,False,"alpha 1.0, leak 1.2, trust 0.04",1.0,1.2,0.04,6
five_level_weak_anharmonic,integrated_alpha1p0_lw1p2_trust004,0.03,static_only,0.0,0.0,58,0.9889581990675795,0.003585389293051744,0.04635032105012782,0.003637356928151969,0.9999996676004529,0.001965218291951111,120,78.99469667486846,0.38659903788555766,653,False,"alpha 1.0, leak 1.2, trust 0.04",1.0,1.2,0.04,6
five_level_weak_anharmonic,integrated_alpha1p0_lw1p2_trust004,0.03,static_only,0.0,0.0,59,0.8704418437021224,0.002001227029914565,0.05575598239209234,0.11440564975014018,0.9999994393760891,0.001965218291951111,120,78.99469667486846,0.38659903788555766,653,False,"alpha 1.0, leak 1.2, trust 0.04",1.0,1.2,0.04,6
five_level_weak_anharmonic,integrated_alpha1p0_lw1p2_trust004,0.03,deph_0.001,0.001,0.0,10,0.8814393913316911,0.0029431080983067792,0.04751641461810552,0.07006564044377721,0.9845526354174238,0.001965218291951111,120,78.99469667486846,0.38659903788555766,653,False,"alpha 1.0, leak 1.2, trust 0.04",1.0,1.2,0.04,6
five_level_weak_anharmonic,integrated_alpha1p0_lw1p2_trust004,0.03,deph_0.001,0.001,0.0,11,0.8683124701266223,0.004599542755097219,0.06440510412159084,0.10301775977785006,0.9868442339674918,0.001965218291951111,120,78.99469667486846,0.38659903788555766,653,False,"alpha 1.0, leak 1.2, trust 0.04",1.0,1.2,0.04,6
five_level_weak_anharmonic,integrated_alpha1p0_lw1p2_trust004,0.03,deph_0.001,0.001,0.0,12,0.8318472130452815,0.0012696703056790382,0.05538823380531155,0.14681209460748204,0.9833768666149942,0.001965218291951111,120,78.99469667486846,0.38659903788555766,653,False,"alpha 1.0, leak 1.2, trust 0.04",1.0,1.2,0.04,6
five_level_weak_anharmonic,integrated_alpha1p0_lw1p2_trust004,0.03,deph_0.001,0.001,0.0,13,0.8283023574711708,0.0014647743286919646,0.04069806248867913,0.17689203002867718,0.9774659557142903,0.001965218291951111,120,78.99469667486846,0.38659903788555766,653,False,"alpha 1.0, leak 1.2, trust 0.04",1.0,1.2,0.04,6
five_level_weak_anharmonic,integrated_alpha1p0_lw1p2_trust004,0.03,deph_0.001,0.001,0.0,14,0.9137962509789462,0.002718836141339276,0.04121536991615249,0.08341235460049795,0.9827647655668856,0.001965218291951111,120,78.99469667486846,0.38659903788555766,653,False,"alpha 1.0, leak 1.2, trust 0.04",1.0,1.2,0.04,6
five_level_weak_anharmonic,integrated_alpha1p0_lw1p2_trust004,0.03,deph_0.001,0.001,0.0,15,0.9813698310939627,0.0025409470884520946,0.05429018702420685,0.015472939008585408,0.9859657116986934,0.001965218291951111,120,78.99469667486846,0.38659903788555766,653,False,"alpha 1.0, leak 1.2, trust 0.04",1.0,1.2,0.04,6
five_level_weak_anharmonic,integrated_alpha1p0_lw1p2_trust004,0.03,deph_0.001,0.001,0.0,16,0.9229259656999301,0.0028055191292571946,0.0607788757787463,0.05610645075981674,0.9867010630828742,0.001965218291951111,120,78.99469667486846,0.38659903788555766,653,False,"alpha 1.0, leak 1.2, trust 0.04",1.0,1.2,0.04,6
five_level_weak_anharmonic,integrated_alpha1p0_lw1p2_trust004,0.03,deph_0.001,0.001,0.0,17,0.8922184469366439,0.0024775020966070205,0.03783686694578592,0.09398695600973539,0.9813438228541471,0.001965218291951111,120,78.99469667486846,0.38659903788555766,653,False,"alpha 1.0, leak 1.2, trust 0.04",1.0,1.2,0.04,6
five_level_weak_anharmonic,integrated_alpha1p0_lw1p2_trust004,0.03,deph_0.001,0.001,0.0,18,0.9636964279003692,0.002240452364630663,0.048203976805407445,0.03471066818150793,0.9839778162349394,0.001965218291951111,120,78.99469667486846,0.38659903788555766,653,False,"alpha 1.0, leak 1.2, trust 0.04",1.0,1.2,0.04,6
five_level_weak_anharmonic,integrated_alpha1p0_lw1p2_trust004,0.03,deph_0.001,0.001,0.0,19,0.8412533188454375,0.0024229511628165445,0.04697394805818167,0.13212528251582115,0.9847434556270119,0.001965218291951111,120,78.99469667486846,0.38659903788555766,653,False,"alpha 1.0, leak 1.2, trust 0.04",1.0,1.2,0.04,6
five_level_weak_anharmonic,integrated_alpha1p0_lw1p2_trust004,0.03,deph_0.001,0.001,0.0,20,0.8130839286656516,0.003493904698209871,0.05534713893678456,0.14389771524830733,0.9821625639811586,0.001965218291951111,120,78.99469667486846,0.38659903788555766,653,False,"alpha 1.0, leak 1.2, trust 0.04",1.0,1.2,0.04,6
five_level_weak_anharmonic,integrated_alpha1p0_lw1p2_trust004,0.03,deph_0.001,0.001,0.0,21,0.9045484139218795,0.005776697580819445,0.04510690547670082,0.0669451306395341,0.986135815788585,0.001965218291951111,120,78.99469667486846,0.38659903788555766,653,False,"alpha 1.0, leak 1.2, trust 0.04",1.0,1.2,0.04,6
five_level_weak_anharmonic,integrated_alpha1p0_lw1p2_trust004,0.03,deph_0.001,0.001,0.0,22,0.8949684531085972,0.003482289341203426,0.04880160123402488,0.0713620418008788,0.9868474658014669,0.001965218291951111,120,78.99469667486846,0.38659903788555766,653,False,"alpha 1.0, leak 1.2, trust 0.04",1.0,1.2,0.04,6
five_level_weak_anharmonic,integrated_alpha1p0_lw1p2_trust004,0.03,deph_0.001,0.001,0.0,23,0.9757253416388556,0.0023789403281575527,0.0490468426761157,0.013829485874019318,0.9876572915411042,0.001965218291951111,120,78.99469667486846,0.38659903788555766,653,False,"alpha 1.0, leak 1.2, trust 0.04",1.0,1.2,0.04,6
five_level_weak_anharmonic,integrated_alpha1p0_lw1p2_trust004,0.03,deph_0.001,0.001,0.0,24,0.9815751869290265,0.003484731133372998,0.0409892714304414,0.02374833878425896,0.9854298349882741,0.001965218291951111,120,78.99469667486846,0.38659903788555766,653,False,"alpha 1.0, leak 1.2, trust 0.04",1.0,1.2,0.04,6
five_level_weak_anharmonic,integrated_alpha1p0_lw1p2_trust004,0.03,deph_0.001,0.001,0.0,25,0.9782505505882242,0.004757516343626533,0.050067554180093676,0.024082645224669835,0.9857847431945652,0.001965218291951111,120,78.99469667486846,0.38659903788555766,653,False,"alpha 1.0, leak 1.2, trust 0.04",1.0,1.2,0.04,6
five_level_weak_anharmonic,integrated_alpha1p0_lw1p2_trust004,0.03,deph_0.001,0.001,0.0,26,0.984465120813511,0.0015659608369601452,0.05512008907404797,0.014375557192577562,0.9854573278559132,0.001965218291951111,120,78.99469667486846,0.38659903788555766,653,False,"alpha 1.0, leak 1.2, trust 0.04",1.0,1.2,0.04,6
five_level_weak_anharmonic,integrated_alpha1p0_lw1p2_trust004,0.03,deph_0.001,0.001,0.0,27,0.9599505541440708,0.0014024904501062085,0.043028881732888324,0.048605546458526126,0.9831447303402413,0.001965218291951111,120,78.99469667486846,0.38659903788555766,653,False,"alpha 1.0, leak 1.2, trust 0.04",1.0,1.2,0.04,6
five_level_weak_anharmonic,integrated_alpha1p0_lw1p2_trust004,0.03,deph_0.001,0.001,0.0,28,0.8843957039854918,0.004750683724566551,0.0647144822490544,0.07752663462173023,0.9854855856591052,0.001965218291951111,120,78.99469667486846,0.38659903788555766,653,False,"alpha 1.0, leak 1.2, trust 0.04",1.0,1.2,0.04,6
five_level_weak_anharmonic,integrated_alpha1p0_lw1p2_trust004,0.03,deph_0.001,0.001,0.0,29,0.9442675940125553,0.0013625956627979496,0.048331007419955,0.0373142961661819,0.9855042348369021,0.001965218291951111,120,78.99469667486846,0.38659903788555766,653,False,"alpha 1.0, leak 1.2, trust 0.04",1.0,1.2,0.04,6
five_level_weak_anharmonic,integrated_alpha1p0_lw1p2_trust004,0.03,deph_0.001,0.001,0.0,30,0.9581803381715892,0.004588886151208782,0.04180875512466975,0.05307683964404853,0.9824735075053213,0.001965218291951111,120,78.99469667486846,0.38659903788555766,653,False,"alpha 1.0, leak 1.2, trust 0.04",1.0,1.2,0.04,6
five_level_weak_anharmonic,integrated_alpha1p0_lw1p2_trust004,0.03,deph_0.001,0.001,0.0,31,0.8854674496395843,0.004623478000742476,0.05756887688188783,0.08173116983943889,0.9871025281222037,0.001965218291951111,120,78.99469667486846,0.38659903788555766,653,False,"alpha 1.0, leak 1.2, trust 0.04",1.0,1.2,0.04,6
five_level_weak_anharmonic,integrated_alpha1p0_lw1p2_trust004,0.03,deph_0.001,0.001,0.0,32,0.930912577463389,0.004145145806199069,0.05363655901185971,0.05121601506252281,0.9881394692614879,0.001965218291951111,120,78.99469667486846,0.38659903788555766,653,False,"alpha 1.0, leak 1.2, trust 0.04",1.0,1.2,0.04,6
five_level_weak_anharmonic,integrated_alpha1p0_lw1p2_trust004,0.03,deph_0.001,0.001,0.0,33,0.9579511323485919,0.002823416279626012,0.03700866050797558,0.05768007547540693,0.9817303956674829,0.001965218291951111,120,78.99469667486846,0.38659903788555766,653,False,"alpha 1.0, leak 1.2, trust 0.04",1.0,1.2,0.04,6
five_level_weak_anharmonic,integrated_alpha1p0_lw1p2_trust004,0.03,deph_0.001,0.001,0.0,34,0.9892714850136874,0.003089039214804856,0.05348467191605899,0.015799717732868226,0.9849410994699542,0.001965218291951111,120,78.99469667486846,0.38659903788555766,653,False,"alpha 1.0, leak 1.2, trust 0.04",1.0,1.2,0.04,6
five_level_weak_anharmonic,integrated_alpha1p0_lw1p2_trust004,0.03,deph_0.001,0.001,0.0,35,0.8236611587212572,0.0037944460111387635,0.050368565928738285,0.1333869720281554,0.9812657104825183,0.001965218291951111,120,78.99469667486846,0.38659903788555766,653,False,"alpha 1.0, leak 1.2, trust 0.04",1.0,1.2,0.04,6
five_level_weak_anharmonic,integrated_alpha1p0_lw1p2_trust004,0.03,deph_0.001,0.001,0.0,36,0.9661348646493737,0.003737167682263731,0.056576670177790334,0.022608307675063676,0.9882203826340118,0.001965218291951111,120,78.99469667486846,0.38659903788555766,653,False,"alpha 1.0, leak 1.2, trust 0.04",1.0,1.2,0.04,6
five_level_weak_anharmonic,integrated_alpha1p0_lw1p2_trust004,0.03,deph_0.001,0.001,0.0,37,0.7727210697923966,0.0029026167880741305,0.0376672625545984,0.21016823532550422,0.9764750093713005,0.001965218291951111,120,78.99469667486846,0.38659903788555766,653,False,"alpha 1.0, leak 1.2, trust 0.04",1.0,1.2,0.04,6
five_level_weak_anharmonic,integrated_alpha1p0_lw1p2_trust004,0.03,deph_0.001,0.001,0.0,38,0.9458045394130139,0.002847511603202846,0.03289226689690694,0.07382536991781363,0.9816249110164468,0.001965218291951111,120,78.99469667486846,0.38659903788555766,653,False,"alpha 1.0, leak 1.2, trust 0.04",1.0,1.2,0.04,6
five_level_weak_anharmonic,integrated_alpha1p0_lw1p2_trust004,0.03,deph_0.001,0.001,0.0,39,0.9842786638728926,0.0030478595286199672,0.05385711322534381,0.012293467583498892,0.9875214160620631,0.001965218291951111,120,78.99469667486846,0.38659903788555766,653,False,"alpha 1.0, leak 1.2, trust 0.04",1.0,1.2,0.04,6
five_level_weak_anharmonic,integrated_alpha1p0_lw1p2_trust004,0.03,deph_0.001,0.001,0.0,40,0.9512166207534769,0.0021279977327148814,0.05581127097325567,0.03343737593036721,0.986005994871804,0.001965218291951111,120,78.99469667486846,0.38659903788555766,653,False,"alpha 1.0, leak 1.2, trust 0.04",1.0,1.2,0.04,6
five_level_weak_anharmonic,integrated_alpha1p0_lw1p2_trust004,0.03,deph_0.001,0.001,0.0,41,0.8522563536070148,0.004527031162829598,0.05168520899031259,0.11417908292075273,0.9841282311888108,0.001965218291951111,120,78.99469667486846,0.38659903788555766,653,False,"alpha 1.0, leak 1.2, trust 0.04",1.0,1.2,0.04,6
five_level_weak_anharmonic,integrated_alpha1p0_lw1p2_trust004,0.03,deph_0.001,0.001,0.0,42,0.9819325926234638,0.0022480037205279135,0.05208330263253402,0.011401950781988112,0.9859549200076758,0.001965218291951111,120,78.99469667486846,0.38659903788555766,653,False,"alpha 1.0, leak 1.2, trust 0.04",1.0,1.2,0.04,6
five_level_weak_anharmonic,integrated_alpha1p0_lw1p2_trust004,0.03,deph_0.001,0.001,0.0,43,0.9857694508247417,0.0028266333897095652,0.046801562898441285,0.014128309123507758,0.9875148413006186,0.001965218291951111,120,78.99469667486846,0.38659903788555766,653,False,"alpha 1.0, leak 1.2, trust 0.04",1.0,1.2,0.04,6
five_level_weak_anharmonic,integrated_alpha1p0_lw1p2_trust004,0.03,deph_0.001,0.001,0.0,44,0.9645231220803918,0.00140529380529264,0.03882311194544885,0.04757675190069522,0.9823665010169231,0.001965218291951111,120,78.99469667486846,0.38659903788555766,653,False,"alpha 1.0, leak 1.2, trust 0.04",1.0,1.2,0.04,6
five_level_weak_anharmonic,integrated_alpha1p0_lw1p2_trust004,0.03,deph_0.001,0.001,0.0,45,0.9908915495918188,0.002163429814512563,0.053330240782245575,0.010074513840349391,0.9854537970963948,0.001965218291951111,120,78.99469667486846,0.38659903788555766,653,False,"alpha 1.0, leak 1.2, trust 0.04",1.0,1.2,0.04,6
five_level_weak_anharmonic,integrated_alpha1p0_lw1p2_trust004,0.03,deph_0.001,0.001,0.0,46,0.9146235148128359,0.003679313443704424,0.047825504200045166,0.07151501562733145,0.9875764487173936,0.001965218291951111,120,78.99469667486846,0.38659903788555766,653,False,"alpha 1.0, leak 1.2, trust 0.04",1.0,1.2,0.04,6
five_level_weak_anharmonic,integrated_alpha1p0_lw1p2_trust004,0.03,deph_0.001,0.001,0.0,47,0.9101539340868338,0.007220225352248644,0.05128777617758884,0.06722614192276292,0.9852720689975174,0.001965218291951111,120,78.99469667486846,0.38659903788555766,653,False,"alpha 1.0, leak 1.2, trust 0.04",1.0,1.2,0.04,6
five_level_weak_anharmonic,integrated_alpha1p0_lw1p2_trust004,0.03,deph_0.001,0.001,0.0,48,0.8106761636851979,0.0027375346003719603,0.059373893618628104,0.17076723116115228,0.9858351916412552,0.001965218291951111,120,78.99469667486846,0.38659903788555766,653,False,"alpha 1.0, leak 1.2, trust 0.04",1.0,1.2,0.04,6
five_level_weak_anharmonic,integrated_alpha1p0_lw1p2_trust004,0.03,deph_0.001,0.001,0.0,49,0.9545465855286409,0.004851119953930283,0.04646935066305624,0.032875248152617095,0.9859747062068296,0.001965218291951111,120,78.99469667486846,0.38659903788555766,653,False,"alpha 1.0, leak 1.2, trust 0.04",1.0,1.2,0.04,6
five_level_weak_anharmonic,integrated_alpha1p0_lw1p2_trust004,0.03,deph_0.001,0.001,0.0,50,0.9706288760579829,0.0027030326080823563,0.044969176698120616,0.034277140694979884,0.9838773013715583,0.001965218291951111,120,78.99469667486846,0.38659903788555766,653,False,"alpha 1.0, leak 1.2, trust 0.04",1.0,1.2,0.04,6
five_level_weak_anharmonic,integrated_alpha1p0_lw1p2_trust004,0.03,deph_0.001,0.001,0.0,51,0.9159382005111164,0.003249321928862625,0.0528651872712792,0.06344753728560037,0.9837229162385004,0.001965218291951111,120,78.99469667486846,0.38659903788555766,653,False,"alpha 1.0, leak 1.2, trust 0.04",1.0,1.2,0.04,6
five_level_weak_anharmonic,integrated_alpha1p0_lw1p2_trust004,0.03,deph_0.001,0.001,0.0,52,0.8763968587485638,0.002732734123241154,0.046686241119698435,0.09561918638151493,0.9852263707462928,0.001965218291951111,120,78.99469667486846,0.38659903788555766,653,False,"alpha 1.0, leak 1.2, trust 0.04",1.0,1.2,0.04,6
five_level_weak_anharmonic,integrated_alpha1p0_lw1p2_trust004,0.03,deph_0.001,0.001,0.0,53,0.94926682896141,0.0016527430969960344,0.04974306495618386,0.05615460439296191,0.9845146672534251,0.001965218291951111,120,78.99469667486846,0.38659903788555766,653,False,"alpha 1.0, leak 1.2, trust 0.04",1.0,1.2,0.04,6
five_level_weak_anharmonic,integrated_alpha1p0_lw1p2_trust004,0.03,deph_0.001,0.001,0.0,54,0.9714023868757705,0.0013271116308649633,0.051132040796626255,0.030102980727132515,0.9863768095673143,0.001965218291951111,120,78.99469667486846,0.38659903788555766,653,False,"alpha 1.0, leak 1.2, trust 0.04",1.0,1.2,0.04,6
five_level_weak_anharmonic,integrated_alpha1p0_lw1p2_trust004,0.03,deph_0.001,0.001,0.0,55,0.9461463233851188,0.0036970175034768404,0.04797953119763565,0.058154272636736504,0.9819414848685486,0.001965218291951111,120,78.99469667486846,0.38659903788555766,653,False,"alpha 1.0, leak 1.2, trust 0.04",1.0,1.2,0.04,6
five_level_weak_anharmonic,integrated_alpha1p0_lw1p2_trust004,0.03,deph_0.001,0.001,0.0,56,0.9685513454303156,0.0013967070232636658,0.047469735259727974,0.028249923907053234,0.9882792134053543,0.001965218291951111,120,78.99469667486846,0.38659903788555766,653,False,"alpha 1.0, leak 1.2, trust 0.04",1.0,1.2,0.04,6
five_level_weak_anharmonic,integrated_alpha1p0_lw1p2_trust004,0.03,deph_0.001,0.001,0.0,57,0.8696352585926997,0.0071695142483017005,0.045850158835481825,0.10939163317558137,0.9797646114229555,0.001965218291951111,120,78.99469667486846,0.38659903788555766,653,False,"alpha 1.0, leak 1.2, trust 0.04",1.0,1.2,0.04,6
five_level_weak_anharmonic,integrated_alpha1p0_lw1p2_trust004,0.03,deph_0.001,0.001,0.0,58,0.9830482220838513,0.004042757838828681,0.046535136360199236,0.009634659777476821,0.988125944047023,0.001965218291951111,120,78.99469667486846,0.38659903788555766,653,False,"alpha 1.0, leak 1.2, trust 0.04",1.0,1.2,0.04,6
five_level_weak_anharmonic,integrated_alpha1p0_lw1p2_trust004,0.03,deph_0.001,0.001,0.0,59,0.8668429863395594,0.0029141623650785764,0.05620375484413154,0.11831789015956075,0.9858930807813688,0.001965218291951111,120,78.99469667486846,0.38659903788555766,653,False,"alpha 1.0, leak 1.2, trust 0.04",1.0,1.2,0.04,6
five_level_weak_anharmonic,integrated_alpha1p0_lw1p2_trust004,0.03,relax_0.0005,0.0,0.0005,10,0.8720396676638281,0.0021328032984702094,0.04697249654031466,0.07783911784087001,0.9654130211204732,0.001965218291951111,120,78.99469667486846,0.38659903788555766,653,False,"alpha 1.0, leak 1.2, trust 0.04",1.0,1.2,0.04,6
five_level_weak_anharmonic,integrated_alpha1p0_lw1p2_trust004,0.03,relax_0.0005,0.0,0.0005,11,0.8571729685348809,0.0036504824309356865,0.06371445650240992,0.11190352573504643,0.9617917146151098,0.001965218291951111,120,78.99469667486846,0.38659903788555766,653,False,"alpha 1.0, leak 1.2, trust 0.04",1.0,1.2,0.04,6
five_level_weak_anharmonic,integrated_alpha1p0_lw1p2_trust004,0.03,relax_0.0005,0.0,0.0005,12,0.8164546601682499,0.000576955404857582,0.054895254029059926,0.15920838168891824,0.9657449226200344,0.001965218291951111,120,78.99469667486846,0.38659903788555766,653,False,"alpha 1.0, leak 1.2, trust 0.04",1.0,1.2,0.04,6
five_level_weak_anharmonic,integrated_alpha1p0_lw1p2_trust004,0.03,relax_0.0005,0.0,0.0005,13,0.8193479798686929,0.0008632627153509764,0.040099272716429324,0.18453897252405063,0.9770418796754797,0.001965218291951111,120,78.99469667486846,0.38659903788555766,653,False,"alpha 1.0, leak 1.2, trust 0.04",1.0,1.2,0.04,6
five_level_weak_anharmonic,integrated_alpha1p0_lw1p2_trust004,0.03,relax_0.0005,0.0,0.0005,14,0.9053018233185144,0.0021316343347564937,0.04076834611443436,0.09063999515719293,0.9695146960715597,0.001965218291951111,120,78.99469667486846,0.38659903788555766,653,False,"alpha 1.0, leak 1.2, trust 0.04",1.0,1.2,0.04,6
five_level_weak_anharmonic,integrated_alpha1p0_lw1p2_trust004,0.03,relax_0.0005,0.0,0.0005,15,0.9685267564753339,0.001631425312443091,0.053707139807578796,0.025540750091521746,0.963405597042377,0.001965218291951111,120,78.99469667486846,0.38659903788555766,653,False,"alpha 1.0, leak 1.2, trust 0.04",1.0,1.2,0.04,6
five_level_weak_anharmonic,integrated_alpha1p0_lw1p2_trust004,0.03,relax_0.0005,0.0,0.0005,16,0.910490429794911,0.001836862619671198,0.060094603304869265,0.06591426315383712,0.9618025185923561,0.001965218291951111,120,78.99469667486846,0.38659903788555766,653,False,"alpha 1.0, leak 1.2, trust 0.04",1.0,1.2,0.04,6
five_level_weak_anharmonic,integrated_alpha1p0_lw1p2_trust004,0.03,relax_0.0005,0.0,0.0005,17,0.8787848404367024,0.0018312523255593627,0.03735828629961824,0.10471687391100132,0.9703400858873188,0.001965218291951111,120,78.99469667486846,0.38659903788555766,653,False,"alpha 1.0, leak 1.2, trust 0.04",1.0,1.2,0.04,6
five_level_weak_anharmonic,integrated_alpha1p0_lw1p2_trust004,0.03,relax_0.0005,0.0,0.0005,18,0.9514284448061925,0.0014916933610372718,0.0476862897395548,0.04449918148216274,0.966690723052334,0.001965218291951111,120,78.99469667486846,0.38659903788555766,653,False,"alpha 1.0, leak 1.2, trust 0.04",1.0,1.2,0.04,6
five_level_weak_anharmonic,integrated_alpha1p0_lw1p2_trust004,0.03,relax_0.0005,0.0,0.0005,19,0.826244978740352,0.0016324370885701933,0.046481214472013144,0.14425583632486316,0.9640422917672812,0.001965218291951111,120,78.99469667486846,0.38659903788555766,653,False,"alpha 1.0, leak 1.2, trust 0.04",1.0,1.2,0.04,6
five_level_weak_anharmonic,integrated_alpha1p0_lw1p2_trust004,0.03,relax_0.0005,0.0,0.0005,20,0.7990507742723175,0.0025101314182262024,0.05466881290655923,0.15510955271048282,0.9663176380080309,0.001965218291951111,120,78.99469667486846,0.38659903788555766,653,False,"alpha 1.0, leak 1.2, trust 0.04",1.0,1.2,0.04,6
five_level_weak_anharmonic,integrated_alpha1p0_lw1p2_trust004,0.03,relax_0.0005,0.0,0.0005,21,0.8905721736881597,0.005076419734611037,0.04465241042652368,0.07807981890695732,0.9628928877308665,0.001965218291951111,120,78.99469667486846,0.38659903788555766,653,False,"alpha 1.0, leak 1.2, trust 0.04",1.0,1.2,0.04,6
five_level_weak_anharmonic,integrated_alpha1p0_lw1p2_trust004,0.03,relax_0.0005,0.0,0.0005,22,0.8833860175660404,0.0026180167307932045,0.04825851256630731,0.08067999142619747,0.9619329538279553,0.001965218291951111,120,78.99469667486846,0.38659903788555766,653,False,"alpha 1.0, leak 1.2, trust 0.04",1.0,1.2,0.04,6
five_level_weak_anharmonic,integrated_alpha1p0_lw1p2_trust004,0.03,relax_0.0005,0.0,0.0005,23,0.9644467300071436,0.0017204422645595852,0.04851775289219151,0.022834301824011596,0.9624727773149063,0.001965218291951111,120,78.99469667486846,0.38659903788555766,653,False,"alpha 1.0, leak 1.2, trust 0.04",1.0,1.2,0.04,6
five_level_weak_anharmonic,integrated_alpha1p0_lw1p2_trust004,0.03,relax_0.0005,0.0,0.0005,24,0.9697917188643851,0.0027816458441266567,0.040508476126172255,0.033233769747838184,0.9656506872952567,0.001965218291951111,120,78.99469667486846,0.38659903788555766,653,False,"alpha 1.0, leak 1.2, trust 0.04",1.0,1.2,0.04,6
five_level_weak_anharmonic,integrated_alpha1p0_lw1p2_trust004,0.03,relax_0.0005,0.0,0.0005,25,0.9670446224569514,0.004002838696389066,0.04960325272475696,0.033102436342151126,0.9650751689670124,0.001965218291951111,120,78.99469667486846,0.38659903788555766,653,False,"alpha 1.0, leak 1.2, trust 0.04",1.0,1.2,0.04,6
five_level_weak_anharmonic,integrated_alpha1p0_lw1p2_trust004,0.03,relax_0.0005,0.0,0.0005,26,0.9731302174666319,0.0007490372351719454,0.05444215307685596,0.023376880665121082,0.9648838323131754,0.001965218291951111,120,78.99469667486846,0.38659903788555766,653,False,"alpha 1.0, leak 1.2, trust 0.04",1.0,1.2,0.04,6
five_level_weak_anharmonic,integrated_alpha1p0_lw1p2_trust004,0.03,relax_0.0005,0.0,0.0005,27,0.9477759372297184,0.0007994981653879352,0.042502378693339504,0.058355528714855574,0.9685325447700688,0.001965218291951111,120,78.99469667486846,0.38659903788555766,653,False,"alpha 1.0, leak 1.2, trust 0.04",1.0,1.2,0.04,6
five_level_weak_anharmonic,integrated_alpha1p0_lw1p2_trust004,0.03,relax_0.0005,0.0,0.0005,28,0.8730544935299807,0.00379317785997213,0.06402054582515393,0.08650322404384908,0.963667947984058,0.001965218291951111,120,78.99469667486846,0.38659903788555766,653,False,"alpha 1.0, leak 1.2, trust 0.04",1.0,1.2,0.04,6
five_level_weak_anharmonic,integrated_alpha1p0_lw1p2_trust004,0.03,relax_0.0005,0.0,0.0005,29,0.9323705676107618,0.0007897083845734842,0.04784415571290079,0.04679769252951136,0.9652929927354887,0.001965218291951111,120,78.99469667486846,0.38659903788555766,653,False,"alpha 1.0, leak 1.2, trust 0.04",1.0,1.2,0.04,6
five_level_weak_anharmonic,integrated_alpha1p0_lw1p2_trust004,0.03,relax_0.0005,0.0,0.0005,30,0.9467069258087545,0.003984666742916088,0.041465199207828984,0.06250594558279725,0.9696682316273175,0.001965218291951111,120,78.99469667486846,0.38659903788555766,653,False,"alpha 1.0, leak 1.2, trust 0.04",1.0,1.2,0.04,6
five_level_weak_anharmonic,integrated_alpha1p0_lw1p2_trust004,0.03,relax_0.0005,0.0,0.0005,31,0.8753914979995292,0.0036843670293610353,0.05699805090452803,0.08978305062783909,0.9618882976349226,0.001965218291951111,120,78.99469667486846,0.38659903788555766,653,False,"alpha 1.0, leak 1.2, trust 0.04",1.0,1.2,0.04,6
five_level_weak_anharmonic,integrated_alpha1p0_lw1p2_trust004,0.03,relax_0.0005,0.0,0.0005,32,0.9194988654414316,0.003285471240403237,0.05310867068070002,0.0603252549151893,0.960867103324761,0.001965218291951111,120,78.99469667486846,0.38659903788555766,653,False,"alpha 1.0, leak 1.2, trust 0.04",1.0,1.2,0.04,6
five_level_weak_anharmonic,integrated_alpha1p0_lw1p2_trust004,0.03,relax_0.0005,0.0,0.0005,33,0.9470320704650637,0.00214606199892986,0.03656163503115217,0.06676078936848874,0.9700820697912115,0.001965218291951111,120,78.99469667486846,0.38659903788555766,653,False,"alpha 1.0, leak 1.2, trust 0.04",1.0,1.2,0.04,6
five_level_weak_anharmonic,integrated_alpha1p0_lw1p2_trust004,0.03,relax_0.0005,0.0,0.0005,34,0.97886622821018,0.002125412492970935,0.052700826711567395,0.024148602409314778,0.9656079499567657,0.001965218291951111,120,78.99469667486846,0.38659903788555766,653,False,"alpha 1.0, leak 1.2, trust 0.04",1.0,1.2,0.04,6
five_level_weak_anharmonic,integrated_alpha1p0_lw1p2_trust004,0.03,relax_0.0005,0.0,0.0005,35,0.8098507878203258,0.002818357650589687,0.04965829657720455,0.1443237810707666,0.9671505901774953,0.001965218291951111,120,78.99469667486846,0.38659903788555766,653,False,"alpha 1.0, leak 1.2, trust 0.04",1.0,1.2,0.04,6
five_level_weak_anharmonic,integrated_alpha1p0_lw1p2_trust004,0.03,relax_0.0005,0.0,0.0005,36,0.954058337873808,0.002999037360545298,0.0559703668023126,0.03211379858909985,0.9614945628622837,0.001965218291951111,120,78.99469667486846,0.38659903788555766,653,False,"alpha 1.0, leak 1.2, trust 0.04",1.0,1.2,0.04,6
five_level_weak_anharmonic,integrated_alpha1p0_lw1p2_trust004,0.03,relax_0.0005,0.0,0.0005,37,0.7604237291560764,0.0022900934030919418,0.03723785204802321,0.2202177326559433,0.9780426018826982,0.001965218291951111,120,78.99469667486846,0.38659903788555766,653,False,"alpha 1.0, leak 1.2, trust 0.04",1.0,1.2,0.04,6
five_level_weak_anharmonic,integrated_alpha1p0_lw1p2_trust004,0.03,relax_0.0005,0.0,0.0005,38,0.9355088100110536,0.0023772932799478452,0.032553461353399205,0.08248627323326513,0.9708446812631001,0.001965218291951111,120,78.99469667486846,0.38659903788555766,653,False,"alpha 1.0, leak 1.2, trust 0.04",1.0,1.2,0.04,6
five_level_weak_anharmonic,integrated_alpha1p0_lw1p2_trust004,0.03,relax_0.0005,0.0,0.0005,39,0.9726689741049618,0.0021883855492101922,0.05326304597895981,0.021453008420450552,0.9621560050669261,0.001965218291951111,120,78.99469667486846,0.38659903788555766,653,False,"alpha 1.0, leak 1.2, trust 0.04",1.0,1.2,0.04,6
five_level_weak_anharmonic,integrated_alpha1p0_lw1p2_trust004,0.03,relax_0.0005,0.0,0.0005,40,0.9385512265575682,0.0013104842751119339,0.05525824380604427,0.04343806479837078,0.9635153871792174,0.001965218291951111,120,78.99469667486846,0.38659903788555766,653,False,"alpha 1.0, leak 1.2, trust 0.04",1.0,1.2,0.04,6
five_level_weak_anharmonic,integrated_alpha1p0_lw1p2_trust004,0.03,relax_0.0005,0.0,0.0005,41,0.8379216841717941,0.003628626674428981,0.05117820921502969,0.12567542791805641,0.9639760947996631,0.001965218291951111,120,78.99469667486846,0.38659903788555766,653,False,"alpha 1.0, leak 1.2, trust 0.04",1.0,1.2,0.04,6
five_level_weak_anharmonic,integrated_alpha1p0_lw1p2_trust004,0.03,relax_0.0005,0.0,0.0005,42,0.9726692624135439,0.001441125799287013,0.05140578463793444,0.018986207440597952,0.9645418993455516,0.001965218291951111,120,78.99469667486846,0.38659903788555766,653,False,"alpha 1.0, leak 1.2, trust 0.04",1.0,1.2,0.04,6
five_level_weak_anharmonic,integrated_alpha1p0_lw1p2_trust004,0.03,relax_0.0005,0.0,0.0005,43,0.973713535171949,0.0022167468923351974,0.04631971543734359,0.02369673926961894,0.9630278784507734,0.001965218291951111,120,78.99469667486846,0.38659903788555766,653,False,"alpha 1.0, leak 1.2, trust 0.04",1.0,1.2,0.04,6
five_level_weak_anharmonic,integrated_alpha1p0_lw1p2_trust004,0.03,relax_0.0005,0.0,0.0005,44,0.9569992379927682,0.0009414261753455389,0.038359882220902475,0.05414499462816971,0.9708402306076882,0.001965218291951111,120,78.99469667486846,0.38659903788555766,653,False,"alpha 1.0, leak 1.2, trust 0.04",1.0,1.2,0.04,6
five_level_weak_anharmonic,integrated_alpha1p0_lw1p2_trust004,0.03,relax_0.0005,0.0,0.0005,45,0.9807023224072454,0.0011749960138590643,0.05261624979750845,0.018281969827649153,0.964948632066619,0.001965218291951111,120,78.99469667486846,0.38659903788555766,653,False,"alpha 1.0, leak 1.2, trust 0.04",1.0,1.2,0.04,6
five_level_weak_anharmonic,integrated_alpha1p0_lw1p2_trust004,0.03,relax_0.0005,0.0,0.0005,46,0.9000173034873222,0.0030069421712906053,0.04741658631124601,0.08323619626584591,0.9613934049679721,0.001965218291951111,120,78.99469667486846,0.38659903788555766,653,False,"alpha 1.0, leak 1.2, trust 0.04",1.0,1.2,0.04,6
five_level_weak_anharmonic,integrated_alpha1p0_lw1p2_trust004,0.03,relax_0.0005,0.0,0.0005,47,0.8957301513663699,0.006420178577703273,0.05081673257213337,0.07865293851172485,0.9636193783334458,0.001965218291951111,120,78.99469667486846,0.38659903788555766,653,False,"alpha 1.0, leak 1.2, trust 0.04",1.0,1.2,0.04,6
five_level_weak_anharmonic,integrated_alpha1p0_lw1p2_trust004,0.03,relax_0.0005,0.0,0.0005,48,0.7976883365090327,0.0018865231426470341,0.05878080038780442,0.181336324049294,0.9629916751785226,0.001965218291951111,120,78.99469667486846,0.38659903788555766,653,False,"alpha 1.0, leak 1.2, trust 0.04",1.0,1.2,0.04,6
five_level_weak_anharmonic,integrated_alpha1p0_lw1p2_trust004,0.03,relax_0.0005,0.0,0.0005,49,0.9406892403565864,0.003947561459068938,0.045880218670359296,0.04379886877906614,0.9629624971641858,0.001965218291951111,120,78.99469667486846,0.38659903788555766,653,False,"alpha 1.0, leak 1.2, trust 0.04",1.0,1.2,0.04,6
five_level_weak_anharmonic,integrated_alpha1p0_lw1p2_trust004,0.03,relax_0.0005,0.0,0.0005,50,0.9584307464086322,0.001975805352083748,0.04449656960649384,0.043994300983838455,0.9674171030036125,0.001965218291951111,120,78.99469667486846,0.38659903788555766,653,False,"alpha 1.0, leak 1.2, trust 0.04",1.0,1.2,0.04,6
five_level_weak_anharmonic,integrated_alpha1p0_lw1p2_trust004,0.03,relax_0.0005,0.0,0.0005,51,0.9025654766050145,0.0022764027070127923,0.052259104923350286,0.07402085191673619,0.9647660710767114,0.001965218291951111,120,78.99469667486846,0.38659903788555766,653,False,"alpha 1.0, leak 1.2, trust 0.04",1.0,1.2,0.04,6
five_level_weak_anharmonic,integrated_alpha1p0_lw1p2_trust004,0.03,relax_0.0005,0.0,0.0005,52,0.8620930278737736,0.0018390472071028174,0.04614888469021872,0.10704640532584456,0.9632920064033696,0.001965218291951111,120,78.99469667486846,0.38659903788555766,653,False,"alpha 1.0, leak 1.2, trust 0.04",1.0,1.2,0.04,6
five_level_weak_anharmonic,integrated_alpha1p0_lw1p2_trust004,0.03,relax_0.0005,0.0,0.0005,53,0.9382272845919335,0.0008878605034817744,0.04925498372173043,0.06506920523206408,0.9666580629609981,0.001965218291951111,120,78.99469667486846,0.38659903788555766,653,False,"alpha 1.0, leak 1.2, trust 0.04",1.0,1.2,0.04,6
five_level_weak_anharmonic,integrated_alpha1p0_lw1p2_trust004,0.03,relax_0.0005,0.0,0.0005,54,0.9606673963794824,0.0005638094581189579,0.050475052374185925,0.03865915883625308,0.9643360635766985,0.001965218291951111,120,78.99469667486846,0.38659903788555766,653,False,"alpha 1.0, leak 1.2, trust 0.04",1.0,1.2,0.04,6
five_level_weak_anharmonic,integrated_alpha1p0_lw1p2_trust004,0.03,relax_0.0005,0.0,0.0005,55,0.9385288218896162,0.002977295110078715,0.04745781730982768,0.06466558909814095,0.970872092538102,0.001965218291951111,120,78.99469667486846,0.38659903788555766,653,False,"alpha 1.0, leak 1.2, trust 0.04",1.0,1.2,0.04,6
five_level_weak_anharmonic,integrated_alpha1p0_lw1p2_trust004,0.03,relax_0.0005,0.0,0.0005,56,0.9570183255406381,0.0007839322668528048,0.04702976085822652,0.03742725199867802,0.9615174036874782,0.001965218291951111,120,78.99469667486846,0.38659903788555766,653,False,"alpha 1.0, leak 1.2, trust 0.04",1.0,1.2,0.04,6
five_level_weak_anharmonic,integrated_alpha1p0_lw1p2_trust004,0.03,relax_0.0005,0.0,0.0005,57,0.8561358168971851,0.006101184399834536,0.04532612981728179,0.12009232137781116,0.9698275916721143,0.001965218291951111,120,78.99469667486846,0.38659903788555766,653,False,"alpha 1.0, leak 1.2, trust 0.04",1.0,1.2,0.04,6
five_level_weak_anharmonic,integrated_alpha1p0_lw1p2_trust004,0.03,relax_0.0005,0.0,0.0005,58,0.970231175770716,0.0034482851379736834,0.04609796307738834,0.01976970432353759,0.9620560587122032,0.001965218291951111,120,78.99469667486846,0.38659903788555766,653,False,"alpha 1.0, leak 1.2, trust 0.04",1.0,1.2,0.04,6
five_level_weak_anharmonic,integrated_alpha1p0_lw1p2_trust004,0.03,relax_0.0005,0.0,0.0005,59,0.8528693282717096,0.0019663650481127615,0.05549217995971478,0.1295392723181467,0.9621754181264887,0.001965218291951111,120,78.99469667486846,0.38659903788555766,653,False,"alpha 1.0, leak 1.2, trust 0.04",1.0,1.2,0.04,6
five_level_weak_anharmonic,integrated_alpha1p0_lw1p2_trust004,0.03,combined,0.001,0.0005,10,0.8666768692782781,0.002869649116290396,0.04730497816648471,0.08389441858659091,0.9507007587853259,0.001965218291951111,120,78.99469667486846,0.38659903788555766,653,False,"alpha 1.0, leak 1.2, trust 0.04",1.0,1.2,0.04,6
five_level_weak_anharmonic,integrated_alpha1p0_lw1p2_trust004,0.03,combined,0.001,0.0005,11,0.8531646355780674,0.0044601166250616275,0.06403087858718359,0.1163745663899982,0.9494567383793959,0.001965218291951111,120,78.99469667486846,0.38659903788555766,653,False,"alpha 1.0, leak 1.2, trust 0.04",1.0,1.2,0.04,6
five_level_weak_anharmonic,integrated_alpha1p0_lw1p2_trust004,0.03,combined,0.001,0.0005,12,0.8135176261830326,0.001232448403777786,0.05502152865558385,0.1626662503473162,0.9498362827841212,0.001965218291951111,120,78.99469667486846,0.38659903788555766,653,False,"alpha 1.0, leak 1.2, trust 0.04",1.0,1.2,0.04,6
five_level_weak_anharmonic,integrated_alpha1p0_lw1p2_trust004,0.03,combined,0.001,0.0005,13,0.8149660254787876,0.0014433864471331548,0.04049948166619388,0.18859250111177828,0.9551180940032455,0.001965218291951111,120,78.99469667486846,0.38659903788555766,653,False,"alpha 1.0, leak 1.2, trust 0.04",1.0,1.2,0.04,6
five_level_weak_anharmonic,integrated_alpha1p0_lw1p2_trust004,0.03,combined,0.001,0.0005,14,0.8996199412438773,0.002668345519683424,0.04098624288583097,0.09598579204546147,0.9529369658988972,0.001965218291951111,120,78.99469667486846,0.38659903788555766,653,False,"alpha 1.0, leak 1.2, trust 0.04",1.0,1.2,0.04,6
five_level_weak_anharmonic,integrated_alpha1p0_lw1p2_trust004,0.03,combined,0.001,0.0005,15,0.9621445084245894,0.0025471110540278286,0.054023087545312265,0.0319048019758475,0.9500476285784134,0.001965218291951111,120,78.99469667486846,0.38659903788555766,653,False,"alpha 1.0, leak 1.2, trust 0.04",1.0,1.2,0.04,6
five_level_weak_anharmonic,integrated_alpha1p0_lw1p2_trust004,0.03,combined,0.001,0.0005,16,0.9054621268972541,0.002740025399408208,0.06047312609039157,0.07130556661705345,0.9492661115962812,0.001965218291951111,120,78.99469667486846,0.38659903788555766,653,False,"alpha 1.0, leak 1.2, trust 0.04",1.0,1.2,0.04,6
five_level_weak_anharmonic,integrated_alpha1p0_lw1p2_trust004,0.03,combined,0.001,0.0005,17,0.8735398205535735,0.002411088923594429,0.037685803559529774,0.11021634130781421,0.9522896912949542,0.001965218291951111,120,78.99469667486846,0.38659903788555766,653,False,"alpha 1.0, leak 1.2, trust 0.04",1.0,1.2,0.04,6
five_level_weak_anharmonic,integrated_alpha1p0_lw1p2_trust004,0.03,combined,0.001,0.0005,18,0.944875379031214,0.002209386644312916,0.04793986787557136,0.05092498115998632,0.9512995397351145,0.001965218291951111,120,78.99469667486846,0.38659903788555766,653,False,"alpha 1.0, leak 1.2, trust 0.04",1.0,1.2,0.04,6
five_level_weak_anharmonic,integrated_alpha1p0_lw1p2_trust004,0.03,combined,0.001,0.0005,19,0.8232132954912206,0.002364881410382491,0.04671539439248884,0.14788604126782123,0.9495074313138994,0.001965218291951111,120,78.99469667486846,0.38659903788555766,653,False,"alpha 1.0, leak 1.2, trust 0.04",1.0,1.2,0.04,6
five_level_weak_anharmonic,integrated_alpha1p0_lw1p2_trust004,0.03,combined,0.001,0.0005,20,0.7959015528694544,0.0034091541723875185,0.05502592942000328,0.1592420963391645,0.9492509456066672,0.001965218291951111,120,78.99469667486846,0.38659903788555766,653,False,"alpha 1.0, leak 1.2, trust 0.04",1.0,1.2,0.04,6
five_level_weak_anharmonic,integrated_alpha1p0_lw1p2_trust004,0.03,combined,0.001,0.0005,21,0.8861995255810675,0.0055779803742936895,0.044836528583101165,0.08310843000880064,0.9497116511622223,0.001965218291951111,120,78.99469667486846,0.38659903788555766,653,False,"alpha 1.0, leak 1.2, trust 0.04",1.0,1.2,0.04,6
five_level_weak_anharmonic,integrated_alpha1p0_lw1p2_trust004,0.03,combined,0.001,0.0005,22,0.8786865551193714,0.0034142182459876436,0.04855539698960998,0.08588744394873897,0.9495384157074208,0.001965218291951111,120,78.99469667486846,0.38659903788555766,653,False,"alpha 1.0, leak 1.2, trust 0.04",1.0,1.2,0.04,6
five_level_weak_anharmonic,integrated_alpha1p0_lw1p2_trust004,0.03,combined,0.001,0.0005,23,0.9582382303038616,0.002308476021393391,0.0487518517509864,0.02904376045186371,0.950801627217516,0.001965218291951111,120,78.99469667486846,0.38659903788555766,653,False,"alpha 1.0, leak 1.2, trust 0.04",1.0,1.2,0.04,6
five_level_weak_anharmonic,integrated_alpha1p0_lw1p2_trust004,0.03,combined,0.001,0.0005,24,0.9634137248126534,0.0033946550466255054,0.04082868867956235,0.03931786419123422,0.951692202250182,0.001965218291951111,120,78.99469667486846,0.38659903788555766,653,False,"alpha 1.0, leak 1.2, trust 0.04",1.0,1.2,0.04,6
five_level_weak_anharmonic,integrated_alpha1p0_lw1p2_trust004,0.03,combined,0.001,0.0005,25,0.9606657291569252,0.004644230695892593,0.04977454930498937,0.03922511964190979,0.9514980843932342,0.001965218291951111,120,78.99469667486846,0.38659903788555766,653,False,"alpha 1.0, leak 1.2, trust 0.04",1.0,1.2,0.04,6
five_level_weak_anharmonic,integrated_alpha1p0_lw1p2_trust004,0.03,combined,0.001,0.0005,26,0.9661943514685999,0.0015479542318673767,0.05480032304011906,0.03012645537566789,0.9510025981915713,0.001965218291951111,120,78.99469667486846,0.38659903788555766,653,False,"alpha 1.0, leak 1.2, trust 0.04",1.0,1.2,0.04,6
five_level_weak_anharmonic,integrated_alpha1p0_lw1p2_trust004,0.03,combined,0.001,0.0005,27,0.9414268149161054,0.0013647550830756527,0.04282663020248867,0.06438359467381542,0.9522785018879365,0.001965218291951111,120,78.99469667486846,0.38659903788555766,653,False,"alpha 1.0, leak 1.2, trust 0.04",1.0,1.2,0.04,6
five_level_weak_anharmonic,integrated_alpha1p0_lw1p2_trust004,0.03,combined,0.001,0.0005,28,0.8684492570854707,0.004589421242748415,0.06437919027956773,0.09180848610648801,0.9499135750934595,0.001965218291951111,120,78.99469667486846,0.38659903788555766,653,False,"alpha 1.0, leak 1.2, trust 0.04",1.0,1.2,0.04,6
five_level_weak_anharmonic,integrated_alpha1p0_lw1p2_trust004,0.03,combined,0.001,0.0005,29,0.9264773087877073,0.0013114889247005657,0.04805539763276112,0.052898058078783915,0.9514360792670026,0.001965218291951111,120,78.99469667486846,0.38659903788555766,653,False,"alpha 1.0, leak 1.2, trust 0.04",1.0,1.2,0.04,6
five_level_weak_anharmonic,integrated_alpha1p0_lw1p2_trust004,0.03,combined,0.001,0.0005,30,0.94012117211019,0.004476268249028581,0.04155623158618815,0.06863290808947235,0.9527262623512655,0.001965218291951111,120,78.99469667486846,0.38659903788555766,653,False,"alpha 1.0, leak 1.2, trust 0.04",1.0,1.2,0.04,6
five_level_weak_anharmonic,integrated_alpha1p0_lw1p2_trust004,0.03,combined,0.001,0.0005,31,0.8707591113543803,0.004495111641972915,0.05738723556615577,0.09489349495216423,0.9498075138251209,0.001965218291951111,120,78.99469667486846,0.38659903788555766,653,False,"alpha 1.0, leak 1.2, trust 0.04",1.0,1.2,0.04,6
five_level_weak_anharmonic,integrated_alpha1p0_lw1p2_trust004,0.03,combined,0.001,0.0005,32,0.9143554851875095,0.004043605922368521,0.05335116734528844,0.06566787022545836,0.9497607692608204,0.001965218291951111,120,78.99469667486846,0.38659903788555766,653,False,"alpha 1.0, leak 1.2, trust 0.04",1.0,1.2,0.04,6
five_level_weak_anharmonic,integrated_alpha1p0_lw1p2_trust004,0.03,combined,0.001,0.0005,33,0.9399479803485817,0.0027853274185493104,0.036828840153181774,0.07317184940409041,0.9524269514405976,0.001965218291951111,120,78.99469667486846,0.38659903788555766,653,False,"alpha 1.0, leak 1.2, trust 0.04",1.0,1.2,0.04,6
five_level_weak_anharmonic,integrated_alpha1p0_lw1p2_trust004,0.03,combined,0.001,0.0005,34,0.9716175673426651,0.003032785704736529,0.053227146202374565,0.03102693892818266,0.9512224633054268,0.001965218291951111,120,78.99469667486846,0.38659903788555766,653,False,"alpha 1.0, leak 1.2, trust 0.04",1.0,1.2,0.04,6
five_level_weak_anharmonic,integrated_alpha1p0_lw1p2_trust004,0.03,combined,0.001,0.0005,35,0.8061459204584391,0.0037053082592432007,0.050131296927662716,0.14905999927789637,0.9491914354431207,0.001965218291951111,120,78.99469667486846,0.38659903788555766,653,False,"alpha 1.0, leak 1.2, trust 0.04",1.0,1.2,0.04,6
five_level_weak_anharmonic,integrated_alpha1p0_lw1p2_trust004,0.03,combined,0.001,0.0005,36,0.9484431986430373,0.0035943298850562577,0.056276723209166435,0.03789131113047388,0.9504062715320623,0.001965218291951111,120,78.99469667486846,0.38659903788555766,653,False,"alpha 1.0, leak 1.2, trust 0.04",1.0,1.2,0.04,6
five_level_weak_anharmonic,integrated_alpha1p0_lw1p2_trust004,0.03,combined,0.001,0.0005,37,0.7561492216780431,0.002807895045136677,0.03749285102664457,0.22477723505125366,0.9551351996609203,0.001965218291951111,120,78.99469667486846,0.38659903788555766,653,False,"alpha 1.0, leak 1.2, trust 0.04",1.0,1.2,0.04,6
five_level_weak_anharmonic,integrated_alpha1p0_lw1p2_trust004,0.03,combined,0.001,0.0005,38,0.9290481784678685,0.002799250714372481,0.032689777902932926,0.08820853393310912,0.9530813301330201,0.001965218291951111,120,78.99469667486846,0.38659903788555766,653,False,"alpha 1.0, leak 1.2, trust 0.04",1.0,1.2,0.04,6
five_level_weak_anharmonic,integrated_alpha1p0_lw1p2_trust004,0.03,combined,0.001,0.0005,39,0.9664111341386409,0.0030092594981040444,0.053599270977220614,0.027636871805624443,0.9503701799912115,0.001965218291951111,120,78.99469667486846,0.38659903788555766,653,False,"alpha 1.0, leak 1.2, trust 0.04",1.0,1.2,0.04,6
five_level_weak_anharmonic,integrated_alpha1p0_lw1p2_trust004,0.03,combined,0.001,0.0005,40,0.932746268457185,0.002078101054561299,0.05547391424751835,0.04946500871150215,0.9501976852520413,0.001965218291951111,120,78.99469667486846,0.38659903788555766,653,False,"alpha 1.0, leak 1.2, trust 0.04",1.0,1.2,0.04,6
five_level_weak_anharmonic,integrated_alpha1p0_lw1p2_trust004,0.03,combined,0.001,0.0005,41,0.8343304874360825,0.004395027649775396,0.05138203090559501,0.13002442435213044,0.9488568762111081,0.001965218291951111,120,78.99469667486846,0.38659903788555766,653,False,"alpha 1.0, leak 1.2, trust 0.04",1.0,1.2,0.04,6
five_level_weak_anharmonic,integrated_alpha1p0_lw1p2_trust004,0.03,combined,0.001,0.0005,42,0.9654044487433171,0.002221784832456941,0.051771266812579264,0.025991205781249374,0.951192209822768,0.001965218291951111,120,78.99469667486846,0.38659903788555766,653,False,"alpha 1.0, leak 1.2, trust 0.04",1.0,1.2,0.04,6
five_level_weak_anharmonic,integrated_alpha1p0_lw1p2_trust004,0.03,combined,0.001,0.0005,43,0.9677218273083933,0.00273304497035054,0.046524485558241846,0.02956970224687826,0.951178498589652,0.001965218291951111,120,78.99469667486846,0.38659903788555766,653,False,"alpha 1.0, leak 1.2, trust 0.04",1.0,1.2,0.04,6
five_level_weak_anharmonic,integrated_alpha1p0_lw1p2_trust004,0.03,combined,0.001,0.0005,44,0.9496768994033505,0.001359733766180482,0.038624379032705436,0.060776741937333796,0.9538338610158444,0.001965218291951111,120,78.99469667486846,0.38659903788555766,653,False,"alpha 1.0, leak 1.2, trust 0.04",1.0,1.2,0.04,6
five_level_weak_anharmonic,integrated_alpha1p0_lw1p2_trust004,0.03,combined,0.001,0.0005,45,0.9734017180367127,0.002138726805362978,0.05310510870835383,0.02523804352199539,0.9510843244723133,0.001965218291951111,120,78.99469667486846,0.38659903788555766,653,False,"alpha 1.0, leak 1.2, trust 0.04",1.0,1.2,0.04,6
five_level_weak_anharmonic,integrated_alpha1p0_lw1p2_trust004,0.03,combined,0.001,0.0005,46,0.8958827650157084,0.0035608351361013924,0.04752032425781405,0.0876823518637831,0.9496535970641331,0.001965218291951111,120,78.99469667486846,0.38659903788555766,653,False,"alpha 1.0, leak 1.2, trust 0.04",1.0,1.2,0.04,6
five_level_weak_anharmonic,integrated_alpha1p0_lw1p2_trust004,0.03,combined,0.001,0.0005,47,0.8912271804096358,0.006958993069671404,0.05100982859466208,0.08376390301475077,0.9495736458975731,0.001965218291951111,120,78.99469667486846,0.38659903788555766,653,False,"alpha 1.0, leak 1.2, trust 0.04",1.0,1.2,0.04,6
five_level_weak_anharmonic,integrated_alpha1p0_lw1p2_trust004,0.03,combined,0.001,0.0005,48,0.7952179657894319,0.002638216693526929,0.059033405907020886,0.18411898254337056,0.9496461313553661,0.001965218291951111,120,78.99469667486846,0.38659903788555766,653,False,"alpha 1.0, leak 1.2, trust 0.04",1.0,1.2,0.04,6
five_level_weak_anharmonic,integrated_alpha1p0_lw1p2_trust004,0.03,combined,0.001,0.0005,49,0.9351103743227159,0.004728740571454448,0.04629624859217474,0.04965835981440524,0.9496110587911669,0.001965218291951111,120,78.99469667486846,0.38659903788555766,653,False,"alpha 1.0, leak 1.2, trust 0.04",1.0,1.2,0.04,6
five_level_weak_anharmonic,integrated_alpha1p0_lw1p2_trust004,0.03,combined,0.001,0.0005,50,0.9519879741390014,0.002633657240602827,0.04482757550751015,0.05022101324727338,0.9519030860299742,0.001965218291951111,120,78.99469667486846,0.38659903788555766,653,False,"alpha 1.0, leak 1.2, trust 0.04",1.0,1.2,0.04,6
five_level_weak_anharmonic,integrated_alpha1p0_lw1p2_trust004,0.03,combined,0.001,0.0005,51,0.897112744278435,0.003202070637697285,0.05256867954549249,0.0798804552376973,0.9492137650290414,0.001965218291951111,120,78.99469667486846,0.38659903788555766,653,False,"alpha 1.0, leak 1.2, trust 0.04",1.0,1.2,0.04,6
five_level_weak_anharmonic,integrated_alpha1p0_lw1p2_trust004,0.03,combined,0.001,0.0005,52,0.8581703757563666,0.002712094487483774,0.04647920303499564,0.1115650089094481,0.9492373579328786,0.001965218291951111,120,78.99469667486846,0.38659903788555766,653,False,"alpha 1.0, leak 1.2, trust 0.04",1.0,1.2,0.04,6
five_level_weak_anharmonic,integrated_alpha1p0_lw1p2_trust004,0.03,combined,0.001,0.0005,53,0.9324278545106649,0.0016550401010562155,0.0494620652988611,0.07048438917413263,0.9518234926484918,0.001965218291951111,120,78.99469667486846,0.38659903788555766,653,False,"alpha 1.0, leak 1.2, trust 0.04",1.0,1.2,0.04,6
five_level_weak_anharmonic,integrated_alpha1p0_lw1p2_trust004,0.03,combined,0.001,0.0005,54,0.9544895439935454,0.0013043092208356866,0.050879580253804235,0.04457398894860189,0.951386420465031,0.001965218291951111,120,78.99469667486846,0.38659903788555766,653,False,"alpha 1.0, leak 1.2, trust 0.04",1.0,1.2,0.04,6
five_level_weak_anharmonic,integrated_alpha1p0_lw1p2_trust004,0.03,combined,0.001,0.0005,55,0.9315896822679911,0.0035963289765681417,0.04780929741616213,0.07115296161120149,0.953460801222744,0.001965218291951111,120,78.99469667486846,0.38659903788555766,653,False,"alpha 1.0, leak 1.2, trust 0.04",1.0,1.2,0.04,6
five_level_weak_anharmonic,integrated_alpha1p0_lw1p2_trust004,0.03,combined,0.001,0.0005,56,0.9513029607276533,0.001394731252438719,0.04718665123663213,0.04296562323429873,0.9504998547514756,0.001965218291951111,120,78.99469667486846,0.38659903788555766,653,False,"alpha 1.0, leak 1.2, trust 0.04",1.0,1.2,0.04,6
five_level_weak_anharmonic,integrated_alpha1p0_lw1p2_trust004,0.03,combined,0.001,0.0005,57,0.8510491085377084,0.006999396865060015,0.04570415808135653,0.12568268642283406,0.9503111438131034,0.001965218291951111,120,78.99469667486846,0.38659903788555766,653,False,"alpha 1.0, leak 1.2, trust 0.04",1.0,1.2,0.04,6
five_level_weak_anharmonic,integrated_alpha1p0_lw1p2_trust004,0.03,combined,0.001,0.0005,58,0.9644370785089446,0.003885791131959082,0.046281105560592284,0.025667620731910458,0.9508126448460986,0.001965218291951111,120,78.99469667486846,0.38659903788555766,653,False,"alpha 1.0, leak 1.2, trust 0.04",1.0,1.2,0.04,6
five_level_weak_anharmonic,integrated_alpha1p0_lw1p2_trust004,0.03,combined,0.001,0.0005,59,0.8493761340189506,0.0028411357041241425,0.055934766614338605,0.13336151456641196,0.9488600371287363,0.001965218291951111,120,78.99469667486846,0.38659903788555766,653,False,"alpha 1.0, leak 1.2, trust 0.04",1.0,1.2,0.04,6
five_level_weak_anharmonic,integrated_alpha1p0_lw1p5_trust004,0.03,static_only,0.0,0.0,10,0.8916597233044311,0.002654831841374161,0.038906399651458035,0.06798164644487058,0.9999996695156075,0.0019007560055287448,120,79.20782960695215,0.4147614323319102,656,False,"alpha 1.0, leak 1.5, trust 0.04",1.0,1.5,0.04,6
five_level_weak_anharmonic,integrated_alpha1p0_lw1p5_trust004,0.03,static_only,0.0,0.0,11,0.8753005914247949,0.004717729945496907,0.052733608318541236,0.08546537932069238,0.999999544188289,0.0019007560055287448,120,79.20782960695215,0.4147614323319102,656,False,"alpha 1.0, leak 1.5, trust 0.04",1.0,1.5,0.04,6
five_level_weak_anharmonic,integrated_alpha1p0_lw1p5_trust004,0.03,static_only,0.0,0.0,12,0.8100838203688933,0.0012454282145680784,0.04531361108565024,0.15872763097238465,0.9999996471639967,0.0019007560055287448,120,79.20782960695215,0.4147614323319102,656,False,"alpha 1.0, leak 1.5, trust 0.04",1.0,1.5,0.04,6
five_level_weak_anharmonic,integrated_alpha1p0_lw1p5_trust004,0.03,static_only,0.0,0.0,13,0.8120724978668163,0.0009385940567259166,0.03256189168015944,0.18963474723479642,0.9999997071112664,0.0019007560055287448,120,79.20782960695215,0.4147614323319102,656,False,"alpha 1.0, leak 1.5, trust 0.04",1.0,1.5,0.04,6
five_level_weak_anharmonic,integrated_alpha1p0_lw1p5_trust004,0.03,static_only,0.0,0.0,14,0.9218754700069974,0.002448106369113856,0.032685276091662496,0.07533985845182416,0.9999996703737841,0.0019007560055287448,120,79.20782960695215,0.4147614323319102,656,False,"alpha 1.0, leak 1.5, trust 0.04",1.0,1.5,0.04,6
five_level_weak_anharmonic,integrated_alpha1p0_lw1p5_trust004,0.03,static_only,0.0,0.0,15,0.983206956404578,0.0015287738823996921,0.04427423890078652,0.01846523100856514,0.9999996300303813,0.0019007560055287448,120,79.20782960695215,0.4147614323319102,656,False,"alpha 1.0, leak 1.5, trust 0.04",1.0,1.5,0.04,6
five_level_weak_anharmonic,integrated_alpha1p0_lw1p5_trust004,0.03,static_only,0.0,0.0,16,0.9250195661020967,0.0027844309197628814,0.04988270451204091,0.04940828284478844,0.999999595150369,0.0019007560055287448,120,79.20782960695215,0.4147614323319102,656,False,"alpha 1.0, leak 1.5, trust 0.04",1.0,1.5,0.04,6
five_level_weak_anharmonic,integrated_alpha1p0_lw1p5_trust004,0.03,static_only,0.0,0.0,17,0.8799522596005291,0.0021762765204270673,0.030348039946909267,0.11605137490762939,0.999999761180713,0.0019007560055287448,120,79.20782960695215,0.4147614323319102,656,False,"alpha 1.0, leak 1.5, trust 0.04",1.0,1.5,0.04,6
five_level_weak_anharmonic,integrated_alpha1p0_lw1p5_trust004,0.03,static_only,0.0,0.0,18,0.9591451688773451,0.0018418746013223464,0.03893521259113686,0.04698329895649892,0.9999996952738943,0.0019007560055287448,120,79.20782960695215,0.4147614323319102,656,False,"alpha 1.0, leak 1.5, trust 0.04",1.0,1.5,0.04,6
five_level_weak_anharmonic,integrated_alpha1p0_lw1p5_trust004,0.03,static_only,0.0,0.0,19,0.824458281039451,0.0018218284145947727,0.037400621832006986,0.1387567557386498,0.9999996381007079,0.0019007560055287448,120,79.20782960695215,0.4147614323319102,656,False,"alpha 1.0, leak 1.5, trust 0.04",1.0,1.5,0.04,6
five_level_weak_anharmonic,integrated_alpha1p0_lw1p5_trust004,0.03,static_only,0.0,0.0,20,0.7984153650913896,0.003162842172718894,0.04558880188411307,0.15631375178476672,0.9999996879731146,0.0019007560055287448,120,79.20782960695215,0.4147614323319102,656,False,"alpha 1.0, leak 1.5, trust 0.04",1.0,1.5,0.04,6
five_level_weak_anharmonic,integrated_alpha1p0_lw1p5_trust004,0.03,static_only,0.0,0.0,21,0.8985307469916367,0.0051732929827214,0.03656255912312523,0.07104624536435798,0.9999996791526731,0.0019007560055287448,120,79.20782960695215,0.4147614323319102,656,False,"alpha 1.0, leak 1.5, trust 0.04",1.0,1.5,0.04,6
five_level_weak_anharmonic,integrated_alpha1p0_lw1p5_trust004,0.03,static_only,0.0,0.0,22,0.9007075287933329,0.00291519119393735,0.039049750137696626,0.061976409064416094,0.9999995966730777,0.0019007560055287448,120,79.20782960695215,0.4147614323319102,656,False,"alpha 1.0, leak 1.5, trust 0.04",1.0,1.5,0.04,6
five_level_weak_anharmonic,integrated_alpha1p0_lw1p5_trust004,0.03,static_only,0.0,0.0,23,0.9849313532900176,0.002367336148389798,0.03951060758009928,0.005694888232824726,0.9999996758940832,0.0019007560055287448,120,79.20782960695215,0.4147614323319102,656,False,"alpha 1.0, leak 1.5, trust 0.04",1.0,1.5,0.04,6
five_level_weak_anharmonic,integrated_alpha1p0_lw1p5_trust004,0.03,static_only,0.0,0.0,24,0.9841913076343392,0.0029090332822359066,0.03344484430542649,0.024732668169155096,0.9999997011130467,0.0019007560055287448,120,79.20782960695215,0.4147614323319102,656,False,"alpha 1.0, leak 1.5, trust 0.04",1.0,1.5,0.04,6
five_level_weak_anharmonic,integrated_alpha1p0_lw1p5_trust004,0.03,static_only,0.0,0.0,25,0.9835847024574205,0.004889984135678094,0.04071930109548838,0.020553088762217765,0.9999996554929462,0.0019007560055287448,120,79.20782960695215,0.4147614323319102,656,False,"alpha 1.0, leak 1.5, trust 0.04",1.0,1.5,0.04,6
five_level_weak_anharmonic,integrated_alpha1p0_lw1p5_trust004,0.03,static_only,0.0,0.0,26,0.987289975966033,0.0011318814450491654,0.04452782220101592,0.017460360524776352,0.9999996715433299,0.0019007560055287448,120,79.20782960695215,0.4147614323319102,656,False,"alpha 1.0, leak 1.5, trust 0.04",1.0,1.5,0.04,6
five_level_weak_anharmonic,integrated_alpha1p0_lw1p5_trust004,0.03,static_only,0.0,0.0,27,0.9530635411755718,0.0012300700208023319,0.035023661769569836,0.06125776836730019,0.9999997592411008,0.0019007560055287448,120,79.20782960695215,0.4147614323319102,656,False,"alpha 1.0, leak 1.5, trust 0.04",1.0,1.5,0.04,6
five_level_weak_anharmonic,integrated_alpha1p0_lw1p5_trust004,0.03,static_only,0.0,0.0,28,0.8862698385585729,0.005268770606921991,0.054393987471697325,0.07299020681921188,0.999999613797588,0.0019007560055287448,120,79.20782960695215,0.4147614323319102,656,False,"alpha 1.0, leak 1.5, trust 0.04",1.0,1.5,0.04,6
five_level_weak_anharmonic,integrated_alpha1p0_lw1p5_trust004,0.03,static_only,0.0,0.0,29,0.9441108599524815,0.0015867718239829243,0.039681630607021234,0.04242664982834818,0.9999996986401284,0.0019007560055287448,120,79.20782960695215,0.4147614323319102,656,False,"alpha 1.0, leak 1.5, trust 0.04",1.0,1.5,0.04,6
five_level_weak_anharmonic,integrated_alpha1p0_lw1p5_trust004,0.03,static_only,0.0,0.0,30,0.9472589607413334,0.004815325790984648,0.03368461345249385,0.0695081519758502,0.9999997266062127,0.0019007560055287448,120,79.20782960695215,0.4147614323319102,656,False,"alpha 1.0, leak 1.5, trust 0.04",1.0,1.5,0.04,6
five_level_weak_anharmonic,integrated_alpha1p0_lw1p5_trust004,0.03,static_only,0.0,0.0,31,0.8978929323311851,0.004018007373848831,0.04798316199599362,0.0623676930284799,0.9999995619691797,0.0019007560055287448,120,79.20782960695215,0.4147614323319102,656,False,"alpha 1.0, leak 1.5, trust 0.04",1.0,1.5,0.04,6
five_level_weak_anharmonic,integrated_alpha1p0_lw1p5_trust004,0.03,static_only,0.0,0.0,32,0.9416586792551462,0.004088123623644302,0.04355279300183945,0.03446779732012715,0.9999995568534283,0.0019007560055287448,120,79.20782960695215,0.4147614323319102,656,False,"alpha 1.0, leak 1.5, trust 0.04",1.0,1.5,0.04,6
five_level_weak_anharmonic,integrated_alpha1p0_lw1p5_trust004,0.03,static_only,0.0,0.0,33,0.9466559527215259,0.0017324909873732697,0.02913044225488437,0.07733612690805211,0.9999997367543139,0.0019007560055287448,120,79.20782960695215,0.4147614323319102,656,False,"alpha 1.0, leak 1.5, trust 0.04",1.0,1.5,0.04,6
five_level_weak_anharmonic,integrated_alpha1p0_lw1p5_trust004,0.03,static_only,0.0,0.0,34,0.9944369692144008,0.0019102335667061654,0.042982807126858535,0.016025588907782322,0.9999996594240328,0.0019007560055287448,120,79.20782960695215,0.4147614323319102,656,False,"alpha 1.0, leak 1.5, trust 0.04",1.0,1.5,0.04,6
five_level_weak_anharmonic,integrated_alpha1p0_lw1p5_trust004,0.03,static_only,0.0,0.0,35,0.8112674470606906,0.0031835059630844764,0.04068186596771084,0.1497022875326274,0.9999996614672891,0.0019007560055287448,120,79.20782960695215,0.4147614323319102,656,False,"alpha 1.0, leak 1.5, trust 0.04",1.0,1.5,0.04,6
five_level_weak_anharmonic,integrated_alpha1p0_lw1p5_trust004,0.03,static_only,0.0,0.0,36,0.9731726798881936,0.004023733692767095,0.046566397012804184,0.012479153250708443,0.9999996575412811,0.0019007560055287448,120,79.20782960695215,0.4147614323319102,656,False,"alpha 1.0, leak 1.5, trust 0.04",1.0,1.5,0.04,6
five_level_weak_anharmonic,integrated_alpha1p0_lw1p5_trust004,0.03,static_only,0.0,0.0,37,0.747196975968685,0.0029395686318884895,0.030922698356179334,0.24681515001368473,0.9999997983962376,0.0019007560055287448,120,79.20782960695215,0.4147614323319102,656,False,"alpha 1.0, leak 1.5, trust 0.04",1.0,1.5,0.04,6
five_level_weak_anharmonic,integrated_alpha1p0_lw1p5_trust004,0.03,static_only,0.0,0.0,38,0.9369260748311061,0.00225737329737552,0.025599293297526193,0.08600217614466552,0.9999997616742609,0.0019007560055287448,120,79.20782960695215,0.4147614323319102,656,False,"alpha 1.0, leak 1.5, trust 0.04",1.0,1.5,0.04,6
five_level_weak_anharmonic,integrated_alpha1p0_lw1p5_trust004,0.03,static_only,0.0,0.0,39,0.9934580503056173,0.0029667719806919512,0.044015763473832514,0.002833659800401569,0.9999996103162324,0.0019007560055287448,120,79.20782960695215,0.4147614323319102,656,False,"alpha 1.0, leak 1.5, trust 0.04",1.0,1.5,0.04,6
five_level_weak_anharmonic,integrated_alpha1p0_lw1p5_trust004,0.03,static_only,0.0,0.0,40,0.9509659839158645,0.0021853885742612045,0.04576783671009099,0.036228140667703745,0.9999996500952691,0.0019007560055287448,120,79.20782960695215,0.4147614323319102,656,False,"alpha 1.0, leak 1.5, trust 0.04",1.0,1.5,0.04,6
five_level_weak_anharmonic,integrated_alpha1p0_lw1p5_trust004,0.03,static_only,0.0,0.0,41,0.8392007984017718,0.004272750378993995,0.041533289736746526,0.1223187936877659,0.9999996396581443,0.0019007560055287448,120,79.20782960695215,0.4147614323319102,656,False,"alpha 1.0, leak 1.5, trust 0.04",1.0,1.5,0.04,6
five_level_weak_anharmonic,integrated_alpha1p0_lw1p5_trust004,0.03,static_only,0.0,0.0,42,0.993842397508721,0.0018518033782671806,0.04198157291314808,0.005600431442449177,0.9999996672209706,0.0019007560055287448,120,79.20782960695215,0.4147614323319102,656,False,"alpha 1.0, leak 1.5, trust 0.04",1.0,1.5,0.04,6
five_level_weak_anharmonic,integrated_alpha1p0_lw1p5_trust004,0.03,static_only,0.0,0.0,43,0.9937706397506519,0.002861198712422408,0.038044076655171954,0.006752982524561077,0.9999996921092563,0.0019007560055287448,120,79.20782960695215,0.4147614323319102,656,False,"alpha 1.0, leak 1.5, trust 0.04",1.0,1.5,0.04,6
five_level_weak_anharmonic,integrated_alpha1p0_lw1p5_trust004,0.03,static_only,0.0,0.0,44,0.9651750397017456,0.0014633655609372909,0.031446138060871376,0.05228941593392663,0.9999997415193647,0.0019007560055287448,120,79.20782960695215,0.4147614323319102,656,False,"alpha 1.0, leak 1.5, trust 0.04",1.0,1.5,0.04,6
five_level_weak_anharmonic,integrated_alpha1p0_lw1p5_trust004,0.03,static_only,0.0,0.0,45,0.9979921827417585,0.00136843140473919,0.04407535582502242,0.00804232674432518,0.9999996698458701,0.0019007560055287448,120,79.20782960695215,0.4147614323319102,656,False,"alpha 1.0, leak 1.5, trust 0.04",1.0,1.5,0.04,6
five_level_weak_anharmonic,integrated_alpha1p0_lw1p5_trust004,0.03,static_only,0.0,0.0,46,0.9086028190426602,0.0035254176633038314,0.03833863453435826,0.06852756447769945,0.9999996291849598,0.0019007560055287448,120,79.20782960695215,0.4147614323319102,656,False,"alpha 1.0, leak 1.5, trust 0.04",1.0,1.5,0.04,6
five_level_weak_anharmonic,integrated_alpha1p0_lw1p5_trust004,0.03,static_only,0.0,0.0,47,0.9016967771086274,0.0066697084244145,0.042218804614200245,0.07523489928449888,0.9999996780733545,0.0019007560055287448,120,79.20782960695215,0.4147614323319102,656,False,"alpha 1.0, leak 1.5, trust 0.04",1.0,1.5,0.04,6
five_level_weak_anharmonic,integrated_alpha1p0_lw1p5_trust004,0.03,static_only,0.0,0.0,48,0.8066056565083032,0.0026516598622872145,0.04823021056717813,0.15798072334787375,0.9999994871230623,0.0019007560055287448,120,79.20782960695215,0.4147614323319102,656,False,"alpha 1.0, leak 1.5, trust 0.04",1.0,1.5,0.04,6
five_level_weak_anharmonic,integrated_alpha1p0_lw1p5_trust004,0.03,static_only,0.0,0.0,49,0.9523197552256801,0.004333651989931853,0.03772148526965702,0.03778730549009813,0.9999996533008635,0.0019007560055287448,120,79.20782960695215,0.4147614323319102,656,False,"alpha 1.0, leak 1.5, trust 0.04",1.0,1.5,0.04,6
five_level_weak_anharmonic,integrated_alpha1p0_lw1p5_trust004,0.03,static_only,0.0,0.0,50,0.9667461921989312,0.0025408396206919592,0.03720463560187759,0.04362715818317781,0.9999997196721871,0.0019007560055287448,120,79.20782960695215,0.4147614323319102,656,False,"alpha 1.0, leak 1.5, trust 0.04",1.0,1.5,0.04,6
five_level_weak_anharmonic,integrated_alpha1p0_lw1p5_trust004,0.03,static_only,0.0,0.0,51,0.9103541178448818,0.002768202208902504,0.04240178085766466,0.0745227218436863,0.9999996595451079,0.0019007560055287448,120,79.20782960695215,0.4147614323319102,656,False,"alpha 1.0, leak 1.5, trust 0.04",1.0,1.5,0.04,6
five_level_weak_anharmonic,integrated_alpha1p0_lw1p5_trust004,0.03,static_only,0.0,0.0,52,0.8662470602568748,0.001998836385447733,0.0378285787496041,0.10073753673764124,0.9999996131331147,0.0019007560055287448,120,79.20782960695215,0.4147614323319102,656,False,"alpha 1.0, leak 1.5, trust 0.04",1.0,1.5,0.04,6
five_level_weak_anharmonic,integrated_alpha1p0_lw1p5_trust004,0.03,static_only,0.0,0.0,53,0.9545353506050929,0.0009207371644356366,0.04034213918634155,0.05153081608238771,0.9999996322517156,0.0019007560055287448,120,79.20782960695215,0.4147614323319102,656,False,"alpha 1.0, leak 1.5, trust 0.04",1.0,1.5,0.04,6
five_level_weak_anharmonic,integrated_alpha1p0_lw1p5_trust004,0.03,static_only,0.0,0.0,54,0.9821834478461876,0.00039744148844400584,0.04128352258539536,0.019887909912090912,0.9999996385063981,0.0019007560055287448,120,79.20782960695215,0.4147614323319102,656,False,"alpha 1.0, leak 1.5, trust 0.04",1.0,1.5,0.04,6
five_level_weak_anharmonic,integrated_alpha1p0_lw1p5_trust004,0.03,static_only,0.0,0.0,55,0.9478133112790883,0.0035102647269643628,0.03989254998064273,0.059678405264848994,0.9999996905786976,0.0019007560055287448,120,79.20782960695215,0.4147614323319102,656,False,"alpha 1.0, leak 1.5, trust 0.04",1.0,1.5,0.04,6
five_level_weak_anharmonic,integrated_alpha1p0_lw1p5_trust004,0.03,static_only,0.0,0.0,56,0.9827295952113422,0.0004651494657789135,0.03809527292043713,0.012227163079872346,0.9999996120610432,0.0019007560055287448,120,79.20782960695215,0.4147614323319102,656,False,"alpha 1.0, leak 1.5, trust 0.04",1.0,1.5,0.04,6
five_level_weak_anharmonic,integrated_alpha1p0_lw1p5_trust004,0.03,static_only,0.0,0.0,57,0.8584246839099057,0.0066297452326399275,0.038582475621222745,0.13106279340073765,0.999999674016389,0.0019007560055287448,120,79.20782960695215,0.4147614323319102,656,False,"alpha 1.0, leak 1.5, trust 0.04",1.0,1.5,0.04,6
five_level_weak_anharmonic,integrated_alpha1p0_lw1p5_trust004,0.03,static_only,0.0,0.0,58,0.987972819505863,0.0037403173606096463,0.037972032361867525,0.00520644438813644,0.9999996978758461,0.0019007560055287448,120,79.20782960695215,0.4147614323319102,656,False,"alpha 1.0, leak 1.5, trust 0.04",1.0,1.5,0.04,6
five_level_weak_anharmonic,integrated_alpha1p0_lw1p5_trust004,0.03,static_only,0.0,0.0,59,0.8597778128305162,0.002303791118584253,0.04502662910263866,0.11269970514839514,0.9999994995701575,0.0019007560055287448,120,79.20782960695215,0.4147614323319102,656,False,"alpha 1.0, leak 1.5, trust 0.04",1.0,1.5,0.04,6
five_level_weak_anharmonic,integrated_alpha1p0_lw1p5_trust004,0.03,deph_0.001,0.001,0.0,10,0.8857480459224729,0.0033295913046224035,0.03920702286588573,0.0743693372552487,0.9833250021883156,0.0019007560055287448,120,79.20782960695215,0.4147614323319102,656,False,"alpha 1.0, leak 1.5, trust 0.04",1.0,1.5,0.04,6
five_level_weak_anharmonic,integrated_alpha1p0_lw1p5_trust004,0.03,deph_0.001,0.001,0.0,11,0.8710125123167656,0.00543808787280553,0.053008519148982525,0.0903507212451931,0.9868040572170662,0.0019007560055287448,120,79.20782960695215,0.4147614323319102,656,False,"alpha 1.0, leak 1.5, trust 0.04",1.0,1.5,0.04,6
five_level_weak_anharmonic,integrated_alpha1p0_lw1p5_trust004,0.03,deph_0.001,0.001,0.0,12,0.8072664791141269,0.0018061337831396518,0.04543418774442498,0.1622313949879182,0.9822865203636991,0.0019007560055287448,120,79.20782960695215,0.4147614323319102,656,False,"alpha 1.0, leak 1.5, trust 0.04",1.0,1.5,0.04,6
five_level_weak_anharmonic,integrated_alpha1p0_lw1p5_trust004,0.03,deph_0.001,0.001,0.0,13,0.8078645590757355,0.0014631018434172471,0.03291403201661347,0.19365878690020666,0.9765758047503175,0.0019007560055287448,120,79.20782960695215,0.4147614323319102,656,False,"alpha 1.0, leak 1.5, trust 0.04",1.0,1.5,0.04,6
five_level_weak_anharmonic,integrated_alpha1p0_lw1p5_trust004,0.03,deph_0.001,0.001,0.0,14,0.915889406181769,0.0029241260909314004,0.03287050096801836,0.08099423287147847,0.98209335626194,0.0019007560055287448,120,79.20782960695215,0.4147614323319102,656,False,"alpha 1.0, leak 1.5, trust 0.04",1.0,1.5,0.04,6
five_level_weak_anharmonic,integrated_alpha1p0_lw1p5_trust004,0.03,deph_0.001,0.001,0.0,15,0.9763854286951484,0.0023872420634332148,0.04454261767367207,0.02505571797141816,0.9847614019793375,0.0019007560055287448,120,79.20782960695215,0.4147614323319102,656,False,"alpha 1.0, leak 1.5, trust 0.04",1.0,1.5,0.04,6
five_level_weak_anharmonic,integrated_alpha1p0_lw1p5_trust004,0.03,deph_0.001,0.001,0.0,16,0.9196872055993242,0.0035922481751835544,0.05023219233705212,0.055110257438154946,0.9860315040433678,0.0019007560055287448,120,79.20782960695215,0.4147614323319102,656,False,"alpha 1.0, leak 1.5, trust 0.04",1.0,1.5,0.04,6
five_level_weak_anharmonic,integrated_alpha1p0_lw1p5_trust004,0.03,deph_0.001,0.001,0.0,17,0.8744008898694745,0.0027120707741580263,0.03064107141485195,0.12158067585505972,0.9797318062913831,0.0019007560055287448,120,79.20782960695215,0.4147614323319102,656,False,"alpha 1.0, leak 1.5, trust 0.04",1.0,1.5,0.04,6
five_level_weak_anharmonic,integrated_alpha1p0_lw1p5_trust004,0.03,deph_0.001,0.001,0.0,18,0.9522097792742311,0.0025025458795463473,0.03915723180087061,0.053557547584401295,0.9824237737434978,0.0019007560055287448,120,79.20782960695215,0.4147614323319102,656,False,"alpha 1.0, leak 1.5, trust 0.04",1.0,1.5,0.04,6
five_level_weak_anharmonic,integrated_alpha1p0_lw1p5_trust004,0.03,deph_0.001,0.001,0.0,19,0.8214985008900403,0.002470186855763945,0.037606147509446464,0.14247866333203785,0.9838089694729949,0.0019007560055287448,120,79.20782960695215,0.4147614323319102,656,False,"alpha 1.0, leak 1.5, trust 0.04",1.0,1.5,0.04,6
five_level_weak_anharmonic,integrated_alpha1p0_lw1p5_trust004,0.03,deph_0.001,0.001,0.0,20,0.7951692635675436,0.00397469590243793,0.04588562964429732,0.16053249028606,0.9809231182702953,0.0019007560055287448,120,79.20782960695215,0.4147614323319102,656,False,"alpha 1.0, leak 1.5, trust 0.04",1.0,1.5,0.04,6
five_level_weak_anharmonic,integrated_alpha1p0_lw1p5_trust004,0.03,deph_0.001,0.001,0.0,21,0.8939254761600667,0.005603990672850889,0.03673033943688386,0.07627357168272987,0.9849979376816562,0.0019007560055287448,120,79.20782960695215,0.4147614323319102,656,False,"alpha 1.0, leak 1.5, trust 0.04",1.0,1.5,0.04,6
five_level_weak_anharmonic,integrated_alpha1p0_lw1p5_trust004,0.03,deph_0.001,0.001,0.0,22,0.8956560286017987,0.003637470908811058,0.039307813836350514,0.06753055339114572,0.9862262848267065,0.0019007560055287448,120,79.20782960695215,0.4147614323319102,656,False,"alpha 1.0, leak 1.5, trust 0.04",1.0,1.5,0.04,6
five_level_weak_anharmonic,integrated_alpha1p0_lw1p5_trust004,0.03,deph_0.001,0.001,0.0,23,0.9782458324543966,0.0028757713805789287,0.0397206582310663,0.012279706303104453,0.9868354993619735,0.0019007560055287448,120,79.20782960695215,0.4147614323319102,656,False,"alpha 1.0, leak 1.5, trust 0.04",1.0,1.5,0.04,6
five_level_weak_anharmonic,integrated_alpha1p0_lw1p5_trust004,0.03,deph_0.001,0.001,0.0,24,0.9774306004819326,0.0034721254169481908,0.03373301674715257,0.03106089321789073,0.9843297714945852,0.0019007560055287448,120,79.20782960695215,0.4147614323319102,656,False,"alpha 1.0, leak 1.5, trust 0.04",1.0,1.5,0.04,6
five_level_weak_anharmonic,integrated_alpha1p0_lw1p5_trust004,0.03,deph_0.001,0.001,0.0,25,0.9768050329249729,0.005449061589506532,0.04087245635988568,0.02698354467822693,0.9848319251921461,0.0019007560055287448,120,79.20782960695215,0.4147614323319102,656,False,"alpha 1.0, leak 1.5, trust 0.04",1.0,1.5,0.04,6
five_level_weak_anharmonic,integrated_alpha1p0_lw1p5_trust004,0.03,deph_0.001,0.001,0.0,26,0.9799108933230593,0.0018576588907787128,0.04485505235237697,0.024455801103641952,0.9841858730564049,0.0019007560055287448,120,79.20782960695215,0.4147614323319102,656,False,"alpha 1.0, leak 1.5, trust 0.04",1.0,1.5,0.04,6
five_level_weak_anharmonic,integrated_alpha1p0_lw1p5_trust004,0.03,deph_0.001,0.001,0.0,27,0.9464445333168376,0.0017245658343320036,0.03531780576286436,0.0673939354629695,0.9817155866273897,0.0019007560055287448,120,79.20782960695215,0.4147614323319102,656,False,"alpha 1.0, leak 1.5, trust 0.04",1.0,1.5,0.04,6
five_level_weak_anharmonic,integrated_alpha1p0_lw1p5_trust004,0.03,deph_0.001,0.001,0.0,28,0.8813273472010263,0.0059870733097882045,0.0547409106241209,0.07861716758375414,0.9846031345183001,0.0019007560055287448,120,79.20782960695215,0.4147614323319102,656,False,"alpha 1.0, leak 1.5, trust 0.04",1.0,1.5,0.04,6
five_level_weak_anharmonic,integrated_alpha1p0_lw1p5_trust004,0.03,deph_0.001,0.001,0.0,29,0.9378098594903245,0.0020250499936564914,0.03988271617870964,0.048774211949964015,0.9841137955136942,0.0019007560055287448,120,79.20782960695215,0.4147614323319102,656,False,"alpha 1.0, leak 1.5, trust 0.04",1.0,1.5,0.04,6
five_level_weak_anharmonic,integrated_alpha1p0_lw1p5_trust004,0.03,deph_0.001,0.001,0.0,30,0.9404807841540441,0.00522660799040231,0.033757879346915876,0.07571071165301065,0.9808902646929144,0.0019007560055287448,120,79.20782960695215,0.4147614323319102,656,False,"alpha 1.0, leak 1.5, trust 0.04",1.0,1.5,0.04,6
five_level_weak_anharmonic,integrated_alpha1p0_lw1p5_trust004,0.03,deph_0.001,0.001,0.0,31,0.8928585910504652,0.004770496693082715,0.04830133696575378,0.06792453148206952,0.9870365863208944,0.0019007560055287448,120,79.20782960695215,0.4147614323319102,656,False,"alpha 1.0, leak 1.5, trust 0.04",1.0,1.5,0.04,6
five_level_weak_anharmonic,integrated_alpha1p0_lw1p5_trust004,0.03,deph_0.001,0.001,0.0,32,0.9361058545299251,0.004768469494581651,0.04376032856547063,0.04024549823781653,0.9879361953768884,0.0019007560055287448,120,79.20782960695215,0.4147614323319102,656,False,"alpha 1.0, leak 1.5, trust 0.04",1.0,1.5,0.04,6
five_level_weak_anharmonic,integrated_alpha1p0_lw1p5_trust004,0.03,deph_0.001,0.001,0.0,33,0.9393657076196512,0.0023257409524394257,0.02935477313841295,0.08376595122586039,0.9801045718404359,0.0019007560055287448,120,79.20782960695215,0.4147614323319102,656,False,"alpha 1.0, leak 1.5, trust 0.04",1.0,1.5,0.04,6
five_level_weak_anharmonic,integrated_alpha1p0_lw1p5_trust004,0.03,deph_0.001,0.001,0.0,34,0.986787020127682,0.0027465906756199976,0.04345961263338993,0.02313735689694742,0.9838558235325808,0.0019007560055287448,120,79.20782960695215,0.4147614323319102,656,False,"alpha 1.0, leak 1.5, trust 0.04",1.0,1.5,0.04,6
five_level_weak_anharmonic,integrated_alpha1p0_lw1p5_trust004,0.03,deph_0.001,0.001,0.0,35,0.807329498010833,0.003997057240660462,0.04108689575375779,0.15450971229906202,0.9798786748740703,0.0019007560055287448,120,79.20782960695215,0.4147614323319102,656,False,"alpha 1.0, leak 1.5, trust 0.04",1.0,1.5,0.04,6
five_level_weak_anharmonic,integrated_alpha1p0_lw1p5_trust004,0.03,deph_0.001,0.001,0.0,36,0.9671628050173967,0.00452489499388431,0.04685495477339696,0.018627696924157344,0.9876342660662394,0.0019007560055287448,120,79.20782960695215,0.4147614323319102,656,False,"alpha 1.0, leak 1.5, trust 0.04",1.0,1.5,0.04,6
five_level_weak_anharmonic,integrated_alpha1p0_lw1p5_trust004,0.03,deph_0.001,0.001,0.0,37,0.742803682654379,0.003406224264576929,0.031159506155495453,0.2512271319659294,0.9751693273605152,0.0019007560055287448,120,79.20782960695215,0.4147614323319102,656,False,"alpha 1.0, leak 1.5, trust 0.04",1.0,1.5,0.04,6
five_level_weak_anharmonic,integrated_alpha1p0_lw1p5_trust004,0.03,deph_0.001,0.001,0.0,38,0.9303519776083219,0.0026029898192119205,0.02571499517050513,0.0918094244097293,0.9803331736360739,0.0019007560055287448,120,79.20782960695215,0.4147614323319102,656,False,"alpha 1.0, leak 1.5, trust 0.04",1.0,1.5,0.04,6
five_level_weak_anharmonic,integrated_alpha1p0_lw1p5_trust004,0.03,deph_0.001,0.001,0.0,39,0.9867277949426795,0.0037226216016786884,0.04430300947562482,0.009395463199209697,0.9868486693741282,0.0019007560055287448,120,79.20782960695215,0.4147614323319102,656,False,"alpha 1.0, leak 1.5, trust 0.04",1.0,1.5,0.04,6
five_level_weak_anharmonic,integrated_alpha1p0_lw1p5_trust004,0.03,deph_0.001,0.001,0.0,40,0.9447693144428918,0.0028738288691516622,0.04596866776289088,0.04250956787366144,0.9847894234320917,0.0019007560055287448,120,79.20782960695215,0.4147614323319102,656,False,"alpha 1.0, leak 1.5, trust 0.04",1.0,1.5,0.04,6
five_level_weak_anharmonic,integrated_alpha1p0_lw1p5_trust004,0.03,deph_0.001,0.001,0.0,41,0.8355286228942355,0.004945838901341371,0.04171195389577631,0.12679503307637963,0.9829965868656595,0.0019007560055287448,120,79.20782960695215,0.4147614323319102,656,False,"alpha 1.0, leak 1.5, trust 0.04",1.0,1.5,0.04,6
five_level_weak_anharmonic,integrated_alpha1p0_lw1p5_trust004,0.03,deph_0.001,0.001,0.0,42,0.9860615207942329,0.0025418269721213527,0.0422875321524383,0.01295592094939987,0.984950519528672,0.0019007560055287448,120,79.20782960695215,0.4147614323319102,656,False,"alpha 1.0, leak 1.5, trust 0.04",1.0,1.5,0.04,6
five_level_weak_anharmonic,integrated_alpha1p0_lw1p5_trust004,0.03,deph_0.001,0.001,0.0,43,0.9873246983727546,0.0032993792963835755,0.038232286272011695,0.01298125671199066,0.9867525857105072,0.0019007560055287448,120,79.20782960695215,0.4147614323319102,656,False,"alpha 1.0, leak 1.5, trust 0.04",1.0,1.5,0.04,6
five_level_weak_anharmonic,integrated_alpha1p0_lw1p5_trust004,0.03,deph_0.001,0.001,0.0,44,0.9576002800690145,0.0018187623060369473,0.0316870183143777,0.05912448362105554,0.9811568659224289,0.0019007560055287448,120,79.20782960695215,0.4147614323319102,656,False,"alpha 1.0, leak 1.5, trust 0.04",1.0,1.5,0.04,6
five_level_weak_anharmonic,integrated_alpha1p0_lw1p5_trust004,0.03,deph_0.001,0.001,0.0,45,0.9902438393712663,0.002274582392240543,0.04452659133889114,0.015276377286189878,0.9843750276462381,0.0019007560055287448,120,79.20782960695215,0.4147614323319102,656,False,"alpha 1.0, leak 1.5, trust 0.04",1.0,1.5,0.04,6
five_level_weak_anharmonic,integrated_alpha1p0_lw1p5_trust004,0.03,deph_0.001,0.001,0.0,46,0.9043662472801824,0.003980660964582938,0.03842827935444326,0.07320250755019965,0.9869234223017113,0.0019007560055287448,120,79.20782960695215,0.4147614323319102,656,False,"alpha 1.0, leak 1.5, trust 0.04",1.0,1.5,0.04,6
five_level_weak_anharmonic,integrated_alpha1p0_lw1p5_trust004,0.03,deph_0.001,0.001,0.0,47,0.8969573836463611,0.0071587408186278845,0.04240581275003352,0.08050610250537064,0.9840395067176793,0.0019007560055287448,120,79.20782960695215,0.4147614323319102,656,False,"alpha 1.0, leak 1.5, trust 0.04",1.0,1.5,0.04,6
five_level_weak_anharmonic,integrated_alpha1p0_lw1p5_trust004,0.03,deph_0.001,0.001,0.0,48,0.8041669386635718,0.003310318259044598,0.048456636791811114,0.16102368439004644,0.9859340797355748,0.0019007560055287448,120,79.20782960695215,0.4147614323319102,656,False,"alpha 1.0, leak 1.5, trust 0.04",1.0,1.5,0.04,6
five_level_weak_anharmonic,integrated_alpha1p0_lw1p5_trust004,0.03,deph_0.001,0.001,0.0,49,0.9463701048243776,0.005075755739207266,0.03809944352235639,0.043859207114120065,0.9847795771234228,0.0019007560055287448,120,79.20782960695215,0.4147614323319102,656,False,"alpha 1.0, leak 1.5, trust 0.04",1.0,1.5,0.04,6
five_level_weak_anharmonic,integrated_alpha1p0_lw1p5_trust004,0.03,deph_0.001,0.001,0.0,50,0.959973650732214,0.003148858208104288,0.03747235935851223,0.05000252233676962,0.98249489825605,0.0019007560055287448,120,79.20782960695215,0.4147614323319102,656,False,"alpha 1.0, leak 1.5, trust 0.04",1.0,1.5,0.04,6
five_level_weak_anharmonic,integrated_alpha1p0_lw1p5_trust004,0.03,deph_0.001,0.001,0.0,51,0.9045578826101922,0.0036075726046885803,0.04267916178236586,0.08052393210383371,0.9823115134644601,0.0019007560055287448,120,79.20782960695215,0.4147614323319102,656,False,"alpha 1.0, leak 1.5, trust 0.04",1.0,1.5,0.04,6
five_level_weak_anharmonic,integrated_alpha1p0_lw1p5_trust004,0.03,deph_0.001,0.001,0.0,52,0.8621977676966956,0.0028168670779675775,0.038126191355557504,0.10541699472197262,0.9841857982899573,0.0019007560055287448,120,79.20782960695215,0.4147614323319102,656,False,"alpha 1.0, leak 1.5, trust 0.04",1.0,1.5,0.04,6
five_level_weak_anharmonic,integrated_alpha1p0_lw1p5_trust004,0.03,deph_0.001,0.001,0.0,53,0.9483640757666103,0.0016342455259319433,0.04051934677966451,0.057238329353422414,0.9837213039042382,0.0019007560055287448,120,79.20782960695215,0.4147614323319102,656,False,"alpha 1.0, leak 1.5, trust 0.04",1.0,1.5,0.04,6
five_level_weak_anharmonic,integrated_alpha1p0_lw1p5_trust004,0.03,deph_0.001,0.001,0.0,54,0.9755493097105066,0.0010774035077245614,0.0416432864754146,0.026160172979026425,0.9857886955233082,0.0019007560055287448,120,79.20782960695215,0.4147614323319102,656,False,"alpha 1.0, leak 1.5, trust 0.04",1.0,1.5,0.04,6
five_level_weak_anharmonic,integrated_alpha1p0_lw1p5_trust004,0.03,deph_0.001,0.001,0.0,55,0.9406442211552413,0.004071404170943427,0.04017821012808498,0.06636434667331065,0.9808806727763322,0.0019007560055287448,120,79.20782960695215,0.4147614323319102,656,False,"alpha 1.0, leak 1.5, trust 0.04",1.0,1.5,0.04,6
five_level_weak_anharmonic,integrated_alpha1p0_lw1p5_trust004,0.03,deph_0.001,0.001,0.0,56,0.9765097200505817,0.001002025873193646,0.038214924241243065,0.018193901792630827,0.987955248777841,0.0019007560055287448,120,79.20782960695215,0.4147614323319102,656,False,"alpha 1.0, leak 1.5, trust 0.04",1.0,1.5,0.04,6
five_level_weak_anharmonic,integrated_alpha1p0_lw1p5_trust004,0.03,deph_0.001,0.001,0.0,57,0.853032004567603,0.007478211880955321,0.038873405536987704,0.13665013821707908,0.9782390829565115,0.0019007560055287448,120,79.20782960695215,0.4147614323319102,656,False,"alpha 1.0, leak 1.5, trust 0.04",1.0,1.5,0.04,6
five_level_weak_anharmonic,integrated_alpha1p0_lw1p5_trust004,0.03,deph_0.001,0.001,0.0,58,0.9817490406469408,0.004113316591423888,0.03814147563063641,0.011427904394475986,0.9872225933547507,0.0019007560055287448,120,79.20782960695215,0.4147614323319102,656,False,"alpha 1.0, leak 1.5, trust 0.04",1.0,1.5,0.04,6
five_level_weak_anharmonic,integrated_alpha1p0_lw1p5_trust004,0.03,deph_0.001,0.001,0.0,59,0.8562618063930836,0.003103239551625059,0.04541865060110617,0.11674408056526754,0.9855661905122014,0.0019007560055287448,120,79.20782960695215,0.4147614323319102,656,False,"alpha 1.0, leak 1.5, trust 0.04",1.0,1.5,0.04,6
five_level_weak_anharmonic,integrated_alpha1p0_lw1p5_trust004,0.03,relax_0.0005,0.0,0.0005,10,0.8767124170120727,0.0026015876145988326,0.03872921192573431,0.08206106410260317,0.9671265420988925,0.0019007560055287448,120,79.20782960695215,0.4147614323319102,656,False,"alpha 1.0, leak 1.5, trust 0.04",1.0,1.5,0.04,6
five_level_weak_anharmonic,integrated_alpha1p0_lw1p5_trust004,0.03,relax_0.0005,0.0,0.0005,11,0.8600982659724612,0.004579645320858194,0.052455177792473995,0.09927125543219445,0.9619309418547543,0.0019007560055287448,120,79.20782960695215,0.4147614323319102,656,False,"alpha 1.0, leak 1.5, trust 0.04",1.0,1.5,0.04,6
five_level_weak_anharmonic,integrated_alpha1p0_lw1p5_trust004,0.03,relax_0.0005,0.0,0.0005,12,0.7920923102067591,0.001206541845388709,0.04500315641965247,0.17458674207871616,0.9672703992135729,0.0019007560055287448,120,79.20782960695215,0.4147614323319102,656,False,"alpha 1.0, leak 1.5, trust 0.04",1.0,1.5,0.04,6
five_level_weak_anharmonic,integrated_alpha1p0_lw1p5_trust004,0.03,relax_0.0005,0.0,0.0005,13,0.7991388205388256,0.0009393937306897415,0.032423422044570716,0.2011216270602999,0.9787560953719081,0.0019007560055287448,120,79.20782960695215,0.4147614323319102,656,False,"alpha 1.0, leak 1.5, trust 0.04",1.0,1.5,0.04,6
five_level_weak_anharmonic,integrated_alpha1p0_lw1p5_trust004,0.03,relax_0.0005,0.0,0.0005,14,0.907727287330463,0.002409879508436852,0.032498338393326165,0.08806312641335316,0.9706659369533218,0.0019007560055287448,120,79.20782960695215,0.4147614323319102,656,False,"alpha 1.0, leak 1.5, trust 0.04",1.0,1.5,0.04,6
five_level_weak_anharmonic,integrated_alpha1p0_lw1p5_trust004,0.03,relax_0.0005,0.0,0.0005,15,0.9641068143529005,0.0015794331096971037,0.04405135981459252,0.03489757056707762,0.965023950994889,0.0019007560055287448,120,79.20782960695215,0.4147614323319102,656,False,"alpha 1.0, leak 1.5, trust 0.04",1.0,1.5,0.04,6
five_level_weak_anharmonic,integrated_alpha1p0_lw1p5_trust004,0.03,relax_0.0005,0.0,0.0005,16,0.9075974063694242,0.0027253425944031573,0.04962446386675978,0.0648659301854945,0.9626799533248618,0.0019007560055287448,120,79.20782960695215,0.4147614323319102,656,False,"alpha 1.0, leak 1.5, trust 0.04",1.0,1.5,0.04,6
five_level_weak_anharmonic,integrated_alpha1p0_lw1p5_trust004,0.03,relax_0.0005,0.0,0.0005,17,0.8616695652060694,0.002133513886722116,0.030226169762179067,0.13191828452387597,0.9728229164719219,0.0019007560055287448,120,79.20782960695215,0.4147614323319102,656,False,"alpha 1.0, leak 1.5, trust 0.04",1.0,1.5,0.04,6
five_level_weak_anharmonic,integrated_alpha1p0_lw1p5_trust004,0.03,relax_0.0005,0.0,0.0005,18,0.9405538813803619,0.0018314915822023048,0.03871633130304497,0.06304808620178337,0.9689140739504775,0.0019007560055287448,120,79.20782960695215,0.4147614323319102,656,False,"alpha 1.0, leak 1.5, trust 0.04",1.0,1.5,0.04,6
five_level_weak_anharmonic,integrated_alpha1p0_lw1p5_trust004,0.03,relax_0.0005,0.0,0.0005,19,0.8066545238781541,0.0017812439094719856,0.03718955929084711,0.15462079759988015,0.9652381537377557,0.0019007560055287448,120,79.20782960695215,0.4147614323319102,656,False,"alpha 1.0, leak 1.5, trust 0.04",1.0,1.5,0.04,6
five_level_weak_anharmonic,integrated_alpha1p0_lw1p5_trust004,0.03,relax_0.0005,0.0,0.0005,20,0.7814808876570382,0.003088886368314725,0.04534955592438927,0.1716460601634681,0.9680061272578607,0.0019007560055287448,120,79.20782960695215,0.4147614323319102,656,False,"alpha 1.0, leak 1.5, trust 0.04",1.0,1.5,0.04,6
five_level_weak_anharmonic,integrated_alpha1p0_lw1p5_trust004,0.03,relax_0.0005,0.0,0.0005,21,0.8803290971840327,0.005000660034322091,0.036368024567367874,0.08728966065529764,0.9643550612172095,0.0019007560055287448,120,79.20782960695215,0.4147614323319102,656,False,"alpha 1.0, leak 1.5, trust 0.04",1.0,1.5,0.04,6
five_level_weak_anharmonic,integrated_alpha1p0_lw1p5_trust004,0.03,relax_0.0005,0.0,0.0005,22,0.8843599034496379,0.0028700448935845557,0.03884867834411554,0.07683878430376054,0.9626977618176948,0.0019007560055287448,120,79.20782960695215,0.4147614323319102,656,False,"alpha 1.0, leak 1.5, trust 0.04",1.0,1.5,0.04,6
five_level_weak_anharmonic,integrated_alpha1p0_lw1p5_trust004,0.03,relax_0.0005,0.0,0.0005,23,0.967446619524385,0.002297559279306749,0.03929884095679159,0.021128054620293723,0.9636571062166073,0.0019007560055287448,120,79.20782960695215,0.4147614323319102,656,False,"alpha 1.0, leak 1.5, trust 0.04",1.0,1.5,0.04,6
five_level_weak_anharmonic,integrated_alpha1p0_lw1p5_trust004,0.03,relax_0.0005,0.0,0.0005,24,0.9662399577598424,0.0028497756274521446,0.0333121956183422,0.04025125650603912,0.9671962537366856,0.0019007560055287448,120,79.20782960695215,0.4147614323319102,656,False,"alpha 1.0, leak 1.5, trust 0.04",1.0,1.5,0.04,6
five_level_weak_anharmonic,integrated_alpha1p0_lw1p5_trust004,0.03,relax_0.0005,0.0,0.0005,25,0.9661648925362005,0.004776704129216269,0.04047318920177312,0.03573692988518902,0.9664391133772334,0.0019007560055287448,120,79.20782960695215,0.4147614323319102,656,False,"alpha 1.0, leak 1.5, trust 0.04",1.0,1.5,0.04,6
five_level_weak_anharmonic,integrated_alpha1p0_lw1p5_trust004,0.03,relax_0.0005,0.0,0.0005,26,0.9691246350887968,0.001133871639756645,0.04426411278510445,0.03322738176574936,0.9667041193958813,0.0019007560055287448,120,79.20782960695215,0.4147614323319102,656,False,"alpha 1.0, leak 1.5, trust 0.04",1.0,1.5,0.04,6
five_level_weak_anharmonic,integrated_alpha1p0_lw1p5_trust004,0.03,relax_0.0005,0.0,0.0005,27,0.9349203540753042,0.0012002057494936436,0.03485536761104169,0.07678972188179826,0.9706858219689687,0.0019007560055287448,120,79.20782960695215,0.4147614323319102,656,False,"alpha 1.0, leak 1.5, trust 0.04",1.0,1.5,0.04,6
five_level_weak_anharmonic,integrated_alpha1p0_lw1p5_trust004,0.03,relax_0.0005,0.0,0.0005,28,0.8703699102573549,0.005100500702150068,0.054105285073445475,0.08751488252405902,0.9648845137166009,0.0019007560055287448,120,79.20782960695215,0.4147614323319102,656,False,"alpha 1.0, leak 1.5, trust 0.04",1.0,1.5,0.04,6
five_level_weak_anharmonic,integrated_alpha1p0_lw1p5_trust004,0.03,relax_0.0005,0.0,0.0005,29,0.9264410073460223,0.001524035183444572,0.039447469478314456,0.05805324818062543,0.9672753239237661,0.0019007560055287448,120,79.20782960695215,0.4147614323319102,656,False,"alpha 1.0, leak 1.5, trust 0.04",1.0,1.5,0.04,6
five_level_weak_anharmonic,integrated_alpha1p0_lw1p5_trust004,0.03,relax_0.0005,0.0,0.0005,30,0.9295517351880478,0.004699784725498368,0.03347247184309288,0.08481989903438,0.9720059455384888,0.0019007560055287448,120,79.20782960695215,0.4147614323319102,656,False,"alpha 1.0, leak 1.5, trust 0.04",1.0,1.5,0.04,6
five_level_weak_anharmonic,integrated_alpha1p0_lw1p5_trust004,0.03,relax_0.0005,0.0,0.0005,31,0.8830743720718409,0.003923077561334365,0.04784006809805175,0.0759705941376973,0.9620636802308236,0.0019007560055287448,120,79.20782960695215,0.4147614323319102,656,False,"alpha 1.0, leak 1.5, trust 0.04",1.0,1.5,0.04,6
five_level_weak_anharmonic,integrated_alpha1p0_lw1p5_trust004,0.03,relax_0.0005,0.0,0.0005,32,0.9250423781207021,0.003998032718987465,0.04331405558862511,0.049297640058334695,0.9611998833753285,0.0019007560055287448,120,79.20782960695215,0.4147614323319102,656,False,"alpha 1.0, leak 1.5, trust 0.04",1.0,1.5,0.04,6
five_level_weak_anharmonic,integrated_alpha1p0_lw1p5_trust004,0.03,relax_0.0005,0.0,0.0005,33,0.928927669936256,0.0017336514399908243,0.028986352909383895,0.09256872543808986,0.9725670385910365,0.0019007560055287448,120,79.20782960695215,0.4147614323319102,656,False,"alpha 1.0, leak 1.5, trust 0.04",1.0,1.5,0.04,6
five_level_weak_anharmonic,integrated_alpha1p0_lw1p5_trust004,0.03,relax_0.0005,0.0,0.0005,34,0.9768596810510318,0.0019016920794246994,0.04277740455195256,0.031280125653637275,0.9672179983335251,0.0019007560055287448,120,79.20782960695215,0.4147614323319102,656,False,"alpha 1.0, leak 1.5, trust 0.04",1.0,1.5,0.04,6
five_level_weak_anharmonic,integrated_alpha1p0_lw1p5_trust004,0.03,relax_0.0005,0.0,0.0005,35,0.7939767246298958,0.00312280415858468,0.04050672541664935,0.16527034775440325,0.9691653216366459,0.0019007560055287448,120,79.20782960695215,0.4147614323319102,656,False,"alpha 1.0, leak 1.5, trust 0.04",1.0,1.5,0.04,6
five_level_weak_anharmonic,integrated_alpha1p0_lw1p5_trust004,0.03,relax_0.0005,0.0,0.0005,36,0.9555511378717504,0.003875580408921331,0.046311644504061666,0.027984994478100288,0.9623745997705606,0.0019007560055287448,120,79.20782960695215,0.4147614323319102,656,False,"alpha 1.0, leak 1.5, trust 0.04",1.0,1.5,0.04,6
five_level_weak_anharmonic,integrated_alpha1p0_lw1p5_trust004,0.03,relax_0.0005,0.0,0.0005,37,0.7312277677867043,0.002850949980217621,0.0307770808183343,0.2608032339642738,0.9808029503650084,0.0019007560055287448,120,79.20782960695215,0.4147614323319102,656,False,"alpha 1.0, leak 1.5, trust 0.04",1.0,1.5,0.04,6
five_level_weak_anharmonic,integrated_alpha1p0_lw1p5_trust004,0.03,relax_0.0005,0.0,0.0005,38,0.9204808972994852,0.002216720135776007,0.025435195548182077,0.10020428860539157,0.9728420739240782,0.0019007560055287448,120,79.20782960695215,0.4147614323319102,656,False,"alpha 1.0, leak 1.5, trust 0.04",1.0,1.5,0.04,6
five_level_weak_anharmonic,integrated_alpha1p0_lw1p5_trust004,0.03,relax_0.0005,0.0,0.0005,39,0.9756535381092223,0.0029431519032143694,0.04380041880750973,0.018357034505221678,0.9631248065028439,0.0019007560055287448,120,79.20782960695215,0.4147614323319102,656,False,"alpha 1.0, leak 1.5, trust 0.04",1.0,1.5,0.04,6
five_level_weak_anharmonic,integrated_alpha1p0_lw1p5_trust004,0.03,relax_0.0005,0.0,0.0005,40,0.9326239754965352,0.002136271821520208,0.045484218414671096,0.05231508295932318,0.9651607574671849,0.0019007560055287448,120,79.20782960695215,0.4147614323319102,656,False,"alpha 1.0, leak 1.5, trust 0.04",1.0,1.5,0.04,6
five_level_weak_anharmonic,integrated_alpha1p0_lw1p5_trust004,0.03,relax_0.0005,0.0,0.0005,41,0.8214905718184143,0.004150268241474131,0.04128169180019925,0.1382229507635678,0.965443456381685,0.0019007560055287448,120,79.20782960695215,0.4147614323319102,656,False,"alpha 1.0, leak 1.5, trust 0.04",1.0,1.5,0.04,6
five_level_weak_anharmonic,integrated_alpha1p0_lw1p5_trust004,0.03,relax_0.0005,0.0,0.0005,42,0.9772057153096984,0.0018352980187297252,0.041755651394869364,0.020399113999932307,0.9660037279074406,0.0019007560055287448,120,79.20782960695215,0.4147614323319102,656,False,"alpha 1.0, leak 1.5, trust 0.04",1.0,1.5,0.04,6
five_level_weak_anharmonic,integrated_alpha1p0_lw1p5_trust004,0.03,relax_0.0005,0.0,0.0005,43,0.9758798698100085,0.002768031036980534,0.03784584345595554,0.022278379899217948,0.9641507911313504,0.0019007560055287448,120,79.20782960695215,0.4147614323319102,656,False,"alpha 1.0, leak 1.5, trust 0.04",1.0,1.5,0.04,6
five_level_weak_anharmonic,integrated_alpha1p0_lw1p5_trust004,0.03,relax_0.0005,0.0,0.0005,44,0.9503465498656144,0.0014148370474731387,0.03128073528186359,0.06552676791707363,0.972816727202674,0.0019007560055287448,120,79.20782960695215,0.4147614323319102,656,False,"alpha 1.0, leak 1.5, trust 0.04",1.0,1.5,0.04,6
five_level_weak_anharmonic,integrated_alpha1p0_lw1p5_trust004,0.03,relax_0.0005,0.0,0.0005,45,0.9805345644045793,0.0013779330639398513,0.043887143411238894,0.02329165342289089,0.9664641233460785,0.0019007560055287448,120,79.20782960695215,0.4147614323319102,656,False,"alpha 1.0, leak 1.5, trust 0.04",1.0,1.5,0.04,6
five_level_weak_anharmonic,integrated_alpha1p0_lw1p5_trust004,0.03,relax_0.0005,0.0,0.0005,46,0.8899712240409867,0.0034066174483061706,0.03808301924983004,0.08490555077191825,0.9622461578969195,0.0019007560055287448,120,79.20782960695215,0.4147614323319102,656,False,"alpha 1.0, leak 1.5, trust 0.04",1.0,1.5,0.04,6
five_level_weak_anharmonic,integrated_alpha1p0_lw1p5_trust004,0.03,relax_0.0005,0.0,0.0005,47,0.8829895451777522,0.006445774236317203,0.041982418184256076,0.09174229114943494,0.9652660684189558,0.0019007560055287448,120,79.20782960695215,0.4147614323319102,656,False,"alpha 1.0, leak 1.5, trust 0.04",1.0,1.5,0.04,6
five_level_weak_anharmonic,integrated_alpha1p0_lw1p5_trust004,0.03,relax_0.0005,0.0,0.0005,48,0.7911342165348623,0.0025580000363865096,0.047945329528930714,0.17177157886647293,0.9629505933115637,0.0019007560055287448,120,79.20782960695215,0.4147614323319102,656,False,"alpha 1.0, leak 1.5, trust 0.04",1.0,1.5,0.04,6
five_level_weak_anharmonic,integrated_alpha1p0_lw1p5_trust004,0.03,relax_0.0005,0.0,0.0005,49,0.9330620410059848,0.0042496974939438825,0.037580956239968266,0.05454095138982785,0.9645310870635303,0.0019007560055287448,120,79.20782960695215,0.4147614323319102,656,False,"alpha 1.0, leak 1.5, trust 0.04",1.0,1.5,0.04,6
five_level_weak_anharmonic,integrated_alpha1p0_lw1p5_trust004,0.03,relax_0.0005,0.0,0.0005,50,0.9484157155964151,0.0024915261790104948,0.037093863830716556,0.05939404687474003,0.9694490463725737,0.0019007560055287448,120,79.20782960695215,0.4147614323319102,656,False,"alpha 1.0, leak 1.5, trust 0.04",1.0,1.5,0.04,6
five_level_weak_anharmonic,integrated_alpha1p0_lw1p5_trust004,0.03,relax_0.0005,0.0,0.0005,51,0.8917014675804559,0.0027394935409855714,0.04215920709989063,0.09088707912137173,0.9666985324446394,0.0019007560055287448,120,79.20782960695215,0.4147614323319102,656,False,"alpha 1.0, leak 1.5, trust 0.04",1.0,1.5,0.04,6
five_level_weak_anharmonic,integrated_alpha1p0_lw1p5_trust004,0.03,relax_0.0005,0.0,0.0005,52,0.8482064941245645,0.002004527027926417,0.03766078089578695,0.11676486633766996,0.9645831473524498,0.0019007560055287448,120,79.20782960695215,0.4147614323319102,656,False,"alpha 1.0, leak 1.5, trust 0.04",1.0,1.5,0.04,6
five_level_weak_anharmonic,integrated_alpha1p0_lw1p5_trust004,0.03,relax_0.0005,0.0,0.0005,53,0.9379123265711717,0.0009515814347309526,0.040107032557710864,0.06586564112736921,0.9678711608177093,0.0019007560055287448,120,79.20782960695215,0.4147614323319102,656,False,"alpha 1.0, leak 1.5, trust 0.04",1.0,1.5,0.04,6
five_level_weak_anharmonic,integrated_alpha1p0_lw1p5_trust004,0.03,relax_0.0005,0.0,0.0005,54,0.9653757011951473,0.00041200742883640284,0.04107851103820592,0.034477917670890326,0.9653057132914227,0.0019007560055287448,120,79.20782960695215,0.4147614323319102,656,False,"alpha 1.0, leak 1.5, trust 0.04",1.0,1.5,0.04,6
five_level_weak_anharmonic,integrated_alpha1p0_lw1p5_trust004,0.03,relax_0.0005,0.0,0.0005,55,0.9333014758437891,0.003423198888402812,0.03975868002898175,0.07272389236437936,0.9726258846036302,0.0019007560055287448,120,79.20782960695215,0.4147614323319102,656,False,"alpha 1.0, leak 1.5, trust 0.04",1.0,1.5,0.04,6
five_level_weak_anharmonic,integrated_alpha1p0_lw1p5_trust004,0.03,relax_0.0005,0.0,0.0005,56,0.9654247460819374,0.0004918041964188102,0.03785644657807197,0.027254517134473338,0.9620847917613624,0.0019007560055287448,120,79.20782960695215,0.4147614323319102,656,False,"alpha 1.0, leak 1.5, trust 0.04",1.0,1.5,0.04,6
five_level_weak_anharmonic,integrated_alpha1p0_lw1p5_trust004,0.03,relax_0.0005,0.0,0.0005,57,0.840174308444929,0.006497318811930608,0.03846003463782144,0.14700886997957988,0.9721816304576189,0.0019007560055287448,120,79.20782960695215,0.4147614323319102,656,False,"alpha 1.0, leak 1.5, trust 0.04",1.0,1.5,0.04,6
five_level_weak_anharmonic,integrated_alpha1p0_lw1p5_trust004,0.03,relax_0.0005,0.0,0.0005,58,0.9694752172810137,0.0035973631823122965,0.03775613908841735,0.02134772627880145,0.9633266628136672,0.0019007560055287448,120,79.20782960695215,0.4147614323319102,656,False,"alpha 1.0, leak 1.5, trust 0.04",1.0,1.5,0.04,6
five_level_weak_anharmonic,integrated_alpha1p0_lw1p5_trust004,0.03,relax_0.0005,0.0,0.0005,59,0.8423768521245744,0.0022567376814799367,0.04483464461177,0.12804225009371334,0.9626389683323004,0.0019007560055287448,120,79.20782960695215,0.4147614323319102,656,False,"alpha 1.0, leak 1.5, trust 0.04",1.0,1.5,0.04,6
five_level_weak_anharmonic,integrated_alpha1p0_lw1p5_trust004,0.03,combined,0.001,0.0005,10,0.8709060979384775,0.0032476500576874567,0.03902700612643073,0.08834688869248362,0.9511633189962829,0.0019007560055287448,120,79.20782960695215,0.4147614323319102,656,False,"alpha 1.0, leak 1.5, trust 0.04",1.0,1.5,0.04,6
five_level_weak_anharmonic,integrated_alpha1p0_lw1p5_trust004,0.03,combined,0.001,0.0005,11,0.8558959455695745,0.005269607804226917,0.052727399753978,0.10407362623047486,0.949525599122359,0.0019007560055287448,120,79.20782960695215,0.4147614323319102,656,False,"alpha 1.0, leak 1.5, trust 0.04",1.0,1.5,0.04,6
five_level_weak_anharmonic,integrated_alpha1p0_lw1p5_trust004,0.03,combined,0.001,0.0005,12,0.7893711064448303,0.0017430796823338923,0.045122737537087065,0.1780043344729597,0.9502586742037935,0.0019007560055287448,120,79.20782960695215,0.4147614323319102,656,False,"alpha 1.0, leak 1.5, trust 0.04",1.0,1.5,0.04,6
five_level_weak_anharmonic,integrated_alpha1p0_lw1p5_trust004,0.03,combined,0.001,0.0005,13,0.794985143790006,0.001441620801341803,0.032772217260147674,0.20509607534388583,0.9559288687323746,0.0019007560055287448,120,79.20782960695215,0.4147614323319102,656,False,"alpha 1.0, leak 1.5, trust 0.04",1.0,1.5,0.04,6
five_level_weak_anharmonic,integrated_alpha1p0_lw1p5_trust004,0.03,combined,0.001,0.0005,14,0.9018177872537286,0.0028660684553959426,0.032681723085190795,0.09364949949163977,0.9533950431924703,0.0019007560055287448,120,79.20782960695215,0.4147614323319102,656,False,"alpha 1.0, leak 1.5, trust 0.04",1.0,1.5,0.04,6
five_level_weak_anharmonic,integrated_alpha1p0_lw1p5_trust004,0.03,combined,0.001,0.0005,15,0.9574294668408991,0.002403501120197271,0.044316401060032984,0.04136939096125889,0.950448764601093,0.0019007560055287448,120,79.20782960695215,0.4147614323319102,656,False,"alpha 1.0, leak 1.5, trust 0.04",1.0,1.5,0.04,6
five_level_weak_anharmonic,integrated_alpha1p0_lw1p5_trust004,0.03,combined,0.001,0.0005,16,0.9023830565260936,0.0035001731223943677,0.04997070547975002,0.07046272088536532,0.9494530765466809,0.0019007560055287448,120,79.20782960695215,0.4147614323319102,656,False,"alpha 1.0, leak 1.5, trust 0.04",1.0,1.5,0.04,6
five_level_weak_anharmonic,integrated_alpha1p0_lw1p5_trust004,0.03,combined,0.001,0.0005,17,0.8562431033313804,0.0026460394906395734,0.03051637144633046,0.13734228059399128,0.9531598078777322,0.0019007560055287448,120,79.20782960695215,0.4147614323319102,656,False,"alpha 1.0, leak 1.5, trust 0.04",1.0,1.5,0.04,6
five_level_weak_anharmonic,integrated_alpha1p0_lw1p5_trust004,0.03,combined,0.001,0.0005,18,0.9337577173894449,0.002464720500785722,0.03893597118424763,0.06950785502113219,0.9519598028662186,0.0019007560055287448,120,79.20782960695215,0.4147614323319102,656,False,"alpha 1.0, leak 1.5, trust 0.04",1.0,1.5,0.04,6
five_level_weak_anharmonic,integrated_alpha1p0_lw1p5_trust004,0.03,combined,0.001,0.0005,19,0.803789867417679,0.002402564866533341,0.037392764332743855,0.15825550907068675,0.9497554568696035,0.0019007560055287448,120,79.20782960695215,0.4147614323319102,656,False,"alpha 1.0, leak 1.5, trust 0.04",1.0,1.5,0.04,6
five_level_weak_anharmonic,integrated_alpha1p0_lw1p5_trust004,0.03,combined,0.001,0.0005,20,0.7783392535390269,0.0038668859114914245,0.04564377881297632,0.17576508952471204,0.9496904805064951,0.0019007560055287448,120,79.20782960695215,0.4147614323319102,656,False,"alpha 1.0, leak 1.5, trust 0.04",1.0,1.5,0.04,6
five_level_weak_anharmonic,integrated_alpha1p0_lw1p5_trust004,0.03,combined,0.001,0.0005,21,0.875829796455888,0.005413023384695181,0.03653421769075249,0.09241740860390889,0.9500236527191054,0.0019007560055287448,120,79.20782960695215,0.4147614323319102,656,False,"alpha 1.0, leak 1.5, trust 0.04",1.0,1.5,0.04,6
five_level_weak_anharmonic,integrated_alpha1p0_lw1p5_trust004,0.03,combined,0.001,0.0005,22,0.8794114643437856,0.0035627855980764345,0.039103797291037634,0.08229770979255178,0.9496592171494953,0.0019007560055287448,120,79.20782960695215,0.4147614323319102,656,False,"alpha 1.0, leak 1.5, trust 0.04",1.0,1.5,0.04,6
five_level_weak_anharmonic,integrated_alpha1p0_lw1p5_trust004,0.03,combined,0.001,0.0005,23,0.9608785349607438,0.0027842148241483677,0.03950688781480283,0.027611066390443396,0.9511411466881105,0.0019007560055287448,120,79.20782960695215,0.4147614323319102,656,False,"alpha 1.0, leak 1.5, trust 0.04",1.0,1.5,0.04,6
five_level_weak_anharmonic,integrated_alpha1p0_lw1p5_trust004,0.03,combined,0.001,0.0005,24,0.9595996939222805,0.003388960749867498,0.033597694036965775,0.04647955210703866,0.9521270690196417,0.0019007560055287448,120,79.20782960695215,0.4147614323319102,656,False,"alpha 1.0, leak 1.5, trust 0.04",1.0,1.5,0.04,6
five_level_weak_anharmonic,integrated_alpha1p0_lw1p5_trust004,0.03,combined,0.001,0.0005,25,0.9595009783250494,0.005312613615150452,0.04062495136005673,0.0420693382388622,0.9518936686371263,0.0019007560055287448,120,79.20782960695215,0.4147614323319102,656,False,"alpha 1.0, leak 1.5, trust 0.04",1.0,1.5,0.04,6
five_level_weak_anharmonic,integrated_alpha1p0_lw1p5_trust004,0.03,combined,0.001,0.0005,26,0.96188762146191,0.001828721529724353,0.04458804229245983,0.04010490236018751,0.9515343055371989,0.0019007560055287448,120,79.20782960695215,0.4147614323319102,656,False,"alpha 1.0, leak 1.5, trust 0.04",1.0,1.5,0.04,6
five_level_weak_anharmonic,integrated_alpha1p0_lw1p5_trust004,0.03,combined,0.001,0.0005,27,0.9284263803069883,0.0016730245142566602,0.03514681835221012,0.08282387526639998,0.9529955778287561,0.0019007560055287448,120,79.20782960695215,0.4147614323319102,656,False,"alpha 1.0, leak 1.5, trust 0.04",1.0,1.5,0.04,6
five_level_weak_anharmonic,integrated_alpha1p0_lw1p5_trust004,0.03,combined,0.001,0.0005,28,0.8655333160526252,0.0057883583170385,0.05444929496817086,0.09304005508086714,0.9502235160987571,0.0019007560055287448,120,79.20782960695215,0.4147614323319102,656,False,"alpha 1.0, leak 1.5, trust 0.04",1.0,1.5,0.04,6
five_level_weak_anharmonic,integrated_alpha1p0_lw1p5_trust004,0.03,combined,0.001,0.0005,29,0.9202621116130058,0.001943618515369283,0.03964698284175472,0.06429462023838478,0.9520105891454629,0.0019007560055287448,120,79.20782960695215,0.4147614323319102,656,False,"alpha 1.0, leak 1.5, trust 0.04",1.0,1.5,0.04,6
five_level_weak_anharmonic,integrated_alpha1p0_lw1p5_trust004,0.03,combined,0.001,0.0005,30,0.922893125532247,0.005093559791016333,0.03354497511716925,0.0909233934745245,0.9534765545869957,0.0019007560055287448,120,79.20782960695215,0.4147614323319102,656,False,"alpha 1.0, leak 1.5, trust 0.04",1.0,1.5,0.04,6
five_level_weak_anharmonic,integrated_alpha1p0_lw1p5_trust004,0.03,combined,0.001,0.0005,31,0.8781306329321085,0.004643855250064832,0.048155896074833615,0.08143923004449098,0.94988839792975,0.0019007560055287448,120,79.20782960695215,0.4147614323319102,656,False,"alpha 1.0, leak 1.5, trust 0.04",1.0,1.5,0.04,6
five_level_weak_anharmonic,integrated_alpha1p0_lw1p5_trust004,0.03,combined,0.001,0.0005,32,0.9195923011451838,0.004650305941239274,0.04351916564632585,0.05498281182581451,0.9498646342042248,0.0019007560055287448,120,79.20782960695215,0.4147614323319102,656,False,"alpha 1.0, leak 1.5, trust 0.04",1.0,1.5,0.04,6
five_level_weak_anharmonic,integrated_alpha1p0_lw1p5_trust004,0.03,combined,0.001,0.0005,33,0.92176980167615,0.0023030181498553404,0.029208121426993805,0.0988946864620737,0.9532801741569088,0.0019007560055287448,120,79.20782960695215,0.4147614323319102,656,False,"alpha 1.0, leak 1.5, trust 0.04",1.0,1.5,0.04,6
five_level_weak_anharmonic,integrated_alpha1p0_lw1p5_trust004,0.03,combined,0.001,0.0005,34,0.9693501969658894,0.0027036334595330613,0.043249080065441925,0.03827484494222235,0.9517266320985242,0.0019007560055287448,120,79.20782960695215,0.4147614323319102,656,False,"alpha 1.0, leak 1.5, trust 0.04",1.0,1.5,0.04,6
five_level_weak_anharmonic,integrated_alpha1p0_lw1p5_trust004,0.03,combined,0.001,0.0005,35,0.7901549791641214,0.0039026636539374326,0.040907723784906036,0.16996818724042007,0.9498098740776915,0.0019007560055287448,120,79.20782960695215,0.4147614323319102,656,False,"alpha 1.0, leak 1.5, trust 0.04",1.0,1.5,0.04,6
five_level_weak_anharmonic,integrated_alpha1p0_lw1p5_trust004,0.03,combined,0.001,0.0005,36,0.9496534728599225,0.004355019568074936,0.04659763422423269,0.034032713290610944,0.9506775531037805,0.0019007560055287448,120,79.20782960695215,0.4147614323319102,656,False,"alpha 1.0, leak 1.5, trust 0.04",1.0,1.5,0.04,6
five_level_weak_anharmonic,integrated_alpha1p0_lw1p5_trust004,0.03,combined,0.001,0.0005,37,0.7269388787118072,0.0032983696135946428,0.03101203308697098,0.26512558895509336,0.956587731568286,0.0019007560055287448,120,79.20782960695215,0.4147614323319102,656,False,"alpha 1.0, leak 1.5, trust 0.04",1.0,1.5,0.04,6
five_level_weak_anharmonic,integrated_alpha1p0_lw1p5_trust004,0.03,combined,0.001,0.0005,38,0.9140075043155871,0.0025482945714925265,0.025549756169979565,0.10593077339368356,0.9537811121151937,0.0019007560055287448,120,79.20782960695215,0.4147614323319102,656,False,"alpha 1.0, leak 1.5, trust 0.04",1.0,1.5,0.04,6
five_level_weak_anharmonic,integrated_alpha1p0_lw1p5_trust004,0.03,combined,0.001,0.0005,39,0.9690469405095427,0.003668947774794651,0.04408431133642432,0.02481289424712038,0.9506461612156293,0.0019007560055287448,120,79.20782960695215,0.4147614323319102,656,False,"alpha 1.0, leak 1.5, trust 0.04",1.0,1.5,0.04,6
five_level_weak_anharmonic,integrated_alpha1p0_lw1p5_trust004,0.03,combined,0.001,0.0005,40,0.9265582613377149,0.002796422161421952,0.04568332756746729,0.05848408408251578,0.9506112337944876,0.0019007560055287448,120,79.20782960695215,0.4147614323319102,656,False,"alpha 1.0, leak 1.5, trust 0.04",1.0,1.5,0.04,6
five_level_weak_anharmonic,integrated_alpha1p0_lw1p5_trust004,0.03,combined,0.001,0.0005,41,0.8179223370669321,0.0047955461367445995,0.04145837328404389,0.14260158545500282,0.9491808780009958,0.0019007560055287448,120,79.20782960695215,0.4147614323319102,656,False,"alpha 1.0, leak 1.5, trust 0.04",1.0,1.5,0.04,6
five_level_weak_anharmonic,integrated_alpha1p0_lw1p5_trust004,0.03,combined,0.001,0.0005,42,0.9695558877882317,0.002496571935241221,0.04205889532171381,0.027642588315494276,0.9516266031561825,0.0019007560055287448,120,79.20782960695215,0.4147614323319102,656,False,"alpha 1.0, leak 1.5, trust 0.04",1.0,1.5,0.04,6
five_level_weak_anharmonic,integrated_alpha1p0_lw1p5_trust004,0.03,combined,0.001,0.0005,43,0.9695446844637361,0.0031869223178875306,0.03803227262672737,0.028412375134824336,0.9515223674527634,0.0019007560055287448,120,79.20782960695215,0.4147614323319102,656,False,"alpha 1.0, leak 1.5, trust 0.04",1.0,1.5,0.04,6
five_level_weak_anharmonic,integrated_alpha1p0_lw1p5_trust004,0.03,combined,0.001,0.0005,44,0.942872838223736,0.0017548841182410957,0.03151958463675486,0.07227538341923606,0.9545831625959998,0.0019007560055287448,120,79.20782960695215,0.4147614323319102,656,False,"alpha 1.0, leak 1.5, trust 0.04",1.0,1.5,0.04,6
five_level_weak_anharmonic,integrated_alpha1p0_lw1p5_trust004,0.03,combined,0.001,0.0005,45,0.9729281516620502,0.0022474567122486855,0.04433422869350456,0.03040841134224703,0.9515031498783074,0.0019007560055287448,120,79.20782960695215,0.4147614323319102,656,False,"alpha 1.0, leak 1.5, trust 0.04",1.0,1.5,0.04,6
five_level_weak_anharmonic,integrated_alpha1p0_lw1p5_trust004,0.03,combined,0.001,0.0005,46,0.885835769499532,0.0038430200354283572,0.03817168715094521,0.08948956415010223,0.9498344114262233,0.0019007560055287448,120,79.20782960695215,0.4147614323319102,656,False,"alpha 1.0, leak 1.5, trust 0.04",1.0,1.5,0.04,6
five_level_weak_anharmonic,integrated_alpha1p0_lw1p5_trust004,0.03,combined,0.001,0.0005,47,0.878364721125297,0.0069140149999349365,0.04216793910420069,0.09690832617975634,0.949979039011599,0.0019007560055287448,120,79.20782960695215,0.4147614323319102,656,False,"alpha 1.0, leak 1.5, trust 0.04",1.0,1.5,0.04,6
five_level_weak_anharmonic,integrated_alpha1p0_lw1p5_trust004,0.03,combined,0.001,0.0005,48,0.7887654440201435,0.0031885374168870717,0.048169175324509594,0.17474932601280757,0.9496753374756021,0.0019007560055287448,120,79.20782960695215,0.4147614323319102,656,False,"alpha 1.0, leak 1.5, trust 0.04",1.0,1.5,0.04,6
five_level_weak_anharmonic,integrated_alpha1p0_lw1p5_trust004,0.03,combined,0.001,0.0005,49,0.9272490653203221,0.004960591459720387,0.03795520505558603,0.060496133910747325,0.949975926871469,0.0019007560055287448,120,79.20782960695215,0.4147614323319102,656,False,"alpha 1.0, leak 1.5, trust 0.04",1.0,1.5,0.04,6
five_level_weak_anharmonic,integrated_alpha1p0_lw1p5_trust004,0.03,combined,0.001,0.0005,50,0.9417741550439421,0.0030737272466171417,0.037359675017812455,0.06566066404095515,0.9525426145360514,0.0019007560055287448,120,79.20782960695215,0.4147614323319102,656,False,"alpha 1.0, leak 1.5, trust 0.04",1.0,1.5,0.04,6
five_level_weak_anharmonic,integrated_alpha1p0_lw1p5_trust004,0.03,combined,0.001,0.0005,51,0.8860435910444235,0.003544860623413748,0.042433677759870725,0.09676917066933703,0.949726077450859,0.0019007560055287448,120,79.20782960695215,0.4147614323319102,656,False,"alpha 1.0, leak 1.5, trust 0.04",1.0,1.5,0.04,6
five_level_weak_anharmonic,integrated_alpha1p0_lw1p5_trust004,0.03,combined,0.001,0.0005,52,0.8442685857337007,0.002791119964671074,0.03795536396543109,0.12134500434896762,0.9494765176626625,0.0019007560055287448,120,79.20782960695215,0.4147614323319102,656,False,"alpha 1.0, leak 1.5, trust 0.04",1.0,1.5,0.04,6
five_level_weak_anharmonic,integrated_alpha1p0_lw1p5_trust004,0.03,combined,0.001,0.0005,53,0.9318447505175246,0.0016370441853216233,0.040282466594710464,0.0714905655071902,0.9522267187509521,0.0019007560055287448,120,79.20782960695215,0.4147614323319102,656,False,"alpha 1.0, leak 1.5, trust 0.04",1.0,1.5,0.04,6
five_level_weak_anharmonic,integrated_alpha1p0_lw1p5_trust004,0.03,combined,0.001,0.0005,54,0.9588524175354556,0.0010637654743036462,0.04143435599425871,0.040657599837243444,0.9517454087322795,0.0019007560055287448,120,79.20782960695215,0.4147614323319102,656,False,"alpha 1.0, leak 1.5, trust 0.04",1.0,1.5,0.04,6
five_level_weak_anharmonic,integrated_alpha1p0_lw1p5_trust004,0.03,combined,0.001,0.0005,55,0.9262325725934558,0.003960059969660645,0.04004238306424368,0.07931991264659237,0.9541329857275176,0.0019007560055287448,120,79.20782960695215,0.4147614323319102,656,False,"alpha 1.0, leak 1.5, trust 0.04",1.0,1.5,0.04,6
five_level_weak_anharmonic,integrated_alpha1p0_lw1p5_trust004,0.03,combined,0.001,0.0005,56,0.959310939605972,0.0010069174867026742,0.03797446417943928,0.0331347321298066,0.9507173366920699,0.0019007560055287448,120,79.20782960695215,0.4147614323319102,656,False,"alpha 1.0, leak 1.5, trust 0.04",1.0,1.5,0.04,6
five_level_weak_anharmonic,integrated_alpha1p0_lw1p5_trust004,0.03,combined,0.001,0.0005,57,0.8349189451782262,0.007312326492610266,0.03874894071432344,0.15247660354868323,0.9511366359778155,0.0019007560055287448,120,79.20782960695215,0.4147614323319102,656,False,"alpha 1.0, leak 1.5, trust 0.04",1.0,1.5,0.04,6
five_level_weak_anharmonic,integrated_alpha1p0_lw1p5_trust004,0.03,combined,0.001,0.0005,58,0.9633663309391318,0.003954035650803989,0.03792412697347014,0.027469122806076558,0.9511628114082524,0.0019007560055287448,120,79.20782960695215,0.4147614323319102,656,False,"alpha 1.0, leak 1.5, trust 0.04",1.0,1.5,0.04,6
five_level_weak_anharmonic,integrated_alpha1p0_lw1p5_trust004,0.03,combined,0.001,0.0005,59,0.8389606333596777,0.003022929874113789,0.04522257662645879,0.13199681910940375,0.948973553132995,0.0019007560055287448,120,79.20782960695215,0.4147614323319102,656,False,"alpha 1.0, leak 1.5, trust 0.04",1.0,1.5,0.04,6
