system,controller,eval_strength,noise_case,gamma_phi,gamma_relax,seed,final_fidelity,final_leakage,max_leakage,tail_infidelity_mean,final_purity,pulse_energy,segments,training_seconds,training_objective,optimizer_iterations,optimizer_success,sweep_label,horizon_steps,stage_description
five_level_weak_anharmonic,long_horizon_path_seed,0.03,static_only,0.0,0.0,10,0.9385594302258522,0.0442467840959867,0.04834731393124225,0.13188602034729044,0.9999998929561222,0.0013843749999999998,120,67.04116740589961,,,,path seed,,
five_level_weak_anharmonic,long_horizon_path_seed,0.03,static_only,0.0,0.0,11,0.7670929036634855,0.04609719969595172,0.050571120097872124,0.1159487019466316,0.9999997988611964,0.0013843749999999998,120,67.04116740589961,,,,path seed,,
five_level_weak_anharmonic,long_horizon_path_seed,0.03,static_only,0.0,0.0,12,0.800772660557086,0.042079282664754136,0.04397017071811793,0.11385828502018466,0.9999998361987751,0.0013843749999999998,120,67.04116740589961,,,,path seed,,
five_level_weak_anharmonic,long_horizon_path_seed,0.03,static_only,0.0,0.0,13,0.5210049001012788,0.02402228210837143,0.025534061204040892,0.5129517759635257,0.9999999454460391,0.0013843749999999998,120,67.04116740589961,,,,path seed,,
five_level_weak_anharmonic,long_horizon_path_seed,0.03,static_only,0.0,0.0,14,0.6874798154182011,0.028205780652755252,0.0300571019663316,0.3333036117538011,0.9999999242390858,0.0013843749999999998,120,67.04116740589961,,,,path seed,,
five_level_weak_anharmonic,long_horizon_path_seed,0.03,static_only,0.0,0.0,15,0.913352886140659,0.055139534309706306,0.061032155136744204,0.08418080625253001,0.9999998222340329,0.0013843749999999998,120,67.04116740589961,,,,path seed,,
five_level_weak_anharmonic,long_horizon_path_seed,0.03,static_only,0.0,0.0,16,0.8630785865184628,0.05074503166952993,0.054371142348127566,0.06875192418405715,0.9999998165240375,0.0013843749999999998,120,67.04116740589961,,,,path seed,,
five_level_weak_anharmonic,long_horizon_path_seed,0.03,static_only,0.0,0.0,17,0.9448073163456742,0.038801589996633856,0.04326864571648059,0.10539409921830582,0.9999998880700692,0.0013843749999999998,120,67.04116740589961,,,,path seed,,
five_level_weak_anharmonic,long_horizon_path_seed,0.03,static_only,0.0,0.0,18,0.9156054761200509,0.054184327052104186,0.054898103801933607,0.1238107882733133,0.999999878101818,0.0013843749999999998,120,67.04116740589961,,,,path seed,,
five_level_weak_anharmonic,long_horizon_path_seed,0.03,static_only,0.0,0.0,19,0.8161722518844072,0.03415074786434669,0.03871145318278024,0.09541641335476549,0.9999998735629022,0.0013843749999999998,120,67.04116740589961,,,,path seed,,
five_level_weak_anharmonic,long_horizon_path_seed,0.03,static_only,0.0,0.0,20,0.900821467528843,0.054709962256766054,0.05721063776738666,0.07019797745662576,0.999999880693482,0.0013843749999999998,120,67.04116740589961,,,,path seed,,
five_level_weak_anharmonic,long_horizon_path_seed,0.03,static_only,0.0,0.0,21,0.9192366710578953,0.03808217868107455,0.04383324822677126,0.04747327468145988,0.9999998715798559,0.0013843749999999998,120,67.04116740589961,,,,path seed,,
five_level_weak_anharmonic,long_horizon_path_seed,0.03,static_only,0.0,0.0,22,0.9119854332044961,0.0408344654938243,0.045158166501615304,0.05199998696156542,0.999999861573619,0.0013843749999999998,120,67.04116740589961,,,,path seed,,
five_level_weak_anharmonic,long_horizon_path_seed,0.03,static_only,0.0,0.0,23,0.9064179633873213,0.045410076329983284,0.04791916280425257,0.08072717360135527,0.9999998762196693,0.0013843749999999998,120,67.04116740589961,,,,path seed,,
five_level_weak_anharmonic,long_horizon_path_seed,0.03,static_only,0.0,0.0,24,0.8420216361065859,0.02559764272158649,0.034757861175422566,0.15073220713937496,0.9999998788808018,0.0013843749999999998,120,67.04116740589961,,,,path seed,,
five_level_weak_anharmonic,long_horizon_path_seed,0.03,static_only,0.0,0.0,25,0.8257012083104096,0.04053702640648449,0.04370513738154291,0.1626626042796547,0.9999998756901294,0.0013843749999999998,120,67.04116740589961,,,,path seed,,
five_level_weak_anharmonic,long_horizon_path_seed,0.03,static_only,0.0,0.0,26,0.9046966608983575,0.0577231637567861,0.0577231637567861,0.11440784863659814,0.9999998599060711,0.0013843749999999998,120,67.04116740589961,,,,path seed,,
five_level_weak_anharmonic,long_horizon_path_seed,0.03,static_only,0.0,0.0,27,0.8670756228003252,0.04000104334015886,0.043974744024457446,0.16083117914798944,0.9999998965659617,0.0013843749999999998,120,67.04116740589961,,,,path seed,,
five_level_weak_anharmonic,long_horizon_path_seed,0.03,static_only,0.0,0.0,28,0.909072612728995,0.058489386980214,0.0644444156127103,0.06077172555907381,0.9999998065015004,0.0013843749999999998,120,67.04116740589961,,,,path seed,,
five_level_weak_anharmonic,long_horizon_path_seed,0.03,static_only,0.0,0.0,29,0.946434762580584,0.049140573726391135,0.05107110123938008,0.08694053986128827,0.9999998738884137,0.0013843749999999998,120,67.04116740589961,,,,path seed,,
five_level_weak_anharmonic,long_horizon_path_seed,0.03,static_only,0.0,0.0,30,0.8294908478263073,0.038936828162260406,0.03997833656191607,0.22770251809118797,0.9999999138345802,0.0013843749999999998,120,67.04116740589961,,,,path seed,,
five_level_weak_anharmonic,long_horizon_path_seed,0.03,static_only,0.0,0.0,31,0.8081248057560041,0.037567194889427835,0.0477588780765561,0.1063739960918792,0.9999998188833742,0.0013843749999999998,120,67.04116740589961,,,,path seed,,
five_level_weak_anharmonic,long_horizon_path_seed,0.03,static_only,0.0,0.0,32,0.8095284756011647,0.037090347774460186,0.04172199473971361,0.09899587571183549,0.9999998189839673,0.0013843749999999998,120,67.04116740589961,,,,path seed,,
five_level_weak_anharmonic,long_horizon_path_seed,0.03,static_only,0.0,0.0,33,0.814501217299735,0.03838123859434606,0.038428776181931745,0.26074730010869623,0.9999999329445137,0.0013843749999999998,120,67.04116740589961,,,,path seed,,
five_level_weak_anharmonic,long_horizon_path_seed,0.03,static_only,0.0,0.0,34,0.8391474522627522,0.05494725442088422,0.05500974768966582,0.17137630120239006,0.9999998759832843,0.0013843749999999998,120,67.04116740589961,,,,path seed,,
five_level_weak_anharmonic,long_horizon_path_seed,0.03,static_only,0.0,0.0,35,0.9163613272693122,0.062171300607442914,0.06576452373896413,0.08783146993431164,0.9999998521123361,0.0013843749999999998,120,67.04116740589961,,,,path seed,,
five_level_weak_anharmonic,long_horizon_path_seed,0.03,static_only,0.0,0.0,36,0.8387149609369838,0.0421829534819933,0.04784064653993936,0.08684233217420159,0.999999821545023,0.0013843749999999998,120,67.04116740589961,,,,path seed,,
five_level_weak_anharmonic,long_horizon_path_seed,0.03,static_only,0.0,0.0,37,0.8873308609188368,0.037885337993870394,0.04251599768719638,0.19999773682816818,0.9999999064149222,0.0013843749999999998,120,67.04116740589961,,,,path seed,,
five_level_weak_anharmonic,long_horizon_path_seed,0.03,static_only,0.0,0.0,38,0.7253882898057549,0.022758768241234018,0.023795789638172304,0.3326186242769021,0.999999947815384,0.0013843749999999998,120,67.04116740589961,,,,path seed,,
five_level_weak_anharmonic,long_horizon_path_seed,0.03,static_only,0.0,0.0,39,0.8495852394980558,0.04088318220625187,0.05229929669742772,0.10411506475746309,0.9999998100198201,0.0013843749999999998,120,67.04116740589961,,,,path seed,,
five_level_weak_anharmonic,long_horizon_path_seed,0.03,static_only,0.0,0.0,40,0.9306674291038217,0.05450554518659645,0.05693588735168409,0.06140509535418176,0.9999998488812938,0.0013843749999999998,120,67.04116740589961,,,,path seed,,
five_level_weak_anharmonic,long_horizon_path_seed,0.03,static_only,0.0,0.0,41,0.885563652916104,0.047810279162057046,0.050904559195759314,0.06733246697703245,0.9999998629281857,0.0013843749999999998,120,67.04116740589961,,,,path seed,,
five_level_weak_anharmonic,long_horizon_path_seed,0.03,static_only,0.0,0.0,42,0.8712708006419744,0.05168535341241154,0.05168535341241154,0.1640212086457615,0.9999999026394203,0.0013843749999999998,120,67.04116740589961,,,,path seed,,
five_level_weak_anharmonic,long_horizon_path_seed,0.03,static_only,0.0,0.0,43,0.8316593954052589,0.035531149545943275,0.04027005600462219,0.11839408796622206,0.9999998655833929,0.0013843749999999998,120,67.04116740589961,,,,path seed,,
five_level_weak_anharmonic,long_horizon_path_seed,0.03,static_only,0.0,0.0,44,0.6726877086293164,0.027029729638023525,0.029771577146876282,0.4130765789981287,0.9999999454511616,0.0013843749999999998,120,67.04116740589961,,,,path seed,,
five_level_weak_anharmonic,long_horizon_path_seed,0.03,static_only,0.0,0.0,45,0.8649523049516455,0.04848195081676021,0.053443012763449094,0.15208708797274298,0.9999998676705028,0.0013843749999999998,120,67.04116740589961,,,,path seed,,
five_level_weak_anharmonic,long_horizon_path_seed,0.03,static_only,0.0,0.0,46,0.7838628001412463,0.03534165010293622,0.038443431135139816,0.10160758619461548,0.9999998516604384,0.0013843749999999998,120,67.04116740589961,,,,path seed,,
five_level_weak_anharmonic,long_horizon_path_seed,0.03,static_only,0.0,0.0,47,0.9061463952814123,0.038526054313907765,0.04949987258447064,0.058028079342822655,0.9999998474503957,0.0013843749999999998,120,67.04116740589961,,,,path seed,,
five_level_weak_anharmonic,long_horizon_path_seed,0.03,static_only,0.0,0.0,48,0.5599218072894847,0.024110939208806137,0.04404342720990695,0.2638505588974588,0.9999997892742235,0.0013843749999999998,120,67.04116740589961,,,,path seed,,
five_level_weak_anharmonic,long_horizon_path_seed,0.03,static_only,0.0,0.0,49,0.9076089585240091,0.04061471930772054,0.04937550421478876,0.059345573129620154,0.9999998308444873,0.0013843749999999998,120,67.04116740589961,,,,path seed,,
five_level_weak_anharmonic,long_horizon_path_seed,0.03,static_only,0.0,0.0,50,0.8791013487612541,0.0444309712190325,0.050013580146498704,0.1401343179856609,0.9999998642577075,0.0013843749999999998,120,67.04116740589961,,,,path seed,,
five_level_weak_anharmonic,long_horizon_path_seed,0.03,static_only,0.0,0.0,51,0.9397075845766638,0.05793943662310941,0.05933784067013925,0.0688831411987662,0.9999998599754223,0.0013843749999999998,120,67.04116740589961,,,,path seed,,
five_level_weak_anharmonic,long_horizon_path_seed,0.03,static_only,0.0,0.0,52,0.8720193374249984,0.03634400524377335,0.04425972910433995,0.06925837642089354,0.99999984369447,0.0013843749999999998,120,67.04116740589961,,,,path seed,,
five_level_weak_anharmonic,long_horizon_path_seed,0.03,static_only,0.0,0.0,53,0.7602410548213806,0.03994610271573873,0.040169600271320216,0.20987960927911722,0.9999998795874339,0.0013843749999999998,120,67.04116740589961,,,,path seed,,
five_level_weak_anharmonic,long_horizon_path_seed,0.03,static_only,0.0,0.0,54,0.7908553767693389,0.04104008554809524,0.044307051516644935,0.16437885307102035,0.9999998495927317,0.0013843749999999998,120,67.04116740589961,,,,path seed,,
five_level_weak_anharmonic,long_horizon_path_seed,0.03,static_only,0.0,0.0,55,0.6704906880135763,0.035876396386643306,0.03929077364330391,0.3861887766210683,0.9999999230552395,0.0013843749999999998,120,67.04116740589961,,,,path seed,,
five_level_weak_anharmonic,long_horizon_path_seed,0.03,static_only,0.0,0.0,56,0.8457233064283293,0.03457471302365456,0.04927398353636714,0.09576262337791835,0.999999854970905,0.0013843749999999998,120,67.04116740589961,,,,path seed,,
five_level_weak_anharmonic,long_horizon_path_seed,0.03,static_only,0.0,0.0,57,0.9252092849344421,0.06392877091362126,0.0695993627921292,0.10931122863029163,0.9999998464765003,0.0013843749999999998,120,67.04116740589961,,,,path seed,,
five_level_weak_anharmonic,long_horizon_path_seed,0.03,static_only,0.0,0.0,58,0.8902608463597428,0.03449232292203119,0.04110604073238466,0.06895778118105773,0.9999998493872527,0.0013843749999999998,120,67.04116740589961,,,,path seed,,
five_level_weak_anharmonic,long_horizon_path_seed,0.03,static_only,0.0,0.0,59,0.6805465576275876,0.035152909807474986,0.044785517730376756,0.178046650613628,0.9999997895509304,0.0013843749999999998,120,67.04116740589961,,,,path seed,,
five_level_weak_anharmonic,long_horizon_path_seed,0.03,deph_0.001,0.001,0.0,10,0.9296954633005995,0.044879142430861996,0.04873272277382701,0.13877965794717934,0.9802114419392116,0.0013843749999999998,120,67.04116740589961,,,,path seed,,
five_level_weak_anharmonic,long_horizon_path_seed,0.03,deph_0.001,0.001,0.0,11,0.7633061857803081,0.04657282807536833,0.05097618039813456,0.12150600462849157,0.9838724033038208,0.0013843749999999998,120,67.04116740589961,,,,path seed,,
five_level_weak_anharmonic,long_horizon_path_seed,0.03,deph_0.001,0.001,0.0,12,0.7959999966496881,0.042696351952669076,0.044402986385059906,0.12028232716359367,0.9826633302706108,0.0013843749999999998,120,67.04116740589961,,,,path seed,,
five_level_weak_anharmonic,long_horizon_path_seed,0.03,deph_0.001,0.001,0.0,13,0.521722278539412,0.024687245345489606,0.02603312979012906,0.5117428761976166,0.9752947128698027,0.0013843749999999998,120,67.04116740589961,,,,path seed,,
five_level_weak_anharmonic,long_horizon_path_seed,0.03,deph_0.001,0.001,0.0,14,0.685048676686088,0.028627441285943522,0.03039181219168574,0.3350461322537164,0.9765023313706676,0.0013843749999999998,120,67.04116740589961,,,,path seed,,
five_level_weak_anharmonic,long_horizon_path_seed,0.03,deph_0.001,0.001,0.0,15,0.905663471885199,0.05611308059948528,0.06123634492476204,0.09097904060628054,0.9826694965384848,0.0013843749999999998,120,67.04116740589961,,,,path seed,,
five_level_weak_anharmonic,long_horizon_path_seed,0.03,deph_0.001,0.001,0.0,16,0.8572457190724978,0.05116178743895183,0.05474424758581886,0.0754630066751148,0.9840642355805077,0.0013843749999999998,120,67.04116740589961,,,,path seed,,
five_level_weak_anharmonic,long_horizon_path_seed,0.03,deph_0.001,0.001,0.0,17,0.9369754442209142,0.03961775505303944,0.04389895353663498,0.11172483963817084,0.9823065782188032,0.0013843749999999998,120,67.04116740589961,,,,path seed,,
five_level_weak_anharmonic,long_horizon_path_seed,0.03,deph_0.001,0.001,0.0,18,0.9082163360081495,0.054514633580782235,0.05520504492668998,0.13013511043537435,0.9811031983562007,0.0013843749999999998,120,67.04116740589961,,,,path seed,,
five_level_weak_anharmonic,long_horizon_path_seed,0.03,deph_0.001,0.001,0.0,19,0.8114906165980664,0.034643859531643395,0.03907996454383389,0.10143785742335741,0.9839219933684142,0.0013843749999999998,120,67.04116740589961,,,,path seed,,
five_level_weak_anharmonic,long_horizon_path_seed,0.03,deph_0.001,0.001,0.0,20,0.8940835661785586,0.05467215553095395,0.057107208227126005,0.0774215625958803,0.9833280835660322,0.0013843749999999998,120,67.04116740589961,,,,path seed,,
five_level_weak_anharmonic,long_horizon_path_seed,0.03,deph_0.001,0.001,0.0,21,0.9124815099101631,0.03847923125966668,0.04400534739886475,0.05434408628403787,0.9847071956583419,0.0013843749999999998,120,67.04116740589961,,,,path seed,,
five_level_weak_anharmonic,long_horizon_path_seed,0.03,deph_0.001,0.001,0.0,22,0.9050171858499589,0.04142327870193985,0.045614648264050595,0.05890872174812871,0.9843457423180604,0.0013843749999999998,120,67.04116740589961,,,,path seed,,
five_level_weak_anharmonic,long_horizon_path_seed,0.03,deph_0.001,0.001,0.0,23,0.8998118306071113,0.04557539442215397,0.04800698431979877,0.08709340287420522,0.9829087062993938,0.0013843749999999998,120,67.04116740589961,,,,path seed,,
five_level_weak_anharmonic,long_horizon_path_seed,0.03,deph_0.001,0.001,0.0,24,0.8365645643815748,0.02658283934190475,0.03482607195157805,0.1555548481377023,0.9810388268245125,0.0013843749999999998,120,67.04116740589961,,,,path seed,,
five_level_weak_anharmonic,long_horizon_path_seed,0.03,deph_0.001,0.001,0.0,25,0.8206032875937695,0.040959094287493225,0.0440284629726001,0.16734290119453366,0.9805666994548515,0.0013843749999999998,120,67.04116740589961,,,,path seed,,
five_level_weak_anharmonic,long_horizon_path_seed,0.03,deph_0.001,0.001,0.0,26,0.8977261315677109,0.05784578922502304,0.05784578922502304,0.12083090478685157,0.9810533311651571,0.0013843749999999998,120,67.04116740589961,,,,path seed,,
five_level_weak_anharmonic,long_horizon_path_seed,0.03,deph_0.001,0.001,0.0,27,0.8613025611855841,0.04043438157130563,0.04418312909373079,0.16560230993111386,0.9803432800988618,0.0013843749999999998,120,67.04116740589961,,,,path seed,,
five_level_weak_anharmonic,long_horizon_path_seed,0.03,deph_0.001,0.001,0.0,28,0.902031091733823,0.05872152756003102,0.06441905357085409,0.06801585680645257,0.9828459074784778,0.0013843749999999998,120,67.04116740589961,,,,path seed,,
five_level_weak_anharmonic,long_horizon_path_seed,0.03,deph_0.001,0.001,0.0,29,0.9387150384014841,0.04910733516035204,0.050940787053860626,0.09389461163929572,0.9818449968004709,0.0013843749999999998,120,67.04116740589961,,,,path seed,,
five_level_weak_anharmonic,long_horizon_path_seed,0.03,deph_0.001,0.001,0.0,30,0.8243545738749936,0.039084484742372805,0.04010136416494703,0.23172799307149614,0.9790298241474458,0.0013843749999999998,120,67.04116740589961,,,,path seed,,
five_level_weak_anharmonic,long_horizon_path_seed,0.03,deph_0.001,0.001,0.0,31,0.8031507223575061,0.038363978107769814,0.04790544527384266,0.11192366713286102,0.9836682681782969,0.0013843749999999998,120,67.04116740589961,,,,path seed,,
five_level_weak_anharmonic,long_horizon_path_seed,0.03,deph_0.001,0.001,0.0,32,0.8047427608814474,0.037782591645152186,0.042354423638729766,0.10472508200352669,0.9843909783710978,0.0013843749999999998,120,67.04116740589961,,,,path seed,,
five_level_weak_anharmonic,long_horizon_path_seed,0.03,deph_0.001,0.001,0.0,33,0.80911098588518,0.038799453945625784,0.038799453945625784,0.26458760182989205,0.9786322603436362,0.0013843749999999998,120,67.04116740589961,,,,path seed,,
five_level_weak_anharmonic,long_horizon_path_seed,0.03,deph_0.001,0.001,0.0,34,0.8335937390665887,0.05516018281416668,0.055240349859181914,0.17650096505773002,0.9793306754985547,0.0013843749999999998,120,67.04116740589961,,,,path seed,,
five_level_weak_anharmonic,long_horizon_path_seed,0.03,deph_0.001,0.001,0.0,35,0.9086702303559582,0.06228063260861294,0.06568769436393007,0.0951983562408126,0.9826644005601929,0.0013843749999999998,120,67.04116740589961,,,,path seed,,
five_level_weak_anharmonic,long_horizon_path_seed,0.03,deph_0.001,0.001,0.0,36,0.8336821082580186,0.04246004225355715,0.047919755102191264,0.09269662744961271,0.9840606820313155,0.0013843749999999998,120,67.04116740589961,,,,path seed,,
five_level_weak_anharmonic,long_horizon_path_seed,0.03,deph_0.001,0.001,0.0,37,0.8800875022282163,0.03889479674198093,0.04327657433939269,0.20519950576208815,0.9806508188808502,0.0013843749999999998,120,67.04116740589961,,,,path seed,,
five_level_weak_anharmonic,long_horizon_path_seed,0.03,deph_0.001,0.001,0.0,38,0.7224867610444885,0.022995997505294463,0.02397057045534634,0.33449702071404397,0.9776737821768176,0.0013843749999999998,120,67.04116740589961,,,,path seed,,
five_level_weak_anharmonic,long_horizon_path_seed,0.03,deph_0.001,0.001,0.0,39,0.8435244557639592,0.04191310782404567,0.052366119848243464,0.11008117513088206,0.9828248793799916,0.0013843749999999998,120,67.04116740589961,,,,path seed,,
five_level_weak_anharmonic,long_horizon_path_seed,0.03,deph_0.001,0.001,0.0,40,0.9232909725701782,0.05477272504237807,0.05713557992331009,0.06856033343810619,0.9832922587089923,0.0013843749999999998,120,67.04116740589961,,,,path seed,,
five_level_weak_anharmonic,long_horizon_path_seed,0.03,deph_0.001,0.001,0.0,41,0.8791707289623462,0.04810419500155505,0.051133737527482404,0.07436169831421395,0.9839912316092161,0.0013843749999999998,120,67.04116740589961,,,,path seed,,
five_level_weak_anharmonic,long_horizon_path_seed,0.03,deph_0.001,0.001,0.0,42,0.8651389290321131,0.05154034746118619,0.05154034746118619,0.16941035759951434,0.9794927869656718,0.0013843749999999998,120,67.04116740589961,,,,path seed,,
five_level_weak_anharmonic,long_horizon_path_seed,0.03,deph_0.001,0.001,0.0,43,0.8266435813084452,0.03595929347536053,0.040539604744567526,0.12357024845777366,0.9829752527958436,0.0013843749999999998,120,67.04116740589961,,,,path seed,,
five_level_weak_anharmonic,long_horizon_path_seed,0.03,deph_0.001,0.001,0.0,44,0.6697225111504788,0.027563487318933433,0.030049247925246325,0.41448332213950934,0.9763225191653958,0.0013843749999999998,120,67.04116740589961,,,,path seed,,
five_level_weak_anharmonic,long_horizon_path_seed,0.03,deph_0.001,0.001,0.0,45,0.8587748614195037,0.04903645547224178,0.05366214931629698,0.1572533526024136,0.979758645697619,0.0013843749999999998,120,67.04116740589961,,,,path seed,,
five_level_weak_anharmonic,long_horizon_path_seed,0.03,deph_0.001,0.001,0.0,46,0.78031421714174,0.035629231309412424,0.03872722267454387,0.10705896736864386,0.9845976509448415,0.0013843749999999998,120,67.04116740589961,,,,path seed,,
five_level_weak_anharmonic,long_horizon_path_seed,0.03,deph_0.001,0.001,0.0,47,0.899381739350117,0.039395732159416386,0.04955201023285838,0.06472030223026425,0.984416097491952,0.0013843749999999998,120,67.04116740589961,,,,path seed,,
five_level_weak_anharmonic,long_horizon_path_seed,0.03,deph_0.001,0.001,0.0,48,0.56046041713002,0.024984055850988618,0.0441215063193523,0.26628431015396015,0.9817338202709653,0.0013843749999999998,120,67.04116740589961,,,,path seed,,
five_level_weak_anharmonic,long_horizon_path_seed,0.03,deph_0.001,0.001,0.0,49,0.900650524200957,0.04164024416761258,0.049735977735207104,0.06604474006906787,0.9843444068862084,0.0013843749999999998,120,67.04116740589961,,,,path seed,,
five_level_weak_anharmonic,long_horizon_path_seed,0.03,deph_0.001,0.001,0.0,50,0.8726650653701865,0.045198673589375904,0.05049210828418893,0.14544196885680857,0.9806748281505087,0.0013843749999999998,120,67.04116740589961,,,,path seed,,
five_level_weak_anharmonic,long_horizon_path_seed,0.03,deph_0.001,0.001,0.0,51,0.9320083455590766,0.058181109505608175,0.05952171829251662,0.07607426646930665,0.9832975955018403,0.0013843749999999998,120,67.04116740589961,,,,path seed,,
five_level_weak_anharmonic,long_horizon_path_seed,0.03,deph_0.001,0.001,0.0,52,0.8658091727564092,0.03720874274190211,0.04446340879664157,0.07590348679751183,0.9840532249861715,0.0013843749999999998,120,67.04116740589961,,,,path seed,,
five_level_weak_anharmonic,long_horizon_path_seed,0.03,deph_0.001,0.001,0.0,53,0.7563736417335333,0.04031223879108703,0.04063354019968013,0.21381737606525447,0.9794680549239712,0.0013843749999999998,120,67.04116740589961,,,,path seed,,
five_level_weak_anharmonic,long_horizon_path_seed,0.03,deph_0.001,0.001,0.0,54,0.7862342447496456,0.04157862990184025,0.044755431903480636,0.1691319267784414,0.9808771031162011,0.0013843749999999998,120,67.04116740589961,,,,path seed,,
five_level_weak_anharmonic,long_horizon_path_seed,0.03,deph_0.001,0.001,0.0,55,0.6678675890464907,0.036528375476420516,0.03959252335894514,0.3875454566806299,0.9752685027975865,0.0013843749999999998,120,67.04116740589961,,,,path seed,,
five_level_weak_anharmonic,long_horizon_path_seed,0.03,deph_0.001,0.001,0.0,56,0.839885148504509,0.035483167406582417,0.04915968806413806,0.10187304011182802,0.983643588158155,0.0013843749999999998,120,67.04116740589961,,,,path seed,,
five_level_weak_anharmonic,long_horizon_path_seed,0.03,deph_0.001,0.001,0.0,57,0.9175726746843882,0.06447807440396791,0.06975842537252985,0.11563253290956346,0.9819496251709796,0.0013843749999999998,120,67.04116740589961,,,,path seed,,
five_level_weak_anharmonic,long_horizon_path_seed,0.03,deph_0.001,0.001,0.0,58,0.8842225896013572,0.034942489653918996,0.04126771633626458,0.07499742428807565,0.984334691691955,0.0013843749999999998,120,67.04116740589961,,,,path seed,,
five_level_weak_anharmonic,long_horizon_path_seed,0.03,deph_0.001,0.001,0.0,59,0.6786087762430321,0.03593483800803288,0.04519883612397324,0.18227587498363593,0.9825172121181021,0.0013843749999999998,120,67.04116740589961,,,,path seed,,
five_level_weak_anharmonic,long_horizon_path_seed,0.03,relax_0.0005,0.0,0.0005,10,0.929741732910027,0.04391021269847595,0.0478910183704887,0.13981824970067536,0.9855773826097194,0.0013843749999999998,120,67.04116740589961,,,,path seed,,
five_level_weak_anharmonic,long_horizon_path_seed,0.03,relax_0.0005,0.0,0.0005,11,0.7631972895501901,0.04578660022098202,0.0502193143030667,0.12166556782536887,0.9748538068349332,0.0013843749999999998,120,67.04116740589961,,,,path seed,,
five_level_weak_anharmonic,long_horizon_path_seed,0.03,relax_0.0005,0.0,0.0005,12,0.79313498140177,0.04171533587516263,0.043517628304497014,0.12185248921658147,0.9776369759246728,0.0013843749999999998,120,67.04116740589961,,,,path seed,,
five_level_weak_anharmonic,long_horizon_path_seed,0.03,relax_0.0005,0.0,0.0005,13,0.520429402512739,0.023987719403278485,0.0254395288429079,0.5145173166424626,0.9952580231420733,0.0013843749999999998,120,67.04116740589961,,,,path seed,,
five_level_weak_anharmonic,long_horizon_path_seed,0.03,relax_0.0005,0.0,0.0005,14,0.6852191477884585,0.028067568278904664,0.029873034755361738,0.3366718557857833,0.9899632168288761,0.0013843749999999998,120,67.04116740589961,,,,path seed,,
five_level_weak_anharmonic,long_horizon_path_seed,0.03,relax_0.0005,0.0,0.0005,15,0.9065592854141293,0.05490580706812842,0.06034132097143041,0.09108294505500641,0.9805539663962959,0.0013843749999999998,120,67.04116740589961,,,,path seed,,
five_level_weak_anharmonic,long_horizon_path_seed,0.03,relax_0.0005,0.0,0.0005,16,0.8569659877652989,0.050366760163054414,0.05396441873121338,0.07583040562492802,0.976348440092912,0.0013843749999999998,120,67.04116740589961,,,,path seed,,
five_level_weak_anharmonic,long_horizon_path_seed,0.03,relax_0.0005,0.0,0.0005,17,0.9364799845527776,0.03861193415589537,0.04298211769931781,0.11281822063826354,0.9839866842640934,0.0013843749999999998,120,67.04116740589961,,,,path seed,,
five_level_weak_anharmonic,long_horizon_path_seed,0.03,relax_0.0005,0.0,0.0005,18,0.908231031517896,0.053708887362325264,0.05442794323207645,0.13087447072239905,0.9847656825841892,0.0013843749999999998,120,67.04116740589961,,,,path seed,,
five_level_weak_anharmonic,long_horizon_path_seed,0.03,relax_0.0005,0.0,0.0005,19,0.808647232632548,0.03390344877025009,0.038397516380373586,0.1033781923627602,0.9763243903819119,0.0013843749999999998,120,67.04116740589961,,,,path seed,,
five_level_weak_anharmonic,long_horizon_path_seed,0.03,relax_0.0005,0.0,0.0005,20,0.8919994238798226,0.054057483114224536,0.05653847364224962,0.07884483880189076,0.9785525071550737,0.0013843749999999998,120,67.04116740589961,,,,path seed,,
five_level_weak_anharmonic,long_horizon_path_seed,0.03,relax_0.0005,0.0,0.0005,21,0.9110613785720394,0.03775644099594144,0.04339534331452344,0.055659676609755356,0.9772651614624145,0.0013843749999999998,120,67.04116740589961,,,,path seed,,
five_level_weak_anharmonic,long_horizon_path_seed,0.03,relax_0.0005,0.0,0.0005,22,0.9047361854615077,0.04059574674317534,0.04483578276562594,0.05975642394520379,0.9770345810484157,0.0013843749999999998,120,67.04116740589961,,,,path seed,,
five_level_weak_anharmonic,long_horizon_path_seed,0.03,relax_0.0005,0.0,0.0005,23,0.900346039886649,0.04498076594853384,0.04746676620744783,0.08744634626337273,0.9804516123645126,0.0013843749999999998,120,67.04116740589961,,,,path seed,,
five_level_weak_anharmonic,long_horizon_path_seed,0.03,relax_0.0005,0.0,0.0005,24,0.8372772634819309,0.025659510921208994,0.03441101532329571,0.15617212237544476,0.9830514002845052,0.0013843749999999998,120,67.04116740589961,,,,path seed,,
five_level_weak_anharmonic,long_horizon_path_seed,0.03,relax_0.0005,0.0,0.0005,25,0.8213318138778165,0.04027208799969151,0.04338581643158723,0.1679734640413459,0.983489952538061,0.0013843749999999998,120,67.04116740589961,,,,path seed,,
five_level_weak_anharmonic,long_horizon_path_seed,0.03,relax_0.0005,0.0,0.0005,26,0.8980934874922638,0.05718614061634997,0.05718614061634997,0.12121735135857246,0.9839123163529864,0.0013843749999999998,120,67.04116740589961,,,,path seed,,
five_level_weak_anharmonic,long_horizon_path_seed,0.03,relax_0.0005,0.0,0.0005,27,0.8614454401868964,0.039704284497338205,0.04358707752943691,0.16657271954927202,0.9858795036423026,0.0013843749999999998,120,67.04116740589961,,,,path seed,,
five_level_weak_anharmonic,long_horizon_path_seed,0.03,relax_0.0005,0.0,0.0005,28,0.902099177826752,0.05786763627637337,0.06370922972581894,0.0682332120529064,0.9784922468216691,0.0013843749999999998,120,67.04116740589961,,,,path seed,,
five_level_weak_anharmonic,long_horizon_path_seed,0.03,relax_0.0005,0.0,0.0005,29,0.9385840323174207,0.048528826979068906,0.05045732654590851,0.09450181741944318,0.983379559824503,0.0013843749999999998,120,67.04116740589961,,,,path seed,,
five_level_weak_anharmonic,long_horizon_path_seed,0.03,relax_0.0005,0.0,0.0005,30,0.8236290391394956,0.03856567987399617,0.03960040824908595,0.23340855561761978,0.9887862869699808,0.0013843749999999998,120,67.04116740589961,,,,path seed,,
five_level_weak_anharmonic,long_horizon_path_seed,0.03,relax_0.0005,0.0,0.0005,31,0.8041633252161656,0.03749519199333151,0.04734899703728457,0.11187448638678518,0.9759254347045567,0.0013843749999999998,120,67.04116740589961,,,,path seed,,
five_level_weak_anharmonic,long_horizon_path_seed,0.03,relax_0.0005,0.0,0.0005,32,0.805267445998304,0.03695526213564693,0.0415319437442182,0.10485397182310184,0.975631535056506,0.0013843749999999998,120,67.04116740589961,,,,path seed,,
five_level_weak_anharmonic,long_horizon_path_seed,0.03,relax_0.0005,0.0,0.0005,33,0.8083359447832315,0.03811856916902878,0.03814618421134108,0.26637258235036126,0.9903659537716689,0.0013843749999999998,120,67.04116740589961,,,,path seed,,
five_level_weak_anharmonic,long_horizon_path_seed,0.03,relax_0.0005,0.0,0.0005,34,0.8341847025744891,0.0545437155833699,0.054615893598022214,0.17702214867842136,0.9857376587948391,0.0013843749999999998,120,67.04116740589961,,,,path seed,,
five_level_weak_anharmonic,long_horizon_path_seed,0.03,relax_0.0005,0.0,0.0005,35,0.9072927310299174,0.06149793844804896,0.06502086696379838,0.09631976464895857,0.980464063675088,0.0013843749999999998,120,67.04116740589961,,,,path seed,,
five_level_weak_anharmonic,long_horizon_path_seed,0.03,relax_0.0005,0.0,0.0005,36,0.8341558349068939,0.04184243039931157,0.04740647030509959,0.09270904254202826,0.9769424589646919,0.0013843749999999998,120,67.04116740589961,,,,path seed,,
five_level_weak_anharmonic,long_horizon_path_seed,0.03,relax_0.0005,0.0,0.0005,37,0.8791507126209989,0.03769598995861223,0.04221240094133971,0.20667220904728714,0.988583870829855,0.0013843749999999998,120,67.04116740589961,,,,path seed,,
five_level_weak_anharmonic,long_horizon_path_seed,0.03,relax_0.0005,0.0,0.0005,38,0.7215174473870777,0.022594718533353708,0.023609061360630124,0.3366843981634409,0.9913264526862214,0.0013843749999999998,120,67.04116740589961,,,,path seed,,
five_level_weak_anharmonic,long_horizon_path_seed,0.03,relax_0.0005,0.0,0.0005,39,0.8449863760508567,0.04083603530137958,0.051768893344638744,0.10984725500092135,0.979021780909556,0.0013843749999999998,120,67.04116740589961,,,,path seed,,
five_level_weak_anharmonic,long_horizon_path_seed,0.03,relax_0.0005,0.0,0.0005,40,0.923137334332444,0.05398402597823215,0.0563991118876741,0.0690727946605635,0.9798361576507708,0.0013843749999999998,120,67.04116740589961,,,,path seed,,
five_level_weak_anharmonic,long_horizon_path_seed,0.03,relax_0.0005,0.0,0.0005,41,0.8770272211483182,0.047328644197045744,0.050401658778865155,0.07590715559097459,0.9772857077997954,0.0013843749999999998,120,67.04116740589961,,,,path seed,,
five_level_weak_anharmonic,long_horizon_path_seed,0.03,relax_0.0005,0.0,0.0005,42,0.8652489134133753,0.05111180003774907,0.05111180003774907,0.17035206074444947,0.986147634928812,0.0013843749999999998,120,67.04116740589961,,,,path seed,,
five_level_weak_anharmonic,long_horizon_path_seed,0.03,relax_0.0005,0.0,0.0005,43,0.827687051705204,0.03531632250778427,0.03997376519352369,0.12362589181301345,0.9797478556833946,0.0013843749999999998,120,67.04116740589961,,,,path seed,,
five_level_weak_anharmonic,long_horizon_path_seed,0.03,relax_0.0005,0.0,0.0005,44,0.6690874953899777,0.0268165661661679,0.029475989739541575,0.4166382473121287,0.9945294321971795,0.0013843749999999998,120,67.04116740589961,,,,path seed,,
five_level_weak_anharmonic,long_horizon_path_seed,0.03,relax_0.0005,0.0,0.0005,45,0.8595973767938931,0.0481351852125661,0.052953050870790275,0.15792003512073194,0.9848338005491091,0.0013843749999999998,120,67.04116740589961,,,,path seed,,
five_level_weak_anharmonic,long_horizon_path_seed,0.03,relax_0.0005,0.0,0.0005,46,0.7781446819765045,0.03500895448160579,0.03810968018938787,0.10848236812899024,0.9751828050158257,0.0013843749999999998,120,67.04116740589961,,,,path seed,,
five_level_weak_anharmonic,long_horizon_path_seed,0.03,relax_0.0005,0.0,0.0005,47,0.897988958984599,0.03832192480051033,0.048968277657514436,0.06598433540706962,0.9770486414353372,0.0013843749999999998,120,67.04116740589961,,,,path seed,,
five_level_weak_anharmonic,long_horizon_path_seed,0.03,relax_0.0005,0.0,0.0005,48,0.5580237984007173,0.024118229844624528,0.04365964724693505,0.26778395115594267,0.9753357506607153,0.0013843749999999998,120,67.04116740589961,,,,path seed,,
five_level_weak_anharmonic,long_horizon_path_seed,0.03,relax_0.0005,0.0,0.0005,49,0.9002907291952543,0.040502388110774334,0.04897243492249381,0.06679768564671174,0.977375752939704,0.0013843749999999998,120,67.04116740589961,,,,path seed,,
five_level_weak_anharmonic,long_horizon_path_seed,0.03,relax_0.0005,0.0,0.0005,50,0.8733122495334437,0.044216021108077874,0.04965548234278394,0.14607707401809442,0.9845658413116201,0.0013843749999999998,120,67.04116740589961,,,,path seed,,
five_level_weak_anharmonic,long_horizon_path_seed,0.03,relax_0.0005,0.0,0.0005,51,0.9310945602234318,0.057381895441000697,0.05877192170022083,0.07712007547154412,0.980335670806479,0.0013843749999999998,120,67.04116740589961,,,,path seed,,
five_level_weak_anharmonic,long_horizon_path_seed,0.03,relax_0.0005,0.0,0.0005,52,0.8642803969007051,0.03620805632188606,0.04385276868698251,0.07718053567188427,0.9763518201046045,0.0013843749999999998,120,67.04116740589961,,,,path seed,,
five_level_weak_anharmonic,long_horizon_path_seed,0.03,relax_0.0005,0.0,0.0005,53,0.7574473165268941,0.03975172971526597,0.04000598891867235,0.2141029636664205,0.9845526321223342,0.0013843749999999998,120,67.04116740589961,,,,path seed,,
five_level_weak_anharmonic,long_horizon_path_seed,0.03,relax_0.0005,0.0,0.0005,54,0.7879970313577308,0.040912350683547594,0.04412355467534146,0.16876104955665053,0.9821834129601806,0.0013843749999999998,120,67.04116740589961,,,,path seed,,
five_level_weak_anharmonic,long_horizon_path_seed,0.03,relax_0.0005,0.0,0.0005,55,0.6675483374361935,0.03563904685226549,0.038941056122693496,0.38960988393295254,0.9934428812309245,0.0013843749999999998,120,67.04116740589961,,,,path seed,,
five_level_weak_anharmonic,long_horizon_path_seed,0.03,relax_0.0005,0.0,0.0005,56,0.8413637937818161,0.03456333471731732,0.04868600235091092,0.10139320942265426,0.978124427269815,0.0013843749999999998,120,67.04116740589961,,,,path seed,,
five_level_weak_anharmonic,long_horizon_path_seed,0.03,relax_0.0005,0.0,0.0005,57,0.9170665976257052,0.06341190101880911,0.06891903677662159,0.11675299775490965,0.9828969820418243,0.0013843749999999998,120,67.04116740589961,,,,path seed,,
five_level_weak_anharmonic,long_horizon_path_seed,0.03,relax_0.0005,0.0,0.0005,58,0.8845055533307621,0.03423961125449326,0.04071564543040995,0.0754068975512309,0.9780967373734647,0.0013843749999999998,120,67.04116740589961,,,,path seed,,
five_level_weak_anharmonic,long_horizon_path_seed,0.03,relax_0.0005,0.0,0.0005,59,0.6763253098904581,0.035034689481560966,0.04448468934803229,0.1837459103946211,0.975161937334671,0.0013843749999999998,120,67.04116740589961,,,,path seed,,
five_level_weak_anharmonic,long_horizon_path_seed,0.03,combined,0.001,0.0005,10,0.9209740062704591,0.04451965989073614,0.04826168804270847,0.14664571525423273,0.966215987347058,0.0013843749999999998,120,67.04116740589961,,,,path seed,,
five_level_weak_anharmonic,long_horizon_path_seed,0.03,combined,0.001,0.0005,11,0.759409845605487,0.04625220180240719,0.05061638932514456,0.12718885472805447,0.9594191769395165,0.0013843749999999998,120,67.04116740589961,,,,path seed,,
five_level_weak_anharmonic,long_horizon_path_seed,0.03,combined,0.001,0.0005,12,0.7884166258097679,0.04231962752646001,0.04408391179228022,0.12820414327227914,0.9609184040338786,0.0013843749999999998,120,67.04116740589961,,,,path seed,,
five_level_weak_anharmonic,long_horizon_path_seed,0.03,combined,0.001,0.0005,13,0.521082903524364,0.024637973133712632,0.02592925833851001,0.5133578075475805,0.9709178437468328,0.0013843749999999998,120,67.04116740589961,,,,path seed,,
five_level_weak_anharmonic,long_horizon_path_seed,0.03,combined,0.001,0.0005,14,0.6827604442511085,0.028478853275871074,0.030199767371877462,0.3384300607739854,0.9668964983930931,0.0013843749999999998,120,67.04116740589961,,,,path seed,,
five_level_weak_anharmonic,long_horizon_path_seed,0.03,combined,0.001,0.0005,15,0.898944813009823,0.05584685047143645,0.06084117100040676,0.09782266998111581,0.96373794033222,0.0013843749999999998,120,67.04116740589961,,,,path seed,,
five_level_weak_anharmonic,long_horizon_path_seed,0.03,combined,0.001,0.0005,16,0.8511691989514568,0.05077527849419183,0.054329221729983,0.08248565071054767,0.9610319060940165,0.0013843749999999998,120,67.04116740589961,,,,path seed,,
five_level_weak_anharmonic,long_horizon_path_seed,0.03,combined,0.001,0.0005,17,0.9287330705612459,0.039401272679813415,0.043591367756052324,0.11909041717441272,0.9667111970827952,0.0013843749999999998,120,67.04116740589961,,,,path seed,,
five_level_weak_anharmonic,long_horizon_path_seed,0.03,combined,0.001,0.0005,18,0.9009058869769858,0.0540297598479097,0.054726482121645104,0.13714204035678434,0.96629685653379,0.0013843749999999998,120,67.04116740589961,,,,path seed,,
five_level_weak_anharmonic,long_horizon_path_seed,0.03,combined,0.001,0.0005,19,0.8040118292897624,0.034382655513738425,0.03875543834441775,0.10934239742153362,0.9608532813816156,0.0013843749999999998,120,67.04116740589961,,,,path seed,,
five_level_weak_anharmonic,long_horizon_path_seed,0.03,combined,0.001,0.0005,20,0.8853276957951257,0.05402402326847844,0.056440423758954195,0.08599320121744582,0.9624423026922825,0.0013843749999999998,120,67.04116740589961,,,,path seed,,
five_level_weak_anharmonic,long_horizon_path_seed,0.03,combined,0.001,0.0005,21,0.9043707370814822,0.038141879719659544,0.04356255498784345,0.06246838214621045,0.9625178829238511,0.0013843749999999998,120,67.04116740589961,,,,path seed,,
five_level_weak_anharmonic,long_horizon_path_seed,0.03,combined,0.001,0.0005,22,0.8978284326987556,0.04116464806515274,0.04527571656148677,0.0666056477449898,0.9619415433932461,0.0013843749999999998,120,67.04116740589961,,,,path seed,,
five_level_weak_anharmonic,long_horizon_path_seed,0.03,combined,0.001,0.0005,23,0.8937761551490304,0.04514337537118551,0.047554356436445566,0.0937666099458503,0.963865663492322,0.0013843749999999998,120,67.04116740589961,,,,path seed,,
five_level_weak_anharmonic,long_horizon_path_seed,0.03,combined,0.001,0.0005,24,0.8318512326059427,0.02661476546341046,0.03447859491305927,0.1609645268549408,0.9645724606860432,0.0013843749999999998,120,67.04116740589961,,,,path seed,,
five_level_weak_anharmonic,long_horizon_path_seed,0.03,combined,0.001,0.0005,25,0.8162478485335376,0.040682971126207,0.04370032035680338,0.17263064889018742,0.9645394182950964,0.0013843749999999998,120,67.04116740589961,,,,path seed,,
five_level_weak_anharmonic,long_horizon_path_seed,0.03,combined,0.001,0.0005,26,0.8911675536685612,0.05730953827652119,0.05730953827652119,0.12758600853373525,0.9654193739941861,0.0013843749999999998,120,67.04116740589961,,,,path seed,,
five_level_weak_anharmonic,long_horizon_path_seed,0.03,combined,0.001,0.0005,27,0.8557009211483582,0.040127041108846684,0.04379217592194795,0.1713187580870925,0.9666364477495099,0.0013843749999999998,120,67.04116740589961,,,,path seed,,
five_level_weak_anharmonic,long_horizon_path_seed,0.03,combined,0.001,0.0005,28,0.8951068248752293,0.05809677722244366,0.06368897739112134,0.07541733286172214,0.9619174312854212,0.0013843749999999998,120,67.04116740589961,,,,path seed,,
five_level_weak_anharmonic,long_horizon_path_seed,0.03,combined,0.001,0.0005,29,0.9309231223975544,0.048501684720239524,0.050335652137989184,0.10139559486031705,0.9656736374511203,0.0013843749999999998,120,67.04116740589961,,,,path seed,,
five_level_weak_anharmonic,long_horizon_path_seed,0.03,combined,0.001,0.0005,30,0.8185173829707036,0.038709571193710546,0.03971978804436738,0.2374095101611359,0.9682027903110105,0.0013843749999999998,120,67.04116740589961,,,,path seed,,
five_level_weak_anharmonic,long_horizon_path_seed,0.03,combined,0.001,0.0005,31,0.7992027261728109,0.038266895803430456,0.047493469336829075,0.11739920991571429,0.9602492285087751,0.0013843749999999998,120,67.04116740589961,,,,path seed,,
five_level_weak_anharmonic,long_horizon_path_seed,0.03,combined,0.001,0.0005,32,0.8004974650431685,0.03762697685435312,0.04214446056528931,0.11054668000890475,0.9606576781341225,0.0013843749999999998,120,67.04116740589961,,,,path seed,,
five_level_weak_anharmonic,long_horizon_path_seed,0.03,combined,0.001,0.0005,33,0.8029837404607126,0.03852367590172778,0.03852367590172778,0.27018824912052886,0.9693675416910046,0.0013843749999999998,120,67.04116740589961,,,,path seed,,
five_level_weak_anharmonic,long_horizon_path_seed,0.03,combined,0.001,0.0005,34,0.8286461948577094,0.05475561333919021,0.05484476094226476,0.18211386280854888,0.9655156041804537,0.0013843749999999998,120,67.04116740589961,,,,path seed,,
five_level_weak_anharmonic,long_horizon_path_seed,0.03,combined,0.001,0.0005,35,0.8996843422162141,0.06160418693564074,0.06494678144255994,0.10361037436764571,0.9636550515904737,0.0013843749999999998,120,67.04116740589961,,,,path seed,,
five_level_weak_anharmonic,long_horizon_path_seed,0.03,combined,0.001,0.0005,36,0.8291326571899893,0.04211565233355863,0.047487942377510306,0.09853090306933567,0.9616147047450644,0.0013843749999999998,120,67.04116740589961,,,,path seed,,
five_level_weak_anharmonic,long_horizon_path_seed,0.03,combined,0.001,0.0005,37,0.8719915030161162,0.03867495176621871,0.04295016261822593,0.21182682292510055,0.9695922830348637,0.0013843749999999998,120,67.04116740589961,,,,path seed,,
five_level_weak_anharmonic,long_horizon_path_seed,0.03,combined,0.001,0.0005,38,0.7186040575189078,0.022827005288311275,0.023780454868900902,0.33857122248527616,0.9693848420769927,0.0013843749999999998,120,67.04116740589961,,,,path seed,,
five_level_weak_anharmonic,long_horizon_path_seed,0.03,combined,0.001,0.0005,39,0.8389618612073654,0.04183346784276598,0.051834549425572196,0.11577321449119804,0.9624132711943226,0.0013843749999999998,120,67.04116740589961,,,,path seed,,
five_level_weak_anharmonic,long_horizon_path_seed,0.03,combined,0.001,0.0005,40,0.91582261248129,0.054245301041466853,0.05659488564841031,0.07616303154068729,0.9636426294181876,0.0013843749999999998,120,67.04116740589961,,,,path seed,,
five_level_weak_anharmonic,long_horizon_path_seed,0.03,combined,0.001,0.0005,41,0.8707020498531499,0.04761473291689944,0.05062426269312348,0.08286312583928808,0.9618498835011673,0.0013843749999999998,120,67.04116740589961,,,,path seed,,
five_level_weak_anharmonic,long_horizon_path_seed,0.03,combined,0.001,0.0005,42,0.8591404939000826,0.050976370741694366,0.050976370741694366,0.17570383155607566,0.9660731202425914,0.0013843749999999998,120,67.04116740589961,,,,path seed,,
five_level_weak_anharmonic,long_horizon_path_seed,0.03,combined,0.001,0.0005,43,0.8226807143154936,0.0357332214961994,0.04023700810601305,0.1287785836893275,0.9632627114133808,0.0013843749999999998,120,67.04116740589961,,,,path seed,,
five_level_weak_anharmonic,long_horizon_path_seed,0.03,combined,0.001,0.0005,44,0.666112636157059,0.027338667433399744,0.029750303612286366,0.41806046257607493,0.971211393182706,0.0013843749999999998,120,67.04116740589961,,,,path seed,,
five_level_weak_anharmonic,long_horizon_path_seed,0.03,combined,0.001,0.0005,45,0.8534501372311037,0.04867409889217478,0.05316837130370056,0.16305830469783256,0.9650436253363528,0.0013843749999999998,120,67.04116740589961,,,,path seed,,
five_level_weak_anharmonic,long_horizon_path_seed,0.03,combined,0.001,0.0005,46,0.7746110306224765,0.035291796814210796,0.038387977692803,0.1138902500213105,0.9604146553194449,0.0013843749999999998,120,67.04116740589961,,,,path seed,,
five_level_weak_anharmonic,long_horizon_path_seed,0.03,combined,0.001,0.0005,47,0.8912995585047353,0.03916479995390576,0.04902040840025634,0.07261564300134916,0.9620346260294792,0.0013843749999999998,120,67.04116740589961,,,,path seed,,
five_level_weak_anharmonic,long_horizon_path_seed,0.03,combined,0.001,0.0005,48,0.5585211603716551,0.024970966380241877,0.04373493960385977,0.27021911158451917,0.9578240395120738,0.0013843749999999998,120,67.04116740589961,,,,path seed,,
five_level_weak_anharmonic,long_horizon_path_seed,0.03,combined,0.001,0.0005,49,0.8934034069405002,0.041494398791508624,0.049322037422399045,0.07343799378953692,0.9622847434327009,0.0013843749999999998,120,67.04116740589961,,,,path seed,,
five_level_weak_anharmonic,long_horizon_path_seed,0.03,combined,0.001,0.0005,50,0.866920657547334,0.04495985831198057,0.05012016867644864,0.1513521175922983,0.9656807098585677,0.0013843749999999998,120,67.04116740589961,,,,path seed,,
five_level_weak_anharmonic,long_horizon_path_seed,0.03,combined,0.001,0.0005,51,0.9234728783902687,0.05761734622090431,0.05895123594516938,0.08423885307518092,0.9641299846860834,0.0013843749999999998,120,67.04116740589961,,,,path seed,,
five_level_weak_anharmonic,long_horizon_path_seed,0.03,combined,0.001,0.0005,52,0.8581368478896235,0.03704531054080784,0.044053381214175125,0.0837650497120229,0.9610129542669998,0.0013843749999999998,120,67.04116740589961,,,,path seed,,
five_level_weak_anharmonic,long_horizon_path_seed,0.03,combined,0.001,0.0005,53,0.7535692124854719,0.04011032791758484,0.04045869621720688,0.2180288531209146,0.9645169965122041,0.0013843749999999998,120,67.04116740589961,,,,path seed,,
five_level_weak_anharmonic,long_horizon_path_seed,0.03,combined,0.001,0.0005,54,0.7833713898482935,0.04143867069089546,0.04456298083706045,0.17349812139544413,0.9635892840174393,0.0013843749999999998,120,67.04116740589961,,,,path seed,,
five_level_weak_anharmonic,long_horizon_path_seed,0.03,combined,0.001,0.0005,55,0.6649047102854205,0.03627641124567638,0.03923966370570886,0.39098647394895847,0.9690912599298931,0.0013843749999999998,120,67.04116740589961,,,,path seed,,
five_level_weak_anharmonic,long_horizon_path_seed,0.03,combined,0.001,0.0005,56,0.8355598775298554,0.03544426570786563,0.04857701785741375,0.10745964403533259,0.9623510763408575,0.0013843749999999998,120,67.04116740589961,,,,path seed,,
five_level_weak_anharmonic,long_horizon_path_seed,0.03,combined,0.001,0.0005,57,0.9095075034822883,0.06394350390139592,0.06907336367300299,0.12301937220743905,0.9653102893745996,0.0013843749999999998,120,67.04116740589961,,,,path seed,,
five_level_weak_anharmonic,long_horizon_path_seed,0.03,combined,0.001,0.0005,58,0.8785015098527807,0.034677726323275926,0.040874737717702114,0.08140895989370957,0.9629770365623072,0.0013843749999999998,120,67.04116740589961,,,,path seed,,
five_level_weak_anharmonic,long_horizon_path_seed,0.03,combined,0.001,0.0005,59,0.6743837139829285,0.03579723221066211,0.04488790295590939,0.1879500666484545,0.9584032569986445,0.0013843749999999998,120,67.04116740589961,,,,path seed,,
five_level_weak_anharmonic,long_q8_leak08,0.03,static_only,0.0,0.0,10,0.9014445449498583,0.00010591592380104764,0.08119088626778859,0.08731705698501027,0.9999973712182852,0.00273887721577803,120,201.2562568599824,0.19730843101944,2443,False,"q=8 continuation, leak 0.8",8,"a=0.8,lw=1.5,r=0.04,w=0.25; a=1,lw=0.8,r=0.025,w=0.25; a=1,lw=0.8,r=0.02,w=0.25"
five_level_weak_anharmonic,long_q8_leak08,0.03,static_only,0.0,0.0,11,0.9074801354807622,0.0016781173657870463,0.08458495341715766,0.09219188718489377,0.9999972092844351,0.00273887721577803,120,201.2562568599824,0.19730843101944,2443,False,"q=8 continuation, leak 0.8",8,"a=0.8,lw=1.5,r=0.04,w=0.25; a=1,lw=0.8,r=0.025,w=0.25; a=1,lw=0.8,r=0.02,w=0.25"
five_level_weak_anharmonic,long_q8_leak08,0.03,static_only,0.0,0.0,12,0.9391940447467731,0.0009063224431801187,0.0667402496084506,0.08356770559331808,0.999997392457065,0.00273887721577803,120,201.2562568599824,0.19730843101944,2443,False,"q=8 continuation, leak 0.8",8,"a=0.8,lw=1.5,r=0.04,w=0.25; a=1,lw=0.8,r=0.025,w=0.25; a=1,lw=0.8,r=0.02,w=0.25"
five_level_weak_anharmonic,long_q8_leak08,0.03,static_only,0.0,0.0,13,0.9047020175190574,0.00016443979588565139,0.08638835436331971,0.0984529920991114,0.9999975137365761,0.00273887721577803,120,201.2562568599824,0.19730843101944,2443,False,"q=8 continuation, leak 0.8",8,"a=0.8,lw=1.5,r=0.04,w=0.25; a=1,lw=0.8,r=0.025,w=0.25; a=1,lw=0.8,r=0.02,w=0.25"
five_level_weak_anharmonic,long_q8_leak08,0.03,static_only,0.0,0.0,14,0.9301451224483723,0.0004949524747704936,0.0782201790684105,0.06839901028256298,0.9999974410483078,0.00273887721577803,120,201.2562568599824,0.19730843101944,2443,False,"q=8 continuation, leak 0.8",8,"a=0.8,lw=1.5,r=0.04,w=0.25; a=1,lw=0.8,r=0.025,w=0.25; a=1,lw=0.8,r=0.02,w=0.25"
five_level_weak_anharmonic,long_q8_leak08,0.03,static_only,0.0,0.0,15,0.9757224550443326,0.0014985063864153547,0.09741719534751525,0.015268476280892486,0.9999974929577492,0.00273887721577803,120,201.2562568599824,0.19730843101944,2443,False,"q=8 continuation, leak 0.8",8,"a=0.8,lw=1.5,r=0.04,w=0.25; a=1,lw=0.8,r=0.025,w=0.25; a=1,lw=0.8,r=0.02,w=0.25"
five_level_weak_anharmonic,long_q8_leak08,0.03,static_only,0.0,0.0,16,0.9765139365127248,0.001914193987502033,0.08953417581777079,0.03406876663269939,0.9999973454613125,0.00273887721577803,120,201.2562568599824,0.19730843101944,2443,False,"q=8 continuation, leak 0.8",8,"a=0.8,lw=1.5,r=0.04,w=0.25; a=1,lw=0.8,r=0.025,w=0.25; a=1,lw=0.8,r=0.02,w=0.25"
five_level_weak_anharmonic,long_q8_leak08,0.03,static_only,0.0,0.0,17,0.8735442434016767,0.0004237698164739623,0.0710681726687662,0.0933913033811945,0.9999980673878306,0.00273887721577803,120,201.2562568599824,0.19730843101944,2443,False,"q=8 continuation, leak 0.8",8,"a=0.8,lw=1.5,r=0.04,w=0.25; a=1,lw=0.8,r=0.025,w=0.25; a=1,lw=0.8,r=0.02,w=0.25"
five_level_weak_anharmonic,long_q8_leak08,0.03,static_only,0.0,0.0,18,0.9610908896377194,0.0006694231507590187,0.08281205000065595,0.025337915216566337,0.9999976397628725,0.00273887721577803,120,201.2562568599824,0.19730843101944,2443,False,"q=8 continuation, leak 0.8",8,"a=0.8,lw=1.5,r=0.04,w=0.25; a=1,lw=0.8,r=0.025,w=0.25; a=1,lw=0.8,r=0.02,w=0.25"
five_level_weak_anharmonic,long_q8_leak08,0.03,static_only,0.0,0.0,19,0.9265195522442414,0.0003524265581168473,0.07682647785574681,0.09053171219186641,0.9999973586262046,0.00273887721577803,120,201.2562568599824,0.19730843101944,2443,False,"q=8 continuation, leak 0.8",8,"a=0.8,lw=1.5,r=0.04,w=0.25; a=1,lw=0.8,r=0.025,w=0.25; a=1,lw=0.8,r=0.02,w=0.25"
five_level_weak_anharmonic,long_q8_leak08,0.03,static_only,0.0,0.0,20,0.9097477162598241,0.0007743472807019147,0.07687702329657364,0.10045757693525711,0.9999974298412385,0.00273887721577803,120,201.2562568599824,0.19730843101944,2443,False,"q=8 continuation, leak 0.8",8,"a=0.8,lw=1.5,r=0.04,w=0.25; a=1,lw=0.8,r=0.025,w=0.25; a=1,lw=0.8,r=0.02,w=0.25"
five_level_weak_anharmonic,long_q8_leak08,0.03,static_only,0.0,0.0,21,0.9757796599813519,0.0006253733939275419,0.06616239806662483,0.03407867838539314,0.9999975570687643,0.00273887721577803,120,201.2562568599824,0.19730843101944,2443,False,"q=8 continuation, leak 0.8",8,"a=0.8,lw=1.5,r=0.04,w=0.25; a=1,lw=0.8,r=0.025,w=0.25; a=1,lw=0.8,r=0.02,w=0.25"
five_level_weak_anharmonic,long_q8_leak08,0.03,static_only,0.0,0.0,22,0.9377872381692968,0.0003670778760284099,0.08755782995253147,0.06748700983685531,0.999997116467711,0.00273887721577803,120,201.2562568599824,0.19730843101944,2443,False,"q=8 continuation, leak 0.8",8,"a=0.8,lw=1.5,r=0.04,w=0.25; a=1,lw=0.8,r=0.025,w=0.25; a=1,lw=0.8,r=0.02,w=0.25"
five_level_weak_anharmonic,long_q8_leak08,0.03,static_only,0.0,0.0,23,0.993585154013896,0.0005126395059383837,0.07308676954146831,0.010778310262116238,0.9999975499427607,0.00273887721577803,120,201.2562568599824,0.19730843101944,2443,False,"q=8 continuation, leak 0.8",8,"a=0.8,lw=1.5,r=0.04,w=0.25; a=1,lw=0.8,r=0.025,w=0.25; a=1,lw=0.8,r=0.02,w=0.25"
five_level_weak_anharmonic,long_q8_leak08,0.03,static_only,0.0,0.0,24,0.961441482942426,0.0001289780689620601,0.06938720153416611,0.02612522319981819,0.9999977730652028,0.00273887721577803,120,201.2562568599824,0.19730843101944,2443,False,"q=8 continuation, leak 0.8",8,"a=0.8,lw=1.5,r=0.04,w=0.25; a=1,lw=0.8,r=0.025,w=0.25; a=1,lw=0.8,r=0.02,w=0.25"
five_level_weak_anharmonic,long_q8_leak08,0.03,static_only,0.0,0.0,25,0.9671159681922193,0.0006231447295264037,0.07458031832672418,0.023680267876300974,0.9999974679007348,0.00273887721577803,120,201.2562568599824,0.19730843101944,2443,False,"q=8 continuation, leak 0.8",8,"a=0.8,lw=1.5,r=0.04,w=0.25; a=1,lw=0.8,r=0.025,w=0.25; a=1,lw=0.8,r=0.02,w=0.25"
five_level_weak_anharmonic,long_q8_leak08,0.03,static_only,0.0,0.0,26,0.9924966552798049,0.0012299370404486032,0.08500983586415889,0.004753257600171268,0.9999975219620441,0.00273887721577803,120,201.2562568599824,0.19730843101944,2443,False,"q=8 continuation, leak 0.8",8,"a=0.8,lw=1.5,r=0.04,w=0.25; a=1,lw=0.8,r=0.025,w=0.25; a=1,lw=0.8,r=0.02,w=0.25"
five_level_weak_anharmonic,long_q8_leak08,0.03,static_only,0.0,0.0,27,0.9314139659981088,0.0004471799839350643,0.06912013954941165,0.04929533351047367,0.9999979815237784,0.00273887721577803,120,201.2562568599824,0.19730843101944,2443,False,"q=8 continuation, leak 0.8",8,"a=0.8,lw=1.5,r=0.04,w=0.25; a=1,lw=0.8,r=0.025,w=0.25; a=1,lw=0.8,r=0.02,w=0.25"
five_level_weak_anharmonic,long_q8_leak08,0.03,static_only,0.0,0.0,28,0.9474450324523195,0.0025176184565426363,0.07512157270392228,0.06076883619414753,0.9999972887246164,0.00273887721577803,120,201.2562568599824,0.19730843101944,2443,False,"q=8 continuation, leak 0.8",8,"a=0.8,lw=1.5,r=0.04,w=0.25; a=1,lw=0.8,r=0.025,w=0.25; a=1,lw=0.8,r=0.02,w=0.25"
five_level_weak_anharmonic,long_q8_leak08,0.03,static_only,0.0,0.0,29,0.9854655966687855,0.0009569596334073616,0.06155487222569567,0.01901869722902441,0.9999976435329085,0.00273887721577803,120,201.2562568599824,0.19730843101944,2443,False,"q=8 continuation, leak 0.8",8,"a=0.8,lw=1.5,r=0.04,w=0.25; a=1,lw=0.8,r=0.025,w=0.25; a=1,lw=0.8,r=0.02,w=0.25"
five_level_weak_anharmonic,long_q8_leak08,0.03,static_only,0.0,0.0,30,0.9592336638567873,0.0006854481893480147,0.06920321484556635,0.029824486022070235,0.9999977731575584,0.00273887721577803,120,201.2562568599824,0.19730843101944,2443,False,"q=8 continuation, leak 0.8",8,"a=0.8,lw=1.5,r=0.04,w=0.25; a=1,lw=0.8,r=0.025,w=0.25; a=1,lw=0.8,r=0.02,w=0.25"
five_level_weak_anharmonic,long_q8_leak08,0.03,static_only,0.0,0.0,31,0.918899420731085,0.001327370898001834,0.09571167141837988,0.07983757587628648,0.9999973282014588,0.00273887721577803,120,201.2562568599824,0.19730843101944,2443,False,"q=8 continuation, leak 0.8",8,"a=0.8,lw=1.5,r=0.04,w=0.25; a=1,lw=0.8,r=0.025,w=0.25; a=1,lw=0.8,r=0.02,w=0.25"
five_level_weak_anharmonic,long_q8_leak08,0.03,static_only,0.0,0.0,32,0.9617537254982801,0.0002017970343580755,0.0831582590981631,0.03982758239669517,0.9999972427203961,0.00273887721577803,120,201.2562568599824,0.19730843101944,2443,False,"q=8 continuation, leak 0.8",8,"a=0.8,lw=1.5,r=0.04,w=0.25; a=1,lw=0.8,r=0.025,w=0.25; a=1,lw=0.8,r=0.02,w=0.25"
five_level_weak_anharmonic,long_q8_leak08,0.03,static_only,0.0,0.0,33,0.9650844482641862,0.000525967306788111,0.08517043193623697,0.024221099846801653,0.9999977479361529,0.00273887721577803,120,201.2562568599824,0.19730843101944,2443,False,"q=8 continuation, leak 0.8",8,"a=0.8,lw=1.5,r=0.04,w=0.25; a=1,lw=0.8,r=0.025,w=0.25; a=1,lw=0.8,r=0.02,w=0.25"
five_level_weak_anharmonic,long_q8_leak08,0.03,static_only,0.0,0.0,34,0.9903099010584706,0.0011941716037588979,0.10069303566260435,0.006261308170522977,0.999997453994005,0.00273887721577803,120,201.2562568599824,0.19730843101944,2443,False,"q=8 continuation, leak 0.8",8,"a=0.8,lw=1.5,r=0.04,w=0.25; a=1,lw=0.8,r=0.025,w=0.25; a=1,lw=0.8,r=0.02,w=0.25"
five_level_weak_anharmonic,long_q8_leak08,0.03,static_only,0.0,0.0,35,0.8926695046674624,0.0012745763054365922,0.09578001549183535,0.10323386132023518,0.999997634330924,0.00273887721577803,120,201.2562568599824,0.19730843101944,2443,False,"q=8 continuation, leak 0.8",8,"a=0.8,lw=1.5,r=0.04,w=0.25; a=1,lw=0.8,r=0.025,w=0.25; a=1,lw=0.8,r=0.02,w=0.25"
five_level_weak_anharmonic,long_q8_leak08,0.03,static_only,0.0,0.0,36,0.9873192201063994,0.0009951255265145953,0.0691264800459871,0.014865908542545436,0.9999976687310713,0.00273887721577803,120,201.2562568599824,0.19730843101944,2443,False,"q=8 continuation, leak 0.8",8,"a=0.8,lw=1.5,r=0.04,w=0.25; a=1,lw=0.8,r=0.025,w=0.25; a=1,lw=0.8,r=0.02,w=0.25"
five_level_weak_anharmonic,long_q8_leak08,0.03,static_only,0.0,0.0,37,0.7614898019572168,0.0006564318338273534,0.059209893782359524,0.18397013624496472,0.9999980574423616,0.00273887721577803,120,201.2562568599824,0.19730843101944,2443,False,"q=8 continuation, leak 0.8",8,"a=0.8,lw=1.5,r=0.04,w=0.25; a=1,lw=0.8,r=0.025,w=0.25; a=1,lw=0.8,r=0.02,w=0.25"
five_level_weak_anharmonic,long_q8_leak08,0.03,static_only,0.0,0.0,38,0.968238543460545,0.0010467535725479094,0.062386298017823694,0.03155826499598882,0.9999977835652116,0.00273887721577803,120,201.2562568599824,0.19730843101944,2443,False,"q=8 continuation, leak 0.8",8,"a=0.8,lw=1.5,r=0.04,w=0.25; a=1,lw=0.8,r=0.025,w=0.25; a=1,lw=0.8,r=0.02,w=0.25"
five_level_weak_anharmonic,long_q8_leak08,0.03,static_only,0.0,0.0,39,0.9892949601082031,0.0009642730407368738,0.08842487560975687,0.008109942379078316,0.9999975952174317,0.00273887721577803,120,201.2562568599824,0.19730843101944,2443,False,"q=8 continuation, leak 0.8",8,"a=0.8,lw=1.5,r=0.04,w=0.25; a=1,lw=0.8,r=0.025,w=0.25; a=1,lw=0.8,r=0.02,w=0.25"
five_level_weak_anharmonic,long_q8_leak08,0.03,static_only,0.0,0.0,40,0.9902220347046187,0.0007524087110667432,0.07392810371161906,0.013467122824686033,0.9999972982036884,0.00273887721577803,120,201.2562568599824,0.19730843101944,2443,False,"q=8 continuation, leak 0.8",8,"a=0.8,lw=1.5,r=0.04,w=0.25; a=1,lw=0.8,r=0.025,w=0.25; a=1,lw=0.8,r=0.02,w=0.25"
five_level_weak_anharmonic,long_q8_leak08,0.03,static_only,0.0,0.0,41,0.9400169182449737,0.0006066328711777924,0.07877153080747323,0.07365776558320183,0.9999973783652211,0.00273887721577803,120,201.2562568599824,0.19730843101944,2443,False,"q=8 continuation, leak 0.8",8,"a=0.8,lw=1.5,r=0.04,w=0.25; a=1,lw=0.8,r=0.025,w=0.25; a=1,lw=0.8,r=0.02,w=0.25"
five_level_weak_anharmonic,long_q8_leak08,0.03,static_only,0.0,0.0,42,0.9901289566962972,0.00038315096520835645,0.08250298800628353,0.01313682065813762,0.9999972642681809,0.00273887721577803,120,201.2562568599824,0.19730843101944,2443,False,"q=8 continuation, leak 0.8",8,"a=0.8,lw=1.5,r=0.04,w=0.25; a=1,lw=0.8,r=0.025,w=0.25; a=1,lw=0.8,r=0.02,w=0.25"
five_level_weak_anharmonic,long_q8_leak08,0.03,static_only,0.0,0.0,43,0.9624202897861986,0.0003761117876097675,0.06628415604991411,0.02421630265658631,0.9999977586636216,0.00273887721577803,120,201.2562568599824,0.19730843101944,2443,False,"q=8 continuation, leak 0.8",8,"a=0.8,lw=1.5,r=0.04,w=0.25; a=1,lw=0.8,r=0.025,w=0.25; a=1,lw=0.8,r=0.02,w=0.25"
five_level_weak_anharmonic,long_q8_leak08,0.03,static_only,0.0,0.0,44,0.9759430304555707,0.0007069715921345088,0.06623715401779395,0.028145684290091677,0.9999976293657509,0.00273887721577803,120,201.2562568599824,0.19730843101944,2443,False,"q=8 continuation, leak 0.8",8,"a=0.8,lw=1.5,r=0.04,w=0.25; a=1,lw=0.8,r=0.025,w=0.25; a=1,lw=0.8,r=0.02,w=0.25"
five_level_weak_anharmonic,long_q8_leak08,0.03,static_only,0.0,0.0,45,0.9977766887323201,0.0006282923477320956,0.08915294345163893,0.0032707850456059305,0.9999975484586184,0.00273887721577803,120,201.2562568599824,0.19730843101944,2443,False,"q=8 continuation, leak 0.8",8,"a=0.8,lw=1.5,r=0.04,w=0.25; a=1,lw=0.8,r=0.025,w=0.25; a=1,lw=0.8,r=0.02,w=0.25"
five_level_weak_anharmonic,long_q8_leak08,0.03,static_only,0.0,0.0,46,0.9724819658910228,0.00034394118423186626,0.06728025407101779,0.037566601761878114,0.9999974925850493,0.00273887721577803,120,201.2562568599824,0.19730843101944,2443,False,"q=8 continuation, leak 0.8",8,"a=0.8,lw=1.5,r=0.04,w=0.25; a=1,lw=0.8,r=0.025,w=0.25; a=1,lw=0.8,r=0.02,w=0.25"
five_level_weak_anharmonic,long_q8_leak08,0.03,static_only,0.0,0.0,47,0.9824473879266054,0.001383776502946854,0.06004530877610459,0.02621903398410728,0.9999975888121639,0.00273887721577803,120,201.2562568599824,0.19730843101944,2443,False,"q=8 continuation, leak 0.8",8,"a=0.8,lw=1.5,r=0.04,w=0.25; a=1,lw=0.8,r=0.025,w=0.25; a=1,lw=0.8,r=0.02,w=0.25"
five_level_weak_anharmonic,long_q8_leak08,0.03,static_only,0.0,0.0,48,0.8358369777639237,0.00040296707237119644,0.08016608456426777,0.15208583633365738,0.9999970440153708,0.00273887721577803,120,201.2562568599824,0.19730843101944,2443,False,"q=8 continuation, leak 0.8",8,"a=0.8,lw=1.5,r=0.04,w=0.25; a=1,lw=0.8,r=0.025,w=0.25; a=1,lw=0.8,r=0.02,w=0.25"
five_level_weak_anharmonic,long_q8_leak08,0.03,static_only,0.0,0.0,49,0.9798246588397098,0.000515683645249343,0.08232209144293134,0.018933512950250458,0.9999977284208587,0.00273887721577803,120,201.2562568599824,0.19730843101944,2443,False,"q=8 continuation, leak 0.8",8,"a=0.8,lw=1.5,r=0.04,w=0.25; a=1,lw=0.8,r=0.025,w=0.25; a=1,lw=0.8,r=0.02,w=0.25"
five_level_weak_anharmonic,long_q8_leak08,0.03,static_only,0.0,0.0,50,0.9376325682811942,0.0010240433726742548,0.08408414179860291,0.04485720862284138,0.9999980247311211,0.00273887721577803,120,201.2562568599824,0.19730843101944,2443,False,"q=8 continuation, leak 0.8",8,"a=0.8,lw=1.5,r=0.04,w=0.25; a=1,lw=0.8,r=0.025,w=0.25; a=1,lw=0.8,r=0.02,w=0.25"
five_level_weak_anharmonic,long_q8_leak08,0.03,static_only,0.0,0.0,51,0.9527513354061647,0.0005048866181298628,0.08618571287994192,0.0426503499228585,0.9999973945964844,0.00273887721577803,120,201.2562568599824,0.19730843101944,2443,False,"q=8 continuation, leak 0.8",8,"a=0.8,lw=1.5,r=0.04,w=0.25; a=1,lw=0.8,r=0.025,w=0.25; a=1,lw=0.8,r=0.02,w=0.25"
five_level_weak_anharmonic,long_q8_leak08,0.03,static_only,0.0,0.0,52,0.9533724960350178,8.216674840777483e-05,0.08120801622472729,0.05997834013660303,0.9999973346774915,0.00273887721577803,120,201.2562568599824,0.19730843101944,2443,False,"q=8 continuation, leak 0.8",8,"a=0.8,lw=1.5,r=0.04,w=0.25; a=1,lw=0.8,r=0.025,w=0.25; a=1,lw=0.8,r=0.02,w=0.25"
five_level_weak_anharmonic,long_q8_leak08,0.03,static_only,0.0,0.0,53,0.9274377284238142,0.00027241660220511665,0.08394293028233779,0.055106026273653574,0.9999974301309923,0.00273887721577803,120,201.2562568599824,0.19730843101944,2443,False,"q=8 continuation, leak 0.8",8,"a=0.8,lw=1.5,r=0.04,w=0.25; a=1,lw=0.8,r=0.025,w=0.25; a=1,lw=0.8,r=0.02,w=0.25"
five_level_weak_anharmonic,long_q8_leak08,0.03,static_only,0.0,0.0,54,0.9551872827311555,0.0014610281092917177,0.08908151409513176,0.03349644129503562,0.9999974919452077,0.00273887721577803,120,201.2562568599824,0.19730843101944,2443,False,"q=8 continuation, leak 0.8",8,"a=0.8,lw=1.5,r=0.04,w=0.25; a=1,lw=0.8,r=0.025,w=0.25; a=1,lw=0.8,r=0.02,w=0.25"
five_level_weak_anharmonic,long_q8_leak08,0.03,static_only,0.0,0.0,55,0.9681522605385149,0.0006845353966302703,0.08876949182730987,0.03519823641833287,0.9999975265157395,0.00273887721577803,120,201.2562568599824,0.19730843101944,2443,False,"q=8 continuation, leak 0.8",8,"a=0.8,lw=1.5,r=0.04,w=0.25; a=1,lw=0.8,r=0.025,w=0.25; a=1,lw=0.8,r=0.02,w=0.25"
five_level_weak_anharmonic,long_q8_leak08,0.03,static_only,0.0,0.0,56,0.9717931096975314,0.0012248830822757517,0.08541486331865777,0.02521410585378726,0.9999974171360068,0.00273887721577803,120,201.2562568599824,0.19730843101944,2443,False,"q=8 continuation, leak 0.8",8,"a=0.8,lw=1.5,r=0.04,w=0.25; a=1,lw=0.8,r=0.025,w=0.25; a=1,lw=0.8,r=0.02,w=0.25"
five_level_weak_anharmonic,long_q8_leak08,0.03,static_only,0.0,0.0,57,0.8122895399234088,0.00226648295270504,0.10467937449083586,0.143355084316702,0.9999979405614428,0.00273887721577803,120,201.2562568599824,0.19730843101944,2443,False,"q=8 continuation, leak 0.8",8,"a=0.8,lw=1.5,r=0.04,w=0.25; a=1,lw=0.8,r=0.025,w=0.25; a=1,lw=0.8,r=0.02,w=0.25"
five_level_weak_anharmonic,long_q8_leak08,0.03,static_only,0.0,0.0,58,0.9941953363700847,0.00023924821111243055,0.05755591474209276,0.00477157875909239,0.9999977868052798,0.00273887721577803,120,201.2562568599824,0.19730843101944,2443,False,"q=8 continuation, leak 0.8",8,"a=0.8,lw=1.5,r=0.04,w=0.25; a=1,lw=0.8,r=0.025,w=0.25; a=1,lw=0.8,r=0.02,w=0.25"
five_level_weak_anharmonic,long_q8_leak08,0.03,static_only,0.0,0.0,59,0.9292346525131162,0.0013068804540159462,0.09678493520289533,0.08053344835136711,0.9999972526989388,0.00273887721577803,120,201.2562568599824,0.19730843101944,2443,False,"q=8 continuation, leak 0.8",8,"a=0.8,lw=1.5,r=0.04,w=0.25; a=1,lw=0.8,r=0.025,w=0.25; a=1,lw=0.8,r=0.02,w=0.25"
five_level_weak_anharmonic,long_q8_leak08,0.03,deph_0.001,0.001,0.0,10,0.897780344120176,0.001341554903379505,0.08136542601902519,0.09125923995938205,0.986727651570687,0.00273887721577803,120,201.2562568599824,0.19730843101944,2443,False,"q=8 continuation, leak 0.8",8,"a=0.8,lw=1.5,r=0.04,w=0.25; a=1,lw=0.8,r=0.025,w=0.25; a=1,lw=0.8,r=0.02,w=0.25"
five_level_weak_anharmonic,long_q8_leak08,0.03,deph_0.001,0.001,0.0,11,0.9036687115410461,0.0030090760715637543,0.0848277159057772,0.09589749411198543,0.987092590042379,0.00273887721577803,120,201.2562568599824,0.19730843101944,2443,False,"q=8 continuation, leak 0.8",8,"a=0.8,lw=1.5,r=0.04,w=0.25; a=1,lw=0.8,r=0.025,w=0.25; a=1,lw=0.8,r=0.02,w=0.25"
five_level_weak_anharmonic,long_q8_leak08,0.03,deph_0.001,0.001,0.0,12,0.9348648187700537,0.0020056407053300473,0.06689441219208248,0.08731303390691345,0.9852557033506342,0.00273887721577803,120,201.2562568599824,0.19730843101944,2443,False,"q=8 continuation, leak 0.8",8,"a=0.8,lw=1.5,r=0.04,w=0.25; a=1,lw=0.8,r=0.025,w=0.25; a=1,lw=0.8,r=0.02,w=0.25"
five_level_weak_anharmonic,long_q8_leak08,0.03,deph_0.001,0.001,0.0,13,0.9005707053575452,0.0013889178869022079,0.08656102489908424,0.10251208976849348,0.9836441061443306,0.00273887721577803,120,201.2562568599824,0.19730843101944,2443,False,"q=8 continuation, leak 0.8",8,"a=0.8,lw=1.5,r=0.04,w=0.25; a=1,lw=0.8,r=0.025,w=0.25; a=1,lw=0.8,r=0.02,w=0.25"
five_level_weak_anharmonic,long_q8_leak08,0.03,deph_0.001,0.001,0.0,14,0.9261880494314287,0.0015115173684789873,0.07843200036503051,0.07245048996922572,0.9870936337047983,0.00273887721577803,120,201.2562568599824,0.19730843101944,2443,False,"q=8 continuation, leak 0.8",8,"a=0.8,lw=1.5,r=0.04,w=0.25; a=1,lw=0.8,r=0.025,w=0.25; a=1,lw=0.8,r=0.02,w=0.25"
five_level_weak_anharmonic,long_q8_leak08,0.03,deph_0.001,0.001,0.0,15,0.9706409183953886,0.0030979898882920187,0.09760122661339288,0.020556779696931024,0.987746041157931,0.00273887721577803,120,201.2562568599824,0.19730843101944,2443,False,"q=8 continuation, leak 0.8",8,"a=0.8,lw=1.5,r=0.04,w=0.25; a=1,lw=0.8,r=0.025,w=0.25; a=1,lw=0.8,r=0.02,w=0.25"
five_level_weak_anharmonic,long_q8_leak08,0.03,deph_0.001,0.001,0.0,16,0.9714287270625344,0.0034279454104232387,0.08980297959019268,0.038845634612183315,0.9878614173638041,0.00273887721577803,120,201.2562568599824,0.19730843101944,2443,False,"q=8 continuation, leak 0.8",8,"a=0.8,lw=1.5,r=0.04,w=0.25; a=1,lw=0.8,r=0.025,w=0.25; a=1,lw=0.8,r=0.02,w=0.25"
five_level_weak_anharmonic,long_q8_leak08,0.03,deph_0.001,0.001,0.0,17,0.8706219589856592,0.0014538605270103533,0.07126371201569748,0.09721253350023482,0.9842337807433743,0.00273887721577803,120,201.2562568599824,0.19730843101944,2443,False,"q=8 continuation, leak 0.8",8,"a=0.8,lw=1.5,r=0.04,w=0.25; a=1,lw=0.8,r=0.025,w=0.25; a=1,lw=0.8,r=0.02,w=0.25"
five_level_weak_anharmonic,long_q8_leak08,0.03,deph_0.001,0.001,0.0,18,0.9565650548815559,0.0018981512630915631,0.08296879450593586,0.0302651153419659,0.9875455793894357,0.00273887721577803,120,201.2562568599824,0.19730843101944,2443,False,"q=8 continuation, leak 0.8",8,"a=0.8,lw=1.5,r=0.04,w=0.25; a=1,lw=0.8,r=0.025,w=0.25; a=1,lw=0.8,r=0.02,w=0.25"
five_level_weak_anharmonic,long_q8_leak08,0.03,deph_0.001,0.001,0.0,19,0.9224894970567511,0.0015772014057411354,0.07699232494194652,0.09413407846228494,0.985301244460747,0.00273887721577803,120,201.2562568599824,0.19730843101944,2443,False,"q=8 continuation, leak 0.8",8,"a=0.8,lw=1.5,r=0.04,w=0.25; a=1,lw=0.8,r=0.025,w=0.25; a=1,lw=0.8,r=0.02,w=0.25"
five_level_weak_anharmonic,long_q8_leak08,0.03,deph_0.001,0.001,0.0,20,0.9058244696524937,0.0021463183911494266,0.07715718229844015,0.1041676716734724,0.9839167336448823,0.00273887721577803,120,201.2562568599824,0.19730843101944,2443,False,"q=8 continuation, leak 0.8",8,"a=0.8,lw=1.5,r=0.04,w=0.25; a=1,lw=0.8,r=0.025,w=0.25; a=1,lw=0.8,r=0.02,w=0.25"
five_level_weak_anharmonic,long_q8_leak08,0.03,deph_0.001,0.001,0.0,21,0.9712247643014527,0.0015992489911113017,0.06635915120620806,0.03840968013731069,0.9884043499040788,0.00273887721577803,120,201.2562568599824,0.19730843101944,2443,False,"q=8 continuation, leak 0.8",8,"a=0.8,lw=1.5,r=0.04,w=0.25; a=1,lw=0.8,r=0.025,w=0.25; a=1,lw=0.8,r=0.02,w=0.25"
five_level_weak_anharmonic,long_q8_leak08,0.03,deph_0.001,0.001,0.0,22,0.9335941849374366,0.0016619236992440056,0.08773417711973863,0.07158356956140595,0.9873910042650186,0.00273887721577803,120,201.2562568599824,0.19730843101944,2443,False,"q=8 continuation, leak 0.8",8,"a=0.8,lw=1.5,r=0.04,w=0.25; a=1,lw=0.8,r=0.025,w=0.25; a=1,lw=0.8,r=0.02,w=0.25"
five_level_weak_anharmonic,long_q8_leak08,0.03,deph_0.001,0.001,0.0,23,0.9887102511137523,0.0015843097489278701,0.07326905018534213,0.015620536132885271,0.9901217015241149,0.00273887721577803,120,201.2562568599824,0.19730843101944,2443,False,"q=8 continuation, leak 0.8",8,"a=0.8,lw=1.5,r=0.04,w=0.25; a=1,lw=0.8,r=0.025,w=0.25; a=1,lw=0.8,r=0.02,w=0.25"
five_level_weak_anharmonic,long_q8_leak08,0.03,deph_0.001,0.001,0.0,24,0.9572570201554508,0.0011377314702472052,0.06961824752005019,0.030659763535026387,0.9886636968953717,0.00273887721577803,120,201.2562568599824,0.19730843101944,2443,False,"q=8 continuation, leak 0.8",8,"a=0.8,lw=1.5,r=0.04,w=0.25; a=1,lw=0.8,r=0.025,w=0.25; a=1,lw=0.8,r=0.02,w=0.25"
five_level_weak_anharmonic,long_q8_leak08,0.03,deph_0.001,0.001,0.0,25,0.9627708162427812,0.0016902578782347355,0.07479357528026487,0.028272774289197347,0.9890960878489865,0.00273887721577803,120,201.2562568599824,0.19730843101944,2443,False,"q=8 continuation, leak 0.8",8,"a=0.8,lw=1.5,r=0.04,w=0.25; a=1,lw=0.8,r=0.025,w=0.25; a=1,lw=0.8,r=0.02,w=0.25"
five_level_weak_anharmonic,long_q8_leak08,0.03,deph_0.001,0.001,0.0,26,0.9872386292640117,0.0026398268540288594,0.08522368693170024,0.010099093862659236,0.9887524534716207,0.00273887721577803,120,201.2562568599824,0.19730843101944,2443,False,"q=8 continuation, leak 0.8",8,"a=0.8,lw=1.5,r=0.04,w=0.25; a=1,lw=0.8,r=0.025,w=0.25; a=1,lw=0.8,r=0.02,w=0.25"
five_level_weak_anharmonic,long_q8_leak08,0.03,deph_0.001,0.001,0.0,27,0.9275338727040338,0.0015406688601784513,0.06937189131413368,0.05371666422810595,0.9867209153881903,0.00273887721577803,120,201.2562568599824,0.19730843101944,2443,False,"q=8 continuation, leak 0.8",8,"a=0.8,lw=1.5,r=0.04,w=0.25; a=1,lw=0.8,r=0.025,w=0.25; a=1,lw=0.8,r=0.02,w=0.25"
five_level_weak_anharmonic,long_q8_leak08,0.03,deph_0.001,0.001,0.0,28,0.9431197437816844,0.0037419259480198086,0.07536455821974353,0.06491770072641687,0.9876564798044523,0.00273887721577803,120,201.2562568599824,0.19730843101944,2443,False,"q=8 continuation, leak 0.8",8,"a=0.8,lw=1.5,r=0.04,w=0.25; a=1,lw=0.8,r=0.025,w=0.25; a=1,lw=0.8,r=0.02,w=0.25"
five_level_weak_anharmonic,long_q8_leak08,0.03,deph_0.001,0.001,0.0,29,0.9808077956637294,0.0019844439735791086,0.06178416055996494,0.023670757717672207,0.9894894472090411,0.00273887721577803,120,201.2562568599824,0.19730843101944,2443,False,"q=8 continuation, leak 0.8",8,"a=0.8,lw=1.5,r=0.04,w=0.25; a=1,lw=0.8,r=0.025,w=0.25; a=1,lw=0.8,r=0.02,w=0.25"
five_level_weak_anharmonic,long_q8_leak08,0.03,deph_0.001,0.001,0.0,30,0.9549649169438261,0.00165515036823205,0.06941139492866777,0.03442271033912443,0.9876990004273881,0.00273887721577803,120,201.2562568599824,0.19730843101944,2443,False,"q=8 continuation, leak 0.8",8,"a=0.8,lw=1.5,r=0.04,w=0.25; a=1,lw=0.8,r=0.025,w=0.25; a=1,lw=0.8,r=0.02,w=0.25"
five_level_weak_anharmonic,long_q8_leak08,0.03,deph_0.001,0.001,0.0,31,0.9147594121906056,0.0027487571584349224,0.09596817117756284,0.08395982892824812,0.9874026377671793,0.00273887721577803,120,201.2562568599824,0.19730843101944,2443,False,"q=8 continuation, leak 0.8",8,"a=0.8,lw=1.5,r=0.04,w=0.25; a=1,lw=0.8,r=0.025,w=0.25; a=1,lw=0.8,r=0.02,w=0.25"
five_level_weak_anharmonic,long_q8_leak08,0.03,deph_0.001,0.001,0.0,32,0.9571443379883494,0.0014611271458268016,0.08335423407608455,0.044318373393509615,0.9892160354039938,0.00273887721577803,120,201.2562568599824,0.19730843101944,2443,False,"q=8 continuation, leak 0.8",8,"a=0.8,lw=1.5,r=0.04,w=0.25; a=1,lw=0.8,r=0.025,w=0.25; a=1,lw=0.8,r=0.02,w=0.25"
five_level_weak_anharmonic,long_q8_leak08,0.03,deph_0.001,0.001,0.0,33,0.9602394333944944,0.00173903736935066,0.08532310500795226,0.029396174668615566,0.986983683355748,0.00273887721577803,120,201.2562568599824,0.19730843101944,2443,False,"q=8 continuation, leak 0.8",8,"a=0.8,lw=1.5,r=0.04,w=0.25; a=1,lw=0.8,r=0.025,w=0.25; a=1,lw=0.8,r=0.02,w=0.25"
five_level_weak_anharmonic,long_q8_leak08,0.03,deph_0.001,0.001,0.0,34,0.9846577165418369,0.0028896168320841076,0.10094513486504342,0.012014056122199412,0.9879797392321091,0.00273887721577803,120,201.2562568599824,0.19730843101944,2443,False,"q=8 continuation, leak 0.8",8,"a=0.8,lw=1.5,r=0.04,w=0.25; a=1,lw=0.8,r=0.025,w=0.25; a=1,lw=0.8,r=0.02,w=0.25"
five_level_weak_anharmonic,long_q8_leak08,0.03,deph_0.001,0.001,0.0,35,0.8888191095877274,0.0028417502531736805,0.09603071876060376,0.1072224723387572,0.9827338512495828,0.00273887721577803,120,201.2562568599824,0.19730843101944,2443,False,"q=8 continuation, leak 0.8",8,"a=0.8,lw=1.5,r=0.04,w=0.25; a=1,lw=0.8,r=0.025,w=0.25; a=1,lw=0.8,r=0.02,w=0.25"
five_level_weak_anharmonic,long_q8_leak08,0.03,deph_0.001,0.001,0.0,36,0.9824540895779608,0.002100672873842635,0.06937110175533556,0.019646898914339017,0.990158722379994,0.00273887721577803,120,201.2562568599824,0.19730843101944,2443,False,"q=8 continuation, leak 0.8",8,"a=0.8,lw=1.5,r=0.04,w=0.25; a=1,lw=0.8,r=0.025,w=0.25; a=1,lw=0.8,r=0.02,w=0.25"
five_level_weak_anharmonic,long_q8_leak08,0.03,deph_0.001,0.001,0.0,37,0.7602039156766289,0.0015018267679506314,0.05941378888475768,0.18660286611730661,0.9804568053810754,0.00273887721577803,120,201.2562568599824,0.19730843101944,2443,False,"q=8 continuation, leak 0.8",8,"a=0.8,lw=1.5,r=0.04,w=0.25; a=1,lw=0.8,r=0.025,w=0.25; a=1,lw=0.8,r=0.02,w=0.25"
five_level_weak_anharmonic,long_q8_leak08,0.03,deph_0.001,0.001,0.0,38,0.9637756477485612,0.0018885743521029896,0.06258004236813108,0.036104316400840594,0.9877765806177232,0.00273887721577803,120,201.2562568599824,0.19730843101944,2443,False,"q=8 continuation, leak 0.8",8,"a=0.8,lw=1.5,r=0.04,w=0.25; a=1,lw=0.8,r=0.025,w=0.25; a=1,lw=0.8,r=0.02,w=0.25"
five_level_weak_anharmonic,long_q8_leak08,0.03,deph_0.001,0.001,0.0,39,0.9842202033752722,0.002316580534816315,0.08858889877163934,0.01324680421140621,0.9895841848834201,0.00273887721577803,120,201.2562568599824,0.19730843101944,2443,False,"q=8 continuation, leak 0.8",8,"a=0.8,lw=1.5,r=0.04,w=0.25; a=1,lw=0.8,r=0.025,w=0.25; a=1,lw=0.8,r=0.02,w=0.25"
five_level_weak_anharmonic,long_q8_leak08,0.03,deph_0.001,0.001,0.0,40,0.9852450553156354,0.001923318217469605,0.07410198894477082,0.01839993487455639,0.9889340094546976,0.00273887721577803,120,201.2562568599824,0.19730843101944,2443,False,"q=8 continuation, leak 0.8",8,"a=0.8,lw=1.5,r=0.04,w=0.25; a=1,lw=0.8,r=0.025,w=0.25; a=1,lw=0.8,r=0.02,w=0.25"
five_level_weak_anharmonic,long_q8_leak08,0.03,deph_0.001,0.001,0.0,41,0.9356509184381478,0.0018759657735500923,0.07893715894321485,0.07767601760205455,0.9855418890055668,0.00273887721577803,120,201.2562568599824,0.19730843101944,2443,False,"q=8 continuation, leak 0.8",8,"a=0.8,lw=1.5,r=0.04,w=0.25; a=1,lw=0.8,r=0.025,w=0.25; a=1,lw=0.8,r=0.02,w=0.25"
five_level_weak_anharmonic,long_q8_leak08,0.03,deph_0.001,0.001,0.0,42,0.9848290044256062,0.0017453110327163568,0.08278770818983172,0.01841173140565593,0.9891606155815962,0.00273887721577803,120,201.2562568599824,0.19730843101944,2443,False,"q=8 continuation, leak 0.8",8,"a=0.8,lw=1.5,r=0.04,w=0.25; a=1,lw=0.8,r=0.025,w=0.25; a=1,lw=0.8,r=0.02,w=0.25"
five_level_weak_anharmonic,long_q8_leak08,0.03,deph_0.001,0.001,0.0,43,0.958310352911368,0.001302203384606071,0.06648057833252596,0.028649658971185304,0.9897807076153708,0.00273887721577803,120,201.2562568599824,0.19730843101944,2443,False,"q=8 continuation, leak 0.8",8,"a=0.8,lw=1.5,r=0.04,w=0.25; a=1,lw=0.8,r=0.025,w=0.25; a=1,lw=0.8,r=0.02,w=0.25"
five_level_weak_anharmonic,long_q8_leak08,0.03,deph_0.001,0.001,0.0,44,0.9709135358493917,0.0016000271584329928,0.06643315006574091,0.03308461317259896,0.9884640947772139,0.00273887721577803,120,201.2562568599824,0.19730843101944,2443,False,"q=8 continuation, leak 0.8",8,"a=0.8,lw=1.5,r=0.04,w=0.25; a=1,lw=0.8,r=0.025,w=0.25; a=1,lw=0.8,r=0.02,w=0.25"
five_level_weak_anharmonic,long_q8_leak08,0.03,deph_0.001,0.001,0.0,45,0.9922076507574962,0.002158289536618452,0.08937711711929719,0.008814463446037006,0.9887615489785758,0.00273887721577803,120,201.2562568599824,0.19730843101944,2443,False,"q=8 continuation, leak 0.8",8,"a=0.8,lw=1.5,r=0.04,w=0.25; a=1,lw=0.8,r=0.025,w=0.25; a=1,lw=0.8,r=0.02,w=0.25"
five_level_weak_anharmonic,long_q8_leak08,0.03,deph_0.001,0.001,0.0,46,0.9678811280226912,0.0013540951822805791,0.06744761827060208,0.04182346171479319,0.9887434947134824,0.00273887721577803,120,201.2562568599824,0.19730843101944,2443,False,"q=8 continuation, leak 0.8",8,"a=0.8,lw=1.5,r=0.04,w=0.25; a=1,lw=0.8,r=0.025,w=0.25; a=1,lw=0.8,r=0.02,w=0.25"
five_level_weak_anharmonic,long_q8_leak08,0.03,deph_0.001,0.001,0.0,47,0.9776289512102838,0.0022616562081264613,0.060258304885331126,0.030794593166943246,0.988163180329113,0.00273887721577803,120,201.2562568599824,0.19730843101944,2443,False,"q=8 continuation, leak 0.8",8,"a=0.8,lw=1.5,r=0.04,w=0.25; a=1,lw=0.8,r=0.025,w=0.25; a=1,lw=0.8,r=0.02,w=0.25"
five_level_weak_anharmonic,long_q8_leak08,0.03,deph_0.001,0.001,0.0,48,0.8334660263894159,0.0016611484111253016,0.08032074413272006,0.15457896939589846,0.9852764675443205,0.00273887721577803,120,201.2562568599824,0.19730843101944,2443,False,"q=8 continuation, leak 0.8",8,"a=0.8,lw=1.5,r=0.04,w=0.25; a=1,lw=0.8,r=0.025,w=0.25; a=1,lw=0.8,r=0.02,w=0.25"
five_level_weak_anharmonic,long_q8_leak08,0.03,deph_0.001,0.001,0.0,49,0.9747605931157967,0.001789283891891591,0.08252312557681107,0.024007760243504685,0.9876340852971155,0.00273887721577803,120,201.2562568599824,0.19730843101944,2443,False,"q=8 continuation, leak 0.8",8,"a=0.8,lw=1.5,r=0.04,w=0.25; a=1,lw=0.8,r=0.025,w=0.25; a=1,lw=0.8,r=0.02,w=0.25"
five_level_weak_anharmonic,long_q8_leak08,0.03,deph_0.001,0.001,0.0,50,0.9334543372212489,0.002302776500357817,0.08433384675836075,0.04950877952861127,0.9864929872988298,0.00273887721577803,120,201.2562568599824,0.19730843101944,2443,False,"q=8 continuation, leak 0.8",8,"a=0.8,lw=1.5,r=0.04,w=0.25; a=1,lw=0.8,r=0.025,w=0.25; a=1,lw=0.8,r=0.02,w=0.25"
five_level_weak_anharmonic,long_q8_leak08,0.03,deph_0.001,0.001,0.0,51,0.9480004645795862,0.0019652797342257777,0.0864116007365131,0.04753537419592041,0.9859643643462623,0.00273887721577803,120,201.2562568599824,0.19730843101944,2443,False,"q=8 continuation, leak 0.8",8,"a=0.8,lw=1.5,r=0.04,w=0.25; a=1,lw=0.8,r=0.025,w=0.25; a=1,lw=0.8,r=0.02,w=0.25"
five_level_weak_anharmonic,long_q8_leak08,0.03,deph_0.001,0.001,0.0,52,0.9488337318889396,0.001397289083258424,0.08139715894437383,0.06418218973476641,0.98635865930389,0.00273887721577803,120,201.2562568599824,0.19730843101944,2443,False,"q=8 continuation, leak 0.8",8,"a=0.8,lw=1.5,r=0.04,w=0.25; a=1,lw=0.8,r=0.025,w=0.25; a=1,lw=0.8,r=0.02,w=0.25"
five_level_weak_anharmonic,long_q8_leak08,0.03,deph_0.001,0.001,0.0,53,0.9236579708730089,0.0014809384751213184,0.08411759999517754,0.0593035035367013,0.987632513556164,0.00273887721577803,120,201.2562568599824,0.19730843101944,2443,False,"q=8 continuation, leak 0.8",8,"a=0.8,lw=1.5,r=0.04,w=0.25; a=1,lw=0.8,r=0.025,w=0.25; a=1,lw=0.8,r=0.02,w=0.25"
five_level_weak_anharmonic,long_q8_leak08,0.03,deph_0.001,0.001,0.0,54,0.9505569632048173,0.0028951864158245355,0.08930082118278848,0.038319457803707484,0.9885227992281166,0.00273887721577803,120,201.2562568599824,0.19730843101944,2443,False,"q=8 continuation, leak 0.8",8,"a=0.8,lw=1.5,r=0.04,w=0.25; a=1,lw=0.8,r=0.025,w=0.25; a=1,lw=0.8,r=0.02,w=0.25"
five_level_weak_anharmonic,long_q8_leak08,0.03,deph_0.001,0.001,0.0,55,0.9629392541236823,0.0019806928327500417,0.08902927640005409,0.04030490847713772,0.9873045003871602,0.00273887721577803,120,201.2562568599824,0.19730843101944,2443,False,"q=8 continuation, leak 0.8",8,"a=0.8,lw=1.5,r=0.04,w=0.25; a=1,lw=0.8,r=0.025,w=0.25; a=1,lw=0.8,r=0.02,w=0.25"
five_level_weak_anharmonic,long_q8_leak08,0.03,deph_0.001,0.001,0.0,56,0.9671170985599772,0.0025469269516764648,0.0855276500647506,0.02991358300446989,0.9897124172075722,0.00273887721577803,120,201.2562568599824,0.19730843101944,2443,False,"q=8 continuation, leak 0.8",8,"a=0.8,lw=1.5,r=0.04,w=0.25; a=1,lw=0.8,r=0.025,w=0.25; a=1,lw=0.8,r=0.02,w=0.25"
five_level_weak_anharmonic,long_q8_leak08,0.03,deph_0.001,0.001,0.0,57,0.8096556485700179,0.003940716029654512,0.10494380407426407,0.14708780232500293,0.9801945348184188,0.00273887721577803,120,201.2562568599824,0.19730843101944,2443,False,"q=8 continuation, leak 0.8",8,"a=0.8,lw=1.5,r=0.04,w=0.25; a=1,lw=0.8,r=0.025,w=0.25; a=1,lw=0.8,r=0.02,w=0.25"
five_level_weak_anharmonic,long_q8_leak08,0.03,deph_0.001,0.001,0.0,58,0.9896022048512992,0.0010747454288405622,0.05775599371437368,0.0093949149713692,0.9907531441349962,0.00273887721577803,120,201.2562568599824,0.19730843101944,2443,False,"q=8 continuation, leak 0.8",8,"a=0.8,lw=1.5,r=0.04,w=0.25; a=1,lw=0.8,r=0.025,w=0.25; a=1,lw=0.8,r=0.02,w=0.25"
five_level_weak_anharmonic,long_q8_leak08,0.03,deph_0.001,0.001,0.0,59,0.9248763255792858,0.0028397921844525165,0.096994014060661,0.08453449166413776,0.9857106283856942,0.00273887721577803,120,201.2562568599824,0.19730843101944,2443,False,"q=8 continuation, leak 0.8",8,"a=0.8,lw=1.5,r=0.04,w=0.25; a=1,lw=0.8,r=0.025,w=0.25; a=1,lw=0.8,r=0.02,w=0.25"
five_level_weak_anharmonic,long_q8_leak08,0.03,relax_0.0005,0.0,0.0005,10,0.8826431904532672,0.00011979154035013373,0.0808372822404182,0.10368920852667976,0.9580337704782576,0.00273887721577803,120,201.2562568599824,0.19730843101944,2443,False,"q=8 continuation, leak 0.8",8,"a=0.8,lw=1.5,r=0.04,w=0.25; a=1,lw=0.8,r=0.025,w=0.25; a=1,lw=0.8,r=0.02,w=0.25"
five_level_weak_anharmonic,long_q8_leak08,0.03,relax_0.0005,0.0,0.0005,11,0.8883718476833328,0.001640768937100856,0.08421174295138256,0.10878751489813493,0.9563672035780209,0.00273887721577803,120,201.2562568599824,0.19730843101944,2443,False,"q=8 continuation, leak 0.8",8,"a=0.8,lw=1.5,r=0.04,w=0.25; a=1,lw=0.8,r=0.025,w=0.25; a=1,lw=0.8,r=0.02,w=0.25"
five_level_weak_anharmonic,long_q8_leak08,0.03,relax_0.0005,0.0,0.0005,12,0.9169785171771443,0.0009102305385307874,0.06644500736142755,0.1026197756947116,0.9588791571215132,0.00273887721577803,120,201.2562568599824,0.19730843101944,2443,False,"q=8 continuation, leak 0.8",8,"a=0.8,lw=1.5,r=0.04,w=0.25; a=1,lw=0.8,r=0.025,w=0.25; a=1,lw=0.8,r=0.02,w=0.25"
five_level_weak_anharmonic,long_q8_leak08,0.03,relax_0.0005,0.0,0.0005,13,0.8833221097237396,0.000178162559168471,0.08598696395889815,0.11695562734671623,0.9623685416044746,0.00273887721577803,120,201.2562568599824,0.19730843101944,2443,False,"q=8 continuation, leak 0.8",8,"a=0.8,lw=1.5,r=0.04,w=0.25; a=1,lw=0.8,r=0.025,w=0.25; a=1,lw=0.8,r=0.02,w=0.25"
five_level_weak_anharmonic,long_q8_leak08,0.03,relax_0.0005,0.0,0.0005,14,0.9090886760443744,0.0004936918608031693,0.07786141455499884,0.08658373624000637,0.9584014220671306,0.00273887721577803,120,201.2562568599824,0.19730843101944,2443,False,"q=8 continuation, leak 0.8",8,"a=0.8,lw=1.5,r=0.04,w=0.25; a=1,lw=0.8,r=0.025,w=0.25; a=1,lw=0.8,r=0.02,w=0.25"
five_level_weak_anharmonic,long_q8_leak08,0.03,relax_0.0005,0.0,0.0005,15,0.9520776409027624,0.0015019534662332745,0.0969839268194348,0.03587172544503949,0.9561333017362146,0.00273887721577803,120,201.2562568599824,0.19730843101944,2443,False,"q=8 continuation, leak 0.8",8,"a=0.8,lw=1.5,r=0.04,w=0.25; a=1,lw=0.8,r=0.025,w=0.25; a=1,lw=0.8,r=0.02,w=0.25"
five_level_weak_anharmonic,long_q8_leak08,0.03,relax_0.0005,0.0,0.0005,16,0.9546243253468294,0.0018567689602101423,0.08911185454186588,0.052806283320712195,0.9555255030340537,0.00273887721577803,120,201.2562568599824,0.19730843101944,2443,False,"q=8 continuation, leak 0.8",8,"a=0.8,lw=1.5,r=0.04,w=0.25; a=1,lw=0.8,r=0.025,w=0.25; a=1,lw=0.8,r=0.02,w=0.25"
five_level_weak_anharmonic,long_q8_leak08,0.03,relax_0.0005,0.0,0.0005,17,0.8513305912159296,0.00043799492257579065,0.07074803580609124,0.11324538606620982,0.9617082749423489,0.00273887721577803,120,201.2562568599824,0.19730843101944,2443,False,"q=8 continuation, leak 0.8",8,"a=0.8,lw=1.5,r=0.04,w=0.25; a=1,lw=0.8,r=0.025,w=0.25; a=1,lw=0.8,r=0.02,w=0.25"
five_level_weak_anharmonic,long_q8_leak08,0.03,relax_0.0005,0.0,0.0005,18,0.9376434492110368,0.000672910529734172,0.08243922505148948,0.04582628820140631,0.9572507556798372,0.00273887721577803,120,201.2562568599824,0.19730843101944,2443,False,"q=8 continuation, leak 0.8",8,"a=0.8,lw=1.5,r=0.04,w=0.25; a=1,lw=0.8,r=0.025,w=0.25; a=1,lw=0.8,r=0.02,w=0.25"
five_level_weak_anharmonic,long_q8_leak08,0.03,relax_0.0005,0.0,0.0005,19,0.9049031398937812,0.00034861062633262385,0.0764841867668693,0.10910489725354466,0.9584741826902058,0.00273887721577803,120,201.2562568599824,0.19730843101944,2443,False,"q=8 continuation, leak 0.8",8,"a=0.8,lw=1.5,r=0.04,w=0.25; a=1,lw=0.8,r=0.025,w=0.25; a=1,lw=0.8,r=0.02,w=0.25"
five_level_weak_anharmonic,long_q8_leak08,0.03,relax_0.0005,0.0,0.0005,20,0.8883510520670149,0.0007503420514578529,0.07651102548599376,0.11878740252454063,0.9597359498070853,0.00273887721577803,120,201.2562568599824,0.19730843101944,2443,False,"q=8 continuation, leak 0.8",8,"a=0.8,lw=1.5,r=0.04,w=0.25; a=1,lw=0.8,r=0.025,w=0.25; a=1,lw=0.8,r=0.02,w=0.25"
five_level_weak_anharmonic,long_q8_leak08,0.03,relax_0.0005,0.0,0.0005,21,0.9529525900935268,0.0006254781298467016,0.06586657593261847,0.05371431314795972,0.9557865396345753,0.00273887721577803,120,201.2562568599824,0.19730843101944,2443,False,"q=8 continuation, leak 0.8",8,"a=0.8,lw=1.5,r=0.04,w=0.25; a=1,lw=0.8,r=0.025,w=0.25; a=1,lw=0.8,r=0.02,w=0.25"
five_level_weak_anharmonic,long_q8_leak08,0.03,relax_0.0005,0.0,0.0005,22,0.9171856527128527,0.00036633998049562244,0.08717082164437384,0.08516567566524713,0.9562105972516067,0.00273887721577803,120,201.2562568599824,0.19730843101944,2443,False,"q=8 continuation, leak 0.8",8,"a=0.8,lw=1.5,r=0.04,w=0.25; a=1,lw=0.8,r=0.025,w=0.25; a=1,lw=0.8,r=0.02,w=0.25"
five_level_weak_anharmonic,long_q8_leak08,0.03,relax_0.0005,0.0,0.0005,23,0.9710651479443543,0.0005188863902674257,0.07275581533618691,0.030126692042738167,0.9545075049682192,0.00273887721577803,120,201.2562568599824,0.19730843101944,2443,False,"q=8 continuation, leak 0.8",8,"a=0.8,lw=1.5,r=0.04,w=0.25; a=1,lw=0.8,r=0.025,w=0.25; a=1,lw=0.8,r=0.02,w=0.25"
five_level_weak_anharmonic,long_q8_leak08,0.03,relax_0.0005,0.0,0.0005,24,0.9383151983428624,0.00013719014341440072,0.06908605066192319,0.04635435330644526,0.9568042298988652,0.00273887721577803,120,201.2562568599824,0.19730843101944,2443,False,"q=8 continuation, leak 0.8",8,"a=0.8,lw=1.5,r=0.04,w=0.25; a=1,lw=0.8,r=0.025,w=0.25; a=1,lw=0.8,r=0.02,w=0.25"
five_level_weak_anharmonic,long_q8_leak08,0.03,relax_0.0005,0.0,0.0005,25,0.9440484358089133,0.0006248953193989104,0.07425219934845073,0.04375974005772955,0.9558809075072018,0.00273887721577803,120,201.2562568599824,0.19730843101944,2443,False,"q=8 continuation, leak 0.8",8,"a=0.8,lw=1.5,r=0.04,w=0.25; a=1,lw=0.8,r=0.025,w=0.25; a=1,lw=0.8,r=0.02,w=0.25"
five_level_weak_anharmonic,long_q8_leak08,0.03,relax_0.0005,0.0,0.0005,26,0.9691759723064826,0.0012041359154348896,0.08461713151232164,0.024884868592842516,0.9557317867594907,0.00273887721577803,120,201.2562568599824,0.19730843101944,2443,False,"q=8 continuation, leak 0.8",8,"a=0.8,lw=1.5,r=0.04,w=0.25; a=1,lw=0.8,r=0.025,w=0.25; a=1,lw=0.8,r=0.02,w=0.25"
five_level_weak_anharmonic,long_q8_leak08,0.03,relax_0.0005,0.0,0.0005,27,0.9084157187602349,0.00046089365679913286,0.06880081441979458,0.06953502650629942,0.9586472742028626,0.00273887721577803,120,201.2562568599824,0.19730843101944,2443,False,"q=8 continuation, leak 0.8",8,"a=0.8,lw=1.5,r=0.04,w=0.25; a=1,lw=0.8,r=0.025,w=0.25; a=1,lw=0.8,r=0.02,w=0.25"
five_level_weak_anharmonic,long_q8_leak08,0.03,relax_0.0005,0.0,0.0005,28,0.9268401206951647,0.002454483474572444,0.07478822228263593,0.07831789556493651,0.9567333981723929,0.00273887721577803,120,201.2562568599824,0.19730843101944,2443,False,"q=8 continuation, leak 0.8",8,"a=0.8,lw=1.5,r=0.04,w=0.25; a=1,lw=0.8,r=0.025,w=0.25; a=1,lw=0.8,r=0.02,w=0.25"
five_level_weak_anharmonic,long_q8_leak08,0.03,relax_0.0005,0.0,0.0005,29,0.9628237615231189,0.000964088828112386,0.061271219225885076,0.03840368469423904,0.9560070754044643,0.00273887721577803,120,201.2562568599824,0.19730843101944,2443,False,"q=8 continuation, leak 0.8",8,"a=0.8,lw=1.5,r=0.04,w=0.25; a=1,lw=0.8,r=0.025,w=0.25; a=1,lw=0.8,r=0.02,w=0.25"
five_level_weak_anharmonic,long_q8_leak08,0.03,relax_0.0005,0.0,0.0005,30,0.9358754774365,0.0006776267602593977,0.06890057888056611,0.05027881613222279,0.958012445422396,0.00273887721577803,120,201.2562568599824,0.19730843101944,2443,False,"q=8 continuation, leak 0.8",8,"a=0.8,lw=1.5,r=0.04,w=0.25; a=1,lw=0.8,r=0.025,w=0.25; a=1,lw=0.8,r=0.02,w=0.25"
five_level_weak_anharmonic,long_q8_leak08,0.03,relax_0.0005,0.0,0.0005,31,0.8997959545821234,0.0012819662247667285,0.0952800787780641,0.09638741042414617,0.9563509741098448,0.00273887721577803,120,201.2562568599824,0.19730843101944,2443,False,"q=8 continuation, leak 0.8",8,"a=0.8,lw=1.5,r=0.04,w=0.25; a=1,lw=0.8,r=0.025,w=0.25; a=1,lw=0.8,r=0.02,w=0.25"
five_level_weak_anharmonic,long_q8_leak08,0.03,relax_0.0005,0.0,0.0005,32,0.9405732124877424,0.0002277087807692757,0.08280241346985662,0.0581808150117216,0.9545649766210089,0.00273887721577803,120,201.2562568599824,0.19730843101944,2443,False,"q=8 continuation, leak 0.8",8,"a=0.8,lw=1.5,r=0.04,w=0.25; a=1,lw=0.8,r=0.025,w=0.25; a=1,lw=0.8,r=0.02,w=0.25"
five_level_weak_anharmonic,long_q8_leak08,0.03,relax_0.0005,0.0,0.0005,33,0.942010969766931,0.0005242120616625323,0.08477645012213042,0.04449870752679235,0.9577156056879569,0.00273887721577803,120,201.2562568599824,0.19730843101944,2443,False,"q=8 continuation, leak 0.8",8,"a=0.8,lw=1.5,r=0.04,w=0.25; a=1,lw=0.8,r=0.025,w=0.25; a=1,lw=0.8,r=0.02,w=0.25"
five_level_weak_anharmonic,long_q8_leak08,0.03,relax_0.0005,0.0,0.0005,34,0.9671242911979002,0.0011644286276294435,0.10019503380866224,0.02631854893788174,0.9558786402106182,0.00273887721577803,120,201.2562568599824,0.19730843101944,2443,False,"q=8 continuation, leak 0.8",8,"a=0.8,lw=1.5,r=0.04,w=0.25; a=1,lw=0.8,r=0.025,w=0.25; a=1,lw=0.8,r=0.02,w=0.25"
five_level_weak_anharmonic,long_q8_leak08,0.03,relax_0.0005,0.0,0.0005,35,0.8711592823612193,0.0012259716147609012,0.09531939387260902,0.12187243951425096,0.9605562410920029,0.00273887721577803,120,201.2562568599824,0.19730843101944,2443,False,"q=8 continuation, leak 0.8",8,"a=0.8,lw=1.5,r=0.04,w=0.25; a=1,lw=0.8,r=0.025,w=0.25; a=1,lw=0.8,r=0.02,w=0.25"
five_level_weak_anharmonic,long_q8_leak08,0.03,relax_0.0005,0.0,0.0005,36,0.9652818888621195,0.000975411847078389,0.06881430315431536,0.03398482413573165,0.9544859314525439,0.00273887721577803,120,201.2562568599824,0.19730843101944,2443,False,"q=8 continuation, leak 0.8",8,"a=0.8,lw=1.5,r=0.04,w=0.25; a=1,lw=0.8,r=0.025,w=0.25; a=1,lw=0.8,r=0.02,w=0.25"
five_level_weak_anharmonic,long_q8_leak08,0.03,relax_0.0005,0.0,0.0005,37,0.7417535916150199,0.0006613887279165453,0.058945614112919986,0.20222316940204346,0.9669768295453542,0.00273887721577803,120,201.2562568599824,0.19730843101944,2443,False,"q=8 continuation, leak 0.8",8,"a=0.8,lw=1.5,r=0.04,w=0.25; a=1,lw=0.8,r=0.025,w=0.25; a=1,lw=0.8,r=0.02,w=0.25"
five_level_weak_anharmonic,long_q8_leak08,0.03,relax_0.0005,0.0,0.0005,38,0.9453090197790506,0.0010190497380573316,0.06209700986002886,0.051502725180441196,0.957858239792329,0.00273887721577803,120,201.2562568599824,0.19730843101944,2443,False,"q=8 continuation, leak 0.8",8,"a=0.8,lw=1.5,r=0.04,w=0.25; a=1,lw=0.8,r=0.025,w=0.25; a=1,lw=0.8,r=0.02,w=0.25"
five_level_weak_anharmonic,long_q8_leak08,0.03,relax_0.0005,0.0,0.0005,39,0.9663279685793092,0.0009902441042486387,0.08804912692415368,0.02800144638069789,0.9547855462842418,0.00273887721577803,120,201.2562568599824,0.19730843101944,2443,False,"q=8 continuation, leak 0.8",8,"a=0.8,lw=1.5,r=0.04,w=0.25; a=1,lw=0.8,r=0.025,w=0.25; a=1,lw=0.8,r=0.02,w=0.25"
five_level_weak_anharmonic,long_q8_leak08,0.03,relax_0.0005,0.0,0.0005,40,0.9669858001024869,0.0007483181061684885,0.07360377127706097,0.03346129947582078,0.955467336085829,0.00273887721577803,120,201.2562568599824,0.19730843101944,2443,False,"q=8 continuation, leak 0.8",8,"a=0.8,lw=1.5,r=0.04,w=0.25; a=1,lw=0.8,r=0.025,w=0.25; a=1,lw=0.8,r=0.02,w=0.25"
five_level_weak_anharmonic,long_q8_leak08,0.03,relax_0.0005,0.0,0.0005,41,0.9178533502605393,0.0006004281444822457,0.0784251037027448,0.0926483487047234,0.9576084804769136,0.00273887721577803,120,201.2562568599824,0.19730843101944,2443,False,"q=8 continuation, leak 0.8",8,"a=0.8,lw=1.5,r=0.04,w=0.25; a=1,lw=0.8,r=0.025,w=0.25; a=1,lw=0.8,r=0.02,w=0.25"
five_level_weak_anharmonic,long_q8_leak08,0.03,relax_0.0005,0.0,0.0005,42,0.96827257693911,0.0003742523118781538,0.08209941203606186,0.03189621294714521,0.9553177148408621,0.00273887721577803,120,201.2562568599824,0.19730843101944,2443,False,"q=8 continuation, leak 0.8",8,"a=0.8,lw=1.5,r=0.04,w=0.25; a=1,lw=0.8,r=0.025,w=0.25; a=1,lw=0.8,r=0.02,w=0.25"
five_level_weak_anharmonic,long_q8_leak08,0.03,relax_0.0005,0.0,0.0005,43,0.9398893043640116,0.00037803668624192266,0.06598558087213968,0.04403899933834476,0.9552268868948518,0.00273887721577803,120,201.2562568599824,0.19730843101944,2443,False,"q=8 continuation, leak 0.8",8,"a=0.8,lw=1.5,r=0.04,w=0.25; a=1,lw=0.8,r=0.025,w=0.25; a=1,lw=0.8,r=0.02,w=0.25"
five_level_weak_anharmonic,long_q8_leak08,0.03,relax_0.0005,0.0,0.0005,44,0.9549390313704416,0.0007138633293033436,0.06592944469844553,0.04630437981140641,0.9576818605390824,0.00273887721577803,120,201.2562568599824,0.19730843101944,2443,False,"q=8 continuation, leak 0.8",8,"a=0.8,lw=1.5,r=0.04,w=0.25; a=1,lw=0.8,r=0.025,w=0.25; a=1,lw=0.8,r=0.02,w=0.25"
five_level_weak_anharmonic,long_q8_leak08,0.03,relax_0.0005,0.0,0.0005,45,0.9748771050867772,0.0006360778687138913,0.08875254223773488,0.022961701248901067,0.9557724274049499,0.00273887721577803,120,201.2562568599824,0.19730843101944,2443,False,"q=8 continuation, leak 0.8",8,"a=0.8,lw=1.5,r=0.04,w=0.25; a=1,lw=0.8,r=0.025,w=0.25; a=1,lw=0.8,r=0.02,w=0.25"
five_level_weak_anharmonic,long_q8_leak08,0.03,relax_0.0005,0.0,0.0005,46,0.9502420172552223,0.00035188755645643166,0.0669786883177379,0.05695796793689453,0.9552135132455629,0.00273887721577803,120,201.2562568599824,0.19730843101944,2443,False,"q=8 continuation, leak 0.8",8,"a=0.8,lw=1.5,r=0.04,w=0.25; a=1,lw=0.8,r=0.025,w=0.25; a=1,lw=0.8,r=0.02,w=0.25"
five_level_weak_anharmonic,long_q8_leak08,0.03,relax_0.0005,0.0,0.0005,47,0.9590492580986711,0.0013642033755751903,0.0597828864090042,0.046466399259501044,0.956222697582051,0.00273887721577803,120,201.2562568599824,0.19730843101944,2443,False,"q=8 continuation, leak 0.8",8,"a=0.8,lw=1.5,r=0.04,w=0.25; a=1,lw=0.8,r=0.025,w=0.25; a=1,lw=0.8,r=0.02,w=0.25"
five_level_weak_anharmonic,long_q8_leak08,0.03,relax_0.0005,0.0,0.0005,48,0.8183126420833348,0.00040118870647976035,0.07981498968809408,0.16777956761170829,0.9584965458073768,0.00273887721577803,120,201.2562568599824,0.19730843101944,2443,False,"q=8 continuation, leak 0.8",8,"a=0.8,lw=1.5,r=0.04,w=0.25; a=1,lw=0.8,r=0.025,w=0.25; a=1,lw=0.8,r=0.02,w=0.25"
five_level_weak_anharmonic,long_q8_leak08,0.03,relax_0.0005,0.0,0.0005,49,0.9562086904354908,0.0005352582334733347,0.08195732359684027,0.039475109931022205,0.9564369144323951,0.00273887721577803,120,201.2562568599824,0.19730843101944,2443,False,"q=8 continuation, leak 0.8",8,"a=0.8,lw=1.5,r=0.04,w=0.25; a=1,lw=0.8,r=0.025,w=0.25; a=1,lw=0.8,r=0.02,w=0.25"
five_level_weak_anharmonic,long_q8_leak08,0.03,relax_0.0005,0.0,0.0005,50,0.9145645312199061,0.0010326088007205358,0.08370022059196958,0.06506679497998645,0.9587655700333565,0.00273887721577803,120,201.2562568599824,0.19730843101944,2443,False,"q=8 continuation, leak 0.8",8,"a=0.8,lw=1.5,r=0.04,w=0.25; a=1,lw=0.8,r=0.025,w=0.25; a=1,lw=0.8,r=0.02,w=0.25"
five_level_weak_anharmonic,long_q8_leak08,0.03,relax_0.0005,0.0,0.0005,51,0.9297039478520657,0.0004961390445697988,0.08579618145459067,0.0626796011431924,0.9572150662606309,0.00273887721577803,120,201.2562568599824,0.19730843101944,2443,False,"q=8 continuation, leak 0.8",8,"a=0.8,lw=1.5,r=0.04,w=0.25; a=1,lw=0.8,r=0.025,w=0.25; a=1,lw=0.8,r=0.02,w=0.25"
five_level_weak_anharmonic,long_q8_leak08,0.03,relax_0.0005,0.0,0.0005,52,0.9310665416553701,0.00012605143384480932,0.08085213143666214,0.07912303184986279,0.9571166424051496,0.00273887721577803,120,201.2562568599824,0.19730843101944,2443,False,"q=8 continuation, leak 0.8",8,"a=0.8,lw=1.5,r=0.04,w=0.25; a=1,lw=0.8,r=0.025,w=0.25; a=1,lw=0.8,r=0.02,w=0.25"
five_level_weak_anharmonic,long_q8_leak08,0.03,relax_0.0005,0.0,0.0005,53,0.9050059168851281,0.0002888546703555539,0.08355951999009159,0.07481909779051857,0.9570763054789442,0.00273887721577803,120,201.2562568599824,0.19730843101944,2443,False,"q=8 continuation, leak 0.8",8,"a=0.8,lw=1.5,r=0.04,w=0.25; a=1,lw=0.8,r=0.025,w=0.25; a=1,lw=0.8,r=0.02,w=0.25"
five_level_weak_anharmonic,long_q8_leak08,0.03,relax_0.0005,0.0,0.0005,54,0.9329798552445578,0.0014423875355709104,0.0886641888701385,0.05289260275680705,0.9557166141066513,0.00273887721577803,120,201.2562568599824,0.19730843101944,2443,False,"q=8 continuation, leak 0.8",8,"a=0.8,lw=1.5,r=0.04,w=0.25; a=1,lw=0.8,r=0.025,w=0.25; a=1,lw=0.8,r=0.02,w=0.25"
five_level_weak_anharmonic,long_q8_leak08,0.03,relax_0.0005,0.0,0.0005,55,0.9468043424138842,0.000670155820784224,0.08835202829990685,0.053579421316180084,0.9581839604588974,0.00273887721577803,120,201.2562568599824,0.19730843101944,2443,False,"q=8 continuation, leak 0.8",8,"a=0.8,lw=1.5,r=0.04,w=0.25; a=1,lw=0.8,r=0.025,w=0.25; a=1,lw=0.8,r=0.02,w=0.25"
five_level_weak_anharmonic,long_q8_leak08,0.03,relax_0.0005,0.0,0.0005,56,0.949671859328771,0.0012721317170361068,0.08502143130693329,0.0444557978740036,0.9540750083596328,0.00273887721577803,120,201.2562568599824,0.19730843101944,2443,False,"q=8 continuation, leak 0.8",8,"a=0.8,lw=1.5,r=0.04,w=0.25; a=1,lw=0.8,r=0.025,w=0.25; a=1,lw=0.8,r=0.02,w=0.25"
five_level_weak_anharmonic,long_q8_leak08,0.03,relax_0.0005,0.0,0.0005,57,0.7913792557178394,0.0022077271152491917,0.10417140966561511,0.16231406711148175,0.9640206870374844,0.00273887721577803,120,201.2562568599824,0.19730843101944,2443,False,"q=8 continuation, leak 0.8",8,"a=0.8,lw=1.5,r=0.04,w=0.25; a=1,lw=0.8,r=0.025,w=0.25; a=1,lw=0.8,r=0.02,w=0.25"
five_level_weak_anharmonic,long_q8_leak08,0.03,relax_0.0005,0.0,0.0005,58,0.9711944686409835,0.0002493049154090876,0.05729983273910322,0.024790616813434575,0.9543894051793196,0.00273887721577803,120,201.2562568599824,0.19730843101944,2443,False,"q=8 continuation, leak 0.8",8,"a=0.8,lw=1.5,r=0.04,w=0.25; a=1,lw=0.8,r=0.025,w=0.25; a=1,lw=0.8,r=0.02,w=0.25"
five_level_weak_anharmonic,long_q8_leak08,0.03,relax_0.0005,0.0,0.0005,59,0.9085744357436487,0.0012574273476186892,0.09634618118035265,0.09849849403933035,0.9569820137675397,0.00273887721577803,120,201.2562568599824,0.19730843101944,2443,False,"q=8 continuation, leak 0.8",8,"a=0.8,lw=1.5,r=0.04,w=0.25; a=1,lw=0.8,r=0.025,w=0.25; a=1,lw=0.8,r=0.02,w=0.25"
five_level_weak_anharmonic,long_q8_leak08,0.03,combined,0.001,0.0005,10,0.8790947937825819,0.0012951560855587463,0.08101117884840559,0.1075287475796457,0.9456510173775711,0.00273887721577803,120,201.2562568599824,0.19730843101944,2443,False,"q=8 continuation, leak 0.8",8,"a=0.8,lw=1.5,r=0.04,w=0.25; a=1,lw=0.8,r=0.025,w=0.25; a=1,lw=0.8,r=0.02,w=0.25"
five_level_weak_anharmonic,long_q8_leak08,0.03,combined,0.001,0.0005,11,0.8846811936919438,0.0029071963227040865,0.08445321017811924,0.11239044971759217,0.9444000583602584,0.00273887721577803,120,201.2562568599824,0.19730843101944,2443,False,"q=8 continuation, leak 0.8",8,"a=0.8,lw=1.5,r=0.04,w=0.25; a=1,lw=0.8,r=0.025,w=0.25; a=1,lw=0.8,r=0.02,w=0.25"
five_level_weak_anharmonic,long_q8_leak08,0.03,combined,0.001,0.0005,12,0.9127972718694196,0.0019562377433154365,0.06659843760714623,0.10624612323876295,0.9449285184478009,0.00273887721577803,120,201.2562568599824,0.19730843101944,2443,False,"q=8 continuation, leak 0.8",8,"a=0.8,lw=1.5,r=0.04,w=0.25; a=1,lw=0.8,r=0.025,w=0.25; a=1,lw=0.8,r=0.02,w=0.25"
five_level_weak_anharmonic,long_q8_leak08,0.03,combined,0.001,0.0005,13,0.8793515266141299,0.0013422113820398263,0.086158912834152,0.12087745767428942,0.9467727189157656,0.00273887721577803,120,201.2562568599824,0.19730843101944,2443,False,"q=8 continuation, leak 0.8",8,"a=0.8,lw=1.5,r=0.04,w=0.25; a=1,lw=0.8,r=0.025,w=0.25; a=1,lw=0.8,r=0.02,w=0.25"
five_level_weak_anharmonic,long_q8_leak08,0.03,combined,0.001,0.0005,14,0.9052670656936619,0.0014604459471811992,0.07807221183590474,0.09051884245198966,0.9462620430138382,0.00273887721577803,120,201.2562568599824,0.19730843101944,2443,False,"q=8 continuation, leak 0.8",8,"a=0.8,lw=1.5,r=0.04,w=0.25; a=1,lw=0.8,r=0.025,w=0.25; a=1,lw=0.8,r=0.02,w=0.25"
five_level_weak_anharmonic,long_q8_leak08,0.03,combined,0.001,0.0005,15,0.9472048550625675,0.0030272812450984343,0.09716704411271126,0.040982665887681936,0.9446516419906625,0.00273887721577803,120,201.2562568599824,0.19730843101944,2443,False,"q=8 continuation, leak 0.8",8,"a=0.8,lw=1.5,r=0.04,w=0.25; a=1,lw=0.8,r=0.025,w=0.25; a=1,lw=0.8,r=0.02,w=0.25"
five_level_weak_anharmonic,long_q8_leak08,0.03,combined,0.001,0.0005,16,0.9497129851407977,0.003298360401926881,0.0893792279443888,0.05744102733321507,0.9442575892712523,0.00273887721577803,120,201.2562568599824,0.19730843101944,2443,False,"q=8 continuation, leak 0.8",8,"a=0.8,lw=1.5,r=0.04,w=0.25; a=1,lw=0.8,r=0.025,w=0.25; a=1,lw=0.8,r=0.02,w=0.25"
five_level_weak_anharmonic,long_q8_leak08,0.03,combined,0.001,0.0005,17,0.8485536550915733,0.0014176335920610406,0.07094268180063423,0.11693135861113879,0.9466329014857536,0.00273887721577803,120,201.2562568599824,0.19730843101944,2443,False,"q=8 continuation, leak 0.8",8,"a=0.8,lw=1.5,r=0.04,w=0.25; a=1,lw=0.8,r=0.025,w=0.25; a=1,lw=0.8,r=0.02,w=0.25"
five_level_weak_anharmonic,long_q8_leak08,0.03,combined,0.001,0.0005,18,0.9332971129642746,0.0018422901090016097,0.0825952305864569,0.05059732040847481,0.9455083823395706,0.00273887721577803,120,201.2562568599824,0.19730843101944,2443,False,"q=8 continuation, leak 0.8",8,"a=0.8,lw=1.5,r=0.04,w=0.25; a=1,lw=0.8,r=0.025,w=0.25; a=1,lw=0.8,r=0.02,w=0.25"
five_level_weak_anharmonic,long_q8_leak08,0.03,combined,0.001,0.0005,19,0.9010179326900009,0.0015134474940801113,0.07664928278582706,0.11258871532937449,0.9446182960354402,0.00273887721577803,120,201.2562568599824,0.19730843101944,2443,False,"q=8 continuation, leak 0.8",8,"a=0.8,lw=1.5,r=0.04,w=0.25; a=1,lw=0.8,r=0.025,w=0.25; a=1,lw=0.8,r=0.02,w=0.25"
five_level_weak_anharmonic,long_q8_leak08,0.03,combined,0.001,0.0005,20,0.8845836173069029,0.0020560970791344557,0.07678969024532933,0.12236896063389255,0.9445299070816162,0.00273887721577803,120,201.2562568599824,0.19730843101944,2443,False,"q=8 continuation, leak 0.8",8,"a=0.8,lw=1.5,r=0.04,w=0.25; a=1,lw=0.8,r=0.025,w=0.25; a=1,lw=0.8,r=0.02,w=0.25"
five_level_weak_anharmonic,long_q8_leak08,0.03,combined,0.001,0.0005,21,0.9485446520620958,0.001551785309482634,0.06606241990522799,0.05792457832480801,0.9449376651449946,0.00273887721577803,120,201.2562568599824,0.19730843101944,2443,False,"q=8 continuation, leak 0.8",8,"a=0.8,lw=1.5,r=0.04,w=0.25; a=1,lw=0.8,r=0.025,w=0.25; a=1,lw=0.8,r=0.02,w=0.25"
five_level_weak_anharmonic,long_q8_leak08,0.03,combined,0.001,0.0005,22,0.9131322572089717,0.0015982534157287231,0.08734638891212743,0.0891447924497611,0.9444976585690871,0.00273887721577803,120,201.2562568599824,0.19730843101944,2443,False,"q=8 continuation, leak 0.8",8,"a=0.8,lw=1.5,r=0.04,w=0.25; a=1,lw=0.8,r=0.025,w=0.25; a=1,lw=0.8,r=0.02,w=0.25"
five_level_weak_anharmonic,long_q8_leak08,0.03,combined,0.001,0.0005,23,0.966344671808326,0.001538486997815558,0.07293723247940398,0.0348388612381507,0.9453766020507278,0.00273887721577803,120,201.2562568599824,0.19730843101944,2443,False,"q=8 continuation, leak 0.8",8,"a=0.8,lw=1.5,r=0.04,w=0.25; a=1,lw=0.8,r=0.025,w=0.25; a=1,lw=0.8,r=0.02,w=0.25"
five_level_weak_anharmonic,long_q8_leak08,0.03,combined,0.001,0.0005,24,0.9342853572534012,0.0010971661684411327,0.06931612810353172,0.050754506654732356,0.9461229518201276,0.00273887721577803,120,201.2562568599824,0.19730843101944,2443,False,"q=8 continuation, leak 0.8",8,"a=0.8,lw=1.5,r=0.04,w=0.25; a=1,lw=0.8,r=0.025,w=0.25; a=1,lw=0.8,r=0.02,w=0.25"
five_level_weak_anharmonic,long_q8_leak08,0.03,combined,0.001,0.0005,25,0.939863225301529,0.0016403404974540958,0.07446439212002143,0.048215553817974134,0.9456722090528696,0.00273887721577803,120,201.2562568599824,0.19730843101944,2443,False,"q=8 continuation, leak 0.8",8,"a=0.8,lw=1.5,r=0.04,w=0.25; a=1,lw=0.8,r=0.025,w=0.25; a=1,lw=0.8,r=0.02,w=0.25"
five_level_weak_anharmonic,long_q8_leak08,0.03,combined,0.001,0.0005,26,0.9641104755391116,0.0025451991866649593,0.08482989395090024,0.030069164813433632,0.9452347157777735,0.00273887721577803,120,201.2562568599824,0.19730843101944,2443,False,"q=8 continuation, leak 0.8",8,"a=0.8,lw=1.5,r=0.04,w=0.25; a=1,lw=0.8,r=0.025,w=0.25; a=1,lw=0.8,r=0.02,w=0.25"
five_level_weak_anharmonic,long_q8_leak08,0.03,combined,0.001,0.0005,27,0.9046982088068841,0.001500488150898871,0.06905129459361992,0.0738121948653288,0.9460457154260734,0.00273887721577803,120,201.2562568599824,0.19730843101944,2443,False,"q=8 continuation, leak 0.8",8,"a=0.8,lw=1.5,r=0.04,w=0.25; a=1,lw=0.8,r=0.025,w=0.25; a=1,lw=0.8,r=0.02,w=0.25"
five_level_weak_anharmonic,long_q8_leak08,0.03,combined,0.001,0.0005,28,0.922652557974741,0.0036195801854811416,0.0750300245472808,0.0823542230613758,0.9452336144620865,0.00273887721577803,120,201.2562568599824,0.19730843101944,2443,False,"q=8 continuation, leak 0.8",8,"a=0.8,lw=1.5,r=0.04,w=0.25; a=1,lw=0.8,r=0.025,w=0.25; a=1,lw=0.8,r=0.02,w=0.25"
five_level_weak_anharmonic,long_q8_leak08,0.03,combined,0.001,0.0005,29,0.9583161636347082,0.0019428216998180758,0.06149936503193565,0.04293060077906671,0.9461897464439181,0.00273887721577803,120,201.2562568599824,0.19730843101944,2443,False,"q=8 continuation, leak 0.8",8,"a=0.8,lw=1.5,r=0.04,w=0.25; a=1,lw=0.8,r=0.025,w=0.25; a=1,lw=0.8,r=0.02,w=0.25"
five_level_weak_anharmonic,long_q8_leak08,0.03,combined,0.001,0.0005,30,0.9317633906729836,0.0016005277005711749,0.06910776439397304,0.05473963332557683,0.9463522380611639,0.00273887721577803,120,201.2562568599824,0.19730843101944,2443,False,"q=8 continuation, leak 0.8",8,"a=0.8,lw=1.5,r=0.04,w=0.25; a=1,lw=0.8,r=0.025,w=0.25; a=1,lw=0.8,r=0.02,w=0.25"
five_level_weak_anharmonic,long_q8_leak08,0.03,combined,0.001,0.0005,31,0.8957870297359679,0.002634732270531792,0.09553529246274761,0.10039547915673191,0.9447008309141265,0.00273887721577803,120,201.2562568599824,0.19730843101944,2443,False,"q=8 continuation, leak 0.8",8,"a=0.8,lw=1.5,r=0.04,w=0.25; a=1,lw=0.8,r=0.025,w=0.25; a=1,lw=0.8,r=0.02,w=0.25"
five_level_weak_anharmonic,long_q8_leak08,0.03,combined,0.001,0.0005,32,0.9361089073669815,0.0014258631618330186,0.08299753331766313,0.0625499409221312,0.9446183597357951,0.00273887721577803,120,201.2562568599824,0.19730843101944,2443,False,"q=8 continuation, leak 0.8",8,"a=0.8,lw=1.5,r=0.04,w=0.25; a=1,lw=0.8,r=0.025,w=0.25; a=1,lw=0.8,r=0.02,w=0.25"
five_level_weak_anharmonic,long_q8_leak08,0.03,combined,0.001,0.0005,33,0.9373443020994017,0.0016782748985674223,0.08492842759805308,0.04951465831466204,0.945429957998517,0.00273887721577803,120,201.2562568599824,0.19730843101944,2443,False,"q=8 continuation, leak 0.8",8,"a=0.8,lw=1.5,r=0.04,w=0.25; a=1,lw=0.8,r=0.025,w=0.25; a=1,lw=0.8,r=0.02,w=0.25"
five_level_weak_anharmonic,long_q8_leak08,0.03,combined,0.001,0.0005,34,0.9616897991682057,0.002776821580932176,0.10044574855590183,0.03188565849352285,0.9446795393219563,0.00273887721577803,120,201.2562568599824,0.19730843101944,2443,False,"q=8 continuation, leak 0.8",8,"a=0.8,lw=1.5,r=0.04,w=0.25; a=1,lw=0.8,r=0.025,w=0.25; a=1,lw=0.8,r=0.02,w=0.25"
five_level_weak_anharmonic,long_q8_leak08,0.03,combined,0.001,0.0005,35,0.8674850143786245,0.002717143139947198,0.09556869512002186,0.1257113868855637,0.9441996370989206,0.00273887721577803,120,201.2562568599824,0.19730843101944,2443,False,"q=8 continuation, leak 0.8",8,"a=0.8,lw=1.5,r=0.04,w=0.25; a=1,lw=0.8,r=0.025,w=0.25; a=1,lw=0.8,r=0.02,w=0.25"
five_level_weak_anharmonic,long_q8_leak08,0.03,combined,0.001,0.0005,36,0.9605653722473201,0.0020281715752001883,0.06905767662202567,0.03863926218128743,0.9453890460697207,0.00273887721577803,120,201.2562568599824,0.19730843101944,2443,False,"q=8 continuation, leak 0.8",8,"a=0.8,lw=1.5,r=0.04,w=0.25; a=1,lw=0.8,r=0.025,w=0.25; a=1,lw=0.8,r=0.02,w=0.25"
five_level_weak_anharmonic,long_q8_leak08,0.03,combined,0.001,0.0005,37,0.7405722031972983,0.0014657682114928017,0.059148611228201586,0.20474746699371013,0.9481475097938054,0.00273887721577803,120,201.2562568599824,0.19730843101944,2443,False,"q=8 continuation, leak 0.8",8,"a=0.8,lw=1.5,r=0.04,w=0.25; a=1,lw=0.8,r=0.025,w=0.25; a=1,lw=0.8,r=0.02,w=0.25"
five_level_weak_anharmonic,long_q8_leak08,0.03,combined,0.001,0.0005,38,0.9409924125478594,0.0018203686725217771,0.0622898862551694,0.05592128314088596,0.9462968504304331,0.00273887721577803,120,201.2562568599824,0.19730843101944,2443,False,"q=8 continuation, leak 0.8",8,"a=0.8,lw=1.5,r=0.04,w=0.25; a=1,lw=0.8,r=0.025,w=0.25; a=1,lw=0.8,r=0.02,w=0.25"
five_level_weak_anharmonic,long_q8_leak08,0.03,combined,0.001,0.0005,39,0.9614336535851473,0.002278071545992244,0.088212535390367,0.032985803122330126,0.9451165347354225,0.00273887721577803,120,201.2562568599824,0.19730843101944,2443,False,"q=8 continuation, leak 0.8",8,"a=0.8,lw=1.5,r=0.04,w=0.25; a=1,lw=0.8,r=0.025,w=0.25; a=1,lw=0.8,r=0.02,w=0.25"
five_level_weak_anharmonic,long_q8_leak08,0.03,combined,0.001,0.0005,40,0.9621802927393754,0.0018622862990888,0.07377689852249192,0.038251270767974015,0.9451364793170643,0.00273887721577803,120,201.2562568599824,0.19730843101944,2443,False,"q=8 continuation, leak 0.8",8,"a=0.8,lw=1.5,r=0.04,w=0.25; a=1,lw=0.8,r=0.025,w=0.25; a=1,lw=0.8,r=0.02,w=0.25"
five_level_weak_anharmonic,long_q8_leak08,0.03,combined,0.001,0.0005,41,0.9136464489427191,0.0018083319893502647,0.07859003596178638,0.09653777047572017,0.9440093941532994,0.00273887721577803,120,201.2562568599824,0.19730843101944,2443,False,"q=8 continuation, leak 0.8",8,"a=0.8,lw=1.5,r=0.04,w=0.25; a=1,lw=0.8,r=0.025,w=0.25; a=1,lw=0.8,r=0.02,w=0.25"
five_level_weak_anharmonic,long_q8_leak08,0.03,combined,0.001,0.0005,42,0.9631434297322308,0.0016709612714749245,0.08237919357597367,0.037026067501777477,0.9452969585804789,0.00273887721577803,120,201.2562568599824,0.19730843101944,2443,False,"q=8 continuation, leak 0.8",8,"a=0.8,lw=1.5,r=0.04,w=0.25; a=1,lw=0.8,r=0.025,w=0.25; a=1,lw=0.8,r=0.02,w=0.25"
five_level_weak_anharmonic,long_q8_leak08,0.03,combined,0.001,0.0005,43,0.935922269412431,0.0012583041402896011,0.06618105020533571,0.04834652417693401,0.9456908069670839,0.00273887721577803,120,201.2562568599824,0.19730843101944,2443,False,"q=8 continuation, leak 0.8",8,"a=0.8,lw=1.5,r=0.04,w=0.25; a=1,lw=0.8,r=0.025,w=0.25; a=1,lw=0.8,r=0.02,w=0.25"
five_level_weak_anharmonic,long_q8_leak08,0.03,combined,0.001,0.0005,44,0.9500445139423579,0.0015634794999206392,0.06612453272639252,0.051126025649277276,0.9468726703814847,0.00273887721577803,120,201.2562568599824,0.19730843101944,2443,False,"q=8 continuation, leak 0.8",8,"a=0.8,lw=1.5,r=0.04,w=0.25; a=1,lw=0.8,r=0.025,w=0.25; a=1,lw=0.8,r=0.02,w=0.25"
five_level_weak_anharmonic,long_q8_leak08,0.03,combined,0.001,0.0005,45,0.9695050674412854,0.002091737928374915,0.08897582555116235,0.02834097293208342,0.9453096354140184,0.00273887721577803,120,201.2562568599824,0.19730843101944,2443,False,"q=8 continuation, leak 0.8",8,"a=0.8,lw=1.5,r=0.04,w=0.25; a=1,lw=0.8,r=0.025,w=0.25; a=1,lw=0.8,r=0.02,w=0.25"
five_level_weak_anharmonic,long_q8_leak08,0.03,combined,0.001,0.0005,46,0.9457803926278996,0.0013131494619431638,0.06714528765363736,0.0610977412354538,0.9447183358586235,0.00273887721577803,120,201.2562568599824,0.19730843101944,2443,False,"q=8 continuation, leak 0.8",8,"a=0.8,lw=1.5,r=0.04,w=0.25; a=1,lw=0.8,r=0.025,w=0.25; a=1,lw=0.8,r=0.02,w=0.25"
five_level_weak_anharmonic,long_q8_leak08,0.03,combined,0.001,0.0005,47,0.9543849819514073,0.002198958768036885,0.05999483872619482,0.0509149608016476,0.9450881611686762,0.00273887721577803,120,201.2562568599824,0.19730843101944,2443,False,"q=8 continuation, leak 0.8",8,"a=0.8,lw=1.5,r=0.04,w=0.25; a=1,lw=0.8,r=0.025,w=0.25; a=1,lw=0.8,r=0.02,w=0.25"
five_level_weak_anharmonic,long_q8_leak08,0.03,combined,0.001,0.0005,48,0.8160248115971591,0.0015975562212926508,0.07996898993645929,0.17019394660487325,0.9447203190765182,0.00273887721577803,120,201.2562568599824,0.19730843101944,2443,False,"q=8 continuation, leak 0.8",8,"a=0.8,lw=1.5,r=0.04,w=0.25; a=1,lw=0.8,r=0.025,w=0.25; a=1,lw=0.8,r=0.02,w=0.25"
five_level_weak_anharmonic,long_q8_leak08,0.03,combined,0.001,0.0005,49,0.9513277749258701,0.001747117068922499,0.08215740850617581,0.04439480311743331,0.9448119670464006,0.00273887721577803,120,201.2562568599824,0.19730843101944,2443,False,"q=8 continuation, leak 0.8",8,"a=0.8,lw=1.5,r=0.04,w=0.25; a=1,lw=0.8,r=0.025,w=0.25; a=1,lw=0.8,r=0.02,w=0.25"
five_level_weak_anharmonic,long_q8_leak08,0.03,combined,0.001,0.0005,50,0.9105642704521782,0.002248840788287354,0.08394862275860726,0.06956346025526843,0.9459606111923035,0.00273887721577803,120,201.2562568599824,0.19730843101944,2443,False,"q=8 continuation, leak 0.8",8,"a=0.8,lw=1.5,r=0.04,w=0.25; a=1,lw=0.8,r=0.025,w=0.25; a=1,lw=0.8,r=0.02,w=0.25"
five_level_weak_anharmonic,long_q8_leak08,0.03,combined,0.001,0.0005,51,0.925142125787742,0.0018866621559907593,0.08602096653945202,0.06740393467671804,0.9440118209904108,0.00273887721577803,120,201.2562568599824,0.19730843101944,2443,False,"q=8 continuation, leak 0.8",8,"a=0.8,lw=1.5,r=0.04,w=0.25; a=1,lw=0.8,r=0.025,w=0.25; a=1,lw=0.8,r=0.02,w=0.25"
five_level_weak_anharmonic,long_q8_leak08,0.03,combined,0.001,0.0005,52,0.9266879902125122,0.001379259553270784,0.08104043158032814,0.0831959677157505,0.9443030246822827,0.00273887721577803,120,201.2562568599824,0.19730843101944,2443,False,"q=8 continuation, leak 0.8",8,"a=0.8,lw=1.5,r=0.04,w=0.25; a=1,lw=0.8,r=0.025,w=0.25; a=1,lw=0.8,r=0.02,w=0.25"
five_level_weak_anharmonic,long_q8_leak08,0.03,combined,0.001,0.0005,53,0.9013886214326383,0.0014393296265027278,0.08373330702293957,0.07887496790468101,0.9454475765824121,0.00273887721577803,120,201.2562568599824,0.19730843101944,2443,False,"q=8 continuation, leak 0.8",8,"a=0.8,lw=1.5,r=0.04,w=0.25; a=1,lw=0.8,r=0.025,w=0.25; a=1,lw=0.8,r=0.02,w=0.25"
five_level_weak_anharmonic,long_q8_leak08,0.03,combined,0.001,0.0005,54,0.9285288361382255,0.002806216883842305,0.0888823578057415,0.057562214034020814,0.9450273731978774,0.00273887721577803,120,201.2562568599824,0.19730843101944,2443,False,"q=8 continuation, leak 0.8",8,"a=0.8,lw=1.5,r=0.04,w=0.25; a=1,lw=0.8,r=0.025,w=0.25; a=1,lw=0.8,r=0.02,w=0.25"
five_level_weak_anharmonic,long_q8_leak08,0.03,combined,0.001,0.0005,55,0.94175776481723,0.0019036587122137627,0.08861054657539746,0.05854556773726305,0.9462751772867107,0.00273887721577803,120,201.2562568599824,0.19730843101944,2443,False,"q=8 continuation, leak 0.8",8,"a=0.8,lw=1.5,r=0.04,w=0.25; a=1,lw=0.8,r=0.025,w=0.25; a=1,lw=0.8,r=0.02,w=0.25"
five_level_weak_anharmonic,long_q8_leak08,0.03,combined,0.001,0.0005,56,0.9451592465809648,0.0025320311166372456,0.0851337617682687,0.04901630003507425,0.9445920375092942,0.00273887721577803,120,201.2562568599824,0.19730843101944,2443,False,"q=8 continuation, leak 0.8",8,"a=0.8,lw=1.5,r=0.04,w=0.25; a=1,lw=0.8,r=0.025,w=0.25; a=1,lw=0.8,r=0.02,w=0.25"
five_level_weak_anharmonic,long_q8_leak08,0.03,combined,0.001,0.0005,57,0.7889213989174443,0.003802831690346453,0.1044337720486026,0.16588292862613443,0.9450992399763074,0.00273887721577803,120,201.2562568599824,0.19730843101944,2443,False,"q=8 continuation, leak 0.8",8,"a=0.8,lw=1.5,r=0.04,w=0.25; a=1,lw=0.8,r=0.025,w=0.25; a=1,lw=0.8,r=0.02,w=0.25"
five_level_weak_anharmonic,long_q8_leak08,0.03,combined,0.001,0.0005,58,0.9667427179598773,0.0010440825837751966,0.05749894334641592,0.029293933590893516,0.945799806685603,0.00273887721577803,120,201.2562568599824,0.19730843101944,2443,False,"q=8 continuation, leak 0.8",8,"a=0.8,lw=1.5,r=0.04,w=0.25; a=1,lw=0.8,r=0.025,w=0.25; a=1,lw=0.8,r=0.02,w=0.25"
five_level_weak_anharmonic,long_q8_leak08,0.03,combined,0.001,0.0005,59,0.9043689392962129,0.002716145352601007,0.0965541492625056,0.10237001253528376,0.9436276616195042,0.00273887721577803,120,201.2562568599824,0.19730843101944,2443,False,"q=8 continuation, leak 0.8",8,"a=0.8,lw=1.5,r=0.04,w=0.25; a=1,lw=0.8,r=0.025,w=0.25; a=1,lw=0.8,r=0.02,w=0.25"
five_level_weak_anharmonic,long_q8_leak10,0.03,static_only,0.0,0.0,10,0.8972229524114882,0.00013715816548831583,0.07259955902118254,0.08960614440231796,0.9999975562768025,0.0026413642410825075,120,196.36258554900996,0.21058065085548353,2446,False,"q=8 continuation, leak 1.0",8,"a=0.8,lw=1.5,r=0.04,w=0.25; a=1,lw=0.8,r=0.025,w=0.25; a=1,lw=1,r=0.02,w=0.25"
five_level_weak_anharmonic,long_q8_leak10,0.03,static_only,0.0,0.0,11,0.9093044720072359,0.0016958402766126257,0.0755331497210725,0.0888659694296966,0.9999974339350889,0.0026413642410825075,120,196.36258554900996,0.21058065085548353,2446,False,"q=8 continuation, leak 1.0",8,"a=0.8,lw=1.5,r=0.04,w=0.25; a=1,lw=0.8,r=0.025,w=0.25; a=1,lw=1,r=0.02,w=0.25"
five_level_weak_anharmonic,long_q8_leak10,0.03,static_only,0.0,0.0,12,0.9177901407268224,0.001138684684396929,0.059110871884533234,0.10305947171951312,0.9999976047691205,0.0026413642410825075,120,196.36258554900996,0.21058065085548353,2446,False,"q=8 continuation, leak 1.0",8,"a=0.8,lw=1.5,r=0.04,w=0.25; a=1,lw=0.8,r=0.025,w=0.25; a=1,lw=1,r=0.02,w=0.25"
five_level_weak_anharmonic,long_q8_leak10,0.03,static_only,0.0,0.0,13,0.8918264635934904,0.00019241600899622124,0.07779742570974224,0.10778173348108362,0.9999976663140564,0.0026413642410825075,120,196.36258554900996,0.21058065085548353,2446,False,"q=8 continuation, leak 1.0",8,"a=0.8,lw=1.5,r=0.04,w=0.25; a=1,lw=0.8,r=0.025,w=0.25; a=1,lw=1,r=0.02,w=0.25"
five_level_weak_anharmonic,long_q8_leak10,0.03,static_only,0.0,0.0,14,0.9279274717149908,0.0006656354050793567,0.07014698837668343,0.06760397305780272,0.999997592091998,0.0026413642410825075,120,196.36258554900996,0.21058065085548353,2446,False,"q=8 continuation, leak 1.0",8,"a=0.8,lw=1.5,r=0.04,w=0.25; a=1,lw=0.8,r=0.025,w=0.25; a=1,lw=1,r=0.02,w=0.25"
five_level_weak_anharmonic,long_q8_leak10,0.03,static_only,0.0,0.0,15,0.9729395902808502,0.0014502741021550358,0.0887259366446348,0.01930673846247295,0.9999977045453061,0.0026413642410825075,120,196.36258554900996,0.21058065085548353,2446,False,"q=8 continuation, leak 1.0",8,"a=0.8,lw=1.5,r=0.04,w=0.25; a=1,lw=0.8,r=0.025,w=0.25; a=1,lw=1,r=0.02,w=0.25"
five_level_weak_anharmonic,long_q8_leak10,0.03,static_only,0.0,0.0,16,0.9722547033518464,0.0017784860614319387,0.08026966755059861,0.03713476900014204,0.9999975844366709,0.0026413642410825075,120,196.36258554900996,0.21058065085548353,2446,False,"q=8 continuation, leak 1.0",8,"a=0.8,lw=1.5,r=0.04,w=0.25; a=1,lw=0.8,r=0.025,w=0.25; a=1,lw=1,r=0.02,w=0.25"
five_level_weak_anharmonic,long_q8_leak10,0.03,static_only,0.0,0.0,17,0.8673940766314696,0.0006415463856412895,0.06311737796929162,0.10185090999786624,0.9999982015834721,0.0026413642410825075,120,196.36258554900996,0.21058065085548353,2446,False,"q=8 continuation, leak 1.0",8,"a=0.8,lw=1.5,r=0.04,w=0.25; a=1,lw=0.8,r=0.025,w=0.25; a=1,lw=1,r=0.02,w=0.25"
five_level_weak_anharmonic,long_q8_leak10,0.03,static_only,0.0,0.0,18,0.957912369581714,0.0008384148142690506,0.07453718224537642,0.029581238663054742,0.9999978161755112,0.0026413642410825075,120,196.36258554900996,0.21058065085548353,2446,False,"q=8 continuation, leak 1.0",8,"a=0.8,lw=1.5,r=0.04,w=0.25; a=1,lw=0.8,r=0.025,w=0.25; a=1,lw=1,r=0.02,w=0.25"
five_level_weak_anharmonic,long_q8_leak10,0.03,static_only,0.0,0.0,19,0.9077243607915172,0.0002480412987256875,0.06858839319017518,0.10751650613246401,0.9999975636409452,0.0026413642410825075,120,196.36258554900996,0.21058065085548353,2446,False,"q=8 continuation, leak 1.0",8,"a=0.8,lw=1.5,r=0.04,w=0.25; a=1,lw=0.8,r=0.025,w=0.25; a=1,lw=1,r=0.02,w=0.25"
five_level_weak_anharmonic,long_q8_leak10,0.03,static_only,0.0,0.0,20,0.889527990872363,0.0005962144171789419,0.06847557203995436,0.11830631961891366,0.999997617062272,0.0026413642410825075,120,196.36258554900996,0.21058065085548353,2446,False,"q=8 continuation, leak 1.0",8,"a=0.8,lw=1.5,r=0.04,w=0.25; a=1,lw=0.8,r=0.025,w=0.25; a=1,lw=1,r=0.02,w=0.25"
five_level_weak_anharmonic,long_q8_leak10,0.03,static_only,0.0,0.0,21,0.9656216854862864,0.0006791804149504088,0.05835688997746358,0.0436422702847935,0.9999977457785418,0.0026413642410825075,120,196.36258554900996,0.21058065085548353,2446,False,"q=8 continuation, leak 1.0",8,"a=0.8,lw=1.5,r=0.04,w=0.25; a=1,lw=0.8,r=0.025,w=0.25; a=1,lw=1,r=0.02,w=0.25"
five_level_weak_anharmonic,long_q8_leak10,0.03,static_only,0.0,0.0,22,0.9321732798761239,0.00027702858662770335,0.07882416589983365,0.07090882188200863,0.9999973252503948,0.0026413642410825075,120,196.36258554900996,0.21058065085548353,2446,False,"q=8 continuation, leak 1.0",8,"a=0.8,lw=1.5,r=0.04,w=0.25; a=1,lw=0.8,r=0.025,w=0.25; a=1,lw=1,r=0.02,w=0.25"
five_level_weak_anharmonic,long_q8_leak10,0.03,static_only,0.0,0.0,23,0.9945764209639116,0.0007505470976023609,0.0647848973407652,0.008786470672208883,0.9999977336059137,0.0026413642410825075,120,196.36258554900996,0.21058065085548353,2446,False,"q=8 continuation, leak 1.0",8,"a=0.8,lw=1.5,r=0.04,w=0.25; a=1,lw=0.8,r=0.025,w=0.25; a=1,lw=1,r=0.02,w=0.25"
five_level_weak_anharmonic,long_q8_leak10,0.03,static_only,0.0,0.0,24,0.962817955594434,0.00019615488567115147,0.06163412964699033,0.02535996651386458,0.9999979175397383,0.0026413642410825075,120,196.36258554900996,0.21058065085548353,2446,False,"q=8 continuation, leak 1.0",8,"a=0.8,lw=1.5,r=0.04,w=0.25; a=1,lw=0.8,r=0.025,w=0.25; a=1,lw=1,r=0.02,w=0.25"
five_level_weak_anharmonic,long_q8_leak10,0.03,static_only,0.0,0.0,25,0.9690919585176918,0.0009494388917593577,0.06689318919719878,0.02135782219907639,0.9999976242829892,0.0026413642410825075,120,196.36258554900996,0.21058065085548353,2446,False,"q=8 continuation, leak 1.0",8,"a=0.8,lw=1.5,r=0.04,w=0.25; a=1,lw=0.8,r=0.025,w=0.25; a=1,lw=1,r=0.02,w=0.25"
five_level_weak_anharmonic,long_q8_leak10,0.03,static_only,0.0,0.0,26,0.9915565080053691,0.001110764307251766,0.07623710910940873,0.005890932734527894,0.9999977159417968,0.0026413642410825075,120,196.36258554900996,0.21058065085548353,2446,False,"q=8 continuation, leak 1.0",8,"a=0.8,lw=1.5,r=0.04,w=0.25; a=1,lw=0.8,r=0.025,w=0.25; a=1,lw=1,r=0.02,w=0.25"
five_level_weak_anharmonic,long_q8_leak10,0.03,static_only,0.0,0.0,27,0.9298906248233374,0.0005944142825403675,0.06128646352611622,0.051591456578778054,0.9999981110728426,0.0026413642410825075,120,196.36258554900996,0.21058065085548353,2446,False,"q=8 continuation, leak 1.0",8,"a=0.8,lw=1.5,r=0.04,w=0.25; a=1,lw=0.8,r=0.025,w=0.25; a=1,lw=1,r=0.02,w=0.25"
five_level_weak_anharmonic,long_q8_leak10,0.03,static_only,0.0,0.0,28,0.9407669792741897,0.0026322680002981436,0.0663590322163129,0.06466607909347694,0.9999974992762173,0.0026413642410825075,120,196.36258554900996,0.21058065085548353,2446,False,"q=8 continuation, leak 1.0",8,"a=0.8,lw=1.5,r=0.04,w=0.25; a=1,lw=0.8,r=0.025,w=0.25; a=1,lw=1,r=0.02,w=0.25"
five_level_weak_anharmonic,long_q8_leak10,0.03,static_only,0.0,0.0,29,0.98119740184209,0.0012118658190184428,0.053836022516428717,0.021774711574589142,0.9999978185620002,0.0026413642410825075,120,196.36258554900996,0.21058065085548353,2446,False,"q=8 continuation, leak 1.0",8,"a=0.8,lw=1.5,r=0.04,w=0.25; a=1,lw=0.8,r=0.025,w=0.25; a=1,lw=1,r=0.02,w=0.25"
five_level_weak_anharmonic,long_q8_leak10,0.03,static_only,0.0,0.0,30,0.9563328290197538,0.0010331768924704,0.06252904413372129,0.03297887397495253,0.9999979084907896,0.0026413642410825075,120,196.36258554900996,0.21058065085548353,2446,False,"q=8 continuation, leak 1.0",8,"a=0.8,lw=1.5,r=0.04,w=0.25; a=1,lw=0.8,r=0.025,w=0.25; a=1,lw=1,r=0.02,w=0.25"
five_level_weak_anharmonic,long_q8_leak10,0.03,static_only,0.0,0.0,31,0.920508447332013,0.0012289291651208512,0.08602882044141524,0.07623752393095076,0.9999975452127766,0.0026413642410825075,120,196.36258554900996,0.21058065085548353,2446,False,"q=8 continuation, leak 1.0",8,"a=0.8,lw=1.5,r=0.04,w=0.25; a=1,lw=0.8,r=0.025,w=0.25; a=1,lw=1,r=0.02,w=0.25"
five_level_weak_anharmonic,long_q8_leak10,0.03,static_only,0.0,0.0,32,0.965875840875382,0.00035519248130322367,0.07460403057922593,0.03530888338258418,0.9999974498472642,0.0026413642410825075,120,196.36258554900996,0.21058065085548353,2446,False,"q=8 continuation, leak 1.0",8,"a=0.8,lw=1.5,r=0.04,w=0.25; a=1,lw=0.8,r=0.025,w=0.25; a=1,lw=1,r=0.02,w=0.25"
five_level_weak_anharmonic,long_q8_leak10,0.03,static_only,0.0,0.0,33,0.9633237268833261,0.0006066963992795715,0.07719627497680137,0.027121647373577563,0.9999978871848186,0.0026413642410825075,120,196.36258554900996,0.21058065085548353,2446,False,"q=8 continuation, leak 1.0",8,"a=0.8,lw=1.5,r=0.04,w=0.25; a=1,lw=0.8,r=0.025,w=0.25; a=1,lw=1,r=0.02,w=0.25"
five_level_weak_anharmonic,long_q8_leak10,0.03,static_only,0.0,0.0,34,0.990383912596323,0.0009935410695935953,0.09151031529714326,0.006179833295755488,0.9999976407480841,0.0026413642410825075,120,196.36258554900996,0.21058065085548353,2446,False,"q=8 continuation, leak 1.0",8,"a=0.8,lw=1.5,r=0.04,w=0.25; a=1,lw=0.8,r=0.025,w=0.25; a=1,lw=1,r=0.02,w=0.25"
five_level_weak_anharmonic,long_q8_leak10,0.03,static_only,0.0,0.0,35,0.8750220585540021,0.0012437077013340847,0.0867380383030596,0.11994293845619917,0.9999978354570058,0.0026413642410825075,120,196.36258554900996,0.21058065085548353,2446,False,"q=8 continuation, leak 1.0",8,"a=0.8,lw=1.5,r=0.04,w=0.25; a=1,lw=0.8,r=0.025,w=0.25; a=1,lw=1,r=0.02,w=0.25"
five_level_weak_anharmonic,long_q8_leak10,0.03,static_only,0.0,0.0,36,0.9914473654212117,0.0010839317358540823,0.06064788501319884,0.011115907780064958,0.9999978623034234,0.0026413642410825075,120,196.36258554900996,0.21058065085548353,2446,False,"q=8 continuation, leak 1.0",8,"a=0.8,lw=1.5,r=0.04,w=0.25; a=1,lw=0.8,r=0.025,w=0.25; a=1,lw=1,r=0.02,w=0.25"
five_level_weak_anharmonic,long_q8_leak10,0.03,static_only,0.0,0.0,37,0.7576853099152342,0.0009242938774134402,0.05215043098379457,0.19135220180491597,0.9999981729256957,0.0026413642410825075,120,196.36258554900996,0.21058065085548353,2446,False,"q=8 continuation, leak 1.0",8,"a=0.8,lw=1.5,r=0.04,w=0.25; a=1,lw=0.8,r=0.025,w=0.25; a=1,lw=1,r=0.02,w=0.25"
five_level_weak_anharmonic,long_q8_leak10,0.03,static_only,0.0,0.0,38,0.9653009589838015,0.0009963722725887525,0.055899869948541125,0.03358220148687091,0.9999979136508111,0.0026413642410825075,120,196.36258554900996,0.21058065085548353,2446,False,"q=8 continuation, leak 1.0",8,"a=0.8,lw=1.5,r=0.04,w=0.25; a=1,lw=0.8,r=0.025,w=0.25; a=1,lw=1,r=0.02,w=0.25"
five_level_weak_anharmonic,long_q8_leak10,0.03,static_only,0.0,0.0,39,0.9922789641814083,0.0011410848621670189,0.07966440050562817,0.005311355642933564,0.9999977918377272,0.0026413642410825075,120,196.36258554900996,0.21058065085548353,2446,False,"q=8 continuation, leak 1.0",8,"a=0.8,lw=1.5,r=0.04,w=0.25; a=1,lw=0.8,r=0.025,w=0.25; a=1,lw=1,r=0.02,w=0.25"
five_level_weak_anharmonic,long_q8_leak10,0.03,static_only,0.0,0.0,40,0.985242799598628,0.0008492245011879618,0.06587134010414064,0.018144847758736246,0.9999974944148233,0.0026413642410825075,120,196.36258554900996,0.21058065085548353,2446,False,"q=8 continuation, leak 1.0",8,"a=0.8,lw=1.5,r=0.04,w=0.25; a=1,lw=0.8,r=0.025,w=0.25; a=1,lw=1,r=0.02,w=0.25"
five_level_weak_anharmonic,long_q8_leak10,0.03,static_only,0.0,0.0,41,0.9226244321870812,0.0004425109097201396,0.07037860507161464,0.08947864358030932,0.999997597544724,0.0026413642410825075,120,196.36258554900996,0.21058065085548353,2446,False,"q=8 continuation, leak 1.0",8,"a=0.8,lw=1.5,r=0.04,w=0.25; a=1,lw=0.8,r=0.025,w=0.25; a=1,lw=1,r=0.02,w=0.25"
five_level_weak_anharmonic,long_q8_leak10,0.03,static_only,0.0,0.0,42,0.9905114034179462,0.0003071056981132081,0.07391636372101185,0.011463010834159354,0.9999974578156833,0.0026413642410825075,120,196.36258554900996,0.21058065085548353,2446,False,"q=8 continuation, leak 1.0",8,"a=0.8,lw=1.5,r=0.04,w=0.25; a=1,lw=0.8,r=0.025,w=0.25; a=1,lw=1,r=0.02,w=0.25"
five_level_weak_anharmonic,long_q8_leak10,0.03,static_only,0.0,0.0,43,0.9684856720715244,0.0006477887356982626,0.05855413520346042,0.019185813073556976,0.9999979164211817,0.0026413642410825075,120,196.36258554900996,0.21058065085548353,2446,False,"q=8 continuation, leak 1.0",8,"a=0.8,lw=1.5,r=0.04,w=0.25; a=1,lw=0.8,r=0.025,w=0.25; a=1,lw=1,r=0.02,w=0.25"
five_level_weak_anharmonic,long_q8_leak10,0.03,static_only,0.0,0.0,44,0.9728716235231272,0.0009389823662213637,0.058468791161503164,0.029233140301072654,0.9999977648849278,0.0026413642410825075,120,196.36258554900996,0.21058065085548353,2446,False,"q=8 continuation, leak 1.0",8,"a=0.8,lw=1.5,r=0.04,w=0.25; a=1,lw=0.8,r=0.025,w=0.25; a=1,lw=1,r=0.02,w=0.25"
five_level_weak_anharmonic,long_q8_leak10,0.03,static_only,0.0,0.0,45,0.9979133358096433,0.0006134336539325158,0.08030019133451671,0.0025642339440352744,0.9999977256067265,0.0026413642410825075,120,196.36258554900996,0.21058065085548353,2446,False,"q=8 continuation, leak 1.0",8,"a=0.8,lw=1.5,r=0.04,w=0.25; a=1,lw=0.8,r=0.025,w=0.25; a=1,lw=1,r=0.02,w=0.25"
five_level_weak_anharmonic,long_q8_leak10,0.03,static_only,0.0,0.0,46,0.9682148142757661,0.0003078922253074712,0.059645987312889615,0.04300990624316995,0.9999977032143299,0.0026413642410825075,120,196.36258554900996,0.21058065085548353,2446,False,"q=8 continuation, leak 1.0",8,"a=0.8,lw=1.5,r=0.04,w=0.25; a=1,lw=0.8,r=0.025,w=0.25; a=1,lw=1,r=0.02,w=0.25"
five_level_weak_anharmonic,long_q8_leak10,0.03,static_only,0.0,0.0,47,0.9716685401072955,0.0016666308087173176,0.052380852374923625,0.03778616960674399,0.9999977672997062,0.0026413642410825075,120,196.36258554900996,0.21058065085548353,2446,False,"q=8 continuation, leak 1.0",8,"a=0.8,lw=1.5,r=0.04,w=0.25; a=1,lw=0.8,r=0.025,w=0.25; a=1,lw=1,r=0.02,w=0.25"
five_level_weak_anharmonic,long_q8_leak10,0.03,static_only,0.0,0.0,48,0.8373860991392904,0.0003509211515275723,0.07125995774350913,0.150332000521898,0.9999973239876359,0.0026413642410825075,120,196.36258554900996,0.21058065085548353,2446,False,"q=8 continuation, leak 1.0",8,"a=0.8,lw=1.5,r=0.04,w=0.25; a=1,lw=0.8,r=0.025,w=0.25; a=1,lw=1,r=0.02,w=0.25"
five_level_weak_anharmonic,long_q8_leak10,0.03,static_only,0.0,0.0,49,0.9733322674989712,0.0007228521365648666,0.07352693659976417,0.027132886497382595,0.9999979052598451,0.0026413642410825075,120,196.36258554900996,0.21058065085548353,2446,False,"q=8 continuation, leak 1.0",8,"a=0.8,lw=1.5,r=0.04,w=0.25; a=1,lw=0.8,r=0.025,w=0.25; a=1,lw=1,r=0.02,w=0.25"
five_level_weak_anharmonic,long_q8_leak10,0.03,static_only,0.0,0.0,50,0.9359066808990675,0.001229948780725243,0.07556717182487671,0.047491607977870186,0.9999981685635093,0.0026413642410825075,120,196.36258554900996,0.21058065085548353,2446,False,"q=8 continuation, leak 1.0",8,"a=0.8,lw=1.5,r=0.04,w=0.25; a=1,lw=0.8,r=0.025,w=0.25; a=1,lw=1,r=0.02,w=0.25"
five_level_weak_anharmonic,long_q8_leak10,0.03,static_only,0.0,0.0,51,0.9432785260527069,0.0003595777306875103,0.07777131015550254,0.05279199764653045,0.9999976028491875,0.0026413642410825075,120,196.36258554900996,0.21058065085548353,2446,False,"q=8 continuation, leak 1.0",8,"a=0.8,lw=1.5,r=0.04,w=0.25; a=1,lw=0.8,r=0.025,w=0.25; a=1,lw=1,r=0.02,w=0.25"
five_level_weak_anharmonic,long_q8_leak10,0.03,static_only,0.0,0.0,52,0.9382478036912846,7.712926172454004e-05,0.07295449142394783,0.07392776473907542,0.9999975087780996,0.0026413642410825075,120,196.36258554900996,0.21058065085548353,2446,False,"q=8 continuation, leak 1.0",8,"a=0.8,lw=1.5,r=0.04,w=0.25; a=1,lw=0.8,r=0.025,w=0.25; a=1,lw=1,r=0.02,w=0.25"
five_level_weak_anharmonic,long_q8_leak10,0.03,static_only,0.0,0.0,53,0.9295027323472473,0.0004093205356726637,0.07579379122259011,0.05224535768255415,0.9999976054933306,0.0026413642410825075,120,196.36258554900996,0.21058065085548353,2446,False,"q=8 continuation, leak 1.0",8,"a=0.8,lw=1.5,r=0.04,w=0.25; a=1,lw=0.8,r=0.025,w=0.25; a=1,lw=1,r=0.02,w=0.25"
five_level_weak_anharmonic,long_q8_leak10,0.03,static_only,0.0,0.0,54,0.9599136569324864,0.0013533146324857803,0.08021340789568432,0.028441596316621017,0.9999976833241069,0.0026413642410825075,120,196.36258554900996,0.21058065085548353,2446,False,"q=8 continuation, leak 1.0",8,"a=0.8,lw=1.5,r=0.04,w=0.25; a=1,lw=0.8,r=0.025,w=0.25; a=1,lw=1,r=0.02,w=0.25"
five_level_weak_anharmonic,long_q8_leak10,0.03,static_only,0.0,0.0,55,0.9638237486573763,0.0007514559386418984,0.07980077363387539,0.0372363073682443,0.999997693145772,0.0026413642410825075,120,196.36258554900996,0.21058065085548353,2446,False,"q=8 continuation, leak 1.0",8,"a=0.8,lw=1.5,r=0.04,w=0.25; a=1,lw=0.8,r=0.025,w=0.25; a=1,lw=1,r=0.02,w=0.25"
five_level_weak_anharmonic,long_q8_leak10,0.03,static_only,0.0,0.0,56,0.9785873069022265,0.0013073976771410534,0.07703718461604603,0.01815339368064162,0.999997647544131,0.0026413642410825075,120,196.36258554900996,0.21058065085548353,2446,False,"q=8 continuation, leak 1.0",8,"a=0.8,lw=1.5,r=0.04,w=0.25; a=1,lw=0.8,r=0.025,w=0.25; a=1,lw=1,r=0.02,w=0.25"
five_level_weak_anharmonic,long_q8_leak10,0.03,static_only,0.0,0.0,57,0.8042373164642338,0.0026134193428302144,0.0956300150278322,0.15430639605166183,0.9999981302865413,0.0026413642410825075,120,196.36258554900996,0.21058065085548353,2446,False,"q=8 continuation, leak 1.0",8,"a=0.8,lw=1.5,r=0.04,w=0.25; a=1,lw=0.8,r=0.025,w=0.25; a=1,lw=1,r=0.02,w=0.25"
five_level_weak_anharmonic,long_q8_leak10,0.03,static_only,0.0,0.0,58,0.9972590330343402,0.00031225818470959066,0.05006083612805112,0.0029506336508542752,0.9999979447899281,0.0026413642410825075,120,196.36258554900996,0.21058065085548353,2446,False,"q=8 continuation, leak 1.0",8,"a=0.8,lw=1.5,r=0.04,w=0.25; a=1,lw=0.8,r=0.025,w=0.25; a=1,lw=1,r=0.02,w=0.25"
five_level_weak_anharmonic,long_q8_leak10,0.03,static_only,0.0,0.0,59,0.9223030491037214,0.0011718544807355347,0.08725143060104235,0.0872192316778683,0.9999975156774239,0.0026413642410825075,120,196.36258554900996,0.21058065085548353,2446,False,"q=8 continuation, leak 1.0",8,"a=0.8,lw=1.5,r=0.04,w=0.25; a=1,lw=0.8,r=0.025,w=0.25; a=1,lw=1,r=0.02,w=0.25"
five_level_weak_anharmonic,long_q8_leak10,0.03,deph_0.001,0.001,0.0,10,0.8934690320937327,0.0012509851821170814,0.07277606479643595,0.0936539755968999,0.986478824304001,0.0026413642410825075,120,196.36258554900996,0.21058065085548353,2446,False,"q=8 continuation, leak 1.0",8,"a=0.8,lw=1.5,r=0.04,w=0.25; a=1,lw=0.8,r=0.025,w=0.25; a=1,lw=1,r=0.02,w=0.25"
five_level_weak_anharmonic,long_q8_leak10,0.03,deph_0.001,0.001,0.0,11,0.9054088664389294,0.0028877450147813954,0.07577392395070992,0.0926787049677225,0.9871413204235052,0.0026413642410825075,120,196.36258554900996,0.21058065085548353,2446,False,"q=8 continuation, leak 1.0",8,"a=0.8,lw=1.5,r=0.04,w=0.25; a=1,lw=0.8,r=0.025,w=0.25; a=1,lw=1,r=0.02,w=0.25"
five_level_weak_anharmonic,long_q8_leak10,0.03,deph_0.001,0.001,0.0,12,0.9137562226324473,0.0020777847328723453,0.059263473253192256,0.1065823169668913,0.9842900165186256,0.0026413642410825075,120,196.36258554900996,0.21058065085548353,2446,False,"q=8 continuation, leak 1.0",8,"a=0.8,lw=1.5,r=0.04,w=0.25; a=1,lw=0.8,r=0.025,w=0.25; a=1,lw=1,r=0.02,w=0.25"
five_level_weak_anharmonic,long_q8_leak10,0.03,deph_0.001,0.001,0.0,13,0.8878625859366935,0.0012885608159403095,0.07800730946527479,0.11176118684333414,0.9830079140849367,0.0026413642410825075,120,196.36258554900996,0.21058065085548353,2446,False,"q=8 continuation, leak 1.0",8,"a=0.8,lw=1.5,r=0.04,w=0.25; a=1,lw=0.8,r=0.025,w=0.25; a=1,lw=1,r=0.02,w=0.25"
five_level_weak_anharmonic,long_q8_leak10,0.03,deph_0.001,0.001,0.0,14,0.9239187166769761,0.0015852449787335798,0.07035425461732259,0.07176242501981989,0.9868609109352462,0.0026413642410825075,120,196.36258554900996,0.21058065085548353,2446,False,"q=8 continuation, leak 1.0",8,"a=0.8,lw=1.5,r=0.04,w=0.25; a=1,lw=0.8,r=0.025,w=0.25; a=1,lw=1,r=0.02,w=0.25"
five_level_weak_anharmonic,long_q8_leak10,0.03,deph_0.001,0.001,0.0,15,0.9677858888969617,0.0028854109784577364,0.0889102356904945,0.024648730928667994,0.9871004154384667,0.0026413642410825075,120,196.36258554900996,0.21058065085548353,2446,False,"q=8 continuation, leak 1.0",8,"a=0.8,lw=1.5,r=0.04,w=0.25; a=1,lw=0.8,r=0.025,w=0.25; a=1,lw=1,r=0.02,w=0.25"
five_level_weak_anharmonic,long_q8_leak10,0.03,deph_0.001,0.001,0.0,16,0.967175934046303,0.0031303604027258514,0.08052783342815006,0.041936334462621086,0.9875512873479427,0.0026413642410825075,120,196.36258554900996,0.21058065085548353,2446,False,"q=8 continuation, leak 1.0",8,"a=0.8,lw=1.5,r=0.04,w=0.25; a=1,lw=0.8,r=0.025,w=0.25; a=1,lw=1,r=0.02,w=0.25"
five_level_weak_anharmonic,long_q8_leak10,0.03,deph_0.001,0.001,0.0,17,0.8643355577362084,0.0015524784885958542,0.06331152155784037,0.10576659178328378,0.9832397056278787,0.0026413642410825075,120,196.36258554900996,0.21058065085548353,2446,False,"q=8 continuation, leak 1.0",8,"a=0.8,lw=1.5,r=0.04,w=0.25; a=1,lw=0.8,r=0.025,w=0.25; a=1,lw=1,r=0.02,w=0.25"
five_level_weak_anharmonic,long_q8_leak10,0.03,deph_0.001,0.001,0.0,18,0.9532606107871046,0.001935610742818339,0.07469257110521854,0.034613845467298385,0.9867917310511944,0.0026413642410825075,120,196.36258554900996,0.21058065085548353,2446,False,"q=8 continuation, leak 1.0",8,"a=0.8,lw=1.5,r=0.04,w=0.25; a=1,lw=0.8,r=0.025,w=0.25; a=1,lw=1,r=0.02,w=0.25"
five_level_weak_anharmonic,long_q8_leak10,0.03,deph_0.001,0.001,0.0,19,0.9039277601005095,0.0013449402382036402,0.06875473112702069,0.11093914089285419,0.9844468221938186,0.0026413642410825075,120,196.36258554900996,0.21058065085548353,2446,False,"q=8 continuation, leak 1.0",8,"a=0.8,lw=1.5,r=0.04,w=0.25; a=1,lw=0.8,r=0.025,w=0.25; a=1,lw=1,r=0.02,w=0.25"
five_level_weak_anharmonic,long_q8_leak10,0.03,deph_0.001,0.001,0.0,20,0.8858537483829788,0.0018128643030828062,0.06874663279961934,0.1218360209876317,0.9830715313816373,0.0026413642410825075,120,196.36258554900996,0.21058065085548353,2446,False,"q=8 continuation, leak 1.0",8,"a=0.8,lw=1.5,r=0.04,w=0.25; a=1,lw=0.8,r=0.025,w=0.25; a=1,lw=1,r=0.02,w=0.25"
five_level_weak_anharmonic,long_q8_leak10,0.03,deph_0.001,0.001,0.0,21,0.961106745890708,0.0015425185135758968,0.058550888022836145,0.04796059314567325,0.9876450092016609,0.0026413642410825075,120,196.36258554900996,0.21058065085548353,2446,False,"q=8 continuation, leak 1.0",8,"a=0.8,lw=1.5,r=0.04,w=0.25; a=1,lw=0.8,r=0.025,w=0.25; a=1,lw=1,r=0.02,w=0.25"
five_level_weak_anharmonic,long_q8_leak10,0.03,deph_0.001,0.001,0.0,22,0.9279610317896367,0.0014605223943805479,0.07900093735351077,0.07505526607236507,0.9871094060671347,0.0026413642410825075,120,196.36258554900996,0.21058065085548353,2446,False,"q=8 continuation, leak 1.0",8,"a=0.8,lw=1.5,r=0.04,w=0.25; a=1,lw=0.8,r=0.025,w=0.25; a=1,lw=1,r=0.02,w=0.25"
five_level_weak_anharmonic,long_q8_leak10,0.03,deph_0.001,0.001,0.0,23,0.9895702280471838,0.0016915753699350278,0.06496498740108625,0.013772230976765706,0.9898957450637726,0.0026413642410825075,120,196.36258554900996,0.21058065085548353,2446,False,"q=8 continuation, leak 1.0",8,"a=0.8,lw=1.5,r=0.04,w=0.25; a=1,lw=0.8,r=0.025,w=0.25; a=1,lw=1,r=0.02,w=0.25"
five_level_weak_anharmonic,long_q8_leak10,0.03,deph_0.001,0.001,0.0,24,0.9584391768745064,0.001102364337894901,0.06186419915155006,0.030081746708982428,0.988125586763916,0.0026413642410825075,120,196.36258554900996,0.21058065085548353,2446,False,"q=8 continuation, leak 1.0",8,"a=0.8,lw=1.5,r=0.04,w=0.25; a=1,lw=0.8,r=0.025,w=0.25; a=1,lw=1,r=0.02,w=0.25"
five_level_weak_anharmonic,long_q8_leak10,0.03,deph_0.001,0.001,0.0,25,0.96458331511882,0.0019125336753900157,0.06710189367149,0.026128985237423925,0.9886773138444265,0.0026413642410825075,120,196.36258554900996,0.21058065085548353,2446,False,"q=8 continuation, leak 1.0",8,"a=0.8,lw=1.5,r=0.04,w=0.25; a=1,lw=0.8,r=0.025,w=0.25; a=1,lw=1,r=0.02,w=0.25"
five_level_weak_anharmonic,long_q8_leak10,0.03,deph_0.001,0.001,0.0,26,0.9861905378194038,0.002358087341944648,0.07644889582593217,0.01134031620339175,0.9883330916921549,0.0026413642410825075,120,196.36258554900996,0.21058065085548353,2446,False,"q=8 continuation, leak 1.0",8,"a=0.8,lw=1.5,r=0.04,w=0.25; a=1,lw=0.8,r=0.025,w=0.25; a=1,lw=1,r=0.02,w=0.25"
five_level_weak_anharmonic,long_q8_leak10,0.03,deph_0.001,0.001,0.0,27,0.9258618306065316,0.0015500814850966105,0.06153415276072072,0.056148736477538354,0.986037027906595,0.0026413642410825075,120,196.36258554900996,0.21058065085548353,2446,False,"q=8 continuation, leak 1.0",8,"a=0.8,lw=1.5,r=0.04,w=0.25; a=1,lw=0.8,r=0.025,w=0.25; a=1,lw=1,r=0.02,w=0.25"
five_level_weak_anharmonic,long_q8_leak10,0.03,deph_0.001,0.001,0.0,28,0.9364684001855691,0.0036953387814768757,0.0666026564505593,0.0688446799420383,0.987371910819767,0.0026413642410825075,120,196.36258554900996,0.21058065085548353,2446,False,"q=8 continuation, leak 1.0",8,"a=0.8,lw=1.5,r=0.04,w=0.25; a=1,lw=0.8,r=0.025,w=0.25; a=1,lw=1,r=0.02,w=0.25"
five_level_weak_anharmonic,long_q8_leak10,0.03,deph_0.001,0.001,0.0,29,0.9764818469998122,0.0020800461053321895,0.05406166651505584,0.026512162590880416,0.9890727671301,0.0026413642410825075,120,196.36258554900996,0.21058065085548353,2446,False,"q=8 continuation, leak 1.0",8,"a=0.8,lw=1.5,r=0.04,w=0.25; a=1,lw=0.8,r=0.025,w=0.25; a=1,lw=1,r=0.02,w=0.25"
five_level_weak_anharmonic,long_q8_leak10,0.03,deph_0.001,0.001,0.0,30,0.951910330836226,0.0019088354955185682,0.062449521555585585,0.037735779559132196,0.9869138174122741,0.0026413642410825075,120,196.36258554900996,0.21058065085548353,2446,False,"q=8 continuation, leak 1.0",8,"a=0.8,lw=1.5,r=0.04,w=0.25; a=1,lw=0.8,r=0.025,w=0.25; a=1,lw=1,r=0.02,w=0.25"
five_level_weak_anharmonic,long_q8_leak10,0.03,deph_0.001,0.001,0.0,31,0.9162683752535411,0.0025105409758990893,0.08628596344945372,0.08048140542985827,0.9874597971488113,0.0026413642410825075,120,196.36258554900996,0.21058065085548353,2446,False,"q=8 continuation, leak 1.0",8,"a=0.8,lw=1.5,r=0.04,w=0.25; a=1,lw=0.8,r=0.025,w=0.25; a=1,lw=1,r=0.02,w=0.25"
five_level_weak_anharmonic,long_q8_leak10,0.03,deph_0.001,0.001,0.0,32,0.9610923640107157,0.0015088531539591,0.0747999046954475,0.03996962955388775,0.9891645209694928,0.0026413642410825075,120,196.36258554900996,0.21058065085548353,2446,False,"q=8 continuation, leak 1.0",8,"a=0.8,lw=1.5,r=0.04,w=0.25; a=1,lw=0.8,r=0.025,w=0.25; a=1,lw=1,r=0.02,w=0.25"
five_level_weak_anharmonic,long_q8_leak10,0.03,deph_0.001,0.001,0.0,33,0.9583014665033853,0.001699670864270142,0.07734674164086164,0.03244749122891562,0.9862662616552694,0.0026413642410825075,120,196.36258554900996,0.21058065085548353,2446,False,"q=8 continuation, leak 1.0",8,"a=0.8,lw=1.5,r=0.04,w=0.25; a=1,lw=0.8,r=0.025,w=0.25; a=1,lw=1,r=0.02,w=0.25"
five_level_weak_anharmonic,long_q8_leak10,0.03,deph_0.001,0.001,0.0,34,0.9846451217311328,0.002493305704090787,0.09175397861605561,0.012026176426264206,0.9876505481039548,0.0026413642410825075,120,196.36258554900996,0.21058065085548353,2446,False,"q=8 continuation, leak 1.0",8,"a=0.8,lw=1.5,r=0.04,w=0.25; a=1,lw=0.8,r=0.025,w=0.25; a=1,lw=1,r=0.02,w=0.25"
five_level_weak_anharmonic,long_q8_leak10,0.03,deph_0.001,0.001,0.0,35,0.8713480201903251,0.002646930241034795,0.08697937631478203,0.12379345591803592,0.9818166342089596,0.0026413642410825075,120,196.36258554900996,0.21058065085548353,2446,False,"q=8 continuation, leak 1.0",8,"a=0.8,lw=1.5,r=0.04,w=0.25; a=1,lw=0.8,r=0.025,w=0.25; a=1,lw=1,r=0.02,w=0.25"
five_level_weak_anharmonic,long_q8_leak10,0.03,deph_0.001,0.001,0.0,36,0.9864320080070255,0.002045222045703232,0.06088961360264178,0.016036724656089508,0.9899979142537817,0.0026413642410825075,120,196.36258554900996,0.21058065085548353,2446,False,"q=8 continuation, leak 1.0",8,"a=0.8,lw=1.5,r=0.04,w=0.25; a=1,lw=0.8,r=0.025,w=0.25; a=1,lw=1,r=0.02,w=0.25"
five_level_weak_anharmonic,long_q8_leak10,0.03,deph_0.001,0.001,0.0,37,0.7561565657390267,0.001655643834221343,0.052352153432049686,0.19416201063759345,0.9795333215035105,0.0026413642410825075,120,196.36258554900996,0.21058065085548353,2446,False,"q=8 continuation, leak 1.0",8,"a=0.8,lw=1.5,r=0.04,w=0.25; a=1,lw=0.8,r=0.025,w=0.25; a=1,lw=1,r=0.02,w=0.25"
five_level_weak_anharmonic,long_q8_leak10,0.03,deph_0.001,0.001,0.0,38,0.9607288955155208,0.0017506746000600648,0.05583405920645479,0.03825907693787723,0.9872097409819884,0.0026413642410825075,120,196.36258554900996,0.21058065085548353,2446,False,"q=8 continuation, leak 1.0",8,"a=0.8,lw=1.5,r=0.04,w=0.25; a=1,lw=0.8,r=0.025,w=0.25; a=1,lw=1,r=0.02,w=0.25"
five_level_weak_anharmonic,long_q8_leak10,0.03,deph_0.001,0.001,0.0,39,0.9870323228431735,0.002371797836071776,0.07983070671378623,0.010607561075748806,0.989272507018353,0.0026413642410825075,120,196.36258554900996,0.21058065085548353,2446,False,"q=8 continuation, leak 1.0",8,"a=0.8,lw=1.5,r=0.04,w=0.25; a=1,lw=0.8,r=0.025,w=0.25; a=1,lw=1,r=0.02,w=0.25"
five_level_weak_anharmonic,long_q8_leak10,0.03,deph_0.001,0.001,0.0,40,0.9802179410350603,0.0018831366015596984,0.06604541960616261,0.02313441460823783,0.9883676269627116,0.0026413642410825075,120,196.36258554900996,0.21058065085548353,2446,False,"q=8 continuation, leak 1.0",8,"a=0.8,lw=1.5,r=0.04,w=0.25; a=1,lw=0.8,r=0.025,w=0.25; a=1,lw=1,r=0.02,w=0.25"
five_level_weak_anharmonic,long_q8_leak10,0.03,deph_0.001,0.001,0.0,41,0.9184470185975049,0.0015921886368561733,0.07054477776443979,0.09335834515652303,0.9846728929685686,0.0026413642410825075,120,196.36258554900996,0.21058065085548353,2446,False,"q=8 continuation, leak 1.0",8,"a=0.8,lw=1.5,r=0.04,w=0.25; a=1,lw=0.8,r=0.025,w=0.25; a=1,lw=1,r=0.02,w=0.25"
five_level_weak_anharmonic,long_q8_leak10,0.03,deph_0.001,0.001,0.0,42,0.9850909106440355,0.0015124370299293144,0.07418949128335406,0.01687199937742004,0.9890485745255613,0.0026413642410825075,120,196.36258554900996,0.21058065085548353,2446,False,"q=8 continuation, leak 1.0",8,"a=0.8,lw=1.5,r=0.04,w=0.25; a=1,lw=0.8,r=0.025,w=0.25; a=1,lw=1,r=0.02,w=0.25"
five_level_weak_anharmonic,long_q8_leak10,0.03,deph_0.001,0.001,0.0,43,0.9641576866978419,0.0014606518907840371,0.05874716469936825,0.023818877719129113,0.9894720061797926,0.0026413642410825075,120,196.36258554900996,0.21058065085548353,2446,False,"q=8 continuation, leak 1.0",8,"a=0.8,lw=1.5,r=0.04,w=0.25; a=1,lw=0.8,r=0.025,w=0.25; a=1,lw=1,r=0.02,w=0.25"
five_level_weak_anharmonic,long_q8_leak10,0.03,deph_0.001,0.001,0.0,44,0.9677848819954652,0.001712846764684861,0.058661888992232125,0.03426434463828678,0.9881404859360091,0.0026413642410825075,120,196.36258554900996,0.21058065085548353,2446,False,"q=8 continuation, leak 1.0",8,"a=0.8,lw=1.5,r=0.04,w=0.25; a=1,lw=0.8,r=0.025,w=0.25; a=1,lw=1,r=0.02,w=0.25"
five_level_weak_anharmonic,long_q8_leak10,0.03,deph_0.001,0.001,0.0,45,0.9922167976435097,0.001981137583053738,0.08052639831994723,0.008245146865172344,0.9884642600638256,0.0026413642410825075,120,196.36258554900996,0.21058065085548353,2446,False,"q=8 continuation, leak 1.0",8,"a=0.8,lw=1.5,r=0.04,w=0.25; a=1,lw=0.8,r=0.025,w=0.25; a=1,lw=1,r=0.02,w=0.25"
five_level_weak_anharmonic,long_q8_leak10,0.03,deph_0.001,0.001,0.0,46,0.963590733210199,0.001202536018124034,0.059811402640343014,0.04727781730636422,0.9881850161251435,0.0026413642410825075,120,196.36258554900996,0.21058065085548353,2446,False,"q=8 continuation, leak 1.0",8,"a=0.8,lw=1.5,r=0.04,w=0.25; a=1,lw=0.8,r=0.025,w=0.25; a=1,lw=1,r=0.02,w=0.25"
five_level_weak_anharmonic,long_q8_leak10,0.03,deph_0.001,0.001,0.0,47,0.966897152185021,0.0024283297016951533,0.05259034048539468,0.04232832735387353,0.9871922682956228,0.0026413642410825075,120,196.36258554900996,0.21058065085548353,2446,False,"q=8 continuation, leak 1.0",8,"a=0.8,lw=1.5,r=0.04,w=0.25; a=1,lw=0.8,r=0.025,w=0.25; a=1,lw=1,r=0.02,w=0.25"
five_level_weak_anharmonic,long_q8_leak10,0.03,deph_0.001,0.001,0.0,48,0.8349542346917445,0.0014714399921790244,0.07141727112069118,0.1528869567370942,0.9852819632444431,0.0026413642410825075,120,196.36258554900996,0.21058065085548353,2446,False,"q=8 continuation, leak 1.0",8,"a=0.8,lw=1.5,r=0.04,w=0.25; a=1,lw=0.8,r=0.025,w=0.25; a=1,lw=1,r=0.02,w=0.25"
five_level_weak_anharmonic,long_q8_leak10,0.03,deph_0.001,0.001,0.0,49,0.9682246417048975,0.0018765111958407577,0.07374557994973074,0.03222715660608651,0.9867117714276309,0.0026413642410825075,120,196.36258554900996,0.21058065085548353,2446,False,"q=8 continuation, leak 1.0",8,"a=0.8,lw=1.5,r=0.04,w=0.25; a=1,lw=0.8,r=0.025,w=0.25; a=1,lw=1,r=0.02,w=0.25"
five_level_weak_anharmonic,long_q8_leak10,0.03,deph_0.001,0.001,0.0,50,0.931582872452665,0.0023694870066977014,0.07581318377656343,0.05226716245226957,0.9857784955787227,0.0026413642410825075,120,196.36258554900996,0.21058065085548353,2446,False,"q=8 continuation, leak 1.0",8,"a=0.8,lw=1.5,r=0.04,w=0.25; a=1,lw=0.8,r=0.025,w=0.25; a=1,lw=1,r=0.02,w=0.25"
five_level_weak_anharmonic,long_q8_leak10,0.03,deph_0.001,0.001,0.0,51,0.9385373437910118,0.0016832174886782791,0.07803907699418944,0.05766081931541118,0.985144641711862,0.0026413642410825075,120,196.36258554900996,0.21058065085548353,2446,False,"q=8 continuation, leak 1.0",8,"a=0.8,lw=1.5,r=0.04,w=0.25; a=1,lw=0.8,r=0.025,w=0.25; a=1,lw=1,r=0.02,w=0.25"
five_level_weak_anharmonic,long_q8_leak10,0.03,deph_0.001,0.001,0.0,52,0.9338443449948908,0.0012846807760579226,0.07314528452126579,0.07802509394257079,0.9854835670326759,0.0026413642410825075,120,196.36258554900996,0.21058065085548353,2446,False,"q=8 continuation, leak 1.0",8,"a=0.8,lw=1.5,r=0.04,w=0.25; a=1,lw=0.8,r=0.025,w=0.25; a=1,lw=1,r=0.02,w=0.25"
five_level_weak_anharmonic,long_q8_leak10,0.03,deph_0.001,0.001,0.0,53,0.9256034814727397,0.001506282170181894,0.07596606404171169,0.056586028170710866,0.9872790281709963,0.0026413642410825075,120,196.36258554900996,0.21058065085548353,2446,False,"q=8 continuation, leak 1.0",8,"a=0.8,lw=1.5,r=0.04,w=0.25; a=1,lw=0.8,r=0.025,w=0.25; a=1,lw=1,r=0.02,w=0.25"
five_level_weak_anharmonic,long_q8_leak10,0.03,deph_0.001,0.001,0.0,54,0.9551561470200198,0.002617574958316826,0.08043282272192243,0.0334103817362288,0.9883899804004054,0.0026413642410825075,120,196.36258554900996,0.21058065085548353,2446,False,"q=8 continuation, leak 1.0",8,"a=0.8,lw=1.5,r=0.04,w=0.25; a=1,lw=0.8,r=0.025,w=0.25; a=1,lw=1,r=0.02,w=0.25"
five_level_weak_anharmonic,long_q8_leak10,0.03,deph_0.001,0.001,0.0,55,0.9585882865381671,0.0019137512158500236,0.08005760822370522,0.04240709464640734,0.9869632569478735,0.0026413642410825075,120,196.36258554900996,0.21058065085548353,2446,False,"q=8 continuation, leak 1.0",8,"a=0.8,lw=1.5,r=0.04,w=0.25; a=1,lw=0.8,r=0.025,w=0.25; a=1,lw=1,r=0.02,w=0.25"
five_level_weak_anharmonic,long_q8_leak10,0.03,deph_0.001,0.001,0.0,56,0.9737405580201346,0.0024803733542269057,0.07714930013266397,0.023029404157210928,0.9897398118964104,0.0026413642410825075,120,196.36258554900996,0.21058065085548353,2446,False,"q=8 continuation, leak 1.0",8,"a=0.8,lw=1.5,r=0.04,w=0.25; a=1,lw=0.8,r=0.025,w=0.25; a=1,lw=1,r=0.02,w=0.25"
five_level_weak_anharmonic,long_q8_leak10,0.03,deph_0.001,0.001,0.0,57,0.8015143431931433,0.0041313641237550325,0.09588277817328905,0.1580748567126679,0.9791978721141944,0.0026413642410825075,120,196.36258554900996,0.21058065085548353,2446,False,"q=8 continuation, leak 1.0",8,"a=0.8,lw=1.5,r=0.04,w=0.25; a=1,lw=0.8,r=0.025,w=0.25; a=1,lw=1,r=0.02,w=0.25"
five_level_weak_anharmonic,long_q8_leak10,0.03,deph_0.001,0.001,0.0,58,0.992481039826926,0.0010427478900556508,0.05025641027221184,0.0077330183727863,0.9903621144414474,0.0026413642410825075,120,196.36258554900996,0.21058065085548353,2446,False,"q=8 continuation, leak 1.0",8,"a=0.8,lw=1.5,r=0.04,w=0.25; a=1,lw=0.8,r=0.025,w=0.25; a=1,lw=1,r=0.02,w=0.25"
five_level_weak_anharmonic,long_q8_leak10,0.03,deph_0.001,0.001,0.0,59,0.9180207458824353,0.002550409724898617,0.08750820368991175,0.09116355529551623,0.9852590639030129,0.0026413642410825075,120,196.36258554900996,0.21058065085548353,2446,False,"q=8 continuation, leak 1.0",8,"a=0.8,lw=1.5,r=0.04,w=0.25; a=1,lw=0.8,r=0.025,w=0.25; a=1,lw=1,r=0.02,w=0.25"
five_level_weak_anharmonic,long_q8_leak10,0.03,relax_0.0005,0.0,0.0005,10,0.8788781812181217,0.00015231575841689882,0.07227705644415161,0.10563557561981324,0.9585348404183718,0.0026413642410825075,120,196.36258554900996,0.21058065085548353,2446,False,"q=8 continuation, leak 1.0",8,"a=0.8,lw=1.5,r=0.04,w=0.25; a=1,lw=0.8,r=0.025,w=0.25; a=1,lw=1,r=0.02,w=0.25"
five_level_weak_anharmonic,long_q8_leak10,0.03,relax_0.0005,0.0,0.0005,11,0.890362674428708,0.0016659827439169383,0.07519596362157754,0.10537295900165095,0.9564887518688523,0.0026413642410825075,120,196.36258554900996,0.21058065085548353,2446,False,"q=8 continuation, leak 1.0",8,"a=0.8,lw=1.5,r=0.04,w=0.25; a=1,lw=0.8,r=0.025,w=0.25; a=1,lw=1,r=0.02,w=0.25"
five_level_weak_anharmonic,long_q8_leak10,0.03,relax_0.0005,0.0,0.0005,12,0.8960211837756238,0.0011360166661960047,0.05884216916585805,0.12174704696241478,0.9601940559353048,0.0026413642410825075,120,196.36258554900996,0.21058065085548353,2446,False,"q=8 continuation, leak 1.0",8,"a=0.8,lw=1.5,r=0.04,w=0.25; a=1,lw=0.8,r=0.025,w=0.25; a=1,lw=1,r=0.02,w=0.25"
five_level_weak_anharmonic,long_q8_leak10,0.03,relax_0.0005,0.0,0.0005,13,0.8709082062578555,0.0002056403288808184,0.07742731863350016,0.12589391919347992,0.9635081023553642,0.0026413642410825075,120,196.36258554900996,0.21058065085548353,2446,False,"q=8 continuation, leak 1.0",8,"a=0.8,lw=1.5,r=0.04,w=0.25; a=1,lw=0.8,r=0.025,w=0.25; a=1,lw=1,r=0.02,w=0.25"
five_level_weak_anharmonic,long_q8_leak10,0.03,relax_0.0005,0.0,0.0005,14,0.9072184970158751,0.0006623369676882485,0.06981691221814634,0.08551488953439933,0.9588956443332948,0.0026413642410825075,120,196.36258554900996,0.21058065085548353,2446,False,"q=8 continuation, leak 1.0",8,"a=0.8,lw=1.5,r=0.04,w=0.25; a=1,lw=0.8,r=0.025,w=0.25; a=1,lw=1,r=0.02,w=0.25"
five_level_weak_anharmonic,long_q8_leak10,0.03,relax_0.0005,0.0,0.0005,15,0.9494977641793588,0.0014596253010804583,0.08832616509976265,0.03969350471494871,0.9570930720644911,0.0026413642410825075,120,196.36258554900996,0.21058065085548353,2446,False,"q=8 continuation, leak 1.0",8,"a=0.8,lw=1.5,r=0.04,w=0.25; a=1,lw=0.8,r=0.025,w=0.25; a=1,lw=1,r=0.02,w=0.25"
five_level_weak_anharmonic,long_q8_leak10,0.03,relax_0.0005,0.0,0.0005,16,0.95062561893254,0.0017322510558235305,0.07988582384220488,0.05568807598016447,0.9561278055916824,0.0026413642410825075,120,196.36258554900996,0.21058065085548353,2446,False,"q=8 continuation, leak 1.0",8,"a=0.8,lw=1.5,r=0.04,w=0.25; a=1,lw=0.8,r=0.025,w=0.25; a=1,lw=1,r=0.02,w=0.25"
five_level_weak_anharmonic,long_q8_leak10,0.03,relax_0.0005,0.0,0.0005,17,0.8454470515027503,0.0006516761976809171,0.06282674636293295,0.12138935271855253,0.9631161566559996,0.0026413642410825075,120,196.36258554900996,0.21058065085548353,2446,False,"q=8 continuation, leak 1.0",8,"a=0.8,lw=1.5,r=0.04,w=0.25; a=1,lw=0.8,r=0.025,w=0.25; a=1,lw=1,r=0.02,w=0.25"
five_level_weak_anharmonic,long_q8_leak10,0.03,relax_0.0005,0.0,0.0005,18,0.9347180181099233,0.0008397871833683013,0.07419361291562376,0.049804141393166405,0.9583054625672611,0.0026413642410825075,120,196.36258554900996,0.21058065085548353,2446,False,"q=8 continuation, leak 1.0",8,"a=0.8,lw=1.5,r=0.04,w=0.25; a=1,lw=0.8,r=0.025,w=0.25; a=1,lw=1,r=0.02,w=0.25"
five_level_weak_anharmonic,long_q8_leak10,0.03,relax_0.0005,0.0,0.0005,19,0.8865671560690312,0.00025207330815668616,0.06827520204989268,0.12570993303059694,0.9595604559458533,0.0026413642410825075,120,196.36258554900996,0.21058065085548353,2446,False,"q=8 continuation, leak 1.0",8,"a=0.8,lw=1.5,r=0.04,w=0.25; a=1,lw=0.8,r=0.025,w=0.25; a=1,lw=1,r=0.02,w=0.25"
five_level_weak_anharmonic,long_q8_leak10,0.03,relax_0.0005,0.0,0.0005,20,0.8686740237546454,0.0005839291270794966,0.06814405574451121,0.13620004512818484,0.9608903541184485,0.0026413642410825075,120,196.36258554900996,0.21058065085548353,2446,False,"q=8 continuation, leak 1.0",8,"a=0.8,lw=1.5,r=0.04,w=0.25; a=1,lw=0.8,r=0.025,w=0.25; a=1,lw=1,r=0.02,w=0.25"
five_level_weak_anharmonic,long_q8_leak10,0.03,relax_0.0005,0.0,0.0005,21,0.9431680097061479,0.0006763684215473909,0.05808962009006735,0.06295934952412194,0.9567099057062295,0.0026413642410825075,120,196.36258554900996,0.21058065085548353,2446,False,"q=8 continuation, leak 1.0",8,"a=0.8,lw=1.5,r=0.04,w=0.25; a=1,lw=0.8,r=0.025,w=0.25; a=1,lw=1,r=0.02,w=0.25"
five_level_weak_anharmonic,long_q8_leak10,0.03,relax_0.0005,0.0,0.0005,22,0.9119553355839942,0.0002834539375410339,0.07846763259027578,0.08830691245197596,0.9566334631530479,0.0026413642410825075,120,196.36258554900996,0.21058065085548353,2446,False,"q=8 continuation, leak 1.0",8,"a=0.8,lw=1.5,r=0.04,w=0.25; a=1,lw=0.8,r=0.025,w=0.25; a=1,lw=1,r=0.02,w=0.25"
five_level_weak_anharmonic,long_q8_leak10,0.03,relax_0.0005,0.0,0.0005,23,0.9722908848598693,0.0007527123151624959,0.06448465642710799,0.02796055000552406,0.9549471683305337,0.0026413642410825075,120,196.36258554900996,0.21058065085548353,2446,False,"q=8 continuation, leak 1.0",8,"a=0.8,lw=1.5,r=0.04,w=0.25; a=1,lw=0.8,r=0.025,w=0.25; a=1,lw=1,r=0.02,w=0.25"
five_level_weak_anharmonic,long_q8_leak10,0.03,relax_0.0005,0.0,0.0005,24,0.939881787177286,0.0002031018455405098,0.061360738632519896,0.04538872681071168,0.9576452517870279,0.0026413642410825075,120,196.36258554900996,0.21058065085548353,2446,False,"q=8 continuation, leak 1.0",8,"a=0.8,lw=1.5,r=0.04,w=0.25; a=1,lw=0.8,r=0.025,w=0.25; a=1,lw=1,r=0.02,w=0.25"
five_level_weak_anharmonic,long_q8_leak10,0.03,relax_0.0005,0.0,0.0005,25,0.9462162381532185,0.0009421496316606159,0.06659092018258006,0.041256666783430956,0.9565101770848367,0.0026413642410825075,120,196.36258554900996,0.21058065085548353,2446,False,"q=8 continuation, leak 1.0",8,"a=0.8,lw=1.5,r=0.04,w=0.25; a=1,lw=0.8,r=0.025,w=0.25; a=1,lw=1,r=0.02,w=0.25"
five_level_weak_anharmonic,long_q8_leak10,0.03,relax_0.0005,0.0,0.0005,26,0.9684630439688484,0.0010922945525388972,0.07587945164620269,0.02581547977062324,0.9564906286485658,0.0026413642410825075,120,196.36258554900996,0.21058065085548353,2446,False,"q=8 continuation, leak 1.0",8,"a=0.8,lw=1.5,r=0.04,w=0.25; a=1,lw=0.8,r=0.025,w=0.25; a=1,lw=1,r=0.02,w=0.25"
five_level_weak_anharmonic,long_q8_leak10,0.03,relax_0.0005,0.0,0.0005,27,0.9070761620728373,0.0006055412659841108,0.06099924903663445,0.07162831951778173,0.9597152283740337,0.0026413642410825075,120,196.36258554900996,0.21058065085548353,2446,False,"q=8 continuation, leak 1.0",8,"a=0.8,lw=1.5,r=0.04,w=0.25; a=1,lw=0.8,r=0.025,w=0.25; a=1,lw=1,r=0.02,w=0.25"
five_level_weak_anharmonic,long_q8_leak10,0.03,relax_0.0005,0.0,0.0005,28,0.9205603703572761,0.0025714802833544104,0.06606192409187206,0.081951070795104,0.9573296090879063,0.0026413642410825075,120,196.36258554900996,0.21058065085548353,2446,False,"q=8 continuation, leak 1.0",8,"a=0.8,lw=1.5,r=0.04,w=0.25; a=1,lw=0.8,r=0.025,w=0.25; a=1,lw=1,r=0.02,w=0.25"
five_level_weak_anharmonic,long_q8_leak10,0.03,relax_0.0005,0.0,0.0005,29,0.9588781019313005,0.0012124980877041835,0.05358414497477337,0.040924242067753774,0.9567111052859699,0.0026413642410825075,120,196.36258554900996,0.21058065085548353,2446,False,"q=8 continuation, leak 1.0",8,"a=0.8,lw=1.5,r=0.04,w=0.25; a=1,lw=0.8,r=0.025,w=0.25; a=1,lw=1,r=0.02,w=0.25"
five_level_weak_anharmonic,long_q8_leak10,0.03,relax_0.0005,0.0,0.0005,30,0.9332404058608543,0.0010134879424641419,0.06235322257531539,0.05315671814419003,0.9590936304167885,0.0026413642410825075,120,196.36258554900996,0.21058065085548353,2446,False,"q=8 continuation, leak 1.0",8,"a=0.8,lw=1.5,r=0.04,w=0.25; a=1,lw=0.8,r=0.025,w=0.25; a=1,lw=1,r=0.02,w=0.25"
five_level_weak_anharmonic,long_q8_leak10,0.03,relax_0.0005,0.0,0.0005,31,0.9016545117930344,0.0011970008498073392,0.08563689055911317,0.09263527300709454,0.956502744431992,0.0026413642410825075,120,196.36258554900996,0.21058065085548353,2446,False,"q=8 continuation, leak 1.0",8,"a=0.8,lw=1.5,r=0.04,w=0.25; a=1,lw=0.8,r=0.025,w=0.25; a=1,lw=1,r=0.02,w=0.25"
five_level_weak_anharmonic,long_q8_leak10,0.03,relax_0.0005,0.0,0.0005,32,0.944840241955206,0.00037715457301590316,0.07427782608358247,0.05356111484952038,0.9547877255615727,0.0026413642410825075,120,196.36258554900996,0.21058065085548353,2446,False,"q=8 continuation, leak 1.0",8,"a=0.8,lw=1.5,r=0.04,w=0.25; a=1,lw=0.8,r=0.025,w=0.25; a=1,lw=1,r=0.02,w=0.25"
five_level_weak_anharmonic,long_q8_leak10,0.03,relax_0.0005,0.0,0.0005,33,0.9404743499530269,0.000601911863792326,0.07683010541751467,0.04714284051438193,0.9587606940137371,0.0026413642410825075,120,196.36258554900996,0.21058065085548353,2446,False,"q=8 continuation, leak 1.0",8,"a=0.8,lw=1.5,r=0.04,w=0.25; a=1,lw=0.8,r=0.025,w=0.25; a=1,lw=1,r=0.02,w=0.25"
five_level_weak_anharmonic,long_q8_leak10,0.03,relax_0.0005,0.0,0.0005,34,0.9674119374852694,0.0009699286261894979,0.09104874244335392,0.02604048278879653,0.9565654494171766,0.0026413642410825075,120,196.36258554900996,0.21058065085548353,2446,False,"q=8 continuation, leak 1.0",8,"a=0.8,lw=1.5,r=0.04,w=0.25; a=1,lw=0.8,r=0.025,w=0.25; a=1,lw=1,r=0.02,w=0.25"
five_level_weak_anharmonic,long_q8_leak10,0.03,relax_0.0005,0.0,0.0005,35,0.8540158555732007,0.0012014100893880109,0.08631361143597416,0.1381465075887572,0.9618335642352073,0.0026413642410825075,120,196.36258554900996,0.21058065085548353,2446,False,"q=8 continuation, leak 1.0",8,"a=0.8,lw=1.5,r=0.04,w=0.25; a=1,lw=0.8,r=0.025,w=0.25; a=1,lw=1,r=0.02,w=0.25"
five_level_weak_anharmonic,long_q8_leak10,0.03,relax_0.0005,0.0,0.0005,36,0.9694950895129586,0.0010676848035796604,0.06037137843158469,0.030169824980754188,0.954942207799625,0.0026413642410825075,120,196.36258554900996,0.21058065085548353,2446,False,"q=8 continuation, leak 1.0",8,"a=0.8,lw=1.5,r=0.04,w=0.25; a=1,lw=0.8,r=0.025,w=0.25; a=1,lw=1,r=0.02,w=0.25"
five_level_weak_anharmonic,long_q8_leak10,0.03,relax_0.0005,0.0,0.0005,37,0.7381364661044462,0.0009197639437685812,0.05191185707175139,0.20931629980719704,0.9684655307344854,0.0026413642410825075,120,196.36258554900996,0.21058065085548353,2446,False,"q=8 continuation, leak 1.0",8,"a=0.8,lw=1.5,r=0.04,w=0.25; a=1,lw=0.8,r=0.025,w=0.25; a=1,lw=1,r=0.02,w=0.25"
five_level_weak_anharmonic,long_q8_leak10,0.03,relax_0.0005,0.0,0.0005,38,0.9426367408625556,0.0009707944697161519,0.05574301630537504,0.05326768906894612,0.958687229413749,0.0026413642410825075,120,196.36258554900996,0.21058065085548353,2446,False,"q=8 continuation, leak 1.0",8,"a=0.8,lw=1.5,r=0.04,w=0.25; a=1,lw=0.8,r=0.025,w=0.25; a=1,lw=1,r=0.02,w=0.25"
five_level_weak_anharmonic,long_q8_leak10,0.03,relax_0.0005,0.0,0.0005,39,0.9694738442454796,0.001165476037922053,0.0793199609935542,0.025062173155305446,0.9553953455448385,0.0026413642410825075,120,196.36258554900996,0.21058065085548353,2446,False,"q=8 continuation, leak 1.0",8,"a=0.8,lw=1.5,r=0.04,w=0.25; a=1,lw=0.8,r=0.025,w=0.25; a=1,lw=1,r=0.02,w=0.25"
five_level_weak_anharmonic,long_q8_leak10,0.03,relax_0.0005,0.0,0.0005,40,0.9623056076820808,0.0008435255420010668,0.0655751106760889,0.03788583951208854,0.9562986343208357,0.0026413642410825075,120,196.36258554900996,0.21058065085548353,2446,False,"q=8 continuation, leak 1.0",8,"a=0.8,lw=1.5,r=0.04,w=0.25; a=1,lw=0.8,r=0.025,w=0.25; a=1,lw=1,r=0.02,w=0.25"
five_level_weak_anharmonic,long_q8_leak10,0.03,relax_0.0005,0.0,0.0005,41,0.9009459460796189,0.0004454002048703831,0.07006209572862887,0.10806310605606376,0.9586952482588557,0.0026413642410825075,120,196.36258554900996,0.21058065085548353,2446,False,"q=8 continuation, leak 1.0",8,"a=0.8,lw=1.5,r=0.04,w=0.25; a=1,lw=0.8,r=0.025,w=0.25; a=1,lw=1,r=0.02,w=0.25"
five_level_weak_anharmonic,long_q8_leak10,0.03,relax_0.0005,0.0,0.0005,42,0.9689488319150159,0.00030483133040493104,0.0735445186965682,0.029997225899056047,0.9557018617387105,0.0026413642410825075,120,196.36258554900996,0.21058065085548353,2446,False,"q=8 continuation, leak 1.0",8,"a=0.8,lw=1.5,r=0.04,w=0.25; a=1,lw=0.8,r=0.025,w=0.25; a=1,lw=1,r=0.02,w=0.25"
five_level_weak_anharmonic,long_q8_leak10,0.03,relax_0.0005,0.0,0.0005,43,0.946010681036696,0.0006425835187444662,0.058283725784110896,0.03893253663044023,0.9557642979148279,0.0026413642410825075,120,196.36258554900996,0.21058065085548353,2446,False,"q=8 continuation, leak 1.0",8,"a=0.8,lw=1.5,r=0.04,w=0.25; a=1,lw=0.8,r=0.025,w=0.25; a=1,lw=1,r=0.02,w=0.25"
five_level_weak_anharmonic,long_q8_leak10,0.03,relax_0.0005,0.0,0.0005,44,0.9522386234851674,0.0009381798043932577,0.0581903572801743,0.04709039118777533,0.958326165538066,0.0026413642410825075,120,196.36258554900996,0.21058065085548353,2446,False,"q=8 continuation, leak 1.0",8,"a=0.8,lw=1.5,r=0.04,w=0.25; a=1,lw=0.8,r=0.025,w=0.25; a=1,lw=1,r=0.02,w=0.25"
five_level_weak_anharmonic,long_q8_leak10,0.03,relax_0.0005,0.0,0.0005,45,0.9752736857774944,0.0006215532094961951,0.07993546765865611,0.022044291151226927,0.9564354951819816,0.0026413642410825075,120,196.36258554900996,0.21058065085548353,2446,False,"q=8 continuation, leak 1.0",8,"a=0.8,lw=1.5,r=0.04,w=0.25; a=1,lw=0.8,r=0.025,w=0.25; a=1,lw=1,r=0.02,w=0.25"
five_level_weak_anharmonic,long_q8_leak10,0.03,relax_0.0005,0.0,0.0005,46,0.9461061150373072,0.00031774604893264335,0.05937144832548258,0.062256941978663126,0.9559333601909932,0.0026413642410825075,120,196.36258554900996,0.21058065085548353,2446,False,"q=8 continuation, leak 1.0",8,"a=0.8,lw=1.5,r=0.04,w=0.25; a=1,lw=0.8,r=0.025,w=0.25; a=1,lw=1,r=0.02,w=0.25"
five_level_weak_anharmonic,long_q8_leak10,0.03,relax_0.0005,0.0,0.0005,47,0.9486101813422025,0.0016338886593623148,0.052146344008137,0.05771071031254218,0.9574080357915317,0.0026413642410825075,120,196.36258554900996,0.21058065085548353,2446,False,"q=8 continuation, leak 1.0",8,"a=0.8,lw=1.5,r=0.04,w=0.25; a=1,lw=0.8,r=0.025,w=0.25; a=1,lw=1,r=0.02,w=0.25"
five_level_weak_anharmonic,long_q8_leak10,0.03,relax_0.0005,0.0,0.0005,48,0.8198543977105056,0.00035634846630094863,0.07094099594111514,0.16605147184132277,0.9586945423418053,0.0026413642410825075,120,196.36258554900996,0.21058065085548353,2446,False,"q=8 continuation, leak 1.0",8,"a=0.8,lw=1.5,r=0.04,w=0.25; a=1,lw=0.8,r=0.025,w=0.25; a=1,lw=1,r=0.02,w=0.25"
five_level_weak_anharmonic,long_q8_leak10,0.03,relax_0.0005,0.0,0.0005,49,0.9499958718735908,0.0007415947278617274,0.07319426496027215,0.04738157014440539,0.9575987782108901,0.0026413642410825075,120,196.36258554900996,0.21058065085548353,2446,False,"q=8 continuation, leak 1.0",8,"a=0.8,lw=1.5,r=0.04,w=0.25; a=1,lw=0.8,r=0.025,w=0.25; a=1,lw=1,r=0.02,w=0.25"
five_level_weak_anharmonic,long_q8_leak10,0.03,relax_0.0005,0.0,0.0005,50,0.9130531152924423,0.0012366948730349048,0.075217994774326,0.06747245362229987,0.9598855571288194,0.0026413642410825075,120,196.36258554900996,0.21058065085548353,2446,False,"q=8 continuation, leak 1.0",8,"a=0.8,lw=1.5,r=0.04,w=0.25; a=1,lw=0.8,r=0.025,w=0.25; a=1,lw=1,r=0.02,w=0.25"
five_level_weak_anharmonic,long_q8_leak10,0.03,relax_0.0005,0.0,0.0005,51,0.9205672822188006,0.0003609380439961729,0.0773974486171306,0.07249390152765045,0.9583005490605072,0.0026413642410825075,120,196.36258554900996,0.21058065085548353,2446,False,"q=8 continuation, leak 1.0",8,"a=0.8,lw=1.5,r=0.04,w=0.25; a=1,lw=0.8,r=0.025,w=0.25; a=1,lw=1,r=0.02,w=0.25"
five_level_weak_anharmonic,long_q8_leak10,0.03,relax_0.0005,0.0,0.0005,52,0.9163982650663113,0.00012427752861665642,0.07262689689693846,0.09268839674174816,0.9581802530424147,0.0026413642410825075,120,196.36258554900996,0.21058065085548353,2446,False,"q=8 continuation, leak 1.0",8,"a=0.8,lw=1.5,r=0.04,w=0.25; a=1,lw=0.8,r=0.025,w=0.25; a=1,lw=1,r=0.02,w=0.25"
five_level_weak_anharmonic,long_q8_leak10,0.03,relax_0.0005,0.0,0.0005,53,0.9072213263765492,0.0004244060064172439,0.07543806675932152,0.0718104177596316,0.9577007476743998,0.0026413642410825075,120,196.36258554900996,0.21058065085548353,2446,False,"q=8 continuation, leak 1.0",8,"a=0.8,lw=1.5,r=0.04,w=0.25; a=1,lw=0.8,r=0.025,w=0.25; a=1,lw=1,r=0.02,w=0.25"
five_level_weak_anharmonic,long_q8_leak10,0.03,relax_0.0005,0.0,0.0005,54,0.9378134537272997,0.0013402878631341153,0.07983137456366163,0.04775010932936918,0.9561973471781009,0.0026413642410825075,120,196.36258554900996,0.21058065085548353,2446,False,"q=8 continuation, leak 1.0",8,"a=0.8,lw=1.5,r=0.04,w=0.25; a=1,lw=0.8,r=0.025,w=0.25; a=1,lw=1,r=0.02,w=0.25"
five_level_weak_anharmonic,long_q8_leak10,0.03,relax_0.0005,0.0,0.0005,55,0.9428674921115382,0.0007383160507669073,0.07942009232990443,0.055294048287319215,0.9589431927338785,0.0026413642410825075,120,196.36258554900996,0.21058065085548353,2446,False,"q=8 continuation, leak 1.0",8,"a=0.8,lw=1.5,r=0.04,w=0.25; a=1,lw=0.8,r=0.025,w=0.25; a=1,lw=1,r=0.02,w=0.25"
five_level_weak_anharmonic,long_q8_leak10,0.03,relax_0.0005,0.0,0.0005,56,0.9565096939187374,0.001351028755115613,0.07667404982732373,0.03737879658274333,0.9542749208890046,0.0026413642410825075,120,196.36258554900996,0.21058065085548353,2446,False,"q=8 continuation, leak 1.0",8,"a=0.8,lw=1.5,r=0.04,w=0.25; a=1,lw=0.8,r=0.025,w=0.25; a=1,lw=1,r=0.02,w=0.25"
five_level_weak_anharmonic,long_q8_leak10,0.03,relax_0.0005,0.0,0.0005,57,0.7835828770762866,0.002547478414191562,0.09515764445775854,0.17293835792257986,0.9655425979751698,0.0026413642410825075,120,196.36258554900996,0.21058065085548353,2446,False,"q=8 continuation, leak 1.0",8,"a=0.8,lw=1.5,r=0.04,w=0.25; a=1,lw=0.8,r=0.025,w=0.25; a=1,lw=1,r=0.02,w=0.25"
five_level_weak_anharmonic,long_q8_leak10,0.03,relax_0.0005,0.0,0.0005,58,0.9743600835544597,0.000322545760882087,0.04983283486280021,0.022854193820357884,0.9550043593133712,0.0026413642410825075,120,196.36258554900996,0.21058065085548353,2446,False,"q=8 continuation, leak 1.0",8,"a=0.8,lw=1.5,r=0.04,w=0.25; a=1,lw=0.8,r=0.025,w=0.25; a=1,lw=1,r=0.02,w=0.25"
five_level_weak_anharmonic,long_q8_leak10,0.03,relax_0.0005,0.0,0.0005,59,0.9018269011216413,0.0011377081871145611,0.0868323704822308,0.10503481728918412,0.9576628539538918,0.0026413642410825075,120,196.36258554900996,0.21058065085548353,2446,False,"q=8 continuation, leak 1.0",8,"a=0.8,lw=1.5,r=0.04,w=0.25; a=1,lw=0.8,r=0.025,w=0.25; a=1,lw=1,r=0.02,w=0.25"
five_level_weak_anharmonic,long_q8_leak10,0.03,combined,0.001,0.0005,10,0.8752313506580592,0.0012118280462721787,0.07245288442394027,0.10958764553844541,0.9458930252951167,0.0026413642410825075,120,196.36258554900996,0.21058065085548353,2446,False,"q=8 continuation, leak 1.0",8,"a=0.8,lw=1.5,r=0.04,w=0.25; a=1,lw=0.8,r=0.025,w=0.25; a=1,lw=1,r=0.02,w=0.25"
five_level_weak_anharmonic,long_q8_leak10,0.03,combined,0.001,0.0005,11,0.8865799646813846,0.002799907864660889,0.07543544416701509,0.10908895887943658,0.9445547261218826,0.0026413642410825075,120,196.36258554900996,0.21058065085548353,2446,False,"q=8 continuation, leak 1.0",8,"a=0.8,lw=1.5,r=0.04,w=0.25; a=1,lw=0.8,r=0.025,w=0.25; a=1,lw=1,r=0.02,w=0.25"
five_level_weak_anharmonic,long_q8_leak10,0.03,combined,0.001,0.0005,12,0.8921216963349886,0.002029268754418778,0.058994040552828864,0.12516133064087284,0.9452771200333115,0.0026413642410825075,120,196.36258554900996,0.21058065085548353,2446,False,"q=8 continuation, leak 1.0",8,"a=0.8,lw=1.5,r=0.04,w=0.25; a=1,lw=0.8,r=0.025,w=0.25; a=1,lw=1,r=0.02,w=0.25"
five_level_weak_anharmonic,long_q8_leak10,0.03,combined,0.001,0.0005,13,0.8670927511841698,0.001247558060716747,0.07763111863934413,0.12974648630091623,0.9472628441361322,0.0026413642410825075,120,196.36258554900996,0.21058065085548353,2446,False,"q=8 continuation, leak 1.0",8,"a=0.8,lw=1.5,r=0.04,w=0.25; a=1,lw=0.8,r=0.025,w=0.25; a=1,lw=1,r=0.02,w=0.25"
five_level_weak_anharmonic,long_q8_leak10,0.03,combined,0.001,0.0005,14,0.903337625872677,0.0015368345069342038,0.07002318085954773,0.08956324668819027,0.9465149987236506,0.0026413642410825075,120,196.36258554900996,0.21058065085548353,2446,False,"q=8 continuation, leak 1.0",8,"a=0.8,lw=1.5,r=0.04,w=0.25; a=1,lw=0.8,r=0.025,w=0.25; a=1,lw=1,r=0.02,w=0.25"
five_level_weak_anharmonic,long_q8_leak10,0.03,combined,0.001,0.0005,15,0.9445427407582578,0.002828218224178891,0.08850953029816122,0.044867120939091454,0.9449536725223127,0.0026413642410825075,120,196.36258554900996,0.21058065085548353,2446,False,"q=8 continuation, leak 1.0",8,"a=0.8,lw=1.5,r=0.04,w=0.25; a=1,lw=0.8,r=0.025,w=0.25; a=1,lw=1,r=0.02,w=0.25"
five_level_weak_anharmonic,long_q8_leak10,0.03,combined,0.001,0.0005,16,0.9457095346532027,0.0030197520564662073,0.08014260141647256,0.06035605858931255,0.9445324553951734,0.0026413642410825075,120,196.36258554900996,0.21058065085548353,2446,False,"q=8 continuation, leak 1.0",8,"a=0.8,lw=1.5,r=0.04,w=0.25; a=1,lw=0.8,r=0.025,w=0.25; a=1,lw=1,r=0.02,w=0.25"
five_level_weak_anharmonic,long_q8_leak10,0.03,combined,0.001,0.0005,17,0.842527631311795,0.0015178039633383378,0.0630199975404393,0.12517616776242294,0.9470474377379025,0.0026413642410825075,120,196.36258554900996,0.21058065085548353,2446,False,"q=8 continuation, leak 1.0",8,"a=0.8,lw=1.5,r=0.04,w=0.25; a=1,lw=0.8,r=0.025,w=0.25; a=1,lw=1,r=0.02,w=0.25"
five_level_weak_anharmonic,long_q8_leak10,0.03,combined,0.001,0.0005,18,0.9302379412514055,0.0018838926175178683,0.07434827080914719,0.054687823802459755,0.9458050062284368,0.0026413642410825075,120,196.36258554900996,0.21058065085548353,2446,False,"q=8 continuation, leak 1.0",8,"a=0.8,lw=1.5,r=0.04,w=0.25; a=1,lw=0.8,r=0.025,w=0.25; a=1,lw=1,r=0.02,w=0.25"
five_level_weak_anharmonic,long_q8_leak10,0.03,combined,0.001,0.0005,19,0.8829032968067423,0.0012952247474208312,0.06844077818429539,0.12902380432339527,0.9448525299040795,0.0026413642410825075,120,196.36258554900996,0.21058065085548353,2446,False,"q=8 continuation, leak 1.0",8,"a=0.8,lw=1.5,r=0.04,w=0.25; a=1,lw=0.8,r=0.025,w=0.25; a=1,lw=1,r=0.02,w=0.25"
five_level_weak_anharmonic,long_q8_leak10,0.03,combined,0.001,0.0005,20,0.8651410313799904,0.0017417345357423342,0.0684136868059847,0.13961259850722757,0.9448381355598562,0.0026413642410825075,120,196.36258554900996,0.21058065085548353,2446,False,"q=8 continuation, leak 1.0",8,"a=0.8,lw=1.5,r=0.04,w=0.25; a=1,lw=0.8,r=0.025,w=0.25; a=1,lw=1,r=0.02,w=0.25"
five_level_weak_anharmonic,long_q8_leak10,0.03,combined,0.001,0.0005,21,0.9387911543099345,0.0014976347398084622,0.0582827184194431,0.06716377888130314,0.9451042231710359,0.0026413642410825075,120,196.36258554900996,0.21058065085548353,2446,False,"q=8 continuation, leak 1.0",8,"a=0.8,lw=1.5,r=0.04,w=0.25; a=1,lw=0.8,r=0.025,w=0.25; a=1,lw=1,r=0.02,w=0.25"
five_level_weak_anharmonic,long_q8_leak10,0.03,combined,0.001,0.0005,22,0.9078736929718367,0.0014096082467391913,0.07864361361298655,0.0923430294386967,0.9446337265443234,0.0026413642410825075,120,196.36258554900996,0.21058065085548353,2446,False,"q=8 continuation, leak 1.0",8,"a=0.8,lw=1.5,r=0.04,w=0.25; a=1,lw=0.8,r=0.025,w=0.25; a=1,lw=1,r=0.02,w=0.25"
five_level_weak_anharmonic,long_q8_leak10,0.03,combined,0.001,0.0005,23,0.9674314701523267,0.0016478091937478512,0.06466389235845182,0.032822259308001936,0.9455802055594944,0.0026413642410825075,120,196.36258554900996,0.21058065085548353,2446,False,"q=8 continuation, leak 1.0",8,"a=0.8,lw=1.5,r=0.04,w=0.25; a=1,lw=0.8,r=0.025,w=0.25; a=1,lw=1,r=0.02,w=0.25"
five_level_weak_anharmonic,long_q8_leak10,0.03,combined,0.001,0.0005,24,0.9356528015737527,0.0010654699705697768,0.06158982410244174,0.04998044475003832,0.9464182688380574,0.0026413642410825075,120,196.36258554900996,0.21058065085548353,2446,False,"q=8 continuation, leak 1.0",8,"a=0.8,lw=1.5,r=0.04,w=0.25; a=1,lw=0.8,r=0.025,w=0.25; a=1,lw=1,r=0.02,w=0.25"
five_level_weak_anharmonic,long_q8_leak10,0.03,combined,0.001,0.0005,25,0.9418617210464396,0.0018586278027482583,0.06679858737851974,0.045895966063280794,0.9458772898323653,0.0026413642410825075,120,196.36258554900996,0.21058065085548353,2446,False,"q=8 continuation, leak 1.0",8,"a=0.8,lw=1.5,r=0.04,w=0.25; a=1,lw=0.8,r=0.025,w=0.25; a=1,lw=1,r=0.02,w=0.25"
five_level_weak_anharmonic,long_q8_leak10,0.03,combined,0.001,0.0005,26,0.963279926823675,0.002278492413294142,0.07609014973994,0.03111158289953231,0.9455582437708282,0.0026413642410825075,120,196.36258554900996,0.21058065085548353,2446,False,"q=8 continuation, leak 1.0",8,"a=0.8,lw=1.5,r=0.04,w=0.25; a=1,lw=0.8,r=0.025,w=0.25; a=1,lw=1,r=0.02,w=0.25"
five_level_weak_anharmonic,long_q8_leak10,0.03,combined,0.001,0.0005,27,0.9032029372528615,0.0015137904160209548,0.06124567381017221,0.07604797877261897,0.9464206257080022,0.0026413642410825075,120,196.36258554900996,0.21058065085548353,2446,False,"q=8 continuation, leak 1.0",8,"a=0.8,lw=1.5,r=0.04,w=0.25; a=1,lw=0.8,r=0.025,w=0.25; a=1,lw=1,r=0.02,w=0.25"
five_level_weak_anharmonic,long_q8_leak10,0.03,combined,0.001,0.0005,28,0.9163880620068617,0.003582916748695375,0.06630433716544237,0.08602519513593919,0.9455300019975915,0.0026413642410825075,120,196.36258554900996,0.21058065085548353,2446,False,"q=8 continuation, leak 1.0",8,"a=0.8,lw=1.5,r=0.04,w=0.25; a=1,lw=0.8,r=0.025,w=0.25; a=1,lw=1,r=0.02,w=0.25"
five_level_weak_anharmonic,long_q8_leak10,0.03,combined,0.001,0.0005,29,0.9543030064346473,0.0020392688900982003,0.053808650493617716,0.04554386017825887,0.9464659092518514,0.0026413642410825075,120,196.36258554900996,0.21058065085548353,2446,False,"q=8 continuation, leak 1.0",8,"a=0.8,lw=1.5,r=0.04,w=0.25; a=1,lw=0.8,r=0.025,w=0.25; a=1,lw=1,r=0.02,w=0.25"
five_level_weak_anharmonic,long_q8_leak10,0.03,combined,0.001,0.0005,30,0.9289696106136155,0.0018469435090571196,0.062273951852255705,0.05778082472727071,0.9466485662940208,0.0026413642410825075,120,196.36258554900996,0.21058065085548353,2446,False,"q=8 continuation, leak 1.0",8,"a=0.8,lw=1.5,r=0.04,w=0.25; a=1,lw=0.8,r=0.025,w=0.25; a=1,lw=1,r=0.02,w=0.25"
five_level_weak_anharmonic,long_q8_leak10,0.03,combined,0.001,0.0005,31,0.8975369455294362,0.0024166706565873497,0.0858927284001525,0.09677156887048981,0.9448940376151872,0.0026413642410825075,120,196.36258554900996,0.21058065085548353,2446,False,"q=8 continuation, leak 1.0",8,"a=0.8,lw=1.5,r=0.04,w=0.25; a=1,lw=0.8,r=0.025,w=0.25; a=1,lw=1,r=0.02,w=0.25"
five_level_weak_anharmonic,long_q8_leak10,0.03,combined,0.001,0.0005,32,0.9401964843980349,0.0014749442637913557,0.07447283336969202,0.058104555687206044,0.9447765335370006,0.0026413642410825075,120,196.36258554900996,0.21058065085548353,2446,False,"q=8 continuation, leak 1.0",8,"a=0.8,lw=1.5,r=0.04,w=0.25; a=1,lw=0.8,r=0.025,w=0.25; a=1,lw=1,r=0.02,w=0.25"
five_level_weak_anharmonic,long_q8_leak10,0.03,combined,0.001,0.0005,33,0.935624502303496,0.0016417090987248528,0.07697988909565523,0.05231581744958239,0.9457520239763278,0.0026413642410825075,120,196.36258554900996,0.21058065085548353,2446,False,"q=8 continuation, leak 1.0",8,"a=0.8,lw=1.5,r=0.04,w=0.25; a=1,lw=0.8,r=0.025,w=0.25; a=1,lw=1,r=0.02,w=0.25"
five_level_weak_anharmonic,long_q8_leak10,0.03,combined,0.001,0.0005,34,0.9618792472100007,0.0023959498818310054,0.09129105483529898,0.031710943816738786,0.945017274137919,0.0026413642410825075,120,196.36258554900996,0.21058065085548353,2446,False,"q=8 continuation, leak 1.0",8,"a=0.8,lw=1.5,r=0.04,w=0.25; a=1,lw=0.8,r=0.025,w=0.25; a=1,lw=1,r=0.02,w=0.25"
five_level_weak_anharmonic,long_q8_leak10,0.03,combined,0.001,0.0005,35,0.850503574498697,0.00253647292139203,0.08655359025192888,0.14185903711788614,0.9445582509413036,0.0026413642410825075,120,196.36258554900996,0.21058065085548353,2446,False,"q=8 continuation, leak 1.0",8,"a=0.8,lw=1.5,r=0.04,w=0.25; a=1,lw=0.8,r=0.025,w=0.25; a=1,lw=1,r=0.02,w=0.25"
five_level_weak_anharmonic,long_q8_leak10,0.03,combined,0.001,0.0005,36,0.9646213197168457,0.0019829618381252967,0.06061185966794369,0.03496990676315393,0.9456643971550339,0.0026413642410825075,120,196.36258554900996,0.21058065085548353,2446,False,"q=8 continuation, leak 1.0",8,"a=0.8,lw=1.5,r=0.04,w=0.25; a=1,lw=0.8,r=0.025,w=0.25; a=1,lw=1,r=0.02,w=0.25"
five_level_weak_anharmonic,long_q8_leak10,0.03,combined,0.001,0.0005,37,0.7367091177022465,0.0016154844050026984,0.05211267823060639,0.2120220322100922,0.9487104194218223,0.0026413642410825075,120,196.36258554900996,0.21058065085548353,2446,False,"q=8 continuation, leak 1.0",8,"a=0.8,lw=1.5,r=0.04,w=0.25; a=1,lw=0.8,r=0.025,w=0.25; a=1,lw=1,r=0.02,w=0.25"
five_level_weak_anharmonic,long_q8_leak10,0.03,combined,0.001,0.0005,38,0.9382054682431035,0.0016889984241150735,0.05567743158434846,0.057822235602655245,0.946556127256571,0.0026413642410825075,120,196.36258554900996,0.21058065085548353,2446,False,"q=8 continuation, leak 1.0",8,"a=0.8,lw=1.5,r=0.04,w=0.25; a=1,lw=0.8,r=0.025,w=0.25; a=1,lw=1,r=0.02,w=0.25"
five_level_weak_anharmonic,long_q8_leak10,0.03,combined,0.001,0.0005,39,0.964400844199036,0.002337576559224841,0.07948561983560287,0.03021182474154658,0.9453996419946791,0.0026413642410825075,120,196.36258554900996,0.21058065085548353,2446,False,"q=8 continuation, leak 1.0",8,"a=0.8,lw=1.5,r=0.04,w=0.25; a=1,lw=0.8,r=0.025,w=0.25; a=1,lw=1,r=0.02,w=0.25"
five_level_weak_anharmonic,long_q8_leak10,0.03,combined,0.001,0.0005,40,0.9574429090836151,0.0018271067616877357,0.06574841790680819,0.04274015697468496,0.9453931639138066,0.0026413642410825075,120,196.36258554900996,0.21058065085548353,2446,False,"q=8 continuation, leak 1.0",8,"a=0.8,lw=1.5,r=0.04,w=0.25; a=1,lw=0.8,r=0.025,w=0.25; a=1,lw=1,r=0.02,w=0.25"
five_level_weak_anharmonic,long_q8_leak10,0.03,combined,0.001,0.0005,41,0.8969155288477628,0.0015395159282926008,0.0702275562553536,0.11182364476628398,0.9442298927670136,0.0026413642410825075,120,196.36258554900996,0.21058065085548353,2446,False,"q=8 continuation, leak 1.0",8,"a=0.8,lw=1.5,r=0.04,w=0.25; a=1,lw=0.8,r=0.025,w=0.25; a=1,lw=1,r=0.02,w=0.25"
five_level_weak_anharmonic,long_q8_leak10,0.03,combined,0.001,0.0005,42,0.9636896746918971,0.0014521061548904424,0.07381615078336501,0.035268940953712975,0.9455528801674452,0.0026413642410825075,120,196.36258554900996,0.21058065085548353,2446,False,"q=8 continuation, leak 1.0",8,"a=0.8,lw=1.5,r=0.04,w=0.25; a=1,lw=0.8,r=0.025,w=0.25; a=1,lw=1,r=0.02,w=0.25"
five_level_weak_anharmonic,long_q8_leak10,0.03,combined,0.001,0.0005,43,0.941820847478083,0.0014150536903074773,0.05847581830428794,0.0434440762360637,0.9459082181994,0.0026413642410825075,120,196.36258554900996,0.21058065085548353,2446,False,"q=8 continuation, leak 1.0",8,"a=0.8,lw=1.5,r=0.04,w=0.25; a=1,lw=0.8,r=0.025,w=0.25; a=1,lw=1,r=0.02,w=0.25"
five_level_weak_anharmonic,long_q8_leak10,0.03,combined,0.001,0.0005,44,0.9472789923493029,0.0016742705678908232,0.05838255387098412,0.05201088922470687,0.9471825404234285,0.0026413642410825075,120,196.36258554900996,0.21058065085548353,2446,False,"q=8 continuation, leak 1.0",8,"a=0.8,lw=1.5,r=0.04,w=0.25; a=1,lw=0.8,r=0.025,w=0.25; a=1,lw=1,r=0.02,w=0.25"
five_level_weak_anharmonic,long_q8_leak10,0.03,combined,0.001,0.0005,45,0.9697644927430998,0.0019227710655426167,0.08016073705341786,0.027568590240575827,0.9456559912627414,0.0026413642410825075,120,196.36258554900996,0.21058065085548353,2446,False,"q=8 continuation, leak 1.0",8,"a=0.8,lw=1.5,r=0.04,w=0.25; a=1,lw=0.8,r=0.025,w=0.25; a=1,lw=1,r=0.02,w=0.25"
five_level_weak_anharmonic,long_q8_leak10,0.03,combined,0.001,0.0005,46,0.9416148796102192,0.001169175010049761,0.059536104009720425,0.06641351028206456,0.944873710573163,0.0026413642410825075,120,196.36258554900996,0.21058065085548353,2446,False,"q=8 continuation, leak 1.0",8,"a=0.8,lw=1.5,r=0.04,w=0.25; a=1,lw=0.8,r=0.025,w=0.25; a=1,lw=1,r=0.02,w=0.25"
five_level_weak_anharmonic,long_q8_leak10,0.03,combined,0.001,0.0005,47,0.9439841814051009,0.0023580836686695195,0.05235480242373547,0.06213280342745016,0.9453068945035433,0.0026413642410825075,120,196.36258554900996,0.21058065085548353,2446,False,"q=8 continuation, leak 1.0",8,"a=0.8,lw=1.5,r=0.04,w=0.25; a=1,lw=0.8,r=0.025,w=0.25; a=1,lw=1,r=0.02,w=0.25"
five_level_weak_anharmonic,long_q8_leak10,0.03,combined,0.001,0.0005,48,0.8175002831691928,0.0014217225987455118,0.07109762492328253,0.16853228292088718,0.9449033039732948,0.0026413642410825075,120,196.36258554900996,0.21058065085548353,2446,False,"q=8 continuation, leak 1.0",8,"a=0.8,lw=1.5,r=0.04,w=0.25; a=1,lw=0.8,r=0.025,w=0.25; a=1,lw=1,r=0.02,w=0.25"
five_level_weak_anharmonic,long_q8_leak10,0.03,combined,0.001,0.0005,49,0.9450632915968883,0.0018392196101524316,0.07341324126401805,0.05232869353825326,0.9450532685740554,0.0026413642410825075,120,196.36258554900996,0.21058065085548353,2446,False,"q=8 continuation, leak 1.0",8,"a=0.8,lw=1.5,r=0.04,w=0.25; a=1,lw=0.8,r=0.025,w=0.25; a=1,lw=1,r=0.02,w=0.25"
five_level_weak_anharmonic,long_q8_leak10,0.03,combined,0.001,0.0005,50,0.9088997344390924,0.002320241832295622,0.07546271482927414,0.07210026099303045,0.9463565079939351,0.0026413642410825075,120,196.36258554900996,0.21058065085548353,2446,False,"q=8 continuation, leak 1.0",8,"a=0.8,lw=1.5,r=0.04,w=0.25; a=1,lw=0.8,r=0.025,w=0.25; a=1,lw=1,r=0.02,w=0.25"
five_level_weak_anharmonic,long_q8_leak10,0.03,combined,0.001,0.0005,51,0.9160048528166876,0.001621243705483888,0.07766373145303118,0.0772112795482141,0.9442746661115556,0.0026413642410825075,120,196.36258554900996,0.21058065085548353,2446,False,"q=8 continuation, leak 1.0",8,"a=0.8,lw=1.5,r=0.04,w=0.25; a=1,lw=0.8,r=0.025,w=0.25; a=1,lw=1,r=0.02,w=0.25"
five_level_weak_anharmonic,long_q8_leak10,0.03,combined,0.001,0.0005,52,0.912144200828315,0.0012754142111803812,0.07281683511464532,0.09666386284521149,0.9444955880223572,0.0026413642410825075,120,196.36258554900996,0.21058065085548353,2446,False,"q=8 continuation, leak 1.0",8,"a=0.8,lw=1.5,r=0.04,w=0.25; a=1,lw=0.8,r=0.025,w=0.25; a=1,lw=1,r=0.02,w=0.25"
five_level_weak_anharmonic,long_q8_leak10,0.03,combined,0.001,0.0005,53,0.9034772243506964,0.0014687687979013653,0.07560947911742677,0.07601596356480961,0.9457059236291714,0.0026413642410825075,120,196.36258554900996,0.21058065085548353,2446,False,"q=8 continuation, leak 1.0",8,"a=0.8,lw=1.5,r=0.04,w=0.25; a=1,lw=0.8,r=0.025,w=0.25; a=1,lw=1,r=0.02,w=0.25"
five_level_weak_anharmonic,long_q8_leak10,0.03,combined,0.001,0.0005,54,0.9332255642129932,0.0025423780860626133,0.08004964292512251,0.05257326004183271,0.945351781129263,0.0026413642410825075,120,196.36258554900996,0.21058065085548353,2446,False,"q=8 continuation, leak 1.0",8,"a=0.8,lw=1.5,r=0.04,w=0.25; a=1,lw=0.8,r=0.025,w=0.25; a=1,lw=1,r=0.02,w=0.25"
five_level_weak_anharmonic,long_q8_leak10,0.03,combined,0.001,0.0005,55,0.9377887125847625,0.0018443216134789164,0.07967566190348208,0.0603326097418798,0.946676788742107,0.0026413642410825075,120,196.36258554900996,0.21058065085548353,2446,False,"q=8 continuation, leak 1.0",8,"a=0.8,lw=1.5,r=0.04,w=0.25; a=1,lw=0.8,r=0.025,w=0.25; a=1,lw=1,r=0.02,w=0.25"
five_level_weak_anharmonic,long_q8_leak10,0.03,combined,0.001,0.0005,56,0.9518189208446685,0.0024688645302222145,0.07678571092327957,0.042121750760003615,0.9447996073730981,0.0026413642410825075,120,196.36258554900996,0.21058065085548353,2446,False,"q=8 continuation, leak 1.0",8,"a=0.8,lw=1.5,r=0.04,w=0.25; a=1,lw=0.8,r=0.025,w=0.25; a=1,lw=1,r=0.02,w=0.25"
five_level_weak_anharmonic,long_q8_leak10,0.03,combined,0.001,0.0005,57,0.7810274365162909,0.003993706191808166,0.09540896982514013,0.1765518699788132,0.9456180348481817,0.0026413642410825075,120,196.36258554900996,0.21058065085548353,2446,False,"q=8 continuation, leak 1.0",8,"a=0.8,lw=1.5,r=0.04,w=0.25; a=1,lw=0.8,r=0.025,w=0.25; a=1,lw=1,r=0.02,w=0.25"
five_level_weak_anharmonic,long_q8_leak10,0.03,combined,0.001,0.0005,58,0.9697186715574199,0.0010174233911455222,0.05002746159639493,0.027520912234215614,0.9460139376690965,0.0026413642410825075,120,196.36258554900996,0.21058065085548353,2446,False,"q=8 continuation, leak 1.0",8,"a=0.8,lw=1.5,r=0.04,w=0.25; a=1,lw=0.8,r=0.025,w=0.25; a=1,lw=1,r=0.02,w=0.25"
five_level_weak_anharmonic,long_q8_leak10,0.03,combined,0.001,0.0005,59,0.8976875167819068,0.002449400551554959,0.08708760328632892,0.10885783156582596,0.9438454667223418,0.0026413642410825075,120,196.36258554900996,0.21058065085548353,2446,False,"q=8 continuation, leak 1.0",8,"a=0.8,lw=1.5,r=0.04,w=0.25; a=1,lw=0.8,r=0.025,w=0.25; a=1,lw=1,r=0.02,w=0.25"
five_level_weak_anharmonic,long_q8_robust_leak08,0.03,static_only,0.0,0.0,10,0.9014685047056243,5.83288407005611e-05,0.08403185623185427,0.08726491685867475,0.9999973388385576,0.002782792992248793,120,219.93148948787712,0.24472769150200974,2432,False,"q=8 robust continuation, leak 0.8",8,"a=0.8,lw=1.5,r=0.04,w=0.25; a=1,lw=0.8,r=0.025,w=0.5; a=1,lw=0.8,r=0.02,w=0.5"
five_level_weak_anharmonic,long_q8_robust_leak08,0.03,static_only,0.0,0.0,11,0.9058591566093251,0.001470178676373668,0.08786590228102886,0.09260313665401756,0.9999971633904453,0.002782792992248793,120,219.93148948787712,0.24472769150200974,2432,False,"q=8 robust continuation, leak 0.8",8,"a=0.8,lw=1.5,r=0.04,w=0.25; a=1,lw=0.8,r=0.025,w=0.5; a=1,lw=0.8,r=0.02,w=0.5"
five_level_weak_anharmonic,long_q8_robust_leak08,0.03,static_only,0.0,0.0,12,0.9373232740549708,0.0011284868635386136,0.06895466039183129,0.0843481268464373,0.999997349508375,0.002782792992248793,120,219.93148948787712,0.24472769150200974,2432,False,"q=8 robust continuation, leak 0.8",8,"a=0.8,lw=1.5,r=0.04,w=0.25; a=1,lw=0.8,r=0.025,w=0.5; a=1,lw=0.8,r=0.02,w=0.5"
five_level_weak_anharmonic,long_q8_robust_leak08,0.03,static_only,0.0,0.0,13,0.9048440705468918,0.00024490717928793426,0.0894262937735103,0.09703697634529966,0.999997485790145,0.002782792992248793,120,219.93148948787712,0.24472769150200974,2432,False,"q=8 robust continuation, leak 0.8",8,"a=0.8,lw=1.5,r=0.04,w=0.25; a=1,lw=0.8,r=0.025,w=0.5; a=1,lw=0.8,r=0.02,w=0.5"
five_level_weak_anharmonic,long_q8_robust_leak08,0.03,static_only,0.0,0.0,14,0.9298902430513489,0.0007153303721515458,0.08022336269699992,0.06747552777951032,0.9999974073932184,0.002782792992248793,120,219.93148948787712,0.24472769150200974,2432,False,"q=8 robust continuation, leak 0.8",8,"a=0.8,lw=1.5,r=0.04,w=0.25; a=1,lw=0.8,r=0.025,w=0.5; a=1,lw=0.8,r=0.02,w=0.5"
five_level_weak_anharmonic,long_q8_robust_leak08,0.03,static_only,0.0,0.0,15,0.975690778880834,0.0016756428158135606,0.10089680261438883,0.015354754771934922,0.9999974525645995,0.002782792992248793,120,219.93148948787712,0.24472769150200974,2432,False,"q=8 robust continuation, leak 0.8",8,"a=0.8,lw=1.5,r=0.04,w=0.25; a=1,lw=0.8,r=0.025,w=0.5; a=1,lw=0.8,r=0.02,w=0.5"
five_level_weak_anharmonic,long_q8_robust_leak08,0.03,static_only,0.0,0.0,16,0.9758921013923745,0.0018915892246029742,0.09262954104892218,0.0340201465330563,0.9999973033815268,0.002782792992248793,120,219.93148948787712,0.24472769150200974,2432,False,"q=8 robust continuation, leak 0.8",8,"a=0.8,lw=1.5,r=0.04,w=0.25; a=1,lw=0.8,r=0.025,w=0.5; a=1,lw=0.8,r=0.02,w=0.5"
five_level_weak_anharmonic,long_q8_robust_leak08,0.03,static_only,0.0,0.0,17,0.874173292164099,0.000545198404370506,0.07318769567446837,0.0938676400990137,0.999998040752639,0.002782792992248793,120,219.93148948787712,0.24472769150200974,2432,False,"q=8 robust continuation, leak 0.8",8,"a=0.8,lw=1.5,r=0.04,w=0.25; a=1,lw=0.8,r=0.025,w=0.5; a=1,lw=0.8,r=0.02,w=0.5"
five_level_weak_anharmonic,long_q8_robust_leak08,0.03,static_only,0.0,0.0,18,0.9611163287602514,0.0009107606914915412,0.08543410900270776,0.025630081526790374,0.9999976018569345,0.002782792992248793,120,219.93148948787712,0.24472769150200974,2432,False,"q=8 robust continuation, leak 0.8",8,"a=0.8,lw=1.5,r=0.04,w=0.25; a=1,lw=0.8,r=0.025,w=0.5; a=1,lw=0.8,r=0.02,w=0.5"
five_level_weak_anharmonic,long_q8_robust_leak08,0.03,static_only,0.0,0.0,19,0.924275150495243,0.00039984061770270696,0.07886397338997053,0.0917292448034007,0.999997317320188,0.002782792992248793,120,219.93148948787712,0.24472769150200974,2432,False,"q=8 robust continuation, leak 0.8",8,"a=0.8,lw=1.5,r=0.04,w=0.25; a=1,lw=0.8,r=0.025,w=0.5; a=1,lw=0.8,r=0.02,w=0.5"
five_level_weak_anharmonic,long_q8_robust_leak08,0.03,static_only,0.0,0.0,20,0.9095284156980837,0.0006044238276534664,0.07992307692929068,0.10052840083529038,0.999997399010522,0.002782792992248793,120,219.93148948787712,0.24472769150200974,2432,False,"q=8 robust continuation, leak 0.8",8,"a=0.8,lw=1.5,r=0.04,w=0.25; a=1,lw=0.8,r=0.025,w=0.5; a=1,lw=0.8,r=0.02,w=0.5"
five_level_weak_anharmonic,long_q8_robust_leak08,0.03,static_only,0.0,0.0,21,0.9754307488201974,0.0005512460929291141,0.0679228015249197,0.03425331210291349,0.9999975188386374,0.002782792992248793,120,219.93148948787712,0.24472769150200974,2432,False,"q=8 robust continuation, leak 0.8",8,"a=0.8,lw=1.5,r=0.04,w=0.25; a=1,lw=0.8,r=0.025,w=0.5; a=1,lw=0.8,r=0.02,w=0.5"
five_level_weak_anharmonic,long_q8_robust_leak08,0.03,static_only,0.0,0.0,22,0.9366244836964686,0.0003515785037226937,0.08964963177566898,0.06783852959617001,0.9999970706150086,0.002782792992248793,120,219.93148948787712,0.24472769150200974,2432,False,"q=8 robust continuation, leak 0.8",8,"a=0.8,lw=1.5,r=0.04,w=0.25; a=1,lw=0.8,r=0.025,w=0.5; a=1,lw=0.8,r=0.02,w=0.5"
five_level_weak_anharmonic,long_q8_robust_leak08,0.03,static_only,0.0,0.0,23,0.9932018011163696,0.0006290462818843157,0.07554104903028147,0.010654909176364212,0.9999975137647568,0.002782792992248793,120,219.93148948787712,0.24472769150200974,2432,False,"q=8 robust continuation, leak 0.8",8,"a=0.8,lw=1.5,r=0.04,w=0.25; a=1,lw=0.8,r=0.025,w=0.5; a=1,lw=0.8,r=0.02,w=0.5"
five_level_weak_anharmonic,long_q8_robust_leak08,0.03,static_only,0.0,0.0,24,0.9611144322025147,0.00023261147512720903,0.07100162268573318,0.026230538832230078,0.999997743525318,0.002782792992248793,120,219.93148948787712,0.24472769150200974,2432,False,"q=8 robust continuation, leak 0.8",8,"a=0.8,lw=1.5,r=0.04,w=0.25; a=1,lw=0.8,r=0.025,w=0.5; a=1,lw=0.8,r=0.02,w=0.5"
five_level_weak_anharmonic,long_q8_robust_leak08,0.03,static_only,0.0,0.0,25,0.9667279066733243,0.0007897623067976145,0.07651552039294118,0.02358632958564518,0.999997430515347,0.002782792992248793,120,219.93148948787712,0.24472769150200974,2432,False,"q=8 robust continuation, leak 0.8",8,"a=0.8,lw=1.5,r=0.04,w=0.25; a=1,lw=0.8,r=0.025,w=0.5; a=1,lw=0.8,r=0.02,w=0.5"
five_level_weak_anharmonic,long_q8_robust_leak08,0.03,static_only,0.0,0.0,26,0.9923174557523112,0.0015525865328661625,0.08827520759257101,0.004723809071661878,0.9999974862038571,0.002782792992248793,120,219.93148948787712,0.24472769150200974,2432,False,"q=8 robust continuation, leak 0.8",8,"a=0.8,lw=1.5,r=0.04,w=0.25; a=1,lw=0.8,r=0.025,w=0.5; a=1,lw=0.8,r=0.02,w=0.5"
five_level_weak_anharmonic,long_q8_robust_leak08,0.03,static_only,0.0,0.0,27,0.9311494324814051,0.0006394522566783856,0.0719491527693783,0.04963501184990113,0.9999979586343075,0.002782792992248793,120,219.93148948787712,0.24472769150200974,2432,False,"q=8 robust continuation, leak 0.8",8,"a=0.8,lw=1.5,r=0.04,w=0.25; a=1,lw=0.8,r=0.025,w=0.5; a=1,lw=0.8,r=0.02,w=0.5"
five_level_weak_anharmonic,long_q8_robust_leak08,0.03,static_only,0.0,0.0,28,0.9467167786285546,0.0024399821227668594,0.07813819661663846,0.06071707493863936,0.999997248144366,0.002782792992248793,120,219.93148948787712,0.24472769150200974,2432,False,"q=8 robust continuation, leak 0.8",8,"a=0.8,lw=1.5,r=0.04,w=0.25; a=1,lw=0.8,r=0.025,w=0.5; a=1,lw=0.8,r=0.02,w=0.5"
five_level_weak_anharmonic,long_q8_robust_leak08,0.03,static_only,0.0,0.0,29,0.985443899521371,0.0011541795208486194,0.06437263520069059,0.01893950570139944,0.9999976104457595,0.002782792992248793,120,219.93148948787712,0.24472769150200974,2432,False,"q=8 robust continuation, leak 0.8",8,"a=0.8,lw=1.5,r=0.04,w=0.25; a=1,lw=0.8,r=0.025,w=0.5; a=1,lw=0.8,r=0.02,w=0.5"
five_level_weak_anharmonic,long_q8_robust_leak08,0.03,static_only,0.0,0.0,30,0.9589020839280025,0.0008654281985274181,0.07105182449396552,0.030038812476582945,0.9999977404587441,0.002782792992248793,120,219.93148948787712,0.24472769150200974,2432,False,"q=8 robust continuation, leak 0.8",8,"a=0.8,lw=1.5,r=0.04,w=0.25; a=1,lw=0.8,r=0.025,w=0.5; a=1,lw=0.8,r=0.02,w=0.5"
five_level_weak_anharmonic,long_q8_robust_leak08,0.03,static_only,0.0,0.0,31,0.9177878409199609,0.0011621493608131583,0.09906114681528266,0.0799604834061684,0.9999972894659261,0.002782792992248793,120,219.93148948787712,0.24472769150200974,2432,False,"q=8 robust continuation, leak 0.8",8,"a=0.8,lw=1.5,r=0.04,w=0.25; a=1,lw=0.8,r=0.025,w=0.5; a=1,lw=0.8,r=0.02,w=0.5"
five_level_weak_anharmonic,long_q8_robust_leak08,0.03,static_only,0.0,0.0,32,0.9610264843301338,0.00016311760594822644,0.08511216590619053,0.03973298498647966,0.9999971956866444,0.002782792992248793,120,219.93148948787712,0.24472769150200974,2432,False,"q=8 robust continuation, leak 0.8",8,"a=0.8,lw=1.5,r=0.04,w=0.25; a=1,lw=0.8,r=0.025,w=0.5; a=1,lw=0.8,r=0.02,w=0.5"
five_level_weak_anharmonic,long_q8_robust_leak08,0.03,static_only,0.0,0.0,33,0.96489580263175,0.0006882501797245144,0.0872777868917135,0.0245698847108791,0.999997719012331,0.002782792992248793,120,219.93148948787712,0.24472769150200974,2432,False,"q=8 robust continuation, leak 0.8",8,"a=0.8,lw=1.5,r=0.04,w=0.25; a=1,lw=0.8,r=0.025,w=0.5; a=1,lw=0.8,r=0.02,w=0.5"
five_level_weak_anharmonic,long_q8_robust_leak08,0.03,static_only,0.0,0.0,34,0.9897440059387249,0.001630372069923447,0.10401115307103859,0.006299548550486733,0.9999974179566573,0.002782792992248793,120,219.93148948787712,0.24472769150200974,2432,False,"q=8 robust continuation, leak 0.8",8,"a=0.8,lw=1.5,r=0.04,w=0.25; a=1,lw=0.8,r=0.025,w=0.5; a=1,lw=0.8,r=0.02,w=0.5"
five_level_weak_anharmonic,long_q8_robust_leak08,0.03,static_only,0.0,0.0,35,0.8935201719503763,0.001166351621186168,0.0990713709095743,0.10292450474380135,0.9999975964461896,0.002782792992248793,120,219.93148948787712,0.24472769150200974,2432,False,"q=8 robust continuation, leak 0.8",8,"a=0.8,lw=1.5,r=0.04,w=0.25; a=1,lw=0.8,r=0.025,w=0.5; a=1,lw=0.8,r=0.02,w=0.5"
five_level_weak_anharmonic,long_q8_robust_leak08,0.03,static_only,0.0,0.0,36,0.9870614510875344,0.0008744161174081277,0.07198562490274629,0.014737696846459451,0.9999976314318786,0.002782792992248793,120,219.93148948787712,0.24472769150200974,2432,False,"q=8 robust continuation, leak 0.8",8,"a=0.8,lw=1.5,r=0.04,w=0.25; a=1,lw=0.8,r=0.025,w=0.5; a=1,lw=0.8,r=0.02,w=0.5"
five_level_weak_anharmonic,long_q8_robust_leak08,0.03,static_only,0.0,0.0,37,0.7623314247216341,0.0007798725536121154,0.06096152401670851,0.1843708474947309,0.9999980337899453,0.002782792992248793,120,219.93148948787712,0.24472769150200974,2432,False,"q=8 robust continuation, leak 0.8",8,"a=0.8,lw=1.5,r=0.04,w=0.25; a=1,lw=0.8,r=0.025,w=0.5; a=1,lw=0.8,r=0.02,w=0.5"
five_level_weak_anharmonic,long_q8_robust_leak08,0.03,static_only,0.0,0.0,38,0.9679351198755154,0.0012467288076380978,0.06421933890217568,0.03116090766688937,0.999997760336609,0.002782792992248793,120,219.93148948787712,0.24472769150200974,2432,False,"q=8 robust continuation, leak 0.8",8,"a=0.8,lw=1.5,r=0.04,w=0.25; a=1,lw=0.8,r=0.025,w=0.5; a=1,lw=0.8,r=0.02,w=0.5"
five_level_weak_anharmonic,long_q8_robust_leak08,0.03,static_only,0.0,0.0,39,0.9891702881653599,0.0009671456572647452,0.09120060088224813,0.007823629524635231,0.9999975554888327,0.002782792992248793,120,219.93148948787712,0.24472769150200974,2432,False,"q=8 robust continuation, leak 0.8",8,"a=0.8,lw=1.5,r=0.04,w=0.25; a=1,lw=0.8,r=0.025,w=0.5; a=1,lw=0.8,r=0.02,w=0.5"
five_level_weak_anharmonic,long_q8_robust_leak08,0.03,static_only,0.0,0.0,40,0.9903231846561362,0.0008412846582103173,0.07659287389870095,0.013339250390392333,0.9999972565673407,0.002782792992248793,120,219.93148948787712,0.24472769150200974,2432,False,"q=8 robust continuation, leak 0.8",8,"a=0.8,lw=1.5,r=0.04,w=0.25; a=1,lw=0.8,r=0.025,w=0.5; a=1,lw=0.8,r=0.02,w=0.5"
five_level_weak_anharmonic,long_q8_robust_leak08,0.03,static_only,0.0,0.0,41,0.939363670849942,0.00038096949782018275,0.0810239687594202,0.07400108465968323,0.9999973357868084,0.002782792992248793,120,219.93148948787712,0.24472769150200974,2432,False,"q=8 robust continuation, leak 0.8",8,"a=0.8,lw=1.5,r=0.04,w=0.25; a=1,lw=0.8,r=0.025,w=0.5; a=1,lw=0.8,r=0.02,w=0.5"
five_level_weak_anharmonic,long_q8_robust_leak08,0.03,static_only,0.0,0.0,42,0.9900106547876015,0.0003294592539834218,0.085781653438737,0.01304446792688374,0.999997227617118,0.002782792992248793,120,219.93148948787712,0.24472769150200974,2432,False,"q=8 robust continuation, leak 0.8",8,"a=0.8,lw=1.5,r=0.04,w=0.25; a=1,lw=0.8,r=0.025,w=0.5; a=1,lw=0.8,r=0.02,w=0.5"
five_level_weak_anharmonic,long_q8_robust_leak08,0.03,static_only,0.0,0.0,43,0.9621971810061488,0.0005175301462109205,0.06799431366576603,0.02408640369400513,0.9999977252770903,0.002782792992248793,120,219.93148948787712,0.24472769150200974,2432,False,"q=8 robust continuation, leak 0.8",8,"a=0.8,lw=1.5,r=0.04,w=0.25; a=1,lw=0.8,r=0.025,w=0.5; a=1,lw=0.8,r=0.02,w=0.5"
five_level_weak_anharmonic,long_q8_robust_leak08,0.03,static_only,0.0,0.0,44,0.9754808953839685,0.0009768570620430905,0.06839811231550974,0.02775373522157167,0.9999976023609587,0.002782792992248793,120,219.93148948787712,0.24472769150200974,2432,False,"q=8 robust continuation, leak 0.8",8,"a=0.8,lw=1.5,r=0.04,w=0.25; a=1,lw=0.8,r=0.025,w=0.5; a=1,lw=0.8,r=0.02,w=0.5"
five_level_weak_anharmonic,long_q8_robust_leak08,0.03,static_only,0.0,0.0,45,0.9975289790851577,0.0008291135147482365,0.09235035660231872,0.003079992953770372,0.9999975231031422,0.002782792992248793,120,219.93148948787712,0.24472769150200974,2432,False,"q=8 robust continuation, leak 0.8",8,"a=0.8,lw=1.5,r=0.04,w=0.25; a=1,lw=0.8,r=0.025,w=0.5; a=1,lw=0.8,r=0.02,w=0.5"
five_level_weak_anharmonic,long_q8_robust_leak08,0.03,static_only,0.0,0.0,46,0.9710948850668708,0.00027209943460348995,0.06920599690274742,0.038297661479932785,0.9999974493664818,0.002782792992248793,120,219.93148948787712,0.24472769150200974,2432,False,"q=8 robust continuation, leak 0.8",8,"a=0.8,lw=1.5,r=0.04,w=0.25; a=1,lw=0.8,r=0.025,w=0.5; a=1,lw=0.8,r=0.02,w=0.5"
five_level_weak_anharmonic,long_q8_robust_leak08,0.03,static_only,0.0,0.0,47,0.9827961548402457,0.001213410070163734,0.06187280720222654,0.026237275774429122,0.9999975485130499,0.002782792992248793,120,219.93148948787712,0.24472769150200974,2432,False,"q=8 robust continuation, leak 0.8",8,"a=0.8,lw=1.5,r=0.04,w=0.25; a=1,lw=0.8,r=0.025,w=0.5; a=1,lw=0.8,r=0.02,w=0.5"
five_level_weak_anharmonic,long_q8_robust_leak08,0.03,static_only,0.0,0.0,48,0.8318964673913909,0.0002629053298344175,0.08284767904251655,0.15472142635344235,0.9999969918510313,0.002782792992248793,120,219.93148948787712,0.24472769150200974,2432,False,"q=8 robust continuation, leak 0.8",8,"a=0.8,lw=1.5,r=0.04,w=0.25; a=1,lw=0.8,r=0.025,w=0.5; a=1,lw=0.8,r=0.02,w=0.5"
five_level_weak_anharmonic,long_q8_robust_leak08,0.03,static_only,0.0,0.0,49,0.9802421057008985,0.0005234543272826242,0.08498557865586298,0.01902135326621608,0.9999976872074117,0.002782792992248793,120,219.93148948787712,0.24472769150200974,2432,False,"q=8 robust continuation, leak 0.8",8,"a=0.8,lw=1.5,r=0.04,w=0.25; a=1,lw=0.8,r=0.025,w=0.5; a=1,lw=0.8,r=0.02,w=0.5"
five_level_weak_anharmonic,long_q8_robust_leak08,0.03,static_only,0.0,0.0,50,0.9372719957751133,0.001167865487836206,0.08712304940486848,0.04533847808642246,0.99999799733393,0.002782792992248793,120,219.93148948787712,0.24472769150200974,2432,False,"q=8 robust continuation, leak 0.8",8,"a=0.8,lw=1.5,r=0.04,w=0.25; a=1,lw=0.8,r=0.025,w=0.5; a=1,lw=0.8,r=0.02,w=0.5"
five_level_weak_anharmonic,long_q8_robust_leak08,0.03,static_only,0.0,0.0,51,0.9535684074285836,0.0003085968437652742,0.08942073881572687,0.04265449430346214,0.9999973557703835,0.002782792992248793,120,219.93148948787712,0.24472769150200974,2432,False,"q=8 robust continuation, leak 0.8",8,"a=0.8,lw=1.5,r=0.04,w=0.25; a=1,lw=0.8,r=0.025,w=0.5; a=1,lw=0.8,r=0.02,w=0.5"
five_level_weak_anharmonic,long_q8_robust_leak08,0.03,static_only,0.0,0.0,52,0.9524380430998707,0.00015718863546354545,0.0831847796923405,0.06033599465435589,0.9999972912656006,0.002782792992248793,120,219.93148948787712,0.24472769150200974,2432,False,"q=8 robust continuation, leak 0.8",8,"a=0.8,lw=1.5,r=0.04,w=0.25; a=1,lw=0.8,r=0.025,w=0.5; a=1,lw=0.8,r=0.02,w=0.5"
five_level_weak_anharmonic,long_q8_robust_leak08,0.03,static_only,0.0,0.0,53,0.9268843804841225,0.0005144568804777983,0.08607460927392463,0.05482080234770214,0.9999973881464261,0.002782792992248793,120,219.93148948787712,0.24472769150200974,2432,False,"q=8 robust continuation, leak 0.8",8,"a=0.8,lw=1.5,r=0.04,w=0.25; a=1,lw=0.8,r=0.025,w=0.5; a=1,lw=0.8,r=0.02,w=0.5"
five_level_weak_anharmonic,long_q8_robust_leak08,0.03,static_only,0.0,0.0,54,0.954636986648662,0.0017956441279138868,0.09249879820215479,0.03307942820494036,0.9999974518150381,0.002782792992248793,120,219.93148948787712,0.24472769150200974,2432,False,"q=8 robust continuation, leak 0.8",8,"a=0.8,lw=1.5,r=0.04,w=0.25; a=1,lw=0.8,r=0.025,w=0.5; a=1,lw=0.8,r=0.02,w=0.5"
five_level_weak_anharmonic,long_q8_robust_leak08,0.03,static_only,0.0,0.0,55,0.9681007393000209,0.0006009394003809732,0.09199959908783706,0.03448768934638014,0.9999974964226304,0.002782792992248793,120,219.93148948787712,0.24472769150200974,2432,False,"q=8 robust continuation, leak 0.8",8,"a=0.8,lw=1.5,r=0.04,w=0.25; a=1,lw=0.8,r=0.025,w=0.5; a=1,lw=0.8,r=0.02,w=0.5"
five_level_weak_anharmonic,long_q8_robust_leak08,0.03,static_only,0.0,0.0,56,0.9712229671766227,0.001597656553086968,0.08765963266372645,0.024666437432439993,0.9999973765774446,0.002782792992248793,120,219.93148948787712,0.24472769150200974,2432,False,"q=8 robust continuation, leak 0.8",8,"a=0.8,lw=1.5,r=0.04,w=0.25; a=1,lw=0.8,r=0.025,w=0.5; a=1,lw=0.8,r=0.02,w=0.5"
five_level_weak_anharmonic,long_q8_robust_leak08,0.03,static_only,0.0,0.0,57,0.8126920104303222,0.0021462691540067302,0.10798985349075063,0.14435446292868678,0.9999979076801647,0.002782792992248793,120,219.93148948787712,0.24472769150200974,2432,False,"q=8 robust continuation, leak 0.8",8,"a=0.8,lw=1.5,r=0.04,w=0.25; a=1,lw=0.8,r=0.025,w=0.5; a=1,lw=0.8,r=0.02,w=0.5"
five_level_weak_anharmonic,long_q8_robust_leak08,0.03,static_only,0.0,0.0,58,0.9941811192297761,0.0002233192402322226,0.059258968085438735,0.004735193318487724,0.9999977538290747,0.002782792992248793,120,219.93148948787712,0.24472769150200974,2432,False,"q=8 robust continuation, leak 0.8",8,"a=0.8,lw=1.5,r=0.04,w=0.25; a=1,lw=0.8,r=0.025,w=0.5; a=1,lw=0.8,r=0.02,w=0.5"
five_level_weak_anharmonic,long_q8_robust_leak08,0.03,static_only,0.0,0.0,59,0.9270139904152144,0.0011183612149217037,0.10023535443566445,0.0818291627565951,0.9999972003050486,0.002782792992248793,120,219.93148948787712,0.24472769150200974,2432,False,"q=8 robust continuation, leak 0.8",8,"a=0.8,lw=1.5,r=0.04,w=0.25; a=1,lw=0.8,r=0.025,w=0.5; a=1,lw=0.8,r=0.02,w=0.5"
five_level_weak_anharmonic,long_q8_robust_leak08,0.03,deph_0.001,0.001,0.0,10,0.897764079332479,0.0013081160309585949,0.08428379798541874,0.09124303161402927,0.9865906715429887,0.002782792992248793,120,219.93148948787712,0.24472769150200974,2432,False,"q=8 robust continuation, leak 0.8",8,"a=0.8,lw=1.5,r=0.04,w=0.25; a=1,lw=0.8,r=0.025,w=0.5; a=1,lw=0.8,r=0.02,w=0.5"
five_level_weak_anharmonic,long_q8_robust_leak08,0.03,deph_0.001,0.001,0.0,11,0.9019892724046621,0.0028177770060113794,0.08810270575737555,0.09638615019455213,0.9868836866536245,0.002782792992248793,120,219.93148948787712,0.24472769150200974,2432,False,"q=8 robust continuation, leak 0.8",8,"a=0.8,lw=1.5,r=0.04,w=0.25; a=1,lw=0.8,r=0.025,w=0.5; a=1,lw=0.8,r=0.02,w=0.5"
five_level_weak_anharmonic,long_q8_robust_leak08,0.03,deph_0.001,0.001,0.0,12,0.9329356679430302,0.0022375978020794385,0.06917349385482552,0.08817598547232537,0.9849580321331464,0.002782792992248793,120,219.93148948787712,0.24472769150200974,2432,False,"q=8 robust continuation, leak 0.8",8,"a=0.8,lw=1.5,r=0.04,w=0.25; a=1,lw=0.8,r=0.025,w=0.5; a=1,lw=0.8,r=0.02,w=0.5"
five_level_weak_anharmonic,long_q8_robust_leak08,0.03,deph_0.001,0.001,0.0,13,0.9006989535503686,0.0014942048268864472,0.08968029232990571,0.10113477654405818,0.9837005017388288,0.002782792992248793,120,219.93148948787712,0.24472769150200974,2432,False,"q=8 robust continuation, leak 0.8",8,"a=0.8,lw=1.5,r=0.04,w=0.25; a=1,lw=0.8,r=0.025,w=0.5; a=1,lw=0.8,r=0.02,w=0.5"
five_level_weak_anharmonic,long_q8_robust_leak08,0.03,deph_0.001,0.001,0.0,14,0.925933206069305,0.0017279433387689114,0.08042715331963657,0.07155996815080695,0.987084947664618,0.002782792992248793,120,219.93148948787712,0.24472769150200974,2432,False,"q=8 robust continuation, leak 0.8",8,"a=0.8,lw=1.5,r=0.04,w=0.25; a=1,lw=0.8,r=0.025,w=0.5; a=1,lw=0.8,r=0.02,w=0.5"
five_level_weak_anharmonic,long_q8_robust_leak08,0.03,deph_0.001,0.001,0.0,15,0.9705556955980712,0.0032958395591737855,0.10107315268828798,0.020679901999970704,0.9876312436155549,0.002782792992248793,120,219.93148948787712,0.24472769150200974,2432,False,"q=8 robust continuation, leak 0.8",8,"a=0.8,lw=1.5,r=0.04,w=0.25; a=1,lw=0.8,r=0.025,w=0.5; a=1,lw=0.8,r=0.02,w=0.5"
five_level_weak_anharmonic,long_q8_robust_leak08,0.03,deph_0.001,0.001,0.0,16,0.9707336232848915,0.0034284948157007333,0.09283721142188528,0.038874941401414315,0.9876779319193653,0.002782792992248793,120,219.93148948787712,0.24472769150200974,2432,False,"q=8 robust continuation, leak 0.8",8,"a=0.8,lw=1.5,r=0.04,w=0.25; a=1,lw=0.8,r=0.025,w=0.5; a=1,lw=0.8,r=0.02,w=0.5"
five_level_weak_anharmonic,long_q8_robust_leak08,0.03,deph_0.001,0.001,0.0,17,0.8712199220894994,0.0015764794461490261,0.0734605280265499,0.09769076135296997,0.9841734136196773,0.002782792992248793,120,219.93148948787712,0.24472769150200974,2432,False,"q=8 robust continuation, leak 0.8",8,"a=0.8,lw=1.5,r=0.04,w=0.25; a=1,lw=0.8,r=0.025,w=0.5; a=1,lw=0.8,r=0.02,w=0.5"
five_level_weak_anharmonic,long_q8_robust_leak08,0.03,deph_0.001,0.001,0.0,18,0.9565664518340689,0.0021408536646086995,0.08566875374727756,0.03056902788799336,0.9874523569115239,0.002782792992248793,120,219.93148948787712,0.24472769150200974,2432,False,"q=8 robust continuation, leak 0.8",8,"a=0.8,lw=1.5,r=0.04,w=0.25; a=1,lw=0.8,r=0.025,w=0.5; a=1,lw=0.8,r=0.02,w=0.5"
five_level_weak_anharmonic,long_q8_robust_leak08,0.03,deph_0.001,0.001,0.0,19,0.9201985713491125,0.0016312434426825062,0.07910642056535166,0.09540679572499303,0.9849965397391497,0.002782792992248793,120,219.93148948787712,0.24472769150200974,2432,False,"q=8 robust continuation, leak 0.8",8,"a=0.8,lw=1.5,r=0.04,w=0.25; a=1,lw=0.8,r=0.025,w=0.5; a=1,lw=0.8,r=0.02,w=0.5"
five_level_weak_anharmonic,long_q8_robust_leak08,0.03,deph_0.001,0.001,0.0,20,0.9055286827534025,0.001997732532870944,0.08014575683055114,0.10431469716642688,0.9836851032706433,0.002782792992248793,120,219.93148948787712,0.24472769150200974,2432,False,"q=8 robust continuation, leak 0.8",8,"a=0.8,lw=1.5,r=0.04,w=0.25; a=1,lw=0.8,r=0.025,w=0.5; a=1,lw=0.8,r=0.02,w=0.5"
five_level_weak_anharmonic,long_q8_robust_leak08,0.03,deph_0.001,0.001,0.0,21,0.9708144358884302,0.0015302294652275172,0.0681120049031938,0.03865166000630757,0.9882018949583754,0.002782792992248793,120,219.93148948787712,0.24472769150200974,2432,False,"q=8 robust continuation, leak 0.8",8,"a=0.8,lw=1.5,r=0.04,w=0.25; a=1,lw=0.8,r=0.025,w=0.5; a=1,lw=0.8,r=0.02,w=0.5"
five_level_weak_anharmonic,long_q8_robust_leak08,0.03,deph_0.001,0.001,0.0,22,0.9323891603297823,0.0016526073029704547,0.0899117775303353,0.07199551276603727,0.98718513041414,0.002782792992248793,120,219.93148948787712,0.24472769150200974,2432,False,"q=8 robust continuation, leak 0.8",8,"a=0.8,lw=1.5,r=0.04,w=0.25; a=1,lw=0.8,r=0.025,w=0.5; a=1,lw=0.8,r=0.02,w=0.5"
five_level_weak_anharmonic,long_q8_robust_leak08,0.03,deph_0.001,0.001,0.0,23,0.9882808743839849,0.0017103687150542557,0.07579880457070987,0.01554456887603238,0.990003264982893,0.002782792992248793,120,219.93148948787712,0.24472769150200974,2432,False,"q=8 robust continuation, leak 0.8",8,"a=0.8,lw=1.5,r=0.04,w=0.25; a=1,lw=0.8,r=0.025,w=0.5; a=1,lw=0.8,r=0.02,w=0.5"
five_level_weak_anharmonic,long_q8_robust_leak08,0.03,deph_0.001,0.001,0.0,24,0.9569122594817528,0.00123988295257349,0.07122592879153822,0.030789214161058665,0.9886340794049937,0.002782792992248793,120,219.93148948787712,0.24472769150200974,2432,False,"q=8 robust continuation, leak 0.8",8,"a=0.8,lw=1.5,r=0.04,w=0.25; a=1,lw=0.8,r=0.025,w=0.5; a=1,lw=0.8,r=0.02,w=0.5"
five_level_weak_anharmonic,long_q8_robust_leak08,0.03,deph_0.001,0.001,0.0,25,0.9623722692920623,0.0018457647825679269,0.07672121734151305,0.028206233032390747,0.98902976385829,0.002782792992248793,120,219.93148948787712,0.24472769150200974,2432,False,"q=8 robust continuation, leak 0.8",8,"a=0.8,lw=1.5,r=0.04,w=0.25; a=1,lw=0.8,r=0.025,w=0.5; a=1,lw=0.8,r=0.02,w=0.5"
five_level_weak_anharmonic,long_q8_robust_leak08,0.03,deph_0.001,0.001,0.0,26,0.9870099742784129,0.0029825364038633673,0.08848239846208827,0.010109574191828221,0.9886651678940529,0.002782792992248793,120,219.93148948787712,0.24472769150200974,2432,False,"q=8 robust continuation, leak 0.8",8,"a=0.8,lw=1.5,r=0.04,w=0.25; a=1,lw=0.8,r=0.025,w=0.5; a=1,lw=0.8,r=0.02,w=0.5"
five_level_weak_anharmonic,long_q8_robust_leak08,0.03,deph_0.001,0.001,0.0,27,0.927245053641037,0.0017498346726162461,0.07219676672220587,0.05406672379212323,0.9866876311277155,0.002782792992248793,120,219.93148948787712,0.24472769150200974,2432,False,"q=8 robust continuation, leak 0.8",8,"a=0.8,lw=1.5,r=0.04,w=0.25; a=1,lw=0.8,r=0.025,w=0.5; a=1,lw=0.8,r=0.02,w=0.5"
five_level_weak_anharmonic,long_q8_robust_leak08,0.03,deph_0.001,0.001,0.0,28,0.9423320864974223,0.0036792592469406804,0.07837541045109764,0.06493142924945314,0.9874705676751802,0.002782792992248793,120,219.93148948787712,0.24472769150200974,2432,False,"q=8 robust continuation, leak 0.8",8,"a=0.8,lw=1.5,r=0.04,w=0.25; a=1,lw=0.8,r=0.025,w=0.5; a=1,lw=0.8,r=0.02,w=0.5"
five_level_weak_anharmonic,long_q8_robust_leak08,0.03,deph_0.001,0.001,0.0,29,0.9807296759454153,0.002200179075630526,0.06459749224866185,0.023634140160003026,0.989374435301696,0.002782792992248793,120,219.93148948787712,0.24472769150200974,2432,False,"q=8 robust continuation, leak 0.8",8,"a=0.8,lw=1.5,r=0.04,w=0.25; a=1,lw=0.8,r=0.025,w=0.5; a=1,lw=0.8,r=0.02,w=0.5"
five_level_weak_anharmonic,long_q8_robust_leak08,0.03,deph_0.001,0.001,0.0,30,0.9546437441032718,0.0018286014562202135,0.07125290360339465,0.034639680365608626,0.9876632021598958,0.002782792992248793,120,219.93148948787712,0.24472769150200974,2432,False,"q=8 robust continuation, leak 0.8",8,"a=0.8,lw=1.5,r=0.04,w=0.25; a=1,lw=0.8,r=0.025,w=0.5; a=1,lw=0.8,r=0.02,w=0.5"
five_level_weak_anharmonic,long_q8_robust_leak08,0.03,deph_0.001,0.001,0.0,31,0.9135873872185709,0.0026021681641728023,0.09931079601361903,0.08415155780410992,0.9872262635592625,0.002782792992248793,120,219.93148948787712,0.24472769150200974,2432,False,"q=8 robust continuation, leak 0.8",8,"a=0.8,lw=1.5,r=0.04,w=0.25; a=1,lw=0.8,r=0.025,w=0.5; a=1,lw=0.8,r=0.02,w=0.5"
five_level_weak_anharmonic,long_q8_robust_leak08,0.03,deph_0.001,0.001,0.0,32,0.9563698464229919,0.0014229290861321742,0.08529975268557788,0.04429033755044579,0.9890677903770595,0.002782792992248793,120,219.93148948787712,0.24472769150200974,2432,False,"q=8 robust continuation, leak 0.8",8,"a=0.8,lw=1.5,r=0.04,w=0.25; a=1,lw=0.8,r=0.025,w=0.5; a=1,lw=0.8,r=0.02,w=0.5"
five_level_weak_anharmonic,long_q8_robust_leak08,0.03,deph_0.001,0.001,0.0,33,0.9600428277278048,0.0019137610285407947,0.08751023208750852,0.02974518156856897,0.9869349937596158,0.002782792992248793,120,219.93148948787712,0.24472769150200974,2432,False,"q=8 robust continuation, leak 0.8",8,"a=0.8,lw=1.5,r=0.04,w=0.25; a=1,lw=0.8,r=0.025,w=0.5; a=1,lw=0.8,r=0.02,w=0.5"
five_level_weak_anharmonic,long_q8_robust_leak08,0.03,deph_0.001,0.001,0.0,34,0.9840491006858989,0.003350408469849908,0.1041986574664131,0.01209145755326639,0.9878993773523356,0.002782792992248793,120,219.93148948787712,0.24472769150200974,2432,False,"q=8 robust continuation, leak 0.8",8,"a=0.8,lw=1.5,r=0.04,w=0.25; a=1,lw=0.8,r=0.025,w=0.5; a=1,lw=0.8,r=0.02,w=0.5"
five_level_weak_anharmonic,long_q8_robust_leak08,0.03,deph_0.001,0.001,0.0,35,0.8895899594616192,0.0027559987936595087,0.09925808671330583,0.1069718732313164,0.9825477360848633,0.002782792992248793,120,219.93148948787712,0.24472769150200974,2432,False,"q=8 robust continuation, leak 0.8",8,"a=0.8,lw=1.5,r=0.04,w=0.25; a=1,lw=0.8,r=0.025,w=0.5; a=1,lw=0.8,r=0.02,w=0.5"
five_level_weak_anharmonic,long_q8_robust_leak08,0.03,deph_0.001,0.001,0.0,36,0.982124651818111,0.0019996844038184802,0.07222539725329202,0.019583354335936852,0.9900371983892579,0.002782792992248793,120,219.93148948787712,0.24472769150200974,2432,False,"q=8 robust continuation, leak 0.8",8,"a=0.8,lw=1.5,r=0.04,w=0.25; a=1,lw=0.8,r=0.025,w=0.5; a=1,lw=0.8,r=0.02,w=0.5"
five_level_weak_anharmonic,long_q8_robust_leak08,0.03,deph_0.001,0.001,0.0,37,0.7610359615771394,0.001626645761801493,0.06123287834645741,0.1869855793813558,0.980454317874107,0.002782792992248793,120,219.93148948787712,0.24472769150200974,2432,False,"q=8 robust continuation, leak 0.8",8,"a=0.8,lw=1.5,r=0.04,w=0.25; a=1,lw=0.8,r=0.025,w=0.5; a=1,lw=0.8,r=0.02,w=0.5"
five_level_weak_anharmonic,long_q8_robust_leak08,0.03,deph_0.001,0.001,0.0,38,0.9634776865646951,0.0020946048762043867,0.0644058344803985,0.03572570715051151,0.9877998363190671,0.002782792992248793,120,219.93148948787712,0.24472769150200974,2432,False,"q=8 robust continuation, leak 0.8",8,"a=0.8,lw=1.5,r=0.04,w=0.25; a=1,lw=0.8,r=0.025,w=0.5; a=1,lw=0.8,r=0.02,w=0.5"
five_level_weak_anharmonic,long_q8_robust_leak08,0.03,deph_0.001,0.001,0.0,39,0.9840489379621845,0.0023297333369959317,0.09144761250697098,0.013002605177883484,0.9894996272397618,0.002782792992248793,120,219.93148948787712,0.24472769150200974,2432,False,"q=8 robust continuation, leak 0.8",8,"a=0.8,lw=1.5,r=0.04,w=0.25; a=1,lw=0.8,r=0.025,w=0.5; a=1,lw=0.8,r=0.02,w=0.5"
five_level_weak_anharmonic,long_q8_robust_leak08,0.03,deph_0.001,0.001,0.0,40,0.9852857338239961,0.0020216126961565273,0.07683542404225974,0.018323024457682763,0.9887962556395747,0.002782792992248793,120,219.93148948787712,0.24472769150200974,2432,False,"q=8 robust continuation, leak 0.8",8,"a=0.8,lw=1.5,r=0.04,w=0.25; a=1,lw=0.8,r=0.025,w=0.5; a=1,lw=0.8,r=0.02,w=0.5"
five_level_weak_anharmonic,long_q8_robust_leak08,0.03,deph_0.001,0.001,0.0,41,0.9349353977671535,0.0016617910037591832,0.08126910603474624,0.07809375865358625,0.9853023315118551,0.002782792992248793,120,219.93148948787712,0.24472769150200974,2432,False,"q=8 robust continuation, leak 0.8",8,"a=0.8,lw=1.5,r=0.04,w=0.25; a=1,lw=0.8,r=0.025,w=0.5; a=1,lw=0.8,r=0.02,w=0.5"
five_level_weak_anharmonic,long_q8_robust_leak08,0.03,deph_0.001,0.001,0.0,42,0.9846586004114444,0.0017212220528715072,0.08600888338839463,0.018362619324153794,0.9890684454577565,0.002782792992248793,120,219.93148948787712,0.24472769150200974,2432,False,"q=8 robust continuation, leak 0.8",8,"a=0.8,lw=1.5,r=0.04,w=0.25; a=1,lw=0.8,r=0.025,w=0.5; a=1,lw=0.8,r=0.02,w=0.5"
five_level_weak_anharmonic,long_q8_robust_leak08,0.03,deph_0.001,0.001,0.0,43,0.9580475907102162,0.001444940490370361,0.06818342376428443,0.02856057048636101,0.9897135325319327,0.002782792992248793,120,219.93148948787712,0.24472769150200974,2432,False,"q=8 robust continuation, leak 0.8",8,"a=0.8,lw=1.5,r=0.04,w=0.25; a=1,lw=0.8,r=0.025,w=0.5; a=1,lw=0.8,r=0.02,w=0.5"
five_level_weak_anharmonic,long_q8_robust_leak08,0.03,deph_0.001,0.001,0.0,44,0.9704583007565531,0.0018777585102858207,0.0686665917990773,0.03270518385946918,0.9884674608639928,0.002782792992248793,120,219.93148948787712,0.24472769150200974,2432,False,"q=8 robust continuation, leak 0.8",8,"a=0.8,lw=1.5,r=0.04,w=0.25; a=1,lw=0.8,r=0.025,w=0.5; a=1,lw=0.8,r=0.02,w=0.5"
five_level_weak_anharmonic,long_q8_robust_leak08,0.03,deph_0.001,0.001,0.0,45,0.9919173661802907,0.002383139501502929,0.09256742623043179,0.008663198219791007,0.9887107405500771,0.002782792992248793,120,219.93148948787712,0.24472769150200974,2432,False,"q=8 robust continuation, leak 0.8",8,"a=0.8,lw=1.5,r=0.04,w=0.25; a=1,lw=0.8,r=0.025,w=0.5; a=1,lw=0.8,r=0.02,w=0.5"
five_level_weak_anharmonic,long_q8_robust_leak08,0.03,deph_0.001,0.001,0.0,46,0.9664290172321257,0.0012907845959378994,0.06936514128553051,0.04263700758247733,0.9884993572116191,0.002782792992248793,120,219.93148948787712,0.24472769150200974,2432,False,"q=8 robust continuation, leak 0.8",8,"a=0.8,lw=1.5,r=0.04,w=0.25; a=1,lw=0.8,r=0.025,w=0.5; a=1,lw=0.8,r=0.02,w=0.5"
five_level_weak_anharmonic,long_q8_robust_leak08,0.03,deph_0.001,0.001,0.0,47,0.9779009804492319,0.0020985974913707572,0.06215826593620277,0.030879994743017808,0.9879696725303497,0.002782792992248793,120,219.93148948787712,0.24472769150200974,2432,False,"q=8 robust continuation, leak 0.8",8,"a=0.8,lw=1.5,r=0.04,w=0.25; a=1,lw=0.8,r=0.025,w=0.5; a=1,lw=0.8,r=0.02,w=0.5"
five_level_weak_anharmonic,long_q8_robust_leak08,0.03,deph_0.001,0.001,0.0,48,0.8294912205714796,0.0015341223546589955,0.08308156096801256,0.15727949846411937,0.9850189144992751,0.002782792992248793,120,219.93148948787712,0.24472769150200974,2432,False,"q=8 robust continuation, leak 0.8",8,"a=0.8,lw=1.5,r=0.04,w=0.25; a=1,lw=0.8,r=0.025,w=0.5; a=1,lw=0.8,r=0.02,w=0.5"
five_level_weak_anharmonic,long_q8_robust_leak08,0.03,deph_0.001,0.001,0.0,49,0.9751166026706822,0.0017944472660595956,0.08526949869264966,0.024142097113848897,0.9874728026954771,0.002782792992248793,120,219.93148948787712,0.24472769150200974,2432,False,"q=8 robust continuation, leak 0.8",8,"a=0.8,lw=1.5,r=0.04,w=0.25; a=1,lw=0.8,r=0.025,w=0.5; a=1,lw=0.8,r=0.02,w=0.5"
five_level_weak_anharmonic,long_q8_robust_leak08,0.03,deph_0.001,0.001,0.0,50,0.9330710319070831,0.0024568908377463616,0.08736726912065218,0.04999435902186198,0.9864328291098119,0.002782792992248793,120,219.93148948787712,0.24472769150200974,2432,False,"q=8 robust continuation, leak 0.8",8,"a=0.8,lw=1.5,r=0.04,w=0.25; a=1,lw=0.8,r=0.025,w=0.5; a=1,lw=0.8,r=0.02,w=0.5"
five_level_weak_anharmonic,long_q8_robust_leak08,0.03,deph_0.001,0.001,0.0,51,0.9487407555240206,0.0017917236972767592,0.08964046470977838,0.04759064525231305,0.9858199514280579,0.002782792992248793,120,219.93148948787712,0.24472769150200974,2432,False,"q=8 robust continuation, leak 0.8",8,"a=0.8,lw=1.5,r=0.04,w=0.25; a=1,lw=0.8,r=0.025,w=0.5; a=1,lw=0.8,r=0.02,w=0.5"
five_level_weak_anharmonic,long_q8_robust_leak08,0.03,deph_0.001,0.001,0.0,52,0.9478390236825969,0.00147545954073669,0.08344959435021404,0.06461017394795553,0.9860967823361256,0.002782792992248793,120,219.93148948787712,0.24472769150200974,2432,False,"q=8 robust continuation, leak 0.8",8,"a=0.8,lw=1.5,r=0.04,w=0.25; a=1,lw=0.8,r=0.025,w=0.5; a=1,lw=0.8,r=0.02,w=0.5"
five_level_weak_anharmonic,long_q8_robust_leak08,0.03,deph_0.001,0.001,0.0,53,0.923085459782174,0.001724640681033729,0.08624051021042034,0.05904865871315735,0.9875848487612658,0.002782792992248793,120,219.93148948787712,0.24472769150200974,2432,False,"q=8 robust continuation, leak 0.8",8,"a=0.8,lw=1.5,r=0.04,w=0.25; a=1,lw=0.8,r=0.025,w=0.5; a=1,lw=0.8,r=0.02,w=0.5"
five_level_weak_anharmonic,long_q8_robust_leak08,0.03,deph_0.001,0.001,0.0,54,0.9499563384326121,0.003251091281214036,0.09271124610013937,0.03795219382934695,0.988472720418281,0.002782792992248793,120,219.93148948787712,0.24472769150200974,2432,False,"q=8 robust continuation, leak 0.8",8,"a=0.8,lw=1.5,r=0.04,w=0.25; a=1,lw=0.8,r=0.025,w=0.5; a=1,lw=0.8,r=0.02,w=0.5"
five_level_weak_anharmonic,long_q8_robust_leak08,0.03,deph_0.001,0.001,0.0,55,0.9628711021808894,0.0019217624404429534,0.09225338699354202,0.039624212659250625,0.9873123770074035,0.002782792992248793,120,219.93148948787712,0.24472769150200974,2432,False,"q=8 robust continuation, leak 0.8",8,"a=0.8,lw=1.5,r=0.04,w=0.25; a=1,lw=0.8,r=0.025,w=0.5; a=1,lw=0.8,r=0.02,w=0.5"
five_level_weak_anharmonic,long_q8_robust_leak08,0.03,deph_0.001,0.001,0.0,56,0.9664887880236547,0.002936332932061969,0.08785056347342324,0.029428840922762756,0.9896293954356734,0.002782792992248793,120,219.93148948787712,0.24472769150200974,2432,False,"q=8 robust continuation, leak 0.8",8,"a=0.8,lw=1.5,r=0.04,w=0.25; a=1,lw=0.8,r=0.025,w=0.5; a=1,lw=0.8,r=0.02,w=0.5"
five_level_weak_anharmonic,long_q8_robust_leak08,0.03,deph_0.001,0.001,0.0,57,0.8100237620234514,0.003828133512399301,0.1081849518408895,0.1480804281405106,0.9800778790166369,0.002782792992248793,120,219.93148948787712,0.24472769150200974,2432,False,"q=8 robust continuation, leak 0.8",8,"a=0.8,lw=1.5,r=0.04,w=0.25; a=1,lw=0.8,r=0.025,w=0.5; a=1,lw=0.8,r=0.02,w=0.5"
five_level_weak_anharmonic,long_q8_robust_leak08,0.03,deph_0.001,0.001,0.0,58,0.9895280712943568,0.0010694508927664437,0.059530617137396824,0.009410685653234697,0.9906472316663159,0.002782792992248793,120,219.93148948787712,0.24472769150200974,2432,False,"q=8 robust continuation, leak 0.8",8,"a=0.8,lw=1.5,r=0.04,w=0.25; a=1,lw=0.8,r=0.025,w=0.5; a=1,lw=0.8,r=0.02,w=0.5"
five_level_weak_anharmonic,long_q8_robust_leak08,0.03,deph_0.001,0.001,0.0,59,0.9225882057897473,0.0026726644286654277,0.10043683892329258,0.08591208848924606,0.9854152742396753,0.002782792992248793,120,219.93148948787712,0.24472769150200974,2432,False,"q=8 robust continuation, leak 0.8",8,"a=0.8,lw=1.5,r=0.04,w=0.25; a=1,lw=0.8,r=0.025,w=0.5; a=1,lw=0.8,r=0.02,w=0.5"
five_level_weak_anharmonic,long_q8_robust_leak08,0.03,relax_0.0005,0.0,0.0005,10,0.8826704742965444,7.601509714261212e-05,0.0836635896963055,0.10364828571207335,0.9580831169586528,0.002782792992248793,120,219.93148948787712,0.24472769150200974,2432,False,"q=8 robust continuation, leak 0.8",8,"a=0.8,lw=1.5,r=0.04,w=0.25; a=1,lw=0.8,r=0.025,w=0.5; a=1,lw=0.8,r=0.02,w=0.5"
five_level_weak_anharmonic,long_q8_robust_leak08,0.03,relax_0.0005,0.0,0.0005,11,0.8868369379599224,0.0014452407435909809,0.0874808348847862,0.1091627941853478,0.9564572664961875,0.002782792992248793,120,219.93148948787712,0.24472769150200974,2432,False,"q=8 robust continuation, leak 0.8",8,"a=0.8,lw=1.5,r=0.04,w=0.25; a=1,lw=0.8,r=0.025,w=0.5; a=1,lw=0.8,r=0.02,w=0.5"
five_level_weak_anharmonic,long_q8_robust_leak08,0.03,relax_0.0005,0.0,0.0005,12,0.9152154097077734,0.0011307041551827934,0.06865051018909785,0.10332422103986072,0.9590875631593851,0.002782792992248793,120,219.93148948787712,0.24472769150200974,2432,False,"q=8 robust continuation, leak 0.8",8,"a=0.8,lw=1.5,r=0.04,w=0.25; a=1,lw=0.8,r=0.025,w=0.5; a=1,lw=0.8,r=0.02,w=0.5"
five_level_weak_anharmonic,long_q8_robust_leak08,0.03,relax_0.0005,0.0,0.0005,13,0.8833924301202289,0.00026237018304453574,0.08900545725071995,0.11562055558469664,0.9622054633809207,0.002782792992248793,120,219.93148948787712,0.24472769150200974,2432,False,"q=8 robust continuation, leak 0.8",8,"a=0.8,lw=1.5,r=0.04,w=0.25; a=1,lw=0.8,r=0.025,w=0.5; a=1,lw=0.8,r=0.02,w=0.5"
five_level_weak_anharmonic,long_q8_robust_leak08,0.03,relax_0.0005,0.0,0.0005,14,0.9087913114257412,0.0007080162627884912,0.07985419413771033,0.08572978399990153,0.9582769319113668,0.002782792992248793,120,219.93148948787712,0.24472769150200974,2432,False,"q=8 robust continuation, leak 0.8",8,"a=0.8,lw=1.5,r=0.04,w=0.25; a=1,lw=0.8,r=0.025,w=0.5; a=1,lw=0.8,r=0.02,w=0.5"
five_level_weak_anharmonic,long_q8_robust_leak08,0.03,relax_0.0005,0.0,0.0005,15,0.9520506373567933,0.0016793626072557633,0.10045082063711264,0.0359730380402367,0.956129662764601,0.002782792992248793,120,219.93148948787712,0.24472769150200974,2432,False,"q=8 robust continuation, leak 0.8",8,"a=0.8,lw=1.5,r=0.04,w=0.25; a=1,lw=0.8,r=0.025,w=0.5; a=1,lw=0.8,r=0.02,w=0.5"
five_level_weak_anharmonic,long_q8_robust_leak08,0.03,relax_0.0005,0.0,0.0005,16,0.9540564677340461,0.001841285033184925,0.09221506944229607,0.052738531303598485,0.9556175994903964,0.002782792992248793,120,219.93148948787712,0.24472769150200974,2432,False,"q=8 robust continuation, leak 0.8",8,"a=0.8,lw=1.5,r=0.04,w=0.25; a=1,lw=0.8,r=0.025,w=0.5; a=1,lw=0.8,r=0.02,w=0.5"
five_level_weak_anharmonic,long_q8_robust_leak08,0.03,relax_0.0005,0.0,0.0005,17,0.851946154943487,0.0005566731492849808,0.0728579806102847,0.11372816351043863,0.9616711544707993,0.002782792992248793,120,219.93148948787712,0.24472769150200974,2432,False,"q=8 robust continuation, leak 0.8",8,"a=0.8,lw=1.5,r=0.04,w=0.25; a=1,lw=0.8,r=0.025,w=0.5; a=1,lw=0.8,r=0.02,w=0.5"
five_level_weak_anharmonic,long_q8_robust_leak08,0.03,relax_0.0005,0.0,0.0005,18,0.9376612963983321,0.0009103115028327169,0.08504891669329062,0.04613575224558682,0.9572050850802136,0.002782792992248793,120,219.93148948787712,0.24472769150200974,2432,False,"q=8 robust continuation, leak 0.8",8,"a=0.8,lw=1.5,r=0.04,w=0.25; a=1,lw=0.8,r=0.025,w=0.5; a=1,lw=0.8,r=0.02,w=0.5"
five_level_weak_anharmonic,long_q8_robust_leak08,0.03,relax_0.0005,0.0,0.0005,19,0.9027791188352668,0.00039479303506162466,0.07851220996333841,0.11021961978821784,0.9586870456743163,0.002782792992248793,120,219.93148948787712,0.24472769150200974,2432,False,"q=8 robust continuation, leak 0.8",8,"a=0.8,lw=1.5,r=0.04,w=0.25; a=1,lw=0.8,r=0.025,w=0.5; a=1,lw=0.8,r=0.02,w=0.5"
five_level_weak_anharmonic,long_q8_robust_leak08,0.03,relax_0.0005,0.0,0.0005,20,0.8881837072149478,0.0005898933780748017,0.07956248125615617,0.11881936905606687,0.9598833324632279,0.002782792992248793,120,219.93148948787712,0.24472769150200974,2432,False,"q=8 robust continuation, leak 0.8",8,"a=0.8,lw=1.5,r=0.04,w=0.25; a=1,lw=0.8,r=0.025,w=0.5; a=1,lw=0.8,r=0.02,w=0.5"
five_level_weak_anharmonic,long_q8_robust_leak08,0.03,relax_0.0005,0.0,0.0005,21,0.9526599584143128,0.0005516058288981274,0.06761784179225772,0.05385882095418138,0.9558807120656925,0.002782792992248793,120,219.93148948787712,0.24472769150200974,2432,False,"q=8 robust continuation, leak 0.8",8,"a=0.8,lw=1.5,r=0.04,w=0.25; a=1,lw=0.8,r=0.025,w=0.5; a=1,lw=0.8,r=0.02,w=0.5"
five_level_weak_anharmonic,long_q8_robust_leak08,0.03,relax_0.0005,0.0,0.0005,22,0.9160863509844803,0.00034989290210574175,0.08925268691001742,0.08549687665078733,0.9563024649158535,0.002782792992248793,120,219.93148948787712,0.24472769150200974,2432,False,"q=8 robust continuation, leak 0.8",8,"a=0.8,lw=1.5,r=0.04,w=0.25; a=1,lw=0.8,r=0.025,w=0.5; a=1,lw=0.8,r=0.02,w=0.5"
five_level_weak_anharmonic,long_q8_robust_leak08,0.03,relax_0.0005,0.0,0.0005,23,0.9707005515088909,0.0006365323936595724,0.07519919885118198,0.03001811671616669,0.9545012524903761,0.002782792992248793,120,219.93148948787712,0.24472769150200974,2432,False,"q=8 robust continuation, leak 0.8",8,"a=0.8,lw=1.5,r=0.04,w=0.25; a=1,lw=0.8,r=0.025,w=0.5; a=1,lw=0.8,r=0.02,w=0.5"
five_level_weak_anharmonic,long_q8_robust_leak08,0.03,relax_0.0005,0.0,0.0005,24,0.937988552670589,0.00023557643198723888,0.07069181547526848,0.046487765674004235,0.9567412671547998,0.002782792992248793,120,219.93148948787712,0.24472769150200974,2432,False,"q=8 robust continuation, leak 0.8",8,"a=0.8,lw=1.5,r=0.04,w=0.25; a=1,lw=0.8,r=0.025,w=0.5; a=1,lw=0.8,r=0.02,w=0.5"
five_level_weak_anharmonic,long_q8_robust_leak08,0.03,relax_0.0005,0.0,0.0005,25,0.9436613064150969,0.0007838136561486575,0.0761773696063196,0.04369886831804139,0.9558015859191189,0.002782792992248793,120,219.93148948787712,0.24472769150200974,2432,False,"q=8 robust continuation, leak 0.8",8,"a=0.8,lw=1.5,r=0.04,w=0.25; a=1,lw=0.8,r=0.025,w=0.5; a=1,lw=0.8,r=0.02,w=0.5"
five_level_weak_anharmonic,long_q8_robust_leak08,0.03,relax_0.0005,0.0,0.0005,26,0.9689970994511997,0.0015227801410078179,0.08787017335069591,0.024878871031427673,0.955703526635781,0.002782792992248793,120,219.93148948787712,0.24472769150200974,2432,False,"q=8 robust continuation, leak 0.8",8,"a=0.8,lw=1.5,r=0.04,w=0.25; a=1,lw=0.8,r=0.025,w=0.5; a=1,lw=0.8,r=0.02,w=0.5"
five_level_weak_anharmonic,long_q8_robust_leak08,0.03,relax_0.0005,0.0,0.0005,27,0.9081420740426944,0.0006542413274863712,0.07161904351517945,0.06989619331274112,0.9585730134623704,0.002782792992248793,120,219.93148948787712,0.24472769150200974,2432,False,"q=8 robust continuation, leak 0.8",8,"a=0.8,lw=1.5,r=0.04,w=0.25; a=1,lw=0.8,r=0.025,w=0.5; a=1,lw=0.8,r=0.02,w=0.5"
five_level_weak_anharmonic,long_q8_robust_leak08,0.03,relax_0.0005,0.0,0.0005,28,0.9261640875944575,0.0023861794490172006,0.07779343842706876,0.07825133085690279,0.9568207611453504,0.002782792992248793,120,219.93148948787712,0.24472769150200974,2432,False,"q=8 robust continuation, leak 0.8",8,"a=0.8,lw=1.5,r=0.04,w=0.25; a=1,lw=0.8,r=0.025,w=0.5; a=1,lw=0.8,r=0.02,w=0.5"
five_level_weak_anharmonic,long_q8_robust_leak08,0.03,relax_0.0005,0.0,0.0005,29,0.9628159138921267,0.0011631002240405364,0.06407817732628796,0.038330870097608945,0.9560226732568812,0.002782792992248793,120,219.93148948787712,0.24472769150200974,2432,False,"q=8 robust continuation, leak 0.8",8,"a=0.8,lw=1.5,r=0.04,w=0.25; a=1,lw=0.8,r=0.025,w=0.5; a=1,lw=0.8,r=0.02,w=0.5"
five_level_weak_anharmonic,long_q8_robust_leak08,0.03,relax_0.0005,0.0,0.0005,30,0.9355284406386332,0.000847854970580153,0.0707397756621202,0.05052187834281391,0.9579197457999729,0.002782792992248793,120,219.93148948787712,0.24472769150200974,2432,False,"q=8 robust continuation, leak 0.8",8,"a=0.8,lw=1.5,r=0.04,w=0.25; a=1,lw=0.8,r=0.025,w=0.5; a=1,lw=0.8,r=0.02,w=0.5"
five_level_weak_anharmonic,long_q8_robust_leak08,0.03,relax_0.0005,0.0,0.0005,31,0.8987446119727825,0.001126125226346253,0.09861723976826753,0.09649358641184706,0.9564144516293536,0.002782792992248793,120,219.93148948787712,0.24472769150200974,2432,False,"q=8 robust continuation, leak 0.8",8,"a=0.8,lw=1.5,r=0.04,w=0.25; a=1,lw=0.8,r=0.025,w=0.5; a=1,lw=0.8,r=0.02,w=0.5"
five_level_weak_anharmonic,long_q8_robust_leak08,0.03,relax_0.0005,0.0,0.0005,32,0.939902331802079,0.00018742459131437794,0.0847463314551864,0.05807850285174467,0.9545978550185491,0.002782792992248793,120,219.93148948787712,0.24472769150200974,2432,False,"q=8 robust continuation, leak 0.8",8,"a=0.8,lw=1.5,r=0.04,w=0.25; a=1,lw=0.8,r=0.025,w=0.5; a=1,lw=0.8,r=0.02,w=0.5"
five_level_weak_anharmonic,long_q8_robust_leak08,0.03,relax_0.0005,0.0,0.0005,33,0.9417915408371204,0.0006862353187289116,0.08687092862516765,0.044873181793098155,0.9576261526316485,0.002782792992248793,120,219.93148948787712,0.24472769150200974,2432,False,"q=8 robust continuation, leak 0.8",8,"a=0.8,lw=1.5,r=0.04,w=0.25; a=1,lw=0.8,r=0.025,w=0.5; a=1,lw=0.8,r=0.02,w=0.5"
five_level_weak_anharmonic,long_q8_robust_leak08,0.03,relax_0.0005,0.0,0.0005,34,0.9665559227005747,0.0015912515091758284,0.1035241319064295,0.02638703024952676,0.9558290060543212,0.002782792992248793,120,219.93148948787712,0.24472769150200974,2432,False,"q=8 robust continuation, leak 0.8",8,"a=0.8,lw=1.5,r=0.04,w=0.25; a=1,lw=0.8,r=0.025,w=0.5; a=1,lw=0.8,r=0.02,w=0.5"
five_level_weak_anharmonic,long_q8_robust_leak08,0.03,relax_0.0005,0.0,0.0005,35,0.8720185589328562,0.0011274608563915933,0.0986190348699656,0.12155171547597281,0.9606448344590307,0.002782792992248793,120,219.93148948787712,0.24472769150200974,2432,False,"q=8 robust continuation, leak 0.8",8,"a=0.8,lw=1.5,r=0.04,w=0.25; a=1,lw=0.8,r=0.025,w=0.5; a=1,lw=0.8,r=0.02,w=0.5"
five_level_weak_anharmonic,long_q8_robust_leak08,0.03,relax_0.0005,0.0,0.0005,36,0.9650628703540068,0.0008646777784971915,0.07166261689949782,0.0338488403288533,0.9545093216977332,0.002782792992248793,120,219.93148948787712,0.24472769150200974,2432,False,"q=8 robust continuation, leak 0.8",8,"a=0.8,lw=1.5,r=0.04,w=0.25; a=1,lw=0.8,r=0.025,w=0.5; a=1,lw=0.8,r=0.02,w=0.5"
five_level_weak_anharmonic,long_q8_robust_leak08,0.03,relax_0.0005,0.0,0.0005,37,0.7425629875091516,0.0007824422703257561,0.06068996539138538,0.2026353225493611,0.9668850442806007,0.002782792992248793,120,219.93148948787712,0.24472769150200974,2432,False,"q=8 robust continuation, leak 0.8",8,"a=0.8,lw=1.5,r=0.04,w=0.25; a=1,lw=0.8,r=0.025,w=0.5; a=1,lw=0.8,r=0.02,w=0.5"
five_level_weak_anharmonic,long_q8_robust_leak08,0.03,relax_0.0005,0.0,0.0005,38,0.944972788200546,0.0012128058408887865,0.06392069613462836,0.05115355380840615,0.9577335137594613,0.002782792992248793,120,219.93148948787712,0.24472769150200974,2432,False,"q=8 robust continuation, leak 0.8",8,"a=0.8,lw=1.5,r=0.04,w=0.25; a=1,lw=0.8,r=0.025,w=0.5; a=1,lw=0.8,r=0.02,w=0.5"
five_level_weak_anharmonic,long_q8_robust_leak08,0.03,relax_0.0005,0.0,0.0005,39,0.9662132493862449,0.0009959553242291364,0.09081222956007795,0.027737682359374162,0.954763116322083,0.002782792992248793,120,219.93148948787712,0.24472769150200974,2432,False,"q=8 robust continuation, leak 0.8",8,"a=0.8,lw=1.5,r=0.04,w=0.25; a=1,lw=0.8,r=0.025,w=0.5; a=1,lw=0.8,r=0.02,w=0.5"
five_level_weak_anharmonic,long_q8_robust_leak08,0.03,relax_0.0005,0.0,0.0005,40,0.967105162068919,0.0008383491109384966,0.07625625791983714,0.03333750145708697,0.9554914924410828,0.002782792992248793,120,219.93148948787712,0.24472769150200974,2432,False,"q=8 robust continuation, leak 0.8",8,"a=0.8,lw=1.5,r=0.04,w=0.25; a=1,lw=0.8,r=0.025,w=0.5; a=1,lw=0.8,r=0.02,w=0.5"
five_level_weak_anharmonic,long_q8_robust_leak08,0.03,relax_0.0005,0.0,0.0005,41,0.9172654058682781,0.00038112220415065234,0.08066710617986295,0.09294882326957087,0.9577602601020394,0.002782792992248793,120,219.93148948787712,0.24472769150200974,2432,False,"q=8 robust continuation, leak 0.8",8,"a=0.8,lw=1.5,r=0.04,w=0.25; a=1,lw=0.8,r=0.025,w=0.5; a=1,lw=0.8,r=0.02,w=0.5"
five_level_weak_anharmonic,long_q8_robust_leak08,0.03,relax_0.0005,0.0,0.0005,42,0.9681354026873502,0.0003278732102950377,0.08538137961207726,0.03183569605020613,0.9552975421012463,0.002782792992248793,120,219.93148948787712,0.24472769150200974,2432,False,"q=8 robust continuation, leak 0.8",8,"a=0.8,lw=1.5,r=0.04,w=0.25; a=1,lw=0.8,r=0.025,w=0.5; a=1,lw=0.8,r=0.02,w=0.5"
five_level_weak_anharmonic,long_q8_robust_leak08,0.03,relax_0.0005,0.0,0.0005,43,0.9396831985635586,0.0005167979953190072,0.06768657700812597,0.04392802377168103,0.9551731855432388,0.002782792992248793,120,219.93148948787712,0.24472769150200974,2432,False,"q=8 robust continuation, leak 0.8",8,"a=0.8,lw=1.5,r=0.04,w=0.25; a=1,lw=0.8,r=0.025,w=0.5; a=1,lw=0.8,r=0.02,w=0.5"
five_level_weak_anharmonic,long_q8_robust_leak08,0.03,relax_0.0005,0.0,0.0005,44,0.9544237601196761,0.0009805168544164689,0.06807926947060383,0.04597088817043615,0.9575811054553544,0.002782792992248793,120,219.93148948787712,0.24472769150200974,2432,False,"q=8 robust continuation, leak 0.8",8,"a=0.8,lw=1.5,r=0.04,w=0.25; a=1,lw=0.8,r=0.025,w=0.5; a=1,lw=0.8,r=0.02,w=0.5"
five_level_weak_anharmonic,long_q8_robust_leak08,0.03,relax_0.0005,0.0,0.0005,45,0.974616603749525,0.0008377689743237493,0.09193796183507352,0.02280660871982344,0.9557360989478967,0.002782792992248793,120,219.93148948787712,0.24472769150200974,2432,False,"q=8 robust continuation, leak 0.8",8,"a=0.8,lw=1.5,r=0.04,w=0.25; a=1,lw=0.8,r=0.025,w=0.5; a=1,lw=0.8,r=0.02,w=0.5"
five_level_weak_anharmonic,long_q8_robust_leak08,0.03,relax_0.0005,0.0,0.0005,46,0.9489525550728806,0.0002819296952196737,0.06889470162337497,0.05762390881694925,0.9553594170007237,0.002782792992248793,120,219.93148948787712,0.24472769150200974,2432,False,"q=8 robust continuation, leak 0.8",8,"a=0.8,lw=1.5,r=0.04,w=0.25; a=1,lw=0.8,r=0.025,w=0.5; a=1,lw=0.8,r=0.02,w=0.5"
five_level_weak_anharmonic,long_q8_robust_leak08,0.03,relax_0.0005,0.0,0.0005,47,0.959439884644238,0.0011969228118071662,0.06160621086734985,0.04645381785720688,0.9562999306499927,0.002782792992248793,120,219.93148948787712,0.24472769150200974,2432,False,"q=8 robust continuation, leak 0.8",8,"a=0.8,lw=1.5,r=0.04,w=0.25; a=1,lw=0.8,r=0.025,w=0.5; a=1,lw=0.8,r=0.02,w=0.5"
five_level_weak_anharmonic,long_q8_robust_leak08,0.03,relax_0.0005,0.0,0.0005,48,0.814553678417632,0.0002670857449987851,0.08248480642886158,0.17028402234512502,0.9586952301356902,0.002782792992248793,120,219.93148948787712,0.24472769150200974,2432,False,"q=8 robust continuation, leak 0.8",8,"a=0.8,lw=1.5,r=0.04,w=0.25; a=1,lw=0.8,r=0.025,w=0.5; a=1,lw=0.8,r=0.02,w=0.5"
five_level_weak_anharmonic,long_q8_robust_leak08,0.03,relax_0.0005,0.0,0.0005,49,0.9566490121179634,0.0005416448027922849,0.0846100097368695,0.03955337784819921,0.9564687969973922,0.002782792992248793,120,219.93148948787712,0.24472769150200974,2432,False,"q=8 robust continuation, leak 0.8",8,"a=0.8,lw=1.5,r=0.04,w=0.25; a=1,lw=0.8,r=0.025,w=0.5; a=1,lw=0.8,r=0.02,w=0.5"
five_level_weak_anharmonic,long_q8_robust_leak08,0.03,relax_0.0005,0.0,0.0005,50,0.9141987134194889,0.0011796101709898865,0.08672767152721306,0.06556511888499574,0.9587120129306166,0.002782792992248793,120,219.93148948787712,0.24472769150200974,2432,False,"q=8 robust continuation, leak 0.8",8,"a=0.8,lw=1.5,r=0.04,w=0.25; a=1,lw=0.8,r=0.025,w=0.5; a=1,lw=0.8,r=0.02,w=0.5"
five_level_weak_anharmonic,long_q8_robust_leak08,0.03,relax_0.0005,0.0,0.0005,51,0.9305180229669254,0.000309598869803529,0.08901950552570614,0.06268301985561096,0.957256692384773,0.002782792992248793,120,219.93148948787712,0.24472769150200974,2432,False,"q=8 robust continuation, leak 0.8",8,"a=0.8,lw=1.5,r=0.04,w=0.25; a=1,lw=0.8,r=0.025,w=0.5; a=1,lw=0.8,r=0.02,w=0.5"
five_level_weak_anharmonic,long_q8_robust_leak08,0.03,relax_0.0005,0.0,0.0005,52,0.9302115630960905,0.00019758810783643277,0.08282083453640654,0.07943312682954567,0.9572524558295905,0.002782792992248793,120,219.93148948787712,0.24472769150200974,2432,False,"q=8 robust continuation, leak 0.8",8,"a=0.8,lw=1.5,r=0.04,w=0.25; a=1,lw=0.8,r=0.025,w=0.5; a=1,lw=0.8,r=0.02,w=0.5"
five_level_weak_anharmonic,long_q8_robust_leak08,0.03,relax_0.0005,0.0,0.0005,53,0.9044477381001147,0.000525995005397073,0.08568022817195442,0.07457597173057053,0.9569718762841978,0.002782792992248793,120,219.93148948787712,0.24472769150200974,2432,False,"q=8 robust continuation, leak 0.8",8,"a=0.8,lw=1.5,r=0.04,w=0.25; a=1,lw=0.8,r=0.025,w=0.5; a=1,lw=0.8,r=0.02,w=0.5"
five_level_weak_anharmonic,long_q8_robust_leak08,0.03,relax_0.0005,0.0,0.0005,54,0.93243557027646,0.0017738181046880186,0.09206837910016685,0.0525129089618573,0.9556530833240211,0.002782792992248793,120,219.93148948787712,0.24472769150200974,2432,False,"q=8 robust continuation, leak 0.8",8,"a=0.8,lw=1.5,r=0.04,w=0.25; a=1,lw=0.8,r=0.025,w=0.5; a=1,lw=0.8,r=0.02,w=0.5"
five_level_weak_anharmonic,long_q8_robust_leak08,0.03,relax_0.0005,0.0,0.0005,55,0.9466855768588658,0.0005964356943248816,0.09156982986176754,0.05293792515310221,0.9580780459720881,0.002782792992248793,120,219.93148948787712,0.24472769150200974,2432,False,"q=8 robust continuation, leak 0.8",8,"a=0.8,lw=1.5,r=0.04,w=0.25; a=1,lw=0.8,r=0.025,w=0.5; a=1,lw=0.8,r=0.02,w=0.5"
five_level_weak_anharmonic,long_q8_robust_leak08,0.03,relax_0.0005,0.0,0.0005,56,0.9491281912970373,0.001640191391486967,0.0872523952491353,0.04393070983047775,0.9540537824997222,0.002782792992248793,120,219.93148948787712,0.24472769150200974,2432,False,"q=8 robust continuation, leak 0.8",8,"a=0.8,lw=1.5,r=0.04,w=0.25; a=1,lw=0.8,r=0.025,w=0.5; a=1,lw=0.8,r=0.02,w=0.5"
five_level_weak_anharmonic,long_q8_robust_leak08,0.03,relax_0.0005,0.0,0.0005,57,0.7917679725502208,0.0020957533445908894,0.1074898933517141,0.16330587570783991,0.9640237253329204,0.002782792992248793,120,219.93148948787712,0.24472769150200974,2432,False,"q=8 robust continuation, leak 0.8",8,"a=0.8,lw=1.5,r=0.04,w=0.25; a=1,lw=0.8,r=0.025,w=0.5; a=1,lw=0.8,r=0.02,w=0.5"
five_level_weak_anharmonic,long_q8_robust_leak08,0.03,relax_0.0005,0.0,0.0005,58,0.9712088736382563,0.00023596118212132478,0.05899832847774045,0.024752294410714536,0.9543860059506918,0.002782792992248793,120,219.93148948787712,0.24472769150200974,2432,False,"q=8 robust continuation, leak 0.8",8,"a=0.8,lw=1.5,r=0.04,w=0.25; a=1,lw=0.8,r=0.025,w=0.5; a=1,lw=0.8,r=0.02,w=0.5"
five_level_weak_anharmonic,long_q8_robust_leak08,0.03,relax_0.0005,0.0,0.0005,59,0.9064784123186842,0.0010800095464187365,0.09978403446561923,0.09970276309458903,0.9571764204188073,0.002782792992248793,120,219.93148948787712,0.24472769150200974,2432,False,"q=8 robust continuation, leak 0.8",8,"a=0.8,lw=1.5,r=0.04,w=0.25; a=1,lw=0.8,r=0.025,w=0.5; a=1,lw=0.8,r=0.02,w=0.5"
five_level_weak_anharmonic,long_q8_robust_leak08,0.03,combined,0.001,0.0005,10,0.8790833240614973,0.0012649481205969648,0.08391438620251157,0.10752206289533575,0.945570800635684,0.002782792992248793,120,219.93148948787712,0.24472769150200974,2432,False,"q=8 robust continuation, leak 0.8",8,"a=0.8,lw=1.5,r=0.04,w=0.25; a=1,lw=0.8,r=0.025,w=0.5; a=1,lw=0.8,r=0.02,w=0.5"
five_level_weak_anharmonic,long_q8_robust_leak08,0.03,combined,0.001,0.0005,11,0.883089146466008,0.0027275127459837067,0.08771637079038319,0.11284124244103914,0.9442941807171391,0.002782792992248793,120,219.93148948787712,0.24472769150200974,2432,False,"q=8 robust continuation, leak 0.8",8,"a=0.8,lw=1.5,r=0.04,w=0.25; a=1,lw=0.8,r=0.025,w=0.5; a=1,lw=0.8,r=0.02,w=0.5"
five_level_weak_anharmonic,long_q8_robust_leak08,0.03,combined,0.001,0.0005,12,0.9109769726989267,0.0021859698793124105,0.068868173137552,0.10703154039912931,0.9448517407080327,0.002782792992248793,120,219.93148948787712,0.24472769150200974,2432,False,"q=8 robust continuation, leak 0.8",8,"a=0.8,lw=1.5,r=0.04,w=0.25; a=1,lw=0.8,r=0.025,w=0.5; a=1,lw=0.8,r=0.02,w=0.5"
five_level_weak_anharmonic,long_q8_robust_leak08,0.03,combined,0.001,0.0005,13,0.8794107904532744,0.0014500046213082873,0.08925819741891228,0.11957872557432367,0.9466709583652049,0.002782792992248793,120,219.93148948787712,0.24472769150200974,2432,False,"q=8 robust continuation, leak 0.8",8,"a=0.8,lw=1.5,r=0.04,w=0.25; a=1,lw=0.8,r=0.025,w=0.5; a=1,lw=0.8,r=0.02,w=0.5"
five_level_weak_anharmonic,long_q8_robust_leak08,0.03,combined,0.001,0.0005,14,0.9049712458000105,0.0016707778658692218,0.08005700631292467,0.0896957356552398,0.9461372976659597,0.002782792992248793,120,219.93148948787712,0.24472769150200974,2432,False,"q=8 robust continuation, leak 0.8",8,"a=0.8,lw=1.5,r=0.04,w=0.25; a=1,lw=0.8,r=0.025,w=0.5; a=1,lw=0.8,r=0.02,w=0.5"
five_level_weak_anharmonic,long_q8_robust_leak08,0.03,combined,0.001,0.0005,15,0.9471266664688368,0.0032243448164458455,0.10062629449578386,0.04111864606003958,0.9445419026415467,0.002782792992248793,120,219.93148948787712,0.24472769150200974,2432,False,"q=8 robust continuation, leak 0.8",8,"a=0.8,lw=1.5,r=0.04,w=0.25; a=1,lw=0.8,r=0.025,w=0.5; a=1,lw=0.8,r=0.02,w=0.5"
five_level_weak_anharmonic,long_q8_robust_leak08,0.03,combined,0.001,0.0005,16,0.9490738177116673,0.003305013757378683,0.09242179364735348,0.05744888589939213,0.9441756913253907,0.002782792992248793,120,219.93148948787712,0.24472769150200974,2432,False,"q=8 robust continuation, leak 0.8",8,"a=0.8,lw=1.5,r=0.04,w=0.25; a=1,lw=0.8,r=0.025,w=0.5; a=1,lw=0.8,r=0.02,w=0.5"
five_level_weak_anharmonic,long_q8_robust_leak08,0.03,combined,0.001,0.0005,17,0.8491394647313703,0.0015373304212060734,0.0731293783002619,0.11741481093603685,0.9465417827323175,0.002782792992248793,120,219.93148948787712,0.24472769150200974,2432,False,"q=8 robust continuation, leak 0.8",8,"a=0.8,lw=1.5,r=0.04,w=0.25; a=1,lw=0.8,r=0.025,w=0.5; a=1,lw=0.8,r=0.02,w=0.5"
five_level_weak_anharmonic,long_q8_robust_leak08,0.03,combined,0.001,0.0005,18,0.9332923400261094,0.0020808358669698324,0.08528226721515064,0.05091702856432246,0.9453790832333043,0.002782792992248793,120,219.93148948787712,0.24472769150200974,2432,False,"q=8 robust continuation, leak 0.8",8,"a=0.8,lw=1.5,r=0.04,w=0.25; a=1,lw=0.8,r=0.025,w=0.5; a=1,lw=0.8,r=0.02,w=0.5"
five_level_weak_anharmonic,long_q8_robust_leak08,0.03,combined,0.001,0.0005,19,0.8988480834863736,0.0015659093810099778,0.078753389363446,0.11377721826747383,0.9445398120853877,0.002782792992248793,120,219.93148948787712,0.24472769150200974,2432,False,"q=8 robust continuation, leak 0.8",8,"a=0.8,lw=1.5,r=0.04,w=0.25; a=1,lw=0.8,r=0.025,w=0.5; a=1,lw=0.8,r=0.02,w=0.5"
five_level_weak_anharmonic,long_q8_robust_leak08,0.03,combined,0.001,0.0005,20,0.8843417235835136,0.001915994472671212,0.07978414411962942,0.12247523280819322,0.9444551002606684,0.002782792992248793,120,219.93148948787712,0.24472769150200974,2432,False,"q=8 robust continuation, leak 0.8",8,"a=0.8,lw=1.5,r=0.04,w=0.25; a=1,lw=0.8,r=0.025,w=0.5; a=1,lw=0.8,r=0.02,w=0.5"
five_level_weak_anharmonic,long_q8_robust_leak08,0.03,combined,0.001,0.0005,21,0.9481918628572783,0.0014828102956231382,0.06780618092289636,0.05813458274386051,0.9448405670969484,0.002782792992248793,120,219.93148948787712,0.24472769150200974,2432,False,"q=8 robust continuation, leak 0.8",8,"a=0.8,lw=1.5,r=0.04,w=0.25; a=1,lw=0.8,r=0.025,w=0.5; a=1,lw=0.8,r=0.02,w=0.5"
five_level_weak_anharmonic,long_q8_robust_leak08,0.03,combined,0.001,0.0005,22,0.9119916859937404,0.0015877165680973082,0.08951347916819041,0.08953454811992628,0.944395322214741,0.002782792992248793,120,219.93148948787712,0.24472769150200974,2432,False,"q=8 robust continuation, leak 0.8",8,"a=0.8,lw=1.5,r=0.04,w=0.25; a=1,lw=0.8,r=0.025,w=0.5; a=1,lw=0.8,r=0.02,w=0.5"
five_level_weak_anharmonic,long_q8_robust_leak08,0.03,combined,0.001,0.0005,23,0.9659357933128411,0.0016652245362061002,0.07545554264607768,0.03477559278220501,0.9452622088976205,0.002782792992248793,120,219.93148948787712,0.24472769150200974,2432,False,"q=8 robust continuation, leak 0.8",8,"a=0.8,lw=1.5,r=0.04,w=0.25; a=1,lw=0.8,r=0.025,w=0.5; a=1,lw=0.8,r=0.02,w=0.5"
five_level_weak_anharmonic,long_q8_robust_leak08,0.03,combined,0.001,0.0005,24,0.9339421761693294,0.0011940947132755841,0.07091519221018472,0.050910200950749634,0.9460363374276397,0.002782792992248793,120,219.93148948787712,0.24472769150200974,2432,False,"q=8 robust continuation, leak 0.8",8,"a=0.8,lw=1.5,r=0.04,w=0.25; a=1,lw=0.8,r=0.025,w=0.5; a=1,lw=0.8,r=0.02,w=0.5"
five_level_weak_anharmonic,long_q8_robust_leak08,0.03,combined,0.001,0.0005,25,0.9394665248543217,0.001788531477451727,0.07638204243542979,0.048180264187746936,0.9455365236817449,0.002782792992248793,120,219.93148948787712,0.24472769150200974,2432,False,"q=8 robust continuation, leak 0.8",8,"a=0.8,lw=1.5,r=0.04,w=0.25; a=1,lw=0.8,r=0.025,w=0.5; a=1,lw=0.8,r=0.02,w=0.5"
five_level_weak_anharmonic,long_q8_robust_leak08,0.03,combined,0.001,0.0005,26,0.9638846036639862,0.0028828070628801328,0.08807630799812682,0.030100711233003695,0.9451274473536889,0.002782792992248793,120,219.93148948787712,0.24472769150200974,2432,False,"q=8 robust continuation, leak 0.8",8,"a=0.8,lw=1.5,r=0.04,w=0.25; a=1,lw=0.8,r=0.025,w=0.5; a=1,lw=0.8,r=0.02,w=0.5"
five_level_weak_anharmonic,long_q8_robust_leak08,0.03,combined,0.001,0.0005,27,0.9044021729832918,0.00170979686419237,0.07186540577253975,0.07418204713174667,0.9459449149563931,0.002782792992248793,120,219.93148948787712,0.24472769150200974,2432,False,"q=8 robust continuation, leak 0.8",8,"a=0.8,lw=1.5,r=0.04,w=0.25; a=1,lw=0.8,r=0.025,w=0.5; a=1,lw=0.8,r=0.02,w=0.5"
five_level_weak_anharmonic,long_q8_robust_leak08,0.03,combined,0.001,0.0005,28,0.9219185859480327,0.0035655797796088073,0.07802949576608764,0.08235129778273809,0.9451448636157457,0.002782792992248793,120,219.93148948787712,0.24472769150200974,2432,False,"q=8 robust continuation, leak 0.8",8,"a=0.8,lw=1.5,r=0.04,w=0.25; a=1,lw=0.8,r=0.025,w=0.5; a=1,lw=0.8,r=0.02,w=0.5"
five_level_weak_anharmonic,long_q8_robust_leak08,0.03,combined,0.001,0.0005,29,0.9582539256769151,0.0021594415508945364,0.06430191444615918,0.04289837109948886,0.9460984739476428,0.002782792992248793,120,219.93148948787712,0.24472769150200974,2432,False,"q=8 robust continuation, leak 0.8",8,"a=0.8,lw=1.5,r=0.04,w=0.25; a=1,lw=0.8,r=0.025,w=0.5; a=1,lw=0.8,r=0.02,w=0.5"
five_level_weak_anharmonic,long_q8_robust_leak08,0.03,combined,0.001,0.0005,30,0.931427463220013,0.0017644487276697873,0.07093990056387878,0.05498404530267695,0.9462318943973325,0.002782792992248793,120,219.93148948787712,0.24472769150200974,2432,False,"q=8 robust continuation, leak 0.8",8,"a=0.8,lw=1.5,r=0.04,w=0.25; a=1,lw=0.8,r=0.025,w=0.5; a=1,lw=0.8,r=0.02,w=0.5"
five_level_weak_anharmonic,long_q8_robust_leak08,0.03,combined,0.001,0.0005,31,0.8946768790697885,0.002496619436743619,0.09886563644208479,0.10056851373171823,0.9445993157168275,0.002782792992248793,120,219.93148948787712,0.24472769150200974,2432,False,"q=8 robust continuation, leak 0.8",8,"a=0.8,lw=1.5,r=0.04,w=0.25; a=1,lw=0.8,r=0.025,w=0.5; a=1,lw=0.8,r=0.02,w=0.5"
five_level_weak_anharmonic,long_q8_robust_leak08,0.03,combined,0.001,0.0005,32,0.9353917565575631,0.0013860570435080266,0.08493311108032087,0.06251217618938902,0.944513735799533,0.002782792992248793,120,219.93148948787712,0.24472769150200974,2432,False,"q=8 robust continuation, leak 0.8",8,"a=0.8,lw=1.5,r=0.04,w=0.25; a=1,lw=0.8,r=0.025,w=0.5; a=1,lw=0.8,r=0.02,w=0.5"
five_level_weak_anharmonic,long_q8_robust_leak08,0.03,combined,0.001,0.0005,33,0.9371187659122774,0.0018519583251005445,0.08710213461123129,0.04988790225469417,0.945300979034254,0.002782792992248793,120,219.93148948787712,0.24472769150200974,2432,False,"q=8 robust continuation, leak 0.8",8,"a=0.8,lw=1.5,r=0.04,w=0.25; a=1,lw=0.8,r=0.025,w=0.5; a=1,lw=0.8,r=0.02,w=0.5"
five_level_weak_anharmonic,long_q8_robust_leak08,0.03,combined,0.001,0.0005,34,0.9610815009250402,0.0032268299944665513,0.1037107215506492,0.03199069087071724,0.9445587321770348,0.002782792992248793,120,219.93148948787712,0.24472769150200974,2432,False,"q=8 robust continuation, leak 0.8",8,"a=0.8,lw=1.5,r=0.04,w=0.25; a=1,lw=0.8,r=0.025,w=0.5; a=1,lw=0.8,r=0.02,w=0.5"
five_level_weak_anharmonic,long_q8_robust_leak08,0.03,combined,0.001,0.0005,35,0.8682668295460088,0.0026399529042824277,0.09880483197067091,0.12544750307710748,0.9441105811135077,0.002782792992248793,120,219.93148948787712,0.24472769150200974,2432,False,"q=8 robust continuation, leak 0.8",8,"a=0.8,lw=1.5,r=0.04,w=0.25; a=1,lw=0.8,r=0.025,w=0.5; a=1,lw=0.8,r=0.02,w=0.5"
five_level_weak_anharmonic,long_q8_robust_leak08,0.03,combined,0.001,0.0005,36,0.960276675671235,0.0019362762608367001,0.07190116537665614,0.03856583809817419,0.945299856401202,0.002782792992248793,120,219.93148948787712,0.24472769150200974,2432,False,"q=8 robust continuation, leak 0.8",8,"a=0.8,lw=1.5,r=0.04,w=0.25; a=1,lw=0.8,r=0.025,w=0.5; a=1,lw=0.8,r=0.02,w=0.5"
five_level_weak_anharmonic,long_q8_robust_leak08,0.03,combined,0.001,0.0005,37,0.7413729985199197,0.0015879982796853653,0.06095998127615854,0.20514091590178588,0.9480576404781196,0.002782792992248793,120,219.93148948787712,0.24472769150200974,2432,False,"q=8 robust continuation, leak 0.8",8,"a=0.8,lw=1.5,r=0.04,w=0.25; a=1,lw=0.8,r=0.025,w=0.5; a=1,lw=0.8,r=0.02,w=0.5"
five_level_weak_anharmonic,long_q8_robust_leak08,0.03,combined,0.001,0.0005,38,0.9406630271899049,0.0020198499877261966,0.06410636598218267,0.055588990653499246,0.9462009773305773,0.002782792992248793,120,219.93148948787712,0.24472769150200974,2432,False,"q=8 robust continuation, leak 0.8",8,"a=0.8,lw=1.5,r=0.04,w=0.25; a=1,lw=0.8,r=0.025,w=0.5; a=1,lw=0.8,r=0.02,w=0.5"
five_level_weak_anharmonic,long_q8_robust_leak08,0.03,combined,0.001,0.0005,39,0.9612741197744537,0.0022935087693265466,0.09105805760277275,0.032762199276541296,0.9450177434148461,0.002782792992248793,120,219.93148948787712,0.24472769150200974,2432,False,"q=8 robust continuation, leak 0.8",8,"a=0.8,lw=1.5,r=0.04,w=0.25; a=1,lw=0.8,r=0.025,w=0.5; a=1,lw=0.8,r=0.02,w=0.5"
five_level_weak_anharmonic,long_q8_robust_leak08,0.03,combined,0.001,0.0005,40,0.9622410724674084,0.001961191646607352,0.07649761072484695,0.038176442858106896,0.9450320598827813,0.002782792992248793,120,219.93148948787712,0.24472769150200974,2432,False,"q=8 robust continuation, leak 0.8",8,"a=0.8,lw=1.5,r=0.04,w=0.25; a=1,lw=0.8,r=0.025,w=0.5; a=1,lw=0.8,r=0.02,w=0.5"
five_level_weak_anharmonic,long_q8_robust_leak08,0.03,combined,0.001,0.0005,41,0.9129975989844524,0.001600025743698441,0.0809109941444679,0.09691083684074693,0.9439320719140835,0.002782792992248793,120,219.93148948787712,0.24472769150200974,2432,False,"q=8 robust continuation, leak 0.8",8,"a=0.8,lw=1.5,r=0.04,w=0.25; a=1,lw=0.8,r=0.025,w=0.5; a=1,lw=0.8,r=0.02,w=0.5"
five_level_weak_anharmonic,long_q8_robust_leak08,0.03,combined,0.001,0.0005,42,0.9629570101134809,0.0016527955061973465,0.08560751026711089,0.0370063168790501,0.9451928723692903,0.002782792992248793,120,219.93148948787712,0.24472769150200974,2432,False,"q=8 robust continuation, leak 0.8",8,"a=0.8,lw=1.5,r=0.04,w=0.25; a=1,lw=0.8,r=0.025,w=0.5; a=1,lw=0.8,r=0.02,w=0.5"
five_level_weak_anharmonic,long_q8_robust_leak08,0.03,combined,0.001,0.0005,43,0.9356779701997658,0.0013982219678776442,0.06787477577995848,0.048274312532787446,0.9455788494051567,0.002782792992248793,120,219.93148948787712,0.24472769150200974,2432,False,"q=8 robust continuation, leak 0.8",8,"a=0.8,lw=1.5,r=0.04,w=0.25; a=1,lw=0.8,r=0.025,w=0.5; a=1,lw=0.8,r=0.02,w=0.5"
five_level_weak_anharmonic,long_q8_robust_leak08,0.03,combined,0.001,0.0005,44,0.9495377327941554,0.0018375786670324912,0.06834634240647619,0.050803426434890914,0.9467808050249266,0.002782792992248793,120,219.93148948787712,0.24472769150200974,2432,False,"q=8 robust continuation, leak 0.8",8,"a=0.8,lw=1.5,r=0.04,w=0.25; a=1,lw=0.8,r=0.025,w=0.5; a=1,lw=0.8,r=0.02,w=0.5"
five_level_weak_anharmonic,long_q8_robust_leak08,0.03,combined,0.001,0.0005,45,0.9692044397778076,0.002316303042880774,0.09215417983676633,0.02822299421952927,0.9452282401810499,0.002782792992248793,120,219.93148948787712,0.24472769150200974,2432,False,"q=8 robust continuation, leak 0.8",8,"a=0.8,lw=1.5,r=0.04,w=0.25; a=1,lw=0.8,r=0.025,w=0.5; a=1,lw=0.8,r=0.02,w=0.5"
five_level_weak_anharmonic,long_q8_robust_leak08,0.03,combined,0.001,0.0005,46,0.9444270856218361,0.0012513990477706072,0.06905312809928488,0.06184436056810192,0.944632262299899,0.002782792992248793,120,219.93148948787712,0.24472769150200974,2432,False,"q=8 robust continuation, leak 0.8",8,"a=0.8,lw=1.5,r=0.04,w=0.25; a=1,lw=0.8,r=0.025,w=0.5; a=1,lw=0.8,r=0.02,w=0.5"
five_level_weak_anharmonic,long_q8_robust_leak08,0.03,combined,0.001,0.0005,47,0.9547004768034107,0.0020386743813242125,0.061890110517823116,0.0509678613911019,0.9449829336386054,0.002782792992248793,120,219.93148948787712,0.24472769150200974,2432,False,"q=8 robust continuation, leak 0.8",8,"a=0.8,lw=1.5,r=0.04,w=0.25; a=1,lw=0.8,r=0.025,w=0.5; a=1,lw=0.8,r=0.02,w=0.5"
five_level_weak_anharmonic,long_q8_robust_leak08,0.03,combined,0.001,0.0005,48,0.812231574563301,0.0014759538822031182,0.08271747778821159,0.17276255522980632,0.944673325600317,0.002782792992248793,120,219.93148948787712,0.24472769150200974,2432,False,"q=8 robust continuation, leak 0.8",8,"a=0.8,lw=1.5,r=0.04,w=0.25; a=1,lw=0.8,r=0.025,w=0.5; a=1,lw=0.8,r=0.02,w=0.5"
five_level_weak_anharmonic,long_q8_robust_leak08,0.03,combined,0.001,0.0005,49,0.9517081705461169,0.0017508278621317652,0.08489239416396921,0.04451790575182669,0.9446936772588806,0.002782792992248793,120,219.93148948787712,0.24472769150200974,2432,False,"q=8 robust continuation, leak 0.8",8,"a=0.8,lw=1.5,r=0.04,w=0.25; a=1,lw=0.8,r=0.025,w=0.5; a=1,lw=0.8,r=0.02,w=0.5"
five_level_weak_anharmonic,long_q8_robust_leak08,0.03,combined,0.001,0.0005,50,0.9101774411975527,0.002405368584511236,0.08697061465609146,0.07006469271958786,0.9458548546742406,0.002782792992248793,120,219.93148948787712,0.24472769150200974,2432,False,"q=8 robust continuation, leak 0.8",8,"a=0.8,lw=1.5,r=0.04,w=0.25; a=1,lw=0.8,r=0.025,w=0.5; a=1,lw=0.8,r=0.02,w=0.5"
five_level_weak_anharmonic,long_q8_robust_leak08,0.03,combined,0.001,0.0005,51,0.9258819759084901,0.0017218179981062232,0.08923815918662004,0.067456260974401,0.943917179663176,0.002782792992248793,120,219.93148948787712,0.24472769150200974,2432,False,"q=8 robust continuation, leak 0.8",8,"a=0.8,lw=1.5,r=0.04,w=0.25; a=1,lw=0.8,r=0.025,w=0.5; a=1,lw=0.8,r=0.02,w=0.5"
five_level_weak_anharmonic,long_q8_robust_leak08,0.03,combined,0.001,0.0005,52,0.925773797949086,0.0014537400949208301,0.08308433498730428,0.08357489511923348,0.9441905840507754,0.002782792992248793,120,219.93148948787712,0.24472769150200974,2432,False,"q=8 robust continuation, leak 0.8",8,"a=0.8,lw=1.5,r=0.04,w=0.25; a=1,lw=0.8,r=0.025,w=0.5; a=1,lw=0.8,r=0.02,w=0.5"
five_level_weak_anharmonic,long_q8_robust_leak08,0.03,combined,0.001,0.0005,53,0.9008129519602383,0.0016778666741390502,0.08584529281177622,0.07866017610336608,0.9453057083311502,0.002782792992248793,120,219.93148948787712,0.24472769150200974,2432,False,"q=8 robust continuation, leak 0.8",8,"a=0.8,lw=1.5,r=0.04,w=0.25; a=1,lw=0.8,r=0.025,w=0.5; a=1,lw=0.8,r=0.02,w=0.5"
five_level_weak_anharmonic,long_q8_robust_leak08,0.03,combined,0.001,0.0005,54,0.9279367230188504,0.0031578485609613516,0.09227972149158337,0.057229682424699835,0.9449218661881745,0.002782792992248793,120,219.93148948787712,0.24472769150200974,2432,False,"q=8 robust continuation, leak 0.8",8,"a=0.8,lw=1.5,r=0.04,w=0.25; a=1,lw=0.8,r=0.025,w=0.5; a=1,lw=0.8,r=0.02,w=0.5"
five_level_weak_anharmonic,long_q8_robust_leak08,0.03,combined,0.001,0.0005,55,0.9416250581621305,0.0018533959488237217,0.09182238241285312,0.05793161410664915,0.9461826225695582,0.002782792992248793,120,219.93148948787712,0.24472769150200974,2432,False,"q=8 robust continuation, leak 0.8",8,"a=0.8,lw=1.5,r=0.04,w=0.25; a=1,lw=0.8,r=0.025,w=0.5; a=1,lw=0.8,r=0.02,w=0.5"
five_level_weak_anharmonic,long_q8_robust_leak08,0.03,combined,0.001,0.0005,56,0.9445596426457388,0.0029159295255827278,0.08744230689246169,0.04855156436811504,0.9444965306017744,0.002782792992248793,120,219.93148948787712,0.24472769150200974,2432,False,"q=8 robust continuation, leak 0.8",8,"a=0.8,lw=1.5,r=0.04,w=0.25; a=1,lw=0.8,r=0.025,w=0.5; a=1,lw=0.8,r=0.02,w=0.5"
five_level_weak_anharmonic,long_q8_robust_leak08,0.03,combined,0.001,0.0005,57,0.7892775901534028,0.0036978745127889123,0.10768404416174693,0.16686688017273255,0.9449942499388477,0.002782792992248793,120,219.93148948787712,0.24472769150200974,2432,False,"q=8 robust continuation, leak 0.8",8,"a=0.8,lw=1.5,r=0.04,w=0.25; a=1,lw=0.8,r=0.025,w=0.5; a=1,lw=0.8,r=0.02,w=0.5"
five_level_weak_anharmonic,long_q8_robust_leak08,0.03,combined,0.001,0.0005,58,0.966698924015133,0.0010408767987285517,0.05926848486235614,0.029305738229015124,0.945699675541325,0.002782792992248793,120,219.93148948787712,0.24472769150200974,2432,False,"q=8 robust continuation, leak 0.8",8,"a=0.8,lw=1.5,r=0.04,w=0.25; a=1,lw=0.8,r=0.025,w=0.5; a=1,lw=0.8,r=0.02,w=0.5"
five_level_weak_anharmonic,long_q8_robust_leak08,0.03,combined,0.001,0.0005,59,0.9022067861602842,0.0025590289088095464,0.09998444360854952,0.1036547951754751,0.9435406017508918,0.002782792992248793,120,219.93148948787712,0.24472769150200974,2432,False,"q=8 robust continuation, leak 0.8",8,"a=0.8,lw=1.5,r=0.04,w=0.25; a=1,lw=0.8,r=0.025,w=0.5; a=1,lw=0.8,r=0.02,w=0.5"
five_level_weak_anharmonic,long_q10_leak10,0.03,static_only,0.0,0.0,10,0.8119694006513468,0.0011980114399875452,0.09277375110113872,0.15518848298184876,0.999998317803604,0.0026161426744018153,120,180.7534616687335,0.19095809691114612,2073,False,"q=10 continuation, leak 1.0",10,"a=0.8,lw=1.5,r=0.04,w=0.25; a=1,lw=0.8,r=0.025,w=0.25; a=1,lw=1,r=0.02,w=0.25"
five_level_weak_anharmonic,long_q10_leak10,0.03,static_only,0.0,0.0,11,0.8083594363206903,0.002346326418804723,0.10938478810902352,0.1888849568400973,0.9999978041577611,0.0026161426744018153,120,180.7534616687335,0.19095809691114612,2073,False,"q=10 continuation, leak 1.0",10,"a=0.8,lw=1.5,r=0.04,w=0.25; a=1,lw=0.8,r=0.025,w=0.25; a=1,lw=1,r=0.02,w=0.25"
five_level_weak_anharmonic,long_q10_leak10,0.03,static_only,0.0,0.0,12,0.9218120692013932,0.0023796497642913916,0.10658998786455509,0.10169778661201603,0.9999981980473085,0.0026161426744018153,120,180.7534616687335,0.19095809691114612,2073,False,"q=10 continuation, leak 1.0",10,"a=0.8,lw=1.5,r=0.04,w=0.25; a=1,lw=0.8,r=0.025,w=0.25; a=1,lw=1,r=0.02,w=0.25"
five_level_weak_anharmonic,long_q10_leak10,0.03,static_only,0.0,0.0,13,0.9568751379437477,0.000701005215790862,0.10092076749916257,0.04701397892376162,0.9999982018560225,0.0026161426744018153,120,180.7534616687335,0.19095809691114612,2073,False,"q=10 continuation, leak 1.0",10,"a=0.8,lw=1.5,r=0.04,w=0.25; a=1,lw=0.8,r=0.025,w=0.25; a=1,lw=1,r=0.02,w=0.25"
five_level_weak_anharmonic,long_q10_leak10,0.03,static_only,0.0,0.0,14,0.9775167061613634,0.0013030452390324632,0.08594119352385965,0.02174930079495306,0.9999982882100149,0.0026161426744018153,120,180.7534616687335,0.19095809691114612,2073,False,"q=10 continuation, leak 1.0",10,"a=0.8,lw=1.5,r=0.04,w=0.25; a=1,lw=0.8,r=0.025,w=0.25; a=1,lw=1,r=0.02,w=0.25"
five_level_weak_anharmonic,long_q10_leak10,0.03,static_only,0.0,0.0,15,0.9943137344885701,0.0017402556575238926,0.10743552386238364,0.011500258342692677,0.9999979208536361,0.0026161426744018153,120,180.7534616687335,0.19095809691114612,2073,False,"q=10 continuation, leak 1.0",10,"a=0.8,lw=1.5,r=0.04,w=0.25; a=1,lw=0.8,r=0.025,w=0.25; a=1,lw=1,r=0.02,w=0.25"
five_level_weak_anharmonic,long_q10_leak10,0.03,static_only,0.0,0.0,16,0.9144156867404999,0.0007358462906235097,0.10510928038333289,0.0947493080767745,0.9999978086535223,0.0026161426744018153,120,180.7534616687335,0.19095809691114612,2073,False,"q=10 continuation, leak 1.0",10,"a=0.8,lw=1.5,r=0.04,w=0.25; a=1,lw=0.8,r=0.025,w=0.25; a=1,lw=1,r=0.02,w=0.25"
five_level_weak_anharmonic,long_q10_leak10,0.03,static_only,0.0,0.0,17,0.970522766913088,0.0009567611441525514,0.09048657803004478,0.016385147400299838,0.9999983771573002,0.0026161426744018153,120,180.7534616687335,0.19095809691114612,2073,False,"q=10 continuation, leak 1.0",10,"a=0.8,lw=1.5,r=0.04,w=0.25; a=1,lw=0.8,r=0.025,w=0.25; a=1,lw=1,r=0.02,w=0.25"
five_level_weak_anharmonic,long_q10_leak10,0.03,static_only,0.0,0.0,18,0.9910023667926218,0.0012295613198286537,0.1005633766300158,0.005634395672166721,0.9999982745400948,0.0026161426744018153,120,180.7534616687335,0.19095809691114612,2073,False,"q=10 continuation, leak 1.0",10,"a=0.8,lw=1.5,r=0.04,w=0.25; a=1,lw=0.8,r=0.025,w=0.25; a=1,lw=1,r=0.02,w=0.25"
five_level_weak_anharmonic,long_q10_leak10,0.03,static_only,0.0,0.0,19,0.9042599019502128,0.0021163310227743093,0.085978223172406,0.11246799983783486,0.999998288339782,0.0026161426744018153,120,180.7534616687335,0.19095809691114612,2073,False,"q=10 continuation, leak 1.0",10,"a=0.8,lw=1.5,r=0.04,w=0.25; a=1,lw=0.8,r=0.025,w=0.25; a=1,lw=1,r=0.02,w=0.25"
five_level_weak_anharmonic,long_q10_leak10,0.03,static_only,0.0,0.0,20,0.9317483570180762,0.003185939793074355,0.10227316631881678,0.07950235755953405,0.9999982951499361,0.0026161426744018153,120,180.7534616687335,0.19095809691114612,2073,False,"q=10 continuation, leak 1.0",10,"a=0.8,lw=1.5,r=0.04,w=0.25; a=1,lw=0.8,r=0.025,w=0.25; a=1,lw=1,r=0.02,w=0.25"
five_level_weak_anharmonic,long_q10_leak10,0.03,static_only,0.0,0.0,21,0.9554595559981465,0.0014068782323449769,0.08391120415579112,0.05507839947531552,0.9999983144380875,0.0026161426744018153,120,180.7534616687335,0.19095809691114612,2073,False,"q=10 continuation, leak 1.0",10,"a=0.8,lw=1.5,r=0.04,w=0.25; a=1,lw=0.8,r=0.025,w=0.25; a=1,lw=1,r=0.02,w=0.25"
five_level_weak_anharmonic,long_q10_leak10,0.03,static_only,0.0,0.0,22,0.8924087605085327,0.0015740101939847317,0.08891416813479447,0.10835010864315787,0.9999981494860827,0.0026161426744018153,120,180.7534616687335,0.19095809691114612,2073,False,"q=10 continuation, leak 1.0",10,"a=0.8,lw=1.5,r=0.04,w=0.25; a=1,lw=0.8,r=0.025,w=0.25; a=1,lw=1,r=0.02,w=0.25"
five_level_weak_anharmonic,long_q10_leak10,0.03,static_only,0.0,0.0,23,0.9679113305889859,0.0007323231519963391,0.09330549856347092,0.036830319749807175,0.9999982347587116,0.0026161426744018153,120,180.7534616687335,0.19095809691114612,2073,False,"q=10 continuation, leak 1.0",10,"a=0.8,lw=1.5,r=0.04,w=0.25; a=1,lw=0.8,r=0.025,w=0.25; a=1,lw=1,r=0.02,w=0.25"
five_level_weak_anharmonic,long_q10_leak10,0.03,static_only,0.0,0.0,24,0.9714634122222968,0.0024859586193985983,0.09647639834751709,0.028711399606016843,0.9999981277923062,0.0026161426744018153,120,180.7534616687335,0.19095809691114612,2073,False,"q=10 continuation, leak 1.0",10,"a=0.8,lw=1.5,r=0.04,w=0.25; a=1,lw=0.8,r=0.025,w=0.25; a=1,lw=1,r=0.02,w=0.25"
five_level_weak_anharmonic,long_q10_leak10,0.03,static_only,0.0,0.0,25,0.9726461942263086,0.002734651165697377,0.09240904502595848,0.027080459615615244,0.9999981272005565,0.0026161426744018153,120,180.7534616687335,0.19095809691114612,2073,False,"q=10 continuation, leak 1.0",10,"a=0.8,lw=1.5,r=0.04,w=0.25; a=1,lw=0.8,r=0.025,w=0.25; a=1,lw=1,r=0.02,w=0.25"
five_level_weak_anharmonic,long_q10_leak10,0.03,static_only,0.0,0.0,26,0.9940285748640759,0.0014102637758232062,0.116131209181767,0.00836682141595567,0.9999980734290829,0.0026161426744018153,120,180.7534616687335,0.19095809691114612,2073,False,"q=10 continuation, leak 1.0",10,"a=0.8,lw=1.5,r=0.04,w=0.25; a=1,lw=0.8,r=0.025,w=0.25; a=1,lw=1,r=0.02,w=0.25"
five_level_weak_anharmonic,long_q10_leak10,0.03,static_only,0.0,0.0,27,0.9832884761247692,0.0009566312107838204,0.09716962859340961,0.013394882494736509,0.9999982263025587,0.0026161426744018153,120,180.7534616687335,0.19095809691114612,2073,False,"q=10 continuation, leak 1.0",10,"a=0.8,lw=1.5,r=0.04,w=0.25; a=1,lw=0.8,r=0.025,w=0.25; a=1,lw=1,r=0.02,w=0.25"
five_level_weak_anharmonic,long_q10_leak10,0.03,static_only,0.0,0.0,28,0.8860755180989552,0.0032440742344457263,0.12519241746368193,0.11759392806889489,0.9999979788159133,0.0026161426744018153,120,180.7534616687335,0.19095809691114612,2073,False,"q=10 continuation, leak 1.0",10,"a=0.8,lw=1.5,r=0.04,w=0.25; a=1,lw=0.8,r=0.025,w=0.25; a=1,lw=1,r=0.02,w=0.25"
five_level_weak_anharmonic,long_q10_leak10,0.03,static_only,0.0,0.0,29,0.952697485183343,0.001000150125364252,0.10312594117995744,0.047791217698334075,0.9999982451531054,0.0026161426744018153,120,180.7534616687335,0.19095809691114612,2073,False,"q=10 continuation, leak 1.0",10,"a=0.8,lw=1.5,r=0.04,w=0.25; a=1,lw=0.8,r=0.025,w=0.25; a=1,lw=1,r=0.02,w=0.25"
five_level_weak_anharmonic,long_q10_leak10,0.03,static_only,0.0,0.0,30,0.9792608640087023,0.0010721504662077885,0.08069841000065392,0.014517166171703746,0.9999983559338458,0.0026161426744018153,120,180.7534616687335,0.19095809691114612,2073,False,"q=10 continuation, leak 1.0",10,"a=0.8,lw=1.5,r=0.04,w=0.25; a=1,lw=0.8,r=0.025,w=0.25; a=1,lw=1,r=0.02,w=0.25"
five_level_weak_anharmonic,long_q10_leak10,0.03,static_only,0.0,0.0,31,0.8279092578626993,0.0010691195959867672,0.10744237782332067,0.16691455437476502,0.9999978133507395,0.0026161426744018153,120,180.7534616687335,0.19095809691114612,2073,False,"q=10 continuation, leak 1.0",10,"a=0.8,lw=1.5,r=0.04,w=0.25; a=1,lw=0.8,r=0.025,w=0.25; a=1,lw=1,r=0.02,w=0.25"
five_level_weak_anharmonic,long_q10_leak10,0.03,static_only,0.0,0.0,32,0.8777108116518189,0.0009739315036823015,0.09218125554725698,0.12296238627709116,0.9999978580493382,0.0026161426744018153,120,180.7534616687335,0.19095809691114612,2073,False,"q=10 continuation, leak 1.0",10,"a=0.8,lw=1.5,r=0.04,w=0.25; a=1,lw=0.8,r=0.025,w=0.25; a=1,lw=1,r=0.02,w=0.25"
five_level_weak_anharmonic,long_q10_leak10,0.03,static_only,0.0,0.0,33,0.9674640623747744,0.00042619064347038105,0.08276243571922359,0.022508168409391644,0.9999984354790036,0.0026161426744018153,120,180.7534616687335,0.19095809691114612,2073,False,"q=10 continuation, leak 1.0",10,"a=0.8,lw=1.5,r=0.04,w=0.25; a=1,lw=0.8,r=0.025,w=0.25; a=1,lw=1,r=0.02,w=0.25"
five_level_weak_anharmonic,long_q10_leak10,0.03,static_only,0.0,0.0,34,0.9945433294213551,0.002157748301125695,0.12190030186291989,0.008421344367444341,0.999998048939939,0.0026161426744018153,120,180.7534616687335,0.19095809691114612,2073,False,"q=10 continuation, leak 1.0",10,"a=0.8,lw=1.5,r=0.04,w=0.25; a=1,lw=0.8,r=0.025,w=0.25; a=1,lw=1,r=0.02,w=0.25"
five_level_weak_anharmonic,long_q10_leak10,0.03,static_only,0.0,0.0,35,0.9552126393795851,0.0004880632351703662,0.10003934954391058,0.05110686546827374,0.9999981757357802,0.0026161426744018153,120,180.7534616687335,0.19095809691114612,2073,False,"q=10 continuation, leak 1.0",10,"a=0.8,lw=1.5,r=0.04,w=0.25; a=1,lw=0.8,r=0.025,w=0.25; a=1,lw=1,r=0.02,w=0.25"
five_level_weak_anharmonic,long_q10_leak10,0.03,static_only,0.0,0.0,36,0.9184531787554822,0.000658887060471125,0.10264902789428854,0.08450085211745215,0.9999978579626548,0.0026161426744018153,120,180.7534616687335,0.19095809691114612,2073,False,"q=10 continuation, leak 1.0",10,"a=0.8,lw=1.5,r=0.04,w=0.25; a=1,lw=0.8,r=0.025,w=0.25; a=1,lw=1,r=0.02,w=0.25"
five_level_weak_anharmonic,long_q10_leak10,0.03,static_only,0.0,0.0,37,0.8608769100304167,0.0018694564630256094,0.09594960259622742,0.09858271247445895,0.9999984576412836,0.0026161426744018153,120,180.7534616687335,0.19095809691114612,2073,False,"q=10 continuation, leak 1.0",10,"a=0.8,lw=1.5,r=0.04,w=0.25; a=1,lw=0.8,r=0.025,w=0.25; a=1,lw=1,r=0.02,w=0.25"
five_level_weak_anharmonic,long_q10_leak10,0.03,static_only,0.0,0.0,38,0.9822504795310576,0.0029053208109682815,0.07630654243746215,0.016348915241925912,0.9999984819269823,0.0026161426744018153,120,180.7534616687335,0.19095809691114612,2073,False,"q=10 continuation, leak 1.0",10,"a=0.8,lw=1.5,r=0.04,w=0.25; a=1,lw=0.8,r=0.025,w=0.25; a=1,lw=1,r=0.02,w=0.25"
five_level_weak_anharmonic,long_q10_leak10,0.03,static_only,0.0,0.0,39,0.9478059062063177,0.0011683198978722498,0.09784235605591585,0.05738004553271726,0.9999977800931731,0.0026161426744018153,120,180.7534616687335,0.19095809691114612,2073,False,"q=10 continuation, leak 1.0",10,"a=0.8,lw=1.5,r=0.04,w=0.25; a=1,lw=0.8,r=0.025,w=0.25; a=1,lw=1,r=0.02,w=0.25"
five_level_weak_anharmonic,long_q10_leak10,0.03,static_only,0.0,0.0,40,0.9768609635933847,0.002649098831812635,0.10994606793886419,0.03013202477599773,0.9999981651327741,0.0026161426744018153,120,180.7534616687335,0.19095809691114612,2073,False,"q=10 continuation, leak 1.0",10,"a=0.8,lw=1.5,r=0.04,w=0.25; a=1,lw=0.8,r=0.025,w=0.25; a=1,lw=1,r=0.02,w=0.25"
five_level_weak_anharmonic,long_q10_leak10,0.03,static_only,0.0,0.0,41,0.937915603072661,0.0023109914818123523,0.08649597924259789,0.07630506404413503,0.9999982730398602,0.0026161426744018153,120,180.7534616687335,0.19095809691114612,2073,False,"q=10 continuation, leak 1.0",10,"a=0.8,lw=1.5,r=0.04,w=0.25; a=1,lw=0.8,r=0.025,w=0.25; a=1,lw=1,r=0.02,w=0.25"
five_level_weak_anharmonic,long_q10_leak10,0.03,static_only,0.0,0.0,42,0.9701309883865183,0.0013438388288730119,0.10995750803913706,0.025502453599600274,0.9999982702443596,0.0026161426744018153,120,180.7534616687335,0.19095809691114612,2073,False,"q=10 continuation, leak 1.0",10,"a=0.8,lw=1.5,r=0.04,w=0.25; a=1,lw=0.8,r=0.025,w=0.25; a=1,lw=1,r=0.02,w=0.25"
five_level_weak_anharmonic,long_q10_leak10,0.03,static_only,0.0,0.0,43,0.9410196977450319,0.0010206457577911499,0.0910358522992174,0.056556750920585014,0.999998108036365,0.0026161426744018153,120,180.7534616687335,0.19095809691114612,2073,False,"q=10 continuation, leak 1.0",10,"a=0.8,lw=1.5,r=0.04,w=0.25; a=1,lw=0.8,r=0.025,w=0.25; a=1,lw=1,r=0.02,w=0.25"
five_level_weak_anharmonic,long_q10_leak10,0.03,static_only,0.0,0.0,44,0.9860261852474211,0.0005335872838663214,0.09220599282853903,0.011978225550482708,0.9999984541835315,0.0026161426744018153,120,180.7534616687335,0.19095809691114612,2073,False,"q=10 continuation, leak 1.0",10,"a=0.8,lw=1.5,r=0.04,w=0.25; a=1,lw=0.8,r=0.025,w=0.25; a=1,lw=1,r=0.02,w=0.25"
five_level_weak_anharmonic,long_q10_leak10,0.03,static_only,0.0,0.0,45,0.9891540939578682,0.0011020114339514997,0.11219681802101356,0.013880812291189164,0.999997918636536,0.0026161426744018153,120,180.7534616687335,0.19095809691114612,2073,False,"q=10 continuation, leak 1.0",10,"a=0.8,lw=1.5,r=0.04,w=0.25; a=1,lw=0.8,r=0.025,w=0.25; a=1,lw=1,r=0.02,w=0.25"
five_level_weak_anharmonic,long_q10_leak10,0.03,static_only,0.0,0.0,46,0.8917392591552684,0.001609571409453614,0.08032373445659258,0.1139898530970445,0.999998105287446,0.0026161426744018153,120,180.7534616687335,0.19095809691114612,2073,False,"q=10 continuation, leak 1.0",10,"a=0.8,lw=1.5,r=0.04,w=0.25; a=1,lw=0.8,r=0.025,w=0.25; a=1,lw=1,r=0.02,w=0.25"
five_level_weak_anharmonic,long_q10_leak10,0.03,static_only,0.0,0.0,47,0.9779916235791788,0.0014125421126633952,0.09637892273928461,0.034130134736412535,0.9999982797956093,0.0026161426744018153,120,180.7534616687335,0.19095809691114612,2073,False,"q=10 continuation, leak 1.0",10,"a=0.8,lw=1.5,r=0.04,w=0.25; a=1,lw=0.8,r=0.025,w=0.25; a=1,lw=1,r=0.02,w=0.25"
five_level_weak_anharmonic,long_q10_leak10,0.03,static_only,0.0,0.0,48,0.6886755091429205,0.0018917356696032117,0.10078187708831121,0.30136425648762816,0.9999976966763401,0.0026161426744018153,120,180.7534616687335,0.19095809691114612,2073,False,"q=10 continuation, leak 1.0",10,"a=0.8,lw=1.5,r=0.04,w=0.25; a=1,lw=0.8,r=0.025,w=0.25; a=1,lw=1,r=0.02,w=0.25"
five_level_weak_anharmonic,long_q10_leak10,0.03,static_only,0.0,0.0,49,0.9850458561585402,0.0009060864437361316,0.09777676084313192,0.022312319014255965,0.9999981071661173,0.0026161426744018153,120,180.7534616687335,0.19095809691114612,2073,False,"q=10 continuation, leak 1.0",10,"a=0.8,lw=1.5,r=0.04,w=0.25; a=1,lw=0.8,r=0.025,w=0.25; a=1,lw=1,r=0.02,w=0.25"
five_level_weak_anharmonic,long_q10_leak10,0.03,static_only,0.0,0.0,50,0.9907373020496774,0.0004034753598264329,0.09742661913261474,0.009045404104074319,0.9999980509226044,0.0026161426744018153,120,180.7534616687335,0.19095809691114612,2073,False,"q=10 continuation, leak 1.0",10,"a=0.8,lw=1.5,r=0.04,w=0.25; a=1,lw=0.8,r=0.025,w=0.25; a=1,lw=1,r=0.02,w=0.25"
five_level_weak_anharmonic,long_q10_leak10,0.03,static_only,0.0,0.0,51,0.9859981704972107,0.0027313695404911353,0.09975061027750787,0.015739071741270424,0.9999982135177033,0.0026161426744018153,120,180.7534616687335,0.19095809691114612,2073,False,"q=10 continuation, leak 1.0",10,"a=0.8,lw=1.5,r=0.04,w=0.25; a=1,lw=0.8,r=0.025,w=0.25; a=1,lw=1,r=0.02,w=0.25"
five_level_weak_anharmonic,long_q10_leak10,0.03,static_only,0.0,0.0,52,0.9320395043449867,0.0020695362244589344,0.09046917447666658,0.08199528984556165,0.999998099098744,0.0026161426744018153,120,180.7534616687335,0.19095809691114612,2073,False,"q=10 continuation, leak 1.0",10,"a=0.8,lw=1.5,r=0.04,w=0.25; a=1,lw=0.8,r=0.025,w=0.25; a=1,lw=1,r=0.02,w=0.25"
five_level_weak_anharmonic,long_q10_leak10,0.03,static_only,0.0,0.0,53,0.9391939096348052,0.0016105029267379223,0.10353159946649193,0.05652452542487625,0.9999980897857182,0.0026161426744018153,120,180.7534616687335,0.19095809691114612,2073,False,"q=10 continuation, leak 1.0",10,"a=0.8,lw=1.5,r=0.04,w=0.25; a=1,lw=0.8,r=0.025,w=0.25; a=1,lw=1,r=0.02,w=0.25"
five_level_weak_anharmonic,long_q10_leak10,0.03,static_only,0.0,0.0,54,0.9355883394969964,0.0030915709627373777,0.11602844489366682,0.06345069862581633,0.9999978852548509,0.0026161426744018153,120,180.7534616687335,0.19095809691114612,2073,False,"q=10 continuation, leak 1.0",10,"a=0.8,lw=1.5,r=0.04,w=0.25; a=1,lw=0.8,r=0.025,w=0.25; a=1,lw=1,r=0.02,w=0.25"
five_level_weak_anharmonic,long_q10_leak10,0.03,static_only,0.0,0.0,55,0.9979218968335658,0.0011349149119100899,0.10470265271204537,0.0019466472784569345,0.9999981663898806,0.0026161426744018153,120,180.7534616687335,0.19095809691114612,2073,False,"q=10 continuation, leak 1.0",10,"a=0.8,lw=1.5,r=0.04,w=0.25; a=1,lw=0.8,r=0.025,w=0.25; a=1,lw=1,r=0.02,w=0.25"
five_level_weak_anharmonic,long_q10_leak10,0.03,static_only,0.0,0.0,56,0.9274449305580003,0.002954069902919243,0.09130072097937236,0.07547100266711007,0.9999979781424134,0.0026161426744018153,120,180.7534616687335,0.19095809691114612,2073,False,"q=10 continuation, leak 1.0",10,"a=0.8,lw=1.5,r=0.04,w=0.25; a=1,lw=0.8,r=0.025,w=0.25; a=1,lw=1,r=0.02,w=0.25"
five_level_weak_anharmonic,long_q10_leak10,0.03,static_only,0.0,0.0,57,0.9674411553982001,0.00042462531356735056,0.09537937846197986,0.016672646516116857,0.9999981185931274,0.0026161426744018153,120,180.7534616687335,0.19095809691114612,2073,False,"q=10 continuation, leak 1.0",10,"a=0.8,lw=1.5,r=0.04,w=0.25; a=1,lw=0.8,r=0.025,w=0.25; a=1,lw=1,r=0.02,w=0.25"
five_level_weak_anharmonic,long_q10_leak10,0.03,static_only,0.0,0.0,58,0.963655048773439,0.0014276274839779557,0.08891166210808477,0.03986917578585572,0.9999980821762681,0.0026161426744018153,120,180.7534616687335,0.19095809691114612,2073,False,"q=10 continuation, leak 1.0",10,"a=0.8,lw=1.5,r=0.04,w=0.25; a=1,lw=0.8,r=0.025,w=0.25; a=1,lw=1,r=0.02,w=0.25"
five_level_weak_anharmonic,long_q10_leak10,0.03,static_only,0.0,0.0,59,0.8121362856720808,0.000784912326792897,0.10085043650264636,0.19219732526500194,0.9999977723702671,0.0026161426744018153,120,180.7534616687335,0.19095809691114612,2073,False,"q=10 continuation, leak 1.0",10,"a=0.8,lw=1.5,r=0.04,w=0.25; a=1,lw=0.8,r=0.025,w=0.25; a=1,lw=1,r=0.02,w=0.25"
five_level_weak_anharmonic,long_q10_leak10,0.03,deph_0.001,0.001,0.0,10,0.8098671841697023,0.002429754013470564,0.09262369555664862,0.15813413873788104,0.9814992739145268,0.0026161426744018153,120,180.7534616687335,0.19095809691114612,2073,False,"q=10 continuation, leak 1.0",10,"a=0.8,lw=1.5,r=0.04,w=0.25; a=1,lw=0.8,r=0.025,w=0.25; a=1,lw=1,r=0.02,w=0.25"
five_level_weak_anharmonic,long_q10_leak10,0.03,deph_0.001,0.001,0.0,11,0.806140665538445,0.003961524220757573,0.10974183106644342,0.1911489587094341,0.9815785153206078,0.0026161426744018153,120,180.7534616687335,0.19095809691114612,2073,False,"q=10 continuation, leak 1.0",10,"a=0.8,lw=1.5,r=0.04,w=0.25; a=1,lw=0.8,r=0.025,w=0.25; a=1,lw=1,r=0.02,w=0.25"
five_level_weak_anharmonic,long_q10_leak10,0.03,deph_0.001,0.001,0.0,12,0.9171520908784915,0.003966024835347581,0.10687392243237803,0.1056494091440433,0.9822684702545765,0.0026161426744018153,120,180.7534616687335,0.19095809691114612,2073,False,"q=10 continuation, leak 1.0",10,"a=0.8,lw=1.5,r=0.04,w=0.25; a=1,lw=0.8,r=0.025,w=0.25; a=1,lw=1,r=0.02,w=0.25"
five_level_weak_anharmonic,long_q10_leak10,0.03,deph_0.001,0.001,0.0,13,0.9516545472136092,0.002097682689088609,0.10126494434991973,0.05211159025924131,0.9860461218002843,0.0026161426744018153,120,180.7534616687335,0.19095809691114612,2073,False,"q=10 continuation, leak 1.0",10,"a=0.8,lw=1.5,r=0.04,w=0.25; a=1,lw=0.8,r=0.025,w=0.25; a=1,lw=1,r=0.02,w=0.25"
five_level_weak_anharmonic,long_q10_leak10,0.03,deph_0.001,0.001,0.0,14,0.9725164161797307,0.002348712514001039,0.08584151637839343,0.02680079701861131,0.9889744620079981,0.0026161426744018153,120,180.7534616687335,0.19095809691114612,2073,False,"q=10 continuation, leak 1.0",10,"a=0.8,lw=1.5,r=0.04,w=0.25; a=1,lw=0.8,r=0.025,w=0.25; a=1,lw=1,r=0.02,w=0.25"
five_level_weak_anharmonic,long_q10_leak10,0.03,deph_0.001,0.001,0.0,15,0.9886084181151176,0.0033974665101234036,0.10770100695210383,0.01702498659577576,0.9880067500049343,0.0026161426744018153,120,180.7534616687335,0.19095809691114612,2073,False,"q=10 continuation, leak 1.0",10,"a=0.8,lw=1.5,r=0.04,w=0.25; a=1,lw=0.8,r=0.025,w=0.25; a=1,lw=1,r=0.02,w=0.25"
five_level_weak_anharmonic,long_q10_leak10,0.03,deph_0.001,0.001,0.0,16,0.9103486791731236,0.0022946961875740524,0.10544235385978595,0.09858392376858637,0.9846259834538205,0.0026161426744018153,120,180.7534616687335,0.19095809691114612,2073,False,"q=10 continuation, leak 1.0",10,"a=0.8,lw=1.5,r=0.04,w=0.25; a=1,lw=0.8,r=0.025,w=0.25; a=1,lw=1,r=0.02,w=0.25"
five_level_weak_anharmonic,long_q10_leak10,0.03,deph_0.001,0.001,0.0,17,0.965927618598057,0.002106758955339405,0.09035289832799975,0.021281458090763077,0.9884992258841215,0.0026161426744018153,120,180.7534616687335,0.19095809691114612,2073,False,"q=10 continuation, leak 1.0",10,"a=0.8,lw=1.5,r=0.04,w=0.25; a=1,lw=0.8,r=0.025,w=0.25; a=1,lw=1,r=0.02,w=0.25"
five_level_weak_anharmonic,long_q10_leak10,0.03,deph_0.001,0.001,0.0,18,0.9855409426330116,0.002738729228018544,0.10089956201288464,0.011182480433452192,0.9879200931039546,0.0026161426744018153,120,180.7534616687335,0.19095809691114612,2073,False,"q=10 continuation, leak 1.0",10,"a=0.8,lw=1.5,r=0.04,w=0.25; a=1,lw=0.8,r=0.025,w=0.25; a=1,lw=1,r=0.02,w=0.25"
five_level_weak_anharmonic,long_q10_leak10,0.03,deph_0.001,0.001,0.0,19,0.900578316016774,0.0032893410898994224,0.08583763492897623,0.11576440099960611,0.983551274396781,0.0026161426744018153,120,180.7534616687335,0.19095809691114612,2073,False,"q=10 continuation, leak 1.0",10,"a=0.8,lw=1.5,r=0.04,w=0.25; a=1,lw=0.8,r=0.025,w=0.25; a=1,lw=1,r=0.02,w=0.25"
five_level_weak_anharmonic,long_q10_leak10,0.03,deph_0.001,0.001,0.0,20,0.9271873105277371,0.0046386363393680075,0.10228792654319818,0.08379301961634976,0.9835136876383519,0.0026161426744018153,120,180.7534616687335,0.19095809691114612,2073,False,"q=10 continuation, leak 1.0",10,"a=0.8,lw=1.5,r=0.04,w=0.25; a=1,lw=0.8,r=0.025,w=0.25; a=1,lw=1,r=0.02,w=0.25"
five_level_weak_anharmonic,long_q10_leak10,0.03,deph_0.001,0.001,0.0,21,0.9510448842120651,0.002564198073380375,0.08380531256066348,0.05922260248187865,0.9866503485060146,0.0026161426744018153,120,180.7534616687335,0.19095809691114612,2073,False,"q=10 continuation, leak 1.0",10,"a=0.8,lw=1.5,r=0.04,w=0.25; a=1,lw=0.8,r=0.025,w=0.25; a=1,lw=1,r=0.02,w=0.25"
five_level_weak_anharmonic,long_q10_leak10,0.03,deph_0.001,0.001,0.0,22,0.8891517194745482,0.0027470199526284933,0.0887777944984196,0.1116754933911458,0.9846664688659534,0.0026161426744018153,120,180.7534616687335,0.19095809691114612,2073,False,"q=10 continuation, leak 1.0",10,"a=0.8,lw=1.5,r=0.04,w=0.25; a=1,lw=0.8,r=0.025,w=0.25; a=1,lw=1,r=0.02,w=0.25"
five_level_weak_anharmonic,long_q10_leak10,0.03,deph_0.001,0.001,0.0,23,0.9631339091859459,0.0021002907905810497,0.09368715282103857,0.041518896302734455,0.9878017805316678,0.0026161426744018153,120,180.7534616687335,0.19095809691114612,2073,False,"q=10 continuation, leak 1.0",10,"a=0.8,lw=1.5,r=0.04,w=0.25; a=1,lw=0.8,r=0.025,w=0.25; a=1,lw=1,r=0.02,w=0.25"
five_level_weak_anharmonic,long_q10_leak10,0.03,deph_0.001,0.001,0.0,24,0.9669704856801891,0.003521561607970347,0.09632304913542777,0.033237137872133476,0.989372280196274,0.0026161426744018153,120,180.7534616687335,0.19095809691114612,2073,False,"q=10 continuation, leak 1.0",10,"a=0.8,lw=1.5,r=0.04,w=0.25; a=1,lw=0.8,r=0.025,w=0.25; a=1,lw=1,r=0.02,w=0.25"
five_level_weak_anharmonic,long_q10_leak10,0.03,deph_0.001,0.001,0.0,25,0.9676985056329264,0.004020301112132585,0.09281834413315537,0.032024556941833385,0.9887034959226582,0.0026161426744018153,120,180.7534616687335,0.19095809691114612,2073,False,"q=10 continuation, leak 1.0",10,"a=0.8,lw=1.5,r=0.04,w=0.25; a=1,lw=0.8,r=0.025,w=0.25; a=1,lw=1,r=0.02,w=0.25"
five_level_weak_anharmonic,long_q10_leak10,0.03,deph_0.001,0.001,0.0,26,0.988310161833398,0.003137757961767851,0.11643670294792952,0.014073709517130712,0.9875279107014886,0.0026161426744018153,120,180.7534616687335,0.19095809691114612,2073,False,"q=10 continuation, leak 1.0",10,"a=0.8,lw=1.5,r=0.04,w=0.25; a=1,lw=0.8,r=0.025,w=0.25; a=1,lw=1,r=0.02,w=0.25"
five_level_weak_anharmonic,long_q10_leak10,0.03,deph_0.001,0.001,0.0,27,0.9782848261256802,0.002282200616061214,0.09701294613151346,0.018501298041165876,0.9888445613010115,0.0026161426744018153,120,180.7534616687335,0.19095809691114612,2073,False,"q=10 continuation, leak 1.0",10,"a=0.8,lw=1.5,r=0.04,w=0.25; a=1,lw=0.8,r=0.025,w=0.25; a=1,lw=1,r=0.02,w=0.25"
five_level_weak_anharmonic,long_q10_leak10,0.03,deph_0.001,0.001,0.0,28,0.8822385606365178,0.005084800497501374,0.12552833646522044,0.12130508871503391,0.981975226639681,0.0026161426744018153,120,180.7534616687335,0.19095809691114612,2073,False,"q=10 continuation, leak 1.0",10,"a=0.8,lw=1.5,r=0.04,w=0.25; a=1,lw=0.8,r=0.025,w=0.25; a=1,lw=1,r=0.02,w=0.25"
five_level_weak_anharmonic,long_q10_leak10,0.03,deph_0.001,0.001,0.0,29,0.9479788390113425,0.002568243841902018,0.10347546475085512,0.05251637690297514,0.9855484927670474,0.0026161426744018153,120,180.7534616687335,0.19095809691114612,2073,False,"q=10 continuation, leak 1.0",10,"a=0.8,lw=1.5,r=0.04,w=0.25; a=1,lw=0.8,r=0.025,w=0.25; a=1,lw=1,r=0.02,w=0.25"
five_level_weak_anharmonic,long_q10_leak10,0.03,deph_0.001,0.001,0.0,30,0.9745496948493824,0.002079319124103862,0.0805978854249545,0.01941747798238834,0.9885921308365305,0.0026161426744018153,120,180.7534616687335,0.19095809691114612,2073,False,"q=10 continuation, leak 1.0",10,"a=0.8,lw=1.5,r=0.04,w=0.25; a=1,lw=0.8,r=0.025,w=0.25; a=1,lw=1,r=0.02,w=0.25"
five_level_weak_anharmonic,long_q10_leak10,0.03,deph_0.001,0.001,0.0,31,0.825440010958356,0.0025530825606895347,0.1072746746358062,0.169486546521603,0.9830492846415267,0.0026161426744018153,120,180.7534616687335,0.19095809691114612,2073,False,"q=10 continuation, leak 1.0",10,"a=0.8,lw=1.5,r=0.04,w=0.25; a=1,lw=0.8,r=0.025,w=0.25; a=1,lw=1,r=0.02,w=0.25"
five_level_weak_anharmonic,long_q10_leak10,0.03,deph_0.001,0.001,0.0,32,0.8745756730866211,0.0021709452493756665,0.0920456916237149,0.1260789254307007,0.9853572684387782,0.0026161426744018153,120,180.7534616687335,0.19095809691114612,2073,False,"q=10 continuation, leak 1.0",10,"a=0.8,lw=1.5,r=0.04,w=0.25; a=1,lw=0.8,r=0.025,w=0.25; a=1,lw=1,r=0.02,w=0.25"
five_level_weak_anharmonic,long_q10_leak10,0.03,deph_0.001,0.001,0.0,33,0.9627012087703416,0.0016454255798813433,0.08308015127592538,0.027585503209730397,0.9874315887177295,0.0026161426744018153,120,180.7534616687335,0.19095809691114612,2073,False,"q=10 continuation, leak 1.0",10,"a=0.8,lw=1.5,r=0.04,w=0.25; a=1,lw=0.8,r=0.025,w=0.25; a=1,lw=1,r=0.02,w=0.25"
five_level_weak_anharmonic,long_q10_leak10,0.03,deph_0.001,0.001,0.0,34,0.9885742350657845,0.004169103972063382,0.12212953207763066,0.014295054422968967,0.9877901145578151,0.0026161426744018153,120,180.7534616687335,0.19095809691114612,2073,False,"q=10 continuation, leak 1.0",10,"a=0.8,lw=1.5,r=0.04,w=0.25; a=1,lw=0.8,r=0.025,w=0.25; a=1,lw=1,r=0.02,w=0.25"
five_level_weak_anharmonic,long_q10_leak10,0.03,deph_0.001,0.001,0.0,35,0.9500113052818232,0.002068537307614249,0.10032308349514607,0.056087185820478155,0.9846593951496847,0.0026161426744018153,120,180.7534616687335,0.19095809691114612,2073,False,"q=10 continuation, leak 1.0",10,"a=0.8,lw=1.5,r=0.04,w=0.25; a=1,lw=0.8,r=0.025,w=0.25; a=1,lw=1,r=0.02,w=0.25"
five_level_weak_anharmonic,long_q10_leak10,0.03,deph_0.001,0.001,0.0,36,0.9143353332726486,0.0021556992064819536,0.10304708868217305,0.0884686872582825,0.9864029551474838,0.0026161426744018153,120,180.7534616687335,0.19095809691114612,2073,False,"q=10 continuation, leak 1.0",10,"a=0.8,lw=1.5,r=0.04,w=0.25; a=1,lw=0.8,r=0.025,w=0.25; a=1,lw=1,r=0.02,w=0.25"
five_level_weak_anharmonic,long_q10_leak10,0.03,deph_0.001,0.001,0.0,37,0.8580331701296597,0.0031950839382502982,0.09579287869111974,0.10240655017691104,0.9838539900625617,0.0026161426744018153,120,180.7534616687335,0.19095809691114612,2073,False,"q=10 continuation, leak 1.0",10,"a=0.8,lw=1.5,r=0.04,w=0.25; a=1,lw=0.8,r=0.025,w=0.25; a=1,lw=1,r=0.02,w=0.25"
five_level_weak_anharmonic,long_q10_leak10,0.03,deph_0.001,0.001,0.0,38,0.9775660194533644,0.003692126557018116,0.07621112241368655,0.021208633311743354,0.9886106504984514,0.0026161426744018153,120,180.7534616687335,0.19095809691114612,2073,False,"q=10 continuation, leak 1.0",10,"a=0.8,lw=1.5,r=0.04,w=0.25; a=1,lw=0.8,r=0.025,w=0.25; a=1,lw=1,r=0.02,w=0.25"
five_level_weak_anharmonic,long_q10_leak10,0.03,deph_0.001,0.001,0.0,39,0.9432455472719036,0.0025174878623215324,0.09768754093040344,0.06177454417586663,0.9875470803656248,0.0026161426744018153,120,180.7534616687335,0.19095809691114612,2073,False,"q=10 continuation, leak 1.0",10,"a=0.8,lw=1.5,r=0.04,w=0.25; a=1,lw=0.8,r=0.025,w=0.25; a=1,lw=1,r=0.02,w=0.25"
five_level_weak_anharmonic,long_q10_leak10,0.03,deph_0.001,0.001,0.0,40,0.9716369601540713,0.004205488285305425,0.11027088232902726,0.03519960953776898,0.9865480527395376,0.0026161426744018153,120,180.7534616687335,0.19095809691114612,2073,False,"q=10 continuation, leak 1.0",10,"a=0.8,lw=1.5,r=0.04,w=0.25; a=1,lw=0.8,r=0.025,w=0.25; a=1,lw=1,r=0.02,w=0.25"
five_level_weak_anharmonic,long_q10_leak10,0.03,deph_0.001,0.001,0.0,41,0.9334510212789896,0.003572625160437992,0.08636858448971296,0.08041840374759841,0.9845806700521321,0.0026161426744018153,120,180.7534616687335,0.19095809691114612,2073,False,"q=10 continuation, leak 1.0",10,"a=0.8,lw=1.5,r=0.04,w=0.25; a=1,lw=0.8,r=0.025,w=0.25; a=1,lw=1,r=0.02,w=0.25"
five_level_weak_anharmonic,long_q10_leak10,0.03,deph_0.001,0.001,0.0,42,0.964941359499529,0.002995223425267479,0.11027255522340584,0.030860847083573967,0.9868022981445619,0.0026161426744018153,120,180.7534616687335,0.19095809691114612,2073,False,"q=10 continuation, leak 1.0",10,"a=0.8,lw=1.5,r=0.04,w=0.25; a=1,lw=0.8,r=0.025,w=0.25; a=1,lw=1,r=0.02,w=0.25"
five_level_weak_anharmonic,long_q10_leak10,0.03,deph_0.001,0.001,0.0,43,0.9366761306119559,0.0022482405367554303,0.09091498474168236,0.06090298760913207,0.9884502437265347,0.0026161426744018153,120,180.7534616687335,0.19095809691114612,2073,False,"q=10 continuation, leak 1.0",10,"a=0.8,lw=1.5,r=0.04,w=0.25; a=1,lw=0.8,r=0.025,w=0.25; a=1,lw=1,r=0.02,w=0.25"
five_level_weak_anharmonic,long_q10_leak10,0.03,deph_0.001,0.001,0.0,44,0.9802344263995022,0.0019089259076345844,0.09259465652683008,0.017723347868989773,0.986849399325931,0.0026161426744018153,120,180.7534616687335,0.19095809691114612,2073,False,"q=10 continuation, leak 1.0",10,"a=0.8,lw=1.5,r=0.04,w=0.25; a=1,lw=0.8,r=0.025,w=0.25; a=1,lw=1,r=0.02,w=0.25"
five_level_weak_anharmonic,long_q10_leak10,0.03,deph_0.001,0.001,0.0,45,0.9837067484701718,0.0027451046650822652,0.11250141908666,0.01926786250767443,0.9880100944193647,0.0026161426744018153,120,180.7534616687335,0.19095809691114612,2073,False,"q=10 continuation, leak 1.0",10,"a=0.8,lw=1.5,r=0.04,w=0.25; a=1,lw=0.8,r=0.025,w=0.25; a=1,lw=1,r=0.02,w=0.25"
five_level_weak_anharmonic,long_q10_leak10,0.03,deph_0.001,0.001,0.0,46,0.8884498686219148,0.002782929866537165,0.08067872055970393,0.11710158974829314,0.9850821470665754,0.0026161426744018153,120,180.7534616687335,0.19095809691114612,2073,False,"q=10 continuation, leak 1.0",10,"a=0.8,lw=1.5,r=0.04,w=0.25; a=1,lw=0.8,r=0.025,w=0.25; a=1,lw=1,r=0.02,w=0.25"
five_level_weak_anharmonic,long_q10_leak10,0.03,deph_0.001,0.001,0.0,47,0.9728005518294821,0.0028849643854702567,0.09623764217024244,0.03886773525474849,0.9869863221351333,0.0026161426744018153,120,180.7534616687335,0.19095809691114612,2073,False,"q=10 continuation, leak 1.0",10,"a=0.8,lw=1.5,r=0.04,w=0.25; a=1,lw=0.8,r=0.025,w=0.25; a=1,lw=1,r=0.02,w=0.25"
five_level_weak_anharmonic,long_q10_leak10,0.03,deph_0.001,0.001,0.0,48,0.6886656469858478,0.0033515537492654346,0.10111996250961419,0.30156613144603495,0.978622067515465,0.0026161426744018153,120,180.7534616687335,0.19095809691114612,2073,False,"q=10 continuation, leak 1.0",10,"a=0.8,lw=1.5,r=0.04,w=0.25; a=1,lw=0.8,r=0.025,w=0.25; a=1,lw=1,r=0.02,w=0.25"
five_level_weak_anharmonic,long_q10_leak10,0.03,deph_0.001,0.001,0.0,49,0.9798386404132201,0.002253908553932482,0.09763774101560463,0.027225814036409064,0.9883982647081204,0.0026161426744018153,120,180.7534616687335,0.19095809691114612,2073,False,"q=10 continuation, leak 1.0",10,"a=0.8,lw=1.5,r=0.04,w=0.25; a=1,lw=0.8,r=0.025,w=0.25; a=1,lw=1,r=0.02,w=0.25"
five_level_weak_anharmonic,long_q10_leak10,0.03,deph_0.001,0.001,0.0,50,0.9854984113059035,0.0017926089671388423,0.09728729752209686,0.014264141988671741,0.9892529640802533,0.0026161426744018153,120,180.7534616687335,0.19095809691114612,2073,False,"q=10 continuation, leak 1.0",10,"a=0.8,lw=1.5,r=0.04,w=0.25; a=1,lw=0.8,r=0.025,w=0.25; a=1,lw=1,r=0.02,w=0.25"
five_level_weak_anharmonic,long_q10_leak10,0.03,deph_0.001,0.001,0.0,51,0.980629829675863,0.004163681268292363,0.10007010055494381,0.02113925684587527,0.9870895300678759,0.0026161426744018153,120,180.7534616687335,0.19095809691114612,2073,False,"q=10 continuation, leak 1.0",10,"a=0.8,lw=1.5,r=0.04,w=0.25; a=1,lw=0.8,r=0.025,w=0.25; a=1,lw=1,r=0.02,w=0.25"
five_level_weak_anharmonic,long_q10_leak10,0.03,deph_0.001,0.001,0.0,52,0.9278156270703888,0.0033905869290666857,0.09045927777353269,0.08589244403235324,0.9846552631935821,0.0026161426744018153,120,180.7534616687335,0.19095809691114612,2073,False,"q=10 continuation, leak 1.0",10,"a=0.8,lw=1.5,r=0.04,w=0.25; a=1,lw=0.8,r=0.025,w=0.25; a=1,lw=1,r=0.02,w=0.25"
five_level_weak_anharmonic,long_q10_leak10,0.03,deph_0.001,0.001,0.0,53,0.9345038701903781,0.0031048861973563824,0.10386435586062037,0.061296581615616574,0.9876333507857902,0.0026161426744018153,120,180.7534616687335,0.19095809691114612,2073,False,"q=10 continuation, leak 1.0",10,"a=0.8,lw=1.5,r=0.04,w=0.25; a=1,lw=0.8,r=0.025,w=0.25; a=1,lw=1,r=0.02,w=0.25"
five_level_weak_anharmonic,long_q10_leak10,0.03,deph_0.001,0.001,0.0,54,0.9307249572256578,0.004863727436957288,0.11629800468081819,0.06817050007446519,0.9871658825050884,0.0026161426744018153,120,180.7534616687335,0.19095809691114612,2073,False,"q=10 continuation, leak 1.0",10,"a=0.8,lw=1.5,r=0.04,w=0.25; a=1,lw=0.8,r=0.025,w=0.25; a=1,lw=1,r=0.02,w=0.25"
five_level_weak_anharmonic,long_q10_leak10,0.03,deph_0.001,0.001,0.0,55,0.9919342597000262,0.0026164458438501237,0.10507700792425911,0.007920205484753376,0.9878241765037318,0.0026161426744018153,120,180.7534616687335,0.19095809691114612,2073,False,"q=10 continuation, leak 1.0",10,"a=0.8,lw=1.5,r=0.04,w=0.25; a=1,lw=0.8,r=0.025,w=0.25; a=1,lw=1,r=0.02,w=0.25"
five_level_weak_anharmonic,long_q10_leak10,0.03,deph_0.001,0.001,0.0,56,0.923212409392579,0.004347366036599687,0.09160494445713852,0.07950346503960824,0.9872843038220225,0.0026161426744018153,120,180.7534616687335,0.19095809691114612,2073,False,"q=10 continuation, leak 1.0",10,"a=0.8,lw=1.5,r=0.04,w=0.25; a=1,lw=0.8,r=0.025,w=0.25; a=1,lw=1,r=0.02,w=0.25"
five_level_weak_anharmonic,long_q10_leak10,0.03,deph_0.001,0.001,0.0,57,0.9623584233853185,0.0019126323715679128,0.09532843859704809,0.02208810366956518,0.9880399310423679,0.0026161426744018153,120,180.7534616687335,0.19095809691114612,2073,False,"q=10 continuation, leak 1.0",10,"a=0.8,lw=1.5,r=0.04,w=0.25; a=1,lw=0.8,r=0.025,w=0.25; a=1,lw=1,r=0.02,w=0.25"
five_level_weak_anharmonic,long_q10_leak10,0.03,deph_0.001,0.001,0.0,58,0.959125901231893,0.0025747296552167676,0.08879356436335772,0.04432949787408836,0.9886498365602314,0.0026161426744018153,120,180.7534616687335,0.19095809691114612,2073,False,"q=10 continuation, leak 1.0",10,"a=0.8,lw=1.5,r=0.04,w=0.25; a=1,lw=0.8,r=0.025,w=0.25; a=1,lw=1,r=0.02,w=0.25"
five_level_weak_anharmonic,long_q10_leak10,0.03,deph_0.001,0.001,0.0,59,0.8098632054019963,0.002384579047675861,0.10116588843859509,0.19429291106158922,0.9810857042651305,0.0026161426744018153,120,180.7534616687335,0.19095809691114612,2073,False,"q=10 continuation, leak 1.0",10,"a=0.8,lw=1.5,r=0.04,w=0.25; a=1,lw=0.8,r=0.025,w=0.25; a=1,lw=1,r=0.02,w=0.25"
five_level_weak_anharmonic,long_q10_leak10,0.03,relax_0.0005,0.0,0.0005,10,0.7928544532848069,0.0011494409830665742,0.09245244965406996,0.17230930664345476,0.9621863488666802,0.0026161426744018153,120,180.7534616687335,0.19095809691114612,2073,False,"q=10 continuation, leak 1.0",10,"a=0.8,lw=1.5,r=0.04,w=0.25; a=1,lw=0.8,r=0.025,w=0.25; a=1,lw=1,r=0.02,w=0.25"
five_level_weak_anharmonic,long_q10_leak10,0.03,relax_0.0005,0.0,0.0005,11,0.7917268763604377,0.0022532464365937477,0.10884116553491885,0.2032465985228189,0.9608553988476662,0.0026161426744018153,120,180.7534616687335,0.19095809691114612,2073,False,"q=10 continuation, leak 1.0",10,"a=0.8,lw=1.5,r=0.04,w=0.25; a=1,lw=0.8,r=0.025,w=0.25; a=1,lw=1,r=0.02,w=0.25"
five_level_weak_anharmonic,long_q10_leak10,0.03,relax_0.0005,0.0,0.0005,12,0.9007442087115838,0.002288078339967914,0.10603838611607275,0.1197150593837517,0.9599177376441681,0.0026161426744018153,120,180.7534616687335,0.19095809691114612,2073,False,"q=10 continuation, leak 1.0",10,"a=0.8,lw=1.5,r=0.04,w=0.25; a=1,lw=0.8,r=0.025,w=0.25; a=1,lw=1,r=0.02,w=0.25"
five_level_weak_anharmonic,long_q10_leak10,0.03,relax_0.0005,0.0,0.0005,13,0.9352907196783443,0.0006953156878574118,0.1003889361405561,0.06572926897936329,0.9590052387552594,0.0026161426744018153,120,180.7534616687335,0.19095809691114612,2073,False,"q=10 continuation, leak 1.0",10,"a=0.8,lw=1.5,r=0.04,w=0.25; a=1,lw=0.8,r=0.025,w=0.25; a=1,lw=1,r=0.02,w=0.25"
five_level_weak_anharmonic,long_q10_leak10,0.03,relax_0.0005,0.0,0.0005,14,0.9565699313002133,0.0012633209363367426,0.08564240242829291,0.03994069353537573,0.9561163593954106,0.0026161426744018153,120,180.7534616687335,0.19095809691114612,2073,False,"q=10 continuation, leak 1.0",10,"a=0.8,lw=1.5,r=0.04,w=0.25; a=1,lw=0.8,r=0.025,w=0.25; a=1,lw=1,r=0.02,w=0.25"
five_level_weak_anharmonic,long_q10_leak10,0.03,relax_0.0005,0.0,0.0005,15,0.9716297228381384,0.0017215304116954266,0.1068790831434212,0.030958635888271163,0.954490929670071,0.0026161426744018153,120,180.7534616687335,0.19095809691114612,2073,False,"q=10 continuation, leak 1.0",10,"a=0.8,lw=1.5,r=0.04,w=0.25; a=1,lw=0.8,r=0.025,w=0.25; a=1,lw=1,r=0.02,w=0.25"
five_level_weak_anharmonic,long_q10_leak10,0.03,relax_0.0005,0.0,0.0005,16,0.8941844212314017,0.0007202093414721,0.10458072033830113,0.1120399242180425,0.9576369829703949,0.0026161426744018153,120,180.7534616687335,0.19095809691114612,2073,False,"q=10 continuation, leak 1.0",10,"a=0.8,lw=1.5,r=0.04,w=0.25; a=1,lw=0.8,r=0.025,w=0.25; a=1,lw=1,r=0.02,w=0.25"
five_level_weak_anharmonic,long_q10_leak10,0.03,relax_0.0005,0.0,0.0005,17,0.9468540437681454,0.000944655821962348,0.09017376579551284,0.03713434385142633,0.9556348249147599,0.0026161426744018153,120,180.7534616687335,0.19095809691114612,2073,False,"q=10 continuation, leak 1.0",10,"a=0.8,lw=1.5,r=0.04,w=0.25; a=1,lw=0.8,r=0.025,w=0.25; a=1,lw=1,r=0.02,w=0.25"
five_level_weak_anharmonic,long_q10_leak10,0.03,relax_0.0005,0.0,0.0005,18,0.967495980969794,0.0011910364704270648,0.1000488849203427,0.025974105539834914,0.9554143786085882,0.0026161426744018153,120,180.7534616687335,0.19095809691114612,2073,False,"q=10 continuation, leak 1.0",10,"a=0.8,lw=1.5,r=0.04,w=0.25; a=1,lw=0.8,r=0.025,w=0.25; a=1,lw=1,r=0.02,w=0.25"
five_level_weak_anharmonic,long_q10_leak10,0.03,relax_0.0005,0.0,0.0005,19,0.8832978892503619,0.0020342726678984624,0.08567346881075422,0.13051910506586903,0.9598893904779233,0.0026161426744018153,120,180.7534616687335,0.19095809691114612,2073,False,"q=10 continuation, leak 1.0",10,"a=0.8,lw=1.5,r=0.04,w=0.25; a=1,lw=0.8,r=0.025,w=0.25; a=1,lw=1,r=0.02,w=0.25"
five_level_weak_anharmonic,long_q10_leak10,0.03,relax_0.0005,0.0,0.0005,20,0.9095479013678759,0.0030574350863140642,0.1019082672061673,0.09869158613986935,0.9587459177582826,0.0026161426744018153,120,180.7534616687335,0.19095809691114612,2073,False,"q=10 continuation, leak 1.0",10,"a=0.8,lw=1.5,r=0.04,w=0.25; a=1,lw=0.8,r=0.025,w=0.25; a=1,lw=1,r=0.02,w=0.25"
five_level_weak_anharmonic,long_q10_leak10,0.03,relax_0.0005,0.0,0.0005,21,0.9333697065019518,0.001352622776268575,0.08362301192218202,0.07408066668304363,0.9570299898461685,0.0026161426744018153,120,180.7534616687335,0.19095809691114612,2073,False,"q=10 continuation, leak 1.0",10,"a=0.8,lw=1.5,r=0.04,w=0.25; a=1,lw=0.8,r=0.025,w=0.25; a=1,lw=1,r=0.02,w=0.25"
five_level_weak_anharmonic,long_q10_leak10,0.03,relax_0.0005,0.0,0.0005,22,0.8722613252628797,0.0015114098391679764,0.08860181971629566,0.12572869474531118,0.9586800606674264,0.0026161426744018153,120,180.7534616687335,0.19095809691114612,2073,False,"q=10 continuation, leak 1.0",10,"a=0.8,lw=1.5,r=0.04,w=0.25; a=1,lw=0.8,r=0.025,w=0.25; a=1,lw=1,r=0.02,w=0.25"
five_level_weak_anharmonic,long_q10_leak10,0.03,relax_0.0005,0.0,0.0005,23,0.946552826393814,0.0007187489427382676,0.0928400036488728,0.055124893744180774,0.9557731248222189,0.0026161426744018153,120,180.7534616687335,0.19095809691114612,2073,False,"q=10 continuation, leak 1.0",10,"a=0.8,lw=1.5,r=0.04,w=0.25; a=1,lw=0.8,r=0.025,w=0.25; a=1,lw=1,r=0.02,w=0.25"
five_level_weak_anharmonic,long_q10_leak10,0.03,relax_0.0005,0.0,0.0005,24,0.9496266154364874,0.002386070890052716,0.09614063266789485,0.04756500955021417,0.954724294262445,0.0026161426744018153,120,180.7534616687335,0.19095809691114612,2073,False,"q=10 continuation, leak 1.0",10,"a=0.8,lw=1.5,r=0.04,w=0.25; a=1,lw=0.8,r=0.025,w=0.25; a=1,lw=1,r=0.02,w=0.25"
five_level_weak_anharmonic,long_q10_leak10,0.03,relax_0.0005,0.0,0.0005,25,0.9510909935723607,0.0026445428429366924,0.0919391435836775,0.045683843823927255,0.9550353418304074,0.0026161426744018153,120,180.7534616687335,0.19095809691114612,2073,False,"q=10 continuation, leak 1.0",10,"a=0.8,lw=1.5,r=0.04,w=0.25; a=1,lw=0.8,r=0.025,w=0.25; a=1,lw=1,r=0.02,w=0.25"
five_level_weak_anharmonic,long_q10_leak10,0.03,relax_0.0005,0.0,0.0005,26,0.9712470112150122,0.0013448250978913556,0.11552547913878253,0.027956604314923396,0.9552186810281352,0.0026161426744018153,120,180.7534616687335,0.19095809691114612,2073,False,"q=10 continuation, leak 1.0",10,"a=0.8,lw=1.5,r=0.04,w=0.25; a=1,lw=0.8,r=0.025,w=0.25; a=1,lw=1,r=0.02,w=0.25"
five_level_weak_anharmonic,long_q10_leak10,0.03,relax_0.0005,0.0,0.0005,27,0.9602466372741268,0.0009533389570499651,0.09682842160074456,0.0333145098219785,0.9552094058762194,0.0026161426744018153,120,180.7534616687335,0.19095809691114612,2073,False,"q=10 continuation, leak 1.0",10,"a=0.8,lw=1.5,r=0.04,w=0.25; a=1,lw=0.8,r=0.025,w=0.25; a=1,lw=1,r=0.02,w=0.25"
five_level_weak_anharmonic,long_q10_leak10,0.03,relax_0.0005,0.0,0.0005,28,0.8662525079439766,0.003135726732992672,0.12455951981539803,0.13453133936883174,0.9589657139962523,0.0026161426744018153,120,180.7534616687335,0.19095809691114612,2073,False,"q=10 continuation, leak 1.0",10,"a=0.8,lw=1.5,r=0.04,w=0.25; a=1,lw=0.8,r=0.025,w=0.25; a=1,lw=1,r=0.02,w=0.25"
five_level_weak_anharmonic,long_q10_leak10,0.03,relax_0.0005,0.0,0.0005,29,0.9304817927706056,0.0010047594561990447,0.10259929547185198,0.06684542587255927,0.9580949702608826,0.0026161426744018153,120,180.7534616687335,0.19095809691114612,2073,False,"q=10 continuation, leak 1.0",10,"a=0.8,lw=1.5,r=0.04,w=0.25; a=1,lw=0.8,r=0.025,w=0.25; a=1,lw=1,r=0.02,w=0.25"
five_level_weak_anharmonic,long_q10_leak10,0.03,relax_0.0005,0.0,0.0005,30,0.9557942365405689,0.0010496209358267228,0.08041535859247384,0.03490894160782214,0.956473352187689,0.0026161426744018153,120,180.7534616687335,0.19095809691114612,2073,False,"q=10 continuation, leak 1.0",10,"a=0.8,lw=1.5,r=0.04,w=0.25; a=1,lw=0.8,r=0.025,w=0.25; a=1,lw=1,r=0.02,w=0.25"
five_level_weak_anharmonic,long_q10_leak10,0.03,relax_0.0005,0.0,0.0005,31,0.8107580434617271,0.0010508884375406424,0.10707530255127318,0.1817378817850847,0.9596745749173301,0.0026161426744018153,120,180.7534616687335,0.19095809691114612,2073,False,"q=10 continuation, leak 1.0",10,"a=0.8,lw=1.5,r=0.04,w=0.25; a=1,lw=0.8,r=0.025,w=0.25; a=1,lw=1,r=0.02,w=0.25"
five_level_weak_anharmonic,long_q10_leak10,0.03,relax_0.0005,0.0,0.0005,32,0.8592603716509115,0.0009525504840613985,0.09185508443857959,0.13885807401310818,0.9579276871933988,0.0026161426744018153,120,180.7534616687335,0.19095809691114612,2073,False,"q=10 continuation, leak 1.0",10,"a=0.8,lw=1.5,r=0.04,w=0.25; a=1,lw=0.8,r=0.025,w=0.25; a=1,lw=1,r=0.02,w=0.25"
five_level_weak_anharmonic,long_q10_leak10,0.03,relax_0.0005,0.0,0.0005,33,0.9440582631569314,0.00044240350947111207,0.08233116871434198,0.042968158584217556,0.9572168490493895,0.0026161426744018153,120,180.7534616687335,0.19095809691114612,2073,False,"q=10 continuation, leak 1.0",10,"a=0.8,lw=1.5,r=0.04,w=0.25; a=1,lw=0.8,r=0.025,w=0.25; a=1,lw=1,r=0.02,w=0.25"
five_level_weak_anharmonic,long_q10_leak10,0.03,relax_0.0005,0.0,0.0005,34,0.9721163090446925,0.002090021003746001,0.12125916519632896,0.02768746597998655,0.9549139805895374,0.0026161426744018153,120,180.7534616687335,0.19095809691114612,2073,False,"q=10 continuation, leak 1.0",10,"a=0.8,lw=1.5,r=0.04,w=0.25; a=1,lw=0.8,r=0.025,w=0.25; a=1,lw=1,r=0.02,w=0.25"
five_level_weak_anharmonic,long_q10_leak10,0.03,relax_0.0005,0.0,0.0005,35,0.9321473953337296,0.0004763461503988209,0.09953421482609293,0.07109420749438519,0.9574633366218832,0.0026161426744018153,120,180.7534616687335,0.19095809691114612,2073,False,"q=10 continuation, leak 1.0",10,"a=0.8,lw=1.5,r=0.04,w=0.25; a=1,lw=0.8,r=0.025,w=0.25; a=1,lw=1,r=0.02,w=0.25"
five_level_weak_anharmonic,long_q10_leak10,0.03,relax_0.0005,0.0,0.0005,36,0.899072105556317,0.0006437118362166983,0.1021469727185551,0.10117440798847506,0.9565965065756064,0.0026161426744018153,120,180.7534616687335,0.19095809691114612,2073,False,"q=10 continuation, leak 1.0",10,"a=0.8,lw=1.5,r=0.04,w=0.25; a=1,lw=0.8,r=0.025,w=0.25; a=1,lw=1,r=0.02,w=0.25"
five_level_weak_anharmonic,long_q10_leak10,0.03,relax_0.0005,0.0,0.0005,37,0.8387515449954843,0.001804419214850972,0.09561777188359866,0.11857502388986486,0.9605545540914754,0.0026161426744018153,120,180.7534616687335,0.19095809691114612,2073,False,"q=10 continuation, leak 1.0",10,"a=0.8,lw=1.5,r=0.04,w=0.25; a=1,lw=0.8,r=0.025,w=0.25; a=1,lw=1,r=0.02,w=0.25"
five_level_weak_anharmonic,long_q10_leak10,0.03,relax_0.0005,0.0,0.0005,38,0.9594191769842368,0.0028137985234630847,0.07603734227674952,0.03620265475200282,0.9569763940362265,0.0026161426744018153,120,180.7534616687335,0.19095809691114612,2073,False,"q=10 continuation, leak 1.0",10,"a=0.8,lw=1.5,r=0.04,w=0.25; a=1,lw=0.8,r=0.025,w=0.25; a=1,lw=1,r=0.02,w=0.25"
five_level_weak_anharmonic,long_q10_leak10,0.03,relax_0.0005,0.0,0.0005,39,0.9273296794398717,0.0011762670150585741,0.09749578305942408,0.07489347473784401,0.9551702158693216,0.0026161426744018153,120,180.7534616687335,0.19095809691114612,2073,False,"q=10 continuation, leak 1.0",10,"a=0.8,lw=1.5,r=0.04,w=0.25; a=1,lw=0.8,r=0.025,w=0.25; a=1,lw=1,r=0.02,w=0.25"
five_level_weak_anharmonic,long_q10_leak10,0.03,relax_0.0005,0.0,0.0005,40,0.9544777068495666,0.0025332257026853267,0.10937609423132633,0.04933528662900464,0.9556925206463027,0.0026161426744018153,120,180.7534616687335,0.19095809691114612,2073,False,"q=10 continuation, leak 1.0",10,"a=0.8,lw=1.5,r=0.04,w=0.25; a=1,lw=0.8,r=0.025,w=0.25; a=1,lw=1,r=0.02,w=0.25"
five_level_weak_anharmonic,long_q10_leak10,0.03,relax_0.0005,0.0,0.0005,41,0.9159275364662862,0.0021968788887827273,0.08619191811056814,0.09525714821611253,0.9583835710479541,0.0026161426744018153,120,180.7534616687335,0.19095809691114612,2073,False,"q=10 continuation, leak 1.0",10,"a=0.8,lw=1.5,r=0.04,w=0.25; a=1,lw=0.8,r=0.025,w=0.25; a=1,lw=1,r=0.02,w=0.25"
five_level_weak_anharmonic,long_q10_leak10,0.03,relax_0.0005,0.0,0.0005,42,0.948451524148645,0.0012881355599352329,0.10937304101236811,0.044322949011703534,0.9562735063609652,0.0026161426744018153,120,180.7534616687335,0.19095809691114612,2073,False,"q=10 continuation, leak 1.0",10,"a=0.8,lw=1.5,r=0.04,w=0.25; a=1,lw=0.8,r=0.025,w=0.25; a=1,lw=1,r=0.02,w=0.25"
five_level_weak_anharmonic,long_q10_leak10,0.03,relax_0.0005,0.0,0.0005,43,0.9210133569392219,0.0009917335903225633,0.09072045789757532,0.07387614654896776,0.9554634111826544,0.0026161426744018153,120,180.7534616687335,0.19095809691114612,2073,False,"q=10 continuation, leak 1.0",10,"a=0.8,lw=1.5,r=0.04,w=0.25; a=1,lw=0.8,r=0.025,w=0.25; a=1,lw=1,r=0.02,w=0.25"
five_level_weak_anharmonic,long_q10_leak10,0.03,relax_0.0005,0.0,0.0005,44,0.9643370503505143,0.0005492805726750039,0.09173905920435943,0.030958348292343233,0.9586824674127868,0.0026161426744018153,120,180.7534616687335,0.19095809691114612,2073,False,"q=10 continuation, leak 1.0",10,"a=0.8,lw=1.5,r=0.04,w=0.25; a=1,lw=0.8,r=0.025,w=0.25; a=1,lw=1,r=0.02,w=0.25"
five_level_weak_anharmonic,long_q10_leak10,0.03,relax_0.0005,0.0,0.0005,45,0.9667800689215478,0.0010942992870069945,0.11161485721855335,0.03310622923620472,0.9546137808107914,0.0026161426744018153,120,180.7534616687335,0.19095809691114612,2073,False,"q=10 continuation, leak 1.0",10,"a=0.8,lw=1.5,r=0.04,w=0.25; a=1,lw=0.8,r=0.025,w=0.25; a=1,lw=1,r=0.02,w=0.25"
five_level_weak_anharmonic,long_q10_leak10,0.03,relax_0.0005,0.0,0.0005,46,0.8722827008153816,0.001547877406980147,0.07992274014824119,0.1308948806376317,0.9588878122813093,0.0026161426744018153,120,180.7534616687335,0.19095809691114612,2073,False,"q=10 continuation, leak 1.0",10,"a=0.8,lw=1.5,r=0.04,w=0.25; a=1,lw=0.8,r=0.025,w=0.25; a=1,lw=1,r=0.02,w=0.25"
five_level_weak_anharmonic,long_q10_leak10,0.03,relax_0.0005,0.0,0.0005,47,0.9556072836850242,0.0013793184073117581,0.09604343856799247,0.053410463936587924,0.9555882393752123,0.0026161426744018153,120,180.7534616687335,0.19095809691114612,2073,False,"q=10 continuation, leak 1.0",10,"a=0.8,lw=1.5,r=0.04,w=0.25; a=1,lw=0.8,r=0.025,w=0.25; a=1,lw=1,r=0.02,w=0.25"
five_level_weak_anharmonic,long_q10_leak10,0.03,relax_0.0005,0.0,0.0005,48,0.6747046344799602,0.0018107800696174348,0.1002759245579734,0.3136144409187656,0.9653321214657481,0.0026161426744018153,120,180.7534616687335,0.19095809691114612,2073,False,"q=10 continuation, leak 1.0",10,"a=0.8,lw=1.5,r=0.04,w=0.25; a=1,lw=0.8,r=0.025,w=0.25; a=1,lw=1,r=0.02,w=0.25"
five_level_weak_anharmonic,long_q10_leak10,0.03,relax_0.0005,0.0,0.0005,49,0.9625715162909001,0.0008959272717656841,0.09744476362552379,0.04169539170659922,0.9542664186537309,0.0026161426744018153,120,180.7534616687335,0.19095809691114612,2073,False,"q=10 continuation, leak 1.0",10,"a=0.8,lw=1.5,r=0.04,w=0.25; a=1,lw=0.8,r=0.025,w=0.25; a=1,lw=1,r=0.02,w=0.25"
five_level_weak_anharmonic,long_q10_leak10,0.03,relax_0.0005,0.0,0.0005,50,0.9676843475451764,0.0004228209840532182,0.09709364022959732,0.02889426972427096,0.9546409906858704,0.0026161426744018153,120,180.7534616687335,0.19095809691114612,2073,False,"q=10 continuation, leak 1.0",10,"a=0.8,lw=1.5,r=0.04,w=0.25; a=1,lw=0.8,r=0.025,w=0.25; a=1,lw=1,r=0.02,w=0.25"
five_level_weak_anharmonic,long_q10_leak10,0.03,relax_0.0005,0.0,0.0005,51,0.9626104194863092,0.0026101652107138884,0.0992224396222513,0.03607612274518759,0.9551681974785493,0.0026161426744018153,120,180.7534616687335,0.19095809691114612,2073,False,"q=10 continuation, leak 1.0",10,"a=0.8,lw=1.5,r=0.04,w=0.25; a=1,lw=0.8,r=0.025,w=0.25; a=1,lw=1,r=0.02,w=0.25"
five_level_weak_anharmonic,long_q10_leak10,0.03,relax_0.0005,0.0,0.0005,52,0.9104798434412799,0.0020219755858470467,0.09016665395729218,0.1005152758051539,0.9578880183475558,0.0026161426744018153,120,180.7534616687335,0.19095809691114612,2073,False,"q=10 continuation, leak 1.0",10,"a=0.8,lw=1.5,r=0.04,w=0.25; a=1,lw=0.8,r=0.025,w=0.25; a=1,lw=1,r=0.02,w=0.25"
five_level_weak_anharmonic,long_q10_leak10,0.03,relax_0.0005,0.0,0.0005,53,0.9187912444976549,0.001543355798705237,0.10299423735224567,0.07415691398568112,0.9563210503580787,0.0026161426744018153,120,180.7534616687335,0.19095809691114612,2073,False,"q=10 continuation, leak 1.0",10,"a=0.8,lw=1.5,r=0.04,w=0.25; a=1,lw=0.8,r=0.025,w=0.25; a=1,lw=1,r=0.02,w=0.25"
five_level_weak_anharmonic,long_q10_leak10,0.03,relax_0.0005,0.0,0.0005,54,0.9159367260942536,0.0029823675406269734,0.11543225143098168,0.0803348745602837,0.9559663122251809,0.0026161426744018153,120,180.7534616687335,0.19095809691114612,2073,False,"q=10 continuation, leak 1.0",10,"a=0.8,lw=1.5,r=0.04,w=0.25; a=1,lw=0.8,r=0.025,w=0.25; a=1,lw=1,r=0.02,w=0.25"
five_level_weak_anharmonic,long_q10_leak10,0.03,relax_0.0005,0.0,0.0005,55,0.9761512832003238,0.0010921985742334828,0.10417198484913226,0.020971071520278165,0.956486022277915,0.0026161426744018153,120,180.7534616687335,0.19095809691114612,2073,False,"q=10 continuation, leak 1.0",10,"a=0.8,lw=1.5,r=0.04,w=0.25; a=1,lw=0.8,r=0.025,w=0.25; a=1,lw=1,r=0.02,w=0.25"
five_level_weak_anharmonic,long_q10_leak10,0.03,relax_0.0005,0.0,0.0005,56,0.9082299452255597,0.002902528458653575,0.090830223962588,0.09190151459160809,0.9566051305646104,0.0026161426744018153,120,180.7534616687335,0.19095809691114612,2073,False,"q=10 continuation, leak 1.0",10,"a=0.8,lw=1.5,r=0.04,w=0.25; a=1,lw=0.8,r=0.025,w=0.25; a=1,lw=1,r=0.02,w=0.25"
five_level_weak_anharmonic,long_q10_leak10,0.03,relax_0.0005,0.0,0.0005,57,0.9437480773898579,0.0004326104065109915,0.09505642773721057,0.037586457513135496,0.9549402955141063,0.0026161426744018153,120,180.7534616687335,0.19095809691114612,2073,False,"q=10 continuation, leak 1.0",10,"a=0.8,lw=1.5,r=0.04,w=0.25; a=1,lw=0.8,r=0.025,w=0.25; a=1,lw=1,r=0.02,w=0.25"
five_level_weak_anharmonic,long_q10_leak10,0.03,relax_0.0005,0.0,0.0005,58,0.942734767771661,0.001374224969000526,0.08860299056539289,0.05792520847240743,0.955278367512464,0.0026161426744018153,120,180.7534616687335,0.19095809691114612,2073,False,"q=10 continuation, leak 1.0",10,"a=0.8,lw=1.5,r=0.04,w=0.25; a=1,lw=0.8,r=0.025,w=0.25; a=1,lw=1,r=0.02,w=0.25"
five_level_weak_anharmonic,long_q10_leak10,0.03,relax_0.0005,0.0,0.0005,59,0.7945911615071776,0.0007575906562029555,0.1003490578025078,0.20736756348655397,0.961628334762518,0.0026161426744018153,120,180.7534616687335,0.19095809691114612,2073,False,"q=10 continuation, leak 1.0",10,"a=0.8,lw=1.5,r=0.04,w=0.25; a=1,lw=0.8,r=0.025,w=0.25; a=1,lw=1,r=0.02,w=0.25"
five_level_weak_anharmonic,long_q10_leak10,0.03,combined,0.001,0.0005,10,0.7908697069889798,0.00232116129612403,0.09230303525748773,0.17514347846758882,0.9446359932348877,0.0026161426744018153,120,180.7534616687335,0.19095809691114612,2073,False,"q=10 continuation, leak 1.0",10,"a=0.8,lw=1.5,r=0.04,w=0.25; a=1,lw=0.8,r=0.025,w=0.25; a=1,lw=1,r=0.02,w=0.25"
five_level_weak_anharmonic,long_q10_leak10,0.03,combined,0.001,0.0005,11,0.7896097440322862,0.0037894350536709087,0.10919598821544763,0.20542296436788657,0.9435640100440364,0.0026161426744018153,120,180.7534616687335,0.19095809691114612,2073,False,"q=10 continuation, leak 1.0",10,"a=0.8,lw=1.5,r=0.04,w=0.25; a=1,lw=0.8,r=0.025,w=0.25; a=1,lw=1,r=0.02,w=0.25"
five_level_weak_anharmonic,long_q10_leak10,0.03,combined,0.001,0.0005,12,0.8962568359114296,0.0037973472091407112,0.10632051722241798,0.12352754321237432,0.9431837237899494,0.0026161426744018153,120,180.7534616687335,0.19095809691114612,2073,False,"q=10 continuation, leak 1.0",10,"a=0.8,lw=1.5,r=0.04,w=0.25; a=1,lw=0.8,r=0.025,w=0.25; a=1,lw=1,r=0.02,w=0.25"
five_level_weak_anharmonic,long_q10_leak10,0.03,combined,0.001,0.0005,13,0.9302481931912212,0.0020232063488826446,0.10073103538814943,0.07067340591157172,0.9458716100221112,0.0026161426744018153,120,180.7534616687335,0.19095809691114612,2073,False,"q=10 continuation, leak 1.0",10,"a=0.8,lw=1.5,r=0.04,w=0.25; a=1,lw=0.8,r=0.025,w=0.25; a=1,lw=1,r=0.02,w=0.25"
five_level_weak_anharmonic,long_q10_leak10,0.03,combined,0.001,0.0005,14,0.951711410892989,0.0022573725811848577,0.08554318078949608,0.0448664925342052,0.9458926841017136,0.0026161426744018153,120,180.7534616687335,0.19095809691114612,2073,False,"q=10 continuation, leak 1.0",10,"a=0.8,lw=1.5,r=0.04,w=0.25; a=1,lw=0.8,r=0.025,w=0.25; a=1,lw=1,r=0.02,w=0.25"
five_level_weak_anharmonic,long_q10_leak10,0.03,combined,0.001,0.0005,15,0.9661273432101133,0.003300751946267222,0.1071427729305261,0.03631523799582764,0.9434145201868877,0.0026161426744018153,120,180.7534616687335,0.19095809691114612,2073,False,"q=10 continuation, leak 1.0",10,"a=0.8,lw=1.5,r=0.04,w=0.25; a=1,lw=0.8,r=0.025,w=0.25; a=1,lw=1,r=0.02,w=0.25"
five_level_weak_anharmonic,long_q10_leak10,0.03,combined,0.001,0.0005,16,0.8902704606599959,0.0022037068238061064,0.10491167690932812,0.1157480399384641,0.943270139078117,0.0026161426744018153,120,180.7534616687335,0.19095809691114612,2073,False,"q=10 continuation, leak 1.0",10,"a=0.8,lw=1.5,r=0.04,w=0.25; a=1,lw=0.8,r=0.025,w=0.25; a=1,lw=1,r=0.02,w=0.25"
five_level_weak_anharmonic,long_q10_leak10,0.03,combined,0.001,0.0005,17,0.9424355242689374,0.0020380981083071292,0.09004066275148004,0.04187811453011026,0.9448659600349008,0.0026161426744018153,120,180.7534616687335,0.19095809691114612,2073,False,"q=10 continuation, leak 1.0",10,"a=0.8,lw=1.5,r=0.04,w=0.25; a=1,lw=0.8,r=0.025,w=0.25; a=1,lw=1,r=0.02,w=0.25"
five_level_weak_anharmonic,long_q10_leak10,0.03,combined,0.001,0.0005,18,0.9622385994452066,0.0026273325031758166,0.10038301019770612,0.031349814136229545,0.9441617996823273,0.0026161426744018153,120,180.7534616687335,0.19095809691114612,2073,False,"q=10 continuation, leak 1.0",10,"a=0.8,lw=1.5,r=0.04,w=0.25; a=1,lw=0.8,r=0.025,w=0.25; a=1,lw=1,r=0.02,w=0.25"
five_level_weak_anharmonic,long_q10_leak10,0.03,combined,0.001,0.0005,19,0.8797515419114107,0.003149917344310693,0.08553351538264231,0.1337016663331155,0.9443464445083527,0.0026161426744018153,120,180.7534616687335,0.19095809691114612,2073,False,"q=10 continuation, leak 1.0",10,"a=0.8,lw=1.5,r=0.04,w=0.25; a=1,lw=0.8,r=0.025,w=0.25; a=1,lw=1,r=0.02,w=0.25"
five_level_weak_anharmonic,long_q10_leak10,0.03,combined,0.001,0.0005,20,0.905168745155594,0.0044392625597001745,0.1017569305637549,0.102828351713835,0.9432044798382302,0.0026161426744018153,120,180.7534616687335,0.19095809691114612,2073,False,"q=10 continuation, leak 1.0",10,"a=0.8,lw=1.5,r=0.04,w=0.25; a=1,lw=0.8,r=0.025,w=0.25; a=1,lw=1,r=0.02,w=0.25"
five_level_weak_anharmonic,long_q10_leak10,0.03,combined,0.001,0.0005,21,0.9291045560543117,0.0024530870859370557,0.08351759011409565,0.07810186568205577,0.944506118872029,0.0026161426744018153,120,180.7534616687335,0.19095809691114612,2073,False,"q=10 continuation, leak 1.0",10,"a=0.8,lw=1.5,r=0.04,w=0.25; a=1,lw=0.8,r=0.025,w=0.25; a=1,lw=1,r=0.02,w=0.25"
five_level_weak_anharmonic,long_q10_leak10,0.03,combined,0.001,0.0005,22,0.8691292196788859,0.00262709336706457,0.08846604002103797,0.12894644048497705,0.9442777915592043,0.0026161426744018153,120,180.7534616687335,0.19095809691114612,2073,False,"q=10 continuation, leak 1.0",10,"a=0.8,lw=1.5,r=0.04,w=0.25; a=1,lw=0.8,r=0.025,w=0.25; a=1,lw=1,r=0.02,w=0.25"
five_level_weak_anharmonic,long_q10_leak10,0.03,combined,0.001,0.0005,23,0.9419340463222509,0.0020197065162198546,0.09321933312785291,0.059680840599021734,0.9444584056228303,0.0026161426744018153,120,180.7534616687335,0.19095809691114612,2073,False,"q=10 continuation, leak 1.0",10,"a=0.8,lw=1.5,r=0.04,w=0.25; a=1,lw=0.8,r=0.025,w=0.25; a=1,lw=1,r=0.02,w=0.25"
five_level_weak_anharmonic,long_q10_leak10,0.03,combined,0.001,0.0005,24,0.9452778053729168,0.0033716561615799723,0.09598798367221262,0.05196802484698049,0.9449096969960171,0.0026161426744018153,120,180.7534616687335,0.19095809691114612,2073,False,"q=10 continuation, leak 1.0",10,"a=0.8,lw=1.5,r=0.04,w=0.25; a=1,lw=0.8,r=0.025,w=0.25; a=1,lw=1,r=0.02,w=0.25"
five_level_weak_anharmonic,long_q10_leak10,0.03,combined,0.001,0.0005,25,0.946305476578214,0.00386720991474776,0.09234593358224741,0.05049044058478007,0.9446145330344997,0.0026161426744018153,120,180.7534616687335,0.19095809691114612,2073,False,"q=10 continuation, leak 1.0",10,"a=0.8,lw=1.5,r=0.04,w=0.25; a=1,lw=0.8,r=0.025,w=0.25; a=1,lw=1,r=0.02,w=0.25"
five_level_weak_anharmonic,long_q10_leak10,0.03,combined,0.001,0.0005,26,0.9657395576835102,0.0029883899219036447,0.11582914721486615,0.03348410662242429,0.9436549589224658,0.0026161426744018153,120,180.7534616687335,0.19095809691114612,2073,False,"q=10 continuation, leak 1.0",10,"a=0.8,lw=1.5,r=0.04,w=0.25; a=1,lw=0.8,r=0.025,w=0.25; a=1,lw=1,r=0.02,w=0.25"
five_level_weak_anharmonic,long_q10_leak10,0.03,combined,0.001,0.0005,27,0.9554265987902605,0.0022133494670651954,0.0966724159383201,0.038264662728872585,0.9448429899794445,0.0026161426744018153,120,180.7534616687335,0.19095809691114612,2073,False,"q=10 continuation, leak 1.0",10,"a=0.8,lw=1.5,r=0.04,w=0.25; a=1,lw=0.8,r=0.025,w=0.25; a=1,lw=1,r=0.02,w=0.25"
five_level_weak_anharmonic,long_q10_leak10,0.03,combined,0.001,0.0005,28,0.862583156281423,0.004887899016000841,0.12489337337719775,0.13810607084326487,0.9420700940410236,0.0026161426744018153,120,180.7534616687335,0.19095809691114612,2073,False,"q=10 continuation, leak 1.0",10,"a=0.8,lw=1.5,r=0.04,w=0.25; a=1,lw=0.8,r=0.025,w=0.25; a=1,lw=1,r=0.02,w=0.25"
five_level_weak_anharmonic,long_q10_leak10,0.03,combined,0.001,0.0005,29,0.925945805703426,0.0024968497859853,0.10294676601048058,0.07141875201777009,0.9445182503694683,0.0026161426744018153,120,180.7534616687335,0.19095809691114612,2073,False,"q=10 continuation, leak 1.0",10,"a=0.8,lw=1.5,r=0.04,w=0.25; a=1,lw=0.8,r=0.025,w=0.25; a=1,lw=1,r=0.02,w=0.25"
five_level_weak_anharmonic,long_q10_leak10,0.03,combined,0.001,0.0005,30,0.9512501815844296,0.002006600780392609,0.08031530137770215,0.03966634522372238,0.9457615035961818,0.0026161426744018153,120,180.7534616687335,0.19095809691114612,2073,False,"q=10 continuation, leak 1.0",10,"a=0.8,lw=1.5,r=0.04,w=0.25; a=1,lw=0.8,r=0.025,w=0.25; a=1,lw=1,r=0.02,w=0.25"
five_level_weak_anharmonic,long_q10_leak10,0.03,combined,0.001,0.0005,31,0.8083920454888242,0.002462277185960593,0.10690826055930125,0.18422124555362557,0.9438150738046546,0.0026161426744018153,120,180.7534616687335,0.19095809691114612,2073,False,"q=10 continuation, leak 1.0",10,"a=0.8,lw=1.5,r=0.04,w=0.25; a=1,lw=0.8,r=0.025,w=0.25; a=1,lw=1,r=0.02,w=0.25"
five_level_weak_anharmonic,long_q10_leak10,0.03,combined,0.001,0.0005,32,0.8562287222056196,0.00209108310816819,0.09172009886673005,0.14188604479803232,0.9442751128537988,0.0026161426744018153,120,180.7534616687335,0.19095809691114612,2073,False,"q=10 continuation, leak 1.0",10,"a=0.8,lw=1.5,r=0.04,w=0.25; a=1,lw=0.8,r=0.025,w=0.25; a=1,lw=1,r=0.02,w=0.25"
five_level_weak_anharmonic,long_q10_leak10,0.03,combined,0.001,0.0005,33,0.9394762782302746,0.0016021748154368964,0.08264696573640129,0.047886779597797406,0.9453798668140821,0.0026161426744018153,120,180.7534616687335,0.19095809691114612,2073,False,"q=10 continuation, leak 1.0",10,"a=0.8,lw=1.5,r=0.04,w=0.25; a=1,lw=0.8,r=0.025,w=0.25; a=1,lw=1,r=0.02,w=0.25"
five_level_weak_anharmonic,long_q10_leak10,0.03,combined,0.001,0.0005,34,0.9663706378960402,0.004005110819993107,0.1214869945994701,0.033373309555346634,0.9436513606323759,0.0026161426744018153,120,180.7534616687335,0.19095809691114612,2073,False,"q=10 continuation, leak 1.0",10,"a=0.8,lw=1.5,r=0.04,w=0.25; a=1,lw=0.8,r=0.025,w=0.25; a=1,lw=1,r=0.02,w=0.25"
five_level_weak_anharmonic,long_q10_leak10,0.03,combined,0.001,0.0005,35,0.9271495790131489,0.001980462161690122,0.09981613888168073,0.07590431817182475,0.9430326172087998,0.0026161426744018153,120,180.7534616687335,0.19095809691114612,2073,False,"q=10 continuation, leak 1.0",10,"a=0.8,lw=1.5,r=0.04,w=0.25; a=1,lw=0.8,r=0.025,w=0.25; a=1,lw=1,r=0.02,w=0.25"
five_level_weak_anharmonic,long_q10_leak10,0.03,combined,0.001,0.0005,36,0.8950926712020352,0.002067081447236885,0.10254260321753339,0.10502633709473129,0.9439847437226166,0.0026161426744018153,120,180.7534616687335,0.19095809691114612,2073,False,"q=10 continuation, leak 1.0",10,"a=0.8,lw=1.5,r=0.04,w=0.25; a=1,lw=0.8,r=0.025,w=0.25; a=1,lw=1,r=0.02,w=0.25"
five_level_weak_anharmonic,long_q10_leak10,0.03,combined,0.001,0.0005,37,0.8360683785254223,0.003067718402764541,0.09546181273880239,0.12224873644404928,0.9452019348312873,0.0026161426744018153,120,180.7534616687335,0.19095809691114612,2073,False,"q=10 continuation, leak 1.0",10,"a=0.8,lw=1.5,r=0.04,w=0.25; a=1,lw=0.8,r=0.025,w=0.25; a=1,lw=1,r=0.02,w=0.25"
five_level_weak_anharmonic,long_q10_leak10,0.03,combined,0.001,0.0005,38,0.9548825591998386,0.0035606706286244183,0.07594237538885562,0.04093045721800832,0.9462669819543176,0.0026161426744018153,120,180.7534616687335,0.19095809691114612,2073,False,"q=10 continuation, leak 1.0",10,"a=0.8,lw=1.5,r=0.04,w=0.25; a=1,lw=0.8,r=0.025,w=0.25; a=1,lw=1,r=0.02,w=0.25"
five_level_weak_anharmonic,long_q10_leak10,0.03,combined,0.001,0.0005,39,0.922917298865161,0.002461186998387266,0.09734161343435344,0.07916637243411916,0.9436813479254361,0.0026161426744018153,120,180.7534616687335,0.19095809691114612,2073,False,"q=10 continuation, leak 1.0",10,"a=0.8,lw=1.5,r=0.04,w=0.25; a=1,lw=0.8,r=0.025,w=0.25; a=1,lw=1,r=0.02,w=0.25"
five_level_weak_anharmonic,long_q10_leak10,0.03,combined,0.001,0.0005,40,0.9494443395882988,0.004014151996369453,0.1096988889127819,0.054243426147592484,0.9431830429982482,0.0026161426744018153,120,180.7534616687335,0.19095809691114612,2073,False,"q=10 continuation, leak 1.0",10,"a=0.8,lw=1.5,r=0.04,w=0.25; a=1,lw=0.8,r=0.025,w=0.25; a=1,lw=1,r=0.02,w=0.25"
five_level_weak_anharmonic,long_q10_leak10,0.03,combined,0.001,0.0005,41,0.9116239913044225,0.003397092285673864,0.08606506151857973,0.09923581613755295,0.9438510665086282,0.0026161426744018153,120,180.7534616687335,0.19095809691114612,2073,False,"q=10 continuation, leak 1.0",10,"a=0.8,lw=1.5,r=0.04,w=0.25; a=1,lw=0.8,r=0.025,w=0.25; a=1,lw=1,r=0.02,w=0.25"
five_level_weak_anharmonic,long_q10_leak10,0.03,combined,0.001,0.0005,42,0.9434492782821289,0.002858790536700462,0.1096862732736048,0.049517236111318724,0.9439938651375046,0.0026161426744018153,120,180.7534616687335,0.19095809691114612,2073,False,"q=10 continuation, leak 1.0",10,"a=0.8,lw=1.5,r=0.04,w=0.25; a=1,lw=0.8,r=0.025,w=0.25; a=1,lw=1,r=0.02,w=0.25"
five_level_weak_anharmonic,long_q10_leak10,0.03,combined,0.001,0.0005,43,0.9168044493276897,0.0021585001340662657,0.0906001414425186,0.07810696234353555,0.9448167269981546,0.0026161426744018153,120,180.7534616687335,0.19095809691114612,2073,False,"q=10 continuation, leak 1.0",10,"a=0.8,lw=1.5,r=0.04,w=0.25; a=1,lw=0.8,r=0.025,w=0.25; a=1,lw=1,r=0.02,w=0.25"
five_level_weak_anharmonic,long_q10_leak10,0.03,combined,0.001,0.0005,44,0.9587190045820743,0.0018582627099249516,0.09212548001567455,0.036553418319933306,0.9462945992497682,0.0026161426744018153,120,180.7534616687335,0.19095809691114612,2073,False,"q=10 continuation, leak 1.0",10,"a=0.8,lw=1.5,r=0.04,w=0.25; a=1,lw=0.8,r=0.025,w=0.25; a=1,lw=1,r=0.02,w=0.25"
five_level_weak_anharmonic,long_q10_leak10,0.03,combined,0.001,0.0005,45,0.9615267162097829,0.0026602492178909865,0.11191739952901969,0.03832998309757842,0.943550604006756,0.0026161426744018153,120,180.7534616687335,0.19095809691114612,2073,False,"q=10 continuation, leak 1.0",10,"a=0.8,lw=1.5,r=0.04,w=0.25; a=1,lw=0.8,r=0.025,w=0.25; a=1,lw=1,r=0.02,w=0.25"
five_level_weak_anharmonic,long_q10_leak10,0.03,combined,0.001,0.0005,46,0.8691042311739847,0.0026635916449969654,0.08027561359783597,0.13391069135408495,0.944875558698499,0.0026161426744018153,120,180.7534616687335,0.19095809691114612,2073,False,"q=10 continuation, leak 1.0",10,"a=0.8,lw=1.5,r=0.04,w=0.25; a=1,lw=0.8,r=0.025,w=0.25; a=1,lw=1,r=0.02,w=0.25"
five_level_weak_anharmonic,long_q10_leak10,0.03,combined,0.001,0.0005,47,0.9505888771323066,0.002781549785836779,0.09590281846921966,0.05800891439775812,0.9434612128325697,0.0026161426744018153,120,180.7534616687335,0.19095809691114612,2073,False,"q=10 continuation, leak 1.0",10,"a=0.8,lw=1.5,r=0.04,w=0.25; a=1,lw=0.8,r=0.025,w=0.25; a=1,lw=1,r=0.02,w=0.25"
five_level_weak_anharmonic,long_q10_leak10,0.03,combined,0.001,0.0005,48,0.674742143222552,0.0031990525517757717,0.10061183592492595,0.31377134314946226,0.9450980289293278,0.0026161426744018153,120,180.7534616687335,0.19095809691114612,2073,False,"q=10 continuation, leak 1.0",10,"a=0.8,lw=1.5,r=0.04,w=0.25; a=1,lw=0.8,r=0.025,w=0.25; a=1,lw=1,r=0.02,w=0.25"
five_level_weak_anharmonic,long_q10_leak10,0.03,combined,0.001,0.0005,49,0.9575376748744958,0.002177904071814174,0.09730632384321258,0.0464668197115728,0.9435410393979087,0.0026161426744018153,120,180.7534616687335,0.19095809691114612,2073,False,"q=10 continuation, leak 1.0",10,"a=0.8,lw=1.5,r=0.04,w=0.25; a=1,lw=0.8,r=0.025,w=0.25; a=1,lw=1,r=0.02,w=0.25"
five_level_weak_anharmonic,long_q10_leak10,0.03,combined,0.001,0.0005,50,0.9626342479528414,0.001744304187378365,0.0969548637933042,0.03395594527852602,0.9446919943885977,0.0026161426744018153,120,180.7534616687335,0.19095809691114612,2073,False,"q=10 continuation, leak 1.0",10,"a=0.8,lw=1.5,r=0.04,w=0.25; a=1,lw=0.8,r=0.025,w=0.25; a=1,lw=1,r=0.02,w=0.25"
five_level_weak_anharmonic,long_q10_leak10,0.03,combined,0.001,0.0005,51,0.9574397355428692,0.003974250895155795,0.09953990947067315,0.04130335658148998,0.9431354756770336,0.0026161426744018153,120,180.7534616687335,0.19095809691114612,2073,False,"q=10 continuation, leak 1.0",10,"a=0.8,lw=1.5,r=0.04,w=0.25; a=1,lw=0.8,r=0.025,w=0.25; a=1,lw=1,r=0.02,w=0.25"
five_level_weak_anharmonic,long_q10_leak10,0.03,combined,0.001,0.0005,52,0.9064093641198948,0.003280840181241751,0.09003684037010995,0.10428459901225226,0.9434831245908011,0.0026161426744018153,120,180.7534616687335,0.19095809691114612,2073,False,"q=10 continuation, leak 1.0",10,"a=0.8,lw=1.5,r=0.04,w=0.25; a=1,lw=0.8,r=0.025,w=0.25; a=1,lw=1,r=0.02,w=0.25"
five_level_weak_anharmonic,long_q10_leak10,0.03,combined,0.001,0.0005,53,0.9142653606669889,0.0029662497927313014,0.10332506967656574,0.078787101735468,0.9448884757685152,0.0026161426744018153,120,180.7534616687335,0.19095809691114612,2073,False,"q=10 continuation, leak 1.0",10,"a=0.8,lw=1.5,r=0.04,w=0.25; a=1,lw=0.8,r=0.025,w=0.25; a=1,lw=1,r=0.02,w=0.25"
five_level_weak_anharmonic,long_q10_leak10,0.03,combined,0.001,0.0005,54,0.9112441922781551,0.004668247286296334,0.11570019718485147,0.08491408423365203,0.9441455978134344,0.0026161426744018153,120,180.7534616687335,0.19095809691114612,2073,False,"q=10 continuation, leak 1.0",10,"a=0.8,lw=1.5,r=0.04,w=0.25; a=1,lw=0.8,r=0.025,w=0.25; a=1,lw=1,r=0.02,w=0.25"
five_level_weak_anharmonic,long_q10_leak10,0.03,combined,0.001,0.0005,55,0.9703493925527509,0.002501820415281353,0.10454416738534689,0.026781053394499387,0.9451473750240396,0.0026161426744018153,120,180.7534616687335,0.19095809691114612,2073,False,"q=10 continuation, leak 1.0",10,"a=0.8,lw=1.5,r=0.04,w=0.25; a=1,lw=0.8,r=0.025,w=0.25; a=1,lw=1,r=0.02,w=0.25"
five_level_weak_anharmonic,long_q10_leak10,0.03,combined,0.001,0.0005,56,0.9041311294403344,0.004228149851211116,0.09113262298284486,0.09582572411145537,0.9448292456392031,0.0026161426744018153,120,180.7534616687335,0.19095809691114612,2073,False,"q=10 continuation, leak 1.0",10,"a=0.8,lw=1.5,r=0.04,w=0.25; a=1,lw=0.8,r=0.025,w=0.25; a=1,lw=1,r=0.02,w=0.25"
five_level_weak_anharmonic,long_q10_leak10,0.03,combined,0.001,0.0005,57,0.9388721375147955,0.0018511579256450528,0.09492784428963674,0.042820900772407224,0.9437892568826057,0.0026161426744018153,120,180.7534616687335,0.19095809691114612,2073,False,"q=10 continuation, leak 1.0",10,"a=0.8,lw=1.5,r=0.04,w=0.25; a=1,lw=0.8,r=0.025,w=0.25; a=1,lw=1,r=0.02,w=0.25"
five_level_weak_anharmonic,long_q10_leak10,0.03,combined,0.001,0.0005,58,0.9383437458362771,0.0024648172824119907,0.08848541714056812,0.06226696402635718,0.9447839442484584,0.0026161426744018153,120,180.7534616687335,0.19095809691114612,2073,False,"q=10 continuation, leak 1.0",10,"a=0.8,lw=1.5,r=0.04,w=0.25; a=1,lw=0.8,r=0.025,w=0.25; a=1,lw=1,r=0.02,w=0.25"
five_level_weak_anharmonic,long_q10_leak10,0.03,combined,0.001,0.0005,59,0.7924252360473284,0.00227938019735785,0.10066248880806206,0.20937273118375133,0.9437933417044384,0.0026161426744018153,120,180.7534616687335,0.19095809691114612,2073,False,"q=10 continuation, leak 1.0",10,"a=0.8,lw=1.5,r=0.04,w=0.25; a=1,lw=0.8,r=0.025,w=0.25; a=1,lw=1,r=0.02,w=0.25"
