task,method,eval_strength,seed,final_fidelity,final_infidelity,pulse_energy,design_seconds,resource_profile,training_strengths
Z,beam_horizon,0.08,10,0.9978606264179473,0.0021393735820527393,4.9225,100.21364466287196,100 seg.; 8 train seeds; train delta 0.05/0.08; q=6; finite beam,"0.05,0.08"
Z,beam_horizon,0.08,11,0.9981874757312209,0.0018125242687790921,4.9225,100.21364466287196,100 seg.; 8 train seeds; train delta 0.05/0.08; q=6; finite beam,"0.05,0.08"
Z,beam_horizon,0.08,12,0.9978344398922905,0.002165560107709519,4.9225,100.21364466287196,100 seg.; 8 train seeds; train delta 0.05/0.08; q=6; finite beam,"0.05,0.08"
Z,beam_horizon,0.08,13,0.9949986668119927,0.005001333188007329,4.9225,100.21364466287196,100 seg.; 8 train seeds; train delta 0.05/0.08; q=6; finite beam,"0.05,0.08"
Z,beam_horizon,0.08,14,0.9972379308201622,0.0027620691798377894,4.9225,100.21364466287196,100 seg.; 8 train seeds; train delta 0.05/0.08; q=6; finite beam,"0.05,0.08"
Z,beam_horizon,0.08,15,0.9970802461220162,0.0029197538779838217,4.9225,100.21364466287196,100 seg.; 8 train seeds; train delta 0.05/0.08; q=6; finite beam,"0.05,0.08"
Z,beam_horizon,0.08,16,0.9985361971599993,0.0014638028400006942,4.9225,100.21364466287196,100 seg.; 8 train seeds; train delta 0.05/0.08; q=6; finite beam,"0.05,0.08"
Z,beam_horizon,0.08,17,0.9985176696929553,0.0014823303070446991,4.9225,100.21364466287196,100 seg.; 8 train seeds; train delta 0.05/0.08; q=6; finite beam,"0.05,0.08"
Z,beam_horizon,0.08,18,0.9949855666789057,0.005014433321094303,4.9225,100.21364466287196,100 seg.; 8 train seeds; train delta 0.05/0.08; q=6; finite beam,"0.05,0.08"
Z,beam_horizon,0.08,19,0.99710656461026,0.0028934353897399623,4.9225,100.21364466287196,100 seg.; 8 train seeds; train delta 0.05/0.08; q=6; finite beam,"0.05,0.08"
Z,beam_horizon,0.08,20,0.9983613695667575,0.0016386304332425272,4.9225,100.21364466287196,100 seg.; 8 train seeds; train delta 0.05/0.08; q=6; finite beam,"0.05,0.08"
Z,beam_horizon,0.08,21,0.9972120035801539,0.0027879964198460616,4.9225,100.21364466287196,100 seg.; 8 train seeds; train delta 0.05/0.08; q=6; finite beam,"0.05,0.08"
Z,beam_horizon,0.08,22,0.9975293581968212,0.002470641803178797,4.9225,100.21364466287196,100 seg.; 8 train seeds; train delta 0.05/0.08; q=6; finite beam,"0.05,0.08"
Z,beam_horizon,0.08,23,0.9986976193094766,0.0013023806905233526,4.9225,100.21364466287196,100 seg.; 8 train seeds; train delta 0.05/0.08; q=6; finite beam,"0.05,0.08"
Z,beam_horizon,0.08,24,0.9984591340411166,0.001540865958883364,4.9225,100.21364466287196,100 seg.; 8 train seeds; train delta 0.05/0.08; q=6; finite beam,"0.05,0.08"
Z,beam_horizon,0.08,25,0.9984927172897539,0.0015072827102461384,4.9225,100.21364466287196,100 seg.; 8 train seeds; train delta 0.05/0.08; q=6; finite beam,"0.05,0.08"
Z,beam_horizon,0.08,26,0.9952271802724112,0.004772819727588806,4.9225,100.21364466287196,100 seg.; 8 train seeds; train delta 0.05/0.08; q=6; finite beam,"0.05,0.08"
Z,beam_horizon,0.08,27,0.9991018799607582,0.0008981200392418343,4.9225,100.21364466287196,100 seg.; 8 train seeds; train delta 0.05/0.08; q=6; finite beam,"0.05,0.08"
Z,beam_horizon,0.08,28,0.9989650179467164,0.0010349820532835619,4.9225,100.21364466287196,100 seg.; 8 train seeds; train delta 0.05/0.08; q=6; finite beam,"0.05,0.08"
Z,beam_horizon,0.08,29,0.999056014222955,0.00094398577704502,4.9225,100.21364466287196,100 seg.; 8 train seeds; train delta 0.05/0.08; q=6; finite beam,"0.05,0.08"
Z,beam_horizon,0.08,30,0.9982740401980201,0.0017259598019798705,4.9225,100.21364466287196,100 seg.; 8 train seeds; train delta 0.05/0.08; q=6; finite beam,"0.05,0.08"
Z,beam_horizon,0.08,31,0.9986230287441766,0.001376971255823367,4.9225,100.21364466287196,100 seg.; 8 train seeds; train delta 0.05/0.08; q=6; finite beam,"0.05,0.08"
Z,beam_horizon,0.08,32,0.998085926714253,0.0019140732857469978,4.9225,100.21364466287196,100 seg.; 8 train seeds; train delta 0.05/0.08; q=6; finite beam,"0.05,0.08"
Z,beam_horizon,0.08,33,0.9962940037135054,0.003705996286494595,4.9225,100.21364466287196,100 seg.; 8 train seeds; train delta 0.05/0.08; q=6; finite beam,"0.05,0.08"
Z,beam_horizon,0.08,34,0.9970371021212118,0.0029628978787882287,4.9225,100.21364466287196,100 seg.; 8 train seeds; train delta 0.05/0.08; q=6; finite beam,"0.05,0.08"
Z,beam_horizon,0.08,35,0.9984699997057063,0.0015300002942937319,4.9225,100.21364466287196,100 seg.; 8 train seeds; train delta 0.05/0.08; q=6; finite beam,"0.05,0.08"
Z,beam_horizon,0.08,36,0.9986087324697019,0.001391267530298057,4.9225,100.21364466287196,100 seg.; 8 train seeds; train delta 0.05/0.08; q=6; finite beam,"0.05,0.08"
Z,beam_horizon,0.08,37,0.9980318636956158,0.0019681363043841937,4.9225,100.21364466287196,100 seg.; 8 train seeds; train delta 0.05/0.08; q=6; finite beam,"0.05,0.08"
Z,beam_horizon,0.08,38,0.9990167558640621,0.0009832441359378663,4.9225,100.21364466287196,100 seg.; 8 train seeds; train delta 0.05/0.08; q=6; finite beam,"0.05,0.08"
Z,beam_horizon,0.08,39,0.9977124775654787,0.0022875224345213496,4.9225,100.21364466287196,100 seg.; 8 train seeds; train delta 0.05/0.08; q=6; finite beam,"0.05,0.08"
Z,beam_horizon,0.08,40,0.9969948463052327,0.003005153694767282,4.9225,100.21364466287196,100 seg.; 8 train seeds; train delta 0.05/0.08; q=6; finite beam,"0.05,0.08"
Z,beam_horizon,0.08,41,0.9987904874264775,0.001209512573522531,4.9225,100.21364466287196,100 seg.; 8 train seeds; train delta 0.05/0.08; q=6; finite beam,"0.05,0.08"
Z,beam_horizon,0.08,42,0.9951589327732334,0.004841067226766582,4.9225,100.21364466287196,100 seg.; 8 train seeds; train delta 0.05/0.08; q=6; finite beam,"0.05,0.08"
Z,beam_horizon,0.08,43,0.996812813402671,0.0031871865973289726,4.9225,100.21364466287196,100 seg.; 8 train seeds; train delta 0.05/0.08; q=6; finite beam,"0.05,0.08"
Z,beam_horizon,0.08,44,0.9990100493692864,0.0009899506307136097,4.9225,100.21364466287196,100 seg.; 8 train seeds; train delta 0.05/0.08; q=6; finite beam,"0.05,0.08"
Z,beam_horizon,0.08,45,0.9953924807845294,0.004607519215470646,4.9225,100.21364466287196,100 seg.; 8 train seeds; train delta 0.05/0.08; q=6; finite beam,"0.05,0.08"
Z,beam_horizon,0.08,46,0.9962027110584144,0.003797288941585597,4.9225,100.21364466287196,100 seg.; 8 train seeds; train delta 0.05/0.08; q=6; finite beam,"0.05,0.08"
Z,beam_horizon,0.08,47,0.999071209564032,0.0009287904359680521,4.9225,100.21364466287196,100 seg.; 8 train seeds; train delta 0.05/0.08; q=6; finite beam,"0.05,0.08"
Z,beam_horizon,0.08,48,0.9963783456719386,0.0036216543280613855,4.9225,100.21364466287196,100 seg.; 8 train seeds; train delta 0.05/0.08; q=6; finite beam,"0.05,0.08"
Z,beam_horizon,0.08,49,0.9970568435710021,0.002943156428997895,4.9225,100.21364466287196,100 seg.; 8 train seeds; train delta 0.05/0.08; q=6; finite beam,"0.05,0.08"
Z,beam_horizon,0.08,50,0.9969803055579876,0.003019694442012444,4.9225,100.21364466287196,100 seg.; 8 train seeds; train delta 0.05/0.08; q=6; finite beam,"0.05,0.08"
Z,beam_horizon,0.08,51,0.9959237726963537,0.004076227303646318,4.9225,100.21364466287196,100 seg.; 8 train seeds; train delta 0.05/0.08; q=6; finite beam,"0.05,0.08"
Z,beam_horizon,0.08,52,0.9987133029804487,0.0012866970195513083,4.9225,100.21364466287196,100 seg.; 8 train seeds; train delta 0.05/0.08; q=6; finite beam,"0.05,0.08"
Z,beam_horizon,0.08,53,0.9958707684143513,0.004129231585648707,4.9225,100.21364466287196,100 seg.; 8 train seeds; train delta 0.05/0.08; q=6; finite beam,"0.05,0.08"
Z,beam_horizon,0.08,54,0.9981838073184552,0.0018161926815447593,4.9225,100.21364466287196,100 seg.; 8 train seeds; train delta 0.05/0.08; q=6; finite beam,"0.05,0.08"
Z,beam_horizon,0.08,55,0.9939664005503894,0.006033599449610572,4.9225,100.21364466287196,100 seg.; 8 train seeds; train delta 0.05/0.08; q=6; finite beam,"0.05,0.08"
Z,beam_horizon,0.08,56,0.9986252728790219,0.001374727120978081,4.9225,100.21364466287196,100 seg.; 8 train seeds; train delta 0.05/0.08; q=6; finite beam,"0.05,0.08"
Z,beam_horizon,0.08,57,0.9989856724166021,0.0010143275833979226,4.9225,100.21364466287196,100 seg.; 8 train seeds; train delta 0.05/0.08; q=6; finite beam,"0.05,0.08"
Z,beam_horizon,0.08,58,0.999031070848346,0.0009689291516540299,4.9225,100.21364466287196,100 seg.; 8 train seeds; train delta 0.05/0.08; q=6; finite beam,"0.05,0.08"
Z,beam_horizon,0.08,59,0.9983271867956677,0.001672813204332324,4.9225,100.21364466287196,100 seg.; 8 train seeds; train delta 0.05/0.08; q=6; finite beam,"0.05,0.08"
Z,beam_horizon,0.1,10,0.9972604261446474,0.002739573855352617,4.9225,100.21364466287196,100 seg.; 8 train seeds; train delta 0.05/0.08; q=6; finite beam,"0.05,0.08"
Z,beam_horizon,0.1,11,0.9975297814038324,0.0024702185961675838,4.9225,100.21364466287196,100 seg.; 8 train seeds; train delta 0.05/0.08; q=6; finite beam,"0.05,0.08"
Z,beam_horizon,0.1,12,0.9969517333849268,0.0030482666150731808,4.9225,100.21364466287196,100 seg.; 8 train seeds; train delta 0.05/0.08; q=6; finite beam,"0.05,0.08"
Z,beam_horizon,0.1,13,0.9931774613230776,0.006822538676922396,4.9225,100.21364466287196,100 seg.; 8 train seeds; train delta 0.05/0.08; q=6; finite beam,"0.05,0.08"
Z,beam_horizon,0.1,14,0.9962651648372193,0.0037348351627807252,4.9225,100.21364466287196,100 seg.; 8 train seeds; train delta 0.05/0.08; q=6; finite beam,"0.05,0.08"
Z,beam_horizon,0.1,15,0.9962230350426926,0.003776964957307394,4.9225,100.21364466287196,100 seg.; 8 train seeds; train delta 0.05/0.08; q=6; finite beam,"0.05,0.08"
Z,beam_horizon,0.1,16,0.9981160452332394,0.0018839547667606205,4.9225,100.21364466287196,100 seg.; 8 train seeds; train delta 0.05/0.08; q=6; finite beam,"0.05,0.08"
Z,beam_horizon,0.1,17,0.9979833137513173,0.0020166862486826753,4.9225,100.21364466287196,100 seg.; 8 train seeds; train delta 0.05/0.08; q=6; finite beam,"0.05,0.08"
Z,beam_horizon,0.1,18,0.9931747202033555,0.00682527979664449,4.9225,100.21364466287196,100 seg.; 8 train seeds; train delta 0.05/0.08; q=6; finite beam,"0.05,0.08"
Z,beam_horizon,0.1,19,0.9957190921296596,0.004280907870340411,4.9225,100.21364466287196,100 seg.; 8 train seeds; train delta 0.05/0.08; q=6; finite beam,"0.05,0.08"
Z,beam_horizon,0.1,20,0.9978168720551197,0.002183127944880292,4.9225,100.21364466287196,100 seg.; 8 train seeds; train delta 0.05/0.08; q=6; finite beam,"0.05,0.08"
Z,beam_horizon,0.1,21,0.995727290292332,0.004272709707668021,4.9225,100.21364466287196,100 seg.; 8 train seeds; train delta 0.05/0.08; q=6; finite beam,"0.05,0.08"
Z,beam_horizon,0.1,22,0.9967389434733248,0.003261056526675188,4.9225,100.21364466287196,100 seg.; 8 train seeds; train delta 0.05/0.08; q=6; finite beam,"0.05,0.08"
Z,beam_horizon,0.1,23,0.9982678306795382,0.0017321693204618294,4.9225,100.21364466287196,100 seg.; 8 train seeds; train delta 0.05/0.08; q=6; finite beam,"0.05,0.08"
Z,beam_horizon,0.1,24,0.99791247427681,0.0020875257231900424,4.9225,100.21364466287196,100 seg.; 8 train seeds; train delta 0.05/0.08; q=6; finite beam,"0.05,0.08"
Z,beam_horizon,0.1,25,0.9980634045502355,0.0019365954497645443,4.9225,100.21364466287196,100 seg.; 8 train seeds; train delta 0.05/0.08; q=6; finite beam,"0.05,0.08"
Z,beam_horizon,0.1,26,0.9934837150005561,0.0065162849994439,4.9225,100.21364466287196,100 seg.; 8 train seeds; train delta 0.05/0.08; q=6; finite beam,"0.05,0.08"
Z,beam_horizon,0.1,27,0.9989781084318825,0.0010218915681174945,4.9225,100.21364466287196,100 seg.; 8 train seeds; train delta 0.05/0.08; q=6; finite beam,"0.05,0.08"
Z,beam_horizon,0.1,28,0.9987862290088163,0.0012137709911836936,4.9225,100.21364466287196,100 seg.; 8 train seeds; train delta 0.05/0.08; q=6; finite beam,"0.05,0.08"
Z,beam_horizon,0.1,29,0.9989134213204082,0.001086578679591832,4.9225,100.21364466287196,100 seg.; 8 train seeds; train delta 0.05/0.08; q=6; finite beam,"0.05,0.08"
Z,beam_horizon,0.1,30,0.9975334012754811,0.0024665987245189314,4.9225,100.21364466287196,100 seg.; 8 train seeds; train delta 0.05/0.08; q=6; finite beam,"0.05,0.08"
Z,beam_horizon,0.1,31,0.998288190235603,0.0017118097643969987,4.9225,100.21364466287196,100 seg.; 8 train seeds; train delta 0.05/0.08; q=6; finite beam,"0.05,0.08"
Z,beam_horizon,0.1,32,0.9972158735730543,0.002784126426945699,4.9225,100.21364466287196,100 seg.; 8 train seeds; train delta 0.05/0.08; q=6; finite beam,"0.05,0.08"
Z,beam_horizon,0.1,33,0.9951294992366779,0.004870500763322072,4.9225,100.21364466287196,100 seg.; 8 train seeds; train delta 0.05/0.08; q=6; finite beam,"0.05,0.08"
Z,beam_horizon,0.1,34,0.9961998886429755,0.003800111357024516,4.9225,100.21364466287196,100 seg.; 8 train seeds; train delta 0.05/0.08; q=6; finite beam,"0.05,0.08"
Z,beam_horizon,0.1,35,0.9979931421780224,0.0020068578219776256,4.9225,100.21364466287196,100 seg.; 8 train seeds; train delta 0.05/0.08; q=6; finite beam,"0.05,0.08"
Z,beam_horizon,0.1,36,0.998400041223406,0.0015999587765940237,4.9225,100.21364466287196,100 seg.; 8 train seeds; train delta 0.05/0.08; q=6; finite beam,"0.05,0.08"
Z,beam_horizon,0.1,37,0.9974581327087114,0.00254186729128858,4.9225,100.21364466287196,100 seg.; 8 train seeds; train delta 0.05/0.08; q=6; finite beam,"0.05,0.08"
Z,beam_horizon,0.1,38,0.9989376452182511,0.0010623547817488754,4.9225,100.21364466287196,100 seg.; 8 train seeds; train delta 0.05/0.08; q=6; finite beam,"0.05,0.08"
Z,beam_horizon,0.1,39,0.996748979159698,0.0032510208403020435,4.9225,100.21364466287196,100 seg.; 8 train seeds; train delta 0.05/0.08; q=6; finite beam,"0.05,0.08"
Z,beam_horizon,0.1,40,0.9959505259290914,0.00404947407090861,4.9225,100.21364466287196,100 seg.; 8 train seeds; train delta 0.05/0.08; q=6; finite beam,"0.05,0.08"
Z,beam_horizon,0.1,41,0.998472854719141,0.0015271452808589547,4.9225,100.21364466287196,100 seg.; 8 train seeds; train delta 0.05/0.08; q=6; finite beam,"0.05,0.08"
Z,beam_horizon,0.1,42,0.9934608124970987,0.006539187502901278,4.9225,100.21364466287196,100 seg.; 8 train seeds; train delta 0.05/0.08; q=6; finite beam,"0.05,0.08"
Z,beam_horizon,0.1,43,0.9950542029954065,0.004945797004593522,4.9225,100.21364466287196,100 seg.; 8 train seeds; train delta 0.05/0.08; q=6; finite beam,"0.05,0.08"
Z,beam_horizon,0.1,44,0.9989424930152015,0.0010575069847984508,4.9225,100.21364466287196,100 seg.; 8 train seeds; train delta 0.05/0.08; q=6; finite beam,"0.05,0.08"
Z,beam_horizon,0.1,45,0.9936910517875798,0.006308948212420229,4.9225,100.21364466287196,100 seg.; 8 train seeds; train delta 0.05/0.08; q=6; finite beam,"0.05,0.08"
Z,beam_horizon,0.1,46,0.9941030654744027,0.005896934525597253,4.9225,100.21364466287196,100 seg.; 8 train seeds; train delta 0.05/0.08; q=6; finite beam,"0.05,0.08"
Z,beam_horizon,0.1,47,0.99898116432916,0.001018835670840046,4.9225,100.21364466287196,100 seg.; 8 train seeds; train delta 0.05/0.08; q=6; finite beam,"0.05,0.08"
Z,beam_horizon,0.1,48,0.994495264306928,0.0055047356930719715,4.9225,100.21364466287196,100 seg.; 8 train seeds; train delta 0.05/0.08; q=6; finite beam,"0.05,0.08"
Z,beam_horizon,0.1,49,0.9956022886291,0.004397711370899948,4.9225,100.21364466287196,100 seg.; 8 train seeds; train delta 0.05/0.08; q=6; finite beam,"0.05,0.08"
Z,beam_horizon,0.1,50,0.9961207838509958,0.0038792161490042165,4.9225,100.21364466287196,100 seg.; 8 train seeds; train delta 0.05/0.08; q=6; finite beam,"0.05,0.08"
Z,beam_horizon,0.1,51,0.9944681815377887,0.005531818462211291,4.9225,100.21364466287196,100 seg.; 8 train seeds; train delta 0.05/0.08; q=6; finite beam,"0.05,0.08"
Z,beam_horizon,0.1,52,0.9983072795517804,0.0016927204482195535,4.9225,100.21364466287196,100 seg.; 8 train seeds; train delta 0.05/0.08; q=6; finite beam,"0.05,0.08"
Z,beam_horizon,0.1,53,0.9945175188303514,0.0054824811696485565,4.9225,100.21364466287196,100 seg.; 8 train seeds; train delta 0.05/0.08; q=6; finite beam,"0.05,0.08"
Z,beam_horizon,0.1,54,0.9978105137704455,0.0021894862295545048,4.9225,100.21364466287196,100 seg.; 8 train seeds; train delta 0.05/0.08; q=6; finite beam,"0.05,0.08"
Z,beam_horizon,0.1,55,0.9914817683906717,0.008518231609328297,4.9225,100.21364466287196,100 seg.; 8 train seeds; train delta 0.05/0.08; q=6; finite beam,"0.05,0.08"
Z,beam_horizon,0.1,56,0.998369963472892,0.0016300365271080253,4.9225,100.21364466287196,100 seg.; 8 train seeds; train delta 0.05/0.08; q=6; finite beam,"0.05,0.08"
Z,beam_horizon,0.1,57,0.9988806195152904,0.001119380484709609,4.9225,100.21364466287196,100 seg.; 8 train seeds; train delta 0.05/0.08; q=6; finite beam,"0.05,0.08"
Z,beam_horizon,0.1,58,0.9989197484786851,0.0010802515213148567,4.9225,100.21364466287196,100 seg.; 8 train seeds; train delta 0.05/0.08; q=6; finite beam,"0.05,0.08"
Z,beam_horizon,0.1,59,0.9977555326279695,0.0022444673720305452,4.9225,100.21364466287196,100 seg.; 8 train seeds; train delta 0.05/0.08; q=6; finite beam,"0.05,0.08"
Z,beam_horizon,0.12,10,0.9965287184055389,0.003471281594461084,4.9225,100.21364466287196,100 seg.; 8 train seeds; train delta 0.05/0.08; q=6; finite beam,"0.05,0.08"
Z,beam_horizon,0.12,11,0.9967540381851698,0.003245961814830167,4.9225,100.21364466287196,100 seg.; 8 train seeds; train delta 0.05/0.08; q=6; finite beam,"0.05,0.08"
Z,beam_horizon,0.12,12,0.9959007898604113,0.004099210139588694,4.9225,100.21364466287196,100 seg.; 8 train seeds; train delta 0.05/0.08; q=6; finite beam,"0.05,0.08"
Z,beam_horizon,0.12,13,0.9911136166817901,0.0088863833182099,4.9225,100.21364466287196,100 seg.; 8 train seeds; train delta 0.05/0.08; q=6; finite beam,"0.05,0.08"
Z,beam_horizon,0.12,14,0.9950633713336413,0.004936628666358689,4.9225,100.21364466287196,100 seg.; 8 train seeds; train delta 0.05/0.08; q=6; finite beam,"0.05,0.08"
Z,beam_horizon,0.12,15,0.9952670320815062,0.004732967918493758,4.9225,100.21364466287196,100 seg.; 8 train seeds; train delta 0.05/0.08; q=6; finite beam,"0.05,0.08"
Z,beam_horizon,0.12,16,0.9976092127297376,0.002390787270262429,4.9225,100.21364466287196,100 seg.; 8 train seeds; train delta 0.05/0.08; q=6; finite beam,"0.05,0.08"
Z,beam_horizon,0.12,17,0.9972609344479069,0.002739065552093134,4.9225,100.21364466287196,100 seg.; 8 train seeds; train delta 0.05/0.08; q=6; finite beam,"0.05,0.08"
Z,beam_horizon,0.12,18,0.9911398281964018,0.008860171803598216,4.9225,100.21364466287196,100 seg.; 8 train seeds; train delta 0.05/0.08; q=6; finite beam,"0.05,0.08"
Z,beam_horizon,0.12,19,0.9940149448810451,0.005985055118954863,4.9225,100.21364466287196,100 seg.; 8 train seeds; train delta 0.05/0.08; q=6; finite beam,"0.05,0.08"
Z,beam_horizon,0.12,20,0.9971714051800081,0.00282859481999187,4.9225,100.21364466287196,100 seg.; 8 train seeds; train delta 0.05/0.08; q=6; finite beam,"0.05,0.08"
Z,beam_horizon,0.12,21,0.9937975676573951,0.006202432342604869,4.9225,100.21364466287196,100 seg.; 8 train seeds; train delta 0.05/0.08; q=6; finite beam,"0.05,0.08"
Z,beam_horizon,0.12,22,0.9957613174158151,0.004238682584184916,4.9225,100.21364466287196,100 seg.; 8 train seeds; train delta 0.05/0.08; q=6; finite beam,"0.05,0.08"
Z,beam_horizon,0.12,23,0.997682694865532,0.0023173051344680395,4.9225,100.21364466287196,100 seg.; 8 train seeds; train delta 0.05/0.08; q=6; finite beam,"0.05,0.08"
Z,beam_horizon,0.12,24,0.9971833154427254,0.0028166845572745736,4.9225,100.21364466287196,100 seg.; 8 train seeds; train delta 0.05/0.08; q=6; finite beam,"0.05,0.08"
Z,beam_horizon,0.12,25,0.9975149191309567,0.00248508086904331,4.9225,100.21364466287196,100 seg.; 8 train seeds; train delta 0.05/0.08; q=6; finite beam,"0.05,0.08"
Z,beam_horizon,0.12,26,0.9914955777734396,0.008504422226560449,4.9225,100.21364466287196,100 seg.; 8 train seeds; train delta 0.05/0.08; q=6; finite beam,"0.05,0.08"
Z,beam_horizon,0.12,27,0.9988149645852584,0.0011850354147415754,4.9225,100.21364466287196,100 seg.; 8 train seeds; train delta 0.05/0.08; q=6; finite beam,"0.05,0.08"
Z,beam_horizon,0.12,28,0.9985358552576372,0.001464144742362783,4.9225,100.21364466287196,100 seg.; 8 train seeds; train delta 0.05/0.08; q=6; finite beam,"0.05,0.08"
Z,beam_horizon,0.12,29,0.998705752245969,0.001294247754030975,4.9225,100.21364466287196,100 seg.; 8 train seeds; train delta 0.05/0.08; q=6; finite beam,"0.05,0.08"
Z,beam_horizon,0.12,30,0.99653358464644,0.0034664153535599596,4.9225,100.21364466287196,100 seg.; 8 train seeds; train delta 0.05/0.08; q=6; finite beam,"0.05,0.08"
Z,beam_horizon,0.12,31,0.997886827089161,0.002113172910839012,4.9225,100.21364466287196,100 seg.; 8 train seeds; train delta 0.05/0.08; q=6; finite beam,"0.05,0.08"
Z,beam_horizon,0.12,32,0.9960731639606416,0.0039268360393583945,4.9225,100.21364466287196,100 seg.; 8 train seeds; train delta 0.05/0.08; q=6; finite beam,"0.05,0.08"
Z,beam_horizon,0.12,33,0.9938485288393015,0.006151471160698474,4.9225,100.21364466287196,100 seg.; 8 train seeds; train delta 0.05/0.08; q=6; finite beam,"0.05,0.08"
Z,beam_horizon,0.12,34,0.9952939419486447,0.004706058051355266,4.9225,100.21364466287196,100 seg.; 8 train seeds; train delta 0.05/0.08; q=6; finite beam,"0.05,0.08"
Z,beam_horizon,0.12,35,0.9974022661919228,0.0025977338080771517,4.9225,100.21364466287196,100 seg.; 8 train seeds; train delta 0.05/0.08; q=6; finite beam,"0.05,0.08"
Z,beam_horizon,0.12,36,0.9981627664589925,0.0018372335410075102,4.9225,100.21364466287196,100 seg.; 8 train seeds; train delta 0.05/0.08; q=6; finite beam,"0.05,0.08"
Z,beam_horizon,0.12,37,0.9967568780582385,0.003243121941761462,4.9225,100.21364466287196,100 seg.; 8 train seeds; train delta 0.05/0.08; q=6; finite beam,"0.05,0.08"
Z,beam_horizon,0.12,38,0.9988392163878332,0.0011607836121667603,4.9225,100.21364466287196,100 seg.; 8 train seeds; train delta 0.05/0.08; q=6; finite beam,"0.05,0.08"
Z,beam_horizon,0.12,39,0.995597727357656,0.004402272642344052,4.9225,100.21364466287196,100 seg.; 8 train seeds; train delta 0.05/0.08; q=6; finite beam,"0.05,0.08"
Z,beam_horizon,0.12,40,0.9946770245860757,0.005322975413924347,4.9225,100.21364466287196,100 seg.; 8 train seeds; train delta 0.05/0.08; q=6; finite beam,"0.05,0.08"
Z,beam_horizon,0.12,41,0.998040492754269,0.001959507245731018,4.9225,100.21364466287196,100 seg.; 8 train seeds; train delta 0.05/0.08; q=6; finite beam,"0.05,0.08"
Z,beam_horizon,0.12,42,0.991570015318181,0.008429984681818992,4.9225,100.21364466287196,100 seg.; 8 train seeds; train delta 0.05/0.08; q=6; finite beam,"0.05,0.08"
Z,beam_horizon,0.12,43,0.9927657120137252,0.00723428798627479,4.9225,100.21364466287196,100 seg.; 8 train seeds; train delta 0.05/0.08; q=6; finite beam,"0.05,0.08"
Z,beam_horizon,0.12,44,0.9988626229750889,0.0011373770249111237,4.9225,100.21364466287196,100 seg.; 8 train seeds; train delta 0.05/0.08; q=6; finite beam,"0.05,0.08"
Z,beam_horizon,0.12,45,0.9917272620597785,0.008272737940221542,4.9225,100.21364466287196,100 seg.; 8 train seeds; train delta 0.05/0.08; q=6; finite beam,"0.05,0.08"
Z,beam_horizon,0.12,46,0.9914289685157561,0.008571031484243874,4.9225,100.21364466287196,100 seg.; 8 train seeds; train delta 0.05/0.08; q=6; finite beam,"0.05,0.08"
Z,beam_horizon,0.12,47,0.9988734508213978,0.0011265491786022208,4.9225,100.21364466287196,100 seg.; 8 train seeds; train delta 0.05/0.08; q=6; finite beam,"0.05,0.08"
Z,beam_horizon,0.12,48,0.9921572816214824,0.007842718378517577,4.9225,100.21364466287196,100 seg.; 8 train seeds; train delta 0.05/0.08; q=6; finite beam,"0.05,0.08"
Z,beam_horizon,0.12,49,0.9937912568374445,0.006208743162555486,4.9225,100.21364466287196,100 seg.; 8 train seeds; train delta 0.05/0.08; q=6; finite beam,"0.05,0.08"
Z,beam_horizon,0.12,50,0.9951806856142695,0.0048193143857304666,4.9225,100.21364466287196,100 seg.; 8 train seeds; train delta 0.05/0.08; q=6; finite beam,"0.05,0.08"
Z,beam_horizon,0.12,51,0.9927840915154236,0.007215908484576428,4.9225,100.21364466287196,100 seg.; 8 train seeds; train delta 0.05/0.08; q=6; finite beam,"0.05,0.08"
Z,beam_horizon,0.12,52,0.9977524846084729,0.0022475153915271218,4.9225,100.21364466287196,100 seg.; 8 train seeds; train delta 0.05/0.08; q=6; finite beam,"0.05,0.08"
Z,beam_horizon,0.12,53,0.9930316502278301,0.006968349772169868,4.9225,100.21364466287196,100 seg.; 8 train seeds; train delta 0.05/0.08; q=6; finite beam,"0.05,0.08"
Z,beam_horizon,0.12,54,0.9974144809813426,0.002585519018657445,4.9225,100.21364466287196,100 seg.; 8 train seeds; train delta 0.05/0.08; q=6; finite beam,"0.05,0.08"
Z,beam_horizon,0.12,55,0.9885448371919534,0.011455162808046593,4.9225,100.21364466287196,100 seg.; 8 train seeds; train delta 0.05/0.08; q=6; finite beam,"0.05,0.08"
Z,beam_horizon,0.12,56,0.9980818614478985,0.0019181385521015448,4.9225,100.21364466287196,100 seg.; 8 train seeds; train delta 0.05/0.08; q=6; finite beam,"0.05,0.08"
Z,beam_horizon,0.12,57,0.9987604719211713,0.0012395280788286556,4.9225,100.21364466287196,100 seg.; 8 train seeds; train delta 0.05/0.08; q=6; finite beam,"0.05,0.08"
Z,beam_horizon,0.12,58,0.998786249449024,0.001213750550975945,4.9225,100.21364466287196,100 seg.; 8 train seeds; train delta 0.05/0.08; q=6; finite beam,"0.05,0.08"
Z,beam_horizon,0.12,59,0.9970659992584158,0.0029340007415842306,4.9225,100.21364466287196,100 seg.; 8 train seeds; train delta 0.05/0.08; q=6; finite beam,"0.05,0.08"
Z,dcrab_train8,0.08,10,0.9999214994059495,7.850059405045684e-05,8.604365601999506,51.09397460683249,40 seg.; 8 train seeds; train delta 0.08; 3 Fourier modes; 3 refreshes,0.08
Z,dcrab_train8,0.08,11,0.99994429757516,5.570242483998733e-05,8.604365601999506,51.09397460683249,40 seg.; 8 train seeds; train delta 0.08; 3 Fourier modes; 3 refreshes,0.08
Z,dcrab_train8,0.08,12,0.999912180688018,8.781931198198478e-05,8.604365601999506,51.09397460683249,40 seg.; 8 train seeds; train delta 0.08; 3 Fourier modes; 3 refreshes,0.08
Z,dcrab_train8,0.08,13,0.9997191024644074,0.00028089753559257247,8.604365601999506,51.09397460683249,40 seg.; 8 train seeds; train delta 0.08; 3 Fourier modes; 3 refreshes,0.08
Z,dcrab_train8,0.08,14,0.999907941747402,9.205825259794853e-05,8.604365601999506,51.09397460683249,40 seg.; 8 train seeds; train delta 0.08; 3 Fourier modes; 3 refreshes,0.08
Z,dcrab_train8,0.08,15,0.9997403364746748,0.00025966352532524883,8.604365601999506,51.09397460683249,40 seg.; 8 train seeds; train delta 0.08; 3 Fourier modes; 3 refreshes,0.08
Z,dcrab_train8,0.08,16,0.9996014249224789,0.00039857507752105725,8.604365601999506,51.09397460683249,40 seg.; 8 train seeds; train delta 0.08; 3 Fourier modes; 3 refreshes,0.08
Z,dcrab_train8,0.08,17,0.9996259950895761,0.0003740049104239418,8.604365601999506,51.09397460683249,40 seg.; 8 train seeds; train delta 0.08; 3 Fourier modes; 3 refreshes,0.08
Z,dcrab_train8,0.08,18,0.9999242460043041,7.575399569592633e-05,8.604365601999506,51.09397460683249,40 seg.; 8 train seeds; train delta 0.08; 3 Fourier modes; 3 refreshes,0.08
Z,dcrab_train8,0.08,19,0.9996072410311285,0.0003927589688714761,8.604365601999506,51.09397460683249,40 seg.; 8 train seeds; train delta 0.08; 3 Fourier modes; 3 refreshes,0.08
Z,dcrab_train8,0.08,20,0.9998578653914241,0.00014213460857592786,8.604365601999506,51.09397460683249,40 seg.; 8 train seeds; train delta 0.08; 3 Fourier modes; 3 refreshes,0.08
Z,dcrab_train8,0.08,21,0.9997881999610164,0.00021180003898357835,8.604365601999506,51.09397460683249,40 seg.; 8 train seeds; train delta 0.08; 3 Fourier modes; 3 refreshes,0.08
Z,dcrab_train8,0.08,22,0.9999724464913762,2.755350862382322e-05,8.604365601999506,51.09397460683249,40 seg.; 8 train seeds; train delta 0.08; 3 Fourier modes; 3 refreshes,0.08
Z,dcrab_train8,0.08,23,0.9998276964979725,0.00017230350202745992,8.604365601999506,51.09397460683249,40 seg.; 8 train seeds; train delta 0.08; 3 Fourier modes; 3 refreshes,0.08
Z,dcrab_train8,0.08,24,0.9995814777921344,0.00041852220786564587,8.604365601999506,51.09397460683249,40 seg.; 8 train seeds; train delta 0.08; 3 Fourier modes; 3 refreshes,0.08
Z,dcrab_train8,0.08,25,0.9996769790140374,0.00032302098596259654,8.604365601999506,51.09397460683249,40 seg.; 8 train seeds; train delta 0.08; 3 Fourier modes; 3 refreshes,0.08
Z,dcrab_train8,0.08,26,0.999997003075171,2.996924828968517e-06,8.604365601999506,51.09397460683249,40 seg.; 8 train seeds; train delta 0.08; 3 Fourier modes; 3 refreshes,0.08
Z,dcrab_train8,0.08,27,0.9999585265111098,4.147348889016467e-05,8.604365601999506,51.09397460683249,40 seg.; 8 train seeds; train delta 0.08; 3 Fourier modes; 3 refreshes,0.08
Z,dcrab_train8,0.08,28,0.999056821989495,0.0009431780105050303,8.604365601999506,51.09397460683249,40 seg.; 8 train seeds; train delta 0.08; 3 Fourier modes; 3 refreshes,0.08
Z,dcrab_train8,0.08,29,0.9993325129720241,0.0006674870279759215,8.604365601999506,51.09397460683249,40 seg.; 8 train seeds; train delta 0.08; 3 Fourier modes; 3 refreshes,0.08
Z,dcrab_train8,0.08,30,0.999629486822799,0.00037051317720104837,8.604365601999506,51.09397460683249,40 seg.; 8 train seeds; train delta 0.08; 3 Fourier modes; 3 refreshes,0.08
Z,dcrab_train8,0.08,31,0.9995324423905619,0.0004675576094380629,8.604365601999506,51.09397460683249,40 seg.; 8 train seeds; train delta 0.08; 3 Fourier modes; 3 refreshes,0.08
Z,dcrab_train8,0.08,32,0.9998897025859683,0.00011029741403167925,8.604365601999506,51.09397460683249,40 seg.; 8 train seeds; train delta 0.08; 3 Fourier modes; 3 refreshes,0.08
Z,dcrab_train8,0.08,33,0.9995359344245941,0.0004640655754059031,8.604365601999506,51.09397460683249,40 seg.; 8 train seeds; train delta 0.08; 3 Fourier modes; 3 refreshes,0.08
Z,dcrab_train8,0.08,34,0.9998146352553177,0.000185364744682337,8.604365601999506,51.09397460683249,40 seg.; 8 train seeds; train delta 0.08; 3 Fourier modes; 3 refreshes,0.08
Z,dcrab_train8,0.08,35,0.9991880132104868,0.0008119867895132193,8.604365601999506,51.09397460683249,40 seg.; 8 train seeds; train delta 0.08; 3 Fourier modes; 3 refreshes,0.08
Z,dcrab_train8,0.08,36,0.9994817033527333,0.0005182966472666584,8.604365601999506,51.09397460683249,40 seg.; 8 train seeds; train delta 0.08; 3 Fourier modes; 3 refreshes,0.08
Z,dcrab_train8,0.08,37,0.9997653057110373,0.00023469428896272237,8.604365601999506,51.09397460683249,40 seg.; 8 train seeds; train delta 0.08; 3 Fourier modes; 3 refreshes,0.08
Z,dcrab_train8,0.08,38,0.9999753710360255,2.4628963974482332e-05,8.604365601999506,51.09397460683249,40 seg.; 8 train seeds; train delta 0.08; 3 Fourier modes; 3 refreshes,0.08
Z,dcrab_train8,0.08,39,0.9999259670700811,7.40329299189213e-05,8.604365601999506,51.09397460683249,40 seg.; 8 train seeds; train delta 0.08; 3 Fourier modes; 3 refreshes,0.08
Z,dcrab_train8,0.08,40,0.9999731103729719,2.688962702812603e-05,8.604365601999506,51.09397460683249,40 seg.; 8 train seeds; train delta 0.08; 3 Fourier modes; 3 refreshes,0.08
Z,dcrab_train8,0.08,41,0.9987753569326618,0.0012246430673381603,8.604365601999506,51.09397460683249,40 seg.; 8 train seeds; train delta 0.08; 3 Fourier modes; 3 refreshes,0.08
Z,dcrab_train8,0.08,42,0.999556626922469,0.0004433730775309508,8.604365601999506,51.09397460683249,40 seg.; 8 train seeds; train delta 0.08; 3 Fourier modes; 3 refreshes,0.08
Z,dcrab_train8,0.08,43,0.9997755036395862,0.00022449636041377286,8.604365601999506,51.09397460683249,40 seg.; 8 train seeds; train delta 0.08; 3 Fourier modes; 3 refreshes,0.08
Z,dcrab_train8,0.08,44,0.9999860793312074,1.3920668792577473e-05,8.604365601999506,51.09397460683249,40 seg.; 8 train seeds; train delta 0.08; 3 Fourier modes; 3 refreshes,0.08
Z,dcrab_train8,0.08,45,0.9999969837449169,3.0162550831436263e-06,8.604365601999506,51.09397460683249,40 seg.; 8 train seeds; train delta 0.08; 3 Fourier modes; 3 refreshes,0.08
Z,dcrab_train8,0.08,46,0.9995882229856615,0.0004117770143384769,8.604365601999506,51.09397460683249,40 seg.; 8 train seeds; train delta 0.08; 3 Fourier modes; 3 refreshes,0.08
Z,dcrab_train8,0.08,47,0.9999118239996208,8.817600037924755e-05,8.604365601999506,51.09397460683249,40 seg.; 8 train seeds; train delta 0.08; 3 Fourier modes; 3 refreshes,0.08
Z,dcrab_train8,0.08,48,0.9996920643482253,0.0003079356517746712,8.604365601999506,51.09397460683249,40 seg.; 8 train seeds; train delta 0.08; 3 Fourier modes; 3 refreshes,0.08
Z,dcrab_train8,0.08,49,0.9999075675413537,9.243245864631877e-05,8.604365601999506,51.09397460683249,40 seg.; 8 train seeds; train delta 0.08; 3 Fourier modes; 3 refreshes,0.08
Z,dcrab_train8,0.08,50,0.9995581637635855,0.00044183623641447234,8.604365601999506,51.09397460683249,40 seg.; 8 train seeds; train delta 0.08; 3 Fourier modes; 3 refreshes,0.08
Z,dcrab_train8,0.08,51,0.9999668911764525,3.310882354745637e-05,8.604365601999506,51.09397460683249,40 seg.; 8 train seeds; train delta 0.08; 3 Fourier modes; 3 refreshes,0.08
Z,dcrab_train8,0.08,52,0.9988290413994046,0.001170958600595351,8.604365601999506,51.09397460683249,40 seg.; 8 train seeds; train delta 0.08; 3 Fourier modes; 3 refreshes,0.08
Z,dcrab_train8,0.08,53,0.9996442397996671,0.0003557602003328997,8.604365601999506,51.09397460683249,40 seg.; 8 train seeds; train delta 0.08; 3 Fourier modes; 3 refreshes,0.08
Z,dcrab_train8,0.08,54,0.9996761702490161,0.0003238297509838839,8.604365601999506,51.09397460683249,40 seg.; 8 train seeds; train delta 0.08; 3 Fourier modes; 3 refreshes,0.08
Z,dcrab_train8,0.08,55,0.9998321272274421,0.00016787277255791988,8.604365601999506,51.09397460683249,40 seg.; 8 train seeds; train delta 0.08; 3 Fourier modes; 3 refreshes,0.08
Z,dcrab_train8,0.08,56,0.999795258589813,0.00020474141018700376,8.604365601999506,51.09397460683249,40 seg.; 8 train seeds; train delta 0.08; 3 Fourier modes; 3 refreshes,0.08
Z,dcrab_train8,0.08,57,0.9999272890390684,7.271096093164342e-05,8.604365601999506,51.09397460683249,40 seg.; 8 train seeds; train delta 0.08; 3 Fourier modes; 3 refreshes,0.08
Z,dcrab_train8,0.08,58,0.9999158216202202,8.417837977980902e-05,8.604365601999506,51.09397460683249,40 seg.; 8 train seeds; train delta 0.08; 3 Fourier modes; 3 refreshes,0.08
Z,dcrab_train8,0.08,59,0.999649700364722,0.00035029963527799524,8.604365601999506,51.09397460683249,40 seg.; 8 train seeds; train delta 0.08; 3 Fourier modes; 3 refreshes,0.08
Z,dcrab_train8,0.1,10,0.9998159513647031,0.00018404863529686288,8.604365601999506,51.09397460683249,40 seg.; 8 train seeds; train delta 0.08; 3 Fourier modes; 3 refreshes,0.08
Z,dcrab_train8,0.1,11,0.9998738823500024,0.00012611764999759245,8.604365601999506,51.09397460683249,40 seg.; 8 train seeds; train delta 0.08; 3 Fourier modes; 3 refreshes,0.08
Z,dcrab_train8,0.1,12,0.9998112973057404,0.00018870269425963482,8.604365601999506,51.09397460683249,40 seg.; 8 train seeds; train delta 0.08; 3 Fourier modes; 3 refreshes,0.08
Z,dcrab_train8,0.1,13,0.999668344992163,0.0003316550078370506,8.604365601999506,51.09397460683249,40 seg.; 8 train seeds; train delta 0.08; 3 Fourier modes; 3 refreshes,0.08
Z,dcrab_train8,0.1,14,0.9997385493552087,0.00026145064479132785,8.604365601999506,51.09397460683249,40 seg.; 8 train seeds; train delta 0.08; 3 Fourier modes; 3 refreshes,0.08
Z,dcrab_train8,0.1,15,0.9992859617055966,0.0007140382944034185,8.604365601999506,51.09397460683249,40 seg.; 8 train seeds; train delta 0.08; 3 Fourier modes; 3 refreshes,0.08
Z,dcrab_train8,0.1,16,0.9990062846033798,0.0009937153966201873,8.604365601999506,51.09397460683249,40 seg.; 8 train seeds; train delta 0.08; 3 Fourier modes; 3 refreshes,0.08
Z,dcrab_train8,0.1,17,0.998953325968628,0.0010466740313720413,8.604365601999506,51.09397460683249,40 seg.; 8 train seeds; train delta 0.08; 3 Fourier modes; 3 refreshes,0.08
Z,dcrab_train8,0.1,18,0.9999337636932949,6.623630670510305e-05,8.604365601999506,51.09397460683249,40 seg.; 8 train seeds; train delta 0.08; 3 Fourier modes; 3 refreshes,0.08
Z,dcrab_train8,0.1,19,0.9991837212024876,0.0008162787975124486,8.604365601999506,51.09397460683249,40 seg.; 8 train seeds; train delta 0.08; 3 Fourier modes; 3 refreshes,0.08
Z,dcrab_train8,0.1,20,0.99964649182289,0.0003535081771099957,8.604365601999506,51.09397460683249,40 seg.; 8 train seeds; train delta 0.08; 3 Fourier modes; 3 refreshes,0.08
Z,dcrab_train8,0.1,21,0.9995934517700397,0.00040654822996033513,8.604365601999506,51.09397460683249,40 seg.; 8 train seeds; train delta 0.08; 3 Fourier modes; 3 refreshes,0.08
Z,dcrab_train8,0.1,22,0.9999300717151485,6.992828485152813e-05,8.604365601999506,51.09397460683249,40 seg.; 8 train seeds; train delta 0.08; 3 Fourier modes; 3 refreshes,0.08
Z,dcrab_train8,0.1,23,0.9994392195980354,0.0005607804019646112,8.604365601999506,51.09397460683249,40 seg.; 8 train seeds; train delta 0.08; 3 Fourier modes; 3 refreshes,0.08
Z,dcrab_train8,0.1,24,0.998895809126558,0.0011041908734420458,8.604365601999506,51.09397460683249,40 seg.; 8 train seeds; train delta 0.08; 3 Fourier modes; 3 refreshes,0.08
Z,dcrab_train8,0.1,25,0.9991697570714789,0.0008302429285210744,8.604365601999506,51.09397460683249,40 seg.; 8 train seeds; train delta 0.08; 3 Fourier modes; 3 refreshes,0.08
Z,dcrab_train8,0.1,26,0.9999892023665572,1.0797633442805044e-05,8.604365601999506,51.09397460683249,40 seg.; 8 train seeds; train delta 0.08; 3 Fourier modes; 3 refreshes,0.08
Z,dcrab_train8,0.1,27,0.9999580102505246,4.19897494754462e-05,8.604365601999506,51.09397460683249,40 seg.; 8 train seeds; train delta 0.08; 3 Fourier modes; 3 refreshes,0.08
Z,dcrab_train8,0.1,28,0.9979966884225862,0.0020033115774138466,8.604365601999506,51.09397460683249,40 seg.; 8 train seeds; train delta 0.08; 3 Fourier modes; 3 refreshes,0.08
Z,dcrab_train8,0.1,29,0.9986361967444998,0.0013638032555002289,8.604365601999506,51.09397460683249,40 seg.; 8 train seeds; train delta 0.08; 3 Fourier modes; 3 refreshes,0.08
Z,dcrab_train8,0.1,30,0.9990147819930283,0.000985218006971711,8.604365601999506,51.09397460683249,40 seg.; 8 train seeds; train delta 0.08; 3 Fourier modes; 3 refreshes,0.08
Z,dcrab_train8,0.1,31,0.9988147726392615,0.00118522736073845,8.604365601999506,51.09397460683249,40 seg.; 8 train seeds; train delta 0.08; 3 Fourier modes; 3 refreshes,0.08
Z,dcrab_train8,0.1,32,0.9996816279360253,0.0003183720639746701,8.604365601999506,51.09397460683249,40 seg.; 8 train seeds; train delta 0.08; 3 Fourier modes; 3 refreshes,0.08
Z,dcrab_train8,0.1,33,0.9993355620502451,0.0006644379497549036,8.604365601999506,51.09397460683249,40 seg.; 8 train seeds; train delta 0.08; 3 Fourier modes; 3 refreshes,0.08
Z,dcrab_train8,0.1,34,0.9997724301514096,0.0002275698485904032,8.604365601999506,51.09397460683249,40 seg.; 8 train seeds; train delta 0.08; 3 Fourier modes; 3 refreshes,0.08
Z,dcrab_train8,0.1,35,0.9980822312183119,0.001917768781688145,8.604365601999506,51.09397460683249,40 seg.; 8 train seeds; train delta 0.08; 3 Fourier modes; 3 refreshes,0.08
Z,dcrab_train8,0.1,36,0.9988442553396715,0.0011557446603285282,8.604365601999506,51.09397460683249,40 seg.; 8 train seeds; train delta 0.08; 3 Fourier modes; 3 refreshes,0.08
Z,dcrab_train8,0.1,37,0.9993530715111837,0.0006469284888163118,8.604365601999506,51.09397460683249,40 seg.; 8 train seeds; train delta 0.08; 3 Fourier modes; 3 refreshes,0.08
Z,dcrab_train8,0.1,38,0.999834526657398,0.00016547334260197388,8.604365601999506,51.09397460683249,40 seg.; 8 train seeds; train delta 0.08; 3 Fourier modes; 3 refreshes,0.08
Z,dcrab_train8,0.1,39,0.9998475438373488,0.00015245616265124884,8.604365601999506,51.09397460683249,40 seg.; 8 train seeds; train delta 0.08; 3 Fourier modes; 3 refreshes,0.08
Z,dcrab_train8,0.1,40,0.9999201258203303,7.987417966970334e-05,8.604365601999506,51.09397460683249,40 seg.; 8 train seeds; train delta 0.08; 3 Fourier modes; 3 refreshes,0.08
Z,dcrab_train8,0.1,41,0.9973566987667787,0.002643301233221318,8.604365601999506,51.09397460683249,40 seg.; 8 train seeds; train delta 0.08; 3 Fourier modes; 3 refreshes,0.08
Z,dcrab_train8,0.1,42,0.9993622260451903,0.0006377739548096839,8.604365601999506,51.09397460683249,40 seg.; 8 train seeds; train delta 0.08; 3 Fourier modes; 3 refreshes,0.08
Z,dcrab_train8,0.1,43,0.9995534672351516,0.0004465327648484063,8.604365601999506,51.09397460683249,40 seg.; 8 train seeds; train delta 0.08; 3 Fourier modes; 3 refreshes,0.08
Z,dcrab_train8,0.1,44,0.9998812390706848,0.0001187609293151759,8.604365601999506,51.09397460683249,40 seg.; 8 train seeds; train delta 0.08; 3 Fourier modes; 3 refreshes,0.08
Z,dcrab_train8,0.1,45,0.999962653935781,3.7346064219012653e-05,8.604365601999506,51.09397460683249,40 seg.; 8 train seeds; train delta 0.08; 3 Fourier modes; 3 refreshes,0.08
Z,dcrab_train8,0.1,46,0.9992462212642208,0.0007537787357791981,8.604365601999506,51.09397460683249,40 seg.; 8 train seeds; train delta 0.08; 3 Fourier modes; 3 refreshes,0.08
Z,dcrab_train8,0.1,47,0.9998458077165242,0.00015419228347579583,8.604365601999506,51.09397460683249,40 seg.; 8 train seeds; train delta 0.08; 3 Fourier modes; 3 refreshes,0.08
Z,dcrab_train8,0.1,48,0.99941166002341,0.0005883399765900243,8.604365601999506,51.09397460683249,40 seg.; 8 train seeds; train delta 0.08; 3 Fourier modes; 3 refreshes,0.08
Z,dcrab_train8,0.1,49,0.9998077251152575,0.00019227488474249377,8.604365601999506,51.09397460683249,40 seg.; 8 train seeds; train delta 0.08; 3 Fourier modes; 3 refreshes,0.08
Z,dcrab_train8,0.1,50,0.9993703176422901,0.000629682357709882,8.604365601999506,51.09397460683249,40 seg.; 8 train seeds; train delta 0.08; 3 Fourier modes; 3 refreshes,0.08
Z,dcrab_train8,0.1,51,0.9998617584879537,0.00013824151204633317,8.604365601999506,51.09397460683249,40 seg.; 8 train seeds; train delta 0.08; 3 Fourier modes; 3 refreshes,0.08
Z,dcrab_train8,0.1,52,0.9975151661233952,0.0024848338766048084,8.604365601999506,51.09397460683249,40 seg.; 8 train seeds; train delta 0.08; 3 Fourier modes; 3 refreshes,0.08
Z,dcrab_train8,0.1,53,0.9994973639006479,0.0005026360993520829,8.604365601999506,51.09397460683249,40 seg.; 8 train seeds; train delta 0.08; 3 Fourier modes; 3 refreshes,0.08
Z,dcrab_train8,0.1,54,0.9990797470069444,0.000920252993055648,8.604365601999506,51.09397460683249,40 seg.; 8 train seeds; train delta 0.08; 3 Fourier modes; 3 refreshes,0.08
Z,dcrab_train8,0.1,55,0.9998190726430944,0.00018092735690555806,8.604365601999506,51.09397460683249,40 seg.; 8 train seeds; train delta 0.08; 3 Fourier modes; 3 refreshes,0.08
Z,dcrab_train8,0.1,56,0.9994008249463712,0.0005991750536288309,8.604365601999506,51.09397460683249,40 seg.; 8 train seeds; train delta 0.08; 3 Fourier modes; 3 refreshes,0.08
Z,dcrab_train8,0.1,57,0.999914878230181,8.512176981900765e-05,8.604365601999506,51.09397460683249,40 seg.; 8 train seeds; train delta 0.08; 3 Fourier modes; 3 refreshes,0.08
Z,dcrab_train8,0.1,58,0.999849408083678,0.0001505919163220515,8.604365601999506,51.09397460683249,40 seg.; 8 train seeds; train delta 0.08; 3 Fourier modes; 3 refreshes,0.08
Z,dcrab_train8,0.1,59,0.9991556911097111,0.0008443088902888585,8.604365601999506,51.09397460683249,40 seg.; 8 train seeds; train delta 0.08; 3 Fourier modes; 3 refreshes,0.08
Z,dcrab_train8,0.12,10,0.9996408684507005,0.0003591315492994518,8.604365601999506,51.09397460683249,40 seg.; 8 train seeds; train delta 0.08; 3 Fourier modes; 3 refreshes,0.08
Z,dcrab_train8,0.12,11,0.9997549640499277,0.00024503595007230317,8.604365601999506,51.09397460683249,40 seg.; 8 train seeds; train delta 0.08; 3 Fourier modes; 3 refreshes,0.08
Z,dcrab_train8,0.12,12,0.9996498110905486,0.0003501889094513766,8.604365601999506,51.09397460683249,40 seg.; 8 train seeds; train delta 0.08; 3 Fourier modes; 3 refreshes,0.08
Z,dcrab_train8,0.12,13,0.9996438491290648,0.00035615087093521236,8.604365601999506,51.09397460683249,40 seg.; 8 train seeds; train delta 0.08; 3 Fourier modes; 3 refreshes,0.08
Z,dcrab_train8,0.12,14,0.9994117771047061,0.0005882228952939217,8.604365601999506,51.09397460683249,40 seg.; 8 train seeds; train delta 0.08; 3 Fourier modes; 3 refreshes,0.08
Z,dcrab_train8,0.12,15,0.9984388343073688,0.0015611656926312056,8.604365601999506,51.09397460683249,40 seg.; 8 train seeds; train delta 0.08; 3 Fourier modes; 3 refreshes,0.08
Z,dcrab_train8,0.12,16,0.9979389970498823,0.002061002950117685,8.604365601999506,51.09397460683249,40 seg.; 8 train seeds; train delta 0.08; 3 Fourier modes; 3 refreshes,0.08
Z,dcrab_train8,0.12,17,0.9977008937777209,0.0022991062222791347,8.604365601999506,51.09397460683249,40 seg.; 8 train seeds; train delta 0.08; 3 Fourier modes; 3 refreshes,0.08
Z,dcrab_train8,0.12,18,0.9999507255605062,4.9274439493762756e-05,8.604365601999506,51.09397460683249,40 seg.; 8 train seeds; train delta 0.08; 3 Fourier modes; 3 refreshes,0.08
Z,dcrab_train8,0.12,19,0.9985143699127281,0.001485630087271872,8.604365601999506,51.09397460683249,40 seg.; 8 train seeds; train delta 0.08; 3 Fourier modes; 3 refreshes,0.08
Z,dcrab_train8,0.12,20,0.9992675069784687,0.000732493021531333,8.604365601999506,51.09397460683249,40 seg.; 8 train seeds; train delta 0.08; 3 Fourier modes; 3 refreshes,0.08
Z,dcrab_train8,0.12,21,0.9993146429079363,0.0006853570920637431,8.604365601999506,51.09397460683249,40 seg.; 8 train seeds; train delta 0.08; 3 Fourier modes; 3 refreshes,0.08
Z,dcrab_train8,0.12,22,0.9998575368759208,0.00014246312407917294,8.604365601999506,51.09397460683249,40 seg.; 8 train seeds; train delta 0.08; 3 Fourier modes; 3 refreshes,0.08
Z,dcrab_train8,0.12,23,0.9986590242038494,0.0013409757961505564,8.604365601999506,51.09397460683249,40 seg.; 8 train seeds; train delta 0.08; 3 Fourier modes; 3 refreshes,0.08
Z,dcrab_train8,0.12,24,0.9976627773744952,0.0023372226255048423,8.604365601999506,51.09397460683249,40 seg.; 8 train seeds; train delta 0.08; 3 Fourier modes; 3 refreshes,0.08
Z,dcrab_train8,0.12,25,0.99827427469299,0.0017257253070099843,8.604365601999506,51.09397460683249,40 seg.; 8 train seeds; train delta 0.08; 3 Fourier modes; 3 refreshes,0.08
Z,dcrab_train8,0.12,26,0.9999337059123904,6.629408760960853e-05,8.604365601999506,51.09397460683249,40 seg.; 8 train seeds; train delta 0.08; 3 Fourier modes; 3 refreshes,0.08
Z,dcrab_train8,0.12,27,0.9999542442533671,4.575574663290283e-05,8.604365601999506,51.09397460683249,40 seg.; 8 train seeds; train delta 0.08; 3 Fourier modes; 3 refreshes,0.08
Z,dcrab_train8,0.12,28,0.996311018863015,0.0036889811369850145,8.604365601999506,51.09397460683249,40 seg.; 8 train seeds; train delta 0.08; 3 Fourier modes; 3 refreshes,0.08
Z,dcrab_train8,0.12,29,0.9975621320527444,0.0024378679472556453,8.604365601999506,51.09397460683249,40 seg.; 8 train seeds; train delta 0.08; 3 Fourier modes; 3 refreshes,0.08
Z,dcrab_train8,0.12,30,0.9979010670909155,0.002098932909084472,8.604365601999506,51.09397460683249,40 seg.; 8 train seeds; train delta 0.08; 3 Fourier modes; 3 refreshes,0.08
Z,dcrab_train8,0.12,31,0.9975177527218005,0.0024822472781994565,8.604365601999506,51.09397460683249,40 seg.; 8 train seeds; train delta 0.08; 3 Fourier modes; 3 refreshes,0.08
Z,dcrab_train8,0.12,32,0.9992869321239229,0.0007130678760770559,8.604365601999506,51.09397460683249,40 seg.; 8 train seeds; train delta 0.08; 3 Fourier modes; 3 refreshes,0.08
Z,dcrab_train8,0.12,33,0.9991082524543469,0.0008917475456531321,8.604365601999506,51.09397460683249,40 seg.; 8 train seeds; train delta 0.08; 3 Fourier modes; 3 refreshes,0.08
Z,dcrab_train8,0.12,34,0.9997424775778586,0.00025752242214138743,8.604365601999506,51.09397460683249,40 seg.; 8 train seeds; train delta 0.08; 3 Fourier modes; 3 refreshes,0.08
Z,dcrab_train8,0.12,35,0.9961712880374043,0.00382871196259571,8.604365601999506,51.09397460683249,40 seg.; 8 train seeds; train delta 0.08; 3 Fourier modes; 3 refreshes,0.08
Z,dcrab_train8,0.12,36,0.997798446167939,0.0022015538320609984,8.604365601999506,51.09397460683249,40 seg.; 8 train seeds; train delta 0.08; 3 Fourier modes; 3 refreshes,0.08
Z,dcrab_train8,0.12,37,0.9985938492600579,0.0014061507399421025,8.604365601999506,51.09397460683249,40 seg.; 8 train seeds; train delta 0.08; 3 Fourier modes; 3 refreshes,0.08
Z,dcrab_train8,0.12,38,0.9994620881387699,0.0005379118612300893,8.604365601999506,51.09397460683249,40 seg.; 8 train seeds; train delta 0.08; 3 Fourier modes; 3 refreshes,0.08
Z,dcrab_train8,0.12,39,0.9997270865505676,0.00027291344943236595,8.604365601999506,51.09397460683249,40 seg.; 8 train seeds; train delta 0.08; 3 Fourier modes; 3 refreshes,0.08
Z,dcrab_train8,0.12,40,0.9998203798008363,0.0001796201991637325,8.604365601999506,51.09397460683249,40 seg.; 8 train seeds; train delta 0.08; 3 Fourier modes; 3 refreshes,0.08
Z,dcrab_train8,0.12,41,0.99507209192837,0.004927908071630016,8.604365601999506,51.09397460683249,40 seg.; 8 train seeds; train delta 0.08; 3 Fourier modes; 3 refreshes,0.08
Z,dcrab_train8,0.12,42,0.9991398591038608,0.0008601408961391721,8.604365601999506,51.09397460683249,40 seg.; 8 train seeds; train delta 0.08; 3 Fourier modes; 3 refreshes,0.08
Z,dcrab_train8,0.12,43,0.9992245152634192,0.0007754847365808448,8.604365601999506,51.09397460683249,40 seg.; 8 train seeds; train delta 0.08; 3 Fourier modes; 3 refreshes,0.08
Z,dcrab_train8,0.12,44,0.9995788534829204,0.0004211465170795847,8.604365601999506,51.09397460683249,40 seg.; 8 train seeds; train delta 0.08; 3 Fourier modes; 3 refreshes,0.08
Z,dcrab_train8,0.12,45,0.9998571958624021,0.00014280413759792943,8.604365601999506,51.09397460683249,40 seg.; 8 train seeds; train delta 0.08; 3 Fourier modes; 3 refreshes,0.08
Z,dcrab_train8,0.12,46,0.9987676144202204,0.0012323855797795602,8.604365601999506,51.09397460683249,40 seg.; 8 train seeds; train delta 0.08; 3 Fourier modes; 3 refreshes,0.08
Z,dcrab_train8,0.12,47,0.9997632088994435,0.00023679110055652153,8.604365601999506,51.09397460683249,40 seg.; 8 train seeds; train delta 0.08; 3 Fourier modes; 3 refreshes,0.08
Z,dcrab_train8,0.12,48,0.9990041566599458,0.0009958433400542033,8.604365601999506,51.09397460683249,40 seg.; 8 train seeds; train delta 0.08; 3 Fourier modes; 3 refreshes,0.08
Z,dcrab_train8,0.12,49,0.9996534036388364,0.00034659636116363135,8.604365601999506,51.09397460683249,40 seg.; 8 train seeds; train delta 0.08; 3 Fourier modes; 3 refreshes,0.08
Z,dcrab_train8,0.12,50,0.9991584321869073,0.0008415678130927473,8.604365601999506,51.09397460683249,40 seg.; 8 train seeds; train delta 0.08; 3 Fourier modes; 3 refreshes,0.08
Z,dcrab_train8,0.12,51,0.9996286514416381,0.0003713485583618503,8.604365601999506,51.09397460683249,40 seg.; 8 train seeds; train delta 0.08; 3 Fourier modes; 3 refreshes,0.08
Z,dcrab_train8,0.12,52,0.9954230912008415,0.004576908799158508,8.604365601999506,51.09397460683249,40 seg.; 8 train seeds; train delta 0.08; 3 Fourier modes; 3 refreshes,0.08
Z,dcrab_train8,0.12,53,0.9993339316443351,0.0006660683556648506,8.604365601999506,51.09397460683249,40 seg.; 8 train seeds; train delta 0.08; 3 Fourier modes; 3 refreshes,0.08
Z,dcrab_train8,0.12,54,0.9979395448502673,0.002060455149732743,8.604365601999506,51.09397460683249,40 seg.; 8 train seeds; train delta 0.08; 3 Fourier modes; 3 refreshes,0.08
Z,dcrab_train8,0.12,55,0.9998270130934742,0.00017298690652578497,8.604365601999506,51.09397460683249,40 seg.; 8 train seeds; train delta 0.08; 3 Fourier modes; 3 refreshes,0.08
Z,dcrab_train8,0.12,56,0.9986316788960373,0.0013683211039626775,8.604365601999506,51.09397460683249,40 seg.; 8 train seeds; train delta 0.08; 3 Fourier modes; 3 refreshes,0.08
Z,dcrab_train8,0.12,57,0.9999071953298534,9.280467014660676e-05,8.604365601999506,51.09397460683249,40 seg.; 8 train seeds; train delta 0.08; 3 Fourier modes; 3 refreshes,0.08
Z,dcrab_train8,0.12,58,0.9997642251393989,0.0002357748606011123,8.604365601999506,51.09397460683249,40 seg.; 8 train seeds; train delta 0.08; 3 Fourier modes; 3 refreshes,0.08
Z,dcrab_train8,0.12,59,0.9982867433232454,0.0017132566767545931,8.604365601999506,51.09397460683249,40 seg.; 8 train seeds; train delta 0.08; 3 Fourier modes; 3 refreshes,0.08
H,beam_horizon,0.08,10,0.99943208680442,0.0005679131955800276,5.6075,132.67028181208298,100 seg.; 8 train seeds; train delta 0.05/0.08; q=6; finite beam,"0.05,0.08"
H,beam_horizon,0.08,11,0.9985291504125984,0.0014708495874016236,5.6075,132.67028181208298,100 seg.; 8 train seeds; train delta 0.05/0.08; q=6; finite beam,"0.05,0.08"
H,beam_horizon,0.08,12,0.9987339275722656,0.001266072427734355,5.6075,132.67028181208298,100 seg.; 8 train seeds; train delta 0.05/0.08; q=6; finite beam,"0.05,0.08"
H,beam_horizon,0.08,13,0.9954087159235616,0.004591284076438384,5.6075,132.67028181208298,100 seg.; 8 train seeds; train delta 0.05/0.08; q=6; finite beam,"0.05,0.08"
H,beam_horizon,0.08,14,0.9994548323188015,0.0005451676811984996,5.6075,132.67028181208298,100 seg.; 8 train seeds; train delta 0.05/0.08; q=6; finite beam,"0.05,0.08"
H,beam_horizon,0.08,15,0.9982371683127734,0.0017628316872265737,5.6075,132.67028181208298,100 seg.; 8 train seeds; train delta 0.05/0.08; q=6; finite beam,"0.05,0.08"
H,beam_horizon,0.08,16,0.9981552764870563,0.0018447235129437356,5.6075,132.67028181208298,100 seg.; 8 train seeds; train delta 0.05/0.08; q=6; finite beam,"0.05,0.08"
H,beam_horizon,0.08,17,0.999208171019767,0.0007918289802330003,5.6075,132.67028181208298,100 seg.; 8 train seeds; train delta 0.05/0.08; q=6; finite beam,"0.05,0.08"
H,beam_horizon,0.08,18,0.9959199358455049,0.004080064154495133,5.6075,132.67028181208298,100 seg.; 8 train seeds; train delta 0.05/0.08; q=6; finite beam,"0.05,0.08"
H,beam_horizon,0.08,19,0.9990908867188845,0.0009091132811155367,5.6075,132.67028181208298,100 seg.; 8 train seeds; train delta 0.05/0.08; q=6; finite beam,"0.05,0.08"
H,beam_horizon,0.08,20,0.9983506765509156,0.0016493234490844166,5.6075,132.67028181208298,100 seg.; 8 train seeds; train delta 0.05/0.08; q=6; finite beam,"0.05,0.08"
H,beam_horizon,0.08,21,0.9985344468697511,0.0014655531302488756,5.6075,132.67028181208298,100 seg.; 8 train seeds; train delta 0.05/0.08; q=6; finite beam,"0.05,0.08"
H,beam_horizon,0.08,22,0.9993730358541939,0.000626964145806097,5.6075,132.67028181208298,100 seg.; 8 train seeds; train delta 0.05/0.08; q=6; finite beam,"0.05,0.08"
H,beam_horizon,0.08,23,0.9988819762345384,0.001118023765461551,5.6075,132.67028181208298,100 seg.; 8 train seeds; train delta 0.05/0.08; q=6; finite beam,"0.05,0.08"
H,beam_horizon,0.08,24,0.9993813941847911,0.0006186058152088947,5.6075,132.67028181208298,100 seg.; 8 train seeds; train delta 0.05/0.08; q=6; finite beam,"0.05,0.08"
H,beam_horizon,0.08,25,0.9995913586827176,0.0004086413172823544,5.6075,132.67028181208298,100 seg.; 8 train seeds; train delta 0.05/0.08; q=6; finite beam,"0.05,0.08"
H,beam_horizon,0.08,26,0.9969186014076269,0.003081398592373108,5.6075,132.67028181208298,100 seg.; 8 train seeds; train delta 0.05/0.08; q=6; finite beam,"0.05,0.08"
H,beam_horizon,0.08,27,0.9980513664605477,0.0019486335394522936,5.6075,132.67028181208298,100 seg.; 8 train seeds; train delta 0.05/0.08; q=6; finite beam,"0.05,0.08"
H,beam_horizon,0.08,28,0.9996290335805658,0.0003709664194342377,5.6075,132.67028181208298,100 seg.; 8 train seeds; train delta 0.05/0.08; q=6; finite beam,"0.05,0.08"
H,beam_horizon,0.08,29,0.9996553993120154,0.00034460068798458643,5.6075,132.67028181208298,100 seg.; 8 train seeds; train delta 0.05/0.08; q=6; finite beam,"0.05,0.08"
H,beam_horizon,0.08,30,0.9991445710276692,0.0008554289723308184,5.6075,132.67028181208298,100 seg.; 8 train seeds; train delta 0.05/0.08; q=6; finite beam,"0.05,0.08"
H,beam_horizon,0.08,31,0.9979555540123916,0.0020444459876084453,5.6075,132.67028181208298,100 seg.; 8 train seeds; train delta 0.05/0.08; q=6; finite beam,"0.05,0.08"
H,beam_horizon,0.08,32,0.9988146556980801,0.001185344301919855,5.6075,132.67028181208298,100 seg.; 8 train seeds; train delta 0.05/0.08; q=6; finite beam,"0.05,0.08"
H,beam_horizon,0.08,33,0.9948252866692595,0.005174713330740488,5.6075,132.67028181208298,100 seg.; 8 train seeds; train delta 0.05/0.08; q=6; finite beam,"0.05,0.08"
H,beam_horizon,0.08,34,0.9951858221222258,0.004814177877774162,5.6075,132.67028181208298,100 seg.; 8 train seeds; train delta 0.05/0.08; q=6; finite beam,"0.05,0.08"
H,beam_horizon,0.08,35,0.998486296368457,0.0015137036315430175,5.6075,132.67028181208298,100 seg.; 8 train seeds; train delta 0.05/0.08; q=6; finite beam,"0.05,0.08"
H,beam_horizon,0.08,36,0.9995043729753939,0.0004956270246061489,5.6075,132.67028181208298,100 seg.; 8 train seeds; train delta 0.05/0.08; q=6; finite beam,"0.05,0.08"
H,beam_horizon,0.08,37,0.9996345975085495,0.00036540249145045056,5.6075,132.67028181208298,100 seg.; 8 train seeds; train delta 0.05/0.08; q=6; finite beam,"0.05,0.08"
H,beam_horizon,0.08,38,0.998149827579746,0.0018501724202539815,5.6075,132.67028181208298,100 seg.; 8 train seeds; train delta 0.05/0.08; q=6; finite beam,"0.05,0.08"
H,beam_horizon,0.08,39,0.9987842847089689,0.0012157152910311497,5.6075,132.67028181208298,100 seg.; 8 train seeds; train delta 0.05/0.08; q=6; finite beam,"0.05,0.08"
H,beam_horizon,0.08,40,0.9991553705143645,0.0008446294856354619,5.6075,132.67028181208298,100 seg.; 8 train seeds; train delta 0.05/0.08; q=6; finite beam,"0.05,0.08"
H,beam_horizon,0.08,41,0.9995202984149465,0.0004797015850535047,5.6075,132.67028181208298,100 seg.; 8 train seeds; train delta 0.05/0.08; q=6; finite beam,"0.05,0.08"
H,beam_horizon,0.08,42,0.9947492407544565,0.005250759245543524,5.6075,132.67028181208298,100 seg.; 8 train seeds; train delta 0.05/0.08; q=6; finite beam,"0.05,0.08"
H,beam_horizon,0.08,43,0.9985034739613049,0.0014965260386951007,5.6075,132.67028181208298,100 seg.; 8 train seeds; train delta 0.05/0.08; q=6; finite beam,"0.05,0.08"
H,beam_horizon,0.08,44,0.9980188913761455,0.0019811086238544773,5.6075,132.67028181208298,100 seg.; 8 train seeds; train delta 0.05/0.08; q=6; finite beam,"0.05,0.08"
H,beam_horizon,0.08,45,0.9974595474131921,0.0025404525868079064,5.6075,132.67028181208298,100 seg.; 8 train seeds; train delta 0.05/0.08; q=6; finite beam,"0.05,0.08"
H,beam_horizon,0.08,46,0.9990430515338169,0.0009569484661831051,5.6075,132.67028181208298,100 seg.; 8 train seeds; train delta 0.05/0.08; q=6; finite beam,"0.05,0.08"
H,beam_horizon,0.08,47,0.9993001190210611,0.000699880978938916,5.6075,132.67028181208298,100 seg.; 8 train seeds; train delta 0.05/0.08; q=6; finite beam,"0.05,0.08"
H,beam_horizon,0.08,48,0.9991028666790766,0.0008971333209234489,5.6075,132.67028181208298,100 seg.; 8 train seeds; train delta 0.05/0.08; q=6; finite beam,"0.05,0.08"
H,beam_horizon,0.08,49,0.9988344831897554,0.0011655168102445712,5.6075,132.67028181208298,100 seg.; 8 train seeds; train delta 0.05/0.08; q=6; finite beam,"0.05,0.08"
H,beam_horizon,0.08,50,0.9950348712865118,0.004965128713488198,5.6075,132.67028181208298,100 seg.; 8 train seeds; train delta 0.05/0.08; q=6; finite beam,"0.05,0.08"
H,beam_horizon,0.08,51,0.9979612095081951,0.002038790491804887,5.6075,132.67028181208298,100 seg.; 8 train seeds; train delta 0.05/0.08; q=6; finite beam,"0.05,0.08"
H,beam_horizon,0.08,52,0.9995717021612385,0.0004282978387615266,5.6075,132.67028181208298,100 seg.; 8 train seeds; train delta 0.05/0.08; q=6; finite beam,"0.05,0.08"
H,beam_horizon,0.08,53,0.9948059855754544,0.00519401442454559,5.6075,132.67028181208298,100 seg.; 8 train seeds; train delta 0.05/0.08; q=6; finite beam,"0.05,0.08"
H,beam_horizon,0.08,54,0.9971969851561481,0.0028030148438519253,5.6075,132.67028181208298,100 seg.; 8 train seeds; train delta 0.05/0.08; q=6; finite beam,"0.05,0.08"
H,beam_horizon,0.08,55,0.996509831689802,0.003490168310197994,5.6075,132.67028181208298,100 seg.; 8 train seeds; train delta 0.05/0.08; q=6; finite beam,"0.05,0.08"
H,beam_horizon,0.08,56,0.9972768489461914,0.0027231510538086035,5.6075,132.67028181208298,100 seg.; 8 train seeds; train delta 0.05/0.08; q=6; finite beam,"0.05,0.08"
H,beam_horizon,0.08,57,0.9970024510337383,0.0029975489662616983,5.6075,132.67028181208298,100 seg.; 8 train seeds; train delta 0.05/0.08; q=6; finite beam,"0.05,0.08"
H,beam_horizon,0.08,58,0.9992961061761172,0.0007038938238828063,5.6075,132.67028181208298,100 seg.; 8 train seeds; train delta 0.05/0.08; q=6; finite beam,"0.05,0.08"
H,beam_horizon,0.08,59,0.998422145072567,0.001577854927433009,5.6075,132.67028181208298,100 seg.; 8 train seeds; train delta 0.05/0.08; q=6; finite beam,"0.05,0.08"
H,beam_horizon,0.1,10,0.999333113119047,0.0006668868809529549,5.6075,132.67028181208298,100 seg.; 8 train seeds; train delta 0.05/0.08; q=6; finite beam,"0.05,0.08"
H,beam_horizon,0.1,11,0.998285163654288,0.001714836345712012,5.6075,132.67028181208298,100 seg.; 8 train seeds; train delta 0.05/0.08; q=6; finite beam,"0.05,0.08"
H,beam_horizon,0.1,12,0.9985510375261959,0.0014489624738041051,5.6075,132.67028181208298,100 seg.; 8 train seeds; train delta 0.05/0.08; q=6; finite beam,"0.05,0.08"
H,beam_horizon,0.1,13,0.9934946185592961,0.006505381440703895,5.6075,132.67028181208298,100 seg.; 8 train seeds; train delta 0.05/0.08; q=6; finite beam,"0.05,0.08"
H,beam_horizon,0.1,14,0.999387591739424,0.0006124082605759584,5.6075,132.67028181208298,100 seg.; 8 train seeds; train delta 0.05/0.08; q=6; finite beam,"0.05,0.08"
H,beam_horizon,0.1,15,0.9978866116084742,0.00211338839152575,5.6075,132.67028181208298,100 seg.; 8 train seeds; train delta 0.05/0.08; q=6; finite beam,"0.05,0.08"
H,beam_horizon,0.1,16,0.9976824752262132,0.002317524773786772,5.6075,132.67028181208298,100 seg.; 8 train seeds; train delta 0.05/0.08; q=6; finite beam,"0.05,0.08"
H,beam_horizon,0.1,17,0.9989300080964797,0.0010699919035203065,5.6075,132.67028181208298,100 seg.; 8 train seeds; train delta 0.05/0.08; q=6; finite beam,"0.05,0.08"
H,beam_horizon,0.1,18,0.9945249632802808,0.005475036719719162,5.6075,132.67028181208298,100 seg.; 8 train seeds; train delta 0.05/0.08; q=6; finite beam,"0.05,0.08"
H,beam_horizon,0.1,19,0.9989753275903335,0.0010246724096665272,5.6075,132.67028181208298,100 seg.; 8 train seeds; train delta 0.05/0.08; q=6; finite beam,"0.05,0.08"
H,beam_horizon,0.1,20,0.9980096814035239,0.001990318596476137,5.6075,132.67028181208298,100 seg.; 8 train seeds; train delta 0.05/0.08; q=6; finite beam,"0.05,0.08"
H,beam_horizon,0.1,21,0.9975024723723712,0.0024975276276287817,5.6075,132.67028181208298,100 seg.; 8 train seeds; train delta 0.05/0.08; q=6; finite beam,"0.05,0.08"
H,beam_horizon,0.1,22,0.9992256378179751,0.0007743621820248681,5.6075,132.67028181208298,100 seg.; 8 train seeds; train delta 0.05/0.08; q=6; finite beam,"0.05,0.08"
H,beam_horizon,0.1,23,0.9985475105789452,0.0014524894210548034,5.6075,132.67028181208298,100 seg.; 8 train seeds; train delta 0.05/0.08; q=6; finite beam,"0.05,0.08"
H,beam_horizon,0.1,24,0.999132562307286,0.0008674376927140237,5.6075,132.67028181208298,100 seg.; 8 train seeds; train delta 0.05/0.08; q=6; finite beam,"0.05,0.08"
H,beam_horizon,0.1,25,0.999460299213568,0.0005397007864319514,5.6075,132.67028181208298,100 seg.; 8 train seeds; train delta 0.05/0.08; q=6; finite beam,"0.05,0.08"
H,beam_horizon,0.1,26,0.9959868480143516,0.004013151985648444,5.6075,132.67028181208298,100 seg.; 8 train seeds; train delta 0.05/0.08; q=6; finite beam,"0.05,0.08"
H,beam_horizon,0.1,27,0.9976046163182629,0.0023953836817370844,5.6075,132.67028181208298,100 seg.; 8 train seeds; train delta 0.05/0.08; q=6; finite beam,"0.05,0.08"
H,beam_horizon,0.1,28,0.9996344621279056,0.00036553787209436805,5.6075,132.67028181208298,100 seg.; 8 train seeds; train delta 0.05/0.08; q=6; finite beam,"0.05,0.08"
H,beam_horizon,0.1,29,0.9995928615372269,0.0004071384627730712,5.6075,132.67028181208298,100 seg.; 8 train seeds; train delta 0.05/0.08; q=6; finite beam,"0.05,0.08"
H,beam_horizon,0.1,30,0.998736773093353,0.0012632269066470414,5.6075,132.67028181208298,100 seg.; 8 train seeds; train delta 0.05/0.08; q=6; finite beam,"0.05,0.08"
H,beam_horizon,0.1,31,0.9973878664647142,0.0026121335352857766,5.6075,132.67028181208298,100 seg.; 8 train seeds; train delta 0.05/0.08; q=6; finite beam,"0.05,0.08"
H,beam_horizon,0.1,32,0.9983758868017271,0.0016241131982729362,5.6075,132.67028181208298,100 seg.; 8 train seeds; train delta 0.05/0.08; q=6; finite beam,"0.05,0.08"
H,beam_horizon,0.1,33,0.9927986231254787,0.00720137687452127,5.6075,132.67028181208298,100 seg.; 8 train seeds; train delta 0.05/0.08; q=6; finite beam,"0.05,0.08"
H,beam_horizon,0.1,34,0.9934668970522295,0.006533102947770542,5.6075,132.67028181208298,100 seg.; 8 train seeds; train delta 0.05/0.08; q=6; finite beam,"0.05,0.08"
H,beam_horizon,0.1,35,0.9981167524912239,0.0018832475087761091,5.6075,132.67028181208298,100 seg.; 8 train seeds; train delta 0.05/0.08; q=6; finite beam,"0.05,0.08"
H,beam_horizon,0.1,36,0.9995178682037326,0.00048213179626743763,5.6075,132.67028181208298,100 seg.; 8 train seeds; train delta 0.05/0.08; q=6; finite beam,"0.05,0.08"
H,beam_horizon,0.1,37,0.9996540535611257,0.00034594643887431165,5.6075,132.67028181208298,100 seg.; 8 train seeds; train delta 0.05/0.08; q=6; finite beam,"0.05,0.08"
H,beam_horizon,0.1,38,0.9976489641159052,0.0023510358840947987,5.6075,132.67028181208298,100 seg.; 8 train seeds; train delta 0.05/0.08; q=6; finite beam,"0.05,0.08"
H,beam_horizon,0.1,39,0.9986103613826701,0.0013896386173298803,5.6075,132.67028181208298,100 seg.; 8 train seeds; train delta 0.05/0.08; q=6; finite beam,"0.05,0.08"
H,beam_horizon,0.1,40,0.9989844469474772,0.0010155530525227663,5.6075,132.67028181208298,100 seg.; 8 train seeds; train delta 0.05/0.08; q=6; finite beam,"0.05,0.08"
H,beam_horizon,0.1,41,0.9995115607218683,0.0004884392781316915,5.6075,132.67028181208298,100 seg.; 8 train seeds; train delta 0.05/0.08; q=6; finite beam,"0.05,0.08"
H,beam_horizon,0.1,42,0.9926767971815726,0.0073232028184273545,5.6075,132.67028181208298,100 seg.; 8 train seeds; train delta 0.05/0.08; q=6; finite beam,"0.05,0.08"
H,beam_horizon,0.1,43,0.9974875089305962,0.002512491069403766,5.6075,132.67028181208298,100 seg.; 8 train seeds; train delta 0.05/0.08; q=6; finite beam,"0.05,0.08"
H,beam_horizon,0.1,44,0.9974697148364048,0.002530285163595214,5.6075,132.67028181208298,100 seg.; 8 train seeds; train delta 0.05/0.08; q=6; finite beam,"0.05,0.08"
H,beam_horizon,0.1,45,0.9967509576952351,0.0032490423047648598,5.6075,132.67028181208298,100 seg.; 8 train seeds; train delta 0.05/0.08; q=6; finite beam,"0.05,0.08"
H,beam_horizon,0.1,46,0.9986535135740098,0.0013464864259902232,5.6075,132.67028181208298,100 seg.; 8 train seeds; train delta 0.05/0.08; q=6; finite beam,"0.05,0.08"
H,beam_horizon,0.1,47,0.9987933052306139,0.001206694769386063,5.6075,132.67028181208298,100 seg.; 8 train seeds; train delta 0.05/0.08; q=6; finite beam,"0.05,0.08"
H,beam_horizon,0.1,48,0.9989001146382979,0.0010998853617021354,5.6075,132.67028181208298,100 seg.; 8 train seeds; train delta 0.05/0.08; q=6; finite beam,"0.05,0.08"
H,beam_horizon,0.1,49,0.9984689573000449,0.0015310426999550764,5.6075,132.67028181208298,100 seg.; 8 train seeds; train delta 0.05/0.08; q=6; finite beam,"0.05,0.08"
H,beam_horizon,0.1,50,0.9931367625738605,0.006863237426139479,5.6075,132.67028181208298,100 seg.; 8 train seeds; train delta 0.05/0.08; q=6; finite beam,"0.05,0.08"
H,beam_horizon,0.1,51,0.9974671526590777,0.002532847340922295,5.6075,132.67028181208298,100 seg.; 8 train seeds; train delta 0.05/0.08; q=6; finite beam,"0.05,0.08"
H,beam_horizon,0.1,52,0.9995575355395667,0.00044246446043327836,5.6075,132.67028181208298,100 seg.; 8 train seeds; train delta 0.05/0.08; q=6; finite beam,"0.05,0.08"
H,beam_horizon,0.1,53,0.9928553472065473,0.007144652793452666,5.6075,132.67028181208298,100 seg.; 8 train seeds; train delta 0.05/0.08; q=6; finite beam,"0.05,0.08"
H,beam_horizon,0.1,54,0.9963504187881312,0.0036495812118687576,5.6075,132.67028181208298,100 seg.; 8 train seeds; train delta 0.05/0.08; q=6; finite beam,"0.05,0.08"
H,beam_horizon,0.1,55,0.9950556977740319,0.004944302225968089,5.6075,132.67028181208298,100 seg.; 8 train seeds; train delta 0.05/0.08; q=6; finite beam,"0.05,0.08"
H,beam_horizon,0.1,56,0.9964443284296012,0.0035556715703988218,5.6075,132.67028181208298,100 seg.; 8 train seeds; train delta 0.05/0.08; q=6; finite beam,"0.05,0.08"
H,beam_horizon,0.1,57,0.9961482140401748,0.0038517859598251603,5.6075,132.67028181208298,100 seg.; 8 train seeds; train delta 0.05/0.08; q=6; finite beam,"0.05,0.08"
H,beam_horizon,0.1,58,0.9987839783160883,0.001216021683911661,5.6075,132.67028181208298,100 seg.; 8 train seeds; train delta 0.05/0.08; q=6; finite beam,"0.05,0.08"
H,beam_horizon,0.1,59,0.9980734737064588,0.0019265262935411753,5.6075,132.67028181208298,100 seg.; 8 train seeds; train delta 0.05/0.08; q=6; finite beam,"0.05,0.08"
H,beam_horizon,0.12,10,0.9991759484483413,0.0008240515516586555,5.6075,132.67028181208298,100 seg.; 8 train seeds; train delta 0.05/0.08; q=6; finite beam,"0.05,0.08"
H,beam_horizon,0.12,11,0.9980380436256951,0.001961956374304852,5.6075,132.67028181208298,100 seg.; 8 train seeds; train delta 0.05/0.08; q=6; finite beam,"0.05,0.08"
H,beam_horizon,0.12,12,0.998375088697446,0.001624911302554044,5.6075,132.67028181208298,100 seg.; 8 train seeds; train delta 0.05/0.08; q=6; finite beam,"0.05,0.08"
H,beam_horizon,0.12,13,0.9910933121593828,0.008906687840617211,5.6075,132.67028181208298,100 seg.; 8 train seeds; train delta 0.05/0.08; q=6; finite beam,"0.05,0.08"
H,beam_horizon,0.12,14,0.999277005666063,0.000722994333936966,5.6075,132.67028181208298,100 seg.; 8 train seeds; train delta 0.05/0.08; q=6; finite beam,"0.05,0.08"
H,beam_horizon,0.12,15,0.9975145889241162,0.0024854110758838477,5.6075,132.67028181208298,100 seg.; 8 train seeds; train delta 0.05/0.08; q=6; finite beam,"0.05,0.08"
H,beam_horizon,0.12,16,0.9971051564798032,0.002894843520196755,5.6075,132.67028181208298,100 seg.; 8 train seeds; train delta 0.05/0.08; q=6; finite beam,"0.05,0.08"
H,beam_horizon,0.12,17,0.9984908938774759,0.0015091061225240843,5.6075,132.67028181208298,100 seg.; 8 train seeds; train delta 0.05/0.08; q=6; finite beam,"0.05,0.08"
H,beam_horizon,0.12,18,0.9929149444471899,0.007085055552810138,5.6075,132.67028181208298,100 seg.; 8 train seeds; train delta 0.05/0.08; q=6; finite beam,"0.05,0.08"
H,beam_horizon,0.12,19,0.9988667815884329,0.0011332184115671051,5.6075,132.67028181208298,100 seg.; 8 train seeds; train delta 0.05/0.08; q=6; finite beam,"0.05,0.08"
H,beam_horizon,0.12,20,0.9976257572649005,0.002374242735099452,5.6075,132.67028181208298,100 seg.; 8 train seeds; train delta 0.05/0.08; q=6; finite beam,"0.05,0.08"
H,beam_horizon,0.12,21,0.9960704463103047,0.003929553689695275,5.6075,132.67028181208298,100 seg.; 8 train seeds; train delta 0.05/0.08; q=6; finite beam,"0.05,0.08"
H,beam_horizon,0.12,22,0.9990006362866412,0.0009993637133588473,5.6075,132.67028181208298,100 seg.; 8 train seeds; train delta 0.05/0.08; q=6; finite beam,"0.05,0.08"
H,beam_horizon,0.12,23,0.99805827164868,0.0019417283513200045,5.6075,132.67028181208298,100 seg.; 8 train seeds; train delta 0.05/0.08; q=6; finite beam,"0.05,0.08"
H,beam_horizon,0.12,24,0.9987339879605583,0.0012660120394416552,5.6075,132.67028181208298,100 seg.; 8 train seeds; train delta 0.05/0.08; q=6; finite beam,"0.05,0.08"
H,beam_horizon,0.12,25,0.9992408407083045,0.0007591592916954548,5.6075,132.67028181208298,100 seg.; 8 train seeds; train delta 0.05/0.08; q=6; finite beam,"0.05,0.08"
H,beam_horizon,0.12,26,0.994935484003352,0.0050645159966480335,5.6075,132.67028181208298,100 seg.; 8 train seeds; train delta 0.05/0.08; q=6; finite beam,"0.05,0.08"
H,beam_horizon,0.12,27,0.9970941409823723,0.0029058590176277432,5.6075,132.67028181208298,100 seg.; 8 train seeds; train delta 0.05/0.08; q=6; finite beam,"0.05,0.08"
H,beam_horizon,0.12,28,0.999618961022964,0.00038103897703600786,5.6075,132.67028181208298,100 seg.; 8 train seeds; train delta 0.05/0.08; q=6; finite beam,"0.05,0.08"
H,beam_horizon,0.12,29,0.9994880194036073,0.0005119805963926805,5.6075,132.67028181208298,100 seg.; 8 train seeds; train delta 0.05/0.08; q=6; finite beam,"0.05,0.08"
H,beam_horizon,0.12,30,0.9981109225500764,0.0018890774499236151,5.6075,132.67028181208298,100 seg.; 8 train seeds; train delta 0.05/0.08; q=6; finite beam,"0.05,0.08"
H,beam_horizon,0.12,31,0.9966874476222696,0.0033125523777304267,5.6075,132.67028181208298,100 seg.; 8 train seeds; train delta 0.05/0.08; q=6; finite beam,"0.05,0.08"
H,beam_horizon,0.12,32,0.9977487307121444,0.002251269287855573,5.6075,132.67028181208298,100 seg.; 8 train seeds; train delta 0.05/0.08; q=6; finite beam,"0.05,0.08"
H,beam_horizon,0.12,33,0.9903464691607019,0.009653530839298097,5.6075,132.67028181208298,100 seg.; 8 train seeds; train delta 0.05/0.08; q=6; finite beam,"0.05,0.08"
H,beam_horizon,0.12,34,0.9914540055077303,0.00854599449226967,5.6075,132.67028181208298,100 seg.; 8 train seeds; train delta 0.05/0.08; q=6; finite beam,"0.05,0.08"
H,beam_horizon,0.12,35,0.9976449460756135,0.0023550539243865076,5.6075,132.67028181208298,100 seg.; 8 train seeds; train delta 0.05/0.08; q=6; finite beam,"0.05,0.08"
H,beam_horizon,0.12,36,0.9995207462279648,0.00047925377203517083,5.6075,132.67028181208298,100 seg.; 8 train seeds; train delta 0.05/0.08; q=6; finite beam,"0.05,0.08"
H,beam_horizon,0.12,37,0.9996579253243232,0.0003420746756768178,5.6075,132.67028181208298,100 seg.; 8 train seeds; train delta 0.05/0.08; q=6; finite beam,"0.05,0.08"
H,beam_horizon,0.12,38,0.9970115422135502,0.0029884577864498496,5.6075,132.67028181208298,100 seg.; 8 train seeds; train delta 0.05/0.08; q=6; finite beam,"0.05,0.08"
H,beam_horizon,0.12,39,0.998444712421176,0.0015552875788239495,5.6075,132.67028181208298,100 seg.; 8 train seeds; train delta 0.05/0.08; q=6; finite beam,"0.05,0.08"
H,beam_horizon,0.12,40,0.9987523952940132,0.0012476047059868378,5.6075,132.67028181208298,100 seg.; 8 train seeds; train delta 0.05/0.08; q=6; finite beam,"0.05,0.08"
H,beam_horizon,0.12,41,0.9994788357882116,0.000521164211788383,5.6075,132.67028181208298,100 seg.; 8 train seeds; train delta 0.05/0.08; q=6; finite beam,"0.05,0.08"
H,beam_horizon,0.12,42,0.9901762852345749,0.009823714765425096,5.6075,132.67028181208298,100 seg.; 8 train seeds; train delta 0.05/0.08; q=6; finite beam,"0.05,0.08"
H,beam_horizon,0.12,43,0.9960733032162739,0.003926696783726147,5.6075,132.67028181208298,100 seg.; 8 train seeds; train delta 0.05/0.08; q=6; finite beam,"0.05,0.08"
H,beam_horizon,0.12,44,0.9967781186109297,0.0032218813890703135,5.6075,132.67028181208298,100 seg.; 8 train seeds; train delta 0.05/0.08; q=6; finite beam,"0.05,0.08"
H,beam_horizon,0.12,45,0.9959573575223395,0.0040426424776605074,5.6075,132.67028181208298,100 seg.; 8 train seeds; train delta 0.05/0.08; q=6; finite beam,"0.05,0.08"
H,beam_horizon,0.12,46,0.998191501250723,0.001808498749277021,5.6075,132.67028181208298,100 seg.; 8 train seeds; train delta 0.05/0.08; q=6; finite beam,"0.05,0.08"
H,beam_horizon,0.12,47,0.9980679787686231,0.0019320212313769236,5.6075,132.67028181208298,100 seg.; 8 train seeds; train delta 0.05/0.08; q=6; finite beam,"0.05,0.08"
H,beam_horizon,0.12,48,0.998684375431086,0.0013156245689139867,5.6075,132.67028181208298,100 seg.; 8 train seeds; train delta 0.05/0.08; q=6; finite beam,"0.05,0.08"
H,beam_horizon,0.12,49,0.9979993653961781,0.002000634603821938,5.6075,132.67028181208298,100 seg.; 8 train seeds; train delta 0.05/0.08; q=6; finite beam,"0.05,0.08"
H,beam_horizon,0.12,50,0.9908492586878881,0.00915074131211191,5.6075,132.67028181208298,100 seg.; 8 train seeds; train delta 0.05/0.08; q=6; finite beam,"0.05,0.08"
H,beam_horizon,0.12,51,0.9969243926166956,0.0030756073833043684,5.6075,132.67028181208298,100 seg.; 8 train seeds; train delta 0.05/0.08; q=6; finite beam,"0.05,0.08"
H,beam_horizon,0.12,52,0.999521389682194,0.0004786103178060497,5.6075,132.67028181208298,100 seg.; 8 train seeds; train delta 0.05/0.08; q=6; finite beam,"0.05,0.08"
H,beam_horizon,0.12,53,0.9905479117209474,0.00945208827905264,5.6075,132.67028181208298,100 seg.; 8 train seeds; train delta 0.05/0.08; q=6; finite beam,"0.05,0.08"
H,beam_horizon,0.12,54,0.9953430982555426,0.004656901744457431,5.6075,132.67028181208298,100 seg.; 8 train seeds; train delta 0.05/0.08; q=6; finite beam,"0.05,0.08"
H,beam_horizon,0.12,55,0.9931917947052413,0.0068082052947586735,5.6075,132.67028181208298,100 seg.; 8 train seeds; train delta 0.05/0.08; q=6; finite beam,"0.05,0.08"
H,beam_horizon,0.12,56,0.9954409233386352,0.0045590766613647915,5.6075,132.67028181208298,100 seg.; 8 train seeds; train delta 0.05/0.08; q=6; finite beam,"0.05,0.08"
H,beam_horizon,0.12,57,0.9951769300032716,0.004823069996728435,5.6075,132.67028181208298,100 seg.; 8 train seeds; train delta 0.05/0.08; q=6; finite beam,"0.05,0.08"
H,beam_horizon,0.12,58,0.9980492590025327,0.0019507409974672818,5.6075,132.67028181208298,100 seg.; 8 train seeds; train delta 0.05/0.08; q=6; finite beam,"0.05,0.08"
H,beam_horizon,0.12,59,0.9976582747477044,0.00234172525229559,5.6075,132.67028181208298,100 seg.; 8 train seeds; train delta 0.05/0.08; q=6; finite beam,"0.05,0.08"
H,dcrab_train8,0.08,10,0.9999318714517471,6.812854825288817e-05,4.971624427306295,70.28697156882845,40 seg.; 8 train seeds; train delta 0.08; 3 Fourier modes; 3 refreshes,0.08
H,dcrab_train8,0.08,11,0.9999149519907671,8.504800923292422e-05,4.971624427306295,70.28697156882845,40 seg.; 8 train seeds; train delta 0.08; 3 Fourier modes; 3 refreshes,0.08
H,dcrab_train8,0.08,12,0.9998493026966093,0.00015069730339067888,4.971624427306295,70.28697156882845,40 seg.; 8 train seeds; train delta 0.08; 3 Fourier modes; 3 refreshes,0.08
H,dcrab_train8,0.08,13,0.9998307251650843,0.00016927483491568918,4.971624427306295,70.28697156882845,40 seg.; 8 train seeds; train delta 0.08; 3 Fourier modes; 3 refreshes,0.08
H,dcrab_train8,0.08,14,0.9996728753966264,0.0003271246033735853,4.971624427306295,70.28697156882845,40 seg.; 8 train seeds; train delta 0.08; 3 Fourier modes; 3 refreshes,0.08
H,dcrab_train8,0.08,15,0.9999856111540704,1.4388845929635963e-05,4.971624427306295,70.28697156882845,40 seg.; 8 train seeds; train delta 0.08; 3 Fourier modes; 3 refreshes,0.08
H,dcrab_train8,0.08,16,0.9999004014913352,9.959850866481101e-05,4.971624427306295,70.28697156882845,40 seg.; 8 train seeds; train delta 0.08; 3 Fourier modes; 3 refreshes,0.08
H,dcrab_train8,0.08,17,0.9994764778823289,0.0005235221176711491,4.971624427306295,70.28697156882845,40 seg.; 8 train seeds; train delta 0.08; 3 Fourier modes; 3 refreshes,0.08
H,dcrab_train8,0.08,18,0.999860127593968,0.00013987240603197115,4.971624427306295,70.28697156882845,40 seg.; 8 train seeds; train delta 0.08; 3 Fourier modes; 3 refreshes,0.08
H,dcrab_train8,0.08,19,0.9995791014860163,0.00042089851398374734,4.971624427306295,70.28697156882845,40 seg.; 8 train seeds; train delta 0.08; 3 Fourier modes; 3 refreshes,0.08
H,dcrab_train8,0.08,20,0.9999004428452236,9.955715477638627e-05,4.971624427306295,70.28697156882845,40 seg.; 8 train seeds; train delta 0.08; 3 Fourier modes; 3 refreshes,0.08
H,dcrab_train8,0.08,21,0.9999316601993625,6.833980063747358e-05,4.971624427306295,70.28697156882845,40 seg.; 8 train seeds; train delta 0.08; 3 Fourier modes; 3 refreshes,0.08
H,dcrab_train8,0.08,22,0.999926494151613,7.350584838694552e-05,4.971624427306295,70.28697156882845,40 seg.; 8 train seeds; train delta 0.08; 3 Fourier modes; 3 refreshes,0.08
H,dcrab_train8,0.08,23,0.9995235536080357,0.0004764463919643136,4.971624427306295,70.28697156882845,40 seg.; 8 train seeds; train delta 0.08; 3 Fourier modes; 3 refreshes,0.08
H,dcrab_train8,0.08,24,0.9994670585672443,0.0005329414327557291,4.971624427306295,70.28697156882845,40 seg.; 8 train seeds; train delta 0.08; 3 Fourier modes; 3 refreshes,0.08
H,dcrab_train8,0.08,25,0.9993930909257804,0.0006069090742195637,4.971624427306295,70.28697156882845,40 seg.; 8 train seeds; train delta 0.08; 3 Fourier modes; 3 refreshes,0.08
H,dcrab_train8,0.08,26,0.9998777313763809,0.00012226862361908175,4.971624427306295,70.28697156882845,40 seg.; 8 train seeds; train delta 0.08; 3 Fourier modes; 3 refreshes,0.08
H,dcrab_train8,0.08,27,0.9998423035111541,0.00015769648884589316,4.971624427306295,70.28697156882845,40 seg.; 8 train seeds; train delta 0.08; 3 Fourier modes; 3 refreshes,0.08
H,dcrab_train8,0.08,28,0.9998452599668257,0.0001547400331742832,4.971624427306295,70.28697156882845,40 seg.; 8 train seeds; train delta 0.08; 3 Fourier modes; 3 refreshes,0.08
H,dcrab_train8,0.08,29,0.9997913663123545,0.0002086336876454542,4.971624427306295,70.28697156882845,40 seg.; 8 train seeds; train delta 0.08; 3 Fourier modes; 3 refreshes,0.08
H,dcrab_train8,0.08,30,0.9995861018559854,0.0004138981440146017,4.971624427306295,70.28697156882845,40 seg.; 8 train seeds; train delta 0.08; 3 Fourier modes; 3 refreshes,0.08
H,dcrab_train8,0.08,31,0.999915446903915,8.455309608501604e-05,4.971624427306295,70.28697156882845,40 seg.; 8 train seeds; train delta 0.08; 3 Fourier modes; 3 refreshes,0.08
H,dcrab_train8,0.08,32,0.9997892504837846,0.0002107495162153583,4.971624427306295,70.28697156882845,40 seg.; 8 train seeds; train delta 0.08; 3 Fourier modes; 3 refreshes,0.08
H,dcrab_train8,0.08,33,0.9999280563354667,7.1943664533336e-05,4.971624427306295,70.28697156882845,40 seg.; 8 train seeds; train delta 0.08; 3 Fourier modes; 3 refreshes,0.08
H,dcrab_train8,0.08,34,0.999994318452019,5.681547980973534e-06,4.971624427306295,70.28697156882845,40 seg.; 8 train seeds; train delta 0.08; 3 Fourier modes; 3 refreshes,0.08
H,dcrab_train8,0.08,35,0.9998775966965583,0.00012240330344170935,4.971624427306295,70.28697156882845,40 seg.; 8 train seeds; train delta 0.08; 3 Fourier modes; 3 refreshes,0.08
H,dcrab_train8,0.08,36,0.9999418103060516,5.8189693948440535e-05,4.971624427306295,70.28697156882845,40 seg.; 8 train seeds; train delta 0.08; 3 Fourier modes; 3 refreshes,0.08
H,dcrab_train8,0.08,37,0.9994789139808932,0.0005210860191068312,4.971624427306295,70.28697156882845,40 seg.; 8 train seeds; train delta 0.08; 3 Fourier modes; 3 refreshes,0.08
H,dcrab_train8,0.08,38,0.9995110634487244,0.0004889365512755761,4.971624427306295,70.28697156882845,40 seg.; 8 train seeds; train delta 0.08; 3 Fourier modes; 3 refreshes,0.08
H,dcrab_train8,0.08,39,0.9998511719975918,0.00014882800240823002,4.971624427306295,70.28697156882845,40 seg.; 8 train seeds; train delta 0.08; 3 Fourier modes; 3 refreshes,0.08
H,dcrab_train8,0.08,40,0.9999666015925587,3.339840744132072e-05,4.971624427306295,70.28697156882845,40 seg.; 8 train seeds; train delta 0.08; 3 Fourier modes; 3 refreshes,0.08
H,dcrab_train8,0.08,41,0.999841800953873,0.00015819904612701663,4.971624427306295,70.28697156882845,40 seg.; 8 train seeds; train delta 0.08; 3 Fourier modes; 3 refreshes,0.08
H,dcrab_train8,0.08,42,0.9998515392377387,0.00014846076226127103,4.971624427306295,70.28697156882845,40 seg.; 8 train seeds; train delta 0.08; 3 Fourier modes; 3 refreshes,0.08
H,dcrab_train8,0.08,43,0.9999881039797334,1.1896020266632945e-05,4.971624427306295,70.28697156882845,40 seg.; 8 train seeds; train delta 0.08; 3 Fourier modes; 3 refreshes,0.08
H,dcrab_train8,0.08,44,0.9995304144006771,0.0004695855993228637,4.971624427306295,70.28697156882845,40 seg.; 8 train seeds; train delta 0.08; 3 Fourier modes; 3 refreshes,0.08
H,dcrab_train8,0.08,45,0.9998911334360547,0.00010886656394526462,4.971624427306295,70.28697156882845,40 seg.; 8 train seeds; train delta 0.08; 3 Fourier modes; 3 refreshes,0.08
H,dcrab_train8,0.08,46,0.999397162045227,0.0006028379547730056,4.971624427306295,70.28697156882845,40 seg.; 8 train seeds; train delta 0.08; 3 Fourier modes; 3 refreshes,0.08
H,dcrab_train8,0.08,47,0.9995534516775443,0.00044654832245571985,4.971624427306295,70.28697156882845,40 seg.; 8 train seeds; train delta 0.08; 3 Fourier modes; 3 refreshes,0.08
H,dcrab_train8,0.08,48,0.9994579250787983,0.0005420749212017295,4.971624427306295,70.28697156882845,40 seg.; 8 train seeds; train delta 0.08; 3 Fourier modes; 3 refreshes,0.08
H,dcrab_train8,0.08,49,0.9998773192099241,0.00012268079007593524,4.971624427306295,70.28697156882845,40 seg.; 8 train seeds; train delta 0.08; 3 Fourier modes; 3 refreshes,0.08
H,dcrab_train8,0.08,50,0.9999421798471702,5.7820152829846094e-05,4.971624427306295,70.28697156882845,40 seg.; 8 train seeds; train delta 0.08; 3 Fourier modes; 3 refreshes,0.08
H,dcrab_train8,0.08,51,0.9999303066048282,6.969339517182149e-05,4.971624427306295,70.28697156882845,40 seg.; 8 train seeds; train delta 0.08; 3 Fourier modes; 3 refreshes,0.08
H,dcrab_train8,0.08,52,0.9997925127849813,0.00020748721501873124,4.971624427306295,70.28697156882845,40 seg.; 8 train seeds; train delta 0.08; 3 Fourier modes; 3 refreshes,0.08
H,dcrab_train8,0.08,53,0.9999445630798682,5.5436920131768375e-05,4.971624427306295,70.28697156882845,40 seg.; 8 train seeds; train delta 0.08; 3 Fourier modes; 3 refreshes,0.08
H,dcrab_train8,0.08,54,0.9999654815077157,3.451849228430781e-05,4.971624427306295,70.28697156882845,40 seg.; 8 train seeds; train delta 0.08; 3 Fourier modes; 3 refreshes,0.08
H,dcrab_train8,0.08,55,0.999843787584537,0.00015621241546304176,4.971624427306295,70.28697156882845,40 seg.; 8 train seeds; train delta 0.08; 3 Fourier modes; 3 refreshes,0.08
H,dcrab_train8,0.08,56,0.9999309255055818,6.907449441817537e-05,4.971624427306295,70.28697156882845,40 seg.; 8 train seeds; train delta 0.08; 3 Fourier modes; 3 refreshes,0.08
H,dcrab_train8,0.08,57,0.9999597082889303,4.029171106967322e-05,4.971624427306295,70.28697156882845,40 seg.; 8 train seeds; train delta 0.08; 3 Fourier modes; 3 refreshes,0.08
H,dcrab_train8,0.08,58,0.9995275032720384,0.00047249672796156883,4.971624427306295,70.28697156882845,40 seg.; 8 train seeds; train delta 0.08; 3 Fourier modes; 3 refreshes,0.08
H,dcrab_train8,0.08,59,0.9998675686657669,0.00013243133423312958,4.971624427306295,70.28697156882845,40 seg.; 8 train seeds; train delta 0.08; 3 Fourier modes; 3 refreshes,0.08
H,dcrab_train8,0.1,10,0.9999352017136651,6.479828633487728e-05,4.971624427306295,70.28697156882845,40 seg.; 8 train seeds; train delta 0.08; 3 Fourier modes; 3 refreshes,0.08
H,dcrab_train8,0.1,11,0.9997874898683465,0.000212510131653465,4.971624427306295,70.28697156882845,40 seg.; 8 train seeds; train delta 0.08; 3 Fourier modes; 3 refreshes,0.08
H,dcrab_train8,0.1,12,0.9996251840612137,0.00037481593878629926,4.971624427306295,70.28697156882845,40 seg.; 8 train seeds; train delta 0.08; 3 Fourier modes; 3 refreshes,0.08
H,dcrab_train8,0.1,13,0.9995214654771083,0.00047853452289170484,4.971624427306295,70.28697156882845,40 seg.; 8 train seeds; train delta 0.08; 3 Fourier modes; 3 refreshes,0.08
H,dcrab_train8,0.1,14,0.9994374654376508,0.0005625345623492262,4.971624427306295,70.28697156882845,40 seg.; 8 train seeds; train delta 0.08; 3 Fourier modes; 3 refreshes,0.08
H,dcrab_train8,0.1,15,0.9999567048452083,4.3295154791733736e-05,4.971624427306295,70.28697156882845,40 seg.; 8 train seeds; train delta 0.08; 3 Fourier modes; 3 refreshes,0.08
H,dcrab_train8,0.1,16,0.9998294544384458,0.00017054556155415845,4.971624427306295,70.28697156882845,40 seg.; 8 train seeds; train delta 0.08; 3 Fourier modes; 3 refreshes,0.08
H,dcrab_train8,0.1,17,0.9990376741989699,0.0009623258010300617,4.971624427306295,70.28697156882845,40 seg.; 8 train seeds; train delta 0.08; 3 Fourier modes; 3 refreshes,0.08
H,dcrab_train8,0.1,18,0.9996485360319729,0.00035146396802709923,4.971624427306295,70.28697156882845,40 seg.; 8 train seeds; train delta 0.08; 3 Fourier modes; 3 refreshes,0.08
H,dcrab_train8,0.1,19,0.9990769126843271,0.0009230873156729213,4.971624427306295,70.28697156882845,40 seg.; 8 train seeds; train delta 0.08; 3 Fourier modes; 3 refreshes,0.08
H,dcrab_train8,0.1,20,0.9997953722658997,0.00020462773410034885,4.971624427306295,70.28697156882845,40 seg.; 8 train seeds; train delta 0.08; 3 Fourier modes; 3 refreshes,0.08
H,dcrab_train8,0.1,21,0.9999283126243558,7.16873756442249e-05,4.971624427306295,70.28697156882845,40 seg.; 8 train seeds; train delta 0.08; 3 Fourier modes; 3 refreshes,0.08
H,dcrab_train8,0.1,22,0.999923595966833,7.640403316699906e-05,4.971624427306295,70.28697156882845,40 seg.; 8 train seeds; train delta 0.08; 3 Fourier modes; 3 refreshes,0.08
H,dcrab_train8,0.1,23,0.9990931334073704,0.0009068665926296182,4.971624427306295,70.28697156882845,40 seg.; 8 train seeds; train delta 0.08; 3 Fourier modes; 3 refreshes,0.08
H,dcrab_train8,0.1,24,0.9990433810499632,0.0009566189500368472,4.971624427306295,70.28697156882845,40 seg.; 8 train seeds; train delta 0.08; 3 Fourier modes; 3 refreshes,0.08
H,dcrab_train8,0.1,25,0.9988952257015047,0.0011047742984953146,4.971624427306295,70.28697156882845,40 seg.; 8 train seeds; train delta 0.08; 3 Fourier modes; 3 refreshes,0.08
H,dcrab_train8,0.1,26,0.9996836738251405,0.00031632617485954917,4.971624427306295,70.28697156882845,40 seg.; 8 train seeds; train delta 0.08; 3 Fourier modes; 3 refreshes,0.08
H,dcrab_train8,0.1,27,0.999721805592015,0.000278194407985044,4.971624427306295,70.28697156882845,40 seg.; 8 train seeds; train delta 0.08; 3 Fourier modes; 3 refreshes,0.08
H,dcrab_train8,0.1,28,0.99981687970203,0.0001831202979699631,4.971624427306295,70.28697156882845,40 seg.; 8 train seeds; train delta 0.08; 3 Fourier modes; 3 refreshes,0.08
H,dcrab_train8,0.1,29,0.9997252490083286,0.00027475099167140193,4.971624427306295,70.28697156882845,40 seg.; 8 train seeds; train delta 0.08; 3 Fourier modes; 3 refreshes,0.08
H,dcrab_train8,0.1,30,0.9992486828801903,0.0007513171198096913,4.971624427306295,70.28697156882845,40 seg.; 8 train seeds; train delta 0.08; 3 Fourier modes; 3 refreshes,0.08
H,dcrab_train8,0.1,31,0.9998569101646669,0.00014308983533306563,4.971624427306295,70.28697156882845,40 seg.; 8 train seeds; train delta 0.08; 3 Fourier modes; 3 refreshes,0.08
H,dcrab_train8,0.1,32,0.9995607453671685,0.00043925463283145394,4.971624427306295,70.28697156882845,40 seg.; 8 train seeds; train delta 0.08; 3 Fourier modes; 3 refreshes,0.08
H,dcrab_train8,0.1,33,0.9998392664795519,0.00016073352044809752,4.971624427306295,70.28697156882845,40 seg.; 8 train seeds; train delta 0.08; 3 Fourier modes; 3 refreshes,0.08
H,dcrab_train8,0.1,34,0.999990849863491,9.15013650903962e-06,4.971624427306295,70.28697156882845,40 seg.; 8 train seeds; train delta 0.08; 3 Fourier modes; 3 refreshes,0.08
H,dcrab_train8,0.1,35,0.9998132444303178,0.00018675556968217322,4.971624427306295,70.28697156882845,40 seg.; 8 train seeds; train delta 0.08; 3 Fourier modes; 3 refreshes,0.08
H,dcrab_train8,0.1,36,0.9999563040731912,4.369592680875112e-05,4.971624427306295,70.28697156882845,40 seg.; 8 train seeds; train delta 0.08; 3 Fourier modes; 3 refreshes,0.08
H,dcrab_train8,0.1,37,0.9990684353005659,0.0009315646994341176,4.971624427306295,70.28697156882845,40 seg.; 8 train seeds; train delta 0.08; 3 Fourier modes; 3 refreshes,0.08
H,dcrab_train8,0.1,38,0.9991028437300855,0.0008971562699144897,4.971624427306295,70.28697156882845,40 seg.; 8 train seeds; train delta 0.08; 3 Fourier modes; 3 refreshes,0.08
H,dcrab_train8,0.1,39,0.9996084157200823,0.0003915842799177005,4.971624427306295,70.28697156882845,40 seg.; 8 train seeds; train delta 0.08; 3 Fourier modes; 3 refreshes,0.08
H,dcrab_train8,0.1,40,0.9999662195072734,3.378049272662054e-05,4.971624427306295,70.28697156882845,40 seg.; 8 train seeds; train delta 0.08; 3 Fourier modes; 3 refreshes,0.08
H,dcrab_train8,0.1,41,0.9998082322820334,0.00019176771796658443,4.971624427306295,70.28697156882845,40 seg.; 8 train seeds; train delta 0.08; 3 Fourier modes; 3 refreshes,0.08
H,dcrab_train8,0.1,42,0.9996111661536644,0.00038883384633559004,4.971624427306295,70.28697156882845,40 seg.; 8 train seeds; train delta 0.08; 3 Fourier modes; 3 refreshes,0.08
H,dcrab_train8,0.1,43,0.9999820507403085,1.7949259691452113e-05,4.971624427306295,70.28697156882845,40 seg.; 8 train seeds; train delta 0.08; 3 Fourier modes; 3 refreshes,0.08
H,dcrab_train8,0.1,44,0.9991436696414344,0.0008563303585655824,4.971624427306295,70.28697156882845,40 seg.; 8 train seeds; train delta 0.08; 3 Fourier modes; 3 refreshes,0.08
H,dcrab_train8,0.1,45,0.9997102896116897,0.0002897103883102714,4.971624427306295,70.28697156882845,40 seg.; 8 train seeds; train delta 0.08; 3 Fourier modes; 3 refreshes,0.08
H,dcrab_train8,0.1,46,0.9986740771162803,0.001325922883719688,4.971624427306295,70.28697156882845,40 seg.; 8 train seeds; train delta 0.08; 3 Fourier modes; 3 refreshes,0.08
H,dcrab_train8,0.1,47,0.9992451756837784,0.0007548243162216473,4.971624427306295,70.28697156882845,40 seg.; 8 train seeds; train delta 0.08; 3 Fourier modes; 3 refreshes,0.08
H,dcrab_train8,0.1,48,0.9987385837917859,0.0012614162082140723,4.971624427306295,70.28697156882845,40 seg.; 8 train seeds; train delta 0.08; 3 Fourier modes; 3 refreshes,0.08
H,dcrab_train8,0.1,49,0.9995979340889094,0.00040206591109059886,4.971624427306295,70.28697156882845,40 seg.; 8 train seeds; train delta 0.08; 3 Fourier modes; 3 refreshes,0.08
H,dcrab_train8,0.1,50,0.9999041451764993,9.585482350071839e-05,4.971624427306295,70.28697156882845,40 seg.; 8 train seeds; train delta 0.08; 3 Fourier modes; 3 refreshes,0.08
H,dcrab_train8,0.1,51,0.9998089976739418,0.00019100232605817613,4.971624427306295,70.28697156882845,40 seg.; 8 train seeds; train delta 0.08; 3 Fourier modes; 3 refreshes,0.08
H,dcrab_train8,0.1,52,0.9997210861100247,0.0002789138899752519,4.971624427306295,70.28697156882845,40 seg.; 8 train seeds; train delta 0.08; 3 Fourier modes; 3 refreshes,0.08
H,dcrab_train8,0.1,53,0.9998655284328424,0.00013447156715762354,4.971624427306295,70.28697156882845,40 seg.; 8 train seeds; train delta 0.08; 3 Fourier modes; 3 refreshes,0.08
H,dcrab_train8,0.1,54,0.999915132789467,8.486721053302393e-05,4.971624427306295,70.28697156882845,40 seg.; 8 train seeds; train delta 0.08; 3 Fourier modes; 3 refreshes,0.08
H,dcrab_train8,0.1,55,0.9995056042040094,0.0004943957959906431,4.971624427306295,70.28697156882845,40 seg.; 8 train seeds; train delta 0.08; 3 Fourier modes; 3 refreshes,0.08
H,dcrab_train8,0.1,56,0.9998540940239145,0.00014590597608554745,4.971624427306295,70.28697156882845,40 seg.; 8 train seeds; train delta 0.08; 3 Fourier modes; 3 refreshes,0.08
H,dcrab_train8,0.1,57,0.999918649991145,8.135000885500787e-05,4.971624427306295,70.28697156882845,40 seg.; 8 train seeds; train delta 0.08; 3 Fourier modes; 3 refreshes,0.08
H,dcrab_train8,0.1,58,0.9991863823039686,0.0008136176960313879,4.971624427306295,70.28697156882845,40 seg.; 8 train seeds; train delta 0.08; 3 Fourier modes; 3 refreshes,0.08
H,dcrab_train8,0.1,59,0.9997546892264703,0.00024531077352973885,4.971624427306295,70.28697156882845,40 seg.; 8 train seeds; train delta 0.08; 3 Fourier modes; 3 refreshes,0.08
H,dcrab_train8,0.12,10,0.9999474693449719,5.253065502808241e-05,4.971624427306295,70.28697156882845,40 seg.; 8 train seeds; train delta 0.08; 3 Fourier modes; 3 refreshes,0.08
H,dcrab_train8,0.12,11,0.9995414582710703,0.0004585417289296734,4.971624427306295,70.28697156882845,40 seg.; 8 train seeds; train delta 0.08; 3 Fourier modes; 3 refreshes,0.08
H,dcrab_train8,0.12,12,0.9992034639299753,0.0007965360700247226,4.971624427306295,70.28697156882845,40 seg.; 8 train seeds; train delta 0.08; 3 Fourier modes; 3 refreshes,0.08
H,dcrab_train8,0.12,13,0.9989161966926211,0.0010838033073788944,4.971624427306295,70.28697156882845,40 seg.; 8 train seeds; train delta 0.08; 3 Fourier modes; 3 refreshes,0.08
H,dcrab_train8,0.12,14,0.9990869647164118,0.000913035283588215,4.971624427306295,70.28697156882845,40 seg.; 8 train seeds; train delta 0.08; 3 Fourier modes; 3 refreshes,0.08
H,dcrab_train8,0.12,15,0.9998809756193227,0.00011902438067734611,4.971624427306295,70.28697156882845,40 seg.; 8 train seeds; train delta 0.08; 3 Fourier modes; 3 refreshes,0.08
H,dcrab_train8,0.12,16,0.99972008758149,0.0002799124185099977,4.971624427306295,70.28697156882845,40 seg.; 8 train seeds; train delta 0.08; 3 Fourier modes; 3 refreshes,0.08
H,dcrab_train8,0.12,17,0.9983754227667972,0.0016245772332027508,4.971624427306295,70.28697156882845,40 seg.; 8 train seeds; train delta 0.08; 3 Fourier modes; 3 refreshes,0.08
H,dcrab_train8,0.12,18,0.999293219841908,0.0007067801580920019,4.971624427306295,70.28697156882845,40 seg.; 8 train seeds; train delta 0.08; 3 Fourier modes; 3 refreshes,0.08
H,dcrab_train8,0.12,19,0.9982121674657845,0.0017878325342155499,4.971624427306295,70.28697156882845,40 seg.; 8 train seeds; train delta 0.08; 3 Fourier modes; 3 refreshes,0.08
H,dcrab_train8,0.12,20,0.9996101106434319,0.0003898893565681405,4.971624427306295,70.28697156882845,40 seg.; 8 train seeds; train delta 0.08; 3 Fourier modes; 3 refreshes,0.08
H,dcrab_train8,0.12,21,0.9999175169863773,8.248301362268062e-05,4.971624427306295,70.28697156882845,40 seg.; 8 train seeds; train delta 0.08; 3 Fourier modes; 3 refreshes,0.08
H,dcrab_train8,0.12,22,0.9999292461784506,7.075382154941856e-05,4.971624427306295,70.28697156882845,40 seg.; 8 train seeds; train delta 0.08; 3 Fourier modes; 3 refreshes,0.08
H,dcrab_train8,0.12,23,0.9984251777288766,0.0015748222711233772,4.971624427306295,70.28697156882845,40 seg.; 8 train seeds; train delta 0.08; 3 Fourier modes; 3 refreshes,0.08
H,dcrab_train8,0.12,24,0.9984186691705823,0.001581330829417693,4.971624427306295,70.28697156882845,40 seg.; 8 train seeds; train delta 0.08; 3 Fourier modes; 3 refreshes,0.08
H,dcrab_train8,0.12,25,0.9981458897377287,0.0018541102622713357,4.971624427306295,70.28697156882845,40 seg.; 8 train seeds; train delta 0.08; 3 Fourier modes; 3 refreshes,0.08
H,dcrab_train8,0.12,26,0.9993469665683439,0.0006530334316561248,4.971624427306295,70.28697156882845,40 seg.; 8 train seeds; train delta 0.08; 3 Fourier modes; 3 refreshes,0.08
H,dcrab_train8,0.12,27,0.9995540476951559,0.00044595230484412163,4.971624427306295,70.28697156882845,40 seg.; 8 train seeds; train delta 0.08; 3 Fourier modes; 3 refreshes,0.08
H,dcrab_train8,0.12,28,0.9998029086034141,0.00019709139658585784,4.971624427306295,70.28697156882845,40 seg.; 8 train seeds; train delta 0.08; 3 Fourier modes; 3 refreshes,0.08
H,dcrab_train8,0.12,29,0.9996616789187248,0.00033832108127518357,4.971624427306295,70.28697156882845,40 seg.; 8 train seeds; train delta 0.08; 3 Fourier modes; 3 refreshes,0.08
H,dcrab_train8,0.12,30,0.9987390835480063,0.0012609164519936655,4.971624427306295,70.28697156882845,40 seg.; 8 train seeds; train delta 0.08; 3 Fourier modes; 3 refreshes,0.08
H,dcrab_train8,0.12,31,0.9997624546626867,0.0002375453373133496,4.971624427306295,70.28697156882845,40 seg.; 8 train seeds; train delta 0.08; 3 Fourier modes; 3 refreshes,0.08
H,dcrab_train8,0.12,32,0.9991707386976184,0.0008292613023815898,4.971624427306295,70.28697156882845,40 seg.; 8 train seeds; train delta 0.08; 3 Fourier modes; 3 refreshes,0.08
H,dcrab_train8,0.12,33,0.9996848689853988,0.00031513101460123316,4.971624427306295,70.28697156882845,40 seg.; 8 train seeds; train delta 0.08; 3 Fourier modes; 3 refreshes,0.08
H,dcrab_train8,0.12,34,0.9999851636585965,1.4836341403534625e-05,4.971624427306295,70.28697156882845,40 seg.; 8 train seeds; train delta 0.08; 3 Fourier modes; 3 refreshes,0.08
H,dcrab_train8,0.12,35,0.9997268988481636,0.00027310115183643013,4.971624427306295,70.28697156882845,40 seg.; 8 train seeds; train delta 0.08; 3 Fourier modes; 3 refreshes,0.08
H,dcrab_train8,0.12,36,0.9999775171270164,2.248287298356466e-05,4.971624427306295,70.28697156882845,40 seg.; 8 train seeds; train delta 0.08; 3 Fourier modes; 3 refreshes,0.08
H,dcrab_train8,0.12,37,0.9984567463313616,0.001543253668638389,4.971624427306295,70.28697156882845,40 seg.; 8 train seeds; train delta 0.08; 3 Fourier modes; 3 refreshes,0.08
H,dcrab_train8,0.12,38,0.9984952315941107,0.0015047684058893118,4.971624427306295,70.28697156882845,40 seg.; 8 train seeds; train delta 0.08; 3 Fourier modes; 3 refreshes,0.08
H,dcrab_train8,0.12,39,0.9991439497319835,0.000856050268016495,4.971624427306295,70.28697156882845,40 seg.; 8 train seeds; train delta 0.08; 3 Fourier modes; 3 refreshes,0.08
H,dcrab_train8,0.12,40,0.9999566315989526,4.336840104735007e-05,4.971624427306295,70.28697156882845,40 seg.; 8 train seeds; train delta 0.08; 3 Fourier modes; 3 refreshes,0.08
H,dcrab_train8,0.12,41,0.9997890515517589,0.00021094844824109948,4.971624427306295,70.28697156882845,40 seg.; 8 train seeds; train delta 0.08; 3 Fourier modes; 3 refreshes,0.08
H,dcrab_train8,0.12,42,0.9991787127578988,0.0008212872421011763,4.971624427306295,70.28697156882845,40 seg.; 8 train seeds; train delta 0.08; 3 Fourier modes; 3 refreshes,0.08
H,dcrab_train8,0.12,43,0.9999260788218501,7.392117814986054e-05,4.971624427306295,70.28697156882845,40 seg.; 8 train seeds; train delta 0.08; 3 Fourier modes; 3 refreshes,0.08
H,dcrab_train8,0.12,44,0.9985716882346198,0.0014283117653801636,4.971624427306295,70.28697156882845,40 seg.; 8 train seeds; train delta 0.08; 3 Fourier modes; 3 refreshes,0.08
H,dcrab_train8,0.12,45,0.9993858944264817,0.0006141055735182643,4.971624427306295,70.28697156882845,40 seg.; 8 train seeds; train delta 0.08; 3 Fourier modes; 3 refreshes,0.08
H,dcrab_train8,0.12,46,0.9974286835352997,0.002571316464700324,4.971624427306295,70.28697156882845,40 seg.; 8 train seeds; train delta 0.08; 3 Fourier modes; 3 refreshes,0.08
H,dcrab_train8,0.12,47,0.998801206272095,0.0011987937279049898,4.971624427306295,70.28697156882845,40 seg.; 8 train seeds; train delta 0.08; 3 Fourier modes; 3 refreshes,0.08
H,dcrab_train8,0.12,48,0.9974668088719494,0.002533191128050616,4.971624427306295,70.28697156882845,40 seg.; 8 train seeds; train delta 0.08; 3 Fourier modes; 3 refreshes,0.08
H,dcrab_train8,0.12,49,0.9990314237529268,0.0009685762470732495,4.971624427306295,70.28697156882845,40 seg.; 8 train seeds; train delta 0.08; 3 Fourier modes; 3 refreshes,0.08
H,dcrab_train8,0.12,50,0.9998509780651843,0.00014902193481569626,4.971624427306295,70.28697156882845,40 seg.; 8 train seeds; train delta 0.08; 3 Fourier modes; 3 refreshes,0.08
H,dcrab_train8,0.12,51,0.9995801899543066,0.00041981004569335845,4.971624427306295,70.28697156882845,40 seg.; 8 train seeds; train delta 0.08; 3 Fourier modes; 3 refreshes,0.08
H,dcrab_train8,0.12,52,0.9996522287016881,0.0003477712983118719,4.971624427306295,70.28697156882845,40 seg.; 8 train seeds; train delta 0.08; 3 Fourier modes; 3 refreshes,0.08
H,dcrab_train8,0.12,53,0.999737615054245,0.00026238494575503424,4.971624427306295,70.28697156882845,40 seg.; 8 train seeds; train delta 0.08; 3 Fourier modes; 3 refreshes,0.08
H,dcrab_train8,0.12,54,0.9997944042520205,0.00020559574797951452,4.971624427306295,70.28697156882845,40 seg.; 8 train seeds; train delta 0.08; 3 Fourier modes; 3 refreshes,0.08
H,dcrab_train8,0.12,55,0.99883470962672,0.001165290373279948,4.971624427306295,70.28697156882845,40 seg.; 8 train seeds; train delta 0.08; 3 Fourier modes; 3 refreshes,0.08
H,dcrab_train8,0.12,56,0.999708793214743,0.00029120678525695887,4.971624427306295,70.28697156882845,40 seg.; 8 train seeds; train delta 0.08; 3 Fourier modes; 3 refreshes,0.08
H,dcrab_train8,0.12,57,0.9998451430815172,0.00015485691848282634,4.971624427306295,70.28697156882845,40 seg.; 8 train seeds; train delta 0.08; 3 Fourier modes; 3 refreshes,0.08
H,dcrab_train8,0.12,58,0.9986860756927481,0.001313924307251857,4.971624427306295,70.28697156882845,40 seg.; 8 train seeds; train delta 0.08; 3 Fourier modes; 3 refreshes,0.08
H,dcrab_train8,0.12,59,0.9995728819404142,0.00042711805958584037,4.971624427306295,70.28697156882845,40 seg.; 8 train seeds; train delta 0.08; 3 Fourier modes; 3 refreshes,0.08
