system,controller,eval_strength,noise_case,gamma_phi,gamma_relax,seed,final_fidelity,final_leakage,max_leakage,tail_infidelity_mean,final_purity,pulse_energy,segments,training_seconds,training_objective,optimizer_iterations,optimizer_success
five_level_weak_anharmonic,path_horizon,0.03,static_only,0.0,0.0,10,0.9385594302258522,0.0442467840959867,0.04834731393124225,0.13188602034729044,0.9999998929561222,0.0013843749999999998,120,67.83502365997992,,,
five_level_weak_anharmonic,path_horizon,0.03,static_only,0.0,0.0,11,0.7670929036634855,0.04609719969595172,0.050571120097872124,0.1159487019466316,0.9999997988611964,0.0013843749999999998,120,67.83502365997992,,,
five_level_weak_anharmonic,path_horizon,0.03,static_only,0.0,0.0,12,0.800772660557086,0.042079282664754136,0.04397017071811793,0.11385828502018466,0.9999998361987751,0.0013843749999999998,120,67.83502365997992,,,
five_level_weak_anharmonic,path_horizon,0.03,static_only,0.0,0.0,13,0.5210049001012788,0.02402228210837143,0.025534061204040892,0.5129517759635257,0.9999999454460391,0.0013843749999999998,120,67.83502365997992,,,
five_level_weak_anharmonic,path_horizon,0.03,static_only,0.0,0.0,14,0.6874798154182011,0.028205780652755252,0.0300571019663316,0.3333036117538011,0.9999999242390858,0.0013843749999999998,120,67.83502365997992,,,
five_level_weak_anharmonic,path_horizon,0.03,static_only,0.0,0.0,15,0.913352886140659,0.055139534309706306,0.061032155136744204,0.08418080625253001,0.9999998222340329,0.0013843749999999998,120,67.83502365997992,,,
five_level_weak_anharmonic,path_horizon,0.03,static_only,0.0,0.0,16,0.8630785865184628,0.05074503166952993,0.054371142348127566,0.06875192418405715,0.9999998165240375,0.0013843749999999998,120,67.83502365997992,,,
five_level_weak_anharmonic,path_horizon,0.03,static_only,0.0,0.0,17,0.9448073163456742,0.038801589996633856,0.04326864571648059,0.10539409921830582,0.9999998880700692,0.0013843749999999998,120,67.83502365997992,,,
five_level_weak_anharmonic,path_horizon,0.03,static_only,0.0,0.0,18,0.9156054761200509,0.054184327052104186,0.054898103801933607,0.1238107882733133,0.999999878101818,0.0013843749999999998,120,67.83502365997992,,,
five_level_weak_anharmonic,path_horizon,0.03,static_only,0.0,0.0,19,0.8161722518844072,0.03415074786434669,0.03871145318278024,0.09541641335476549,0.9999998735629022,0.0013843749999999998,120,67.83502365997992,,,
five_level_weak_anharmonic,path_horizon,0.03,static_only,0.0,0.0,20,0.900821467528843,0.054709962256766054,0.05721063776738666,0.07019797745662576,0.999999880693482,0.0013843749999999998,120,67.83502365997992,,,
five_level_weak_anharmonic,path_horizon,0.03,static_only,0.0,0.0,21,0.9192366710578953,0.03808217868107455,0.04383324822677126,0.04747327468145988,0.9999998715798559,0.0013843749999999998,120,67.83502365997992,,,
five_level_weak_anharmonic,path_horizon,0.03,static_only,0.0,0.0,22,0.9119854332044961,0.0408344654938243,0.045158166501615304,0.05199998696156542,0.999999861573619,0.0013843749999999998,120,67.83502365997992,,,
five_level_weak_anharmonic,path_horizon,0.03,static_only,0.0,0.0,23,0.9064179633873213,0.045410076329983284,0.04791916280425257,0.08072717360135527,0.9999998762196693,0.0013843749999999998,120,67.83502365997992,,,
five_level_weak_anharmonic,path_horizon,0.03,static_only,0.0,0.0,24,0.8420216361065859,0.02559764272158649,0.034757861175422566,0.15073220713937496,0.9999998788808018,0.0013843749999999998,120,67.83502365997992,,,
five_level_weak_anharmonic,path_horizon,0.03,static_only,0.0,0.0,25,0.8257012083104096,0.04053702640648449,0.04370513738154291,0.1626626042796547,0.9999998756901294,0.0013843749999999998,120,67.83502365997992,,,
five_level_weak_anharmonic,path_horizon,0.03,static_only,0.0,0.0,26,0.9046966608983575,0.0577231637567861,0.0577231637567861,0.11440784863659814,0.9999998599060711,0.0013843749999999998,120,67.83502365997992,,,
five_level_weak_anharmonic,path_horizon,0.03,static_only,0.0,0.0,27,0.8670756228003252,0.04000104334015886,0.043974744024457446,0.16083117914798944,0.9999998965659617,0.0013843749999999998,120,67.83502365997992,,,
five_level_weak_anharmonic,path_horizon,0.03,static_only,0.0,0.0,28,0.909072612728995,0.058489386980214,0.0644444156127103,0.06077172555907381,0.9999998065015004,0.0013843749999999998,120,67.83502365997992,,,
five_level_weak_anharmonic,path_horizon,0.03,static_only,0.0,0.0,29,0.946434762580584,0.049140573726391135,0.05107110123938008,0.08694053986128827,0.9999998738884137,0.0013843749999999998,120,67.83502365997992,,,
five_level_weak_anharmonic,path_horizon,0.03,static_only,0.0,0.0,30,0.8294908478263073,0.038936828162260406,0.03997833656191607,0.22770251809118797,0.9999999138345802,0.0013843749999999998,120,67.83502365997992,,,
five_level_weak_anharmonic,path_horizon,0.03,static_only,0.0,0.0,31,0.8081248057560041,0.037567194889427835,0.0477588780765561,0.1063739960918792,0.9999998188833742,0.0013843749999999998,120,67.83502365997992,,,
five_level_weak_anharmonic,path_horizon,0.03,static_only,0.0,0.0,32,0.8095284756011647,0.037090347774460186,0.04172199473971361,0.09899587571183549,0.9999998189839673,0.0013843749999999998,120,67.83502365997992,,,
five_level_weak_anharmonic,path_horizon,0.03,static_only,0.0,0.0,33,0.814501217299735,0.03838123859434606,0.038428776181931745,0.26074730010869623,0.9999999329445137,0.0013843749999999998,120,67.83502365997992,,,
five_level_weak_anharmonic,path_horizon,0.03,static_only,0.0,0.0,34,0.8391474522627522,0.05494725442088422,0.05500974768966582,0.17137630120239006,0.9999998759832843,0.0013843749999999998,120,67.83502365997992,,,
five_level_weak_anharmonic,path_horizon,0.03,static_only,0.0,0.0,35,0.9163613272693122,0.062171300607442914,0.06576452373896413,0.08783146993431164,0.9999998521123361,0.0013843749999999998,120,67.83502365997992,,,
five_level_weak_anharmonic,path_horizon,0.03,static_only,0.0,0.0,36,0.8387149609369838,0.0421829534819933,0.04784064653993936,0.08684233217420159,0.999999821545023,0.0013843749999999998,120,67.83502365997992,,,
five_level_weak_anharmonic,path_horizon,0.03,static_only,0.0,0.0,37,0.8873308609188368,0.037885337993870394,0.04251599768719638,0.19999773682816818,0.9999999064149222,0.0013843749999999998,120,67.83502365997992,,,
five_level_weak_anharmonic,path_horizon,0.03,static_only,0.0,0.0,38,0.7253882898057549,0.022758768241234018,0.023795789638172304,0.3326186242769021,0.999999947815384,0.0013843749999999998,120,67.83502365997992,,,
five_level_weak_anharmonic,path_horizon,0.03,static_only,0.0,0.0,39,0.8495852394980558,0.04088318220625187,0.05229929669742772,0.10411506475746309,0.9999998100198201,0.0013843749999999998,120,67.83502365997992,,,
five_level_weak_anharmonic,path_horizon,0.03,static_only,0.0,0.0,40,0.9306674291038217,0.05450554518659645,0.05693588735168409,0.06140509535418176,0.9999998488812938,0.0013843749999999998,120,67.83502365997992,,,
five_level_weak_anharmonic,path_horizon,0.03,static_only,0.0,0.0,41,0.885563652916104,0.047810279162057046,0.050904559195759314,0.06733246697703245,0.9999998629281857,0.0013843749999999998,120,67.83502365997992,,,
five_level_weak_anharmonic,path_horizon,0.03,static_only,0.0,0.0,42,0.8712708006419744,0.05168535341241154,0.05168535341241154,0.1640212086457615,0.9999999026394203,0.0013843749999999998,120,67.83502365997992,,,
five_level_weak_anharmonic,path_horizon,0.03,static_only,0.0,0.0,43,0.8316593954052589,0.035531149545943275,0.04027005600462219,0.11839408796622206,0.9999998655833929,0.0013843749999999998,120,67.83502365997992,,,
five_level_weak_anharmonic,path_horizon,0.03,static_only,0.0,0.0,44,0.6726877086293164,0.027029729638023525,0.029771577146876282,0.4130765789981287,0.9999999454511616,0.0013843749999999998,120,67.83502365997992,,,
five_level_weak_anharmonic,path_horizon,0.03,static_only,0.0,0.0,45,0.8649523049516455,0.04848195081676021,0.053443012763449094,0.15208708797274298,0.9999998676705028,0.0013843749999999998,120,67.83502365997992,,,
five_level_weak_anharmonic,path_horizon,0.03,static_only,0.0,0.0,46,0.7838628001412463,0.03534165010293622,0.038443431135139816,0.10160758619461548,0.9999998516604384,0.0013843749999999998,120,67.83502365997992,,,
five_level_weak_anharmonic,path_horizon,0.03,static_only,0.0,0.0,47,0.9061463952814123,0.038526054313907765,0.04949987258447064,0.058028079342822655,0.9999998474503957,0.0013843749999999998,120,67.83502365997992,,,
five_level_weak_anharmonic,path_horizon,0.03,static_only,0.0,0.0,48,0.5599218072894847,0.024110939208806137,0.04404342720990695,0.2638505588974588,0.9999997892742235,0.0013843749999999998,120,67.83502365997992,,,
five_level_weak_anharmonic,path_horizon,0.03,static_only,0.0,0.0,49,0.9076089585240091,0.04061471930772054,0.04937550421478876,0.059345573129620154,0.9999998308444873,0.0013843749999999998,120,67.83502365997992,,,
five_level_weak_anharmonic,path_horizon,0.03,static_only,0.0,0.0,50,0.8791013487612541,0.0444309712190325,0.050013580146498704,0.1401343179856609,0.9999998642577075,0.0013843749999999998,120,67.83502365997992,,,
five_level_weak_anharmonic,path_horizon,0.03,static_only,0.0,0.0,51,0.9397075845766638,0.05793943662310941,0.05933784067013925,0.0688831411987662,0.9999998599754223,0.0013843749999999998,120,67.83502365997992,,,
five_level_weak_anharmonic,path_horizon,0.03,static_only,0.0,0.0,52,0.8720193374249984,0.03634400524377335,0.04425972910433995,0.06925837642089354,0.99999984369447,0.0013843749999999998,120,67.83502365997992,,,
five_level_weak_anharmonic,path_horizon,0.03,static_only,0.0,0.0,53,0.7602410548213806,0.03994610271573873,0.040169600271320216,0.20987960927911722,0.9999998795874339,0.0013843749999999998,120,67.83502365997992,,,
five_level_weak_anharmonic,path_horizon,0.03,static_only,0.0,0.0,54,0.7908553767693389,0.04104008554809524,0.044307051516644935,0.16437885307102035,0.9999998495927317,0.0013843749999999998,120,67.83502365997992,,,
five_level_weak_anharmonic,path_horizon,0.03,static_only,0.0,0.0,55,0.6704906880135763,0.035876396386643306,0.03929077364330391,0.3861887766210683,0.9999999230552395,0.0013843749999999998,120,67.83502365997992,,,
five_level_weak_anharmonic,path_horizon,0.03,static_only,0.0,0.0,56,0.8457233064283293,0.03457471302365456,0.04927398353636714,0.09576262337791835,0.999999854970905,0.0013843749999999998,120,67.83502365997992,,,
five_level_weak_anharmonic,path_horizon,0.03,static_only,0.0,0.0,57,0.9252092849344421,0.06392877091362126,0.0695993627921292,0.10931122863029163,0.9999998464765003,0.0013843749999999998,120,67.83502365997992,,,
five_level_weak_anharmonic,path_horizon,0.03,static_only,0.0,0.0,58,0.8902608463597428,0.03449232292203119,0.04110604073238466,0.06895778118105773,0.9999998493872527,0.0013843749999999998,120,67.83502365997992,,,
five_level_weak_anharmonic,path_horizon,0.03,static_only,0.0,0.0,59,0.6805465576275876,0.035152909807474986,0.044785517730376756,0.178046650613628,0.9999997895509304,0.0013843749999999998,120,67.83502365997992,,,
five_level_weak_anharmonic,path_horizon,0.03,deph_0.001,0.001,0.0,10,0.9296954633005995,0.044879142430861996,0.04873272277382701,0.13877965794717934,0.9802114419392116,0.0013843749999999998,120,67.83502365997992,,,
five_level_weak_anharmonic,path_horizon,0.03,deph_0.001,0.001,0.0,11,0.7633061857803081,0.04657282807536833,0.05097618039813456,0.12150600462849157,0.9838724033038208,0.0013843749999999998,120,67.83502365997992,,,
five_level_weak_anharmonic,path_horizon,0.03,deph_0.001,0.001,0.0,12,0.7959999966496881,0.042696351952669076,0.044402986385059906,0.12028232716359367,0.9826633302706108,0.0013843749999999998,120,67.83502365997992,,,
five_level_weak_anharmonic,path_horizon,0.03,deph_0.001,0.001,0.0,13,0.521722278539412,0.024687245345489606,0.02603312979012906,0.5117428761976166,0.9752947128698027,0.0013843749999999998,120,67.83502365997992,,,
five_level_weak_anharmonic,path_horizon,0.03,deph_0.001,0.001,0.0,14,0.685048676686088,0.028627441285943522,0.03039181219168574,0.3350461322537164,0.9765023313706676,0.0013843749999999998,120,67.83502365997992,,,
five_level_weak_anharmonic,path_horizon,0.03,deph_0.001,0.001,0.0,15,0.905663471885199,0.05611308059948528,0.06123634492476204,0.09097904060628054,0.9826694965384848,0.0013843749999999998,120,67.83502365997992,,,
five_level_weak_anharmonic,path_horizon,0.03,deph_0.001,0.001,0.0,16,0.8572457190724978,0.05116178743895183,0.05474424758581886,0.0754630066751148,0.9840642355805077,0.0013843749999999998,120,67.83502365997992,,,
five_level_weak_anharmonic,path_horizon,0.03,deph_0.001,0.001,0.0,17,0.9369754442209142,0.03961775505303944,0.04389895353663498,0.11172483963817084,0.9823065782188032,0.0013843749999999998,120,67.83502365997992,,,
five_level_weak_anharmonic,path_horizon,0.03,deph_0.001,0.001,0.0,18,0.9082163360081495,0.054514633580782235,0.05520504492668998,0.13013511043537435,0.9811031983562007,0.0013843749999999998,120,67.83502365997992,,,
five_level_weak_anharmonic,path_horizon,0.03,deph_0.001,0.001,0.0,19,0.8114906165980664,0.034643859531643395,0.03907996454383389,0.10143785742335741,0.9839219933684142,0.0013843749999999998,120,67.83502365997992,,,
five_level_weak_anharmonic,path_horizon,0.03,deph_0.001,0.001,0.0,20,0.8940835661785586,0.05467215553095395,0.057107208227126005,0.0774215625958803,0.9833280835660322,0.0013843749999999998,120,67.83502365997992,,,
five_level_weak_anharmonic,path_horizon,0.03,deph_0.001,0.001,0.0,21,0.9124815099101631,0.03847923125966668,0.04400534739886475,0.05434408628403787,0.9847071956583419,0.0013843749999999998,120,67.83502365997992,,,
five_level_weak_anharmonic,path_horizon,0.03,deph_0.001,0.001,0.0,22,0.9050171858499589,0.04142327870193985,0.045614648264050595,0.05890872174812871,0.9843457423180604,0.0013843749999999998,120,67.83502365997992,,,
five_level_weak_anharmonic,path_horizon,0.03,deph_0.001,0.001,0.0,23,0.8998118306071113,0.04557539442215397,0.04800698431979877,0.08709340287420522,0.9829087062993938,0.0013843749999999998,120,67.83502365997992,,,
five_level_weak_anharmonic,path_horizon,0.03,deph_0.001,0.001,0.0,24,0.8365645643815748,0.02658283934190475,0.03482607195157805,0.1555548481377023,0.9810388268245125,0.0013843749999999998,120,67.83502365997992,,,
five_level_weak_anharmonic,path_horizon,0.03,deph_0.001,0.001,0.0,25,0.8206032875937695,0.040959094287493225,0.0440284629726001,0.16734290119453366,0.9805666994548515,0.0013843749999999998,120,67.83502365997992,,,
five_level_weak_anharmonic,path_horizon,0.03,deph_0.001,0.001,0.0,26,0.8977261315677109,0.05784578922502304,0.05784578922502304,0.12083090478685157,0.9810533311651571,0.0013843749999999998,120,67.83502365997992,,,
five_level_weak_anharmonic,path_horizon,0.03,deph_0.001,0.001,0.0,27,0.8613025611855841,0.04043438157130563,0.04418312909373079,0.16560230993111386,0.9803432800988618,0.0013843749999999998,120,67.83502365997992,,,
five_level_weak_anharmonic,path_horizon,0.03,deph_0.001,0.001,0.0,28,0.902031091733823,0.05872152756003102,0.06441905357085409,0.06801585680645257,0.9828459074784778,0.0013843749999999998,120,67.83502365997992,,,
five_level_weak_anharmonic,path_horizon,0.03,deph_0.001,0.001,0.0,29,0.9387150384014841,0.04910733516035204,0.050940787053860626,0.09389461163929572,0.9818449968004709,0.0013843749999999998,120,67.83502365997992,,,
five_level_weak_anharmonic,path_horizon,0.03,deph_0.001,0.001,0.0,30,0.8243545738749936,0.039084484742372805,0.04010136416494703,0.23172799307149614,0.9790298241474458,0.0013843749999999998,120,67.83502365997992,,,
five_level_weak_anharmonic,path_horizon,0.03,deph_0.001,0.001,0.0,31,0.8031507223575061,0.038363978107769814,0.04790544527384266,0.11192366713286102,0.9836682681782969,0.0013843749999999998,120,67.83502365997992,,,
five_level_weak_anharmonic,path_horizon,0.03,deph_0.001,0.001,0.0,32,0.8047427608814474,0.037782591645152186,0.042354423638729766,0.10472508200352669,0.9843909783710978,0.0013843749999999998,120,67.83502365997992,,,
five_level_weak_anharmonic,path_horizon,0.03,deph_0.001,0.001,0.0,33,0.80911098588518,0.038799453945625784,0.038799453945625784,0.26458760182989205,0.9786322603436362,0.0013843749999999998,120,67.83502365997992,,,
five_level_weak_anharmonic,path_horizon,0.03,deph_0.001,0.001,0.0,34,0.8335937390665887,0.05516018281416668,0.055240349859181914,0.17650096505773002,0.9793306754985547,0.0013843749999999998,120,67.83502365997992,,,
five_level_weak_anharmonic,path_horizon,0.03,deph_0.001,0.001,0.0,35,0.9086702303559582,0.06228063260861294,0.06568769436393007,0.0951983562408126,0.9826644005601929,0.0013843749999999998,120,67.83502365997992,,,
five_level_weak_anharmonic,path_horizon,0.03,deph_0.001,0.001,0.0,36,0.8336821082580186,0.04246004225355715,0.047919755102191264,0.09269662744961271,0.9840606820313155,0.0013843749999999998,120,67.83502365997992,,,
five_level_weak_anharmonic,path_horizon,0.03,deph_0.001,0.001,0.0,37,0.8800875022282163,0.03889479674198093,0.04327657433939269,0.20519950576208815,0.9806508188808502,0.0013843749999999998,120,67.83502365997992,,,
five_level_weak_anharmonic,path_horizon,0.03,deph_0.001,0.001,0.0,38,0.7224867610444885,0.022995997505294463,0.02397057045534634,0.33449702071404397,0.9776737821768176,0.0013843749999999998,120,67.83502365997992,,,
five_level_weak_anharmonic,path_horizon,0.03,deph_0.001,0.001,0.0,39,0.8435244557639592,0.04191310782404567,0.052366119848243464,0.11008117513088206,0.9828248793799916,0.0013843749999999998,120,67.83502365997992,,,
five_level_weak_anharmonic,path_horizon,0.03,deph_0.001,0.001,0.0,40,0.9232909725701782,0.05477272504237807,0.05713557992331009,0.06856033343810619,0.9832922587089923,0.0013843749999999998,120,67.83502365997992,,,
five_level_weak_anharmonic,path_horizon,0.03,deph_0.001,0.001,0.0,41,0.8791707289623462,0.04810419500155505,0.051133737527482404,0.07436169831421395,0.9839912316092161,0.0013843749999999998,120,67.83502365997992,,,
five_level_weak_anharmonic,path_horizon,0.03,deph_0.001,0.001,0.0,42,0.8651389290321131,0.05154034746118619,0.05154034746118619,0.16941035759951434,0.9794927869656718,0.0013843749999999998,120,67.83502365997992,,,
five_level_weak_anharmonic,path_horizon,0.03,deph_0.001,0.001,0.0,43,0.8266435813084452,0.03595929347536053,0.040539604744567526,0.12357024845777366,0.9829752527958436,0.0013843749999999998,120,67.83502365997992,,,
five_level_weak_anharmonic,path_horizon,0.03,deph_0.001,0.001,0.0,44,0.6697225111504788,0.027563487318933433,0.030049247925246325,0.41448332213950934,0.9763225191653958,0.0013843749999999998,120,67.83502365997992,,,
five_level_weak_anharmonic,path_horizon,0.03,deph_0.001,0.001,0.0,45,0.8587748614195037,0.04903645547224178,0.05366214931629698,0.1572533526024136,0.979758645697619,0.0013843749999999998,120,67.83502365997992,,,
five_level_weak_anharmonic,path_horizon,0.03,deph_0.001,0.001,0.0,46,0.78031421714174,0.035629231309412424,0.03872722267454387,0.10705896736864386,0.9845976509448415,0.0013843749999999998,120,67.83502365997992,,,
five_level_weak_anharmonic,path_horizon,0.03,deph_0.001,0.001,0.0,47,0.899381739350117,0.039395732159416386,0.04955201023285838,0.06472030223026425,0.984416097491952,0.0013843749999999998,120,67.83502365997992,,,
five_level_weak_anharmonic,path_horizon,0.03,deph_0.001,0.001,0.0,48,0.56046041713002,0.024984055850988618,0.0441215063193523,0.26628431015396015,0.9817338202709653,0.0013843749999999998,120,67.83502365997992,,,
five_level_weak_anharmonic,path_horizon,0.03,deph_0.001,0.001,0.0,49,0.900650524200957,0.04164024416761258,0.049735977735207104,0.06604474006906787,0.9843444068862084,0.0013843749999999998,120,67.83502365997992,,,
five_level_weak_anharmonic,path_horizon,0.03,deph_0.001,0.001,0.0,50,0.8726650653701865,0.045198673589375904,0.05049210828418893,0.14544196885680857,0.9806748281505087,0.0013843749999999998,120,67.83502365997992,,,
five_level_weak_anharmonic,path_horizon,0.03,deph_0.001,0.001,0.0,51,0.9320083455590766,0.058181109505608175,0.05952171829251662,0.07607426646930665,0.9832975955018403,0.0013843749999999998,120,67.83502365997992,,,
five_level_weak_anharmonic,path_horizon,0.03,deph_0.001,0.001,0.0,52,0.8658091727564092,0.03720874274190211,0.04446340879664157,0.07590348679751183,0.9840532249861715,0.0013843749999999998,120,67.83502365997992,,,
five_level_weak_anharmonic,path_horizon,0.03,deph_0.001,0.001,0.0,53,0.7563736417335333,0.04031223879108703,0.04063354019968013,0.21381737606525447,0.9794680549239712,0.0013843749999999998,120,67.83502365997992,,,
five_level_weak_anharmonic,path_horizon,0.03,deph_0.001,0.001,0.0,54,0.7862342447496456,0.04157862990184025,0.044755431903480636,0.1691319267784414,0.9808771031162011,0.0013843749999999998,120,67.83502365997992,,,
five_level_weak_anharmonic,path_horizon,0.03,deph_0.001,0.001,0.0,55,0.6678675890464907,0.036528375476420516,0.03959252335894514,0.3875454566806299,0.9752685027975865,0.0013843749999999998,120,67.83502365997992,,,
five_level_weak_anharmonic,path_horizon,0.03,deph_0.001,0.001,0.0,56,0.839885148504509,0.035483167406582417,0.04915968806413806,0.10187304011182802,0.983643588158155,0.0013843749999999998,120,67.83502365997992,,,
five_level_weak_anharmonic,path_horizon,0.03,deph_0.001,0.001,0.0,57,0.9175726746843882,0.06447807440396791,0.06975842537252985,0.11563253290956346,0.9819496251709796,0.0013843749999999998,120,67.83502365997992,,,
five_level_weak_anharmonic,path_horizon,0.03,deph_0.001,0.001,0.0,58,0.8842225896013572,0.034942489653918996,0.04126771633626458,0.07499742428807565,0.984334691691955,0.0013843749999999998,120,67.83502365997992,,,
five_level_weak_anharmonic,path_horizon,0.03,deph_0.001,0.001,0.0,59,0.6786087762430321,0.03593483800803288,0.04519883612397324,0.18227587498363593,0.9825172121181021,0.0013843749999999998,120,67.83502365997992,,,
five_level_weak_anharmonic,path_horizon,0.03,relax_0.0005,0.0,0.0005,10,0.929741732910027,0.04391021269847595,0.0478910183704887,0.13981824970067536,0.9855773826097194,0.0013843749999999998,120,67.83502365997992,,,
five_level_weak_anharmonic,path_horizon,0.03,relax_0.0005,0.0,0.0005,11,0.7631972895501901,0.04578660022098202,0.0502193143030667,0.12166556782536887,0.9748538068349332,0.0013843749999999998,120,67.83502365997992,,,
five_level_weak_anharmonic,path_horizon,0.03,relax_0.0005,0.0,0.0005,12,0.79313498140177,0.04171533587516263,0.043517628304497014,0.12185248921658147,0.9776369759246728,0.0013843749999999998,120,67.83502365997992,,,
five_level_weak_anharmonic,path_horizon,0.03,relax_0.0005,0.0,0.0005,13,0.520429402512739,0.023987719403278485,0.0254395288429079,0.5145173166424626,0.9952580231420733,0.0013843749999999998,120,67.83502365997992,,,
five_level_weak_anharmonic,path_horizon,0.03,relax_0.0005,0.0,0.0005,14,0.6852191477884585,0.028067568278904664,0.029873034755361738,0.3366718557857833,0.9899632168288761,0.0013843749999999998,120,67.83502365997992,,,
five_level_weak_anharmonic,path_horizon,0.03,relax_0.0005,0.0,0.0005,15,0.9065592854141293,0.05490580706812842,0.06034132097143041,0.09108294505500641,0.9805539663962959,0.0013843749999999998,120,67.83502365997992,,,
five_level_weak_anharmonic,path_horizon,0.03,relax_0.0005,0.0,0.0005,16,0.8569659877652989,0.050366760163054414,0.05396441873121338,0.07583040562492802,0.976348440092912,0.0013843749999999998,120,67.83502365997992,,,
five_level_weak_anharmonic,path_horizon,0.03,relax_0.0005,0.0,0.0005,17,0.9364799845527776,0.03861193415589537,0.04298211769931781,0.11281822063826354,0.9839866842640934,0.0013843749999999998,120,67.83502365997992,,,
five_level_weak_anharmonic,path_horizon,0.03,relax_0.0005,0.0,0.0005,18,0.908231031517896,0.053708887362325264,0.05442794323207645,0.13087447072239905,0.9847656825841892,0.0013843749999999998,120,67.83502365997992,,,
five_level_weak_anharmonic,path_horizon,0.03,relax_0.0005,0.0,0.0005,19,0.808647232632548,0.03390344877025009,0.038397516380373586,0.1033781923627602,0.9763243903819119,0.0013843749999999998,120,67.83502365997992,,,
five_level_weak_anharmonic,path_horizon,0.03,relax_0.0005,0.0,0.0005,20,0.8919994238798226,0.054057483114224536,0.05653847364224962,0.07884483880189076,0.9785525071550737,0.0013843749999999998,120,67.83502365997992,,,
five_level_weak_anharmonic,path_horizon,0.03,relax_0.0005,0.0,0.0005,21,0.9110613785720394,0.03775644099594144,0.04339534331452344,0.055659676609755356,0.9772651614624145,0.0013843749999999998,120,67.83502365997992,,,
five_level_weak_anharmonic,path_horizon,0.03,relax_0.0005,0.0,0.0005,22,0.9047361854615077,0.04059574674317534,0.04483578276562594,0.05975642394520379,0.9770345810484157,0.0013843749999999998,120,67.83502365997992,,,
five_level_weak_anharmonic,path_horizon,0.03,relax_0.0005,0.0,0.0005,23,0.900346039886649,0.04498076594853384,0.04746676620744783,0.08744634626337273,0.9804516123645126,0.0013843749999999998,120,67.83502365997992,,,
five_level_weak_anharmonic,path_horizon,0.03,relax_0.0005,0.0,0.0005,24,0.8372772634819309,0.025659510921208994,0.03441101532329571,0.15617212237544476,0.9830514002845052,0.0013843749999999998,120,67.83502365997992,,,
five_level_weak_anharmonic,path_horizon,0.03,relax_0.0005,0.0,0.0005,25,0.8213318138778165,0.04027208799969151,0.04338581643158723,0.1679734640413459,0.983489952538061,0.0013843749999999998,120,67.83502365997992,,,
five_level_weak_anharmonic,path_horizon,0.03,relax_0.0005,0.0,0.0005,26,0.8980934874922638,0.05718614061634997,0.05718614061634997,0.12121735135857246,0.9839123163529864,0.0013843749999999998,120,67.83502365997992,,,
five_level_weak_anharmonic,path_horizon,0.03,relax_0.0005,0.0,0.0005,27,0.8614454401868964,0.039704284497338205,0.04358707752943691,0.16657271954927202,0.9858795036423026,0.0013843749999999998,120,67.83502365997992,,,
five_level_weak_anharmonic,path_horizon,0.03,relax_0.0005,0.0,0.0005,28,0.902099177826752,0.05786763627637337,0.06370922972581894,0.0682332120529064,0.9784922468216691,0.0013843749999999998,120,67.83502365997992,,,
five_level_weak_anharmonic,path_horizon,0.03,relax_0.0005,0.0,0.0005,29,0.9385840323174207,0.048528826979068906,0.05045732654590851,0.09450181741944318,0.983379559824503,0.0013843749999999998,120,67.83502365997992,,,
five_level_weak_anharmonic,path_horizon,0.03,relax_0.0005,0.0,0.0005,30,0.8236290391394956,0.03856567987399617,0.03960040824908595,0.23340855561761978,0.9887862869699808,0.0013843749999999998,120,67.83502365997992,,,
five_level_weak_anharmonic,path_horizon,0.03,relax_0.0005,0.0,0.0005,31,0.8041633252161656,0.03749519199333151,0.04734899703728457,0.11187448638678518,0.9759254347045567,0.0013843749999999998,120,67.83502365997992,,,
five_level_weak_anharmonic,path_horizon,0.03,relax_0.0005,0.0,0.0005,32,0.805267445998304,0.03695526213564693,0.0415319437442182,0.10485397182310184,0.975631535056506,0.0013843749999999998,120,67.83502365997992,,,
five_level_weak_anharmonic,path_horizon,0.03,relax_0.0005,0.0,0.0005,33,0.8083359447832315,0.03811856916902878,0.03814618421134108,0.26637258235036126,0.9903659537716689,0.0013843749999999998,120,67.83502365997992,,,
five_level_weak_anharmonic,path_horizon,0.03,relax_0.0005,0.0,0.0005,34,0.8341847025744891,0.0545437155833699,0.054615893598022214,0.17702214867842136,0.9857376587948391,0.0013843749999999998,120,67.83502365997992,,,
five_level_weak_anharmonic,path_horizon,0.03,relax_0.0005,0.0,0.0005,35,0.9072927310299174,0.06149793844804896,0.06502086696379838,0.09631976464895857,0.980464063675088,0.0013843749999999998,120,67.83502365997992,,,
five_level_weak_anharmonic,path_horizon,0.03,relax_0.0005,0.0,0.0005,36,0.8341558349068939,0.04184243039931157,0.04740647030509959,0.09270904254202826,0.9769424589646919,0.0013843749999999998,120,67.83502365997992,,,
five_level_weak_anharmonic,path_horizon,0.03,relax_0.0005,0.0,0.0005,37,0.8791507126209989,0.03769598995861223,0.04221240094133971,0.20667220904728714,0.988583870829855,0.0013843749999999998,120,67.83502365997992,,,
five_level_weak_anharmonic,path_horizon,0.03,relax_0.0005,0.0,0.0005,38,0.7215174473870777,0.022594718533353708,0.023609061360630124,0.3366843981634409,0.9913264526862214,0.0013843749999999998,120,67.83502365997992,,,
five_level_weak_anharmonic,path_horizon,0.03,relax_0.0005,0.0,0.0005,39,0.8449863760508567,0.04083603530137958,0.051768893344638744,0.10984725500092135,0.979021780909556,0.0013843749999999998,120,67.83502365997992,,,
five_level_weak_anharmonic,path_horizon,0.03,relax_0.0005,0.0,0.0005,40,0.923137334332444,0.05398402597823215,0.0563991118876741,0.0690727946605635,0.9798361576507708,0.0013843749999999998,120,67.83502365997992,,,
five_level_weak_anharmonic,path_horizon,0.03,relax_0.0005,0.0,0.0005,41,0.8770272211483182,0.047328644197045744,0.050401658778865155,0.07590715559097459,0.9772857077997954,0.0013843749999999998,120,67.83502365997992,,,
five_level_weak_anharmonic,path_horizon,0.03,relax_0.0005,0.0,0.0005,42,0.8652489134133753,0.05111180003774907,0.05111180003774907,0.17035206074444947,0.986147634928812,0.0013843749999999998,120,67.83502365997992,,,
five_level_weak_anharmonic,path_horizon,0.03,relax_0.0005,0.0,0.0005,43,0.827687051705204,0.03531632250778427,0.03997376519352369,0.12362589181301345,0.9797478556833946,0.0013843749999999998,120,67.83502365997992,,,
five_level_weak_anharmonic,path_horizon,0.03,relax_0.0005,0.0,0.0005,44,0.6690874953899777,0.0268165661661679,0.029475989739541575,0.4166382473121287,0.9945294321971795,0.0013843749999999998,120,67.83502365997992,,,
five_level_weak_anharmonic,path_horizon,0.03,relax_0.0005,0.0,0.0005,45,0.8595973767938931,0.0481351852125661,0.052953050870790275,0.15792003512073194,0.9848338005491091,0.0013843749999999998,120,67.83502365997992,,,
five_level_weak_anharmonic,path_horizon,0.03,relax_0.0005,0.0,0.0005,46,0.7781446819765045,0.03500895448160579,0.03810968018938787,0.10848236812899024,0.9751828050158257,0.0013843749999999998,120,67.83502365997992,,,
five_level_weak_anharmonic,path_horizon,0.03,relax_0.0005,0.0,0.0005,47,0.897988958984599,0.03832192480051033,0.048968277657514436,0.06598433540706962,0.9770486414353372,0.0013843749999999998,120,67.83502365997992,,,
five_level_weak_anharmonic,path_horizon,0.03,relax_0.0005,0.0,0.0005,48,0.5580237984007173,0.024118229844624528,0.04365964724693505,0.26778395115594267,0.9753357506607153,0.0013843749999999998,120,67.83502365997992,,,
five_level_weak_anharmonic,path_horizon,0.03,relax_0.0005,0.0,0.0005,49,0.9002907291952543,0.040502388110774334,0.04897243492249381,0.06679768564671174,0.977375752939704,0.0013843749999999998,120,67.83502365997992,,,
five_level_weak_anharmonic,path_horizon,0.03,relax_0.0005,0.0,0.0005,50,0.8733122495334437,0.044216021108077874,0.04965548234278394,0.14607707401809442,0.9845658413116201,0.0013843749999999998,120,67.83502365997992,,,
five_level_weak_anharmonic,path_horizon,0.03,relax_0.0005,0.0,0.0005,51,0.9310945602234318,0.057381895441000697,0.05877192170022083,0.07712007547154412,0.980335670806479,0.0013843749999999998,120,67.83502365997992,,,
five_level_weak_anharmonic,path_horizon,0.03,relax_0.0005,0.0,0.0005,52,0.8642803969007051,0.03620805632188606,0.04385276868698251,0.07718053567188427,0.9763518201046045,0.0013843749999999998,120,67.83502365997992,,,
five_level_weak_anharmonic,path_horizon,0.03,relax_0.0005,0.0,0.0005,53,0.7574473165268941,0.03975172971526597,0.04000598891867235,0.2141029636664205,0.9845526321223342,0.0013843749999999998,120,67.83502365997992,,,
five_level_weak_anharmonic,path_horizon,0.03,relax_0.0005,0.0,0.0005,54,0.7879970313577308,0.040912350683547594,0.04412355467534146,0.16876104955665053,0.9821834129601806,0.0013843749999999998,120,67.83502365997992,,,
five_level_weak_anharmonic,path_horizon,0.03,relax_0.0005,0.0,0.0005,55,0.6675483374361935,0.03563904685226549,0.038941056122693496,0.38960988393295254,0.9934428812309245,0.0013843749999999998,120,67.83502365997992,,,
five_level_weak_anharmonic,path_horizon,0.03,relax_0.0005,0.0,0.0005,56,0.8413637937818161,0.03456333471731732,0.04868600235091092,0.10139320942265426,0.978124427269815,0.0013843749999999998,120,67.83502365997992,,,
five_level_weak_anharmonic,path_horizon,0.03,relax_0.0005,0.0,0.0005,57,0.9170665976257052,0.06341190101880911,0.06891903677662159,0.11675299775490965,0.9828969820418243,0.0013843749999999998,120,67.83502365997992,,,
five_level_weak_anharmonic,path_horizon,0.03,relax_0.0005,0.0,0.0005,58,0.8845055533307621,0.03423961125449326,0.04071564543040995,0.0754068975512309,0.9780967373734647,0.0013843749999999998,120,67.83502365997992,,,
five_level_weak_anharmonic,path_horizon,0.03,relax_0.0005,0.0,0.0005,59,0.6763253098904581,0.035034689481560966,0.04448468934803229,0.1837459103946211,0.975161937334671,0.0013843749999999998,120,67.83502365997992,,,
five_level_weak_anharmonic,path_horizon,0.03,combined,0.001,0.0005,10,0.9209740062704591,0.04451965989073614,0.04826168804270847,0.14664571525423273,0.966215987347058,0.0013843749999999998,120,67.83502365997992,,,
five_level_weak_anharmonic,path_horizon,0.03,combined,0.001,0.0005,11,0.759409845605487,0.04625220180240719,0.05061638932514456,0.12718885472805447,0.9594191769395165,0.0013843749999999998,120,67.83502365997992,,,
five_level_weak_anharmonic,path_horizon,0.03,combined,0.001,0.0005,12,0.7884166258097679,0.04231962752646001,0.04408391179228022,0.12820414327227914,0.9609184040338786,0.0013843749999999998,120,67.83502365997992,,,
five_level_weak_anharmonic,path_horizon,0.03,combined,0.001,0.0005,13,0.521082903524364,0.024637973133712632,0.02592925833851001,0.5133578075475805,0.9709178437468328,0.0013843749999999998,120,67.83502365997992,,,
five_level_weak_anharmonic,path_horizon,0.03,combined,0.001,0.0005,14,0.6827604442511085,0.028478853275871074,0.030199767371877462,0.3384300607739854,0.9668964983930931,0.0013843749999999998,120,67.83502365997992,,,
five_level_weak_anharmonic,path_horizon,0.03,combined,0.001,0.0005,15,0.898944813009823,0.05584685047143645,0.06084117100040676,0.09782266998111581,0.96373794033222,0.0013843749999999998,120,67.83502365997992,,,
five_level_weak_anharmonic,path_horizon,0.03,combined,0.001,0.0005,16,0.8511691989514568,0.05077527849419183,0.054329221729983,0.08248565071054767,0.9610319060940165,0.0013843749999999998,120,67.83502365997992,,,
five_level_weak_anharmonic,path_horizon,0.03,combined,0.001,0.0005,17,0.9287330705612459,0.039401272679813415,0.043591367756052324,0.11909041717441272,0.9667111970827952,0.0013843749999999998,120,67.83502365997992,,,
five_level_weak_anharmonic,path_horizon,0.03,combined,0.001,0.0005,18,0.9009058869769858,0.0540297598479097,0.054726482121645104,0.13714204035678434,0.96629685653379,0.0013843749999999998,120,67.83502365997992,,,
five_level_weak_anharmonic,path_horizon,0.03,combined,0.001,0.0005,19,0.8040118292897624,0.034382655513738425,0.03875543834441775,0.10934239742153362,0.9608532813816156,0.0013843749999999998,120,67.83502365997992,,,
five_level_weak_anharmonic,path_horizon,0.03,combined,0.001,0.0005,20,0.8853276957951257,0.05402402326847844,0.056440423758954195,0.08599320121744582,0.9624423026922825,0.0013843749999999998,120,67.83502365997992,,,
five_level_weak_anharmonic,path_horizon,0.03,combined,0.001,0.0005,21,0.9043707370814822,0.038141879719659544,0.04356255498784345,0.06246838214621045,0.9625178829238511,0.0013843749999999998,120,67.83502365997992,,,
five_level_weak_anharmonic,path_horizon,0.03,combined,0.001,0.0005,22,0.8978284326987556,0.04116464806515274,0.04527571656148677,0.0666056477449898,0.9619415433932461,0.0013843749999999998,120,67.83502365997992,,,
five_level_weak_anharmonic,path_horizon,0.03,combined,0.001,0.0005,23,0.8937761551490304,0.04514337537118551,0.047554356436445566,0.0937666099458503,0.963865663492322,0.0013843749999999998,120,67.83502365997992,,,
five_level_weak_anharmonic,path_horizon,0.03,combined,0.001,0.0005,24,0.8318512326059427,0.02661476546341046,0.03447859491305927,0.1609645268549408,0.9645724606860432,0.0013843749999999998,120,67.83502365997992,,,
five_level_weak_anharmonic,path_horizon,0.03,combined,0.001,0.0005,25,0.8162478485335376,0.040682971126207,0.04370032035680338,0.17263064889018742,0.9645394182950964,0.0013843749999999998,120,67.83502365997992,,,
five_level_weak_anharmonic,path_horizon,0.03,combined,0.001,0.0005,26,0.8911675536685612,0.05730953827652119,0.05730953827652119,0.12758600853373525,0.9654193739941861,0.0013843749999999998,120,67.83502365997992,,,
five_level_weak_anharmonic,path_horizon,0.03,combined,0.001,0.0005,27,0.8557009211483582,0.040127041108846684,0.04379217592194795,0.1713187580870925,0.9666364477495099,0.0013843749999999998,120,67.83502365997992,,,
five_level_weak_anharmonic,path_horizon,0.03,combined,0.001,0.0005,28,0.8951068248752293,0.05809677722244366,0.06368897739112134,0.07541733286172214,0.9619174312854212,0.0013843749999999998,120,67.83502365997992,,,
five_level_weak_anharmonic,path_horizon,0.03,combined,0.001,0.0005,29,0.9309231223975544,0.048501684720239524,0.050335652137989184,0.10139559486031705,0.9656736374511203,0.0013843749999999998,120,67.83502365997992,,,
five_level_weak_anharmonic,path_horizon,0.03,combined,0.001,0.0005,30,0.8185173829707036,0.038709571193710546,0.03971978804436738,0.2374095101611359,0.9682027903110105,0.0013843749999999998,120,67.83502365997992,,,
five_level_weak_anharmonic,path_horizon,0.03,combined,0.001,0.0005,31,0.7992027261728109,0.038266895803430456,0.047493469336829075,0.11739920991571429,0.9602492285087751,0.0013843749999999998,120,67.83502365997992,,,
five_level_weak_anharmonic,path_horizon,0.03,combined,0.001,0.0005,32,0.8004974650431685,0.03762697685435312,0.04214446056528931,0.11054668000890475,0.9606576781341225,0.0013843749999999998,120,67.83502365997992,,,
five_level_weak_anharmonic,path_horizon,0.03,combined,0.001,0.0005,33,0.8029837404607126,0.03852367590172778,0.03852367590172778,0.27018824912052886,0.9693675416910046,0.0013843749999999998,120,67.83502365997992,,,
five_level_weak_anharmonic,path_horizon,0.03,combined,0.001,0.0005,34,0.8286461948577094,0.05475561333919021,0.05484476094226476,0.18211386280854888,0.9655156041804537,0.0013843749999999998,120,67.83502365997992,,,
five_level_weak_anharmonic,path_horizon,0.03,combined,0.001,0.0005,35,0.8996843422162141,0.06160418693564074,0.06494678144255994,0.10361037436764571,0.9636550515904737,0.0013843749999999998,120,67.83502365997992,,,
five_level_weak_anharmonic,path_horizon,0.03,combined,0.001,0.0005,36,0.8291326571899893,0.04211565233355863,0.047487942377510306,0.09853090306933567,0.9616147047450644,0.0013843749999999998,120,67.83502365997992,,,
five_level_weak_anharmonic,path_horizon,0.03,combined,0.001,0.0005,37,0.8719915030161162,0.03867495176621871,0.04295016261822593,0.21182682292510055,0.9695922830348637,0.0013843749999999998,120,67.83502365997992,,,
five_level_weak_anharmonic,path_horizon,0.03,combined,0.001,0.0005,38,0.7186040575189078,0.022827005288311275,0.023780454868900902,0.33857122248527616,0.9693848420769927,0.0013843749999999998,120,67.83502365997992,,,
five_level_weak_anharmonic,path_horizon,0.03,combined,0.001,0.0005,39,0.8389618612073654,0.04183346784276598,0.051834549425572196,0.11577321449119804,0.9624132711943226,0.0013843749999999998,120,67.83502365997992,,,
five_level_weak_anharmonic,path_horizon,0.03,combined,0.001,0.0005,40,0.91582261248129,0.054245301041466853,0.05659488564841031,0.07616303154068729,0.9636426294181876,0.0013843749999999998,120,67.83502365997992,,,
five_level_weak_anharmonic,path_horizon,0.03,combined,0.001,0.0005,41,0.8707020498531499,0.04761473291689944,0.05062426269312348,0.08286312583928808,0.9618498835011673,0.0013843749999999998,120,67.83502365997992,,,
five_level_weak_anharmonic,path_horizon,0.03,combined,0.001,0.0005,42,0.8591404939000826,0.050976370741694366,0.050976370741694366,0.17570383155607566,0.9660731202425914,0.0013843749999999998,120,67.83502365997992,,,
five_level_weak_anharmonic,path_horizon,0.03,combined,0.001,0.0005,43,0.8226807143154936,0.0357332214961994,0.04023700810601305,0.1287785836893275,0.9632627114133808,0.0013843749999999998,120,67.83502365997992,,,
five_level_weak_anharmonic,path_horizon,0.03,combined,0.001,0.0005,44,0.666112636157059,0.027338667433399744,0.029750303612286366,0.41806046257607493,0.971211393182706,0.0013843749999999998,120,67.83502365997992,,,
five_level_weak_anharmonic,path_horizon,0.03,combined,0.001,0.0005,45,0.8534501372311037,0.04867409889217478,0.05316837130370056,0.16305830469783256,0.9650436253363528,0.0013843749999999998,120,67.83502365997992,,,
five_level_weak_anharmonic,path_horizon,0.03,combined,0.001,0.0005,46,0.7746110306224765,0.035291796814210796,0.038387977692803,0.1138902500213105,0.9604146553194449,0.0013843749999999998,120,67.83502365997992,,,
five_level_weak_anharmonic,path_horizon,0.03,combined,0.001,0.0005,47,0.8912995585047353,0.03916479995390576,0.04902040840025634,0.07261564300134916,0.9620346260294792,0.0013843749999999998,120,67.83502365997992,,,
five_level_weak_anharmonic,path_horizon,0.03,combined,0.001,0.0005,48,0.5585211603716551,0.024970966380241877,0.04373493960385977,0.27021911158451917,0.9578240395120738,0.0013843749999999998,120,67.83502365997992,,,
five_level_weak_anharmonic,path_horizon,0.03,combined,0.001,0.0005,49,0.8934034069405002,0.041494398791508624,0.049322037422399045,0.07343799378953692,0.9622847434327009,0.0013843749999999998,120,67.83502365997992,,,
five_level_weak_anharmonic,path_horizon,0.03,combined,0.001,0.0005,50,0.866920657547334,0.04495985831198057,0.05012016867644864,0.1513521175922983,0.9656807098585677,0.0013843749999999998,120,67.83502365997992,,,
five_level_weak_anharmonic,path_horizon,0.03,combined,0.001,0.0005,51,0.9234728783902687,0.05761734622090431,0.05895123594516938,0.08423885307518092,0.9641299846860834,0.0013843749999999998,120,67.83502365997992,,,
five_level_weak_anharmonic,path_horizon,0.03,combined,0.001,0.0005,52,0.8581368478896235,0.03704531054080784,0.044053381214175125,0.0837650497120229,0.9610129542669998,0.0013843749999999998,120,67.83502365997992,,,
five_level_weak_anharmonic,path_horizon,0.03,combined,0.001,0.0005,53,0.7535692124854719,0.04011032791758484,0.04045869621720688,0.2180288531209146,0.9645169965122041,0.0013843749999999998,120,67.83502365997992,,,
five_level_weak_anharmonic,path_horizon,0.03,combined,0.001,0.0005,54,0.7833713898482935,0.04143867069089546,0.04456298083706045,0.17349812139544413,0.9635892840174393,0.0013843749999999998,120,67.83502365997992,,,
five_level_weak_anharmonic,path_horizon,0.03,combined,0.001,0.0005,55,0.6649047102854205,0.03627641124567638,0.03923966370570886,0.39098647394895847,0.9690912599298931,0.0013843749999999998,120,67.83502365997992,,,
five_level_weak_anharmonic,path_horizon,0.03,combined,0.001,0.0005,56,0.8355598775298554,0.03544426570786563,0.04857701785741375,0.10745964403533259,0.9623510763408575,0.0013843749999999998,120,67.83502365997992,,,
five_level_weak_anharmonic,path_horizon,0.03,combined,0.001,0.0005,57,0.9095075034822883,0.06394350390139592,0.06907336367300299,0.12301937220743905,0.9653102893745996,0.0013843749999999998,120,67.83502365997992,,,
five_level_weak_anharmonic,path_horizon,0.03,combined,0.001,0.0005,58,0.8785015098527807,0.034677726323275926,0.040874737717702114,0.08140895989370957,0.9629770365623072,0.0013843749999999998,120,67.83502365997992,,,
five_level_weak_anharmonic,path_horizon,0.03,combined,0.001,0.0005,59,0.6743837139829285,0.03579723221066211,0.04488790295590939,0.1879500666484545,0.9584032569986445,0.0013843749999999998,120,67.83502365997992,,,
five_level_weak_anharmonic,leakage_penalized_grape,0.03,static_only,0.0,0.0,10,0.9954900757235127,0.0008904303873450425,0.04577393647562955,0.07239814113063098,0.9999978315449295,0.002660754010031672,80,16.10844368697144,0.022294509396665642,40,False
five_level_weak_anharmonic,leakage_penalized_grape,0.03,static_only,0.0,0.0,11,0.926467231512049,0.0020754438508998607,0.06990249754461797,0.0422174984683629,0.9999965331230276,0.002660754010031672,80,16.10844368697144,0.022294509396665642,40,False
five_level_weak_anharmonic,leakage_penalized_grape,0.03,static_only,0.0,0.0,12,0.9880294469339208,0.0014059509332046138,0.04714958675706726,0.0761217037160672,0.9999974722601852,0.002660754010031672,80,16.10844368697144,0.022294509396665642,40,False
five_level_weak_anharmonic,leakage_penalized_grape,0.03,static_only,0.0,0.0,13,0.9077581814318931,7.242395883855224e-05,0.07395162816763134,0.060043091519248616,0.9999961954234967,0.002660754010031672,80,16.10844368697144,0.022294509396665642,40,False
five_level_weak_anharmonic,leakage_penalized_grape,0.03,static_only,0.0,0.0,14,0.9112422249548284,0.0005092050948677374,0.06153320577793209,0.04685965020098864,0.999996729874021,0.002660754010031672,80,16.10844368697144,0.022294509396665642,40,False
five_level_weak_anharmonic,leakage_penalized_grape,0.03,static_only,0.0,0.0,15,0.9867097773648039,0.0016612827489317361,0.05379960586098376,0.09714082676157594,0.9999969441913242,0.002660754010031672,80,16.10844368697144,0.022294509396665642,40,False
five_level_weak_anharmonic,leakage_penalized_grape,0.03,static_only,0.0,0.0,16,0.9881246634958197,0.00041745394705350325,0.05616148280063071,0.05126791288786102,0.9999968253226611,0.002660754010031672,80,16.10844368697144,0.022294509396665642,40,False
five_level_weak_anharmonic,leakage_penalized_grape,0.03,static_only,0.0,0.0,17,0.9244715577910251,0.00035305857360623527,0.034405379661284874,0.18902713110028943,0.9999977156446602,0.002660754010031672,80,16.10844368697144,0.022294509396665642,40,False
five_level_weak_anharmonic,leakage_penalized_grape,0.03,static_only,0.0,0.0,18,0.982718850084328,0.0008624505391162662,0.05141845650214827,0.10779322613783124,0.9999973336862744,0.002660754010031672,80,16.10844368697144,0.022294509396665642,40,False
five_level_weak_anharmonic,leakage_penalized_grape,0.03,static_only,0.0,0.0,19,0.9958240287647268,0.00013008890498344972,0.04580151907398855,0.05284572872281166,0.9999974816162217,0.002660754010031672,80,16.10844368697144,0.022294509396665642,40,False
five_level_weak_anharmonic,leakage_penalized_grape,0.03,static_only,0.0,0.0,20,0.9761813499640798,0.0013673686657037498,0.04835496844534548,0.11065617838384582,0.999997946922559,0.002660754010031672,80,16.10844368697144,0.022294509396665642,40,False
five_level_weak_anharmonic,leakage_penalized_grape,0.03,static_only,0.0,0.0,21,0.9945277248678631,0.0007577550163784252,0.0450405272320904,0.06542737983953556,0.9999975853818915,0.002660754010031672,80,16.10844368697144,0.022294509396665642,40,False
five_level_weak_anharmonic,leakage_penalized_grape,0.03,static_only,0.0,0.0,22,0.9828144601720614,0.00042332402912514944,0.05619604758193919,0.03597496089123804,0.9999970912792339,0.002660754010031672,80,16.10844368697144,0.022294509396665642,40,False
five_level_weak_anharmonic,leakage_penalized_grape,0.03,static_only,0.0,0.0,23,0.9886973815613255,0.0011451911807344173,0.05493053851646379,0.035845609907517416,0.9999972862330242,0.002660754010031672,80,16.10844368697144,0.022294509396665642,40,False
five_level_weak_anharmonic,leakage_penalized_grape,0.03,static_only,0.0,0.0,24,0.9950058903487635,0.0006090527382180966,0.04524277108119046,0.044858458099436505,0.9999972913435653,0.002660754010031672,80,16.10844368697144,0.022294509396665642,40,False
five_level_weak_anharmonic,leakage_penalized_grape,0.03,static_only,0.0,0.0,25,0.980147968931336,0.0011619293805433806,0.05978005779897444,0.040545043203050316,0.9999970808179205,0.002660754010031672,80,16.10844368697144,0.022294509396665642,40,False
five_level_weak_anharmonic,leakage_penalized_grape,0.03,static_only,0.0,0.0,26,0.9957742002539847,0.0012336342306020764,0.060359282878558185,0.07384293075268542,0.9999971470608514,0.002660754010031672,80,16.10844368697144,0.022294509396665642,40,False
five_level_weak_anharmonic,leakage_penalized_grape,0.03,static_only,0.0,0.0,27,0.9938412369330696,0.0002808227491267745,0.0468038309564609,0.0827056768141658,0.9999976013488939,0.002660754010031672,80,16.10844368697144,0.022294509396665642,40,False
five_level_weak_anharmonic,leakage_penalized_grape,0.03,static_only,0.0,0.0,28,0.992387711807762,0.0032081625706390504,0.059866015517355375,0.042716759746756525,0.9999972380215824,0.002660754010031672,80,16.10844368697144,0.022294509396665642,40,False
five_level_weak_anharmonic,leakage_penalized_grape,0.03,static_only,0.0,0.0,29,0.9929540788800245,0.002728472787124736,0.04879685805107614,0.07042248525308317,0.9999976125743528,0.002660754010031672,80,16.10844368697144,0.022294509396665642,40,False
five_level_weak_anharmonic,leakage_penalized_grape,0.03,static_only,0.0,0.0,30,0.9973839356765158,0.0016144686326433622,0.05275386324555864,0.06318689191845986,0.9999974815499929,0.002660754010031672,80,16.10844368697144,0.022294509396665642,40,False
five_level_weak_anharmonic,leakage_penalized_grape,0.03,static_only,0.0,0.0,31,0.9341999699394633,0.0008688236259755122,0.06836041534934534,0.03775002384173033,0.9999965326138722,0.002660754010031672,80,16.10844368697144,0.022294509396665642,40,False
five_level_weak_anharmonic,leakage_penalized_grape,0.03,static_only,0.0,0.0,32,0.9468633446320089,0.0013480782379807765,0.06047315925701657,0.03865226252191627,0.9999965980977775,0.002660754010031672,80,16.10844368697144,0.022294509396665642,40,False
five_level_weak_anharmonic,leakage_penalized_grape,0.03,static_only,0.0,0.0,33,0.991700208143418,0.0001024193920683425,0.051202774261505546,0.08935353404880791,0.9999975069751004,0.002660754010031672,80,16.10844368697144,0.022294509396665642,40,False
five_level_weak_anharmonic,leakage_penalized_grape,0.03,static_only,0.0,0.0,34,0.9947736364297491,0.002409994911308999,0.07876703220790626,0.05304955822591209,0.9999968262011765,0.002660754010031672,80,16.10844368697144,0.022294509396665642,40,False
five_level_weak_anharmonic,leakage_penalized_grape,0.03,static_only,0.0,0.0,35,0.9357769279127394,0.0019529179202847358,0.049780986869487176,0.17260055874689975,0.999997427427651,0.002660754010031672,80,16.10844368697144,0.022294509396665642,40,False
five_level_weak_anharmonic,leakage_penalized_grape,0.03,static_only,0.0,0.0,36,0.9811553626293751,0.0019352383518567162,0.056261017325598406,0.03810277995032769,0.9999970789345948,0.002660754010031672,80,16.10844368697144,0.022294509396665642,40,False
five_level_weak_anharmonic,leakage_penalized_grape,0.03,static_only,0.0,0.0,37,0.8421226818868629,0.00025167200590470173,0.028312674283402783,0.2801810112418126,0.9999979834789495,0.002660754010031672,80,16.10844368697144,0.022294509396665642,40,False
five_level_weak_anharmonic,leakage_penalized_grape,0.03,static_only,0.0,0.0,38,0.9844672281098328,0.00013574674040306434,0.04636543213187028,0.03702422211053209,0.9999976180998281,0.002660754010031672,80,16.10844368697144,0.022294509396665642,40,False
five_level_weak_anharmonic,leakage_penalized_grape,0.03,static_only,0.0,0.0,39,0.9793583759243675,0.0009186824943737681,0.05502332867833104,0.04922006328160594,0.9999966447437434,0.002660754010031672,80,16.10844368697144,0.022294509396665642,40,False
five_level_weak_anharmonic,leakage_penalized_grape,0.03,static_only,0.0,0.0,40,0.9923128141772103,0.0011743087305130517,0.05053403775810539,0.07929616156844294,0.9999974186808827,0.002660754010031672,80,16.10844368697144,0.022294509396665642,40,False
five_level_weak_anharmonic,leakage_penalized_grape,0.03,static_only,0.0,0.0,41,0.9889948836365433,0.0008507451948508438,0.049820948074993154,0.08173780613652187,0.9999974491249467,0.002660754010031672,80,16.10844368697144,0.022294509396665642,40,False
five_level_weak_anharmonic,leakage_penalized_grape,0.03,static_only,0.0,0.0,42,0.9933924005768887,0.0010787107678964514,0.06323563872806792,0.04502279487358775,0.9999972861502029,0.002660754010031672,80,16.10844368697144,0.022294509396665642,40,False
five_level_weak_anharmonic,leakage_penalized_grape,0.03,static_only,0.0,0.0,43,0.9821956666364863,0.0010201335132496991,0.05187538447585616,0.039413635092527724,0.9999972545447396,0.002660754010031672,80,16.10844368697144,0.022294509396665642,40,False
five_level_weak_anharmonic,leakage_penalized_grape,0.03,static_only,0.0,0.0,44,0.9644004155062572,0.0008126682252198592,0.049441459680782285,0.0522254577151038,0.9999975347732782,0.002660754010031672,80,16.10844368697144,0.022294509396665642,40,False
five_level_weak_anharmonic,leakage_penalized_grape,0.03,static_only,0.0,0.0,45,0.9966952337135789,0.001336718445849372,0.06651191710064586,0.05207310809622437,0.9999972152865166,0.002660754010031672,80,16.10844368697144,0.022294509396665642,40,False
five_level_weak_anharmonic,leakage_penalized_grape,0.03,static_only,0.0,0.0,46,0.9855361419842029,0.0010973338150480627,0.05094959538814381,0.03944145748036808,0.9999972066910691,0.002660754010031672,80,16.10844368697144,0.022294509396665642,40,False
five_level_weak_anharmonic,leakage_penalized_grape,0.03,static_only,0.0,0.0,47,0.9749004167204792,0.0009709942137593464,0.04127288651859928,0.11095110907844473,0.9999975417036777,0.002660754010031672,80,16.10844368697144,0.022294509396665642,40,False
five_level_weak_anharmonic,leakage_penalized_grape,0.03,static_only,0.0,0.0,48,0.8932267222010561,0.0010520552960373575,0.05916153098283383,0.04711885613918397,0.9999961209405424,0.002660754010031672,80,16.10844368697144,0.022294509396665642,40,False
five_level_weak_anharmonic,leakage_penalized_grape,0.03,static_only,0.0,0.0,49,0.9737116278814543,0.0010248927958029785,0.04596236398800835,0.115656123935481,0.9999971112411477,0.002660754010031672,80,16.10844368697144,0.022294509396665642,40,False
five_level_weak_anharmonic,leakage_penalized_grape,0.03,static_only,0.0,0.0,50,0.9937928960963935,0.00048124066644472663,0.04994054739515352,0.08383827028588883,0.9999971019085467,0.002660754010031672,80,16.10844368697144,0.022294509396665642,40,False
five_level_weak_anharmonic,leakage_penalized_grape,0.03,static_only,0.0,0.0,51,0.9612745555262528,0.0016801571351984235,0.047523806367357646,0.1431535867497363,0.9999974058226508,0.002660754010031672,80,16.10844368697144,0.022294509396665642,40,False
five_level_weak_anharmonic,leakage_penalized_grape,0.03,static_only,0.0,0.0,52,0.9938855104492044,0.0003470473786048034,0.04724000687011454,0.06893748731154835,0.9999973195891273,0.002660754010031672,80,16.10844368697144,0.022294509396665642,40,False
five_level_weak_anharmonic,leakage_penalized_grape,0.03,static_only,0.0,0.0,53,0.9608828155792221,0.0004583147757979411,0.06713331813164791,0.04284775406795875,0.9999964989324941,0.002660754010031672,80,16.10844368697144,0.022294509396665642,40,False
five_level_weak_anharmonic,leakage_penalized_grape,0.03,static_only,0.0,0.0,54,0.9662082566330965,0.0005609756514824982,0.0708362777937992,0.03708990378815533,0.9999964855035993,0.002660754010031672,80,16.10844368697144,0.022294509396665642,40,False
five_level_weak_anharmonic,leakage_penalized_grape,0.03,static_only,0.0,0.0,55,0.9590548355202794,0.0010607620807252527,0.06680237363532404,0.04670046747245045,0.9999965178522059,0.002660754010031672,80,16.10844368697144,0.022294509396665642,40,False
five_level_weak_anharmonic,leakage_penalized_grape,0.03,static_only,0.0,0.0,56,0.9578894794940632,0.0008307710361965537,0.05091071322772278,0.03722884595548285,0.9999965204535696,0.002660754010031672,80,16.10844368697144,0.022294509396665642,40,False
five_level_weak_anharmonic,leakage_penalized_grape,0.03,static_only,0.0,0.0,57,0.888962121911087,0.002750758190888214,0.044535448104112585,0.24223834517157236,0.999997008990127,0.002660754010031672,80,16.10844368697144,0.022294509396665642,40,False
five_level_weak_anharmonic,leakage_penalized_grape,0.03,static_only,0.0,0.0,58,0.9925735108213362,0.0015100515815997806,0.04730560851915355,0.04369068625921282,0.9999974890199834,0.002660754010031672,80,16.10844368697144,0.022294509396665642,40,False
five_level_weak_anharmonic,leakage_penalized_grape,0.03,static_only,0.0,0.0,59,0.9654403885270444,0.0012012979232728371,0.06352313702866264,0.042075570718161565,0.9999962082087672,0.002660754010031672,80,16.10844368697144,0.022294509396665642,40,False
five_level_weak_anharmonic,leakage_penalized_grape,0.03,deph_0.001,0.001,0.0,10,0.9867710003253668,0.001911885234412103,0.046764422223459334,0.07896257676499031,0.9820063663766405,0.002660754010031672,80,16.10844368697144,0.022294509396665642,40,False
five_level_weak_anharmonic,leakage_penalized_grape,0.03,deph_0.001,0.001,0.0,11,0.9183172500754906,0.00339944304120976,0.07075149734401798,0.04973780895591898,0.9839939450541574,0.002660754010031672,80,16.10844368697144,0.022294509396665642,40,False
five_level_weak_anharmonic,leakage_penalized_grape,0.03,deph_0.001,0.001,0.0,12,0.9784987260536732,0.002358513627323977,0.048233550393504854,0.08340380751604523,0.9798352105153322,0.002660754010031672,80,16.10844368697144,0.022294509396665642,40,False
five_level_weak_anharmonic,leakage_penalized_grape,0.03,deph_0.001,0.001,0.0,13,0.9001475083928633,0.0018003549749676662,0.07485071079555294,0.06728731111955245,0.9839145744860301,0.002660754010031672,80,16.10844368697144,0.022294509396665642,40,False
five_level_weak_anharmonic,leakage_penalized_grape,0.03,deph_0.001,0.001,0.0,14,0.9042983364002315,0.001783205813188582,0.06206816538206006,0.053802622143634404,0.9855266489402209,0.002660754010031672,80,16.10844368697144,0.022294509396665642,40,False
five_level_weak_anharmonic,leakage_penalized_grape,0.03,deph_0.001,0.001,0.0,15,0.9777056921069269,0.0036695894006201213,0.05473124034207166,0.10310791283515741,0.9802101554209613,0.002660754010031672,80,16.10844368697144,0.022294509396665642,40,False
five_level_weak_anharmonic,leakage_penalized_grape,0.03,deph_0.001,0.001,0.0,16,0.9789594427893934,0.001968345033301011,0.05805812967260415,0.058308014948468954,0.9823006795327448,0.002660754010031672,80,16.10844368697144,0.022294509396665642,40,False
five_level_weak_anharmonic,leakage_penalized_grape,0.03,deph_0.001,0.001,0.0,17,0.9175227227148937,0.0015806998560274899,0.03562484707422886,0.1932722785249026,0.9801639751492435,0.002660754010031672,80,16.10844368697144,0.022294509396665642,40,False
five_level_weak_anharmonic,leakage_penalized_grape,0.03,deph_0.001,0.001,0.0,18,0.9745038851255484,0.0022940199121673777,0.05278277533360132,0.11348207624587842,0.9815094598040668,0.002660754010031672,80,16.10844368697144,0.022294509396665642,40,False
five_level_weak_anharmonic,leakage_penalized_grape,0.03,deph_0.001,0.001,0.0,19,0.9861957943725156,0.0011396758749535607,0.04692191810772239,0.060348208334112634,0.9810842254041628,0.002660754010031672,80,16.10844368697144,0.022294509396665642,40,False
five_level_weak_anharmonic,leakage_penalized_grape,0.03,deph_0.001,0.001,0.0,20,0.9673042788271512,0.002452248015660574,0.04963778941131369,0.11702942266355189,0.979523966614953,0.002660754010031672,80,16.10844368697144,0.022294509396665642,40,False
five_level_weak_anharmonic,leakage_penalized_grape,0.03,deph_0.001,0.001,0.0,21,0.985925912356107,0.001606111917109021,0.0452999428698766,0.07214016010897124,0.9822747036575763,0.002660754010031672,80,16.10844368697144,0.022294509396665642,40,False
five_level_weak_anharmonic,leakage_penalized_grape,0.03,deph_0.001,0.001,0.0,22,0.973988411347554,0.001557828224943103,0.057031416130494894,0.04335268973429369,0.9834999000402658,0.002660754010031672,80,16.10844368697144,0.022294509396665642,40,False
five_level_weak_anharmonic,leakage_penalized_grape,0.03,deph_0.001,0.001,0.0,23,0.9804261717521919,0.002285728584134006,0.05572076503838841,0.042731135993306545,0.9843094678312462,0.002660754010031672,80,16.10844368697144,0.022294509396665642,40,False
five_level_weak_anharmonic,leakage_penalized_grape,0.03,deph_0.001,0.001,0.0,24,0.986856185854979,0.0019549222435731872,0.04629983581497166,0.05139106134414375,0.9841121475026806,0.002660754010031672,80,16.10844368697144,0.022294509396665642,40,False
five_level_weak_anharmonic,leakage_penalized_grape,0.03,deph_0.001,0.001,0.0,25,0.9721227792662608,0.0025385684809989817,0.060498354139671084,0.047345958821126334,0.9843287683804388,0.002660754010031672,80,16.10844368697144,0.022294509396665642,40,False
five_level_weak_anharmonic,leakage_penalized_grape,0.03,deph_0.001,0.001,0.0,26,0.9872029304509263,0.002756271955328571,0.062005431785776555,0.08022494004545369,0.9822639469150015,0.002660754010031672,80,16.10844368697144,0.022294509396665642,40,False
five_level_weak_anharmonic,leakage_penalized_grape,0.03,deph_0.001,0.001,0.0,27,0.9854771849700593,0.0017443104136098952,0.04798183286207636,0.08876202352846987,0.9821754080657146,0.002660754010031672,80,16.10844368697144,0.022294509396665642,40,False
five_level_weak_anharmonic,leakage_penalized_grape,0.03,deph_0.001,0.001,0.0,28,0.9835545743499943,0.004378750344877558,0.06069013200911266,0.04991251549289489,0.982952908648819,0.002660754010031672,80,16.10844368697144,0.022294509396665642,40,False
five_level_weak_anharmonic,leakage_penalized_grape,0.03,deph_0.001,0.001,0.0,29,0.9848235166374962,0.0036099211897564487,0.04944019804444333,0.07678204617260027,0.9826932535341301,0.002660754010031672,80,16.10844368697144,0.022294509396665642,40,False
five_level_weak_anharmonic,leakage_penalized_grape,0.03,deph_0.001,0.001,0.0,30,0.989234380383035,0.002695541767171017,0.053021640658521774,0.0698133679955727,0.9833330594558761,0.002660754010031672,80,16.10844368697144,0.022294509396665642,40,False
five_level_weak_anharmonic,leakage_penalized_grape,0.03,deph_0.001,0.001,0.0,31,0.9261007008042439,0.0023057855893472423,0.06921165752527947,0.04505201458727387,0.9843499844650295,0.002660754010031672,80,16.10844368697144,0.022294509396665642,40,False
five_level_weak_anharmonic,leakage_penalized_grape,0.03,deph_0.001,0.001,0.0,32,0.9388075506244505,0.0025910091877465735,0.061179445715768166,0.045896806560247035,0.9843034028213254,0.002660754010031672,80,16.10844368697144,0.022294509396665642,40,False
five_level_weak_anharmonic,leakage_penalized_grape,0.03,deph_0.001,0.001,0.0,33,0.9833168217735191,0.0014487600856836202,0.05243522955067825,0.09551983756011721,0.9823030269497697,0.002660754010031672,80,16.10844368697144,0.022294509396665642,40,False
five_level_weak_anharmonic,leakage_penalized_grape,0.03,deph_0.001,0.001,0.0,34,0.9859473392658078,0.0042187312880707095,0.07957638795189503,0.0602894745632854,0.9822924176152296,0.002660754010031672,80,16.10844368697144,0.022294509396665642,40,False
five_level_weak_anharmonic,leakage_penalized_grape,0.03,deph_0.001,0.001,0.0,35,0.9277960947258991,0.0031999999247999122,0.05133214591833879,0.17778831264245104,0.9785565030733728,0.002660754010031672,80,16.10844368697144,0.022294509396665642,40,False
five_level_weak_anharmonic,leakage_penalized_grape,0.03,deph_0.001,0.001,0.0,36,0.9729077250685401,0.003137084388972755,0.0571605075282513,0.0449948860022244,0.9839293326765921,0.002660754010031672,80,16.10844368697144,0.022294509396665642,40,False
five_level_weak_anharmonic,leakage_penalized_grape,0.03,deph_0.001,0.001,0.0,37,0.8362124122581286,0.001593219164921722,0.029592708866949202,0.2833427040057566,0.9785678433098103,0.002660754010031672,80,16.10844368697144,0.022294509396665642,40,False
five_level_weak_anharmonic,leakage_penalized_grape,0.03,deph_0.001,0.001,0.0,38,0.9764673821704015,0.0011527546360259322,0.04682742109178739,0.04403573604967167,0.9849173165835352,0.002660754010031672,80,16.10844368697144,0.022294509396665642,40,False
five_level_weak_anharmonic,leakage_penalized_grape,0.03,deph_0.001,0.001,0.0,39,0.970830242963219,0.002617008055225689,0.05673897230719471,0.055789990395623094,0.9832635944170373,0.002660754010031672,80,16.10844368697144,0.022294509396665642,40,False
five_level_weak_anharmonic,leakage_penalized_grape,0.03,deph_0.001,0.001,0.0,40,0.9837511739871555,0.002461630449932417,0.0519674711349436,0.08556683979808763,0.9819259115899892,0.002660754010031672,80,16.10844368697144,0.022294509396665642,40,False
five_level_weak_anharmonic,leakage_penalized_grape,0.03,deph_0.001,0.001,0.0,41,0.9797892320789395,0.001887093653374139,0.05061140272625231,0.08868661397548357,0.9806010741216458,0.002660754010031672,80,16.10844368697144,0.022294509396665642,40,False
five_level_weak_anharmonic,leakage_penalized_grape,0.03,deph_0.001,0.001,0.0,42,0.9848996161314559,0.0024238396183177136,0.0644717435276696,0.05204455189330888,0.983746223588869,0.002660754010031672,80,16.10844368697144,0.022294509396665642,40,False
five_level_weak_anharmonic,leakage_penalized_grape,0.03,deph_0.001,0.001,0.0,43,0.9742641287044147,0.0021951403324049767,0.052625348180317943,0.04603286564453081,0.9843843466413397,0.002660754010031672,80,16.10844368697144,0.022294509396665642,40,False
five_level_weak_anharmonic,leakage_penalized_grape,0.03,deph_0.001,0.001,0.0,44,0.9565743347483383,0.0018677610480478668,0.05009654846483236,0.0591515282261728,0.98462935123117,0.002660754010031672,80,16.10844368697144,0.022294509396665642,40,False
five_level_weak_anharmonic,leakage_penalized_grape,0.03,deph_0.001,0.001,0.0,45,0.9879302200477112,0.0030582889808695723,0.06682004788182239,0.058836861342754,0.9827789385699505,0.002660754010031672,80,16.10844368697144,0.022294509396665642,40,False
five_level_weak_anharmonic,leakage_penalized_grape,0.03,deph_0.001,0.001,0.0,46,0.9765992326287365,0.001942558784178372,0.051231210108981795,0.04693994308268803,0.9828187068624146,0.002660754010031672,80,16.10844368697144,0.022294509396665642,40,False
five_level_weak_anharmonic,leakage_penalized_grape,0.03,deph_0.001,0.001,0.0,47,0.9666198128941257,0.0020128462767812216,0.041662413031255285,0.11676184001943843,0.9809260237433792,0.002660754010031672,80,16.10844368697144,0.022294509396665642,40,False
five_level_weak_anharmonic,leakage_penalized_grape,0.03,deph_0.001,0.001,0.0,48,0.8849955423423361,0.002251324711665781,0.06035179277792224,0.055050199676282385,0.9834043189520564,0.002660754010031672,80,16.10844368697144,0.022294509396665642,40,False
five_level_weak_anharmonic,leakage_penalized_grape,0.03,deph_0.001,0.001,0.0,49,0.9656105572069599,0.0023216665507753698,0.04703797518773167,0.12127668226966784,0.9812020622648208,0.002660754010031672,80,16.10844368697144,0.022294509396665642,40,False
five_level_weak_anharmonic,leakage_penalized_grape,0.03,deph_0.001,0.001,0.0,50,0.9853061387228464,0.0021295536555916428,0.0515969207835808,0.0898506527092909,0.9819547192770238,0.002660754010031672,80,16.10844368697144,0.022294509396665642,40,False
five_level_weak_anharmonic,leakage_penalized_grape,0.03,deph_0.001,0.001,0.0,51,0.9531326756748942,0.0030242870703985902,0.04931233752986364,0.14848430789892736,0.9798363231535634,0.002660754010031672,80,16.10844368697144,0.022294509396665642,40,False
five_level_weak_anharmonic,leakage_penalized_grape,0.03,deph_0.001,0.001,0.0,52,0.9847125323602196,0.0015066825026525121,0.04833685147533995,0.07578922312593578,0.9813000785927593,0.002660754010031672,80,16.10844368697144,0.022294509396665642,40,False
five_level_weak_anharmonic,leakage_penalized_grape,0.03,deph_0.001,0.001,0.0,53,0.952871484151833,0.002091014073111852,0.06845762732738359,0.04971932455260153,0.9839300252701884,0.002660754010031672,80,16.10844368697144,0.022294509396665642,40,False
five_level_weak_anharmonic,leakage_penalized_grape,0.03,deph_0.001,0.001,0.0,54,0.9579090187350067,0.0023322216896393133,0.07167550940447143,0.044125352678235905,0.9837203142240422,0.002660754010031672,80,16.10844368697144,0.022294509396665642,40,False
five_level_weak_anharmonic,leakage_penalized_grape,0.03,deph_0.001,0.001,0.0,55,0.9509614182097091,0.002592750672478883,0.0677460113698839,0.05393986316078407,0.9842989674020773,0.002660754010031672,80,16.10844368697144,0.022294509396665642,40,False
five_level_weak_anharmonic,leakage_penalized_grape,0.03,deph_0.001,0.001,0.0,56,0.9496794246424471,0.002317429613182931,0.05284989273519081,0.04405848176176927,0.9840637995180168,0.002660754010031672,80,16.10844368697144,0.022294509396665642,40,False
five_level_weak_anharmonic,leakage_penalized_grape,0.03,deph_0.001,0.001,0.0,57,0.882012338853307,0.004542677283569607,0.04588601137249615,0.24582367581363046,0.9775987130026926,0.002660754010031672,80,16.10844368697144,0.022294509396665642,40,False
five_level_weak_anharmonic,leakage_penalized_grape,0.03,deph_0.001,0.001,0.0,58,0.9845045992573518,0.002470437413382043,0.04764091988414787,0.05030925501111566,0.9839851451046052,0.002660754010031672,80,16.10844368697144,0.022294509396665642,40,False
five_level_weak_anharmonic,leakage_penalized_grape,0.03,deph_0.001,0.001,0.0,59,0.956018898361064,0.0025504489153164167,0.06483414966848888,0.05003249263913431,0.982003484854389,0.002660754010031672,80,16.10844368697144,0.022294509396665642,40,False
five_level_weak_anharmonic,leakage_penalized_grape,0.03,relax_0.0005,0.0,0.0005,10,0.9875100807769449,0.0009078601301197864,0.04577900603386542,0.07778875146934212,0.9850174122629466,0.002660754010031672,80,16.10844368697144,0.022294509396665642,40,False
five_level_weak_anharmonic,leakage_penalized_grape,0.03,relax_0.0005,0.0,0.0005,11,0.918683128669525,0.0020631492587162015,0.06972170807842804,0.04852186230203932,0.9805192473502945,0.002660754010031672,80,16.10844368697144,0.022294509396665642,40,False
five_level_weak_anharmonic,leakage_penalized_grape,0.03,relax_0.0005,0.0,0.0005,12,0.9795551027376715,0.0014042743314297557,0.04718058224471955,0.0817143936485605,0.9835197300520355,0.002660754010031672,80,16.10844368697144,0.022294509396665642,40,False
five_level_weak_anharmonic,leakage_penalized_grape,0.03,relax_0.0005,0.0,0.0005,13,0.8985791911917135,8.68538895570925e-05,0.07376923568210836,0.06729251768543293,0.9815028552673853,0.002660754010031672,80,16.10844368697144,0.022294509396665642,40,False
five_level_weak_anharmonic,leakage_penalized_grape,0.03,relax_0.0005,0.0,0.0005,14,0.9029534636967341,0.0005178859383461187,0.06123578680718267,0.05371100302953027,0.9810957004367384,0.002660754010031672,80,16.10844368697144,0.022294509396665642,40,False
five_level_weak_anharmonic,leakage_penalized_grape,0.03,relax_0.0005,0.0,0.0005,15,0.9782393803145628,0.0016509142045022518,0.05387264311622342,0.10241872949192353,0.9822523541499825,0.002660754010031672,80,16.10844368697144,0.022294509396665642,40,False
five_level_weak_anharmonic,leakage_penalized_grape,0.03,relax_0.0005,0.0,0.0005,16,0.9797088183200776,0.0004515624972267762,0.05628116089999713,0.057144736759849935,0.9819421469288748,0.002660754010031672,80,16.10844368697144,0.022294509396665642,40,False
five_level_weak_anharmonic,leakage_penalized_grape,0.03,relax_0.0005,0.0,0.0005,17,0.9174483815014166,0.0003838265733434598,0.03450224283115311,0.19295626854654285,0.9867341141864348,0.002660754010031672,80,16.10844368697144,0.022294509396665642,40,False
five_level_weak_anharmonic,leakage_penalized_grape,0.03,relax_0.0005,0.0,0.0005,18,0.974547915283072,0.0008980670053051476,0.05146490722974262,0.11290334699900516,0.9838682211557293,0.002660754010031672,80,16.10844368697144,0.022294509396665642,40,False
five_level_weak_anharmonic,leakage_penalized_grape,0.03,relax_0.0005,0.0,0.0005,19,0.9870580606259269,0.00014384258513755466,0.04586185860653824,0.058860645288537905,0.9823804438334268,0.002660754010031672,80,16.10844368697144,0.022294509396665642,40,False
five_level_weak_anharmonic,leakage_penalized_grape,0.03,relax_0.0005,0.0,0.0005,20,0.9683526808064361,0.001344697001651185,0.048383918207966836,0.11561595788636513,0.985100481040923,0.002660754010031672,80,16.10844368697144,0.022294509396665642,40,False
five_level_weak_anharmonic,leakage_penalized_grape,0.03,relax_0.0005,0.0,0.0005,21,0.9861538422211992,0.0007448889954893012,0.04489612407065957,0.07112143766834611,0.9832207912756045,0.002660754010031672,80,16.10844368697144,0.022294509396665642,40,False
five_level_weak_anharmonic,leakage_penalized_grape,0.03,relax_0.0005,0.0,0.0005,22,0.9744038933992641,0.0004337290844372843,0.05612339041840653,0.04220838797140625,0.9816964593659678,0.002660754010031672,80,16.10844368697144,0.022294509396665642,40,False
five_level_weak_anharmonic,leakage_penalized_grape,0.03,relax_0.0005,0.0,0.0005,23,0.9802337815852383,0.0011450255198683923,0.05478571727000747,0.04205422278669334,0.9817943233784054,0.002660754010031672,80,16.10844368697144,0.022294509396665642,40,False
five_level_weak_anharmonic,leakage_penalized_grape,0.03,relax_0.0005,0.0,0.0005,24,0.9861238269849478,0.0006113822472296748,0.045195519405290874,0.05117180876101623,0.98138152960046,0.002660754010031672,80,16.10844368697144,0.022294509396665642,40,False
five_level_weak_anharmonic,leakage_penalized_grape,0.03,relax_0.0005,0.0,0.0005,25,0.9714222681602331,0.001177348871132411,0.059604141244083975,0.04696015602275288,0.980503236167027,0.002660754010031672,80,16.10844368697144,0.022294509396665642,40,False
five_level_weak_anharmonic,leakage_penalized_grape,0.03,relax_0.0005,0.0,0.0005,26,0.9873808184996306,0.0012394017239906185,0.06036068611918144,0.0794298059230871,0.9829811057058984,0.002660754010031672,80,16.10844368697144,0.022294509396665642,40,False
five_level_weak_anharmonic,leakage_penalized_grape,0.03,relax_0.0005,0.0,0.0005,27,0.9851304255368236,0.00029766556232191377,0.04682031460439717,0.08840831691477193,0.9830574754305124,0.002660754010031672,80,16.10844368697144,0.022294509396665642,40,False
five_level_weak_anharmonic,leakage_penalized_grape,0.03,relax_0.0005,0.0,0.0005,28,0.9843121509242924,0.0031833234583056313,0.059749031294502486,0.0485730647756365,0.982936880709082,0.002660754010031672,80,16.10844368697144,0.022294509396665642,40,False
five_level_weak_anharmonic,leakage_penalized_grape,0.03,relax_0.0005,0.0,0.0005,29,0.9848708688007608,0.00268438810062821,0.048624068225424866,0.07592920126454182,0.984545885173991,0.002660754010031672,80,16.10844368697144,0.022294509396665642,40,False
five_level_weak_anharmonic,leakage_penalized_grape,0.03,relax_0.0005,0.0,0.0005,30,0.9883635380172269,0.0015974779295019337,0.052516079943461746,0.06944906437213995,0.9823863868709475,0.002660754010031672,80,16.10844368697144,0.022294509396665642,40,False
five_level_weak_anharmonic,leakage_penalized_grape,0.03,relax_0.0005,0.0,0.0005,31,0.9264807262236567,0.0008925208494833248,0.06827323717896538,0.04397332238909844,0.9808967338409028,0.002660754010031672,80,16.10844368697144,0.022294509396665642,40,False
five_level_weak_anharmonic,leakage_penalized_grape,0.03,relax_0.0005,0.0,0.0005,32,0.9386719808602906,0.0013361968390420698,0.06032838622223857,0.045072426855762925,0.9804032046050363,0.002660754010031672,80,16.10844368697144,0.022294509396665642,40,False
five_level_weak_anharmonic,leakage_penalized_grape,0.03,relax_0.0005,0.0,0.0005,33,0.9827779147846838,0.00011956400177726145,0.05118380766882957,0.09520700559707887,0.9834186290790309,0.002660754010031672,80,16.10844368697144,0.022294509396665642,40,False
five_level_weak_anharmonic,leakage_penalized_grape,0.03,relax_0.0005,0.0,0.0005,34,0.9859442071326183,0.002349531224739021,0.07855369851202143,0.05929379663016069,0.981557164261205,0.002660754010031672,80,16.10844368697144,0.022294509396665642,40,False
five_level_weak_anharmonic,leakage_penalized_grape,0.03,relax_0.0005,0.0,0.0005,35,0.9288112726326445,0.0019359992342568022,0.04993471874844102,0.17656874448326076,0.9866497983853307,0.002660754010031672,80,16.10844368697144,0.022294509396665642,40,False
five_level_weak_anharmonic,leakage_penalized_grape,0.03,relax_0.0005,0.0,0.0005,36,0.9728607505142944,0.001921653969057635,0.05611110620065052,0.044188594284069786,0.9815725483520178,0.002660754010031672,80,16.10844368697144,0.022294509396665642,40,False
five_level_weak_anharmonic,leakage_penalized_grape,0.03,relax_0.0005,0.0,0.0005,37,0.8360403273533817,0.00028326591447558336,0.028245491630101482,0.2832862824241717,0.9889056383972687,0.002660754010031672,80,16.10844368697144,0.022294509396665642,40,False
five_level_weak_anharmonic,leakage_penalized_grape,0.03,relax_0.0005,0.0,0.0005,38,0.9749857655965422,0.00014341558848895986,0.046140749241075474,0.04408871855764652,0.9819021123679244,0.002660754010031672,80,16.10844368697144,0.022294509396665642,40,False
five_level_weak_anharmonic,leakage_penalized_grape,0.03,relax_0.0005,0.0,0.0005,39,0.9708149790713262,0.000946002632972287,0.055108022810547275,0.055262837875712574,0.9808266663870364,0.002660754010031672,80,16.10844368697144,0.022294509396665642,40,False
five_level_weak_anharmonic,leakage_penalized_grape,0.03,relax_0.0005,0.0,0.0005,40,0.9840830920854704,0.0011877921447883688,0.05058136948976677,0.08471178273138227,0.983445955533005,0.002660754010031672,80,16.10844368697144,0.022294509396665642,40,False
five_level_weak_anharmonic,leakage_penalized_grape,0.03,relax_0.0005,0.0,0.0005,41,0.9806399399283324,0.0008503231387272381,0.04981180428710619,0.08723230374254518,0.9834272779741637,0.002660754010031672,80,16.10844368697144,0.022294509396665642,40,False
five_level_weak_anharmonic,leakage_penalized_grape,0.03,relax_0.0005,0.0,0.0005,42,0.9848747450589652,0.001067435018648366,0.06307118226964192,0.051209375787867384,0.982695409316963,0.002660754010031672,80,16.10844368697144,0.022294509396665642,40,False
five_level_weak_anharmonic,leakage_penalized_grape,0.03,relax_0.0005,0.0,0.0005,43,0.9736237442571534,0.001018352679320933,0.051737892218696846,0.045657683512325846,0.9809164438160292,0.002660754010031672,80,16.10844368697144,0.022294509396665642,40,False
five_level_weak_anharmonic,leakage_penalized_grape,0.03,relax_0.0005,0.0,0.0005,44,0.9555823363228427,0.0008223476213555792,0.04926675561218774,0.0589154381391019,0.9839864749979577,0.002660754010031672,80,16.10844368697144,0.022294509396665642,40,False
five_level_weak_anharmonic,leakage_penalized_grape,0.03,relax_0.0005,0.0,0.0005,45,0.9880023731485836,0.001309771826325079,0.06636739124555868,0.05814637285194235,0.9823314801860061,0.002660754010031672,80,16.10844368697144,0.022294509396665642,40,False
five_level_weak_anharmonic,leakage_penalized_grape,0.03,relax_0.0005,0.0,0.0005,46,0.9767480198218277,0.0010738246438645183,0.05077955186919636,0.04578323907547808,0.9814984773766366,0.002660754010031672,80,16.10844368697144,0.022294509396665642,40,False
five_level_weak_anharmonic,leakage_penalized_grape,0.03,relax_0.0005,0.0,0.0005,47,0.9670406552050399,0.000970906503088953,0.04118842801329792,0.11586321457429521,0.9844743851855071,0.002660754010031672,80,16.10844368697144,0.022294509396665642,40,False
five_level_weak_anharmonic,leakage_penalized_grape,0.03,relax_0.0005,0.0,0.0005,48,0.8852414235509319,0.001055408123537327,0.05915000190281727,0.05379809987186275,0.979911086646975,0.002660754010031672,80,16.10844368697144,0.022294509396665642,40,False
five_level_weak_anharmonic,leakage_penalized_grape,0.03,relax_0.0005,0.0,0.0005,49,0.9658711189928919,0.001050501221775968,0.04602633455178351,0.12050604798599261,0.9840698810022422,0.002660754010031672,80,16.10844368697144,0.022294509396665642,40,False
five_level_weak_anharmonic,leakage_penalized_grape,0.03,relax_0.0005,0.0,0.0005,50,0.9851784725351678,0.0005196629944090869,0.05001656391679421,0.08941786842491713,0.98272307510377,0.002660754010031672,80,16.10844368697144,0.022294509396665642,40,False
five_level_weak_anharmonic,leakage_penalized_grape,0.03,relax_0.0005,0.0,0.0005,51,0.9537010614772232,0.0016647292527851576,0.04769680116985897,0.1476251633920755,0.9849885802103745,0.002660754010031672,80,16.10844368697144,0.022294509396665642,40,False
five_level_weak_anharmonic,leakage_penalized_grape,0.03,relax_0.0005,0.0,0.0005,52,0.9854191206892006,0.00038343027742415714,0.047306792639941975,0.07458439101038392,0.9830914866124376,0.002660754010031672,80,16.10844368697144,0.022294509396665642,40,False
five_level_weak_anharmonic,leakage_penalized_grape,0.03,relax_0.0005,0.0,0.0005,53,0.9521132868723143,0.00048453535254555646,0.06701704489514992,0.0493723686316324,0.9795730159042058,0.002660754010031672,80,16.10844368697144,0.022294509396665642,40,False
five_level_weak_anharmonic,leakage_penalized_grape,0.03,relax_0.0005,0.0,0.0005,54,0.957557192837852,0.0005743435427941757,0.07072126434835746,0.0435582163673795,0.9801249798189513,0.002660754010031672,80,16.10844368697144,0.022294509396665642,40,False
five_level_weak_anharmonic,leakage_penalized_grape,0.03,relax_0.0005,0.0,0.0005,55,0.9502842654217406,0.001069154767382674,0.06659860463934675,0.05341732726929812,0.9827314340166617,0.002660754010031672,80,16.10844368697144,0.022294509396665642,40,False
five_level_weak_anharmonic,leakage_penalized_grape,0.03,relax_0.0005,0.0,0.0005,56,0.9493492258921113,0.0008377478221022194,0.05104773777059368,0.04364624777523376,0.9802158999513814,0.002660754010031672,80,16.10844368697144,0.022294509396665642,40,False
five_level_weak_anharmonic,leakage_penalized_grape,0.03,relax_0.0005,0.0,0.0005,57,0.8825343967423209,0.0027413142766077314,0.044002230108013296,0.2454088680859122,0.9863218173092969,0.002660754010031672,80,16.10844368697144,0.022294509396665642,40,False
five_level_weak_anharmonic,leakage_penalized_grape,0.03,relax_0.0005,0.0,0.0005,58,0.9841085441284638,0.001495969085595572,0.04710461112580333,0.049728969160013736,0.9820832576502899,0.002660754010031672,80,16.10844368697144,0.022294509396665642,40,False
five_level_weak_anharmonic,leakage_penalized_grape,0.03,relax_0.0005,0.0,0.0005,59,0.9567656386970125,0.0012075749491645693,0.06355263815742185,0.0484917831168258,0.9808974835665879,0.002660754010031672,80,16.10844368697144,0.022294509396665642,40,False
five_level_weak_anharmonic,leakage_penalized_grape,0.03,combined,0.001,0.0005,10,0.9789100208992341,0.0019086007634181446,0.0467572457621962,0.08428454085615011,0.9674780141914447,0.002660754010031672,80,16.10844368697144,0.022294509396665642,40,False
five_level_weak_anharmonic,leakage_penalized_grape,0.03,combined,0.001,0.0005,11,0.9106663332852469,0.0033583543590268716,0.07056318313863352,0.05594409662406792,0.9650736896526358,0.002660754010031672,80,16.10844368697144,0.022294509396665642,40,False
five_level_weak_anharmonic,leakage_penalized_grape,0.03,combined,0.001,0.0005,12,0.9701665785515518,0.0023365445475042046,0.04824703829486798,0.0889137897740896,0.9639431551856441,0.002660754010031672,80,16.10844368697144,0.022294509396665642,40,False
five_level_weak_anharmonic,leakage_penalized_grape,0.03,combined,0.001,0.0005,13,0.891116008038279,0.0017682158455080144,0.07465124513611543,0.07443270770947888,0.9659895085368314,0.002660754010031672,80,16.10844368697144,0.022294509396665642,40,False
five_level_weak_anharmonic,leakage_penalized_grape,0.03,combined,0.001,0.0005,14,0.8961281495753003,0.0017608331856784343,0.06176838387991579,0.060558336918648974,0.9671260626558171,0.002660754010031672,80,16.10844368697144,0.022294509396665642,40,False
five_level_weak_anharmonic,leakage_penalized_grape,0.03,combined,0.001,0.0005,15,0.9693885677884574,0.0036066512450038113,0.054844003798131036,0.10831845090586045,0.9631333921398498,0.002660754010031672,80,16.10844368697144,0.022294509396665642,40,False
five_level_weak_anharmonic,leakage_penalized_grape,0.03,combined,0.001,0.0005,16,0.9706888933154937,0.0019675749882093196,0.0581466771728647,0.06410296170536037,0.9648099514519938,0.002660754010031672,80,16.10844368697144,0.022294509396665642,40,False
five_level_weak_anharmonic,leakage_penalized_grape,0.03,combined,0.001,0.0005,17,0.9105879174181253,0.0015825059494591898,0.03570532833796647,0.19716708650056555,0.967387427624471,0.002660754010031672,80,16.10844368697144,0.022294509396665642,40,False
five_level_weak_anharmonic,leakage_penalized_grape,0.03,combined,0.001,0.0005,18,0.9664539265106875,0.0022947983805448047,0.05280838974597879,0.11853371044981795,0.9659177932933463,0.002660754010031672,80,16.10844368697144,0.022294509396665642,40,False
five_level_weak_anharmonic,leakage_penalized_grape,0.03,combined,0.001,0.0005,19,0.977575388017297,0.00113264496034704,0.046963446754060945,0.06627720440362027,0.9640427734414799,0.002660754010031672,80,16.10844368697144,0.022294509396665642,40,False
five_level_weak_anharmonic,leakage_penalized_grape,0.03,combined,0.001,0.0005,20,0.9595994185612543,0.0024071012533892766,0.04964749977668104,0.12192339157190736,0.9651554556332437,0.002660754010031672,80,16.10844368697144,0.022294509396665642,40,False
five_level_weak_anharmonic,leakage_penalized_grape,0.03,combined,0.001,0.0005,21,0.9776731195753436,0.0015767360639622474,0.04515913423607598,0.07775734347604818,0.9660040300305605,0.002660754010031672,80,16.10844368697144,0.022294509396665642,40,False
five_level_weak_anharmonic,leakage_penalized_grape,0.03,combined,0.001,0.0005,22,0.9657111201834184,0.0015456178202658544,0.056949544787204154,0.049497655652431444,0.9657177895595472,0.002660754010031672,80,16.10844368697144,0.022294509396665642,40,False
five_level_weak_anharmonic,leakage_penalized_grape,0.03,combined,0.001,0.0005,23,0.9720891178266411,0.002259075712110925,0.05556833273332751,0.04885559902212465,0.9666077818011359,0.002660754010031672,80,16.10844368697144,0.022294509396665642,40,False
five_level_weak_anharmonic,leakage_penalized_grape,0.03,combined,0.001,0.0005,24,0.978099925322868,0.0019248819593071786,0.04624062294973519,0.05762398315975353,0.9660287905809049,0.002660754010031672,80,16.10844368697144,0.022294509396665642,40,False
five_level_weak_anharmonic,leakage_penalized_grape,0.03,combined,0.001,0.0005,25,0.9635252821389315,0.002520939399654365,0.0603172249880044,0.05367403487771596,0.965396658099973,0.002660754010031672,80,16.10844368697144,0.022294509396665642,40,False
five_level_weak_anharmonic,leakage_penalized_grape,0.03,combined,0.001,0.0005,26,0.9789420722121506,0.002725018829853987,0.061980674546096015,0.0857383987823166,0.9657913212689327,0.002660754010031672,80,16.10844368697144,0.022294509396665642,40,False
five_level_weak_anharmonic,leakage_penalized_grape,0.03,combined,0.001,0.0005,27,0.9768966413961846,0.0017229422432548658,0.047977852612672844,0.0943941877083829,0.9657922004077467,0.002660754010031672,80,16.10844368697144,0.022294509396665642,40,False
five_level_weak_anharmonic,leakage_penalized_grape,0.03,combined,0.001,0.0005,28,0.9756108797130726,0.00432729641055829,0.06056353504378231,0.05568236555009398,0.9663943216679886,0.002660754010031672,80,16.10844368697144,0.022294509396665642,40,False
five_level_weak_anharmonic,leakage_penalized_grape,0.03,combined,0.001,0.0005,29,0.9768553299288697,0.003545775272092211,0.04926239507103114,0.0822152032831928,0.967702669114264,0.002660754010031672,80,16.10844368697144,0.022294509396665642,40,False
five_level_weak_anharmonic,leakage_penalized_grape,0.03,combined,0.001,0.0005,30,0.9803364024526018,0.002653624021912715,0.052787499032262764,0.07599195901316802,0.9662556473038603,0.002660754010031672,80,16.10844368697144,0.022294509396665642,40,False
five_level_weak_anharmonic,leakage_penalized_grape,0.03,combined,0.001,0.0005,31,0.9185116085335181,0.0022971511916884957,0.06911259101406375,0.05118316169364296,0.9657841537722344,0.002660754010031672,80,16.10844368697144,0.022294509396665642,40,False
five_level_weak_anharmonic,leakage_penalized_grape,0.03,combined,0.001,0.0005,32,0.9307447678433208,0.002553433967740437,0.06103007513945424,0.052222324271929764,0.965258303462821,0.002660754010031672,80,16.10844368697144,0.022294509396665642,40,False
five_level_weak_anharmonic,leakage_penalized_grape,0.03,combined,0.001,0.0005,33,0.974522848439999,0.0014336859648662603,0.05239651364895037,0.10130413941052,0.9662572483619479,0.002660754010031672,80,16.10844368697144,0.022294509396665642,40,False
five_level_weak_anharmonic,leakage_penalized_grape,0.03,combined,0.001,0.0005,34,0.9772691790331101,0.004114384278464889,0.07934929216126463,0.06643419690735797,0.9644758951572134,0.002660754010031672,80,16.10844368697144,0.022294509396665642,40,False
five_level_weak_anharmonic,leakage_penalized_grape,0.03,combined,0.001,0.0005,35,0.9209352154030341,0.003157578800040639,0.05145931225071654,0.1817138058447696,0.9657207387787234,0.002660754010031672,80,16.10844368697144,0.022294509396665642,40,False
five_level_weak_anharmonic,leakage_penalized_grape,0.03,combined,0.001,0.0005,36,0.9647394810042714,0.00309627158077308,0.05700301790420148,0.0509954083688945,0.9660287654235411,0.002660754010031672,80,16.10844368697144,0.022294509396665642,40,False
five_level_weak_anharmonic,leakage_penalized_grape,0.03,combined,0.001,0.0005,37,0.8302031998271375,0.0015905282050706626,0.029695206446244904,0.28642649913776497,0.9679763910619462,0.002660754010031672,80,16.10844368697144,0.022294509396665642,40,False
five_level_weak_anharmonic,leakage_penalized_grape,0.03,combined,0.001,0.0005,38,0.9671168597396441,0.00113471101463114,0.04660082253851372,0.051006254629670726,0.9673165723159102,0.002660754010031672,80,16.10844368697144,0.022294509396665642,40,False
five_level_weak_anharmonic,leakage_penalized_grape,0.03,combined,0.001,0.0005,39,0.9624256451237008,0.002603106730775684,0.05679626939940474,0.06175600987149865,0.9646786573440426,0.002660754010031672,80,16.10844368697144,0.022294509396665642,40,False
five_level_weak_anharmonic,leakage_penalized_grape,0.03,combined,0.001,0.0005,40,0.9756482632433132,0.0024460077491981203,0.05199384054535816,0.09091294316380014,0.9659014909574988,0.002660754010031672,80,16.10844368697144,0.022294509396665642,40,False
five_level_weak_anharmonic,leakage_penalized_grape,0.03,combined,0.001,0.0005,41,0.9715663403725399,0.0018663827400309252,0.05059348070330172,0.09410474077236948,0.9645841987512639,0.002660754010031672,80,16.10844368697144,0.022294509396665642,40,False
five_level_weak_anharmonic,leakage_penalized_grape,0.03,combined,0.001,0.0005,42,0.9765133223640655,0.00238038225059356,0.06429174576054719,0.05814411372772586,0.9669409520789507,0.002660754010031672,80,16.10844368697144,0.022294509396665642,40,False
five_level_weak_anharmonic,leakage_penalized_grape,0.03,combined,0.001,0.0005,43,0.9658158678648942,0.002165425074715177,0.05248191121333723,0.05219357445570608,0.9658408127412477,0.002660754010031672,80,16.10844368697144,0.022294509396665642,40,False
five_level_weak_anharmonic,leakage_penalized_grape,0.03,combined,0.001,0.0005,44,0.9478819838775042,0.0018506940737796906,0.04991207635744144,0.06574985932880455,0.9690480856395295,0.002660754010031672,80,16.10844368697144,0.022294509396665642,40,False
five_level_weak_anharmonic,leakage_penalized_grape,0.03,combined,0.001,0.0005,45,0.9793801623651129,0.002988817353246409,0.06667233952201512,0.06482693827615739,0.9656743837992209,0.002660754010031672,80,16.10844368697144,0.022294509396665642,40,False
five_level_weak_anharmonic,leakage_penalized_grape,0.03,combined,0.001,0.0005,46,0.9679490112345703,0.0019022550664514748,0.0510630954816822,0.05318816049740512,0.9648717481094158,0.002660754010031672,80,16.10844368697144,0.022294509396665642,40,False
five_level_weak_anharmonic,leakage_penalized_grape,0.03,combined,0.001,0.0005,47,0.9588736550275193,0.001990376297026586,0.04157784321115643,0.12161416031208155,0.9659197924737246,0.002660754010031672,80,16.10844368697144,0.022294509396665642,40,False
five_level_weak_anharmonic,leakage_penalized_grape,0.03,combined,0.001,0.0005,48,0.8771552425831975,0.002229119674316382,0.06032162444182121,0.06161943179783257,0.9639276249129999,0.002660754010031672,80,16.10844368697144,0.022294509396665642,40,False
five_level_weak_anharmonic,leakage_penalized_grape,0.03,combined,0.001,0.0005,49,0.9578820363001421,0.0023201768225401542,0.04709003256902278,0.1260696125412098,0.9657918840076739,0.002660754010031672,80,16.10844368697144,0.022294509396665642,40,False
five_level_weak_anharmonic,leakage_penalized_grape,0.03,combined,0.001,0.0005,50,0.9768232604228813,0.0021272576189818038,0.05164738844705585,0.09536320386612618,0.9652518680490421,0.002660754010031672,80,16.10844368697144,0.022294509396665642,40,False
five_level_weak_anharmonic,leakage_penalized_grape,0.03,combined,0.001,0.0005,51,0.9456707400946728,0.0029808309272328914,0.049455696172695296,0.15290772199014513,0.9653645455831456,0.002660754010031672,80,16.10844368697144,0.022294509396665642,40,False
five_level_weak_anharmonic,leakage_penalized_grape,0.03,combined,0.001,0.0005,52,0.9763816921743145,0.0015186654282873802,0.048387098274538465,0.08136153298111304,0.9649381740759473,0.002660754010031672,80,16.10844368697144,0.022294509396665642,40,False
five_level_weak_anharmonic,leakage_penalized_grape,0.03,combined,0.001,0.0005,53,0.9442394251680308,0.0020772979451726403,0.0683213873992714,0.05615362634670475,0.9641322117717622,0.002660754010031672,80,16.10844368697144,0.022294509396665642,40,False
five_level_weak_anharmonic,leakage_penalized_grape,0.03,combined,0.001,0.0005,54,0.9494066541117887,0.0022995291002466667,0.07155325833444837,0.050497057664816256,0.964474847181324,0.002660754010031672,80,16.10844368697144,0.022294509396665642,40,False
five_level_weak_anharmonic,leakage_penalized_grape,0.03,combined,0.001,0.0005,55,0.9423254409873916,0.0025622947370493865,0.06752494092511174,0.060561600881070175,0.9675263721644615,0.002660754010031672,80,16.10844368697144,0.022294509396665642,40,False
five_level_weak_anharmonic,leakage_penalized_grape,0.03,combined,0.001,0.0005,56,0.941280516365575,0.0022866828282764873,0.05294908275165944,0.05038972447144242,0.9648720350478663,0.002660754010031672,80,16.10844368697144,0.022294509396665642,40,False
five_level_weak_anharmonic,leakage_penalized_grape,0.03,combined,0.001,0.0005,57,0.875676755241694,0.004492111573244362,0.046172409599961384,0.2489765310254425,0.9645191616243437,0.002660754010031672,80,16.10844368697144,0.022294509396665642,40,False
five_level_weak_anharmonic,leakage_penalized_grape,0.03,combined,0.001,0.0005,58,0.9761589954203773,0.0024346792583053167,0.04744303636085179,0.05626600748613419,0.9665756302039612,0.002660754010031672,80,16.10844368697144,0.022294509396665642,40,False
five_level_weak_anharmonic,leakage_penalized_grape,0.03,combined,0.001,0.0005,59,0.9475017166161911,0.002528754897013097,0.06484183673593957,0.056346895425596635,0.9635135479389595,0.002660754010031672,80,16.10844368697144,0.022294509396665642,40,False
five_level_weak_anharmonic,adjoint_horizon,0.03,static_only,0.0,0.0,10,0.9518063625296235,0.017592871210185046,0.047853248092532885,0.12712343217821892,0.9999983764935207,0.002020434154426284,80,19.886960650095716,0.17976179590917565,342,False
five_level_weak_anharmonic,adjoint_horizon,0.03,static_only,0.0,0.0,11,0.9411790423783698,0.01712318871572216,0.06596633319827128,0.029370171401696902,0.99999714630474,0.002020434154426284,80,19.886960650095716,0.17976179590917565,342,False
five_level_weak_anharmonic,adjoint_horizon,0.03,static_only,0.0,0.0,12,0.9411428954493133,0.023310802834433986,0.05538383532818214,0.06921775724858004,0.9999981828065462,0.002020434154426284,80,19.886960650095716,0.17976179590917565,342,False
five_level_weak_anharmonic,adjoint_horizon,0.03,static_only,0.0,0.0,13,0.8009635357931298,0.005300768728305316,0.06246014633950869,0.2051170601537829,0.999997529388513,0.002020434154426284,80,19.886960650095716,0.17976179590917565,342,False
five_level_weak_anharmonic,adjoint_horizon,0.03,static_only,0.0,0.0,14,0.8606193518952131,0.01909716254864824,0.06657945703632562,0.13150270068959424,0.9999978178872521,0.002020434154426284,80,19.886960650095716,0.17976179590917565,342,False
five_level_weak_anharmonic,adjoint_horizon,0.03,static_only,0.0,0.0,15,0.9719635687285382,0.027890196474756768,0.06301856802136152,0.06921466060444822,0.9999972149051904,0.002020434154426284,80,19.886960650095716,0.17976179590917565,342,False
five_level_weak_anharmonic,adjoint_horizon,0.03,static_only,0.0,0.0,16,0.9789070108846427,0.017115479537048284,0.05239154768676113,0.033721336286461394,0.9999973090447116,0.002020434154426284,80,19.886960650095716,0.17976179590917565,342,False
five_level_weak_anharmonic,adjoint_horizon,0.03,static_only,0.0,0.0,17,0.9398027193846707,0.005449908546272142,0.04458623745392254,0.1276014161243761,0.9999983341841497,0.002020434154426284,80,19.886960650095716,0.17976179590917565,342,False
five_level_weak_anharmonic,adjoint_horizon,0.03,static_only,0.0,0.0,18,0.9738630422193033,0.007698546829371655,0.04917416408847497,0.09628011903769026,0.999997997666704,0.002020434154426284,80,19.886960650095716,0.17976179590917565,342,False
five_level_weak_anharmonic,adjoint_horizon,0.03,static_only,0.0,0.0,19,0.970275039770317,0.017552693127609098,0.05206993024498141,0.039787912180636355,0.9999981720067779,0.002020434154426284,80,19.886960650095716,0.17976179590917565,342,False
five_level_weak_anharmonic,adjoint_horizon,0.03,static_only,0.0,0.0,20,0.9276272841440194,0.027035719377884293,0.05634871742022218,0.10274386465743135,0.9999983671475076,0.002020434154426284,80,19.886960650095716,0.17976179590917565,342,False
five_level_weak_anharmonic,adjoint_horizon,0.03,static_only,0.0,0.0,21,0.9786616907603617,0.010958044193577043,0.039113788861057985,0.05266456778370897,0.999998403701764,0.002020434154426284,80,19.886960650095716,0.17976179590917565,342,False
five_level_weak_anharmonic,adjoint_horizon,0.03,static_only,0.0,0.0,22,0.9803798231497393,0.016721922877426798,0.05232574871979623,0.036830584600597537,0.9999978211638314,0.002020434154426284,80,19.886960650095716,0.17976179590917565,342,False
five_level_weak_anharmonic,adjoint_horizon,0.03,static_only,0.0,0.0,23,0.9836489304317148,0.010692068728130222,0.046391326066201666,0.04323151185441583,0.9999980686613081,0.002020434154426284,80,19.886960650095716,0.17976179590917565,342,False
five_level_weak_anharmonic,adjoint_horizon,0.03,static_only,0.0,0.0,24,0.9595998386411372,0.017519641893991356,0.06473665529953987,0.049394467759523476,0.9999977936999594,0.002020434154426284,80,19.886960650095716,0.17976179590917565,342,False
five_level_weak_anharmonic,adjoint_horizon,0.03,static_only,0.0,0.0,25,0.9563758390825531,0.018242034142945784,0.07439426015907502,0.04615130543427003,0.9999976471087214,0.002020434154426284,80,19.886960650095716,0.17976179590917565,342,False
five_level_weak_anharmonic,adjoint_horizon,0.03,static_only,0.0,0.0,26,0.9789359248038343,0.014787130170861196,0.0424550513772467,0.07405226550239788,0.9999977027923845,0.002020434154426284,80,19.886960650095716,0.17976179590917565,342,False
five_level_weak_anharmonic,adjoint_horizon,0.03,static_only,0.0,0.0,27,0.9801122307372085,0.003982805227348396,0.04304870519616533,0.07580278213882974,0.9999980825645312,0.002020434154426284,80,19.886960650095716,0.17976179590917565,342,False
five_level_weak_anharmonic,adjoint_horizon,0.03,static_only,0.0,0.0,28,0.9777082407294255,0.02151514948561073,0.06336317569895655,0.04701289969168249,0.9999977538212027,0.002020434154426284,80,19.886960650095716,0.17976179590917565,342,False
five_level_weak_anharmonic,adjoint_horizon,0.03,static_only,0.0,0.0,29,0.9658390404112723,0.011419901628614393,0.04025135476221342,0.09509925069603205,0.9999983241267066,0.002020434154426284,80,19.886960650095716,0.17976179590917565,342,False
five_level_weak_anharmonic,adjoint_horizon,0.03,static_only,0.0,0.0,30,0.9459190279345296,0.020149280544430548,0.06714507782705459,0.09673153717161957,0.9999981322250575,0.002020434154426284,80,19.886960650095716,0.17976179590917565,342,False
five_level_weak_anharmonic,adjoint_horizon,0.03,static_only,0.0,0.0,31,0.9359452504843186,0.017732226603137557,0.07035523705274671,0.039163730453292626,0.9999971769691116,0.002020434154426284,80,19.886960650095716,0.17976179590917565,342,False
five_level_weak_anharmonic,adjoint_horizon,0.03,static_only,0.0,0.0,32,0.949732792986579,0.01571139090402418,0.058658573992335206,0.029356302353095765,0.9999971504398545,0.002020434154426284,80,19.886960650095716,0.17976179590917565,342,False
five_level_weak_anharmonic,adjoint_horizon,0.03,static_only,0.0,0.0,33,0.946155602428356,0.006251785888923278,0.03901164893172315,0.13446205542526718,0.9999982915248697,0.002020434154426284,80,19.886960650095716,0.17976179590917565,342,False
five_level_weak_anharmonic,adjoint_horizon,0.03,static_only,0.0,0.0,34,0.9593119426988204,0.023251144668599233,0.057817309705865405,0.06955390320128056,0.9999975006699997,0.002020434154426284,80,19.886960650095716,0.17976179590917565,342,False
five_level_weak_anharmonic,adjoint_horizon,0.03,static_only,0.0,0.0,35,0.8960648899367539,0.031106911463035125,0.054055183941680296,0.14615948528631476,0.9999980666487442,0.002020434154426284,80,19.886960650095716,0.17976179590917565,342,False
five_level_weak_anharmonic,adjoint_horizon,0.03,static_only,0.0,0.0,36,0.9808646415834023,0.009080907024204943,0.049235725338266034,0.022359353250710264,0.999997604892304,0.002020434154426284,80,19.886960650095716,0.17976179590917565,342,False
five_level_weak_anharmonic,adjoint_horizon,0.03,static_only,0.0,0.0,37,0.8601149961713154,0.006318337334909385,0.05326691546771101,0.2151711167514346,0.9999985229219589,0.002020434154426284,80,19.886960650095716,0.17976179590917565,342,False
five_level_weak_anharmonic,adjoint_horizon,0.03,static_only,0.0,0.0,38,0.9114993009531975,0.009708031696261332,0.04824191035698666,0.13114332353647243,0.9999985507899658,0.002020434154426284,80,19.886960650095716,0.17976179590917565,342,False
five_level_weak_anharmonic,adjoint_horizon,0.03,static_only,0.0,0.0,39,0.971651271759347,0.007255515299251392,0.055881093378805646,0.04043975959693572,0.9999970005545948,0.002020434154426284,80,19.886960650095716,0.17976179590917565,342,False
five_level_weak_anharmonic,adjoint_horizon,0.03,static_only,0.0,0.0,40,0.9796201720689555,0.013737519056435277,0.040133822974473654,0.06586526700105158,0.9999978937828702,0.002020434154426284,80,19.886960650095716,0.17976179590917565,342,False
five_level_weak_anharmonic,adjoint_horizon,0.03,static_only,0.0,0.0,41,0.9626598929858424,0.014161198466140834,0.039560848771055146,0.07001902913700751,0.9999980983201985,0.002020434154426284,80,19.886960650095716,0.17976179590917565,342,False
five_level_weak_anharmonic,adjoint_horizon,0.03,static_only,0.0,0.0,42,0.9651542622472625,0.015283419980954172,0.05042220891042015,0.08546091175392616,0.9999980195622148,0.002020434154426284,80,19.886960650095716,0.17976179590917565,342,False
five_level_weak_anharmonic,adjoint_horizon,0.03,static_only,0.0,0.0,43,0.9699874740240332,0.011197015666066013,0.060447646853826975,0.0287155578145278,0.9999978904729159,0.002020434154426284,80,19.886960650095716,0.17976179590917565,342,False
five_level_weak_anharmonic,adjoint_horizon,0.03,static_only,0.0,0.0,44,0.8852919807202067,0.009349275203541008,0.039936967570003756,0.18426700549044228,0.9999985423245963,0.002020434154426284,80,19.886960650095716,0.17976179590917565,342,False
five_level_weak_anharmonic,adjoint_horizon,0.03,static_only,0.0,0.0,45,0.9659057384734536,0.016312177058694588,0.05295766809124747,0.07197123078514,0.9999976263770295,0.002020434154426284,80,19.886960650095716,0.17976179590917565,342,False
five_level_weak_anharmonic,adjoint_horizon,0.03,static_only,0.0,0.0,46,0.9805579246166815,0.009649035868562805,0.040136348816868894,0.019251135112886838,0.9999980407234701,0.002020434154426284,80,19.886960650095716,0.17976179590917565,342,False
five_level_weak_anharmonic,adjoint_horizon,0.03,static_only,0.0,0.0,47,0.9590535851221447,0.011611269411435865,0.036909196490790386,0.07004500776913125,0.9999982317487686,0.002020434154426284,80,19.886960650095716,0.17976179590917565,342,False
five_level_weak_anharmonic,adjoint_horizon,0.03,static_only,0.0,0.0,48,0.895071685829884,0.015083642742206305,0.06564778346772882,0.04757071243942564,0.9999969108192875,0.002020434154426284,80,19.886960650095716,0.17976179590917565,342,False
five_level_weak_anharmonic,adjoint_horizon,0.03,static_only,0.0,0.0,49,0.9795448136884319,0.010639133143359292,0.04664779490531723,0.05230577572695038,0.9999976796168943,0.002020434154426284,80,19.886960650095716,0.17976179590917565,342,False
five_level_weak_anharmonic,adjoint_horizon,0.03,static_only,0.0,0.0,50,0.9858154111455518,0.005773803978548542,0.051506178030193084,0.06638437187425958,0.9999976620072211,0.002020434154426284,80,19.886960650095716,0.17976179590917565,342,False
five_level_weak_anharmonic,adjoint_horizon,0.03,static_only,0.0,0.0,51,0.9498750963681786,0.015685769090935997,0.0403315148447958,0.10864793728706357,0.9999978575266042,0.002020434154426284,80,19.886960650095716,0.17976179590917565,342,False
five_level_weak_anharmonic,adjoint_horizon,0.03,static_only,0.0,0.0,52,0.9736665214862336,0.016553181981772136,0.04988241526423609,0.04846042605775113,0.9999979265372679,0.002020434154426284,80,19.886960650095716,0.17976179590917565,342,False
five_level_weak_anharmonic,adjoint_horizon,0.03,static_only,0.0,0.0,53,0.935866373727595,0.007092509384155732,0.07039168143410313,0.06422343595618668,0.9999972767965792,0.002020434154426284,80,19.886960650095716,0.17976179590917565,342,False
five_level_weak_anharmonic,adjoint_horizon,0.03,static_only,0.0,0.0,54,0.9374611344404115,0.011443253099284845,0.051987775747932896,0.05747601930258469,0.9999972262282704,0.002020434154426284,80,19.886960650095716,0.17976179590917565,342,False
five_level_weak_anharmonic,adjoint_horizon,0.03,static_only,0.0,0.0,55,0.8916307552693242,0.012070965322166671,0.05632176223543606,0.15047133191405862,0.999997722048708,0.002020434154426284,80,19.886960650095716,0.17976179590917565,342,False
five_level_weak_anharmonic,adjoint_horizon,0.03,static_only,0.0,0.0,56,0.9554141144432745,0.008841129254456903,0.03903760515068244,0.04358767961047067,0.999997493676568,0.002020434154426284,80,19.886960650095716,0.17976179590917565,342,False
five_level_weak_anharmonic,adjoint_horizon,0.03,static_only,0.0,0.0,57,0.9334644949401998,0.016181908941708234,0.07065637686482729,0.14461110712217431,0.999997505223487,0.002020434154426284,80,19.886960650095716,0.17976179590917565,342,False
five_level_weak_anharmonic,adjoint_horizon,0.03,static_only,0.0,0.0,58,0.9868973746481878,0.012003805589379968,0.04752164581794449,0.026287641752896967,0.9999981201568501,0.002020434154426284,80,19.886960650095716,0.17976179590917565,342,False
five_level_weak_anharmonic,adjoint_horizon,0.03,static_only,0.0,0.0,59,0.9456423865221841,0.020935243182453322,0.0656115471508476,0.026247667232007985,0.9999969998649544,0.002020434154426284,80,19.886960650095716,0.17976179590917565,342,False
five_level_weak_anharmonic,adjoint_horizon,0.03,deph_0.001,0.001,0.0,10,0.9447923241401489,0.01913203536324004,0.04914056767723607,0.13115729054256398,0.9832555238769338,0.002020434154426284,80,19.886960650095716,0.17976179590917565,342,False
five_level_weak_anharmonic,adjoint_horizon,0.03,deph_0.001,0.001,0.0,11,0.9346240480434188,0.018925775877080775,0.06776125363768892,0.03495658650813072,0.9876371936628449,0.002020434154426284,80,19.886960650095716,0.17976179590917565,342,False
five_level_weak_anharmonic,adjoint_horizon,0.03,deph_0.001,0.001,0.0,12,0.9351943365935304,0.024335585387084913,0.056464500576304255,0.07377099526622016,0.9846576485518368,0.002020434154426284,80,19.886960650095716,0.17976179590917565,342,False
five_level_weak_anharmonic,adjoint_horizon,0.03,deph_0.001,0.001,0.0,13,0.7955006569426929,0.0074009112602213545,0.06306192976906455,0.20926998052013523,0.9810469332981081,0.002020434154426284,80,19.886960650095716,0.17976179590917565,342,False
five_level_weak_anharmonic,adjoint_horizon,0.03,deph_0.001,0.001,0.0,14,0.855426110341772,0.02007809313269271,0.06701085845012933,0.1363626069064304,0.9841491004190684,0.002020434154426284,80,19.886960650095716,0.17976179590917565,342,False
five_level_weak_anharmonic,adjoint_horizon,0.03,deph_0.001,0.001,0.0,15,0.9647878250872113,0.02982590757266168,0.06229624368622422,0.07364842892494539,0.9831907783718973,0.002020434154426284,80,19.886960650095716,0.17976179590917565,342,False
five_level_weak_anharmonic,adjoint_horizon,0.03,deph_0.001,0.001,0.0,16,0.9717125169699173,0.019098052222653372,0.05466990734031052,0.038915716464463436,0.9863130966213682,0.002020434154426284,80,19.886960650095716,0.17976179590917565,342,False
five_level_weak_anharmonic,adjoint_horizon,0.03,deph_0.001,0.001,0.0,17,0.9328565530515729,0.007548065330435616,0.04393997838809782,0.13234778674134695,0.9831163519692963,0.002020434154426284,80,19.886960650095716,0.17976179590917565,342,False
five_level_weak_anharmonic,adjoint_horizon,0.03,deph_0.001,0.001,0.0,18,0.966069450057943,0.010066990297095457,0.04851934566320237,0.10109684863397794,0.9837264114309401,0.002020434154426284,80,19.886960650095716,0.17976179590917565,342,False
five_level_weak_anharmonic,adjoint_horizon,0.03,deph_0.001,0.001,0.0,19,0.9637890030016558,0.018840425190662424,0.053506935015395385,0.04466981758339668,0.9864639079867764,0.002020434154426284,80,19.886960650095716,0.17976179590917565,342,False
five_level_weak_anharmonic,adjoint_horizon,0.03,deph_0.001,0.001,0.0,20,0.9218717686100449,0.0279686822450943,0.05727177540971118,0.10689324873676632,0.9839190645302346,0.002020434154426284,80,19.886960650095716,0.17976179590917565,342,False
five_level_weak_anharmonic,adjoint_horizon,0.03,deph_0.001,0.001,0.0,21,0.9723586683611709,0.012068791817628655,0.04028106219556005,0.057575078007753765,0.986640536224893,0.002020434154426284,80,19.886960650095716,0.17976179590917565,342,False
five_level_weak_anharmonic,adjoint_horizon,0.03,deph_0.001,0.001,0.0,22,0.9733662997745616,0.018318712481139032,0.054045102815506674,0.041998834863211224,0.9869806225489178,0.002020434154426284,80,19.886960650095716,0.17976179590917565,342,False
five_level_weak_anharmonic,adjoint_horizon,0.03,deph_0.001,0.001,0.0,23,0.9766758927438559,0.012274107852896399,0.048029016531433655,0.04852910544914201,0.9867747814713984,0.002020434154426284,80,19.886960650095716,0.17976179590917565,342,False
five_level_weak_anharmonic,adjoint_horizon,0.03,deph_0.001,0.001,0.0,24,0.9532341620399436,0.018924911131394717,0.0647194838266526,0.05519870911707223,0.9857654036811363,0.002020434154426284,80,19.886960650095716,0.17976179590917565,342,False
five_level_weak_anharmonic,adjoint_horizon,0.03,deph_0.001,0.001,0.0,25,0.949658644594162,0.019811915831686844,0.07432282339452245,0.052128808532248855,0.9860104764387527,0.002020434154426284,80,19.886960650095716,0.17976179590917565,342,False
five_level_weak_anharmonic,adjoint_horizon,0.03,deph_0.001,0.001,0.0,26,0.9715409737512246,0.016601734135475832,0.04483246674380381,0.0790513979812705,0.9845893697120258,0.002020434154426284,80,19.886960650095716,0.17976179590917565,342,False
five_level_weak_anharmonic,adjoint_horizon,0.03,deph_0.001,0.001,0.0,27,0.9724442941559556,0.006135128135321688,0.044253624601488406,0.08119900902362233,0.9846140319941182,0.002020434154426284,80,19.886960650095716,0.17976179590917565,342,False
five_level_weak_anharmonic,adjoint_horizon,0.03,deph_0.001,0.001,0.0,28,0.9707718242289736,0.023004413587852213,0.06486672329612064,0.05222518649833736,0.9861336352213808,0.002020434154426284,80,19.886960650095716,0.17976179590917565,342,False
five_level_weak_anharmonic,adjoint_horizon,0.03,deph_0.001,0.001,0.0,29,0.9592838579093075,0.012643547193094351,0.0416646355493997,0.09959127657385314,0.9850104964291809,0.002020434154426284,80,19.886960650095716,0.17976179590917565,342,False
five_level_weak_anharmonic,adjoint_horizon,0.03,deph_0.001,0.001,0.0,30,0.9394321968218873,0.021183738516908357,0.06659931322522683,0.10233360822508476,0.9840985478536152,0.002020434154426284,80,19.886960650095716,0.17976179590917565,342,False
five_level_weak_anharmonic,adjoint_horizon,0.03,deph_0.001,0.001,0.0,31,0.9298040771934307,0.019345575107411306,0.07197314729589654,0.0444485296034258,0.9874471993611929,0.002020434154426284,80,19.886960650095716,0.17976179590917565,342,False
five_level_weak_anharmonic,adjoint_horizon,0.03,deph_0.001,0.001,0.0,32,0.9431295690285314,0.01756600426018684,0.05921719442650386,0.03502024687129393,0.9874007585372687,0.002020434154426284,80,19.886960650095716,0.17976179590917565,342,False
five_level_weak_anharmonic,adjoint_horizon,0.03,deph_0.001,0.001,0.0,33,0.9387743689262805,0.008236481474636625,0.03946622488927587,0.13896320814320134,0.9831127197773413,0.002020434154426284,80,19.886960650095716,0.17976179590917565,342,False
five_level_weak_anharmonic,adjoint_horizon,0.03,deph_0.001,0.001,0.0,34,0.9527654261072956,0.024407698678890366,0.0595424520246427,0.07481037054021253,0.9846480405859593,0.002020434154426284,80,19.886960650095716,0.17976179590917565,342,False
five_level_weak_anharmonic,adjoint_horizon,0.03,deph_0.001,0.001,0.0,35,0.89058388962218,0.032047170843200745,0.0542773669504395,0.14973085115737353,0.9822507068331989,0.002020434154426284,80,19.886960650095716,0.17976179590917565,342,False
five_level_weak_anharmonic,adjoint_horizon,0.03,deph_0.001,0.001,0.0,36,0.973991699524735,0.010908965095477452,0.05105211246058805,0.02797108486040431,0.9874043987336836,0.002020434154426284,80,19.886960650095716,0.17976179590917565,342,False
five_level_weak_anharmonic,adjoint_horizon,0.03,deph_0.001,0.001,0.0,37,0.8532959029447894,0.008554581324330401,0.05310723043822252,0.21974585654693773,0.9807197283046253,0.002020434154426284,80,19.886960650095716,0.17976179590917565,342,False
five_level_weak_anharmonic,adjoint_horizon,0.03,deph_0.001,0.001,0.0,38,0.9055014865422546,0.010686073048710942,0.04817012258818765,0.13600390668759021,0.9842455951151232,0.002020434154426284,80,19.886960650095716,0.17976179590917565,342,False
five_level_weak_anharmonic,adjoint_horizon,0.03,deph_0.001,0.001,0.0,39,0.9639449997019275,0.010208933206587556,0.0571943405424985,0.045906166671385966,0.985596537045865,0.002020434154426284,80,19.886960650095716,0.17976179590917565,342,False
five_level_weak_anharmonic,adjoint_horizon,0.03,deph_0.001,0.001,0.0,40,0.9723626205380136,0.015689246536527257,0.042214454032334925,0.07067209131568818,0.9851086310000143,0.002020434154426284,80,19.886960650095716,0.17976179590917565,342,False
five_level_weak_anharmonic,adjoint_horizon,0.03,deph_0.001,0.001,0.0,41,0.955804712686485,0.01582978831958881,0.04134202605209614,0.07466306300427701,0.9852627349234255,0.002020434154426284,80,19.886960650095716,0.17976179590917565,342,False
five_level_weak_anharmonic,adjoint_horizon,0.03,deph_0.001,0.001,0.0,42,0.9581040392259913,0.016665260900470047,0.05207791436970788,0.09045184924185064,0.9851732298182703,0.002020434154426284,80,19.886960650095716,0.17976179590917565,342,False
five_level_weak_anharmonic,adjoint_horizon,0.03,deph_0.001,0.001,0.0,43,0.9633888840005932,0.012809584178592348,0.06067596607730241,0.03449542197999107,0.9869971162697737,0.002020434154426284,80,19.886960650095716,0.17976179590917565,342,False
five_level_weak_anharmonic,adjoint_horizon,0.03,deph_0.001,0.001,0.0,44,0.8789383726642158,0.01060109262468234,0.04112982626155437,0.18860482033574275,0.982884379208482,0.002020434154426284,80,19.886960650095716,0.17976179590917565,342,False
five_level_weak_anharmonic,adjoint_horizon,0.03,deph_0.001,0.001,0.0,45,0.9589248346436051,0.018097539630687165,0.05442372132334361,0.07700641903975702,0.9847216560899759,0.002020434154426284,80,19.886960650095716,0.17976179590917565,342,False
five_level_weak_anharmonic,adjoint_horizon,0.03,deph_0.001,0.001,0.0,46,0.9740659155396475,0.011007636771665386,0.04168446308538987,0.02452828624196659,0.987907062495842,0.002020434154426284,80,19.886960650095716,0.17976179590917565,342,False
five_level_weak_anharmonic,adjoint_horizon,0.03,deph_0.001,0.001,0.0,47,0.9529777099325077,0.012887695451739511,0.038258771808943326,0.07498164738431437,0.9858252077672859,0.002020434154426284,80,19.886960650095716,0.17976179590917565,342,False
five_level_weak_anharmonic,adjoint_horizon,0.03,deph_0.001,0.001,0.0,48,0.8894460879094144,0.01677941525221427,0.06757770870688562,0.05274424742085112,0.9877431982367865,0.002020434154426284,80,19.886960650095716,0.17976179590917565,342,False
five_level_weak_anharmonic,adjoint_horizon,0.03,deph_0.001,0.001,0.0,49,0.9725218847004308,0.01267872478412102,0.04757651095020732,0.05763365347135938,0.9855917278961496,0.002020434154426284,80,19.886960650095716,0.17976179590917565,342,False
five_level_weak_anharmonic,adjoint_horizon,0.03,deph_0.001,0.001,0.0,50,0.9778897653325594,0.008308855464144949,0.0509065165252055,0.07178340217442578,0.9842387065549799,0.002020434154426284,80,19.886960650095716,0.17976179590917565,342,False
five_level_weak_anharmonic,adjoint_horizon,0.03,deph_0.001,0.001,0.0,51,0.9429581164921245,0.017604453933664943,0.04018908154154022,0.11282437260350055,0.9835804425138904,0.002020434154426284,80,19.886960650095716,0.17976179590917565,342,False
five_level_weak_anharmonic,adjoint_horizon,0.03,deph_0.001,0.001,0.0,52,0.966902760870052,0.018237860025163144,0.051025730893399346,0.05323210001217657,0.9860169662708441,0.002020434154426284,80,19.886960650095716,0.17976179590917565,342,False
five_level_weak_anharmonic,adjoint_horizon,0.03,deph_0.001,0.001,0.0,53,0.9288512400887184,0.009422286142006686,0.0711959252425508,0.06969758668129206,0.9850592620431409,0.002020434154426284,80,19.886960650095716,0.17976179590917565,342,False
five_level_weak_anharmonic,adjoint_horizon,0.03,deph_0.001,0.001,0.0,54,0.9311050110723775,0.01332270266297031,0.054539275100195295,0.06252324780276551,0.9856451800344969,0.002020434154426284,80,19.886960650095716,0.17976179590917565,342,False
five_level_weak_anharmonic,adjoint_horizon,0.03,deph_0.001,0.001,0.0,55,0.884976294309491,0.013742579273725797,0.05718938947959251,0.15536568926974548,0.9827711848913564,0.002020434154426284,80,19.886960650095716,0.17976179590917565,342,False
five_level_weak_anharmonic,adjoint_horizon,0.03,deph_0.001,0.001,0.0,56,0.9487129146571462,0.010932551139402391,0.04190775640161448,0.048442975567389655,0.9862889674589893,0.002020434154426284,80,19.886960650095716,0.17976179590917565,342,False
five_level_weak_anharmonic,adjoint_horizon,0.03,deph_0.001,0.001,0.0,57,0.9260092282076533,0.018753696733185055,0.0694647882265208,0.14863922985882208,0.9807908244094513,0.002020434154426284,80,19.886960650095716,0.17976179590917565,342,False
five_level_weak_anharmonic,adjoint_horizon,0.03,deph_0.001,0.001,0.0,58,0.9805771386650675,0.01306452974837824,0.048271835262609364,0.03187358749124497,0.987484732328574,0.002020434154426284,80,19.886960650095716,0.17976179590917565,342,False
five_level_weak_anharmonic,adjoint_horizon,0.03,deph_0.001,0.001,0.0,59,0.9394607762433669,0.022388686561946036,0.06711510175786106,0.03154839260559909,0.9870971190015031,0.002020434154426284,80,19.886960650095716,0.17976179590917565,342,False
five_level_weak_anharmonic,adjoint_horizon,0.03,relax_0.0005,0.0,0.0005,10,0.9429561556924548,0.01754850863819346,0.04781639834619367,0.13362793189511546,0.9858413403297057,0.002020434154426284,80,19.886960650095716,0.17976179590917565,342,False
five_level_weak_anharmonic,adjoint_horizon,0.03,relax_0.0005,0.0,0.0005,11,0.9325424278024693,0.017158454723232408,0.06610274331556254,0.036663800022613706,0.978482584286935,0.002020434154426284,80,19.886960650095716,0.17976179590917565,342,False
five_level_weak_anharmonic,adjoint_horizon,0.03,relax_0.0005,0.0,0.0005,12,0.9317398999683566,0.022862828092382825,0.05512818666164998,0.07625204150813455,0.9817144305996208,0.002020434154426284,80,19.886960650095716,0.17976179590917565,342,False
five_level_weak_anharmonic,adjoint_horizon,0.03,relax_0.0005,0.0,0.0005,13,0.7929950111803595,0.005519244422712899,0.06205819010598568,0.21200218949504168,0.9863474581110379,0.002020434154426284,80,19.886960650095716,0.17976179590917565,342,False
five_level_weak_anharmonic,adjoint_horizon,0.03,relax_0.0005,0.0,0.0005,14,0.8528414210224532,0.01893458610321974,0.06627836413755583,0.138712721939026,0.9836842518753096,0.002020434154426284,80,19.886960650095716,0.17976179590917565,342,False
five_level_weak_anharmonic,adjoint_horizon,0.03,relax_0.0005,0.0,0.0005,15,0.9626051310178548,0.027414891256032026,0.062249237212717023,0.0761489051379234,0.9804951365928956,0.002020434154426284,80,19.886960650095716,0.17976179590917565,342,False
five_level_weak_anharmonic,adjoint_horizon,0.03,relax_0.0005,0.0,0.0005,16,0.9694514192656362,0.017070079434778895,0.05255543640864446,0.04108386880996778,0.9798233802254335,0.002020434154426284,80,19.886960650095716,0.17976179590917565,342,False
five_level_weak_anharmonic,adjoint_horizon,0.03,relax_0.0005,0.0,0.0005,17,0.9300915430010013,0.005613988069827269,0.04369752534514282,0.13453799878350536,0.9846177002723862,0.002020434154426284,80,19.886960650095716,0.17976179590917565,342,False
five_level_weak_anharmonic,adjoint_horizon,0.03,relax_0.0005,0.0,0.0005,18,0.9639063587082276,0.007926508457046011,0.048258747335219176,0.10341435408374403,0.9832952294504079,0.002020434154426284,80,19.886960650095716,0.17976179590917565,342,False
five_level_weak_anharmonic,adjoint_horizon,0.03,relax_0.0005,0.0,0.0005,19,0.9603324670324526,0.017358983093551994,0.05201837444893709,0.047289958928258574,0.9801538559429671,0.002020434154426284,80,19.886960650095716,0.17976179590917565,342,False
five_level_weak_anharmonic,adjoint_horizon,0.03,relax_0.0005,0.0,0.0005,20,0.9186399948757193,0.026543144056022983,0.05609854365262579,0.10947142999639982,0.9834473804575229,0.002020434154426284,80,19.886960650095716,0.17976179590917565,342,False
five_level_weak_anharmonic,adjoint_horizon,0.03,relax_0.0005,0.0,0.0005,21,0.9688638028252702,0.01099993785740816,0.039266090710923685,0.06013015563832475,0.9817640296009971,0.002020434154426284,80,19.886960650095716,0.17976179590917565,342,False
five_level_weak_anharmonic,adjoint_horizon,0.03,relax_0.0005,0.0,0.0005,22,0.9709082559879879,0.016751632077617207,0.0524856155358826,0.044362861588489046,0.9803775279615813,0.002020434154426284,80,19.886960650095716,0.17976179590917565,342,False
five_level_weak_anharmonic,adjoint_horizon,0.03,relax_0.0005,0.0,0.0005,23,0.9741994632566109,0.01079945325144449,0.04657844694723656,0.050792529755515334,0.9812173864818259,0.002020434154426284,80,19.886960650095716,0.17976179590917565,342,False
five_level_weak_anharmonic,adjoint_horizon,0.03,relax_0.0005,0.0,0.0005,24,0.9501745248843755,0.017352213973327313,0.06411132340284831,0.05735841619988003,0.9807128174697324,0.002020434154426284,80,19.886960650095716,0.17976179590917565,342,False
five_level_weak_anharmonic,adjoint_horizon,0.03,relax_0.0005,0.0,0.0005,25,0.9470445391800818,0.01816859129376447,0.07373801130284308,0.05409212120442188,0.9804752448683712,0.002020434154426284,80,19.886960650095716,0.17976179590917565,342,False
five_level_weak_anharmonic,adjoint_horizon,0.03,relax_0.0005,0.0,0.0005,26,0.9693535770142436,0.014773102607509525,0.04277964218838459,0.08133218058234963,0.9825926192548152,0.002020434154426284,80,19.886960650095716,0.17976179590917565,342,False
five_level_weak_anharmonic,adjoint_horizon,0.03,relax_0.0005,0.0,0.0005,27,0.969933578650169,0.004175696926334349,0.04292914687384308,0.08349745195806677,0.9825050094817852,0.002020434154426284,80,19.886960650095716,0.17976179590917565,342,False
five_level_weak_anharmonic,adjoint_horizon,0.03,relax_0.0005,0.0,0.0005,28,0.9686027510960676,0.021372303986544217,0.06334458296179135,0.054198547812183175,0.9818225362308216,0.002020434154426284,80,19.886960650095716,0.17976179590917565,342,False
five_level_weak_anharmonic,adjoint_horizon,0.03,relax_0.0005,0.0,0.0005,29,0.9565742239699696,0.011399859908739263,0.04033940043741269,0.10209582408379463,0.9845648856387966,0.002020434154426284,80,19.886960650095716,0.17976179590917565,342,False
five_level_weak_anharmonic,adjoint_horizon,0.03,relax_0.0005,0.0,0.0005,30,0.9362353145502583,0.019915943560577687,0.06638500100572087,0.10460583707740945,0.9837464836816836,0.002020434154426284,80,19.886960650095716,0.17976179590917565,342,False
five_level_weak_anharmonic,adjoint_horizon,0.03,relax_0.0005,0.0,0.0005,31,0.9277254982002368,0.017708014389043014,0.07041096274423575,0.04628864309196027,0.9790632114519288,0.002020434154426284,80,19.886960650095716,0.17976179590917565,342,False
five_level_weak_anharmonic,adjoint_horizon,0.03,relax_0.0005,0.0,0.0005,32,0.9407933600089124,0.015786136631459002,0.05837581110359158,0.03690360515956935,0.9786217869712646,0.002020434154426284,80,19.886960650095716,0.17976179590917565,342,False
five_level_weak_anharmonic,adjoint_horizon,0.03,relax_0.0005,0.0,0.0005,33,0.9362021076151643,0.006425312459362065,0.038259161047395684,0.14172729873970352,0.9849650401897851,0.002020434154426284,80,19.886960650095716,0.17976179590917565,342,False
five_level_weak_anharmonic,adjoint_horizon,0.03,relax_0.0005,0.0,0.0005,34,0.9501974197393951,0.022895838773852595,0.05783710154205535,0.07709869806934391,0.9818805100159118,0.002020434154426284,80,19.886960650095716,0.17976179590917565,342,False
five_level_weak_anharmonic,adjoint_horizon,0.03,relax_0.0005,0.0,0.0005,35,0.8875800275747756,0.030532909583900203,0.05362982150440532,0.1523118559741205,0.9846687766698752,0.002020434154426284,80,19.886960650095716,0.17976179590917565,342,False
five_level_weak_anharmonic,adjoint_horizon,0.03,relax_0.0005,0.0,0.0005,36,0.9715106211481972,0.009224958960609708,0.0494549177319078,0.029907805422009288,0.9796100132504424,0.002020434154426284,80,19.886960650095716,0.17976179590917565,342,False
five_level_weak_anharmonic,adjoint_horizon,0.03,relax_0.0005,0.0,0.0005,37,0.8510059578760395,0.006409329013249199,0.05249037845337834,0.2215708424957627,0.9873503193179908,0.002020434154426284,80,19.886960650095716,0.17976179590917565,342,False
five_level_weak_anharmonic,adjoint_horizon,0.03,relax_0.0005,0.0,0.0005,38,0.9021828700521259,0.009661403829160031,0.04776451233770751,0.13882415183020821,0.9846302183584004,0.002020434154426284,80,19.886960650095716,0.17976179590917565,342,False
five_level_weak_anharmonic,adjoint_horizon,0.03,relax_0.0005,0.0,0.0005,39,0.9622048755754806,0.007585990967917122,0.055717514646165034,0.047835929430147986,0.9794473006798604,0.002020434154426284,80,19.886960650095716,0.17976179590917565,342,False
five_level_weak_anharmonic,adjoint_horizon,0.03,relax_0.0005,0.0,0.0005,40,0.9699399835832883,0.013816181427588003,0.04035843160854791,0.07306689368198442,0.982141942979895,0.002020434154426284,80,19.886960650095716,0.17976179590917565,342,False
five_level_weak_anharmonic,adjoint_horizon,0.03,relax_0.0005,0.0,0.0005,41,0.9527883966722057,0.014204098965903689,0.03972826880194602,0.07722613152187743,0.9817752825742018,0.002020434154426284,80,19.886960650095716,0.17976179590917565,342,False
five_level_weak_anharmonic,adjoint_horizon,0.03,relax_0.0005,0.0,0.0005,42,0.9559495125893347,0.015255073698308808,0.05054495805150938,0.0928226184217137,0.9836855048321348,0.002020434154426284,80,19.886960650095716,0.17976179590917565,342,False
five_level_weak_anharmonic,adjoint_horizon,0.03,relax_0.0005,0.0,0.0005,43,0.9606518895021144,0.011235452584566263,0.05999654106446917,0.03649508911700278,0.9795280116441023,0.002020434154426284,80,19.886960650095716,0.17976179590917565,342,False
five_level_weak_anharmonic,adjoint_horizon,0.03,relax_0.0005,0.0,0.0005,44,0.8768042056566154,0.009435737039525938,0.04002006651629331,0.19110562111550966,0.987941629644519,0.002020434154426284,80,19.886960650095716,0.17976179590917565,342,False
five_level_weak_anharmonic,adjoint_horizon,0.03,relax_0.0005,0.0,0.0005,45,0.9567096993733266,0.01621170411918149,0.05261325990525978,0.0793213861546511,0.9823434451089043,0.002020434154426284,80,19.886960650095716,0.17976179590917565,342,False
five_level_weak_anharmonic,adjoint_horizon,0.03,relax_0.0005,0.0,0.0005,46,0.9705817328321873,0.009725977259445684,0.04034358461988097,0.02696912907143577,0.9792392603631177,0.002020434154426284,80,19.886960650095716,0.17976179590917565,342,False
five_level_weak_anharmonic,adjoint_horizon,0.03,relax_0.0005,0.0,0.0005,47,0.9494936226098162,0.011666256836059485,0.037113370202488394,0.07725343688765139,0.9824884550871269,0.002020434154426284,80,19.886960650095716,0.17976179590917565,342,False
five_level_weak_anharmonic,adjoint_horizon,0.03,relax_0.0005,0.0,0.0005,48,0.8866186925063314,0.015054505946629382,0.06573921044036046,0.05465441611238201,0.9774358637401449,0.002020434154426284,80,19.886960650095716,0.17976179590917565,342,False
five_level_weak_anharmonic,adjoint_horizon,0.03,relax_0.0005,0.0,0.0005,49,0.9695945033311236,0.010829488511338026,0.046529765149074476,0.05974417509237164,0.9811444193916828,0.002020434154426284,80,19.886960650095716,0.17976179590917565,342,False
five_level_weak_anharmonic,adjoint_horizon,0.03,relax_0.0005,0.0,0.0005,50,0.9756757558546226,0.0060260688142484975,0.050528953730697546,0.07395814979954549,0.9817360137410652,0.002020434154426284,80,19.886960650095716,0.17976179590917565,342,False
five_level_weak_anharmonic,adjoint_horizon,0.03,relax_0.0005,0.0,0.0005,51,0.9403506406438462,0.015645950109900886,0.039394644722217764,0.11540326652465926,0.9831467919525424,0.002020434154426284,80,19.886960650095716,0.17976179590917565,342,False
five_level_weak_anharmonic,adjoint_horizon,0.03,relax_0.0005,0.0,0.0005,52,0.9638310354520712,0.016526220143439074,0.04980092272501202,0.05579042876003089,0.9807743928086301,0.002020434154426284,80,19.886960650095716,0.17976179590917565,342,False
five_level_weak_anharmonic,adjoint_horizon,0.03,relax_0.0005,0.0,0.0005,53,0.926702535928622,0.0073288650417319134,0.06999245423697664,0.0717962285959997,0.9799796838967829,0.002020434154426284,80,19.886960650095716,0.17976179590917565,342,False
five_level_weak_anharmonic,adjoint_horizon,0.03,relax_0.0005,0.0,0.0005,54,0.9288657502505858,0.011464755819084349,0.05230322455638636,0.0647378708237659,0.9797672701307663,0.002020434154426284,80,19.886960650095716,0.17976179590917565,342,False
five_level_weak_anharmonic,adjoint_horizon,0.03,relax_0.0005,0.0,0.0005,55,0.8831035449972094,0.012179538418632507,0.05602608878719506,0.1575800009610391,0.9861820726146089,0.002020434154426284,80,19.886960650095716,0.17976179590917565,342,False
five_level_weak_anharmonic,adjoint_horizon,0.03,relax_0.0005,0.0,0.0005,56,0.9465149212800938,0.008926073554738179,0.03944770782920903,0.05080998105180534,0.979041343677584,0.002020434154426284,80,19.886960650095716,0.17976179590917565,342,False
five_level_weak_anharmonic,adjoint_horizon,0.03,relax_0.0005,0.0,0.0005,57,0.9238821879424157,0.016108583201887128,0.06926250865096162,0.1509519638757066,0.9830613467654025,0.002020434154426284,80,19.886960650095716,0.17976179590917565,342,False
five_level_weak_anharmonic,adjoint_horizon,0.03,relax_0.0005,0.0,0.0005,58,0.9773644620919013,0.011967199434536724,0.04747793193112404,0.03403952494840698,0.9804906452040824,0.002020434154426284,80,19.886960650095716,0.17976179590917565,342,False
five_level_weak_anharmonic,adjoint_horizon,0.03,relax_0.0005,0.0,0.0005,59,0.9363301130500278,0.020722217378949637,0.0655481985029327,0.03371109132407994,0.9780959190089735,0.002020434154426284,80,19.886960650095716,0.17976179590917565,342,False
five_level_weak_anharmonic,adjoint_horizon,0.03,combined,0.001,0.0005,10,0.9360437673706464,0.019033767672701818,0.04913588697914972,0.13762563355505597,0.9694445006910641,0.002020434154426284,80,19.886960650095716,0.17976179590917565,342,False
five_level_weak_anharmonic,adjoint_horizon,0.03,combined,0.001,0.0005,11,0.9261003763115296,0.018902099973988395,0.06786324579712977,0.04218170592289962,0.9665806489302458,0.002020434154426284,80,19.886960650095716,0.17976179590917565,342,False
five_level_weak_anharmonic,adjoint_horizon,0.03,combined,0.001,0.0005,12,0.9258878016643509,0.02385285785315694,0.05628780657327881,0.08075786389481815,0.966831975173434,0.002020434154426284,80,19.886960650095716,0.17976179590917565,342,False
five_level_weak_anharmonic,adjoint_horizon,0.03,combined,0.001,0.0005,13,0.7876403161695908,0.007549018374006122,0.06264552508837995,0.21609429532119992,0.9678580246094632,0.002020434154426284,80,19.886960650095716,0.17976179590917565,342,False
five_level_weak_anharmonic,adjoint_horizon,0.03,combined,0.001,0.0005,14,0.8477274270353585,0.01988103393270768,0.06669875783441681,0.14350338232877868,0.9682563819214062,0.002020434154426284,80,19.886960650095716,0.17976179590917565,342,False
five_level_weak_anharmonic,adjoint_horizon,0.03,combined,0.001,0.0005,15,0.9555503534733348,0.0292857565641077,0.06154032906435358,0.08054259445830488,0.9643273085640433,0.002020434154426284,80,19.886960650095716,0.17976179590917565,342,False
five_level_weak_anharmonic,adjoint_horizon,0.03,combined,0.001,0.0005,16,0.9623810543120386,0.018987709925182727,0.054793009973673534,0.04622071383454426,0.9666038441458007,0.002020434154426284,80,19.886960650095716,0.17976179590917565,342,False
five_level_weak_anharmonic,adjoint_horizon,0.03,combined,0.001,0.0005,17,0.9232664664030819,0.007644617001635101,0.04310452191020453,0.1392273908319134,0.9682256648741643,0.002020434154426284,80,19.886960650095716,0.17976179590917565,342,False
five_level_weak_anharmonic,adjoint_horizon,0.03,combined,0.001,0.0005,18,0.9562491541356201,0.010217167536094474,0.04762792808276295,0.10817987614601442,0.9675102725317587,0.002020434154426284,80,19.886960650095716,0.17976179590917565,342,False
five_level_weak_anharmonic,adjoint_horizon,0.03,combined,0.001,0.0005,19,0.953956438700722,0.018600821916336496,0.053427610683853155,0.05211842097251095,0.9670445108809964,0.002020434154426284,80,19.886960650095716,0.17976179590917565,342,False
five_level_weak_anharmonic,adjoint_horizon,0.03,combined,0.001,0.0005,20,0.9129671267544903,0.027446541427071702,0.057008528664003855,0.11358273161112034,0.9677850231417772,0.002020434154426284,80,19.886960650095716,0.17976179590917565,342,False
five_level_weak_anharmonic,adjoint_horizon,0.03,combined,0.001,0.0005,21,0.9626548263411167,0.012074578513382339,0.0404119842058428,0.06498552238255666,0.9687569481022303,0.002020434154426284,80,19.886960650095716,0.17976179590917565,342,False
five_level_weak_anharmonic,adjoint_horizon,0.03,combined,0.001,0.0005,22,0.9640088726973421,0.01829208297969165,0.054170061676574566,0.04947220747425347,0.9677503199393633,0.002020434154426284,80,19.886960650095716,0.17976179590917565,342,False
five_level_weak_anharmonic,adjoint_horizon,0.03,combined,0.001,0.0005,23,0.9673378587495569,0.01232796783017065,0.04818437433967315,0.05602666807866119,0.9683857515105192,0.002020434154426284,80,19.886960650095716,0.17976179590917565,342,False
five_level_weak_anharmonic,adjoint_horizon,0.03,combined,0.001,0.0005,24,0.9439145264360286,0.018709547810135563,0.06409510245492567,0.0630797114386372,0.9669703703685384,0.002020434154426284,80,19.886960650095716,0.17976179590917565,342,False
five_level_weak_anharmonic,adjoint_horizon,0.03,combined,0.001,0.0005,25,0.9404406137138488,0.019686228376163406,0.07366855849605491,0.05998694658879081,0.966965733751429,0.002020434154426284,80,19.886960650095716,0.17976179590917565,342,False
five_level_weak_anharmonic,adjoint_horizon,0.03,combined,0.001,0.0005,26,0.9620763453850177,0.016529514548252022,0.04511287790668228,0.08627820581570461,0.9676414959179974,0.002020434154426284,80,19.886960650095716,0.17976179590917565,342,False
five_level_weak_anharmonic,adjoint_horizon,0.03,combined,0.001,0.0005,27,0.9624007618541706,0.006258059888806788,0.044109937129680254,0.08882576894243226,0.967600842830899,0.002020434154426284,80,19.886960650095716,0.17976179590917565,342,False
five_level_weak_anharmonic,adjoint_horizon,0.03,combined,0.001,0.0005,28,0.9617713034837229,0.02281347619543972,0.06482308437570539,0.059354931953997034,0.968338961384438,0.002020434154426284,80,19.886960650095716,0.17976179590917565,342,False
five_level_weak_anharmonic,adjoint_horizon,0.03,combined,0.001,0.0005,29,0.9501138338280471,0.012583079662561558,0.04172963529709184,0.10654020715146034,0.969921705807315,0.002020434154426284,80,19.886960650095716,0.17976179590917565,342,False
five_level_weak_anharmonic,adjoint_horizon,0.03,combined,0.001,0.0005,30,0.9298499609083175,0.02091572011687859,0.06585255074918206,0.11012797667135851,0.9682949411563436,0.002020434154426284,80,19.886960650095716,0.17976179590917565,342,False
five_level_weak_anharmonic,adjoint_horizon,0.03,combined,0.001,0.0005,31,0.9216797367369841,0.01926855206613065,0.07199775406017572,0.0515128107514279,0.9669624421890095,0.002020434154426284,80,19.886960650095716,0.17976179590917565,342,False
five_level_weak_anharmonic,adjoint_horizon,0.03,combined,0.001,0.0005,32,0.9343064273689596,0.017578239868454193,0.05892433518547269,0.04249221442993863,0.9664975227797363,0.002020434154426284,80,19.886960650095716,0.17976179590917565,342,False
five_level_weak_anharmonic,adjoint_horizon,0.03,combined,0.001,0.0005,33,0.9289464122122418,0.008344383858718829,0.03938452997998754,0.14617859599689598,0.9685314270206054,0.002020434154426284,80,19.886960650095716,0.17976179590917565,342,False
five_level_weak_anharmonic,adjoint_horizon,0.03,combined,0.001,0.0005,34,0.9437422853322466,0.024019127014552444,0.05953389344590598,0.0822924317736221,0.9670179867838826,0.002020434154426284,80,19.886960650095716,0.17976179590917565,342,False
five_level_weak_anharmonic,adjoint_horizon,0.03,combined,0.001,0.0005,35,0.8821734624751417,0.03144367014374527,0.053899110026851105,0.15585884883954962,0.9673993866296904,0.002020434154426284,80,19.886960650095716,0.17976179590917565,342,False
five_level_weak_anharmonic,adjoint_horizon,0.03,combined,0.001,0.0005,36,0.9647532884485789,0.010993949362508748,0.05123812284874507,0.03545040339215225,0.9674508382261784,0.002020434154426284,80,19.886960650095716,0.17976179590917565,342,False
five_level_weak_anharmonic,adjoint_horizon,0.03,combined,0.001,0.0005,37,0.844314786932957,0.008573272393231357,0.05233709450001167,0.2260842244852599,0.9686085752248503,0.002020434154426284,80,19.886960650095716,0.17976179590917565,342,False
five_level_weak_anharmonic,adjoint_horizon,0.03,combined,0.001,0.0005,38,0.896280245602708,0.010605111125180477,0.047695629657455774,0.1436165790002958,0.9692724013476842,0.002020434154426284,80,19.886960650095716,0.17976179590917565,342,False
five_level_weak_anharmonic,adjoint_horizon,0.03,combined,0.001,0.0005,39,0.9546470005632073,0.010440643796294724,0.05700431275607998,0.05323385240115479,0.9655928073267587,0.002020434154426284,80,19.886960650095716,0.17976179590917565,342,False
five_level_weak_anharmonic,adjoint_horizon,0.03,combined,0.001,0.0005,40,0.9628054765587662,0.015701962082384502,0.042401938677557816,0.07782309318020089,0.9676990721027409,0.002020434154426284,80,19.886960650095716,0.17976179590917565,342,False
five_level_weak_anharmonic,adjoint_horizon,0.03,combined,0.001,0.0005,41,0.9460506554303436,0.01581519241508389,0.04147657396091198,0.08182200800069318,0.96745077553606,0.002020434154426284,80,19.886960650095716,0.17976179590917565,342,False
five_level_weak_anharmonic,adjoint_horizon,0.03,combined,0.001,0.0005,42,0.9490035334745673,0.016591277172313124,0.05217013898970646,0.0977569055570395,0.9692194635877796,0.002020434154426284,80,19.886960650095716,0.17976179590917565,342,False
five_level_weak_anharmonic,adjoint_horizon,0.03,combined,0.001,0.0005,43,0.9541646905119092,0.012794051456843536,0.060221556658877184,0.0421984931963519,0.9670027475829923,0.002020434154426284,80,19.886960650095716,0.17976179590917565,342,False
five_level_weak_anharmonic,adjoint_horizon,0.03,combined,0.001,0.0005,44,0.8705486005285885,0.010643175567870533,0.04118946534418977,0.1953868330662561,0.9711517302502957,0.002020434154426284,80,19.886960650095716,0.17976179590917565,342,False
five_level_weak_anharmonic,adjoint_horizon,0.03,combined,0.001,0.0005,45,0.9498360778996514,0.017940778265384205,0.05451109519887187,0.0842998176490658,0.9675218098721505,0.002020434154426284,80,19.886960650095716,0.17976179590917565,342,False
five_level_weak_anharmonic,adjoint_horizon,0.03,combined,0.001,0.0005,46,0.9642013139582231,0.01103783000510472,0.04186147634290038,0.03218305668639449,0.9675522915214925,0.002020434154426284,80,19.886960650095716,0.17976179590917565,342,False
five_level_weak_anharmonic,adjoint_horizon,0.03,combined,0.001,0.0005,47,0.9435107550159645,0.012903300805791162,0.038439281338452425,0.08213293183398948,0.9686862993703418,0.002020434154426284,80,19.886960650095716,0.17976179590917565,342,False
five_level_weak_anharmonic,adjoint_horizon,0.03,combined,0.001,0.0005,48,0.8811034373885362,0.016691823937143413,0.06762994251010834,0.05976005692971615,0.9656880052986242,0.002020434154426284,80,19.886960650095716,0.17976179590917565,342,False
five_level_weak_anharmonic,adjoint_horizon,0.03,combined,0.001,0.0005,49,0.9626933428484649,0.012804367976531394,0.047440862945662854,0.06500868451291622,0.9672041202270956,0.002020434154426284,80,19.886960650095716,0.17976179590917565,342,False
five_level_weak_anharmonic,adjoint_horizon,0.03,combined,0.001,0.0005,50,0.9678927636058688,0.008479872044310777,0.05073677721313952,0.07929262965509346,0.9665143628513263,0.002020434154426284,80,19.886960650095716,0.17976179590917565,342,False
five_level_weak_anharmonic,adjoint_horizon,0.03,combined,0.001,0.0005,51,0.9335493429629109,0.01750229597725761,0.03947812547229712,0.11954254965581988,0.9672048515993342,0.002020434154426284,80,19.886960650095716,0.17976179590917565,342,False
five_level_weak_anharmonic,adjoint_horizon,0.03,combined,0.001,0.0005,52,0.9571834970574534,0.01815222600044597,0.050925145381846004,0.06051351886218622,0.9672319950910294,0.002020434154426284,80,19.886960650095716,0.17976179590917565,342,False
five_level_weak_anharmonic,adjoint_horizon,0.03,combined,0.001,0.0005,53,0.9198163299968573,0.009583166352990724,0.07077742777357587,0.0771999107180255,0.9656009671964785,0.002020434154426284,80,19.886960650095716,0.17976179590917565,342,False
five_level_weak_anharmonic,adjoint_horizon,0.03,combined,0.001,0.0005,54,0.9226139954282014,0.01328311489183609,0.054804035440543464,0.06972560778689896,0.9659590698433632,0.002020434154426284,80,19.886960650095716,0.17976179590917565,342,False
five_level_weak_anharmonic,adjoint_horizon,0.03,combined,0.001,0.0005,55,0.8765556282175901,0.01379691944006145,0.057214941443315404,0.16241111805053873,0.9693396163988646,0.002020434154426284,80,19.886960650095716,0.17976179590917565,342,False
five_level_weak_anharmonic,adjoint_horizon,0.03,combined,0.001,0.0005,56,0.9399338595981392,0.010943738504448408,0.04225742550243239,0.0556081618127244,0.9658667244874186,0.002020434154426284,80,19.886960650095716,0.17976179590917565,342,False
five_level_weak_anharmonic,adjoint_horizon,0.03,combined,0.001,0.0005,57,0.916555667116867,0.018602598944743254,0.06810901961722404,0.15495150921321516,0.9645246999914908,0.002020434154426284,80,19.886960650095716,0.17976179590917565,342,False
five_level_weak_anharmonic,adjoint_horizon,0.03,combined,0.001,0.0005,58,0.9711392317624924,0.012993597336275697,0.04821539270175079,0.03955455977326407,0.9683702157780951,0.002020434154426284,80,19.886960650095716,0.17976179590917565,342,False
five_level_weak_anharmonic,adjoint_horizon,0.03,combined,0.001,0.0005,59,0.9302582882289173,0.022128388241782204,0.06702532801069006,0.03894920128616804,0.9657003984923839,0.002020434154426284,80,19.886960650095716,0.17976179590917565,342,False
